v -39.88999503654029 0.05523691946370857 97.75
v -39.5331825633026 -3.450413865658244 97.75
v -39.63819114835866 -0.02293530800222739 94.68692583354536
v -39.3568 -2.74996 94.75
v -39.3568 2.74996 94.75
v -39.19208056067599 -2.343697829096626 92.26104599257633
v -39.41871577053432 4.539677698803803 97.75
v -39.1567 -4.65416 94.75
v -39.1567 4.65416 94.75
v -39.04401174840272 -8.066022954887952 97.70157513161578
v -39.024 8.29481 97.75
v -38.8693 -7.38829 94.75
v -38.8693 7.38829 94.75
v -38.7795 -8.24283 94.75
v -38.7795 8.24283 94.75
v -38.7231 6.04644 91.3032
v -38.70903767408421 0.02244126878417241 83.53735149996766
v -38.7025 -8.226459999999999 93.8052
v -38.7025 8.226459999999999 93.8052
v -38.69013901336871 -2.637967183494601 86.60855946438419
v -38.6727 -5.04606 89.4363
v -38.6727 5.04606 89.4363
v -38.456 -8.17408 90.78189999999999
v -38.456 8.17408 90.78189999999999
v -38.4526 0 80.4311
v -38.4429 -1.33806 82.00279999999999
v -38.4429 1.33806 82.00279999999999
v -38.415372689756 5.155452759508059 86.48656872452399
v -38.3966 -7.74461 89.5277
v -38.3966 7.74461 89.5277
v -38.2156 -2.05504e-15 77.58759999999999
v -38.1906 -1.31619 78.9474
v -38.1906 1.31619 78.9474
v -37.35253923387057 -12.63535143320569 94.75344948409897
v -38.1635 -2.74197 80.4203
v -38.1635 2.74197 80.4203
v -38.11530824543643 5.278227971862231 83.04048661007559
v -37.99718890498895 -8.364040178065165 86.22500530626827
v -38.01755456511474 8.277759280302687 86.13696733269481
v -37.9729 0 74.6743
v -37.9462 -1.4016 76.1221
v -37.9462 1.4016 76.1221
v -37.9222 -2.66485 77.42700000000001
v -37.9222 2.66485 77.42700000000001
v -37.895 -4.09083 78.90000000000001
v -37.895 4.09083 78.90000000000001
v -37.86973172594056 -0.2308838978246732 97.75
v -37.85650024418124 6.116977101025777 80.99288867859222
v -37.94462790430173 -9.913653995102088 91.99982784213167
v -37.82480122072607 -7.781210672764487 82.71195261993314
v -37.8199 8.038869999999999 82.9781
v -37.6469 -2.9586 74.4941
v -37.6311 0 94.5934
v -37.5074 -10.4393 88.34229999999999
v -37.5074 10.4393 88.34229999999999
v -37.44492661632398 5.081172384008785 74.74806077196851
v -37.3671 -2.63622 94.75
v -37.3671 2.63622 94.75
v -37.2919 4.8054 72.56310000000001
v -37.11467890107494 -2.687610919712795 91.78401305235484
v -37.43982161759239 4.321115872105496 97.75
v -37.1609 -11.9077 89.84050000000001
v -37.19132522407268 -7.626505224041406 74.9146478670297
v -37.06971192593185 8.057247982150686 74.43731700623221
v -37.1243 -12.0624 89.9983
v -37.1243 12.0624 89.9983
v -37.113 -5.05318 94.75
v -37.113 5.05318 94.75
v -37.0787 -2.08135e-15 63.9442
v -37.0659 -7.8786 97.75
v -37.0659 7.8786 97.75
v -37.063 -12.209 89.84050000000001
v -37.063 12.209 89.84050000000001
v -37.0436 -4.83441 69.62090000000001
v -37.0436 4.83441 69.62090000000001
v -37.66226171075041 12.48583478980645 97.75
v -36.9254 -11.8292 86.84529999999999
v -36.9254 11.8292 86.84529999999999
v -36.8917 -7.84158 71.5911
v -36.8917 7.84158 71.5911
v -36.8632 -11.9776 86.6855
v -36.8632 11.9776 86.6855
v -36.8263 -12.1341 86.84529999999999
v -36.8263 12.1341 86.84529999999999
v -36.82096073932548 -7.810460072765312 94.72249584755873
v -36.82096073932548 7.810460072765301 94.72249584755875
v -36.8221 -2.06732e-15 60.8655
v -36.8125 -1.33754 62.4365
v -36.8125 1.33754 62.4365
v -36.79642932180375 -3.56224484878499 65.04963747614757
v -36.7949 -11.9554 89.8682
v -36.7949 11.9554 89.8682
v -36.79224188493942 4.14330743645167 65.73209755827941
v -36.7708 0 60.25
v -36.7677 -7.53196 69.7123
v -36.7677 7.53196 69.7123
v -36.81607625783845 5.503544357922419 91.75194112497279
v -36.7456 -2.06266e-15 83.9592
v -36.7249456732151 -2.815338413743484 87.26513267523171
v -36.7134 -0.546007 60.25
v -36.7134 0.546007 60.25
v -36.7105 -4.79113 89.5852
v -36.7105 4.79113 89.5852
v -36.6417 13.9943 91.6627
v -36.5717 -7.77356 91.6832
v -36.5717 7.77356 91.6832
v -36.5551 -11.8775 86.87350000000001
v -36.5551 11.8775 86.87350000000001
v -36.5208 0 57.25
v -36.4895 -2.95996 60.6078
v -36.4895 2.95996 60.6078
v -36.4892 -2.04863e-15 80.88079999999999
v -36.4802 -13.6008 88.34229999999999
v -36.47825951325533 13.61813785419358 88.38458960729277
v -36.4795 -1.33743 82.4517
v -36.4795 1.33743 82.4517
v -36.4651124126372 -3.310329902832741 84.76898355143265
v -36.468 4.09106 61.7764
v -36.457997708278 4.282743420762399 85.91117199045983
v -36.4467 -16.2271 97.75
v -36.356948581771 16.38255036089131 97.75
v -36.4346 -7.48848 89.67659999999999
v -36.4346 7.48848 89.67659999999999
v -36.33335383757848 -8.013680343007836 65.82529750181709
v -36.33887616327537 7.990280672702046 65.80142397725527
v -36.2183 -16.1254 94.75
v -36.2183 16.1254 94.75
v -36.2051 -1.94692e-15 77.4687
v -36.1998 -5.43322 60.25
v -36.1998 5.43322 60.25
v -36.175 -1.57932 79.1003
v -36.175 1.57932 79.1003
v -36.1569 -7.68539 62.5764
v -36.13284058410075 7.787336810338928 62.68041340744408
v -36.1478 -3.00446 80.57259999999999
v -36.1478 3.00446 80.57259999999999
v -36.1463 -16.0934 93.8052
v -36.1463 16.0934 93.8052
v -36.18123186023394 3.23144599391685 57.25
v -36.17784689581795 -3.26286063933767 57.25
v -36.11543800286513 4.70083020228429 82.32517347307311
v -36.0589 7.66456 85.387
v -35.9673 -7.64509 60.25
v -35.9673 7.64509 60.25
v -35.9626 0 74.5569
v -35.9359 -1.40094 76.0039
v -35.9359 1.40094 76.0039
v -35.9162 -15.9909 90.78189999999999
v -35.9162 15.9909 90.78189999999999
v -35.9068 -2.92735 77.5806
v -35.9068 2.92735 77.5806
v -35.8795 -4.35269 79.05289999999999
v -35.8795 4.35269 79.05289999999999
v -35.82165018147959 -7.385164465980713 82.18534676489968
v -35.81868728369849 7.540521560483945 82.34582595838998
v -35.7886 -16.8695 94.75
v -35.7886 16.8695 94.75
v -35.7228 -7.59311 57.25
v -35.72799854562732 7.54365096404918 57.25
v -35.7054 -10.6745 68.54000000000001
v -35.7054 10.6745 68.54000000000001
v -35.59872992190105 -3.15532939407048 74.16958365079195
v -35.6157 -16.3035 89.5277
v -35.6157 16.3035 89.5277
v -35.5999 -11.5671 70.6572
v -35.5999 11.5671 70.6572
v -35.40718309166644 -16.02877578166563 85.69153589506168
v -35.57737778272012 15.75684300949413 86.02122529997554
v -35.5406 4.76736 75.5063
v -34.8044042344527 -19.07153665091108 97.75
v -35.337 -10.7226 88.50700000000001
v -35.337 10.7226 88.50700000000001
v -35.3233 4.58847 72.6711
v -35.40437144695709 -15.52992099527726 83.18961451912807
v -35.33384229060658 15.69835732518602 83.00828891294981
v -35.2931 -11.4674 90.7831
v -35.2931 11.4674 90.7831
v -35.27396157522072 -11.4266655779262 66.39351895107487
v -35.2664 11.4587 66.42619999999999
v -35.2546 -7.4936 75.51260000000001
v -35.2546 7.4936 75.51260000000001
v -35.1606 -12.3512 68.54000000000001
v -35.1606 12.3512 68.54000000000001
v -35.1162 0 64.3921
v -35.0827 -4.57963 69.7698
v -35.0827 4.57963 69.7698
v -35.0086 7.4413 72.4919
v -34.9349 -11.351 86.2345
v -34.9349 11.351 86.2345
v -34.8908 -12.0958 88.50700000000001
v -34.8908 12.0958 88.50700000000001
v -34.77767502440255 -18.0910761479515 91.55481634097495
v -34.86 -1.95716e-15 61.3149
v -34.8502 -1.33691 62.8852
v -34.8502 1.33691 62.8852
v -34.8069 -7.27599 69.86109999999999
v -34.8069 7.27599 69.86109999999999
v -34.7713 0 60.25
v -34.56915421851776 -15.69492131771164 74.91997371291316
v -34.7113368733196 15.33255973985437 74.50057913781178
v -34.672 -0.944598 60.25
v -34.672 0.944598 60.25
v -34.6179 -15.4129 97.75
v -34.6179 15.4129 97.75
v -34.50475909113018 0.1592787341405123 57.25
v -34.4751 -3.22228 60.76
v -34.4751 3.22228 60.76
v -34.19983758564877 -18.2821222635508 86.67000771285514
v -34.4552 -15.3405 71.5911
v -34.4552 15.3405 71.5911
v -34.4141 -19.2504 94.75
v -34.4141 19.2504 94.75
v -34.44849932239854 -7.255347014642233 64.92954785987122
v -34.40051629471619 7.132066911767711 64.79921488687519
v -34.37961179410465 -15.32400028220814 94.72250061439419
v -34.2528 -18.6489 89.4363
v -34.2528 18.6489 89.4363
v -34.1883 -5.5469 60.25
v -34.1883 5.5469 60.25
v -34.1729 -15.518 69.7123
v -34.1729 15.518 69.7123
v -34.1563 -15.2074 91.6832
v -34.1563 15.2074 91.6832
v -34.1556 -7.25999 62.0195
v -34.1556 7.25999 62.0195
v -34.17344111256681 -3.318275670280091 57.25872315462254
v -34.0114 -7.22936 60.25
v -34.0114 7.22936 60.25
v -34.07387787345371 -14.94654375084077 65.74610434235329
v -33.8778 -15.3574 89.67659999999999
v -33.8778 15.3574 89.67659999999999
v -33.7946 10.9805 71.75709999999999
v -33.7689 -15.0349 62.5764
v -33.7689 15.0349 62.5764
v -33.70373329057282 -7.372436945236373 57.25
v -33.7671 7.17742 57.25
v -32.97505185951947 -18.258279257248 97.75
v -33.50568549113242 -15.32226398602439 85.01123673363918
v -33.6774 14.9941 85.387
v -33.5918 -14.956 60.25
v -33.5918 14.956 60.25
v -33.5588 -10.9039 68.76260000000001
v -33.5588 10.9039 68.76260000000001
v -33.5496 -10.9009 68.6468
v -33.5496 10.9009 68.6468
v -33.4567 -20.9086 94.75
v -33.4567 20.9086 94.75
v -33.29314904325017 -15.12092914368255 82.13474088778035
v -33.37831692913397 14.99886890023264 82.28845576728106
v -33.3634 -14.8544 57.25
v -33.3634 14.8544 57.25
v -33.32622689634057 -10.78888648385656 65.66292871968413
v -33.3141 10.8244 65.6562
v -32.93447081001916 -17.36929874794338 91.95817189269098
v -33.0623 -18.9646 78.90000000000001
v -33.0623 18.9646 78.90000000000001
v -32.9953 -17.7264 94.75
v -32.9953 17.7264 94.75
v -32.9943 -18.032 72.56310000000001
v -32.95051198159558 21.42653149284651 92.58540495547774
v -32.83673606072921 -14.85378288206379 75.74886156306229
v -32.94085080782024 14.59763520571618 75.44924616262202
v -32.8105 -17.8626 69.62090000000001
v -32.8105 17.8626 69.62090000000001
v -31.66692404940207 -18.44759837307348 85.21373329610074
v -32.84387021249617 20.61802201536999 86.59309277147716
v -32.58965132010975 -14.78996789730087 72.77967291155007
v -32.6964 14.5574 72.4919
v -32.86274578690826 20.15825182169847 84.01619288315408
v -32.5156 -17.7018 89.5852
v -32.5156 17.7018 89.5852
v -32.4866 -20.2136 80.4203
v -32.4866 20.2136 80.4203
v -32.4798 -16.8821 60.25
v -32.4798 16.8821 60.25
v -32.4361 -14.5726 69.86109999999999
v -32.46058284581942 14.58592685538788 69.85900243697724
v -31.90206492670431 -18.69150460897313 65.12899155536199
v -32.18939463774078 -23.54682529419404 97.75
v -32.2764 23.4502 97.75
v -32.246 -20.1342 77.42700000000001
v -32.246 20.1342 77.42700000000001
v -32.05650064596585 -14.40169956303459 64.86021436355067
v -32.07227348951498 14.37909063560009 64.88868934756921
v -32.0715 -23.3013 94.7109
v -32.0715 23.3013 94.7109
v -31.9094 19.122 67.80249999999999
v -31.8998 -14.2027 62.0195
v -31.8998 14.2027 62.0195
v -31.8875 -21.5137 82.00279999999999
v -31.8875 21.5137 82.00279999999999
v -31.47126505639955 19.29352572012945 64.25945915871669
v -31.7801 -19.8311 94.75
v -31.7801 19.8311 94.75
v -31.7651 -14.1428 60.25
v -31.7651 14.1428 60.25
v -31.6705 -21.3831 78.9474
v -31.65100220860455 21.41103717256622 78.91220873806805
v -31.5856 -17.5681 79.05289999999999
v -31.5856 17.5681 79.05289999999999
v -31.61863539310305 -13.78954939637307 57.25
v -31.5369 14.0411 57.25
v -31.523 -21.1703 76.1221
v -31.523 21.1703 76.1221
v -31.4573 18.1558 57.25
v -31.4521 -18.165 57.25
v -31.3164 -22.7527 83.511
v -31.3164 22.7527 83.511
v -31.2064747657084 -17.19483462883611 72.83489873791513
v -31.2605 -19.0534 60.6078
v -31.2605 19.0534 60.6078
v -31.1088 -22.6019 80.4311
v -31.1088 22.6019 80.4311
v -31.0743 -16.9161 69.7698
v -31.0743 16.9161 69.7698
v -31.0102 -18.8165 80.57259999999999
v -31.0102 18.8165 80.57259999999999
v -30.9193 -15.6078 60.25
v -30.9193 15.6078 60.25
v -30.9171 -22.4626 77.58759999999999
v -30.92620438654258 22.44427226415762 77.57216017474509
v -30.7698 -18.7372 77.5806
v -30.7698 18.7372 77.5806
v -30.7207 -22.3199 74.6743
v -30.70811818233445 22.33398278993198 74.67518521118819
v -30.6569 -22.2735 97.75
v -30.6569 22.2735 97.75
v -31.34214284831468 -16.10152739600163 67.65295310948628
v -30.5681 -20.5557 62.4365
v -30.5681 20.5557 62.4365
v -31.32991842557039 16.93165923242741 72.53648685535386
v -30.4442 -22.119 94.5934
v -30.4442 22.119 94.5934
v -30.3145 -23.6787 82.00279999999999
v -30.3145 23.6787 82.00279999999999
v -30.2986 -20.3601 82.4517
v -30.2986 20.3601 82.4517
v -30.2239 -25.3581 94.75
v -30.2239 25.3581 94.75
v -29.59331519183797 18.98621074978838 66.78098624878864
v -30.1945 -19.9854 79.1003
v -30.1945 19.9854 79.1003
v -30.1232 -23.5127 78.9474
v -30.1232 23.5127 78.9474
v -30.2284466457493 17.74017016395088 65.31605921322847
v -30.0227 -21.1379 60.25
v -30.0227 21.1379 60.25
v -29.9973 -21.7943 63.9442
v -29.9973 21.7943 63.9442
v -29.8962 -19.9892 76.0039
v -29.8962 19.9892 76.0039
v -29.8753 -23.4381 76.1221
v -29.8753 23.4381 76.1221
v -29.7897 -21.6435 60.8655
v -29.7897 21.6435 60.8655
v -29.7849 -17.6571 60.76
v -29.7849 17.6571 60.76
v -29.7482 -21.6134 60.25
v -29.7482 21.6134 60.25
v -29.70737745645543 -17.20997206417328 57.25
v -29.7278 -21.5985 83.9592
v -29.7278 21.5985 83.9592
v -29.6645317006134 17.28419183236021 57.25
v -29.32409650682808 -25.02141096885274 83.96247210278284
v -29.546 -21.4664 57.25
v -29.546 21.4664 57.25
v -29.5204 -21.4478 80.88079999999999
v -29.5204 21.4478 80.88079999999999
v -29.5079 -23.5496 97.75
v -29.3809 -22.0214 60.25
v -29.3809 22.0214 60.25
v -29.2906 -21.2808 77.4687
v -29.2906 21.2808 77.4687
v -29.2632 -24.6502 80.4203
v -29.2632 24.6502 80.4203
v -29.1133 -24.446 77.42700000000001
v -29.1133 24.446 77.42700000000001
v -29.0944 -21.1383 74.5569
v -29.0944 21.1383 74.5569
v -28.9957 -22.7199 62.4365
v -28.9957 22.7199 62.4365
v -28.9802 -19.4029 62.8852
v -28.9802 19.4029 62.8852
v -28.9428 -26.781 94.75
v -28.9428 26.781 94.75
v -28.7264 -22.5241 82.4517
v -28.7264 22.5241 82.4517
v -28.7179 -24.5218 74.4941
v -28.6811 -24.0966 94.75
v -28.6811 24.0966 94.75
v -28.6055 -19.6155 60.25
v -28.6055 19.6155 60.25
v -28.73641989222424 -24.17794599004389 71.88383900972981
v -28.4096 -20.6408 64.3921
v -28.4096 20.6408 64.3921
v -28.3379 -22.5408 79.1003
v -28.3379 22.5408 79.1003
v -28.3208 -26.8136 89.4363
v -28.3208 26.8136 89.4363
v -28.2532 -25.5837 78.90000000000001
v -28.2532 25.5837 78.90000000000001
v -28.2493 -22.256 76.0039
v -28.2493 22.256 76.0039
v -28.2023 -20.4902 61.3149
v -28.2023 20.4902 61.3149
v -28.1306 -20.438 60.25
v -28.1306 20.438 60.25
v -26.84531344161309 -25.0739009107677 86.17333354225241
v -28.355714075266 -24.01968996245982 67.19126806797969
v -27.9285 -20.2912 57.25
v -27.96793353275145 20.23099462165933 57.29888737971233
v -29.13561137671429 26.93835462407478 97.75
v -27.67775676887452 27.95004633945249 92.84549579681686
v -27.7808 -23.8427 60.6078
v -27.7808 23.8427 60.6078
v -27.86537929858432 -24.25234527004987 64.67309590201157
v -29.13205947913765 25.28630448954566 84.3793845703469
v -27.495 -21.1439 60.25
v -27.495 21.1439 60.25
v -27.4782 -23.6778 80.57259999999999
v -27.4782 23.6778 80.57259999999999
v -27.4086 -21.566 62.8852
v -27.4086 21.566 62.8852
v -27.3973 26.0318 74.8436
v -27.3452 25.8073 72.56310000000001
v -27.3285 -23.4737 77.5806
v -27.3285 23.4737 77.5806
v -26.27590212027273 -24.10405470390101 73.22786882746186
v -27.72904616696343 24.43705095326129 64.94272437574108
v -27.1273 -25.6848 69.62090000000001
v -27.1273 25.6848 69.62090000000001
v -27.1032 -28.824 94.75
v -27.1032 28.824 94.75
v -27.0986 24.7451 61.7764
v -27.0549 -25.9026 94.75
v -27.0549 25.9026 94.75
v -27.28588869202976 23.97645344603069 57.25
v -27.30533079985714 -23.95497153551189 57.25
v -26.8833 -25.454 89.5852
v -26.8833 25.454 89.5852
v -26.74576669025515 -29.59257274323777 97.75
v -26.6955 29.6484 97.75
v -26.6504003197429 -23.0149487454108 67.78824334696327
v -26.5282 -29.4626 94.75
v -26.5282 29.4626 94.75
v -26.5114 -28.8345 89.5277
v -26.5114 28.8345 89.5277
v -27.80301350749969 25.44302624233921 97.75
v -26.4756 -29.4041 93.8052
v -26.4756 29.4041 93.8052
v -26.4687 -24.6109 79.05289999999999
v -26.4687 24.6109 79.05289999999999
v -26.307 -29.2169 90.78189999999999
v -26.307 29.2169 90.78189999999999
v -26.21012138542101 -23.1905678863836 65.25630812514564
v -26.8873030030208 25.01696138928519 86.09022472437874
v -26.0927 -25.6733 60.25
v -26.0927 25.6733 60.25
v -26.08488222648628 -28.85070910011419 85.8339318077121
v -26.07597331036248 28.86091508985487 85.83643798636957
v -25.9969 -22.8708 60.76
v -25.9969 22.8708 60.76
v -25.8789177749142 24.47580717820676 72.66943689487304
v -25.77846970978814 -28.81393814540803 83.10038348790944
v -25.8992925486293 28.69723538725627 82.93101880181607
v -25.61333329548128 23.99943666692478 66.43698701192629
v -25.6906 -24.3261 69.7698
v -25.6906 24.3261 69.7698
v -25.49187371548054 -28.13568210837375 74.74336908614438
v -25.4054 28.2156 74.61320000000001
v -25.21560136025148 -28.26270428095176 97.75
v -25.356 28.1607 97.75
v -25.3185 -27.705 69.7123
v -25.3185 27.705 69.7123
v -25.2369 -28.0284 71.5911
v -25.2369 28.0284 71.5911
v -25.19794147323562 -27.96161058183547 94.72248966940535
v -25.19794147323562 27.96161058183547 94.72248966940535
v -25.0746 -27.474 89.67659999999999
v -25.0746 27.474 89.67659999999999
v -25.018 -27.7853 91.6832
v -25.018 27.7853 91.6832
v -25.02106932022255 -27.49312926165089 65.33474930571303
v -24.79391487256441 27.74477134805532 65.68126197663589
v -24.7342 -27.4701 62.5764
v -24.7342 27.4701 62.5764
v -24.7524863264004 -27.28280117243279 85.24093009967197
v -24.57489432054538 27.46815900144353 85.4406793583496
v -24.6045 -27.3261 60.25
v -24.54293984050364 27.37082395468247 60.25
v -24.68728613456884 -27.02308730840574 82.15235521118636
v -24.65032377677345 27.01579265850468 82.16673335113242
v -24.4372 -27.1403 57.25
v -24.46284298784989 27.11181993268589 57.25
v -24.3985 -24.5829 60.25
v -24.3985 24.5829 60.25
v -24.2081 -30.4919 88.34229999999999
v -24.2081 30.4919 88.34229999999999
v -24.117 -26.7846 75.51260000000001
v -24.117 26.7846 75.51260000000001
v -24.19585105673771 -26.41170357404689 72.81807052690398
v -23.9486 26.5977 72.4919
v -23.8826 -26.3454 69.86109999999999
v -23.9100216569961 26.31971905194363 69.89967564763906
v -23.59394857317726 -26.04892015024548 64.87539357118386
v -23.66422192259366 25.95598017029727 64.75504415082764
v -23.3651 -25.9496 62.0195
v -23.3651 25.9496 62.0195
v -23.2665 -25.8401 60.25
v -23.2665 25.8401 60.25
v -23.58464990744082 -28.69990867711492 89.96953627547454
v -22.92181101083873 -25.78343026604128 57.25
v -23.00195198355159 25.72520230741852 57.25
v -23.0646 -31.4762 89.84050000000001
v -23.0646 31.4762 89.84050000000001
v -22.9441 -31.5799 89.9983
v -22.9441 31.5799 89.9983
v -22.9202 -31.2742 86.84529999999999
v -22.9202 31.2742 86.84529999999999
v -22.8083 -31.6624 89.84050000000001
v -22.8083 31.6624 89.84050000000001
v -22.7827 -31.3577 86.6855
v -22.7827 31.3577 86.6855
v -22.7405 -31.2996 89.8682
v -22.70348692359864 31.24865268278986 89.90468665402393
v -22.6608 -31.4627 86.84529999999999
v -22.6608 31.4627 86.84529999999999
v -22.6119 -29.623 68.54000000000001
v -22.6119 29.623 68.54000000000001
v -22.5923 -31.0956 86.87350000000001
v -22.5923 31.0956 86.87350000000001
v -22.30817276741214 -29.42587269396738 88.47742773380796
v -22.33002537987803 29.4636097047868 88.49807401747807
v -22.0019 -30.2831 70.6572
v -22.0019 30.2831 70.6572
v -21.8124 -30.0221 90.7831
v -21.8365417393315 30.00727501714208 90.80961743691189
v -21.7958 -29.9994 66.42619999999999
v -21.79892190352708 30.00250398140055 66.47863519780479
v -21.5909 29.7174 86.2345
v -21.5188 -32.4458 88.34229999999999
v -21.5188 32.4458 88.34229999999999
v -22.09376329113861 32.68441465329477 94.75
v -22.01102888234378 32.34870006222069 90.8855204507216
v -21.52420624336331 32.15478713906555 85.5410004394725
v -21.36123887747335 29.68235548494365 60.25
v -21.48422735138453 29.28573167009912 57.25
v -21.3445 -29.3872 57.25
v -21.6708423627793 -27.74004025112469 67.42621346583685
v -21.1857 30.6592 68.54000000000001
v -21.1175 -30.294 88.50700000000001
v -21.1175 30.294 88.50700000000001
v -20.8862 -28.7474 71.75709999999999
v -20.8862 28.7474 71.75709999999999
v -20.7405 -28.5468 68.76260000000001
v -20.7405 28.5468 68.76260000000001
v -20.7348 -28.539 68.6468
v -20.7348 28.539 68.6468
v -20.5892 -28.3387 65.6562
v -20.5892 28.3387 65.6562
v -21.95003155551197 30.32822022954728 94.75
v -20.32267813079394 30.97813815810027 89.54886635620844
v -20.13183460430521 30.89294765005208 87.36170993371326
v -20.44849025079455 -27.58046305045632 57.25
v -20.1715 28.0888 60.25
v -19.9479 -34.5508 97.75
v -19.9479 34.5508 97.75
v -19.8229 -34.3343 94.75
v -19.8229 34.3343 94.75
v -19.7836 -34.2661 93.8052
v -19.7836 34.2661 93.8052
v -19.6576 -34.0479 90.78189999999999
v -19.6576 34.0479 90.78189999999999
v -19.69490769664479 -33.55382319548864 86.22316474319044
v -19.4561 33.6989 85.9457
v -19.34900008378102 -33.47892075080664 83.03940539555958
v -19.3324 33.4847 82.9781
v -19.2308 -34.1242 89.5277
v -19.2308 34.1242 89.5277
v -19.038 -34.6838 94.75
v -19.038 34.6838 94.75
v -19.1763481273939 -32.71543391816788 74.36093863751815
v -18.83361729025378 32.96528337123942 74.80362650827351
v -18.947 -32.8171 97.75
v -18.947 32.8171 97.75
v -18.858 -32.663 71.5911
v -18.858 32.663 71.5911
v -18.80648626000693 -32.60527039694528 94.72249398095165
v -18.80648626000693 32.60527039694528 94.72249398095165
v -18.6944 -32.3796 91.6832
v -18.6944 32.3796 91.6832
v -18.85140548170891 -32.07725813205123 65.82802716093417
v -18.6059 32.2264 65.5428
v -18.5252 -32.6407 69.7123
v -18.5252 32.6407 69.7123
v -18.4823 -32.0124 62.5764
v -18.4823 32.0124 62.5764
v -18.21800296923882 -32.00788216739426 85.15072818317496
v -18.20426516631883 32.00449872798963 85.1378526590363
v -18.3854 -31.8445 60.25
v -18.3854 31.8445 60.25
v -18.3809 -32.3373 89.67659999999999
v -18.3809 32.3373 89.67659999999999
v -18.3087 -31.7117 82.4209
v -18.45067171891623 31.62543751664064 82.58585150836014
v -17.81130445309975 -35.5020643711919 97.75
v -18.09578945485026 -31.70128803493466 57.25
v -18.2604 31.628 57.25
v -17.85901361540733 -31.30428069044308 75.71798245172016
v -18.10572786736998 31.14065639138749 75.40167058832834
v -17.8953 -30.9956 72.4919
v -17.67249649572948 31.12040192304758 72.77425796986138
v -17.72644523751167 -35.07495211465564 93.22122614931726
v -17.52818433667502 -35.06333534396459 91.5241475413699
v -17.6758 -30.8549 69.86109999999999
v -17.6758 30.8549 69.86109999999999
v -17.50964894370497 -30.47952117250491 64.90444445653588
v -17.76560014570378 30.34313579160717 65.19679217813575
v -17.4593 -30.2404 62.0195
v -17.50051042636277 30.21536081084488 62.06738211688113
v -17.3856 -30.1128 60.25
v -17.3856 30.1128 60.25
v -16.64437417094155 -33.84236039354929 97.75
v -16.97611467273949 -34.87477239799401 86.73665861031232
v -17.02033827497311 -30.00351272191897 57.25
v -17.2607 29.8965 57.25
v -16.45573688763298 -34.73720023861887 82.66623711010291
v -16.53937913554087 -33.34620792483221 91.76146263642946
v -16.7496 -35.2206 89.4363
v -16.74675561644147 35.21748069642749 89.38795946981219
v -16.96016675486833 -34.01467875211103 77.17751725451981
v -16.5264 -35.802 94.75
v -16.5264 35.802 94.75
v -15.09109832494639 -33.43284758339744 85.60396310872002
v -16.3536 -32.7491 60.25
v -16.36002868544022 32.74258514836026 60.20973977186905
v -16.2915 -34.1007 74.8436
v -16.2744 -33.7351 94.75
v -16.2744 33.7351 94.75
v -16.22605974251204 -33.85360947027342 72.38748483273197
v -16.0449 -33.7367 69.62090000000001
v -16.0449 33.7367 69.62090000000001
v -15.9008 -33.4332 89.5852
v -15.9008 33.4332 89.5852
v -14.39871819022519 -34.64463486328349 71.55076893943993
v -15.8402 -30.8009 60.25
v -15.8402 30.8009 60.25
v -15.6008 -34.7762 78.90000000000001
v -15.6008 34.7762 78.90000000000001
v -14.65019359493135 -33.93178318967793 64.92667828777344
v -15.4466416858301 -32.36724087391922 75.59508418932222
v -15.15453486751467 -32.24546868682148 72.81751844822571
v -15.227 -32.7784 79.05289999999999
v -15.227 32.7784 79.05289999999999
v -15.1966 -31.9504 69.7698
v -15.1966 31.9504 69.7698
v -14.7778 33.1785 57.25
v -14.7773 -36.5808 94.75
v -14.7773 36.5808 94.75
v -14.7682 -33.1828 57.25
v -15.06417885353609 -31.72458042810339 66.62799895677563
v -14.50340780836388 34.85263830491064 74.35654304285603
v -14.4009 -35.4483 80.4203
v -14.4009 35.4483 80.4203
v -14.39311892703213 35.71285545489012 83.55181491572657
v -14.253 -35.2426 77.42700000000001
v -14.253 35.2426 77.42700000000001
v -14.39408727711275 36.0048393962901 86.52113526465153
v -14.76266998313937 36.31652159760834 91.76560234671732
v -14.091 -33.7889 60.6078
v -14.091 33.7889 60.6078
v -14.0543 -34.7236 94.75
v -14.0543 34.7236 94.75
v -14.0277 -33.4502 80.57259999999999
v -14.0277 33.4502 80.57259999999999
v -13.93920122119519 31.37532207242141 57.25
v -13.8799 -33.2448 77.5806
v -13.8799 33.2448 77.5806
v -14.81190084773705 31.80859420513386 66.31567304667962
v -13.718 -31.792 60.76
v -13.718 31.792 60.76
v -14.83690458060129 32.4206049682991 73.19001551256771
v -15.26497929173227 33.37489564809703 85.8191923622428
v -13.1521 -36.1479 82.00279999999999
v -13.1521 36.1479 82.00279999999999
v -13.059 -35.6559 76.1221
v -13.059 35.6559 76.1221
v -13.0533 -35.9147 78.9474
v -13.0533 35.9147 78.9474
v -12.6807 -33.9164 79.1003
v -12.6807 33.9164 79.1003
v -12.6477 -34.5974 62.4365
v -12.6477 34.5974 62.4365
v -12.5448 -34.2808 82.4517
v -12.5448 34.2808 82.4517
v -12.4372 -33.7442 76.0039
v -12.4372 33.7442 76.0039
v -12.20064977577949 -37.97037575516783 97.75
v -12.3285 37.9432 97.75
v -12.2502 -37.7023 94.7109
v -12.2502 37.7023 94.7109
v -12.0408 -32.7314 62.8852
v -12.0408 32.7314 62.8852
v -11.9618 -36.8147 83.511
v -11.99028132059569 36.80521673261384 83.5462476986948
v -11.8825 -36.5706 80.4311
v -11.8825 36.5706 80.4311
v -11.8644 -34.7478 60.25
v -11.8644 34.7478 60.25
v -11.8093 -36.3452 77.58759999999999
v -11.8093 36.3452 77.58759999999999
v -11.7343 -36.1143 74.6743
v -11.7343 36.1143 74.6743
v -11.58307933424971 -36.06625580952182 97.75
v -11.7099 36.0393 97.75
v -11.6287 -35.7893 94.5934
v -11.6287 35.7893 94.5934
v -11.6126 -32.6831 60.25
v -11.6126 32.6831 60.25
v -11.4579 -35.2639 63.9442
v -11.4579 35.2639 63.9442
v -11.3787 -35.0199 60.8655
v -11.3787 35.0199 60.8655
v -11.3628 -34.9711 60.25
v -11.3628 34.9711 60.25
v -11.355 -34.9471 83.9592
v -11.355 34.9471 83.9592
v -11.12459978515255 -34.76762156067681 57.25
v -11.2856 34.7334 57.25
v -11.2758 -34.7033 80.88079999999999
v -11.2758 34.7033 80.88079999999999
v -11.188 -34.4331 77.4687
v -11.188 34.4331 77.4687
v -11.1131 -34.2025 74.5569
v -11.1131 34.2025 74.5569
v -10.8515 -33.3975 64.3921
v -10.8515 33.3975 64.3921
v -10.8258 -35.0853 60.25
v -10.8258 35.0853 60.25
v -10.7723 -33.1538 61.3149
v -10.7723 33.1538 61.3149
v -10.7449 -33.0695 60.25
v -10.7449 33.0695 60.25
v -10.58298820605752 -32.84990485307269 57.25
v -10.6677 32.8319 57.25
v -10.6069 -36.9749 82.00279999999999
v -10.6069 36.9749 82.00279999999999
v -10.5498 -36.7282 78.9474
v -10.5498 36.7282 78.9474
v -10.393 -36.5221 76.1221
v -10.393 36.5221 76.1221
v -9.778785760526837 -38.0110616295192 92.15421023831533
v -10.1036 -35.4241 62.4365
v -10.1036 35.4241 62.4365
v -10.0008 -35.1073 82.4517
v -10.0008 35.1073 82.4517
v -9.81587 -33.2669 60.25
v -9.81587 33.2669 60.25
v -9.77243 -34.61 76.0039
v -9.77243 34.61 76.0039
v -9.856568702085857 -37.48185696858697 86.10412867061788
v -9.67666 -34.8925 79.1003
v -9.67666 34.8925 79.1003
v -9.04194812071127 -36.11256650781418 91.91739450506618
v -9.54655 -38.2803 94.75
v -9.54655 38.2803 94.75
v -9.49783 -33.5576 62.8852
v -9.49783 33.5576 62.8852
v -9.069523804391077 -37.41811012143912 83.89070069464337
v -9.1854 -37.143 80.4203
v -9.1854 37.143 80.4203
v -9.18417 -36.8896 77.42700000000001
v -9.18417 36.8896 77.42700000000001
v -9.039870000000001 -36.3528 94.75
v -9.039870000000001 36.3528 94.75
v -8.703556545025563 -36.73310785528992 74.37388918311332
v -8.460800000000001 -35.6183 60.6078
v -8.460800000000001 35.6183 60.6078
v -6.859278140211574 -34.97397284113831 72.98945700614206
v -8.31287 35.307 80.57259999999999
v -8.311719999999999 -35.054 77.5806
v -8.366355411960448 35.04294834748202 77.58724657186956
v -7.683327903280094 -36.19115123639049 65.4186339110076
v -6.676242131905066 -36.1608639031241 62.53440969789976
v -7.8196 -37.3045 78.90000000000001
v -7.8196 37.3045 78.90000000000001
v -7.6737 -38.6784 94.75
v -7.6737 38.6784 94.75
v -7.58881 -33.7835 60.76
v -7.58881 33.7835 60.76
v -7.55667 35.526 57.25
v -7.54635 -35.5282 57.25
v -6.082321174438606 -34.26409467063823 62.39489522767337
v -8.259578382341699 36.0085258186686 64.708579729562
v -6.785316606574636 -33.65708368497892 57.25
v -7.15142 -38.3392 89.4363
v -7.15142 38.3392 89.4363
v -6.95361 36.9516 72.56310000000001
v -6.94774 -35.4685 79.05289999999999
v -6.94774 35.4685 79.05289999999999
v -6.8638 37.1639 74.8436
v -6.84932 -36.7245 69.62090000000001
v -6.84932 36.7245 69.62090000000001
v -6.78754 -36.3943 89.5852
v -6.78754 36.3943 89.5852
v -6.601515785773826 34.47536799778864 66.45374641528109
v -6.6627 -36.8581 94.75
v -6.6627 36.8581 94.75
v -6.55162 35.0124 72.6711
v -6.48565 -34.7808 69.7698
v -6.48565 34.7808 69.7698
v -6.694771391563084 35.24519515344865 75.78034531639335
v -8.153902851704768 37.75237932809516 85.0252160962339
v -6.639201960602281 38.6433955593551 91.74154381253571
v -6.01905 -36.107 60.25
v -6.01905 36.107 60.25
v -7.16951933379912 36.00451580447838 85.9401142890071
v -6.94778951064648 39.08690099661402 97.75
v -6.323150569827664 36.69033644256147 91.91536347146015
v -5.28935 -34.2291 60.25
v -5.28935 34.2291 60.25
v -4.98459 -39.25 94.75
v -4.98459 39.25 94.75
v -4.49965 -38.9106 89.5277
v -4.49965 38.9106 89.5277
v -4.19853 -37.2957 69.7123
v -4.19853 37.2957 69.7123
v -4.17025 -39.6773 97.75
v -4.17025 39.6773 97.75
v -4.14412 -39.4286 94.75
v -4.14412 39.4286 94.75
v -4.13695 -36.9654 89.67659999999999
v -4.13695 36.9654 89.67659999999999
v -4.13589 -39.3504 93.8052
v -4.13589 39.3504 93.8052
v -4.10955 -39.0998 90.78189999999999
v -4.10955 39.0998 90.78189999999999
v -4.248443499026886 -38.64396704660523 85.7502764262934
v -4.080223601153045 38.69511037471996 85.93188770229951
v -4.225727025820745 -38.3970201854 82.7793265721199
v -4.27119216850453 38.38320113456318 82.73024943980289
v -3.950107934665493 -37.4323402608188 94.72249631025751
v -3.950107934665493 37.4323402608188 94.72249631025751
v -3.96871 -37.7598 74.61320000000001
v -3.838676672091853 37.74905647673398 74.48358311058138
v -3.961 -37.6864 97.75
v -4.136614366370281 37.64907328201535 97.75
v -3.94239 -37.5093 71.5911
v -3.90819 -37.184 91.6832
v -3.90819 37.184 91.6832
v -3.795031099072818 -37.01582034676484 65.63712250834432
v -3.898775393016389 37.00524100477162 65.53300226322062
v -3.702189577564291 -36.77634677491591 62.74707485373838
v -3.86386 36.7622 62.5764
v -4.052366899272861 -36.60201913968347 85.17218697609155
v -4.250563682212904 36.59489719293209 84.97818593550407
v -3.8436 -36.5694 60.25
v -3.8436 36.5694 60.25
v -3.83604 -35.3517 69.86109999999999
v -3.83604 35.3517 69.86109999999999
v -4.012764580094854 -36.3606086633863 82.22099571729763
v -3.928071473999574 36.38635351696364 82.31241659185767
v -3.629615470413188 -36.3208 57.25
v -3.81747 36.3208 57.25
v -4.036261395735682 -35.81299246888176 75.81185113584348
v -3.76744 35.8448 75.51260000000001
v -3.74115 -35.5946 72.4919
v -3.74115 35.5946 72.4919
v -3.798548021580677 -34.93558914801412 64.85188542013823
v -3.6758 34.9729 64.98439999999999
v -3.64999 -34.7273 62.0195
v -3.64999 34.7273 62.0195
v -3.63459 -34.5808 60.25
v -3.63459 34.5808 60.25
v -3.60848 -34.3324 57.25
v -3.778186518272855 34.29816926499375 57.2717791416413
v -1.66209 -38.8976 88.34229999999999
v -1.66209 38.8976 88.34229999999999
v -0.8384544675852883 -37.2589702213615 68.56983442478101
v -0.881493 37.2565 68.54000000000001
v -0.7219 -36.9209 88.50700000000001
v -0.7219 36.9209 88.50700000000001
v -0.160287 -38.7735 86.84529999999999
v -0.160287 38.7735 86.84529999999999
v -0.158408 -39.0218 89.84050000000001
v -0.158408 39.0218 89.84050000000001
v -4.78023e-15 -39.0348 89.9983
v -4.74661e-15 -38.7603 86.6855
v -4.73781e-15 -38.6885 89.8682
v 0.01353238187527715 -38.39883246601698 86.8463873963632
v -4.58394e-15 -37.4319 70.6572
v -4.54444e-15 -37.1094 90.7831
v 0.007856525705813411 -37.08391478760031 66.45775055660124
v -4.49831e-15 -36.7327 86.2345
v -4.35149e-15 -35.5338 71.75709999999999
v -4.32112e-15 -35.2858 68.76260000000001
v -4.31994e-15 -35.2762 68.6468
v -4.28961e-15 -35.0285 65.6562
v 0 35.0285 65.6562
v 0 35.2762 68.6468
v 0 35.2858 68.76260000000001
v 0 35.5338 71.75709999999999
v 0.06177675202344002 36.73349186337308 86.2440532597505
v 0 37.0813 66.42619999999999
v 0 37.1094 90.7831
v 0 37.4319 70.6572
v 0 38.39783401390355 86.85907186832847
v 0 38.6885 89.8682
v 0 38.7603 86.6855
v 0 39.0348 89.9983
v 0.158408 -39.0218 89.84050000000001
v 0.158408 39.0218 89.84050000000001
v 0.160287 -38.7735 86.84529999999999
v 0.160287 38.7735 86.84529999999999
v 0.7219 -36.9209 88.50700000000001
v 0.7219 36.9209 88.50700000000001
v 0.8648469214814412 37.25650626283124 68.54009467568858
v 1.66209 -38.8976 88.34229999999999
v 1.66209 38.8976 88.34229999999999
v 3.771155702072636 -34.29782006001921 57.25
v 3.819971895940931 34.2874420920207 57.25
v 3.63459 -34.5808 60.25
v 3.63459 34.5808 60.25
v 3.64999 -34.7273 62.0195
v 3.39071184149865 34.74869583432848 62.27783409927749
v 3.748984025385777 -34.95065386770893 64.90539302385784
v 3.6758 34.9729 64.98439999999999
v 4.021891834320969 -35.59686422416872 72.78388001570518
v 3.74115 35.5946 72.4919
v 3.76744 -35.8448 75.51260000000001
v 3.988085816298463 35.81869270802342 75.75822223168929
v 3.81747 -36.3208 57.25
v 3.81747 36.3208 57.25
v 4.073271862515599 -36.34222121692697 82.15568423378424
v 4.047692393647071 36.34999208211896 82.18329364464009
v 3.83604 -35.3517 69.86109999999999
v 3.861599359054828 35.34850663751374 69.8875482250488
v 3.8436 -36.5694 60.25
v 3.8436 36.5694 60.25
v 3.962606708487929 -36.62930236240969 85.26909325266864
v 4.118562021575963 36.58189852286674 85.10072353263715
v 3.86386 -36.7622 62.5764
v 3.86386 36.7622 62.5764
v 3.8897 -37.008 65.5428
v 3.703957676772381 37.02334368057852 65.72786269388304
v 3.90819 -37.184 91.6832
v 3.90819 37.184 91.6832
v 3.950107934665513 -37.43234026081879 94.72249631025754
v 3.950107934665493 37.4323402608188 94.72249631025751
v 3.94239 -37.5093 71.5911
v 3.94239 37.5093 71.5911
v 3.883735828775034 -37.6864 97.75
v 3.961 37.6864 97.75
v 3.933984553914721 -37.73085159824199 74.59369790339754
v 3.779862468885528 37.74419717050315 74.42495726291696
v 4.267870793715453 -38.38421078572182 82.73383463568976
v 4.02865372514342 38.45406739457484 82.99097933946892
v 3.973951334873925 -38.70671818657405 86.03883900273605
v 3.883070514469834 38.71422187874741 86.12938960023182
v 4.10955 -39.0998 90.78189999999999
v 4.10955 39.0998 90.78189999999999
v 4.13589 -39.3504 93.8052
v 4.13589 39.3504 93.8052
v 4.13695 -36.9654 89.67659999999999
v 4.13695 36.9654 89.67659999999999
v 4.14412 -39.4286 94.75
v 4.14412 39.4286 94.75
v 4.17025 -39.6773 97.75
v 4.17025 39.6773 97.75
v 4.19853 -37.2957 69.7123
v 4.19853 37.2957 69.7123
v 4.49965 -38.9106 89.5277
v 4.49965 38.9106 89.5277
v 4.98459 -39.25 94.75
v 4.98459 39.25 94.75
v 5.28935 -34.2291 60.25
v 5.28935 34.2291 60.25
v 7.008275060547698 -37.03485526944346 97.70475713311849
v 6.329080661990208 -36.69157600522638 91.9449039022209
v 7.153042003848192 -39.04327339734125 97.75
v 7.780900244089939 -35.81077287329617 85.18683329890786
v 6.01905 -36.107 60.25
v 6.01905 36.107 60.25
v 6.66678720467196 -38.63581353767716 91.72126196582926
v 7.788847136566123 -37.86808513696818 85.47499550404086
v 6.48565 -34.7808 69.7698
v 6.48565 34.7808 69.7698
v 6.973787224652961 -34.95627084926942 73.0679765848007
v 6.6627 -36.8581 94.75
v 6.6627 36.8581 94.75
v 6.618296662739882 -34.47005042473803 66.43307063081784
v 6.78754 -36.3943 89.5852
v 6.78754 36.3943 89.5852
v 6.84932 -36.7245 69.62090000000001
v 6.84932 36.7245 69.62090000000001
v 7.062345691945699 -37.14626011903314 75.13347282209308
v 6.94774 -35.4685 79.05289999999999
v 6.94774 35.4685 79.05289999999999
v 7.349510409133445 -36.90216122576305 72.97276844588893
v 7.15142 -38.3392 89.4363
v 7.15142 38.3392 89.4363
v 7.120270565245519 33.58588081839044 57.25
v 8.217288713297828 -36.02196254933333 64.76067628576591
v 7.54635 35.5282 57.25
v 7.55667 -35.526 57.25
v 7.58881 -33.7835 60.76
v 7.58881 33.7835 60.76
v 7.6737 -38.6784 94.75
v 7.6737 38.6784 94.75
v 7.8196 -37.3045 78.90000000000001
v 7.80078245640598 37.30672484350328 78.87905236299171
v 8.110670000000001 36.0557 64.8921
v 8.311719999999999 -35.054 77.5806
v 8.311719999999999 35.054 77.5806
v 8.31287 -35.307 80.57259999999999
v 8.31287 35.307 80.57259999999999
v 7.825675526446279 34.85323865765204 73.98948123365379
v 8.460800000000001 -35.6183 60.6078
v 8.460800000000001 35.6183 60.6078
v 8.992298842837725 36.46054985332952 71.88168259505294
v 8.836769102433733 36.71647183151765 74.51173184880035
v 9.039870000000001 -36.3528 94.75
v 9.039870000000001 36.3528 94.75
v 9.18417 -36.8896 77.42700000000001
v 9.18417 36.8896 77.42700000000001
v 9.1854 -37.143 80.4203
v 9.1854 37.143 80.4203
v 8.471230912848238 35.86082086761396 87.51131446848666
v 9.147191212900323 37.43753777073156 83.80137600568297
v 9.49783 -33.5576 62.8852
v 9.49783 33.5576 62.8852
v 9.54655 -38.2803 94.75
v 9.54655 38.2803 94.75
v 8.752556512857016 36.14876348303592 91.61803461456454
v 9.67666 -34.8925 79.1003
v 9.67666 34.8925 79.1003
v 9.594792966720126 37.56481750414151 86.42657568208003
v 9.77243 -34.61 76.0039
v 9.77243 34.61 76.0039
v 9.81587 -33.2669 60.25
v 9.81587 33.2669 60.25
v 10.0008 -35.1073 82.4517
v 10.0008 35.1073 82.4517
v 10.1036 -35.4241 62.4365
v 10.1036 35.4241 62.4365
v 9.605702500094141 38.03267843669892 91.9751621694554
v 10.393 -36.5221 76.1221
v 10.41402559059686 36.51615618564173 76.1047007416599
v 10.5498 -36.7282 78.9474
v 10.5498 36.7282 78.9474
v 10.6069 -36.9749 82.00279999999999
v 10.6069 36.9749 82.00279999999999
v 10.6677 -32.8319 57.25
v 10.62649079262179 32.84065870630943 57.25
v 10.7449 -33.0695 60.25
v 10.7449 33.0695 60.25
v 10.7723 -33.1538 61.3149
v 10.7723 33.1538 61.3149
v 10.8258 -35.0853 60.25
v 10.8258 35.0853 60.25
v 10.8515 -33.3975 64.3921
v 10.8515 33.3975 64.3921
v 11.1131 -34.2025 74.5569
v 11.1131 34.2025 74.5569
v 11.188 -34.4331 77.4687
v 11.188 34.4331 77.4687
v 11.2758 -34.7033 80.88079999999999
v 11.2758 34.7033 80.88079999999999
v 11.2856 -34.7334 57.25
v 11.2856 34.7334 57.25
v 11.355 -34.9471 83.9592
v 11.355 34.9471 83.9592
v 11.3628 -34.9711 60.25
v 11.3628 34.9711 60.25
v 11.3787 -35.0199 60.8655
v 11.3787 35.0199 60.8655
v 11.4579 -35.2639 63.9442
v 11.4579 35.2639 63.9442
v 11.6126 -32.6831 60.25
v 11.6126 32.6831 60.25
v 11.6287 -35.7893 94.5934
v 11.6287 35.7893 94.5934
v 11.7099 -36.0393 97.75
v 11.7099 36.0393 97.75
v 11.7343 -36.1143 74.6743
v 11.79888927118488 36.08570386463631 74.67607980778102
v 11.8084117129841 -36.34246526037371 77.55309537915441
v 11.80848694879002 36.34269688634155 77.55601783879969
v 11.8644 -34.7478 60.25
v 11.8644 34.7478 60.25
v 11.8825 -36.5706 80.4311
v 11.8825 36.5706 80.4311
v 11.9618 -36.8147 83.511
v 11.9812182194567 36.80823469576091 83.53503165874656
v 12.0408 -32.7314 62.8852
v 12.0408 32.7314 62.8852
v 12.2502 -37.7023 94.7109
v 12.2502 37.7023 94.7109
v 12.3285 -37.9432 97.75
v 12.3285 37.9432 97.75
v 12.4372 -33.7442 76.0039
v 12.4372 33.7442 76.0039
v 12.5448 -34.2808 82.4517
v 12.5448 34.2808 82.4517
v 12.6477 -34.5974 62.4365
v 12.6477 34.5974 62.4365
v 12.6807 -33.9164 79.1003
v 12.6807 33.9164 79.1003
v 13.0533 -35.9147 78.9474
v 13.0533 35.9147 78.9474
v 13.059 -35.6559 76.1221
v 13.059 35.6559 76.1221
v 13.1521 -36.1479 82.00279999999999
v 13.1521 36.1479 82.00279999999999
v 13.5088 -33.9597 83.6451
v 13.718 -31.792 60.76
v 13.76551182970142 31.77138695983988 60.76598077066085
v 14.2193603758527 -32.00591344868923 65.58212453527622
v 13.8799 -33.2448 77.5806
v 13.8799 33.2448 77.5806
v 14.29572249139634 31.22123553217157 57.30164618735666
v 14.0277 -33.4502 80.57259999999999
v 14.05837302686935 33.49422598582296 80.59173725572062
v 14.0543 -34.7236 94.75
v 14.0543 34.7236 94.75
v 14.091 -33.7889 60.6078
v 14.091 33.7889 60.6078
v 14.69690509711393 -36.35279522493689 91.84269932650561
v 14.253 -35.2426 77.42700000000001
v 14.253 35.2426 77.42700000000001
v 15.21507687218213 -34.70368662823924 76.20780356062683
v 14.4009 -35.4483 80.4203
v 14.4009 35.4483 80.4203
v 14.71582146840163 -34.73834131103459 74.13911281304919
v 15.80988195805396 -33.19403760721348 62.48659734358014
v 15.09940277294469 31.71285072015849 66.67160500995091
v 14.77621718053001 33.1792305846492 57.25
v 14.7773 -36.5808 94.75
v 14.7773 36.5808 94.75
v 14.7778 -33.1785 57.25
v 15.1966 -31.9504 69.7698
v 15.1966 31.9504 69.7698
v 15.227 -32.7784 79.05289999999999
v 15.227 32.7784 79.05289999999999
v 15.2794 32.1766 72.6711
v 15.52406746318781 32.32387303121524 75.49696321322067
v 14.66864156663524 33.92461886205933 64.9382402777802
v 15.6008 -34.7762 78.90000000000001
v 15.6008 34.7762 78.90000000000001
v 15.8402 -30.8009 60.25
v 15.8402 30.8009 60.25
v 15.9008 -33.4332 89.5852
v 15.9008 33.4332 89.5852
v 16.0449 -33.7367 69.62090000000001
v 16.0449 33.7367 69.62090000000001
v 16.094 33.9817 72.56310000000001
v 15.47401742958899 32.94493798139695 82.10295064318785
v 16.2744 -33.7351 94.75
v 16.2744 33.7351 94.75
v 16.09975433700128 34.21510375170613 75.1636951058325
v 16.3536 -32.7491 60.25
v 16.3536 32.7491 60.25
v 15.21150042592829 33.39275202527238 85.75301834604994
v 16.5264 -35.802 94.75
v 16.5264 35.802 94.75
v 17.25853069291862 33.84755246637964 76.79945369485382
v 16.7496 -35.2206 89.4363
v 16.7496 35.2206 89.4363
v 16.8526 33.1802 91.4686
v 16.4948010429653 34.72368164174018 82.70893423933187
v 17.10371051770413 -29.96639600979304 57.25
v 17.2607 29.8965 57.25
v 16.88559035781098 34.90491062021626 86.62459593682892
v 17.3856 -30.1128 60.25
v 17.3856 30.1128 60.25
v 17.6092699479936 -30.14927922725331 62.19374907268067
v 17.52763616412484 30.23586050468925 62.08914185378421
v 17.78170998610761 -30.33334790733116 65.21550990989475
v 17.56875445833046 30.45906185164716 64.96904794666933
v 17.66101780700507 -30.85982255175511 69.84280005901499
v 17.6758 30.8549 69.86109999999999
v 17.7166 34.9594 91.3032
v 17.80870583352636 -31.05053481940345 72.67257255954566
v 17.8953 30.9956 72.4919
v 18.0211 -31.2135 75.51260000000001
v 17.90423763732605 31.27895180211781 75.66067831404287
v 18.46793871670827 -31.47721282489622 57.25
v 18.2604 31.628 57.25
v 16.64230019347505 36.02254580962528 97.75
v 18.21190936125663 -31.7452031230644 82.31511719463683
v 18.27583363972128 31.723077284029 82.38497919041005
v 18.3809 -32.3373 89.67659999999999
v 18.3809 32.3373 89.67659999999999
v 18.3854 -31.8445 60.25
v 18.3854 31.8445 60.25
v 18.48625954789131 -31.89275487021406 85.44980875075302
v 18.13138712021904 32.03730352380638 85.05620025098692
v 18.4823 32.0124 62.5764
v 18.5252 -32.6407 69.7123
v 18.5252 32.6407 69.7123
v 18.82515340408061 -32.09320597919407 65.7975276155944
v 18.56229339238302 32.24149235598235 65.49513619858129
v 18.6944 -32.3796 91.6832
v 18.6944 32.3796 91.6832
v 18.80648626000693 -32.60527039694528 94.72249398095165
v 18.80648626000693 32.60527039694528 94.72249398095165
v 18.858 -32.663 71.5911
v 18.858 32.663 71.5911
v 18.947 -32.8171 97.75
v 18.947 32.8171 97.75
v 19.09718009850736 -32.7835867362876 74.46471754710485
v 19.10526720115508 32.7766228666001 74.45411164752502
v 19.038 -34.6838 94.75
v 19.038 34.6838 94.75
v 19.2308 -34.1242 89.5277
v 19.2308 34.1242 89.5277
v 19.05100777754352 -33.58208933843459 82.67057893064643
v 19.2046989500306 33.52939229532085 82.84400237877429
v 19.47322646230672 -33.68663615347866 85.94745599495451
v 19.48955557397099 33.67857558067434 85.98457120210348
v 19.6576 -34.0479 90.78189999999999
v 19.6576 34.0479 90.78189999999999
v 19.7836 -34.2661 93.8052
v 19.7836 34.2661 93.8052
v 19.8229 -34.3343 94.75
v 19.8229 34.3343 94.75
v 20.12257895840341 -34.42389043752361 97.75
v 19.9479 34.5508 97.75
v 20.1715 -28.0888 60.25
v 19.85856977367533 28.0119514130153 57.27817889961485
v 20.04228854954167 -28.95988418447154 67.84203519567205
v 20.2119 -29.0017 69.4554
v 20.5892 -28.3387 65.6562
v 20.5892 28.3387 65.6562
v 20.77719908309484 -28.49763433377732 68.54357312387158
v 20.7348 28.539 68.6468
v 20.7405 28.5468 68.76260000000001
v 20.8095 -28.6418 68.69450000000001
v 20.9295838947011 -28.71407845460567 71.73948966986445
v 20.8862 28.7474 71.75709999999999
v 21.1175 -30.294 88.50700000000001
v 21.1175 30.294 88.50700000000001
v 21.1857 -30.6592 68.54000000000001
v 21.17671703801626 30.67097949839529 68.59127396539158
v 21.51359554204527 29.26434916628787 57.25
v 21.54608623585796 -29.19169430378606 57.25
v 21.3587 -29.6842 60.25
v 21.4181 -32.8591 91.6627
v 23.75378814408108 -31.78567860186486 97.75
v 21.5188 -32.4458 88.34229999999999
v 21.5188 32.4458 88.34229999999999
v 21.5909 29.7174 86.2345
v 21.7958 -29.9994 66.42619999999999
v 21.7958 29.9994 66.42619999999999
v 21.8124 -30.0221 90.7831
v 21.8124 30.0221 90.7831
v 22.0019 -30.2831 70.6572
v 22.0019 30.2831 70.6572
v 22.2856 -29.4453 88.50700000000001
v 22.2856 29.4453 88.50700000000001
v 22.5923 -31.0956 86.87350000000001
v 22.54643074599285 31.03247137420345 86.84423052395589
v 22.57153823773325 -29.65409370865096 68.5571916704026
v 22.6119 29.623 68.54000000000001
v 22.6608 -31.4627 86.84529999999999
v 22.6608 31.4627 86.84529999999999
v 22.7405 -31.2996 89.8682
v 22.69996779960772 31.24380872104176 89.90815572690325
v 22.7827 -31.3577 86.6855
v 22.8083 -31.6624 89.84050000000001
v 22.8083 31.6624 89.84050000000001
v 22.9202 -31.2742 86.84529999999999
v 22.9202 31.2742 86.84529999999999
v 22.9441 -31.5799 89.9983
v 22.9441 31.5799 89.9983
v 23.0183 28.8147 87.5471
v 23.0646 -31.4762 89.84050000000001
v 23.0646 31.4762 89.84050000000001
v 23.0994 -25.6544 57.25
v 22.88603428529447 25.80942444753229 57.25
v 23.43668509058743 28.74592981492339 89.84507095680962
v 23.2665 -25.8401 60.25
v 23.2665 25.8401 60.25
v 23.3651 -25.9496 62.0195
v 23.3651 25.9496 62.0195
v 23.60349726555749 -26.03629004320595 64.85903937054202
v 23.5303 26.1331 64.98439999999999
v 23.92454533622519 -26.36724592092131 69.87108463174329
v 23.8826 26.3454 69.86109999999999
v 23.9486 -26.5977 72.4919
v 24.117 -26.7846 75.51260000000001
v 24.20132075517894 26.70666147657759 75.63953828700942
v 24.2081 -30.4919 88.34229999999999
v 24.18403358507541 30.50496958936151 88.29922445736324
v 24.3985 -24.5829 60.25
v 24.3985 24.5829 60.25
v 24.5395598351267 -27.02661531505867 57.25
v 24.4610701565712 27.11379008053385 57.25
v 24.63430933674996 -27.03698144867094 82.19415877253719
v 24.54610230046618 27.15364005289169 82.34520681921391
v 24.6045 -27.3261 60.25
v 24.6045 27.3261 60.25
v 23.85154526577532 30.99203717866789 90.69583771543986
v 24.75979017914875 -27.27314141041566 85.22842543472943
v 24.52304795810283 27.51966220065272 85.57584275923469
v 24.7342 -27.4701 62.5764
v 24.95347144164164 -27.58254221814323 65.45053015106909
v 24.9315195734556 27.6115791212999 65.48812866894609
v 23.66684702309946 31.54150225394974 94.75
v 25.018 -27.7853 91.6832
v 25.018 27.7853 91.6832
v 25.0746 -27.474 89.67659999999999
v 25.19794147323511 -27.96161058183594 94.72248966940458
v 25.19794147323511 27.96161058183594 94.72248966940458
v 25.2369 -28.0284 71.5911
v 25.2369 28.0284 71.5911
v 25.3185 -27.705 69.7123
v 25.3185 27.705 69.7123
v 25.356 -28.1607 97.75
v 25.24499430613681 28.24134932825807 97.75
v 25.20351971564576 -28.33823478416406 74.3785479051255
v 25.29053270217574 28.28537653774795 74.47968764950349
v 25.50011030152849 22.99395559746339 57.29726009535413
v 25.68066872078125 -24.33252988089429 69.73263221520369
v 25.6906 24.3261 69.7698
v 25.72737195557222 -23.84486529598162 66.21142358393124
v 25.68643089597949 -28.89315710315574 83.22097145923163
v 25.70757538189784 28.87496355109066 83.19327086314146
v 25.8801 -24.4747 72.6711
v 25.9969 -22.8708 60.76
v 25.9969 22.8708 60.76
v 26.03762136628069 -28.85230274479921 85.88879176492421
v 26.16738137647085 28.74532918265401 85.72289345374871
v 26.0927 -25.6733 60.25
v 26.0927 25.6733 60.25
v 26.45674120403424 -25.02877389348858 82.32210853162286
v 26.8739561048715 -25.03505285869533 86.11663062846635
v 26.307 -29.2169 90.78189999999999
v 26.307 29.2169 90.78189999999999
v 26.4687 -24.6109 79.05289999999999
v 26.4687 24.6109 79.05289999999999
v 26.4756 -29.4041 93.8052
v 26.4756 29.4041 93.8052
v 27.87288903746591 -25.36542248111489 97.75
v 26.5114 -28.8345 89.5277
v 26.5114 28.8345 89.5277
v 26.5282 -29.4626 94.75
v 26.5282 29.4626 94.75
v 26.76623783332394 -29.5695825733731 97.74796123421787
v 26.86304532988319 29.46232058830165 97.75
v 26.8833 -25.454 89.5852
v 26.8833 25.454 89.5852
v 27.34072312941162 23.91566348240922 57.25
v 27.09777706818587 -24.18948008971952 57.28319884252239
v 27.0549 -25.9026 94.75
v 27.0549 25.9026 94.75
v 27.1032 -28.824 94.75
v 27.1032 28.824 94.75
v 27.1273 -25.6848 69.62090000000001
v 27.1273 25.6848 69.62090000000001
v 27.76467005416547 -24.39778093989321 64.9450899412646
v 25.66781857752125 24.67352947962465 72.37244957266466
v 27.3285 -23.4737 77.5806
v 27.3285 23.4737 77.5806
v 27.3452 -25.8073 72.56310000000001
v 27.28799454967791 -26.13281798838784 74.67903974394899
v 27.4086 -21.566 62.8852
v 27.4086 21.566 62.8852
v 27.4629 -26.3141 77.7103
v 27.4782 -23.6778 80.57259999999999
v 27.4782 23.6778 80.57259999999999
v 27.495 -21.1439 60.25
v 27.495 21.1439 60.25
v 27.14514343712309 -27.04933850772759 80.79748969981441
v 27.66324103602285 -26.69623926795204 83.09934746898466
v 28.61428635689574 -25.98366639851886 85.36689048777752
v 27.71378390548702 24.45786732359354 64.97305548755089
v 27.7808 -23.8427 60.6078
v 27.7808 23.8427 60.6078
v 29.08112673358894 -26.99886517815974 97.75
v 27.9285 -20.2912 57.25
v 28.02468112193609 20.12460282449858 57.25
v 27.20843284365124 24.58171367954614 85.45492027931429
v 28.1306 -20.438 60.25
v 28.1306 20.438 60.25
v 28.2023 -20.4902 61.3149
v 28.2023 20.4902 61.3149
v 28.2493 -22.256 76.0039
v 28.2493 22.256 76.0039
v 28.2532 -25.5837 78.90000000000001
v 28.2532 25.5837 78.90000000000001
v 28.3208 -26.8136 89.4363
v 28.3208 26.8136 89.4363
v 28.3379 -22.5408 79.1003
v 28.3379 22.5408 79.1003
v 28.4096 -20.6408 64.3921
v 28.4096 20.6408 64.3921
v 28.6055 -19.6155 60.25
v 28.6055 19.6155 60.25
v 28.6811 -24.0966 94.75
v 28.6811 24.0966 94.75
v 28.7179 24.5218 74.4941
v 28.7264 -22.5241 82.4517
v 28.7264 22.5241 82.4517
v 28.9428 -26.781 94.75
v 28.9428 26.781 94.75
v 28.9802 -19.4029 62.8852
v 28.9802 19.4029 62.8852
v 28.9957 -22.7199 62.4365
v 28.9957 22.7199 62.4365
v 29.0944 -21.1383 74.5569
v 29.0944 21.1383 74.5569
v 29.1133 -24.446 77.42700000000001
v 29.1133 24.446 77.42700000000001
v 29.2632 -24.6502 80.4203
v 29.2632 24.6502 80.4203
v 29.2906 -21.2808 77.4687
v 29.2906 21.2808 77.4687
v 29.3809 -22.0214 60.25
v 29.3809 22.0214 60.25
v 29.5079 23.5496 97.75
v 29.5204 -21.4478 80.88079999999999
v 29.5204 21.4478 80.88079999999999
v 29.64849500822271 -21.28886639762355 57.25
v 29.546 21.4664 57.25
v 28.67921838834103 25.89565306147116 85.23843404414293
v 29.44930353628659 -17.65699196487401 57.25
v 29.7278 -21.5985 83.9592
v 29.7278 21.5985 83.9592
v 29.73502782718738 17.1657357738698 57.27208245579034
v 29.7482 21.6134 60.25
v 29.7849 -17.6571 60.76
v 29.77984755057347 17.66806131006442 60.77334343919631
v 29.7897 -21.6435 60.8655
v 29.7897 21.6435 60.8655
v 29.8753 -23.4381 76.1221
v 29.8753 23.4381 76.1221
v 29.8962 -19.9892 76.0039
v 29.8962 19.9892 76.0039
v 29.9973 -21.7943 63.9442
v 29.9973 21.7943 63.9442
v 30.0227 -21.1379 60.25
v 30.0227 21.1379 60.25
v 30.0085222092552 -17.96559676110178 64.96087339697296
v 30.1232 -23.5127 78.9474
v 30.1232 23.5127 78.9474
v 30.18343981946354 -20.00939407805446 79.12951324943653
v 30.1945 19.9854 79.1003
v 30.04825195453022 -18.34707705782717 67.67967648432146
v 30.2239 -25.3581 94.75
v 30.2239 25.3581 94.75
v 30.2986 -20.3601 82.4517
v 30.2986 20.3601 82.4517
v 30.3145 -23.6787 82.00279999999999
v 30.3145 23.6787 82.00279999999999
v 30.4442 -22.119 94.5934
v 30.4442 22.119 94.5934
v 31.2434240555917 -17.17220328641369 72.79455703234855
v 30.5681 -20.5557 62.4365
v 30.5681 20.5557 62.4365
v 30.96252801287135 16.63208155979481 66.88670251440062
v 30.6569 -22.2735 97.75
v 30.6569 22.2735 97.75
v 30.7207 -22.3199 74.6743
v 30.7207 22.3199 74.6743
v 30.7698 18.7372 77.5806
v 30.91491721199311 -22.46101403335751 77.55522160743136
v 30.9171 22.4626 77.58759999999999
v 30.9193 -15.6078 60.25
v 30.9193 15.6078 60.25
v 31.0102 -18.8165 80.57259999999999
v 31.0102 18.8165 80.57259999999999
v 31.0743 -16.9161 69.7698
v 31.0743 16.9161 69.7698
v 31.1088 -22.6019 80.4311
v 31.1088 22.6019 80.4311
v 31.24642760239634 -19.08393287538991 60.64496665727586
v 31.2605 19.0534 60.6078
v 31.29498169757408 17.00582443770484 72.61928396940159
v 31.3164 -22.7527 83.511
v 31.3164 22.7527 83.511
v 31.4521 18.165 57.25
v 31.48995888896593 -18.09923420805199 57.25
v 31.523 -21.1703 76.1221
v 31.523 21.1703 76.1221
v 31.5369 -14.0411 57.25
v 31.61675745801292 13.79532896979359 57.25
v 31.5856 -17.5681 79.05289999999999
v 31.5856 17.5681 79.05289999999999
v 32.4068496945912 -17.4107392203289 62.67682195523741
v 31.6705 21.3831 78.9474
v 31.7651 -14.1428 60.25
v 31.7651 14.1428 60.25
v 31.7801 -19.8311 94.75
v 31.7801 19.8311 94.75
v 31.73412290230741 -18.92618155638414 64.79001458072175
v 31.88195570681402 -21.53243043032593 82.05788011513053
v 31.8875 21.5137 82.00279999999999
v 31.94665173144099 -14.09950731595758 62.1725335924685
v 31.8998 14.2027 62.0195
v 31.79150408110538 -19.28676819416458 67.56460563052606
v 32.0715 -23.3013 94.7109
v 32.0715 23.3013 94.7109
v 32.1253 -14.3031 64.98439999999999
v 32.18378505620711 14.16339778963153 65.13478662490549
v 32.196 -19.7347 74.4941
v 32.246 -20.1342 77.42700000000001
v 32.246 20.1342 77.42700000000001
v 32.2764 -23.4502 97.75
v 32.2764 23.4502 97.75
v 32.41392420920414 16.80473105172879 83.10653600983203
v 31.70652034760251 18.96477513940791 64.73430192193273
v 32.4361 -14.5726 69.86109999999999
v 32.4361 14.5726 69.86109999999999
v 32.4798 -16.8821 60.25
v 32.4798 16.8821 60.25
v 32.4866 -20.2136 80.4203
v 32.4866 20.2136 80.4203
v 32.5156 -17.7018 89.5852
v 32.5156 17.7018 89.5852
v 33.1517574143903 -19.74688895702208 84.55448360493398
v 32.6964 -14.5574 72.4919
v 32.61512884127874 14.73372964335246 72.7065720827632
v 32.86286340091878 -20.59147711171565 86.63142084935215
v 32.24076411087645 17.64554417279474 86.37205932064246
v 32.8105 -17.8626 69.62090000000001
v 32.8105 17.8626 69.62090000000001
v 32.9262 -14.6597 75.51260000000001
v 32.9262 14.6597 75.51260000000001
v 33.21648032987394 -20.8592524853865 91.94225948273825
v 32.9953 -17.7264 94.75
v 32.9953 17.7264 94.75
v 33.0623 -18.9646 78.90000000000001
v 33.0623 18.9646 78.90000000000001
v 32.91609192086354 17.40849340874214 92.002620954362
v 33.224 18.0121 74.8436
v 33.36172815954581 -11.4141305983648 68.11198921802645
v 33.3141 -10.8244 65.6562
v 33.3141 10.8244 65.6562
v 33.23309936487077 -15.08008307896523 57.25
v 33.36148488674974 14.85771720500512 57.25
v 33.38245038254396 -11.68552806426436 69.55333829906481
v 33.31609100056599 -15.08804794924512 82.17614831997548
v 33.30537298708749 15.10341025671071 82.15680315084086
v 33.4567 -20.9086 94.75
v 33.4567 20.9086 94.75
v 33.5496 -10.9009 68.6468
v 33.5496 10.9009 68.6468
v 33.5588 -10.9039 68.76260000000001
v 33.5588 10.9039 68.76260000000001
v 33.5918 -14.956 60.25
v 33.5918 14.956 60.25
v 33.6704 -10.9402 68.69450000000001
v 33.55448823029342 -15.17024650139712 85.16513946307913
v 33.71178607289097 14.91196619823643 85.47541647224315
v 33.7593 16.8999 97.75
v 33.7671 -7.17742 57.25
v 33.7671 7.17742 57.25
v 33.76161266888329 -15.05499175505932 62.62145562471318
v 33.7689 15.0349 62.5764
v 33.7946 -10.9805 71.75709999999999
v 33.7946 10.9805 71.75709999999999
v 33.8778 -15.3574 89.67659999999999
v 33.8778 15.3574 89.67659999999999
v 33.9948 15.1354 65.5428
v 34.0114 -7.22936 60.25
v 34.0114 7.22936 60.25
v 34.11256824861903 -3.89070114975021 57.25
v 34.13060210359677 3.718936630397542 57.25
v 34.1556 -7.25999 62.0195
v 34.1556 7.25999 62.0195
v 34.09618095818625 -15.35170816282161 91.92573914568624
v 34.1563 15.2074 91.6832
v 34.1729 -15.518 69.7123
v 34.1729 15.518 69.7123
v 34.1883 -5.5469 60.25
v 34.1883 5.5469 60.25
v 34.2528 -18.6489 89.4363
v 34.2528 18.6489 89.4363
v 34.37961179410465 -15.32400028220814 94.72250061439419
v 34.37961179410465 15.32400028220814 94.72250061439419
v 34.39415302161049 -7.174659554157822 64.77654237513681
v 34.36390490220226 7.628934966920292 65.31092054374896
v 34.4141 -19.2504 94.75
v 34.4141 19.2504 94.75
v 34.4552 -15.3405 71.5911
v 34.4552 15.3405 71.5911
v 33.42588253555289 19.36375321762299 85.10786168295475
v 34.4751 -3.22228 60.76
v 34.4751 3.22228 60.76
v 34.51076908831146 -0.1020975649061155 57.25
v 34.6179 -15.4129 97.75
v 34.6179 15.4129 97.75
v 34.672 -0.944598 60.25
v 34.672 0.944598 60.25
v 34.57165888711972 -15.68948651092449 74.91335817787748
v 34.73440381309508 15.23481279379628 74.40080694882555
v 34.7713 0 60.25
v 34.8069 -7.27599 69.86109999999999
v 34.8069 7.27599 69.86109999999999
v 34.82515967316107 -4.764968439350778 66.91171643692029
v 34.8502 -1.33691 62.8852
v 34.8502 1.33691 62.8852
v 34.86 0 61.3149
v 34.8817 17.8692 91.3032
v 34.8908 -12.0958 88.50700000000001
v 34.8908 12.0958 88.50700000000001
v 34.9349 -11.351 86.2345
v 34.9349 11.351 86.2345
v 35.0086 -7.4413 72.4919
v 35.0086 7.4413 72.4919
v 35.0827 -4.57963 69.7698
v 35.0827 4.57963 69.7698
v 35.1162 -7.38216e-15 64.3921
v 35.1606 -12.3512 68.54000000000001
v 35.1606 12.3512 68.54000000000001
v 35.2546 -7.4936 75.51260000000001
v 35.2546 7.4936 75.51260000000001
v 35.2664 -11.4587 66.42619999999999
v 35.2664 11.4587 66.42619999999999
v 35.28441898921037 -11.50418721730875 90.82064823984054
v 35.2931 11.4674 90.7831
v 35.3221 -15.7264 82.9781
v 35.3221 15.7264 82.9781
v 35.37281759093381 -4.326851614474574 72.93549452159759
v 35.3933869629146 -10.6878974568867 88.474443154106
v 35.337 10.7226 88.50700000000001
v 35.5309 17.8132 97.75
v 35.52960363287299 -15.85335967336492 85.91249712323656
v 35.5209426925562 15.86576970824883 85.8968653339812
v 35.5999 -11.5671 70.6572
v 35.5999 11.5671 70.6572
v 35.6157 -16.3035 89.5277
v 35.6157 16.3035 89.5277
v 35.7054 10.6745 68.54000000000001
v 35.6775403701356 -7.732396021084869 57.25
v 35.7228 7.59311 57.25
v 35.86441057617489 9.462860673959113 89.86376429530507
v 35.7886 -16.8695 94.75
v 35.7886 16.8695 94.75
v 35.81760595496598 -7.597171317825425 82.40434298583541
v 35.81819745750272 7.566155479707641 82.3723045519429
v 35.85260904329444 -5.763393669651657 80.51012098025541
v 35.8795 -4.35269 79.05289999999999
v 35.8795 4.35269 79.05289999999999
v 35.9068 -2.92735 77.5806
v 35.9068 2.92735 77.5806
v 35.9162 -15.9909 90.78189999999999
v 35.9162 15.9909 90.78189999999999
v 35.9359 -1.40094 76.0039
v 35.9359 1.40094 76.0039
v 35.9626 0 74.5569
v 35.9673 -7.64509 60.25
v 35.89484427331235 7.868084827902264 60.25
v 36.06213832139935 -7.494805656835313 85.21162814628718
v 36.05108767931809 7.697653728186761 85.4207642935274
v 36.10740997012324 -5.121648344921366 82.75993394739676
v 36.1212 3.8018 57.25
v 36.1224 -3.79131 57.25
v 36.1463 -16.0934 93.8052
v 36.1463 16.0934 93.8052
v 36.1478 -3.00446 80.57259999999999
v 36.1478 3.00446 80.57259999999999
v 36.15546541003855 -7.694934036867768 62.59552195775981
v 36.11803093413828 7.863612780223052 62.79484922210357
v 36.175 -1.57932 79.1003
v 36.175 1.57932 79.1003
v 36.1998 -5.43322 60.25
v 36.1998 5.43322 60.25
v 36.22433140140627 0.03515996707861557 77.50620117766866
v 36.2183 -16.1254 94.75
v 36.2183 16.1254 94.75
v 36.31722847741067 -13.35557070831395 85.55783384923303
v 36.37828252898938 -7.823304652765887 65.6310666149041
v 36.4346 -7.48848 89.67659999999999
v 36.4346 7.48848 89.67659999999999
v 36.40688463503063 -16.29606061338793 97.75
v 36.4467 16.2271 97.75
v 36.46399297642394 -3.461531246748865 84.94660214393767
v 36.4590069140908 -4.564167692521632 62.26516708179528
v 36.46938200635905 2.72568247963757 84.0822620972105
v 36.4795 -1.33743 82.4517
v 36.4795 1.33743 82.4517
v 36.4802 -13.6008 88.34229999999999
v 36.4802 13.6008 88.34229999999999
v 36.4892 0 80.88079999999999
v 36.4895 -2.95996 60.6078
v 36.4895 2.95996 60.6078
v 36.5208 0 57.25
v 36.5551 -11.8775 86.87350000000001
v 36.5551 11.8775 86.87350000000001
v 36.5717 -7.77356 91.6832
v 36.5717 7.77356 91.6832
v 36.82341994079494 -13.22424395845903 90.87672782787433
v 36.7105 -4.79113 89.5852
v 36.7105 4.79113 89.5852
v 36.7134 -0.546007 60.25
v 36.7134 0.546007 60.25
v 36.7456 0 83.9592
v 36.764 -5.77453 91.4686
v 36.7677 -7.53196 69.7123
v 36.7677 7.53196 69.7123
v 36.7708 0 60.25
v 36.79528124861385 -3.722352791869092 65.23765276545397
v 36.7949 -11.9554 89.8682
v 36.7949 11.9554 89.8682
v 36.79042449240296 4.391970744008375 66.02419904778675
v 36.8125 -1.33754 62.4365
v 36.8125 1.33754 62.4365
v 36.82096073932549 -7.810460072765297 94.72249584755875
v 36.82096073932549 7.810460072765297 94.72249584755875
v 36.8221 0 60.8655
v 36.8263 -12.1341 86.84529999999999
v 36.8263 12.1341 86.84529999999999
v 36.8298 -14.2433 94.75
v 36.8632 -11.9776 86.6855
v 36.8632 11.9776 86.6855
v 36.8917 -7.84158 71.5911
v 36.8917 7.84158 71.5911
v 36.9254 -11.8292 86.84529999999999
v 36.9254 11.8292 86.84529999999999
v 37.0436 -4.83441 69.62090000000001
v 37.0436 4.83441 69.62090000000001
v 37.063 -12.209 89.84050000000001
v 37.063 12.209 89.84050000000001
v 37.02679376348457 -7.998957631649553 97.75
v 37.02982269940554 7.975964630181656 97.69898499226153
v 37.0787 -7.79471e-15 63.9442
v 37.113 -5.05318 94.75
v 37.113 5.05318 94.75
v 37.1243 -12.0624 89.9983
v 37.1243 12.0624 89.9983
v 37.16944053019386 -7.736482631929523 74.79068172620842
v 37.16871558647015 7.740109318191976 74.78659529142587
v 37.1609 -11.9077 89.84050000000001
v 37.1609 11.9077 89.84050000000001
v 37.4129463132351 -4.57681123041464 97.75
v 37.25065272911007 10.45071120118793 85.43883039684444
v 37.2919 -4.8054 72.56310000000001
v 37.3671 -2.63622 94.75
v 37.36514518641096 2.629990298081252 94.71866794913325
v 37.54245578940633 2.167718386083535 72.40758433428773
v 37.54369145543439 -4.566162638032019 75.28355639186587
v 37.5074 -10.4393 88.34229999999999
v 37.5074 10.4393 88.34229999999999
v 37.6311 -8.147640000000001e-15 94.5934
v 37.5060185678277 3.662305497816293 73.69115433345816
v 37.81070548013334 -8.077830608704529 83.01785075151297
v 37.82500018155382 7.770751214623938 82.70114859660943
v 37.85795900343951 -6.040377091313065 80.91376501536271
v -34.82637774697983 4.597462175992113 66.71496774005317
v 37.87600902143602 -0.1492698515129631 97.72235906201935
v 37.895 -4.09083 78.90000000000001
v 37.895 4.09083 78.90000000000001
v 37.9222 -2.66485 77.42700000000001
v 37.9222 2.66485 77.42700000000001
v 37.9462 -1.4016 76.1221
v 37.9462 1.4016 76.1221
v 37.9729 0 74.6743
v 38.06348019381027 -8.002000958720503 85.85448604990384
v 38.10786001538153 -5.669977191747662 83.44520516497124
v 38.1635 -2.74197 80.4203
v 38.1635 2.74197 80.4203
v 38.1906 -1.31619 78.9474
v 38.19122548917446 1.283259496138561 78.91337839282264
v 38.2156 -8.27307e-15 77.58759999999999
v 38.3966 -7.74461 89.5277
v 38.3966 7.74461 89.5277
v 38.42349155914196 -4.820636163497199 86.16175411274781
v 38.43093517530426 3.001959452232811 83.95713572517413
v 38.4429 -1.33806 82.00279999999999
v 38.4429 1.33806 82.00279999999999
v 38.4526 -8.08251e-15 80.4311
v 38.456 -8.17408 90.78189999999999
v 38.456 8.17408 90.78189999999999
v 38.6727 -5.04606 89.4363
v 38.6727 5.04606 89.4363
v 38.6888730514714 2.812779467105054 86.81383551400349
v 38.7025 -8.226459999999999 93.8052
v 38.7025 8.226459999999999 93.8052
v 38.7092 0 83.511
v 38.686857804448 -6.20553099174388 91.06900909808024
v 38.7795 -8.24283 94.75
v 38.7795 8.24283 94.75
v 38.79923899657476 -6.216456852584596 92.99940033525614
v 38.8693 -7.38829 94.75
v 38.8693 7.38829 94.75
v 39.0281352017352 -8.25547829321906 97.75
v 39.024 8.29481 97.75
v 39.1567 -4.65416 94.75
v 39.1567 4.65416 94.75
v 39.43224500662327 -4.410940743017997 97.75
v 39.16459585521243 2.486702080596741 92.11156540455755
v 39.3568 -2.74996 94.75
v 39.3568 2.74996 94.75
v 39.63780434655762 0.02494749148318337 94.68482250789108
v 39.52460952803967 3.531978282589445 97.75
v 39.88816625219462 -0.07263865064074093 97.75
v -38.96019709887624 -4.813270510228108 92.59264986425339
v -38.41742696026137 -4.868485804157062 86.14947165241253
v -36.82574187294229 -5.429531841380292 91.7748222303745
v -29.48595 -26.5493 97.75
v -38.11922328307782 -5.070446407563965 82.82587100965424
v 34.82294586444355 5.075815644447154 67.27679737443485
v -34.48059889334871 -11.82938578616333 58.7908451115225
v -36.44939423672327 -5.462663741620092 87.29709496542958
v -37.2987065791513 -5.703158978267732 74.00607459681773
v -34.38245023362055 15.32505923714459 94.75856355698988
v -36.01679439797353 -7.84292330654349 85.56897741283989
v -35.00859287825955 -7.44129805087837 72.49190235320924
v -34.42857203375831 17.96252539831999 87.13160347598394
v -33.79167356940063 -10.9882379693456 71.75301570672329
v -32.35121628166423 17.49116337323394 86.59497421026734
v -34.118574312099 17.87518668666183 83.36578600773234
v -32.36845818112862 19.35717330406281 74.01857883982019
v -33.33567928632962 17.76972232597888 74.54863005080986
v -33.74692368757032 -16.4266212911649 70.74264983234087
v -33.82748100768717 20.11776475044968 93.85316425180488
v -32.91019104367104 16.66083324485849 63.60826641223576
v -33.01063290424604 17.14226364294399 67.3664496294476
v -31.36700569393798 16.06685971688739 67.70306071080006
v -28.32916558689856 -27.12632419033863 92.03616917486612
v -26.19478193544004 -25.36844210997029 82.71581746895177
v -26.52034693014857 -26.13429590701216 91.6989968578
v -26.28920639620168 26.79607932694926 71.07771658572644
v -22.83997844147145 -32.14225889736166 94.75
v -21.59098822116753 -29.71734420817716 86.23458112589637
v -21.1873119387526 -30.66209518150537 68.57968961878397
v -17.36902713073623 35.15117456621385 91.71086749863167
v -17.01161475980814 34.86300265167204 86.78056180688225
v -17.12061003361635 33.41548228264141 71.35934095275837
v -16.46342713764102 33.43820244971404 91.94132731974328
v 37.89195387424002 -11.77891073633088 97.75
v -23.45324161461928 32.00403842014244 97.75
v -6.32925170950673 -38.3306982735993 87.27341290726571
v -8.312858305931101 -35.30696928989731 80.5725992826946
v -6.035652115232118 -36.72816485935092 91.64132210670755
v -5.946920871589523 -37.07735922877298 71.5214524863167
v 23.17555 -31.89845 94.75
v -6.550880202366165 -34.49143102928161 66.51610683260094
v 34.54646672141354 -11.57076768511178 58.58298513219609
v 29.81781743424355 26.18068775935094 97.75
v 0.8178138470505234 -37.25674850958056 68.54303461436253
v 1.828977563163389 35.43676648664311 70.58578432201469
v 5.939986529195817 36.38469281654366 63.32928166114662
v 6.497192245333995 34.52588519308406 66.58477959208754
v 6.754493790995516 37.88206061606672 83.04472514653922
v 5.194263039044841 -37.1713248987618 70.74263090665198
v 5.493739425915558 36.58714646124012 88.01234447339191
v 7.330952248806833 35.95334806196161 85.74120494856648
v 5.180346488696232 36.83509417780978 90.75626013048614
v 6.68863324039484 38.21679043829522 86.83061208223447
v 15.69914323461016 -35.29993369463573 85.15582496557741
v 16.6170167935158 -35.56595786850319 92.59269509092772
v 18.48229012443501 -32.0124612954815 62.57640271340692
v 20.02185 -31.6611 70.06555
v -23.74688685774027 -29.20939105418688 72.7002845430722
v -19.57832653739119 -29.8731361858712 73.47142717490746
v 20.00542670204031 -31.37620298959703 67.16876380779721
v 19.87263482915292 -30.58025306848986 70.08624061369855
v 19.11686352619322 -29.94419901801059 70.89072688108189
v -34.81886038584589 10.21777419693444 69.2787775515061
v 22.78270254053889 31.35774723206628 86.68539734222588
v -23.7465616421205 28.68261060706097 91.42512767500747
v 22.83197263288766 30.50706858933394 90.73946885771994
v -33.40999306586717 10.95260607315241 67.2359764684596
v 24.73415572149143 27.47012877032839 62.57636680324772
v 0.8450666489479093 -36.66297637698651 85.39251770511636
v -20.64802666873409 31.48910759871533 84.83503744749615
v 21.74595218932659 -30.15503202929575 67.59177596974058
v -34.70428904735638 10.46246055621292 68.26156258756573
v -1.003191145023717 -36.63967716584658 85.23112392932441
v 21.3729338908463 -27.82229734688467 66.1736188581044
v 25.28619800206956 24.44289715758857 67.08420750140642
v 35.42041825212925 -9.766335788407394 85.89719292700984
v 26.05099571878208 -27.01913490978752 70.74263862402432
v 35.06472794852617 12.43155007055203 91.76795015359855
v 26.21176003996005 26.49401945563525 67.9448828024245
v 20.15869771611323 29.04754421228101 69.52518795771789
v -20.58912406369695 -31.49926695908394 72.50906931875907
v 24.13865242012106 26.42203688557111 72.77803856926833
v 35.44660505648017 -13.38560572682956 89.07114024181368
v 25.79226800161104 25.98479211668237 83.52736412065875
v 38.69143373194667 -2.456154919813002 86.39512241359952
v 25.98293325155267 26.24284169432126 87.87953704104888
v 19.9306342639644 -29.71498404018129 67.53131490210143
v -36.28708683924629 -9.91359190302509 72.37787668922584
v 35.66466884138808 10.58007316682901 91.73876435341684
v 22.39134979809234 -28.03935237054465 70.14472889674823
v 25.07459998699937 27.47400007150345 89.67660046090208
v 28.12302321573404 27.32465085720142 91.78893585211247
v -0.8613165910847554 36.69869007439588 85.39022752983122
v 36.38467026509693 -9.651791315964761 72.72394086310422
v -21.8399240477807 -28.40798956050586 69.46729139912114
v 35.51118201102314 2.34941699859686 72.10103752499008
v 34.16561503603776 13.54967352986337 85.6040395625584
v -35.12424202387952 -13.54483443284258 72.68368858412403
v 13.15485 33.07645 72.16335000000001
v 19.86382482419256 29.0682168961632 67.63478874242475
v 35.23995 5.02241 72.2174
v 31.51777491347045 -17.25291331968804 66.49393770815458
v 32.77926448007695 -17.46560009536184 66.89946944429568
v -20.1293933352854 28.90689488767745 67.94331481538839
v 31.53884124664765 -15.82668731779479 68.04992241600809
v 30.77004629842011 -18.7373722638298 77.58006697512715
v 33.25978728138807 17.46211458529345 71.89928105642254
v 35.51334384104354 13.62376100405479 89.20668243010144
v 32.52201015025633 -17.25243837125891 86.93974586206735
v 34.83754575460951 3.072971512734373 64.92431859935508
v 25.57426885173355 25.09511427473724 74.93946977597459
v -18.092 34.92495 92.76595
v 35.52708431174128 13.72548834361973 87.61729948360163
v 33.4257968477886 -17.11158840326093 71.51949346458662
v 7.83545 36.86284999999999 97.75
v -7.83545 -36.86284999999999 97.75
v 35.83845214811367 -11.64943606275239 97.72428882865195
v -35.74421124192598 -11.94643543133094 97.75
v -35.8502983670634 11.61586493519211 97.73506351936831
v -15.32845 34.4282 97.75
v 15.32845 -34.4282 97.75
v 37.47995 3.9393 97.75
v -37.47995 -3.9393 97.75
v 0.3436724837514604 37.6864 97.75
v 0 -37.6864 97.75
v -32.6374 18.8432 97.75
v 32.6374 -18.8432 97.75
v -22.1515 30.4889 97.75
v 22.1515 -30.4889 97.75
v -8.249375000000001 -38.81025 97.75
v 8.249375000000001 38.81025 97.75
v 34.32327456493189 -9.045816395795864 70.76691233319087
v 34.62484890179874 -12.35405839723058 86.41650461905321
v 35.6239880345234 -11.51219539987156 94.75
v 35.67680665422225 11.34967323604747 94.75
v 1.021405182655144e-14 -37.43234026081879 94.72249631025753
v -0.002712078726339461 37.43908530253852 94.76430948738663
v -33.35143100131245 11.7824123715405 69.65934507905834
v -31.03347754279454 -19.7734646025513 86.59416013191839
v 36.95711620426282 -6.546532949486307 70.74262728348512
v 36.95711587498656 6.54653946818088 70.74263155432183
v 16.25927258037253 -33.04379788091451 87.05009484175548
v -33.32756616185756 11.42069594177524 68.03610094133366
v -35.6373311729016 11.47112974854118 94.75
v -22.26052231014671 -30.10257681099477 94.75
v 22.00221386662102 -30.28344048939061 94.72249182517811
v 21.98245049521292 30.30461291756212 94.75
v -35.69635668016324 -11.28950426026591 94.75
v 35.14175994405248 -10.47475215448848 85.34048245394544
v 35.50507316320746 13.05870316023018 85.23805727761389
v 27.1751 26.2372 74.50905
v 36.23043295136296 -10.26763142922204 85.18985138315908
v -30.15300912598263 -17.76356024126422 65.25263927472729
v 32.75216776007017 -10.70900847966354 58.77251614328395
v 35.60315585269745 9.595135247436868 87.35669374267351
v 6.026434999999999 -35.3243 75.03625
v -33.63981633433883 -10.89793129047144 69.6708012118998
v -29.87727252343574 24.70361226117632 86.35759568596815
v -29.9164546523715 -24.65055996928751 86.28018579517457
v 29.95813508905931 24.59405516899211 86.197739095803
v 29.79620873902269 -24.81350407654652 86.51793993813222
v 14.43820011800768 -35.99018155141901 86.57575074548454
v 14.43511214997513 35.99120969165893 86.57192912867029
v -14.39953821483548 -36.00305404814962 86.52790343046173
v -38.6886540128834 2.840446130125257 86.84637362909501
v -32.74723974865979 -20.75301325413771 86.39826153205757
v 32.82431635854828 20.64529394080832 86.55379280728312
v 32.41429033959826 19.26916305468351 73.9661368402115
v -22.08130068012574 -30.53990214047588 97.75
v 36.78178713458303 -5.586089451907372 67.42673998269481
v 38.65102462411429 6.421175352184534 90.91145517028954
v -37.26833180624946 -10.37579140905473 85.36239056842832
v 17.22024222358449 -34.47263983107717 83.50187808240895
v -27.51926251551426 26.95706800024408 83.40727856566679
v 0.07499635920507419 -36.5694 60.25
v 36.9332190136648 4.991717358356145 92.288262851402
v 19.90145662417113 -30.73126235777518 84.27479428722104
v 21.6891729002732 -32.05290963869106 85.71638176050394
v 23.8357007150258 30.48624072918506 85.64583443079894
v 23.0464 28.46475 84.32769999999999
v 34.12549550028299 -13.21952397462256 84.20532415998774
v 22.0959971530684 30.52922466412904 97.75
v 35.21974281157001 -13.17801365447996 72.30150114543733
v 9.504777150188499 -37.59337680610214 86.53749634581635
v -9.570850660297845 37.57220836630692 86.49127384934741
v -24.96193526687102 24.24603858099159 62.53811383395889
v -34.43886463058995 5.119928555739738 62.72048880880099
v -37.16088707073364 11.90775464911219 89.84055574421399
v 28.68409164449922 -23.57447077488041 66.54166340304251
v -28.65213248124514 23.61779426439083 66.60487710146027
v 9.024556793122699 -36.03511836582768 66.9415171361876
v -38.43313190592011 -2.698529352743391 83.60073652285078
v 34.54336124516912 -11.22282030046445 57.25
v -34.1149671825897 -17.88038492591061 83.35918174949578
v 13.58646585526655 34.20394892465836 86.72092002765841
v -30.89634682980988 19.96510386610503 86.31746429744689
v -28.20788433216995 -23.71723286789505 87.01309924905476
v 28.30555 -23.52625 86.7722
v -30.33575075203029 -24.9267115766265 92.26991862496163
v -35.34095399261358 -11.5886601368581 67.76626141184133
v -33.07767315465956 -21.15527699319756 92.27787340046424
v -35.43908278611838 -5.279044410487892 74.93223695977031
v -10.06719434264588 -34.67527633586337 65.50769840197766
v -36.20191442514516 9.488808652716671 69.81700848230666
v 23.26501098281863 -31.20048780974108 88.57072497629837
v -0.5802723060285571 35.33369652596171 69.34103430786585
v -2.006382290047429 -36.54665433169315 84.22774785864881
v -7.068875 -36.03635 86.06415
v -27.78855791309548 -27.10309498788969 87.00070327999978
v -26.89721959445618 22.69066226868358 67.38332034089483
v 26.93798603195164 -22.63548264869826 67.30275961530953
v 8.379297920041374 -34.18082912748841 67.43725138463586
v -6.784560152092546 -37.82183132542664 82.99306550674962
v 28.924 -24.00235 72.14760000000001
v -29.23959131318071 23.71503343367672 72.65769300775648
v 34.01730000000001 18.0203 83.18299999999999
v 13.75404698653946 35.00022873971694 72.30652512514246
v -21.49495 -29.5853 60.25
v 21.20373290271333 29.79428701579821 60.22477740939102
v 0 36.5694 60.25
v -34.77955 11.300545 60.25
v -34.77955 -11.300545 60.25
v 34.77955 11.300545 60.25
v 34.8304205806054 -11.14395149494776 60.25
v -34.91157431634319 10.76410691351547 68.61673500527043
v 21.77555874539939 -27.64226628789172 67.27329967536761
v -38.42969358976271 3.16947957467225 84.15391787749465
v 22.78172023091392 -31.52624737416121 88.32309885143499
v -2.85722844963643 -37.74980956984173 86.75724348804577
v -25.56284890989503 25.10567670929391 74.92222260213144
v 25.63855 -25.0357 75.03625
v -5.700923730084225 -35.36762438541761 74.73082509300946
v 1.059794812950299 38.79339381639078 87.08498757999665
v -0.8371458066249395 36.75206602210837 86.46829167379454
v -32.7892169576705 -10.57927167068502 58.71358422802984
v 29.97017753281906 18.01914900939412 64.88355636630064
v 34.97360154906793 12.3817752414589 90.52545820715964
v 34.83635589705233 13.39570014110407 92.75280030719711
v 2.183770720221805 -37.28967463023874 92.95993836144201
v -1.975053967332746 37.2708701304094 92.75279815512876
v 1.775677901251905 37.2528823281307 92.51565797137492
v -27.30689976325554 22.81236261699189 72.04291975965528
v 27.24701927581884 -22.87382520291693 72.00219240517096
v 8.799375 -34.49165 72.16335000000001
v -1.939203368221766 -37.30491713374136 92.69561718465276
v 6.1081123885973 -36.69046172196118 67.35945074623058
v 36.11942085613072 9.494082703991719 92.90839474919318
v 35.35712685152212 9.562363840501913 84.40953952082442
v 34.4514228173211 11.50601231943011 57.25
v -34.48772447328538 -11.39429405793779 57.25
v 0.2600049851788384 36.3208 57.25
v 2.198306041265454 -36.55453793115701 84.08301267919778
v -32.78822594229504 17.77189907364053 92.39091885004007
v 8.0970720315753 34.00147323067588 64.61105785369455
v -33.99469548561095 15.13546372496921 65.54295126941363
v 33.74219448029793 -10.82155893466586 70.56187548954593
v 22.40161185154089 29.68217517247235 67.62646022139454
v -34.10937061035244 9.588956010893662 70.17882498081623
v -34.82433117074803 -4.88586542914871 67.05368376578674
v -30.75882692001132 16.26134988159619 62.51797275788005
v -29.66330659097201 21.45999679785301 82.44871421594843
v 20.30789564868461 -30.9033342034522 64.69747252823238
v 34.90573022171077 12.36979816221338 89.70109798273451
v 2.266381321807961 -39.54662237465388 96.17367158810463
v -24.7701 -30.44015 91.82285
v -33.47740824865274 -10.84503518601875 67.60904605738104
v -22.74655317401276 -30.1710193109832 85.98179939666467
v -23.69171586457375 -28.88036031495742 92.96767497334527
v 6.513791365415518 -37.95434979316828 83.29409429544567
v 30.74 -19.64685 58.75
v 9.560893135091586 35.22329731127022 58.70523911729664
v -24.62632251206691 -29.80849675254012 84.63726278483959
v -27.55394654643537 -26.91118959578753 83.34795089814502
v -0.9412220611373089 -36.76950272698127 86.6788359845886
v -25.94625743628221 26.24493567402766 63.72883098831795
v 36.48372564297696 1.735040630148858 58.99316237549205
v 36.80234930014313 2.742894311706923 64.08723235553173
v -23.08119289201495 -28.43480612079524 84.28211904053994
v -27.20142094408153 -26.21289256803175 74.54862607462732
v 36.09495129183372 5.774766692077331 83.43463397745479
v 30.95335 -20.45815 65.87335
v -26.05099635824097 -27.01913411702626 70.74263795757176
v -9.71839184076433 -35.68038352432575 64.49578042900629
v -26.45839241078734 -26.15972100982421 67.45693943909485
v -7.196678856559528 37.74762050241596 82.56730598038476
v -25.10896907475491 -24.68312159327207 67.43483900563211
v -5.891624999999999 -38.8891 92.76595
v -2.292940322757499 -38.71692971872415 86.16235134565804
v -8.973733886602981 36.45914630101193 71.81859694716999
v 1.889931234442764 37.58804858525157 72.54107863145848
v -31.85895839803771 -19.89211263104476 71.92188154088265
v -33.70317809471278 10.25042111242585 67.98312517513146
v 2.253772125755136 35.71545117430171 73.95065088278643
v 34.83849414077475 -2.938958278365697 64.76692818588185
v -8.639602787109943 -34.85883692173176 64.09151403236405
v 36.37928637525913 -6.315190207601407 64.07140057661987
v -36.02402753863031 -9.324384167734536 67.16254369135618
v -20.76215197082454 -28.60945125423419 69.52850172072201
v 38.43052860601652 -3.053682390962738 84.01790677687855
v 13.66243475226963 35.17458161924673 73.77879698057636
v -33.14406200262489 12.66092474308099 70.55609015811666
v -22.07080255031785 -27.77826770148547 70.26598330103619
v 1.191995 -37.90925 88.42465
v 31.69931400643567 15.6023407798974 68.37390125720032
v 36.47112597079428 10.09743342529795 88.98055417312347
v 19.56871546379836 30.82681171170236 58.70829744465749
v 16.73782138077768 32.88446632969349 87.6425629206679
v 6.917575922194794 36.95614287161374 72.5258405935149
v 38.6990365257357 1.406389733552527 85.16241775700175
v -25.41091901402434 23.0476586970628 57.25
v -35.65264999999999 -11.1208 69.5986
v 35.64037872988597 11.10175413066378 69.38679572043307
v -19.45118130157843 -29.66332605979656 70.51937319708581
v -33.95921131795733 9.294528425783154 67.00963732400494
v 22.19650612400327 29.9943955729023 69.21929637210403
v -13.7514 34.5003 66.78255
v -13.52647064862655 -34.57515196068179 66.50419090279334
v 13.24668381103283 34.66830934737663 66.15793646887454
v 13.83074866539584 -34.47388158234303 66.88074894677405
v 28.85610919511467 23.34133724257063 66.20148313467089
v 37.06621909757192 1.723103949882815 65.96752209404465
v -37.06115 2.417204999999999 66.78255
v -37.06425750967225 -1.993919291758365 66.2855218668734
v 37.06101022742899 -2.439212460024687 66.80840260573801
v 9.874535748347949 35.76570400171598 65.89454791963411
v -9.253866852019929 35.96244134748076 66.65906007583938
v -9.15361 -35.9942 66.78255
v 31.35958938133968 19.89040881858654 66.6930980753627
v -31.4039 -19.82845 66.78255
v 35.36044468746906 -12.0657101251724 69.76880170610217
v 36.29800702876338 -9.258074036460657 70.06489520116583
v 36.77996915218412 5.836652340091732 67.72106204182185
v -34.8950336168534 13.47660060836424 69.68866684380293
v -36.77997094246971 5.837633718225835 67.7221987791397
v 34.8079 -13.84585 70.06555
v 34.8079 13.84585 70.06555
v 20.17371075534222 31.53037070431983 69.86649412912976
v 6.626638728397126 -33.69248962959684 57.26959832523249
v -0.4469975049955051 37.32625965632064 69.38194524332373
v 0.6911347214753198 -36.3208 57.25
v -23.9244 -28.8257 70.06555
v 23.68203267850667 28.97536216391176 69.80758234457753
v 19.12041227213856 29.53985823878017 66.76574799365586
v -20.02185441132303 -31.66110902248816 70.06555054549014
v -16.92282926814993 34.57556241064617 83.17680181560286
v -1.911737676906835 37.31202669596136 69.58410096809372
v 34.22264411514671 -13.63302325069856 86.83606973153957
v -14.7514087916904 -35.61544279439696 83.98263071248732
v 35.22964706715445 11.89321305273638 67.62461980613409
v -1.620792901282512 35.14246408211574 67.03191564240245
v 1.8379 35.12455 66.81559999999999
v -16.78657400314421 33.82336797507249 74.21623356437129
v -33.89942026772385 -9.522310610722133 67.24162674532209
v 22.13255 27.33605 66.81559999999999
v -19.0691759083316 -29.59360654277998 66.70023745438188
v -25.42515550541937 -23.03731513302064 57.25
v 35.2135 -11.90495 67.48310000000001
v -38.67416492527661 1.250061974359297 84.98480867678335
v 33.11431738454981 12.78692091320416 70.68468837870871
v -0.3812154242643062 37.18124806120672 67.63208900428026
v -19.09704514722617 -29.24532030209271 63.92243229078163
v -15.61028155179197 33.61109183964972 66.10396647729722
v -8.888448017443299 -35.80920634702815 63.93375640557684
v -0.664015815344055 35.21616685657957 67.92190554101929
v -10.45751313664909 -35.58094526028664 65.176451161241
v 26.15677296305472 -25.76964150114605 61.60295750014204
v 2.114926948818359 36.7317877586591 73.27229243430074
v 16.30333792791983 -32.662497063252 83.06001769557889
v -34.60061628019747 11.04661825284682 57.25
v 13.6279 -34.19015 86.7722
v -13.6279 34.19015 86.7722
v -13.55192427847627 -34.21545239887694 86.67817047619945
v -36.72677703763117 2.569323638010148 86.9762366463538
v 36.72932684710276 2.216123885780952 86.56150676944409
v 36.72805 -2.395565 86.7722
v 31.16487563710733 19.58980043937294 86.85933183670487
v 31.12069279773801 -19.65151890929723 86.77021349651793
v 9.07127 -35.6707 86.7722
v -8.75323245138072 35.77147021809974 87.16394491917434
v -8.937752990566526 -35.71300288548857 86.93667610717674
v -28.25109933026548 23.60005367627402 86.87989536576777
v 28.36191981554688 23.44983379907663 86.66069805380435
v 5.032514861672153 34.97256527345365 68.38690633152187
v -23.75575 -28.6384 67.04140000000001
v 1.995527259083911 37.16417121487018 67.42992873695866
v 34.5777 13.7433 67.04140000000001
v -34.64696769806936 13.5778727183353 67.21948298563517
v -21.32677000127146 31.18276918368115 85.58312416653966
v 0.7783710955313647 -38.00213097600969 91.07896553063645
v -15.82387910454771 -32.8284128850186 82.53597662757743
v 37.37518969139271 10.3462020561434 86.47829143153562
v -21.0122924883317 -33.20842597220576 92.19466106771293
v -2.373639048632204 36.78460406095292 86.86132147899802
v -32.85333923679001 12.56404654965194 66.85645593074381
v -20.61426757534161 -28.55468543809985 67.92969957856911
v 35.34861988810496 -9.598504308976965 84.44646490789088
v -22.51032573620903 29.48364915063508 90.47609933666787
v -6.440247089458246 -37.21839551298743 74.42368522660553
v 34.58581713713602 -13.72391439937031 67.06226865965351
v -5.131814653576926 34.9410911628425 68.26457095658341
v -1.888751947910011 -36.69066420981882 85.72678279189118
v 30.26860580796561 24.98958905267202 92.17549291064482
v 30.15348979896657 -25.09739865600814 92.01360706631537
v -30.25851796926945 24.96997458285063 92.18463006675901
v -14.50828612011888 -36.45682453120438 92.06376903827643
v 14.4999 36.46145 92.0736
v 9.700810000000001 -38.02075 92.0736
v -9.700810000000001 38.02075 92.0736
v 33.11255205360762 21.08088530499973 92.19353275938259
v 34.707175 12.8737 89.30105
v -39.2725269146132 1.882392193909031 92.742770311367
v 39.22487447633048 -2.173283901399984 92.43918637267009
v -30.95335 20.45815 65.87335
v 8.770270040636474 34.49527503124133 72.13323607407457
v 35.52265 -2.289815 72.16335000000001
v 37.49065988513358 9.318615009731058 84.3037046118955
v -2.433827759638381 35.92072468622295 66.5395314925412
v 28.43603130921298 -22.90861930545634 58.94141522722866
v -12.70950980886157 -34.23751015016484 58.7726962576387
v 21.62890422820505 -29.05456772244113 68.66034651882521
v 12.90978030919393 34.14485597548462 58.73426544909476
v 14.30292340417041 33.81705023647715 74.230233363511
v 13.19625 33.18955 73.614
v -23.75996895233119 29.97765431790653 91.81397557220646
v 2.081872279777579 -36.86260211173651 87.17228284180378
v -20.32719854670747 -31.15082157465017 67.55047463792933
v 35.23901377215291 -10.60066906279159 86.92692265589241
v 32.95620176166732 12.31437870415386 67.10617074542903
v 36.38500023510242 -9.568632582336555 96.23689418880359
v -1.766476937329409 35.48055225415282 70.49509042691889
v 14.61168548884066 34.79939059459076 74.30133965246
v 2.010552502876891 -35.49221754824529 70.74330467489139
v 0.6931774301845233 37.6089098462411 85.89396033734613
v 33.91491552765419 -9.327995479995451 66.97250478329576
v -2.254895367162646 -36.79440238931792 86.97962946854454
v 34.53619999999999 -18.60605 92.13884999999999
v -28.36765 27.0963 92.13884999999999
v 28.36765 -27.0963 92.13884999999999
v 0.3816647478890348 38.48536281936822 90.38456376277898
v 0.09122076786982906 35.16024413794452 67.24679691087401
v -20.02185 31.6611 70.06555
v 33.87864902200984 9.492687580415257 67.1703561519969
v 36.22556193434428 9.432337691104618 69.87782860817485
v -20.53773771509444 -29.43586204010806 69.13172972255722
v -20.88984437649869 31.73501861983195 87.899386368311
v 36.53326572393765 10.11048881280214 87.94473824571698
v 36.22887041936116 14.6658759409307 89.42943412221017
v 6.082596283300778 37.2589114262645 74.00468468858908
v 5.194250385504848 37.1713283149081 70.74263948271144
v -32.83239995978662 10.85795152961764 60.25
v -32.88825 -10.68608 60.25
v 32.88825 10.68608 60.25
v 32.88825 -10.68608 60.25
v -0.175621784059155 34.5808 60.25
v -0.0245491999953491 -34.5808 60.25
v 20.07382658680205 28.15970797527002 60.25
v -20.58499888889697 -27.78605395071837 60.22783932508735
v 5.915877660836697 35.09184702209905 72.01326721204927
v 9.599589310661639 33.7941680956952 65.93415631205824
v -20.86630239693534 33.33251383807865 92.37057058655975
v -21.34905029777076 31.53558966046131 88.41196801883169
v 35.6855 12.8483 88.42465
v 35.70663301814614 -12.91280978727532 88.38677369557382
v 36.4222 10.58095 88.42465
v -2.307487242655704 37.13870239853842 67.11922345633539
v 35.84976236153166 -14.39715562255073 84.39012011423134
v -34.61794970197413 -13.64717440364008 67.14487950485237
v 19.09739021591221 -29.24510695429541 63.92278599101837
v 35.98682438233211 9.482024560477612 67.323376375702
v 20.24390297304848 -27.73253427888476 57.2835118659618
v 0.3576257071778568 34.3324 57.25
v -34.1443 3.58871 57.25
v -13.5643858320431 -31.54216788117126 57.25
v 25.51395 -22.9728 57.25
v -7.13809 33.58215 57.25
v -32.72148064088398 10.39551508790854 57.25
v 32.61744821816867 -10.71569040411447 57.25
v -34.83876949787606 2.901091904078895 64.72245128306861
v -17.48939964927773 -34.11659923361388 80.96554044696757
v 33.25290088083366 11.60763935207693 67.87648537271451
v 16.10082541328743 -33.59485604545652 92.35023065876845
v 20.10582814930715 31.26975333940774 67.29736666313467
v -34.51765 13.2468 64.5013
v 15.71857582277514 -32.21487778537982 75.25045364861387
v 23.5399784581358 28.82413122360405 67.32409024141076
v 34.49349047909313 -13.72375408141081 90.21636957284312
v -36.95798796150069 13.84884622001023 94.75
v 36.64147434052416 13.58795949087443 90.14532488881693
v -8.958695558036506 -34.61638048469489 61.70848577966348
v -36.09663384079553 -12.18319064995508 90.66392244616335
v -19.68104395836714 29.45862498118439 70.15123990564541
v 13.06024515765258 33.26494122490004 61.75383205375457
v 5.35759 35.65665 77.28274999999999
v 15.95292879828907 -33.49704420423442 66.52806676998581
v 36.22845551990866 -13.88552002310484 86.51504399533913
v 37.50528503621852 -9.380213682733487 84.36886105111441
v 15.28537719565832 33.37564124918971 61.91333308657714
v 17.46015809102084 -32.84512748980654 90.75626809989711
v -33.3025871560495 19.04439334333092 81.89304300386617
v -21.30020195620139 -28.21443283834653 69.48825117267344
v -8.675255 36.68434999999999 97.75
v -8.5348375 -35.571825 84.257925
v -23.26906268993902 29.9777548523934 88.42018700873903
v -34.41777450562903 -10.44799524191707 68.22963097895192
v -35.93658634166731 9.600086137579764 67.44250385519464
v 36.12686862170649 -9.476197802127098 92.92767013007138
v -20.49978560564684 32.77798789652889 84.35886207400345
v 20.33300494175324 28.78313638818344 68.17994269628079
v -21.26700390540225 32.8216789963446 90.22597686590763
v -33.78627404856206 -10.48355332535369 69.20353346582856
v 33.90705 -11.61415 69.03632500000001
v -32.08013510624809 21.685361007685 85.05204638573858
v 35.67758075144959 -12.77546908451377 85.57829314516363
v 35.98492869712501 14.1434459189721 84.68218930828469
v 34.41556390990607 -5.353780458146758 62.96094498685548
v 21.57692024465107 31.51232541273481 91.27877366122235
v 20.52861840097214 -29.79086434839389 69.1938929358342
v 32.82895 -17.59425 92.2133
v -26.87785 25.7853 92.2133
v 26.87785 -25.7853 92.2133
v 26.65081853763875 25.99790947205848 91.89392625228237
v 38.57107690373129 -1.484502706061685 83.72556903742415
v 36.804361068845 12.84966602991442 89.2615714449098
v 0.7218636834591368 38.9854519413193 89.40205320666522
v 0.9102490000000001 -38.9597 89.09139999999999
v -0.9213837043750139 38.97374069187027 89.26090424731198
v 20.13905 31.0059 64.5013
v 22.63240838044421 -27.39735995002531 70.96187493631452
v -20.13905 -31.0059 64.5013
v -0.8237675838119705 -38.98327888196791 89.37584776537328
v 37.38155454270844 11.05194795006845 89.18217702756067
v 35.7695980528151 -9.339215753368796 64.29818437120321
v 36.44891024025128 -5.527912602642549 87.37374393648969
v 37.27197007643968 -11.3916536698119 89.1913385884454
v 1.767099811657974 -36.69674135568086 85.80017363004532
v -10.83813856238711 -33.26732409444627 62.89053415408556
v 26.93019974549149 22.64601803398322 67.31818909112131
v 2.368523279409255 36.76711630240763 86.85968479993454
v 8.360760518128405 34.18669119036279 67.46009883763486
v -8.668575000000001 34.08915 67.08095
v -9.026570990071306 -33.9757290392695 66.63997864085256
v 35.10189634199457 1.951610169803823 66.68380029972208
v -35.13103200778018 -2.329619576714531 67.12039962762827
v -35.1473611790742 2.326289865509966 67.11275588334102
v 35.10046138867946 -2.146443542538349 66.91257506200841
v 29.74195 18.77845 67.08095
v -29.90374290717898 -18.62342388842442 67.33040668385959
v 13.3156341917679 32.62158489715123 67.4159006262788
v 13.29136958299783 -32.58496403834659 67.41180194656123
v -13.37364995865397 32.55756267041084 67.51363616436699
v -13.25849433512415 -32.5959002929443 67.37106310851406
v 36.6696473968045 12.75901863966505 87.37768410090165
v 21.59100388708563 -29.71732159248597 86.23447137980526
v 0.9104966595565978 -38.80052433628358 87.17104925178226
v 9.913115456424119 35.40396043380698 85.73525723424333
v 13.90500731648992 32.93463883283034 74.28273040447625
v -0.5786169624412029 -38.83937919303484 87.63987444934727
v 8.900336287747113 -36.46831503286941 71.74266985884347
v -37.50825 2.417205 72.14760000000001
v -37.57975059094175 -1.917324618821673 72.66868764046092
v 29.2079870082344 23.73642138531532 72.54697105454771
v 31.7656 20.09125 72.14760000000001
v 31.7656 -20.09125 72.14760000000001
v -31.65867831086479 20.319279792677 72.40613470668617
v -13.8896 34.9255 72.14760000000001
v 24.52385666313499 24.81904932375982 63.28280547449214
v -32.81743498646011 -12.64980950576805 66.76413402682826
v 29.60420258542212 -21.60089026505331 58.85769039662716
v 34.23555 -11.91165 68.28595
v 20.58890769001254 -29.998087661668 68.11624043694498
v 35.19369846482847 -8.510239364160727 66.27144281783477
v 2.816485391400906 39.22422149104579 92.49998749506577
v 2.824765159726499 -39.24208131433056 92.49828857859512
v 27.58671341892085 26.86784578529432 83.29182700179631
v -25.70687627359819 26.16349122793706 73.84867710022345
v 20.35068923481822 -28.6748018420106 67.24617305317311
v 17.98046294328049 34.20518284706392 84.33394782433308
v 21.0842375 28.2382625 68.18899999999999
v 38.40737860601651 -6.256957390962738 87.78035677687855
v 5.958925122044969 -36.38808643664808 87.43171664945393
v 37.06555 -4.205375 93.10929999999999
v 38.1785635069082 -9.430801493782011 92.51259988062148
v -25.3417909314784 30.06672684618336 92.51564088728801
v 5.327417488433659 34.47086945926549 63.20137005985332
v -23.60045496322472 30.98056969277097 88.8030038889672
v 26.43937374191857 22.89011073697916 64.88592148865949
v 33.7521185650667 -8.96904913427286 63.7632206588496
v 33.43512374969954 10.95586992123091 67.53702496412026
v 9.208120000000001 -36.0918 92.08930000000001
v -9.208120000000001 36.0918 92.08930000000001
v 37.18599446412595 2.316454367007447 92.17198380108897
v -37.17757866690285 2.360286405215918 92.12617694936219
v 37.1708 -2.395565000000004 92.08930000000001
v 31.48149953768393 -19.95323891940586 92.12571340992017
v 31.4799 19.9104 92.08930000000001
v -31.51818624236393 19.82868107599948 91.99661637259429
v 28.89431792981046 23.57057821513803 92.41351782696194
v 28.66375 -23.7865 92.08930000000001
v -28.70592413929662 23.8191052947355 92.09077416737631
v -13.76475 -34.61125 92.08930000000001
v -13.03289709226375 35.01491112737259 92.94723674212018
v 13.76475 34.61125 92.08930000000001
v 13.76475 -34.61125 92.08930000000001
v -21.08115946436138 32.56946818589076 86.44629805425676
v 1.549150809952793 39.4286 94.75
v -36.12865070976983 -5.350951886969137 82.99829926925024
v -0.1178211270127092 -34.3324 57.25
v 34.36155 -19.83865 97.75
v -34.25495584785644 20.02322296000531 97.75
v 31.67043016242788 -21.38303386722591 78.94740723452898
v 0.3968617040041931 39.6773 97.75
v -0.000813420853902791 -39.6773 97.75
v -37.74315131013169 -12.23700263728238 97.75
v 37.79101196400172 12.089701564506 97.75
v 34.01388941938211 -15.089810051944 65.59187772154063
v -16.24251112896799 36.20056826531747 97.75
v 16.08033719185745 -36.27277375419293 97.75
v -23.4687637080555 -31.99274298018391 97.75
v 23.54889447166354 31.93452457715917 97.75
v 34.17348346575828 -8.183875006152292 65.84044368099615
v 33.72087805397093 -10.51680421459529 69.17951108199324
v 39.05781523374375 -4.305265826524235 93.12377198622053
v -34.8394908734148 -2.806261013654621 64.61104313493652
v 33.33553837844335 -17.76976622490752 74.5486314344908
v -21.42491136590597 32.84584434827963 91.6451149660509
v 32.69192872900646 10.48637448489679 57.25
v 0.4385879796984429 35.32200169416647 69.1997987631315
v 21.9271 -28.536725 65.07875
v -2.315045 37.05245 90.0951
v -2.315045 -37.05245 90.0951
v 2.315045 37.05245 90.0951
v 2.304613994208854 -37.06604968733667 90.07631118520622
v -23.41691209163801 28.75800016391484 89.82206128877934
v 34.52355 13.6516 90.0951
v 35.95435000000001 -9.24808 90.0951
v 34.26803533895971 -17.6610278898933 83.63554231459069
v 37.718625 -1.1977825 85.1416
v 1.868240910894367 34.46051364699208 58.79726626802028
v -35.4065165491734 -9.353162992791434 84.19610180722518
v -1.803988509515051 39.4286 94.75
v 1.351445797607371 -39.4286 94.75
v -37.85325029539921 10.97968934755091 94.75
v 37.62823004716354 11.78590202708001 94.75
v 8.234214541868676 36.27222448642231 67.91309822494131
v 1.807365784946729 -34.45865778772089 58.77485250870639
v 34.4155 -11.6457 68.61725000000001
v 20.99838263153982 -29.65469691884216 68.61692858433572
v -33.46470220320602 -11.3069588952709 69.18600552396498
v 16.66034220638961 32.89976241936844 63.41622594641181
v 34.76938807621598 -10.79558743147413 68.61238060395415
v -22.38383166438555 31.97148293262411 89.84730387913952
v -9.186074999999999 -35.30674999999999 58.75
v -23.58584803707479 31.07184623344675 89.59039648450147
v -21.41481496619008 -28.58494786144958 69.06125906499072
v 33.75789167965046 10.23712450473979 67.97253491350025
v 34.33105975668316 17.14651970789831 81.18964030610213
v -34.52355 -13.6516 90.0951
v -20.14048177528667 -31.13493483944621 89.78767569862345
v 19.77485 31.1098 86.947
v 0.4162331052820932 35.27332507930246 68.2439039332892
v 0.75916353352362 -36.76987128012374 86.68329862034861
v -23.4764 28.42045 86.947
v 35.62830759731786 -9.48859212508397 87.24798946719532
v 34.39367087281288 13.26865402060024 87.17434847343985
v 35.70431405752676 -10.67456807292131 68.53869040233164
v -20.44953661105157 -28.81189787472068 69.14609790569892
v 27.58663502708274 -22.98189046994661 63.9151449706323
v -32.90414649297973 -16.69813521332695 63.57440795014561
v 32.85978366927158 16.75711460270483 63.4666820047937
v -36.44405891382654 -5.352405783955783 63.07945318626004
v 36.44664585619454 5.2120082909216 62.93339978198663
v 5.870754662315666 -36.40574284698916 63.4040659427682
v -26.19122070977905 -25.94533853230613 63.33053286182374
v 26.3402 25.74825 63.0753
v -16.34845 33.00765 63.0753
v -34.83635589705233 -13.39570014110407 92.75280030719711
v -25.45131232822456 -25.20876147715212 74.75434925134955
v 31.78047368773892 16.5446358474925 74.91125530641413
v -31.77471883877612 16.55700703710348 74.9263227785321
v 35.42363477575115 5.355521525270625 74.84325544796805
v 35.4286655472597 -5.329965283008288 74.87206087530005
v 5.95053436907456 35.3332774100557 74.95174510442018
v 31.73322314921005 -16.6473861319149 75.03598348756358
v -33.39452628629832 -11.26147720571093 68.21130627682345
v -33.69253546599727 -10.35551946061343 68.09111566440814
v -2.900865363237926 39.24836833885357 92.57414422718429
v 36.84410145156809 13.13655483967372 90.78722965525034
v 36.93957627192589 1.500401342150937 64.16687731211512
v 33.83990003390814 -11.40669517555339 68.43151596089345
v -24.59382779615666 29.10865631006878 90.03550224786889
v 30.87184902878432 -20.35166350588599 64.37949545050368
v -24.26741614263078 -30.27274397030187 86.62369816969657
v 33.62051860379226 -10.90046302463812 69.45872079041938
v 20.68834579490931 -29.16315080062445 68.4357925305676
v 29.19924735406637 -22.66005241104 63.77830153566907
v 3.046466042175635 -38.51012054597499 83.96020257563825
v 36.00057134627811 14.73328485412441 87.1195826669906
v 23.23624387361039 -28.75950254236225 64.53897537958572
v 34.5641 12.236675 85.2811
v 36.39673962208426 7.654202386646092 65.4151075845359
v 37.9367246101593 9.426910372178831 89.49415803227851
v 37.98061613965088 -9.309278216466412 89.55931253878587
v -25.21155815738783 29.88814581537088 89.56534653354254
v 2.88582 -38.9987 89.56209999999999
v -16.55212311376858 -32.93721731804504 63.29793806248127
v -26.57385006568633 22.69748151901836 64.53668385331216
v -20.5882 33.24684999999999 89.56209999999999
v 36.2549538177558 -14.5330376898508 89.29843986142082
v -34.8079 -13.84585 70.06555
v 37.41704336389448 5.220035071797329 74.5884591880058
v 36.6146184274473 8.915330919353218 86.71341533612362
v 23.74836769235447 -28.93263375915107 69.86094345757819
v -21.1266529781009 28.2017583330306 68.13343124772071
v 37.69100663375038 9.566353485857721 87.45039323279867
v -2.199841708290322 -37.36538264239398 69.8541290751909
v 2.20596564707908 37.36588841953245 69.86023341311484
v -36.2630271116897 -9.342869723301019 69.97418703572154
v -32.35522965780564 -16.87799937595344 83.0091889338665
v 2.350615623202059 -37.38246254133235 70.06027502298956
v -36.80237094246971 2.740423718225835 64.0842987791397
v -20.38025698464678 -28.75442537531868 68.23484621210989
v -21.63332964192501 30.09718605868631 90.2452836365844
v 32.91981198199677 -12.40530771090713 67.02732546838944
v 36.0049018164365 -14.72707983668246 87.12739856161828
v -16.92789399370698 -32.82116970299828 87.8778619124147
v -1.793292343350822 -39.03083619104338 89.94968045164013
v -22.80601831791201 30.61683047545446 90.64053107870652
v 9.935929355814658 -38.42572154280665 97.75
v 33.10439413291803 -12.83783033694007 70.76067294339134
v -20.9478466471 -33.09786862205684 90.65853329744631
v 34.78285771901283 10.14546520360235 67.93834146143377
v -32.72417379726678 -10.38712244474713 57.25
v 36.59187228043793 -9.95542857164277 89.119471117589
v 38.10915867163153 5.599736109534147 83.37268520911613
v -8.495248353097088 -33.42729873409891 58.82895340374785
v 38.00645046354111 8.324767156267832 86.18484647636346
v -2.844059042207322 -38.80000920128448 87.16462573916615
v -20.4951477174291 33.06766057872372 87.1529719605066
v 37.07070824916921 -1.101968842483178 65.23816765628627
v -23.75040805070169 30.68223104633121 86.95453018806093
v 1.221468055185012 -37.72559000086552 85.42775327489534
v 23.64717202689218 -28.73169027048896 67.18198102022363
v 34.40066918521802 10.48342883678523 69.06292675152226
v 0.8555740242323104 35.20560431972641 67.79434494087045
v -29.89034123385471 21.73068116958878 62.47163892655006
v 2.385641144147627 -37.1322212178644 67.04141996224241
v 21.40806089469215 27.95082902709212 67.67936026087912
v 21.97715 -27.14415 63.83785
v -32.1432907507854 17.1890304075811 82.59600736328957
v 37.28183848677074 8.716922558111056 90.41408373523164
v -6.083124152965551 -35.98473464494866 82.9797996413473
v -26.07079104361407 25.53922839412956 82.98313987568604
v 38.41324309321688 5.445732115667916 86.82751222827463
v 38.69953684940761 -1.335913361048509 85.07968674534601
v 21.02457143103915 -28.28961309750059 68.26716884670442
v 13.70327368688463 33.89501230468547 83.88586575733174
v -27.31084263478433 -22.8087505079276 72.04841925404747
v 27.28593163712395 22.8391314649679 72.07035992786557
v -8.799375 34.49165 72.16335000000001
v -8.683648937034461 -34.50609975892244 72.04362630825057
v -35.52265 2.289815 72.16335000000001
v -35.56272270148151 -2.081172096445814 72.38143584921217
v 30.08185729036258 19.03785844848394 72.20123590887674
v -30.08435 19.0272 72.16335000000001
v -30.08435 -19.0272 72.16335000000001
v 30.08435 -19.0272 72.16335000000001
v -13.26433232889879 33.01611656195519 72.03500578738881
v -35.96098713054423 14.55178030605697 85.93003353684793
v 8.761274138540303 35.50013609535631 83.97887629368938
v -9.2241853735745 38.58463949568129 97.75
v 16.90620958127997 32.45235142477885 83.70309424175551
v -21.25787500471446 -31.61073726892937 91.67138573849482
v 0.4797389566937322 -38.73248633666493 86.52151822882696
v -37.2073 -5.24528 72.1032
v 0.1922261001809751 -35.12955729194644 66.87630388461298
v 25.20285529777929 30.1772200797898 92.32586645445242
v -6.240418312938469 36.29333828891326 63.00494470239759
v -5.785150524261221 36.79279650157808 67.75738900754772
v -35.40897833024167 12.88330060827375 85.31582568935477
v 0.6353498566350173 35.75324526570271 68.21273149854981
v 36.03189729206868 -9.175486576375439 67.00901808614353
v 26.22157638040981 -25.90517212473942 63.27854723093429
v -35.67689719898677 -9.282761653271745 87.03798870641995
v -22.48486293697542 30.21034934628565 90.91860229048346
v -15.23422772895252 -36.63378123126702 97.75
v 2.818020667436962 -38.80215909328702 87.19056950136803
v 36.4946387910946 -14.47277664736781 92.18092619128879
v -2.069117824980845 -39.40561525805525 94.75
v -23.32204431036992 -29.64745118772278 85.20323387119866
v 28.38018502708274 -23.55884046994661 63.6907949706323
v 21.499225 -33.116375 94.75
v -22.26630590871076 -29.13613407150611 85.34977252676231
v -33.1017909973777 -12.84666263424541 70.76376724838454
v 20.92401853353583 31.25138111147399 85.16164215487025
v -20.4954142525473 29.41006988855805 69.1782066401949
v -34.91951352367025 -10.0756056951633 67.87415722634186
v 26.03645 -26.84395 93.2166
v 21.51762545221817 -28.10888320534945 69.62890267805156
v -33.85110267746891 -11.56492014579769 69.04513664855101
v 9.573995606450161 36.27241888536578 83.12653800284149
v 21.74487351154973 32.93790112697487 94.75
v -21.14867533205814 -31.03411388638953 85.44397477199152
v 21.48820681432703 28.53163377656567 68.21837386110164
v 37.77144619385183 -9.320528084740445 87.20086221467297
v -20.81019290363621 28.60597306623251 69.83586135877346
v 15.66635 -31.96315 72.2174
v 9.232645309654551 35.70012323334095 63.50965176027873
v -35.16169722902546 -10.39024974726208 85.25424216167227
v -0.4231209622254808 -38.6628535520339 90.32506567536598
v 37.61553466695401 10.47139577798401 89.70261564970225
v -38.14916644497681 -10.18271789131955 94.75
v 20.34050865925984 -29.28039888699491 68.05642458982069
v -5.746342740227873 -36.80510206692946 67.80521922823662
v 0.7092463702815776 -35.23806096394393 67.94779980055452
v -26.32836185356682 -24.68445758120967 66.36935759724832
v 19.90595 31.3368 90.0951
v 22.25450014969336 -29.14675217075173 85.36971035572709
v -36.15618000382099 13.66214023554735 85.18050877689515
v 33.65474293508836 -10.5284623203657 68.26781276395035
v 36.80972862497055 -2.379575922284053 63.7174862224517
v 22.34854995554182 29.07092790813323 85.24679885344415
v -23.60103667768376 28.76712990497983 67.20071791914673
v -20.37284932852032 31.10628695089504 91.15710909878663
v -22.07344586966575 30.42476250857104 90.56070871845594
v -23.8635715816001 -29.4279752931082 87.60813252491799
v -34.31415687779269 -13.58731707277829 86.93273241588817
v -16.52211928070182 -33.30756120992341 67.23267274022112
v 0.9479178125006839 -37.04403314967087 89.9936951533515
v -20.83480255676391 28.53214523997002 69.2889943803788
v 22.7321 -29.3187 90.4391
v 20.47070647583474 -32.79314231415556 84.30067182636888
v -4.641125000000001e-15 -37.89895 90.32565
v -20.99961161941268 -28.39481723336178 69.1169581758396
v -36.22617253699285 11.77059576378513 90.21467007318235
v 36.17712086722548 -11.75465674737384 90.24455246276163
v 27.18900971727471 23.24676465689312 74.49494411813203
v -36.044 -11.7114 90.32565
v -15.99414777122614 31.00411312938871 63.24796317564581
v 35.05123146112334 -11.91672544943754 89.68153146672903
v 35.8694133632848 -11.65467935178956 86.60306810217195
v -22.23164478369851 30.52611136249395 86.57967377125382
v 21.55099404251447 32.57297314152235 89.81231623951969
v 34.40319652294228 -17.99798797534309 87.0803855997394
v 23.45038008884021 -27.35580727957949 66.09468917210046
v 23.27435665425984 -28.59270397859352 87.19573257642688
v -24.50348063880518 30.0733615124025 86.35185844283082
v -20.29241796873857 29.89601284316601 69.48929779089367
v -1.942273233246192 38.76099691647445 86.69410828118851
v 19.14733871533481 -29.50363044082597 66.80220919401535
v -1.306282484538908 -38.78895778953559 87.03145029506771
v 21.09197704292009 30.48271801069864 90.16944183231688
v -22.83574523423457 30.02830138055345 85.8075006956137
v -21.40892400485921 -30.20140387894022 89.67092458848009
v 16.60665223650752 33.27942705338343 67.3373176027258
v 20.38885969677554 -28.71427221070556 67.90250050681604
v -22.25598107652284 -29.59815600304508 89.79008013269956
v 6.164008279409256 35.96016630240763 82.89248479993454
v -36.58885443447398 12.98840218106012 87.30576539291327
v 21.80196209024238 32.12911127073967 87.25936700979008
v -3.941911105564463 37.50929059798008 71.59098655624803
v -37.50170935734848 -9.256889399865218 84.21901320549973
v 36.9121526848642 -0.06072463857059748 62.0225097828766
v 29.77929249763416 -21.81959077759393 62.19377363907806
v -1.960975216255003 -37.16732683780094 67.46446759861955
v -11.44212414102139 -35.10992177756817 62.16926129283138
v 11.4183 35.1419 62.40485
v 29.40279470813275 -22.60020482208 65.12010307133815
v -21.68011053084116 -32.63355975827317 91.31930212529311
v 28.25889220153934 -20.58530073622261 62.59120533486615
v 34.98276340868526 0.03179736131936015 62.82956693576422
v 23.60007766992807 -29.12252553561327 94.72249074729135
v 20.87085275904294 -30.31802236655494 86.9908370667941
v 35.57549908792453 9.231779962568131 85.68344263435631
v 34.9177707436043 -10.11023298502013 69.38226984365845
v -36.32780588058307 13.59495912222392 86.57172272683538
v -27.65340979722809 21.66573113434179 65.88771017044741
v -1.021923029109725 -38.08945160784101 91.28281277829174
v 32.39742369471849 -16.82845116575736 83.07659285987279
v -37.29198743832183 -11.35600528039685 89.28796949873228
v 33.5345 -11.2614 69.07495
v -33.79922780671725 -11.54136257257856 68.29685729905104
v 7.523001750023225 37.09010081645881 75.62561457583917
v -24.85850377678758 29.93205922449594 87.49014731497425
v -11.11575579723901 -34.90206118212918 58.81472780854828
v 36.73586851982933 -12.64489941900897 87.71210044697449
v -1.124978735712999 37.78123857529819 85.54174856186864
v -22.3407490959525 -30.8185334162837 90.27231437766915
v -21.71881770525041 31.57243356002601 85.87288561157649
v 38.57925 -8.20027 92.29355
v 21.88768327453971 29.2107029741059 68.58635604755695
v 34.17572307932207 10.53776833902606 68.30817427467463
v 34.25783728782925 -10.39364967269327 68.16397162921157
v -1.896532580327593 39.03173084100229 89.96057818235909
v -28.89422240013565 23.06566244948284 64.31802233580297
v -0.007125703360145286 35.41386105661899 70.30888688684378
v 33.69584370766572 10.91414639313224 70.3750437688218
v -20.78715741439649 -28.67442843153067 70.34093809300599
v 35.42857057500003 11.51887187746487 68.51141951696887
v 5.985410953304201 36.72932651078509 67.51066008652121
v 21.90861568791887 30.09958991214942 68.204306916368
v 26.62409480716992 26.4824660984214 71.54880842586854
v 20.61597857806469 28.44604513137546 66.89511061357105
v 21.41590761465831 -28.6944439400419 68.94316377583125
v 33.40700257724581 -10.92279005345741 67.09036473170313
v -21.17192277262177 -28.78835570976313 68.65769974860304
v 37.96386691071401 -10.75305305137605 94.75
v -35.97254348150522 -14.81314170936826 87.03716203365737
v 0.2503356272755254 -38.22428864710364 86.55232513096433
v -34.06163334605205 -12.4304242121552 67.75591216037613
v -29.2798 22.766925 65.363375
v -0.02814930008802347 37.2533640215419 68.50307757085177
v 20.37528959975261 32.83921640675753 84.19296098216734
v -36.00809628484068 12.3526012484479 90.87926686525275
v 35.69886822623435 -10.49834628069458 91.82679293237875
v 25.18774068823543 29.61861459132701 87.03259672687435
v 34.53899925134741 -10.23809256933716 65.12149149739339
v 33.00400355729025 17.15154500962482 67.35309503102376
v -22.40336644058801 28.66830012314392 69.46931935575255
v -34.77961068243214 -10.20227031299668 69.3059581089155
v 35.11414319436618 10.04891947079041 69.40916070400577
v -1.026245132284207 36.20414634003689 69.30187577635691
v 12.49145 34.568625 85.3657
v -20.37428000684779 -29.80043345688454 67.95332495213729
v 0.1322015133852503 36.86462593974223 87.82750874306403
v -21.20282118138965 -28.13952012556235 68.03650673291843
v 36.42658550629041 -14.32312100469108 90.42022277899466
v -22.56223359107983 31.00683073694909 90.09524444113802
v 34.25771809185942 12.38455437127406 69.3569024009612
v 1.233684810250483 36.29811720408404 67.83990252700207
v 22.26791840911653 28.5444581236687 67.79284732117399
v 22.25090475437219 -28.59285687536152 67.84450270513496
v -24.2080409314784 30.61062684618337 89.78419088728801
v 37.64990603684929 -10.37545760889803 89.73943449176295
v 36.47514647735106 11.11649631275897 90.92483382895712
v 14.5441 34.77745 97.75
v 15.74985499305381 -31.06267395366558 62.98775495494738
v 0.04007174999999621 -38.04343538118083 86.68747125415271
v 34.5301977501415 -12.28526198731128 85.21991207999386
v -35.35309871958341 -12.69766603915039 85.42814743755167
v -34.20086985983374 12.38536108552402 69.40726711456368
v 1.854609283349739 39.01544202023103 89.76397080826101
v -34.09376510016945 12.43384300399688 67.7742380495461
v 1.52630970350908 -39.03027793237467 89.94291824828161
v 36.45063034852988 5.293399490827961 87.09827874245447
v 20.35599410085546 29.92130983383735 67.90312482554579
v 37.19273950425688 -11.39300807353013 88.2872760733392
v -37.69458383252916 10.27674294311005 89.88403003055363
v 24.55014584347512 -30.41961829801749 90.06244827264058
v 33.90731478784103 -10.07800066847517 69.68322462325517
v -34.18139680083527 -12.51467690595744 69.52959802070387
v -20.84597308538772 33.20770535303772 91.00818819143993
v 30.2786102815546 -21.18653404790891 63.21725028293353
v -33.74343465658953 -16.88494573904888 73.47132422940848
v 29.55551140919987 -22.1913646252899 63.1887480655885
v 34.88255302729743 -9.899075197256085 67.68940125411682
v -25.14155921166094 -29.67970315477864 87.11169748345846
v 1.239031591621382 36.53980276040758 69.32940701660331
v 24.56464142328205 29.85879414189479 84.69076916291566
v -0.4520169104661349 37.56084545497261 86.10875385123454
v 25.12286068314035 -29.6721013723996 87.1155458824621
v 36.01413761334585 14.38104633911808 85.9033829921263
v -21.2124108932841 30.54217893313007 91.57004226300752
v 35.09662086696492 -12.30001278424272 91.63293716638985
v -23.17353663582402 30.48451095090892 90.96926215741303
v -0.9875269836663731 37.1901350652047 91.76794907756438
v 25.03479144929199 29.98970271762658 89.3031649222085
v 25.15830735111046 -29.89168896563865 89.4716604255965
v -25.17221952110554 -29.9119772548235 89.51908972621345
v 20.53009072661734 -33.24546893848712 89.63079994560864
v 35.5003119369028 -10.63274339050135 90.04753657757567
v -36.1982 -14.79585 89.56209999999999
v -36.1982 14.79585 89.56209999999999
v -22.65878536830891 29.50697764545887 91.76794741735134
v 36.02949322623435 -9.388686280694577 91.48279293237874
v -0.758611425943839 -37.67532968378617 85.85570345507304
v 0.9843538463265801 -37.19066037409851 91.76432902467482
v 30.98434252810355 15.91024889481576 62.94739331245275
v 20.89370706819403 -29.09336655867795 68.65991735237647
v -33.21272185728235 -16.85985900142799 67.77435497541725
v 35.26177417835135 -13.26580626252569 84.91255274665232
v 22.35368067582814 28.81055960009355 69.29009074618196
v -36.76283662206635 -12.87163752335508 88.86679109749799
v -35.80009249116219 14.58486904279137 84.20699748268041
v -21.87866698009049 -31.03631968418432 90.85185407238195
v 34.09688905117088 12.29962044724499 67.88391644347514
v -23.66471651171835 30.63335481444924 85.86983101568059
v 20.99183859660134 -28.19320475971333 67.09201367429124
v 22.64851469636672 -29.51262558128467 91.7402489192438
v -21.22009185148928 30.31555224656881 89.44555854427929
v 35.89725877374352 -13.25440690884399 91.71062875626551
v -22.01479645056941 28.74528736058112 68.10959570411021
v 35.489025 -10.5153725 65.46375
v -37.53332164311671 9.910937704775236 86.66941834771899
v 21.21920211410253 -28.84818386122057 68.67742325941261
v -33.25678166783284 17.46309164804911 71.874090976235
v -37.70026990145223 -10.30636258352848 90.05964364371327
v 21.64302389877201 -32.51599589236965 89.90878956262056
v -36.58709664015888 13.6744781173053 89.84346041661001
v 6.589758761350396 38.64958459853787 91.69044440273069
v -6.589758761350396 -38.64958459853787 91.69044440273069
v -34.72159050384359 18.21063237522484 91.69043212590245
v 35.34212957963847 -13.48637631065235 87.68777362393996
v -22.1646150110048 31.94464241260813 88.03073457928033
v 0.8768375829659019 36.66180193878522 85.37833291222046
v -0.9116051937060907 -39.07893147087832 90.59422924942155
v 36.10145112822089 12.62848953470822 91.02240059705311
v -1.10155962897757 36.23276216668154 67.94286477611821
v 36.10807837394871 10.38376775705873 85.30278957320179
v 14.95162878737238 34.22608246202926 81.29396587278761
v 29.92969796722968 -21.76621906591938 63.11139952748968
v 20.83182475617166 28.98185540428118 68.65647525250479
v -0.9272720398845942 38.28940395001283 91.06810747842319
v -36.74661681508304 12.73006480643142 88.15292755904464
v -33.21923490601106 -11.67957235970267 67.75825270478013
v 36.36322908126431 13.53998887203719 86.77337674961994
v -20.83110240815727 28.9818889537463 68.68266383703084
v 23.03235 28.639725 85.9374
v -22.47665364950139 31.66023208614935 87.46749654370657
v -21.12922396193707 31.85630643731497 91.84436908179768
v 37.2040415707715 11.34823531621338 88.24989930377303
v 26.83690662268136 27.45704446511127 81.32537415891623
v 20.51456792873675 -33.05586246518064 87.17553634921133
v -36.77981029989432 -5.858601982548453 67.74684318011424
v 20.46223429796681 30.44614063769128 69.36739964415283
v 20.65176193960597 28.51984145189159 67.87015323947112
v -20.76320744571544 29.55680772700502 68.8817531486594
v -36.04403143932453 14.64242082389869 87.22094865726325
v -33.92124821956489 -10.03824951271959 69.69492558830231
v 33.87559656573448 10.14716749870798 69.57757138657581
v -21.60257348764791 28.0263309843655 69.79687499436899
v 9.601861804480427 36.03107172549667 81.49970339579896
v -0.9073412502463011 38.79465626316149 87.100411195755
v 22.82705492051689 -30.50970020876657 90.76715003305745
v -20.02571396929357 -28.96985075063736 67.82289242421979
v -0.3844440265539474 38.28622141621496 90.50288362877065
v -36.3428628117456 -13.64041470090351 86.91388123124941
v 15.34382177089921 35.1219911575206 81.45091367543677
v -21.78938033008867 32.12456073529364 87.12602701441986
v -21.79029798882322 32.38631516841712 89.68739085645635
v 5.754705043197211 -37.54863750427364 76.60136469729798
v -20.79626773182135 30.20022730090177 85.31121282098886
v -25.01693954466833 -29.18276335017033 93.30888384598089
v 36.84915368832286 -12.64935174967101 89.0285079412392
v -31.2126 22.6773 81.97104999999999
v -2.083419710918524 -37.58413734061965 72.74547855970062
v 37.27281740030895 -10.83215075171925 87.11487264812716
v -21.14567412184282 28.60898023072996 68.89951542923188
v 11.3154 34.8252 82.41999999999999
v 31.41030507512816 -18.80626918562945 84.69572293103369
v -36.65512733935324 -13.43861239412843 89.74482199674033
v 1.402723805704045 -36.41001593164505 69.57572624998812
v 21.32654971983411 -28.0254422097263 67.82970645737122
v 36.49517009424507 -13.2281619225146 87.1246560985782
v -22.2105299725804 31.73621409843494 86.32213833973414
v 30.97368032698045 -15.95345017620184 62.90577424754813
v 24.7636 -24.50195 62.87219999999999
v -24.7636 -24.50195 62.87219999999999
v -15.6504 -31.1231 62.87219999999999
v -34.43417635757339 -5.366603003178058 62.97532797609685
v 34.43141439553435 5.511472533882774 63.12499156299945
v 33.35088747501778 11.78470752553635 69.66168184069596
v 36.71998583978095 -13.17371404836511 89.50125089625597
v 33.46026407977291 -11.1590152991824 68.43729460901324
v 12.50232629469297 34.14623760184204 80.75921600775968
v 9.814926219968326 35.00300018321445 80.7528406719746
v 1.39694992289293 -36.28949983156899 67.6790745713934
v -20.41775864512689 31.62419168561971 72.73041325413675
v -20.34610013600286 -30.18504771157454 69.46741910410384
v 26.46677253339989 -26.14829097718072 67.44029171705897
v 0.04060909923836335 -38.82605864537872 87.47913771425877
v -0.22037325 35.77607500000001 68.678
v 15.64337722916523 31.12553092582358 62.86452397333467
v 21.206925 28.8139 68.678
v 0.22037325 35.773675 68.64905
v -22.90156031826109 31.43028039408292 88.23626057686837
v 23.03073714386057 -31.28196777921606 87.70462575613057
v 22.98177922620095 31.38024470976499 88.31673963330418
v 0.02148874111021226 -38.90073127896993 88.3800614229346
v -0.01369446527203386 38.89589388893206 88.32151159876707
v -36.17351303523431 10.97776330438293 85.92086334264113
v -36.98084404017334 11.93142647581172 87.86308192040367
v -36.87722373170389 -12.35308275579894 88.24596759372875
v 36.97717106981545 12.06392913491799 88.31505883976634
v 36.95148896488276 -12.19911518452122 88.52432116989294
v 22.75224163696614 30.80908052526399 86.53430958291828
v -8.235633005672344 38.32367569170042 91.97310369981011
v -15.76345 -35.9007 92.09315000000001
v 0.05360907192841147 -35.40230499944984 70.16936041276502
v 21.51634865229362 -31.46073389531593 91.34312638683699
v -36.81044826653643 12.90821501094068 89.54941536069759
v 0.9077418892434719 35.39989965847177 69.64474344804813
v -20.30179530045747 29.93292846927839 67.84581231638562
v 23.82006466960268 29.60082502555112 89.11208151082866
v -37.10555639930671 -11.37361880003826 87.2143328834849
v -1.188131527249814 -36.43575089543511 69.33661747045589
v -26.8293 26.89965 76.75660000000001
v 5.894155 37.53215 76.75660000000001
v 23.92998118201356 -30.55222029604681 86.95873250536653
v -26.429151755352 26.19929975296333 67.51473167344632
v -23.59855188071455 29.28380652543533 96.24753503967456
v 37.23878970201456 10.9869656072959 87.3017654491005
v -33.35838444911278 -11.75761306822329 69.64667683549727
v -1.405387103708772 -37.7407627797633 85.25584452655741
v -22.68533954466833 -29.49176335017033 91.79783384598088
v 33.47402141029096 -10.93293727540506 67.89801654048236
v 22.11821383876182 -28.56092347850653 69.441889433925
v 33.73274273169721 -10.10752434493677 67.78937939897087
v 21.69462571725941 -31.42333229406806 85.88800403264372
v 17.46497161730508 -34.71206684731786 87.34176248278871
v 21.07922908570261 -28.53783041201511 68.45281979246758
v 1.605736085072317 -38.23190954152935 91.8101405690217
v -37.35341117303859 -10.61668121576512 87.23664436302576
v 21.17056845492368 30.57454874819333 91.6243750884932
v 0.9515662239005922 -35.36434366971132 69.71115216144568
v -22.93275919831745 -31.50978342206533 89.23336995042393
v -0.4626539413813999 -38.16538583687631 86.32523587648433
v -0.1700817207393923 38.98971534755075 89.45355526606535
v 21.87322526620132 -27.85860611067205 70.07935207607139
v -22.42447746144931 31.99279881447534 90.3435941085794
v 23.11095942384126 -28.40918808844057 84.24312294099587
v 23.66026205424041 -31.11434970900277 90.53285454308032
v -23.91735 -30.958175 90.831675
v -37.439556777852 11.24228583491183 90.55715187282684
v 1.199986483685578 36.76482101306583 86.62232968268388
v 25.00519856698476 -28.97041019092278 90.39267569492097
v -36.99161814044869 12.25237389100055 89.18315044473371
v 35.68036621480686 -10.35285190911395 67.05363394065297
v 36.91201945310168 12.07231072867421 87.59850015012265
v 20.74623025562838 -30.22429197513058 85.25463283351314
v -30.92070032298292 -16.0293997815173 62.81010718177534
v 36.65265382742395 12.54879827532571 86.39886702660145
v -27.0552155537624 -27.16492040695711 80.94859424861855
v 0.1946223192454122 38.82999431306077 87.52665514996612
v 37.07430228630062 -12.00675637768846 89.21632165079646
v 36.98515040190926 -11.82414539429448 87.51243922730274
v -34.63175078099824 -12.40457908207107 86.68440011021679
v 21.73305188066875 -32.12991677971051 86.77894506093851
v -35.2046465058005 -5.455966179074076 71.7669073238682
v -21.9488873350064 -31.89518630231254 86.01814321053261
v -23.75515002800974 -30.55556963255247 85.75136987611918
v 37.41230669917579 11.29078966168148 90.42539922259925
v 0.04155671931365079 38.95903373678835 89.08349159214872
v -21.66834562396429 28.69526913999281 69.0695435149171
v 24.04601056821878 30.46140883539212 86.89516319230823
v -27.0625 27.15865 80.93905000000001
v -34.92218032212293 -12.48724342576623 90.32857022846592
v -34.1922 -17.3455 80.93905000000001
v 0.114244773591749 38.99086342732171 89.4672654830534
v 22.09760913819547 27.72228271034179 70.34017006934288
v 37.10603656376916 11.87904729814578 89.10418929263419
v 35.90668652082827 12.16255638222608 86.22005574780789
v -22.00234549542198 31.06834894491024 86.28989430534749
v 33.51320887916532 -10.91557168148328 68.28344473055768
v -23.05676799569347 31.40980356150932 89.13690427490276
v -35.22916999709171 10.59315255715968 86.78589909583802
v 21.87733366346739 29.86119163084938 89.67206978782397
v 35.18938376224084 11.48072139034107 89.64152134332815
v -35.16397091410028 11.577681278433 89.71098288198743
v -0.8593322936753913 -35.361154735935 69.67263068904425
v -35.17542425491586 -11.45311365529948 89.37817126908524
v 0.2032517539383223 37.00833794204871 89.56276124769418
v -0.2283507487626433 -37.00183481482699 89.48426893217882
v -22.01964401387396 29.76767379279188 89.76818240612735
v 34.91285 -11.7234 87.37075
v -21.79585488628995 29.68935327587749 87.41510766908429
v -37.10608555182606 11.07599058778895 86.11045715529936
v 0.7291399755377252 -35.97509889952828 69.12437970902292
v -1.111615689492866 -36.32200871249187 67.96668591863677
v -20.57682471766476 -29.16393705350182 68.32388108960149
v -0.1135958387005576 -36.84813878489327 87.6284090060647
v -0.5764316264512137 36.82598384704259 87.36088025989929
v 0.4064974622692816 36.80772371073589 87.14034483403159
v -36.87528313557711 12.94922160557276 90.60741244525715
v 22.1132 -32.26075 90.7516
v -37.51515 -11.06175 90.7516
v 22.67272437450577 -30.16952808981476 86.02188326016498
v -21.85661416941357 31.38413351601698 90.92850422991101
v 20.78940794404147 -31.5349247701994 84.95200766849591
v 37.03885773722065 -11.34843726649576 86.35478713093383
v 36.71276232250895 13.69308774347795 91.35526744840054
v -36.61099832197644 -14.12325431116143 91.7914947117028
v -24.20798186295679 30.72935369236673 91.22608177457602
v 24.7701 -30.44015 91.82285
v -2.183094979662162 -39.18906968004305 91.85868046398868
v 1.641535536832995 39.14432870248145 91.31886137166221
v 1.513640319452998 -39.13376262866111 91.19137715719023
v -1.757930489659754 39.15394468100728 91.4348822787266
v 21.53099094849651 32.75759879208085 91.47254921157966
v -37.90704574262548 10.02622887737479 91.87637999792483
v 37.90279260588409 10.13606257761438 91.74857643512983
v 37.65462701381641 -10.63514298756402 91.21999976124296
v -27.51067236795019 27.47982249570749 87.55052915971798
v -34.88376895496911 13.20200792408577 92.55359201129332
v 23.35897913888229 -29.45872476285026 72.23457772099849
v -23.60078622822883 29.25731940189663 72.5746689035003
v -36.86259993178624 -12.70530279177298 89.39140833593197
v 23.86344977845181 30.86793780593918 89.56905788471471
v 20.97170550055578 -28.44056007882133 68.99429051641866
v -1.668423710928386 38.14449884696953 91.92631015010764
v 1.81505175507585 38.63685684937937 85.1965437064583
v -23.16038302140946 31.16185973105227 87.45170449107552
v -22.51545264644315 31.81532910505327 89.25652314917049
v 36.94320997039748 -12.71662197922952 90.35861391393718
v 0.9662969782517683 -38.70694326284315 86.04221664919518
v 36.60490215439183 -12.66283866444096 86.27610839586767
v 21.72491218685121 -30.63188339624977 86.12724089424697
v 22.86699419837246 30.31878343383111 86.04298162299493
v 0.5756241550063996 -37.32340570937858 85.90038033002585
v -21.7080491556699 32.10529919250072 86.36145294955982
v 20.19476258007289 31.41446186585866 92.90340411100667
v -20.31549686904958 -31.31054128526262 92.74515269687438
v -20.16261954037701 31.44207688826986 92.9454880951002
v 20.35822966616401 -31.27370368808003 92.68909004442244
v 34.83139680216342 -13.53571968948824 92.87116001638469
v -37.38820436043915 11.19922511058197 89.80749318324501
v -35.83348393073151 10.17685770498597 92.17304345247177
v -36.05703036966274 -9.638930036382655 92.75279792377937
v -23.68954907920567 28.88167908045175 92.96513280635585
v 23.48462939273345 -29.00315116256934 92.69739783848759
v 23.50517073661756 28.99185529091797 92.75279483470229
v 21.7199342739126 -29.75113400825792 87.47937826488773
v -35.06392653506542 -11.29985522726202 87.52562918273834
v -34.85681847160792 11.91885820005372 87.45637632102286
v 21.6394444752893 29.81744364383888 87.55633068775305
v -6.224280876122063 38.36397570716935 87.40274608702174
v -21.5855912964119 -29.8435683006635 87.42929864335855
v 0.9830682846577945 38.70555836257844 86.02550623951126
v 22.53780878048467 -31.79630181666591 89.22925064521307
v -0.01426531448863844 -38.96665405879234 89.17526154624431
v 1.545211639704628 36.84400815120382 87.68334239996727
v 5.737780236774464 -34.34613813870789 62.75833253409469
v -2.051630456419576 36.56350172702163 84.19126202285432
v 36.18100213339335 -12.41495822624308 90.77896265527897
v 5.969831062977136 37.86682090464602 80.8966921038197
v 22.16253773096348 32.2155908703059 90.66069772643834
v 10.4647 35.2547 61.34325
v 36.76295 -0.9417735 61.34325
v 36.76295 0.9417735 61.34325
v 29.07711188926888 -22.48623899939471 61.27951123500998
v 12.33392029020662 34.6436074125116 61.40581287267165
v -12.25605 -34.6726 61.34325
v -20.99915983899213 28.71583112785262 68.70890111391604
v 20.75688160464147 -28.45822466469454 68.0137975419797
v -36.47714081859309 -12.96980566105761 85.95453419531381
v -35.32501016016752 9.717083631001634 84.61778565155124
v 1.943375236774462 -35.09248813870789 66.70173253409469
v -1.037176603199969 38.70233595019698 85.98662076540811
v -36.86489243225648 -13.00005565744077 90.65788874927543
v 35.65967937870708 -11.06706623148199 69.47893066328756
v 22.10474824546804 31.10134790200473 86.40222491559209
v -0.4317404760502778 -36.26323991172467 68.6009128512337
v 0.4850336275359888 -36.33794130057062 68.57755032512644
v -22.4294363079281 31.44143713953233 90.25764064880522
v 36.24781006770868 11.10739640287213 86.05922078174645
v 36.41023218073982 13.12774474612974 85.77561679920025
v -36.16271628339716 -13.63444449510902 85.20698813111291
v -1.963161324467859 38.62498727309716 85.05332268157132
v 1.825061290635817 -38.63603030622816 85.18657051558672
v -2.154535742331526 -38.55986226519192 84.83992475272827
v -37.34928897472892 10.03302437385773 85.01269693340227
v 37.23360074517031 -10.53374548479741 85.55202709764582
v -20.9966 -32.4737 84.9117
v 23.9652626018856 -30.31411969744327 85.42332943427795
v -24.57702201223384 29.85477620024332 84.73983740120863
v 0.4273392651298853 38.26380255670193 86.39624155342808
v -5.993219710918522 -37.52043734061965 76.86687855970062
v -24.5247023982221 30.85520221641994 94.75
v 35.48911523893239 -11.07455266494472 67.54977022034352
v 20.72036256986173 -28.57598281573223 68.90479308182711
v 22.12590194354281 -30.59001079624299 86.53988568990263
v 22.25560194354282 -30.49576079624298 86.53988568990263
v -0.9678613249259519 -38.70681408601753 86.04065798267391
v 1.933433743440782 -37.59164281932271 72.58444182141093
v -23.80880129934535 -30.89093871099559 89.40569223397436
v -23.51823598905683 -30.90289122527649 87.46141876132145
v -0.4225370528158696 38.29287939218599 86.41179065784175
v 34.40196913450456 -13.39838328142473 64.30397276892947
v 34.49585858559788 13.29884037140893 64.44527823895473
v -23.265 -28.73475 64.5013
v 36.86755 9.517344999999999 89.57014999999998
v -22.30878570138806 -32.05470934415147 90.48977811488379
v 23.0834122760044 28.89105609525663 64.73921057032339
v 1.952042883934531 -36.92008896122957 64.48126030379693
v -1.947839505539418 -36.88041154194953 64.47043368223927
v 35.71165 9.572044999999999 64.5013
v 0.5823760144623582 -38.07879208686518 86.17722086175409
v 19.77232415212036 30.82238623283967 84.12149017321498
v -20.91841372111396 31.76017136407822 88.95527657030017
v -36.39550940638407 -11.13608247838414 90.92001600244615
v -36.54790545115107 12.7297042990871 86.18513171392507
v -34.64735391980032 12.29988337543949 86.47274446109887
v 23.42754520709079 -30.84348184839465 86.23895211289474
v 36.75682604603861 -13.25193437306889 90.2157219899406
v -21.96317849759584 -31.05694718429487 86.25365364898646
v 22.11789649093607 31.79619580400946 86.25044983118418
v -37.0717458403625 -11.20895585248919 86.2124660293788
v -19.92470145188368 -30.73538324410261 84.35307383436809
v 34.15122692111486 13.22284372745846 84.21952180849759
v -34.1933 -13.12235 84.32769999999999
v -34.26985711505844 12.9395147757253 84.52450940366198
v -23.03344139562116 28.47590259070777 84.34467661754007
v 1.913785 36.5748 84.32769999999999
v -20.09625644176751 -29.10273512914554 69.62119162863432
v 20.86436679089766 -31.25557699463444 72.08210253216109
v 36.98737529262507 11.34325577290243 86.34639764899559
v -33.81833684445999 17.3240978711431 76.90309381094821
v -22.47829467458645 -29.16290206233971 87.11582984132227
v 23.71590534060697 29.62559809338084 87.86303985442657
v -35.71470407084929 -12.11763612377726 86.13032203277822
v -23.24685 -29.9686 88.42465
v 23.19950294417508 29.94282448445963 88.42870620811151
v -21.31271739290952 -31.34076996277773 88.42687962967307
v 27.54207427217798 -27.43723944378802 87.48838918541043
v -35.6855 12.8483 88.42465
v 0.4757831119502939 -35.32507183485566 69.23687608072285
v 18.092 -34.92495 92.76595
v 27.6249 -27.99895 92.76595
v -27.6249 -27.99895 92.76595
v -38.80635 -6.41412 92.76595
v 5.891624999999999 38.8891 92.76595
v 5.891624999999999 -38.8891 92.76595
v 35.16515 -17.62065 92.76595
v -35.16515 17.62065 92.76595
v 35.65803287350602 12.02223814142853 90.91610541350317
v -0.4137199335668329 -37.24287814701007 86.02645530031479
v 34.61871984735361 10.79355003003715 68.6492797052328
v -34.8093172997429 -10.79149713683455 68.60803183154286
v -34.3551 11.62605 68.5934
v -34.42784981031991 -11.65739345212817 68.61596960428506
v -20.95636409297239 -29.6013530980698 68.58888545676281
v 20.92884951234332 29.42471080856236 68.66615050500958
v -21.7347936197317 29.12182748579249 68.6408522542887
v -21.60904554524355 -29.03771141952625 68.66859949720607
v -22.43150351421023 27.80858554609018 73.55336945264843
v 22.5016 -27.766 73.63485
v 1.943969405421013 -35.69427355368259 73.69490845934072
v -1.661520519198651 -35.67095756096202 73.41335472730833
v -21.15302596691977 28.29616742554056 69.24214648808763
v -31.18502034695771 19.12119921182119 84.24084228477373
v -0.5940999834222846 -35.72634726689427 68.28213025289773
v -21.05389004480112 30.52784453079319 90.33998175688571
v 35.52059239879155 10.57869682665373 90.07882809942754
v -23.26288801850152 29.22754647836095 69.29665887361904
v 19.57689543222645 29.54828842456202 70.28777591543579
v -1.870575000000002 -35.4402 70.62725
v -34.28369643912977 -9.172599025439185 70.62725117660463
v 34.29771572316942 9.202144483509823 70.5893462520076
v -22.51518156639644 27.47606954672855 70.89879088713522
v -23.30134477233417 -30.22496917508516 91.31475442299043
v -34.11081390839746 17.46212290549046 80.79217832101764
v -20.50133829422078 28.76221619750687 69.16988257093109
v -35.8483800738089 12.13674339345042 86.20257093355379
v -0.5915082539645693 -35.78038871820615 69.09359558587795
v -36.20525052572939 -11.32239696934879 86.27907087094124
v 17.32695532631315 34.17878021642014 80.78643538355016
v 22.3046 29.26605 86.8908
v -36.88509044358962 -12.76487832437872 89.87160075178276
v 36.227 11.68755 90.31180000000001
v 36.17805 11.8382 90.31180000000001
v -22.4385 30.74915 90.31180000000001
v -22.31035 30.84225 90.31180000000001
v 36.13372212132784 -11.05760768846873 86.00108826258192
v 0.08014349999999776 -37.7531 86.53989999999999
v -0.08014350000000001 37.7531 86.53989999999999
v 0.08014350000000001 37.7531 86.53989999999999
v -0.08014350000000225 -37.7531 86.53989999999999
v -0.9681547957777636 39.08255013337688 90.57348376420731
v 0.5828701077641627 -35.7721457509255 68.27050862622295
v -21.03916100728478 29.89008452512206 68.59578000854778
v -21.85517909757341 30.65455674208957 90.82423568767953
v -37.25379179820357 11.42321628288247 89.10040705996977
v 22.33524998992572 31.91929984051587 88.99344881994359
v -22.11155899065536 -32.13055073556375 89.46900699216249
v 23.45829441218081 -31.14162274650169 89.36685811963996
v -23.02058854749862 31.03478286280425 90.29626225377987
v -0.7514081613590351 -35.21419932114365 67.89813107074343
v -1.636512258603349 -35.14116703628206 67.01625358944749
v 22.33457637595061 -27.20523018594688 66.58842911812515
v -21.99455429859952 27.45481367662294 66.99638893107105
v -19.52398667057079 29.27478977535491 67.2398296307768
v -36.69539401748654 -12.68368636691036 87.39213195996277
v 23.39050475415581 30.98660227009152 87.37320482919635
v -22.15130671266786 -31.91715590034917 87.66797336983953
v -19.39735888015018 30.02888237544292 73.70861281909285
v 32.60695 12.51355 63.83785
v -32.57801438940362 12.58262793632947 63.76348770172477
v 1.824994999999998 -34.8779 63.83785
v 23.38381576871804 31.28227188994893 90.21153717149839
v 36.83773129199655 11.56623139589055 90.31470211961793
v 35.87154432253525 -9.970499080116788 67.82174273257948
v -10.57989980765502 -35.24387881001255 61.50495709014894
v 30.27006639193466 -20.9020075331831 61.41149455549559
v -23.58095107732139 -29.28983383726532 96.18225522110068
v 22.40227944886561 31.47446129406384 90.29463155367695
v -23.24611784683533 30.98857151069211 86.41384508590518
v 22.27436645370207 -31.75893219039657 86.99641196830734
v -24.99848185402775 -30.72767149009196 96.25
v -28.61025 24.6227 74.3426
v -36.63105630370431 -11.58981621520218 90.33424746304581
v 34.82236973794979 17.41214061406423 87.92649947284228
v -25.85128540397615 -26.42124810525807 88.13996744273366
v -36.71131666945242 -12.34005893059002 90.25452735053642
v 36.07418245209841 -12.24727499834322 86.2618221832557
v 36.50974413920814 -11.53360871317521 86.51525383289797
v 22.6112775891457 -31.54801026260892 87.3269707067023
v -23.51127598470969 31.20485514279773 90.35968389814674
v 37.39499152299014 -11.34870474955097 90.44253857109433
v -0.5046931576401921 -38.74390518359193 86.50171098644975
v 22.22171357979228 -31.88312469038684 87.83516396190595
v -25.29285 25.69775 77.28274999999999
v 0.8343218117582274 -39.07764067471424 90.5142417012768
v 5.334996704046373 -35.90613968655065 68.16314223048147
v 26.04329798614138 -26.16098631481528 87.76004157722707
v 0.7633294957780695 39.07177563873643 90.44347752555797
v -0.390717869146721 -35.31805042513466 69.15208027996977
v 25.4853 25.9115 80.73689999999999
v 14.58424558033283 35.67109637228107 83.77569452757839
v -20.84895220566151 -29.07100451124408 68.64905027274506
v -34.09314999999999 -10.8458 68.678
v -23.64480811380764 -28.3369819393798 86.77993058000212
v -34.11774863268639 10.85371382703094 68.69347001054085
v -33.95695 11.264975 68.678
v -33.91055269900685 -11.21311677153234 68.70667341867143
v 0.2203955720738101 -35.7736606089322 68.64905998112121
v -27.84235897286352 -23.72241493876971 84.20072994002942
v 24.6291353092226 -25.33349313012287 68.38416299711066
v -24.58297114155899 25.39606539025326 68.47547349790092
v -36.97558936895679 12.55110465730273 90.19551204239421
v -24.68408922073572 -30.80242944868083 94.75
v 36.97544058062724 12.58002193586949 90.21919186210013
v 34.08415992367681 10.84722501501857 68.64803985261639
v 22.09979201323704 -31.18160372931296 90.61076856083977
v 23.6518 -28.6153 90.0951
v -34.52255763088849 13.65584600160589 90.09944422140451
v -35.95435000000001 -9.24808 90.0951
v -35.95435000000001 9.24808 90.0951
v 19.90595 -31.3368 90.0951
v 35.77829466327015 11.59675116375087 90.52071326101768
v 0.04233349558486044 -37.24068957897028 86.38418735779265
v -0.04007175 37.24290000000001 86.38719999999999
v 22.35019501614915 30.76235765879812 90.25295383011006
v -37.17297606017884 -11.43641714901825 88.2221399916745
v -35.74454647675367 -11.63823746970873 86.53445995740501
v -35.78294817500156 11.6265816344515 86.5689665990779
v 33.98347258546487 11.28401953356758 68.62403913832749
v 22.0588427014917 30.36141700738552 86.53309734996324
v -22.14079488650675 -30.47420560473698 86.58539158425985
v -19.95496165212376 -31.05630577407975 87.14152741779586
v -35.69795000000001 9.193580000000001 86.947
v -34.3046915136265 13.48256883755249 86.95055995273572
v 21.31517360141017 -28.23409788983366 69.78684660465792
v -0.2183959027427693 -35.75734760632245 68.65646471752601
v -26.3171 27.0301 73.21735
v 19.8967575082028 -31.04738771214832 87.08552872602469
v -23.9244 28.8257 70.06555
v -37.19018513738961 11.04039425287989 86.94288385653435
v -37.26474463370059 11.61172780883063 90.16385087059842
v -21.93794223006073 30.08488495161922 68.26872647945363
v -36.97785268945762 -12.56642298149547 90.19616192157699
v 5.089240324908733 -34.95458223981252 68.31702695426409
v 20.4762 -28.77425 69.10900000000001
v 20.5076 -28.7512 68.36320000000001
v 23.3779503575129 30.88022036459253 86.24556721539946
v 20.81326756989809 -28.55276727981209 69.33749778057664
v -21.24066462006537 -32.46996920985949 86.60599359290849
v -23.46889815199405 -31.04937601803711 88.54140595348544
v 16.02441778789812 34.76248826620094 80.82803085028993
v 22.21503628538311 -31.73347676303964 86.32737415367684
v -36.59906414779588 -12.81687373654079 86.783359632551
v -36.935025 -12.000375 87.5941
v -22.73126369731842 -31.56493366900846 88.34280044786428
v 22.73676075703692 31.48003938960134 87.55321284089197
v 22.86354261065225 31.5596455696355 89.22932109149723
v -22.76341274572754 -31.46473848110279 87.59285387876974
v -37.04448026778573 -12.07184016143948 89.11660734039624
v 21.20291100111156 -28.33432015764267 69.2259810328373
v -23.490975 -31.2171875 90.3360875
v -23.28915 -30.956625 86.36189999999999
v 23.03256820912389 -31.01355994139855 90.32527971865377
v 22.18766776479714 -31.1700067418418 86.44862944994907
v 22.83436179867055 -30.78041156230229 86.46332450418159
v 22.46075 -31.961575 90.29605000000001
v -37.27564164292481 -11.52063326338158 90.26819588624583
v -36.50871012553944 11.48385914538675 86.46375257585849
v -36.6604040708493 -12.50918612377725 86.43572203277822
v 21.93782750372864 -30.19807995547517 86.45502835502901
v 21.42041237026601 -28.53343863847109 68.25789210799476
f 3 2 1
f 1 2 47
f 5 3 1
f 7 5 1
f 47 7 1
f 2 3 4
f 2 4 8
f 2 8 10
f 2 10 70
f 1922 47 2
f 2 70 1922
f 6 4 3
f 3 5 2210
f 53 6 3
f 2210 53 3
f 4 6 1799
f 57 8 4
f 1799 57 4
f 5 7 9
f 5 9 58
f 5 16 22
f 58 16 5
f 5 22 2210
f 60 21 6
f 6 21 1799
f 6 53 60
f 13 9 7
f 7 11 13
f 71 11 7
f 7 47 61
f 7 61 71
f 12 10 8
f 3118 12 8
f 8 57 67
f 8 67 3118
f 9 13 19
f 9 19 24
f 9 24 106
f 68 58 9
f 106 68 9
f 10 12 14
f 10 14 2610
f 2412 70 10
f 2610 2412 10
f 15 13 11
f 76 15 11
f 11 71 76
f 85 14 12
f 12 18 85
f 3118 18 12
f 13 15 86
f 86 19 13
f 14 85 2610
f 15 76 2441
f 2441 86 15
f 30 22 16
f 123 30 16
f 16 58 97
f 16 97 123
f 17 20 98
f 1991 20 17
f 17 25 26
f 27 25 17
f 17 26 1991
f 2157 27 17
f 17 98 2157
f 18 23 49
f 3118 23 18
f 18 49 3016
f 3016 85 18
f 2988 24 19
f 19 86 3015
f 3015 2988 19
f 20 21 99
f 1800 21 20
f 99 98 20
f 1991 1800 20
f 21 29 1799
f 1800 29 21
f 21 60 102
f 102 99 21
f 30 28 22
f 22 28 1964
f 1964 103 22
f 22 103 2391
f 2391 2210 22
f 2795 49 23
f 23 54 2795
f 3234 54 23
f 3118 105 23
f 23 105 3234
f 2746 55 24
f 24 55 3235
f 3235 106 24
f 2988 2746 24
f 35 26 25
f 25 27 36
f 25 32 35
f 112 32 25
f 36 33 25
f 25 33 112
f 26 35 115
f 26 115 1991
f 116 36 27
f 2026 116 27
f 2157 2026 27
f 28 30 123
f 123 119 28
f 28 119 2026
f 2026 1964 28
f 29 122 1799
f 1800 122 29
f 43 32 31
f 31 32 128
f 31 33 44
f 128 33 31
f 31 40 41
f 42 40 31
f 31 41 43
f 44 42 31
f 45 35 32
f 32 43 45
f 32 112 131
f 131 128 32
f 33 36 46
f 46 44 33
f 132 112 33
f 33 128 132
f 126 120 34
f 34 120 2412
f 215 126 34
f 1947 215 34
f 2610 1947 34
f 34 2412 2610
f 35 45 1803
f 135 115 35
f 1803 135 35
f 36 37 48
f 141 37 36
f 48 46 36
f 36 116 136
f 36 136 141
f 37 39 51
f 142 39 37
f 51 48 37
f 37 141 142
f 1803 50 38
f 38 50 2660
f 38 54 2582
f 2911 54 38
f 1809 1803 38
f 2582 1809 38
f 2660 1971 38
f 38 1971 3095
f 3095 2911 38
f 3059 51 39
f 39 55 2792
f 3248 55 39
f 39 142 3248
f 39 2792 3059
f 52 41 40
f 40 42 59
f 2359 52 40
f 40 59 2358
f 2358 145 40
f 40 145 2359
f 146 43 41
f 41 52 146
f 42 44 147
f 147 59 42
f 63 45 43
f 1807 63 43
f 43 146 150
f 43 150 2001
f 2001 1807 43
f 44 46 56
f 44 56 169
f 151 147 44
f 169 151 44
f 154 50 45
f 45 50 1803
f 45 63 180
f 45 152 154
f 180 152 45
f 46 48 153
f 64 56 46
f 181 64 46
f 46 153 181
f 57 53 47
f 47 53 58
f 1922 57 47
f 47 58 61
f 48 51 155
f 155 153 48
f 49 2795 2974
f 49 2974 3016
f 50 154 2438
f 50 2438 2660
f 3044 155 51
f 3059 3044 51
f 2359 74 52
f 52 74 2573
f 162 146 52
f 2937 162 52
f 52 2573 2937
f 53 57 60
f 2391 58 53
f 53 2210 2391
f 54 171 2582
f 3234 171 54
f 54 2678 2795
f 3241 2678 54
f 54 2911 3241
f 55 172 3235
f 3248 172 55
f 55 2746 3170
f 3255 2792 55
f 3170 2880 55
f 55 2880 3255
f 56 64 80
f 56 80 187
f 187 169 56
f 1801 60 57
f 1922 67 57
f 57 1799 1801
f 68 61 58
f 103 97 58
f 2391 103 58
f 96 75 59
f 59 75 2358
f 197 96 59
f 59 147 173
f 59 173 197
f 1801 102 60
f 61 68 86
f 86 71 61
f 72 65 62
f 62 65 91
f 3274 72 62
f 62 91 3282
f 62 2678 3274
f 3282 2678 62
f 1807 79 63
f 63 79 1887
f 1812 180 63
f 1887 1812 63
f 166 80 64
f 232 166 64
f 64 181 232
f 65 72 91
f 92 73 66
f 66 73 1987
f 1987 92 66
f 67 70 85
f 1922 70 67
f 67 85 105
f 67 105 3118
f 106 86 68
f 69 87 88
f 89 87 69
f 69 88 90
f 2519 89 69
f 69 90 2122
f 69 184 2121
f 2122 184 69
f 69 2121 2519
f 1947 85 70
f 70 1917 1947
f 2412 1917 70
f 1918 76 71
f 71 86 1943
f 1943 1918 71
f 3201 91 72
f 72 2995 3156
f 3274 2995 72
f 72 3156 3258
f 3258 3201 72
f 73 92 3227
f 2925 1987 73
f 73 2889 2925
f 3227 2889 73
f 2122 90 74
f 74 90 2822
f 74 95 2573
f 2822 95 74
f 74 185 2342
f 2561 185 74
f 2342 2122 74
f 74 2359 2561
f 75 93 2121
f 2133 93 75
f 75 96 2133
f 2343 186 75
f 75 186 2560
f 75 2121 2343
f 2560 2358 75
f 76 121 127
f 204 121 76
f 76 127 2286
f 1918 204 76
f 76 2286 2441
f 77 81 83
f 107 81 77
f 77 83 3269
f 3095 107 77
f 77 2893 3095
f 3269 2893 77
f 84 82 78
f 78 82 108
f 2880 84 78
f 78 108 3283
f 3255 2880 78
f 78 2965 3255
f 3283 2965 78
f 79 1807 1810
f 79 1810 3145
f 2516 1887 79
f 3145 2516 79
f 80 166 2003
f 2057 187 80
f 80 2003 2057
f 107 83 81
f 82 84 108
f 83 107 3284
f 3268 3180 83
f 83 3180 3269
f 3284 3268 83
f 3151 108 84
f 2880 2657 84
f 84 2657 3089
f 84 3089 3151
f 3016 105 85
f 85 1947 2610
f 86 106 3015
f 2441 1943 86
f 100 88 87
f 87 89 101
f 193 100 87
f 87 101 193
f 194 90 88
f 88 100 110
f 88 110 194
f 111 101 89
f 195 111 89
f 2519 195 89
f 90 194 2422
f 2422 2058 90
f 90 2058 2822
f 91 2289 2636
f 3201 2289 91
f 91 2636 3198
f 91 3198 3282
f 92 1987 3256
f 92 2633 3227
f 3256 2633 92
f 2133 1751 93
f 93 1751 2277
f 2519 2121 93
f 93 2277 2519
f 109 100 94
f 94 100 198
f 94 101 109
f 198 101 94
f 2822 196 95
f 95 196 2937
f 2937 2573 95
f 96 197 2133
f 97 103 123
f 98 99 117
f 115 112 98
f 98 112 116
f 117 115 98
f 98 116 2172
f 2172 2157 98
f 99 102 1806
f 1806 117 99
f 100 109 140
f 140 110 100
f 100 193 201
f 201 198 100
f 139 109 101
f 101 111 139
f 202 193 101
f 101 198 202
f 1801 122 102
f 102 122 1806
f 103 119 123
f 2172 119 103
f 103 1964 2172
f 104 138 149
f 1808 138 104
f 104 149 2771
f 2992 1808 104
f 104 2771 2797
f 104 2797 2972
f 104 2972 2992
f 105 3016 3234
f 3235 3015 106
f 107 3095 3153
f 3242 3108 107
f 107 3108 3284
f 107 3153 3242
f 108 3151 3243
f 108 3243 3283
f 109 139 205
f 205 140 109
f 110 129 133
f 140 129 110
f 110 133 2469
f 206 194 110
f 2469 206 110
f 111 118 130
f 207 118 111
f 111 130 139
f 111 195 207
f 112 115 135
f 136 116 112
f 135 131 112
f 112 132 136
f 113 190 2456
f 2625 190 113
f 113 2456 2770
f 2706 2625 113
f 2835 2706 113
f 113 2770 2849
f 2849 2781 113
f 113 2781 2881
f 3180 2835 113
f 113 2881 3180
f 114 2657 2812
f 2826 2657 114
f 2797 2771 114
f 114 2771 3233
f 2889 2797 114
f 114 2812 2889
f 3113 2826 114
f 3233 3113 114
f 115 117 1991
f 2026 119 116
f 116 119 2172
f 1806 1800 117
f 117 1800 1991
f 118 125 134
f 214 125 118
f 134 130 118
f 118 207 1986
f 1986 214 118
f 120 126 156
f 120 156 170
f 120 170 203
f 120 203 2412
f 157 127 121
f 212 157 121
f 121 204 2408
f 2408 212 121
f 1801 1799 122
f 122 1800 1806
f 124 133 178
f 2469 133 124
f 124 178 2096
f 2152 213 124
f 124 213 2469
f 124 2096 2152
f 179 134 125
f 2304 179 125
f 125 214 2113
f 125 2113 2304
f 215 156 126
f 127 157 1808
f 127 1808 2286
f 128 131 146
f 151 132 128
f 146 145 128
f 128 145 147
f 128 147 151
f 224 133 129
f 129 140 158
f 158 143 129
f 129 143 218
f 129 218 224
f 130 134 225
f 159 139 130
f 130 144 159
f 219 144 130
f 225 219 130
f 131 135 152
f 150 146 131
f 152 150 131
f 153 136 132
f 132 151 153
f 252 178 133
f 133 224 252
f 134 179 253
f 253 225 134
f 154 152 135
f 2405 154 135
f 135 1803 2405
f 153 141 136
f 137 148 211
f 2980 148 137
f 211 156 137
f 137 156 215
f 137 215 2475
f 137 2475 2980
f 3122 149 138
f 138 157 212
f 1808 157 138
f 138 212 3122
f 139 159 236
f 2271 205 139
f 139 236 2271
f 235 158 140
f 140 205 226
f 140 226 235
f 155 142 141
f 141 153 155
f 142 155 3044
f 142 3044 3248
f 143 158 1805
f 227 218 143
f 2250 227 143
f 143 1805 2021
f 143 2021 2250
f 2168 159 144
f 144 219 228
f 144 228 2249
f 144 2020 2168
f 2249 2020 144
f 145 146 162
f 173 147 145
f 145 162 2561
f 2560 173 145
f 145 2358 2560
f 2561 2359 145
f 222 211 148
f 2456 222 148
f 2770 2456 148
f 2980 2770 148
f 3122 223 149
f 149 223 3233
f 3233 2771 149
f 150 152 180
f 150 180 2001
f 181 153 151
f 151 169 181
f 2405 1809 154
f 154 1809 2438
f 211 170 156
f 158 235 2049
f 2049 1805 158
f 2168 236 159
f 2096 1999 160
f 160 1999 2110
f 2595 2096 160
f 160 2110 2516
f 160 2516 2718
f 3126 2595 160
f 160 2718 3126
f 161 166 183
f 2003 166 161
f 183 179 161
f 161 179 2304
f 161 1862 2003
f 2024 1862 161
f 161 1871 2024
f 2304 1871 161
f 162 185 2561
f 2937 185 162
f 216 192 163
f 163 192 230
f 163 208 216
f 230 208 163
f 164 217 1811
f 2800 217 164
f 1811 231 164
f 164 231 2800
f 165 1812 1887
f 1897 1812 165
f 165 1887 2516
f 2508 1897 165
f 165 2110 2508
f 2516 2110 165
f 2132 183 166
f 166 200 210
f 232 200 166
f 166 210 2132
f 167 174 1993
f 3055 174 167
f 1993 238 167
f 167 238 2625
f 167 2625 2706
f 167 2706 3055
f 1814 175 168
f 168 175 2782
f 168 239 1814
f 3249 239 168
f 2782 2567 168
f 168 2567 2826
f 168 2826 3249
f 187 181 169
f 237 203 170
f 170 211 246
f 326 237 170
f 170 246 279
f 170 279 326
f 2959 190 171
f 171 190 3021
f 3021 2582 171
f 3234 2959 171
f 172 191 2957
f 3022 191 172
f 172 2954 3022
f 3248 2954 172
f 172 2957 3235
f 173 186 197
f 2560 186 173
f 174 248 2946
f 3098 248 174
f 2946 1993 174
f 174 3055 3098
f 175 249 3099
f 3149 249 175
f 175 1814 3149
f 3099 2782 175
f 176 2289 2475
f 2636 2289 176
f 176 2475 2945
f 3088 2636 176
f 176 2945 2959
f 176 2959 3234
f 176 3016 3088
f 3234 3016 176
f 2712 2633 177
f 177 2633 3015
f 2992 2712 177
f 177 2957 3233
f 3235 2957 177
f 3233 2992 177
f 177 3015 3235
f 233 229 178
f 178 229 2266
f 252 233 178
f 178 1999 2096
f 2266 1999 178
f 179 183 2186
f 2282 253 179
f 2186 2054 179
f 179 2054 2282
f 1812 1810 180
f 180 1810 2001
f 181 187 232
f 2110 1999 182
f 182 1999 2266
f 2508 2110 182
f 182 2266 2708
f 2749 2508 182
f 182 2708 3128
f 3128 2749 182
f 183 2132 2739
f 2741 2186 183
f 183 2739 3127
f 3127 2741 183
f 194 193 184
f 184 193 195
f 2422 194 184
f 184 195 2277
f 2343 2121 184
f 184 2122 2342
f 184 2277 2343
f 184 2342 2422
f 185 196 2058
f 2937 196 185
f 185 2058 2342
f 1751 197 186
f 2343 1751 186
f 2057 232 187
f 2607 2582 188
f 188 2582 3021
f 3153 2607 188
f 3098 2738 188
f 188 2738 3108
f 3021 2935 188
f 188 2935 3098
f 188 3108 3242
f 3242 3153 188
f 189 2578 3099
f 3151 2578 189
f 3044 2879 189
f 189 2879 3243
f 3022 2954 189
f 189 2954 3044
f 3090 3022 189
f 3099 3090 189
f 3243 3151 189
f 2945 2456 190
f 190 2625 2935
f 190 2935 3021
f 2959 2945 190
f 3233 2957 191
f 191 3022 3249
f 191 3113 3233
f 3249 3113 191
f 192 216 246
f 254 230 192
f 192 246 293
f 293 254 192
f 193 194 201
f 202 195 193
f 206 201 194
f 195 202 207
f 2519 2277 195
f 2822 2058 196
f 197 1751 2133
f 198 201 205
f 205 202 198
f 1897 209 199
f 199 209 2752
f 199 255 261
f 281 255 199
f 199 261 1812
f 2752 281 199
f 199 1812 1897
f 1816 210 200
f 200 232 262
f 200 262 3105
f 3105 1816 200
f 226 205 201
f 201 206 226
f 202 205 2271
f 2271 207 202
f 237 215 203
f 203 215 1947
f 1947 1917 203
f 203 1917 2412
f 1808 258 204
f 204 258 1925
f 1943 1808 204
f 204 1918 1943
f 204 1925 2408
f 224 218 206
f 206 218 226
f 2858 224 206
f 206 2469 2858
f 207 219 225
f 2271 219 207
f 207 225 1986
f 1965 216 208
f 208 230 265
f 208 265 290
f 208 290 1965
f 2592 267 209
f 209 267 2752
f 209 1897 2508
f 209 2508 2592
f 1816 268 210
f 210 268 2100
f 210 2100 2132
f 211 222 257
f 293 246 211
f 211 257 293
f 212 247 294
f 2408 247 212
f 294 258 212
f 212 258 3122
f 252 224 213
f 213 224 2858
f 2152 252 213
f 2858 2469 213
f 214 225 253
f 1986 225 214
f 214 253 2113
f 257 222 215
f 215 222 2475
f 215 237 257
f 2000 246 216
f 1965 270 216
f 216 270 2000
f 217 260 2395
f 2800 260 217
f 271 266 217
f 217 266 1811
f 2395 271 217
f 235 226 218
f 218 227 235
f 236 228 219
f 2271 236 219
f 220 263 1817
f 2778 263 220
f 220 276 328
f 1817 276 220
f 220 328 2778
f 221 264 1820
f 2794 264 221
f 221 277 331
f 1820 277 221
f 221 331 2794
f 222 2456 2475
f 223 258 1808
f 3122 258 223
f 223 1808 2992
f 223 2992 3233
f 2034 235 227
f 2250 2034 227
f 228 236 2249
f 229 233 2467
f 229 283 2366
f 2467 283 229
f 2366 2266 229
f 230 254 270
f 270 265 230
f 1813 271 231
f 231 271 2052
f 231 1811 1813
f 231 2052 2800
f 232 243 1937
f 2057 243 232
f 268 262 232
f 2100 268 232
f 232 1937 2100
f 233 252 288
f 288 274 233
f 233 274 310
f 233 310 2467
f 234 275 289
f 311 275 234
f 234 289 3185
f 1819 311 234
f 2054 1819 234
f 2282 2054 234
f 3185 2282 234
f 235 2034 2531
f 2531 2049 235
f 236 2168 2275
f 2275 2249 236
f 293 257 237
f 326 293 237
f 2517 248 238
f 238 248 3098
f 238 1993 2517
f 3098 2625 238
f 239 249 2548
f 3099 249 239
f 2548 1814 239
f 3249 3099 239
f 240 250 274
f 1805 250 240
f 240 274 318
f 318 295 240
f 240 295 2250
f 2021 1805 240
f 2250 2021 240
f 275 251 241
f 241 251 2020
f 319 275 241
f 241 296 319
f 2249 296 241
f 241 2020 2249
f 242 244 3218
f 3222 244 242
f 2309 1956 242
f 242 1956 2447
f 3218 2309 242
f 242 2447 2598
f 242 2598 3222
f 3220 245 243
f 243 245 3221
f 2057 1862 243
f 243 1862 3220
f 3221 1937 243
f 2483 2065 244
f 244 2065 2484
f 2680 2483 244
f 244 2484 3218
f 3222 2680 244
f 245 1866 1942
f 2091 1866 245
f 245 1942 3221
f 3220 2091 245
f 285 279 246
f 2000 285 246
f 286 260 247
f 247 260 1818
f 247 280 286
f 2408 280 247
f 1818 294 247
f 2517 299 248
f 248 299 2946
f 249 300 2548
f 3149 300 249
f 306 274 250
f 250 301 306
f 2049 301 250
f 250 1805 2049
f 251 275 305
f 305 302 251
f 251 302 2168
f 2168 2020 251
f 252 283 288
f 2366 283 252
f 2152 2065 252
f 252 2065 2813
f 2813 2366 252
f 253 1866 2113
f 2193 1866 253
f 3185 2193 253
f 253 2282 3185
f 293 270 254
f 299 261 255
f 297 272 255
f 255 272 2946
f 255 281 297
f 2946 299 255
f 256 273 298
f 3149 273 256
f 298 282 256
f 256 282 1816
f 3105 300 256
f 256 300 3149
f 256 1816 3105
f 258 294 1925
f 1817 263 259
f 259 263 2090
f 324 303 259
f 259 303 350
f 350 309 259
f 259 309 1817
f 2090 324 259
f 260 286 333
f 260 333 2395
f 2800 1818 260
f 322 267 261
f 261 267 1812
f 261 299 322
f 262 268 2478
f 323 300 262
f 262 300 3105
f 2478 323 262
f 263 278 2128
f 2778 278 263
f 2346 314 263
f 263 314 2564
f 2564 2090 263
f 263 2128 2346
f 315 287 264
f 264 287 1820
f 2563 315 264
f 264 1815 2363
f 2794 1815 264
f 264 2363 2563
f 265 270 1938
f 336 290 265
f 361 336 265
f 1938 361 265
f 266 269 1811
f 2311 269 266
f 266 271 1995
f 266 1995 2311
f 267 322 2752
f 2592 1812 267
f 268 1816 2478
f 308 291 269
f 269 291 337
f 2311 308 269
f 269 337 3138
f 1813 1811 269
f 3138 1813 269
f 270 293 332
f 270 332 2000
f 1965 1938 270
f 271 1813 1995
f 2395 2052 271
f 312 290 272
f 272 290 336
f 272 297 312
f 336 316 272
f 272 316 1993
f 272 1993 2946
f 273 291 313
f 317 291 273
f 313 298 273
f 2298 317 273
f 3149 2298 273
f 274 288 318
f 274 306 310
f 319 289 275
f 311 305 275
f 276 309 314
f 1817 309 276
f 276 314 328
f 277 315 331
f 1821 315 277
f 277 1820 1821
f 278 328 1952
f 2778 328 278
f 278 329 348
f 382 329 278
f 278 348 2128
f 1952 382 278
f 279 285 338
f 369 326 279
f 279 338 384
f 1802 369 279
f 279 384 1802
f 339 286 280
f 280 327 412
f 2408 327 280
f 412 339 280
f 320 297 281
f 281 303 320
f 350 303 281
f 281 322 350
f 2752 322 281
f 282 298 321
f 321 304 282
f 282 304 323
f 282 323 1816
f 2929 288 283
f 283 2467 2929
f 284 289 2059
f 3185 289 284
f 284 1819 2054
f 2059 1819 284
f 284 2054 2193
f 284 2193 3185
f 285 332 1998
f 2000 332 285
f 1998 338 285
f 2203 333 286
f 286 339 2203
f 287 292 1820
f 2212 292 287
f 287 315 340
f 287 340 2212
f 356 318 288
f 2929 356 288
f 289 319 2059
f 312 307 290
f 290 307 1965
f 291 308 2843
f 2843 313 291
f 291 317 337
f 349 330 292
f 292 330 383
f 383 345 292
f 292 345 1820
f 2212 349 292
f 293 326 332
f 333 327 294
f 294 327 1925
f 2395 333 294
f 294 1818 2052
f 294 2052 2395
f 318 301 295
f 295 301 2034
f 295 2034 2250
f 296 302 319
f 2249 302 296
f 367 312 297
f 297 320 372
f 297 341 367
f 372 341 297
f 298 313 368
f 373 321 298
f 368 342 298
f 298 342 373
f 299 316 341
f 2517 316 299
f 341 322 299
f 342 317 300
f 300 317 2548
f 300 323 342
f 360 306 301
f 301 318 360
f 2531 2034 301
f 301 2049 2531
f 302 305 363
f 363 319 302
f 2275 2168 302
f 302 2249 2275
f 324 320 303
f 304 321 325
f 351 323 304
f 304 325 1815
f 1815 351 304
f 305 311 347
f 305 347 366
f 411 363 305
f 305 366 411
f 365 310 306
f 306 360 410
f 410 365 306
f 307 312 334
f 307 334 364
f 1958 361 307
f 307 361 1965
f 307 364 1958
f 417 335 308
f 308 335 2843
f 308 362 1957
f 2311 362 308
f 1957 417 308
f 2564 314 309
f 309 350 378
f 309 378 2564
f 346 329 310
f 310 329 382
f 365 346 310
f 382 356 310
f 310 356 2929
f 2929 2467 310
f 311 330 347
f 383 330 311
f 311 357 383
f 2059 357 311
f 311 1819 2059
f 343 334 312
f 367 343 312
f 313 335 375
f 2843 335 313
f 313 344 368
f 375 344 313
f 2346 328 314
f 2563 331 315
f 1821 340 315
f 316 336 367
f 367 341 316
f 2517 1993 316
f 368 337 317
f 317 342 368
f 317 2298 2548
f 318 356 360
f 363 357 319
f 319 357 2059
f 320 324 352
f 320 343 372
f 376 343 320
f 320 352 376
f 353 325 321
f 373 344 321
f 321 344 377
f 377 353 321
f 322 341 372
f 372 350 322
f 373 342 323
f 323 351 373
f 2478 1816 323
f 388 352 324
f 324 378 393
f 2564 378 324
f 393 388 324
f 324 2090 2564
f 325 353 2014
f 2014 379 325
f 325 379 2363
f 2363 1815 325
f 369 332 326
f 327 333 390
f 327 390 448
f 448 412 327
f 2408 1925 327
f 2346 1952 328
f 329 346 354
f 354 348 329
f 355 347 330
f 330 349 2544
f 2544 355 330
f 379 351 331
f 331 351 1815
f 2563 379 331
f 331 1815 2794
f 332 369 389
f 332 389 439
f 332 439 1998
f 2398 390 333
f 333 2203 2398
f 334 343 374
f 386 364 334
f 334 374 420
f 420 386 334
f 387 375 335
f 417 387 335
f 336 361 367
f 337 362 1995
f 2060 362 337
f 337 368 2060
f 337 1995 3138
f 389 384 338
f 1822 389 338
f 338 398 1822
f 1998 398 338
f 339 385 390
f 412 385 339
f 339 390 2318
f 2236 2203 339
f 2318 2236 339
f 340 345 395
f 1821 345 340
f 340 395 2212
f 343 367 396
f 396 372 343
f 376 374 343
f 397 368 344
f 344 373 397
f 344 375 401
f 401 377 344
f 345 383 395
f 1821 1820 345
f 404 354 346
f 365 358 346
f 346 358 406
f 346 391 404
f 406 391 346
f 347 355 405
f 347 359 366
f 407 359 347
f 405 392 347
f 347 392 407
f 348 354 380
f 348 380 416
f 409 394 348
f 348 394 2128
f 416 409 348
f 349 381 2544
f 2693 381 349
f 2212 395 349
f 349 395 2709
f 2709 2693 349
f 350 372 378
f 379 373 351
f 402 376 352
f 352 388 402
f 353 377 403
f 353 403 3197
f 3197 2014 353
f 354 370 380
f 404 370 354
f 381 371 355
f 355 371 405
f 2544 381 355
f 391 360 356
f 356 382 391
f 357 363 392
f 392 383 357
f 358 365 370
f 358 370 406
f 371 366 359
f 407 371 359
f 360 391 410
f 386 367 361
f 3224 386 361
f 361 1938 1965
f 361 1958 1996
f 361 1996 3224
f 362 387 456
f 2060 387 362
f 362 456 2180
f 2180 1957 362
f 2311 1995 362
f 411 392 363
f 364 386 3224
f 364 408 2008
f 3224 408 364
f 2008 1958 364
f 438 370 365
f 365 410 438
f 366 371 437
f 437 411 366
f 367 386 396
f 421 387 368
f 368 387 2060
f 368 397 421
f 435 389 369
f 471 435 369
f 1802 471 369
f 414 380 370
f 370 404 418
f 418 406 370
f 438 414 370
f 371 381 415
f 419 405 371
f 371 407 419
f 371 415 437
f 402 378 372
f 372 396 402
f 373 379 403
f 427 397 373
f 373 403 427
f 374 376 400
f 374 400 2931
f 1823 420 374
f 2072 1823 374
f 2931 2072 374
f 375 387 421
f 2944 401 375
f 375 421 1973
f 375 1973 2944
f 469 400 376
f 376 402 426
f 376 426 2078
f 2078 469 376
f 377 401 2895
f 427 403 377
f 377 424 427
f 2895 424 377
f 2556 393 378
f 378 402 428
f 378 428 2556
f 2041 403 379
f 379 2014 2041
f 2563 2363 379
f 380 414 422
f 422 416 380
f 423 415 381
f 429 423 381
f 2693 429 381
f 404 391 382
f 382 394 404
f 1952 394 382
f 383 392 405
f 405 395 383
f 384 389 435
f 384 432 441
f 449 432 384
f 384 435 3117
f 384 441 1802
f 3117 449 384
f 436 390 385
f 385 412 433
f 433 413 385
f 385 413 436
f 420 396 386
f 387 417 456
f 388 393 2081
f 428 402 388
f 2081 428 388
f 1824 439 389
f 389 1822 1824
f 390 436 448
f 2398 2318 390
f 391 406 410
f 411 407 392
f 467 430 393
f 393 430 2081
f 2556 467 393
f 422 404 394
f 394 409 443
f 455 422 394
f 394 443 455
f 394 1952 2346
f 2346 2128 394
f 395 405 423
f 395 423 2505
f 395 2505 2675
f 395 2675 2709
f 426 402 396
f 396 420 451
f 451 426 396
f 452 421 397
f 397 427 452
f 398 439 1996
f 1998 439 398
f 398 446 1822
f 2008 446 398
f 1996 1958 398
f 398 1958 2008
f 399 417 1957
f 2991 417 399
f 1957 440 399
f 399 440 2398
f 2236 447 399
f 399 447 2991
f 399 2203 2236
f 2398 2203 399
f 499 451 400
f 400 451 2931
f 400 469 499
f 401 452 2895
f 2944 452 401
f 2041 463 403
f 403 463 3197
f 422 418 404
f 405 419 423
f 418 410 406
f 407 411 419
f 1996 439 408
f 408 439 3200
f 3224 1996 408
f 3200 2008 408
f 409 416 2083
f 409 430 467
f 2083 430 409
f 467 443 409
f 410 418 461
f 2155 438 410
f 410 461 2155
f 2109 419 411
f 411 437 2109
f 442 433 412
f 472 442 412
f 412 448 472
f 413 433 450
f 482 436 413
f 413 450 454
f 413 454 482
f 461 422 414
f 414 438 457
f 414 457 485
f 2856 461 414
f 414 485 2472
f 414 2472 2856
f 415 423 462
f 415 434 458
f 462 434 415
f 458 437 415
f 416 422 455
f 416 455 2614
f 2614 2083 416
f 2991 456 417
f 418 422 461
f 462 423 419
f 2109 462 419
f 1823 451 420
f 421 452 2551
f 2551 1973 421
f 423 429 2505
f 2029 427 424
f 2895 470 424
f 424 470 3252
f 2374 2029 424
f 3252 2374 424
f 1825 431 425
f 425 431 2014
f 425 463 1825
f 3197 463 425
f 425 2014 3197
f 426 451 499
f 426 499 2476
f 2476 2078 426
f 3209 452 427
f 427 2029 3209
f 503 467 428
f 428 467 2556
f 2081 503 428
f 1989 431 429
f 429 431 2898
f 429 466 2505
f 2898 466 429
f 2693 1989 429
f 430 473 2081
f 2083 473 430
f 2009 468 431
f 431 468 2041
f 1825 474 431
f 431 474 2898
f 431 1989 2009
f 2041 2014 431
f 444 441 432
f 477 444 432
f 432 449 477
f 433 442 445
f 433 445 478
f 478 450 433
f 486 458 434
f 434 462 1985
f 2074 486 434
f 434 1985 2074
f 435 471 477
f 435 477 481
f 435 481 3117
f 478 448 436
f 482 478 436
f 437 458 494
f 437 494 513
f 437 513 2109
f 493 457 438
f 512 493 438
f 2155 512 438
f 1824 479 439
f 439 479 3200
f 440 456 480
f 2180 456 440
f 440 480 2318
f 440 1957 2180
f 440 2318 2398
f 441 444 3196
f 441 471 1802
f 2417 471 441
f 3196 2417 441
f 3066 445 442
f 442 472 1834
f 442 1834 3066
f 2085 455 443
f 443 467 503
f 443 503 2085
f 444 477 3228
f 3228 3196 444
f 3066 478 445
f 446 479 1824
f 3200 479 446
f 1824 1822 446
f 446 2008 3200
f 2318 480 447
f 447 480 2991
f 447 2236 2318
f 478 472 448
f 449 453 2064
f 3117 453 449
f 2841 477 449
f 449 2064 2841
f 2382 454 450
f 450 478 3017
f 3017 2382 450
f 1823 491 451
f 451 491 2931
f 452 492 2551
f 2944 492 452
f 3209 2895 452
f 453 481 511
f 3117 481 453
f 453 511 2767
f 2921 2064 453
f 453 2767 2921
f 2489 482 454
f 454 2382 2981
f 2502 2489 454
f 2981 2502 454
f 455 2085 2614
f 2991 480 456
f 507 485 457
f 493 489 457
f 457 489 495
f 457 495 507
f 458 486 508
f 458 490 494
f 496 490 458
f 508 496 458
f 459 464 2071
f 2072 464 459
f 459 487 2072
f 3219 487 459
f 459 2071 2491
f 459 2491 2755
f 459 2755 3219
f 460 465 1973
f 3063 465 460
f 1973 488 460
f 460 488 2461
f 460 2461 2682
f 2682 2645 460
f 460 2645 3063
f 507 495 461
f 461 495 2155
f 2856 507 461
f 462 496 508
f 2109 496 462
f 462 508 1985
f 463 468 504
f 2041 468 463
f 463 504 1825
f 464 491 2077
f 2931 491 464
f 2077 2071 464
f 464 2072 2931
f 465 492 2944
f 3100 492 465
f 2944 1973 465
f 465 3063 3100
f 466 468 2009
f 3226 468 466
f 466 2009 2505
f 466 2898 3226
f 3226 504 468
f 469 475 1857
f 2078 475 469
f 1857 499 469
f 2994 476 470
f 470 476 3252
f 2895 500 470
f 470 500 3133
f 3133 2994 470
f 3192 477 471
f 2417 1968 471
f 471 1968 3192
f 472 478 2899
f 1927 1834 472
f 2899 1927 472
f 473 503 2081
f 2083 503 473
f 1825 504 474
f 474 504 3226
f 3226 2898 474
f 2078 501 475
f 475 501 2101
f 475 534 1857
f 2140 534 475
f 475 2101 2140
f 3147 502 476
f 476 502 3252
f 476 2994 3254
f 3254 3147 476
f 2067 481 477
f 3192 1944 477
f 477 1944 3228
f 2841 2067 477
f 478 482 3017
f 478 561 2899
f 3066 561 478
f 2903 511 481
f 481 2067 2903
f 2432 1864 482
f 482 1864 3017
f 2489 2432 482
f 2472 485 483
f 483 485 3078
f 2183 505 483
f 483 505 2472
f 3078 2183 483
f 539 486 484
f 484 486 2074
f 2074 506 484
f 484 506 3178
f 2621 539 484
f 3178 2621 484
f 485 507 3078
f 560 508 486
f 486 539 560
f 487 491 1823
f 2077 491 487
f 487 1823 2072
f 3219 2077 487
f 2551 492 488
f 488 492 3100
f 488 1973 2551
f 3100 2461 488
f 489 493 548
f 509 495 489
f 2017 509 489
f 489 548 2017
f 547 494 490
f 490 496 510
f 490 510 546
f 490 546 547
f 493 512 548
f 547 513 494
f 495 509 512
f 495 512 2155
f 513 510 496
f 2109 513 496
f 2767 511 497
f 497 511 3109
f 2755 2491 497
f 497 2491 3074
f 497 2624 2755
f 3109 2624 497
f 3073 2767 497
f 3265 3073 497
f 497 3074 3265
f 498 2302 2489
f 2682 2302 498
f 2731 2384 498
f 498 2384 2874
f 498 2489 2502
f 498 2502 2731
f 498 2539 2682
f 3000 2539 498
f 498 2874 3000
f 553 501 499
f 499 501 2476
f 1857 553 499
f 2029 502 500
f 500 502 3133
f 3209 2029 500
f 500 2895 3209
f 501 553 2101
f 501 2078 2476
f 502 2029 2374
f 502 2374 3252
f 3147 3133 502
f 503 2083 2085
f 559 507 505
f 505 507 2856
f 505 549 559
f 2183 549 505
f 2856 2472 505
f 506 508 560
f 1985 508 506
f 506 560 3178
f 2074 1985 506
f 507 559 3078
f 564 512 509
f 2256 564 509
f 509 2017 2256
f 510 513 565
f 565 546 510
f 2655 532 511
f 511 532 3109
f 2903 2655 511
f 564 548 512
f 513 547 626
f 626 565 513
f 520 516 514
f 514 516 524
f 2914 520 514
f 514 524 3276
f 3073 2914 514
f 3276 3073 514
f 515 517 521
f 525 517 515
f 515 521 3001
f 3174 525 515
f 2953 2452 515
f 515 2452 3205
f 3001 2953 515
f 3205 3174 515
f 516 520 524
f 525 521 517
f 518 522 526
f 530 522 518
f 518 526 3273
f 3277 530 518
f 3273 3074 518
f 518 3074 3277
f 527 523 519
f 519 523 531
f 3000 527 519
f 519 531 3194
f 519 2539 3000
f 3194 2539 519
f 3080 524 520
f 520 2914 3172
f 3172 3080 520
f 521 525 3052
f 2918 2450 521
f 521 2450 3001
f 3052 2918 521
f 530 526 522
f 523 527 531
f 3080 2686 524
f 524 2686 3276
f 525 2726 3052
f 3174 2726 525
f 526 530 3093
f 3093 2938 526
f 526 2938 3264
f 3264 3182 526
f 526 3182 3273
f 2951 531 527
f 527 2817 2837
f 3000 2817 527
f 527 2837 2853
f 527 2853 2951
f 1828 534 528
f 528 534 2140
f 528 538 1828
f 2183 538 528
f 528 2140 3132
f 2724 2183 528
f 3132 2724 528
f 3142 535 529
f 529 535 3257
f 529 539 2621
f 3257 539 529
f 529 2621 2790
f 3131 2717 529
f 529 2717 3142
f 529 2790 3131
f 530 2066 3246
f 3277 2066 530
f 3246 3093 530
f 2951 2640 531
f 531 2640 3194
f 2652 551 532
f 532 551 3025
f 532 2624 3109
f 3219 2624 532
f 2655 2652 532
f 532 3025 3106
f 532 3106 3219
f 533 552 2788
f 2964 552 533
f 2432 2302 533
f 533 2302 2461
f 2962 2432 533
f 533 2461 2964
f 533 2788 2962
f 534 553 1857
f 1880 553 534
f 534 1828 2143
f 2143 1880 534
f 2240 550 535
f 535 550 3257
f 535 554 2866
f 2994 554 535
f 535 587 2240
f 2866 587 535
f 3254 2994 535
f 535 3142 3254
f 536 2457 2652
f 3010 2457 536
f 2783 2571 536
f 536 2571 3010
f 536 2652 2655
f 536 2655 2903
f 536 2686 2783
f 3148 2686 536
f 536 2903 3148
f 537 2196 2521
f 2772 2196 537
f 537 2521 3140
f 2623 2583 537
f 537 2583 2772
f 3169 2623 537
f 3140 2761 537
f 537 2761 3169
f 538 559 2328
f 3078 559 538
f 538 592 2225
f 2328 592 538
f 2225 1828 538
f 538 2183 3078
f 539 550 593
f 3257 550 539
f 597 560 539
f 539 593 597
f 2840 563 540
f 540 563 2964
f 2964 2461 540
f 540 2461 3100
f 2651 2640 540
f 540 2640 2951
f 3100 2651 540
f 2951 2840 540
f 2457 572 541
f 541 572 2529
f 541 574 3247
f 3264 574 541
f 3111 2457 541
f 541 2529 3172
f 3247 3111 541
f 541 3172 3270
f 541 3182 3264
f 3270 3182 541
f 2260 2244 542
f 542 2244 2537
f 3087 2260 542
f 2838 2506 542
f 542 2506 3087
f 542 2537 2837
f 2837 2802 542
f 542 2802 3001
f 3001 2838 542
f 589 561 543
f 543 561 3066
f 543 567 569
f 1834 567 543
f 543 569 589
f 3066 1834 543
f 2750 2308 544
f 544 2308 2838
f 544 2424 2750
f 2818 2424 544
f 2976 2818 544
f 544 2838 2918
f 544 2918 2976
f 545 575 2306
f 2403 575 545
f 545 1869 2187
f 2306 1869 545
f 545 2187 2687
f 3008 2403 545
f 545 2687 2853
f 545 2853 3008
f 608 547 546
f 546 565 622
f 546 601 608
f 622 601 546
f 547 608 626
f 548 564 625
f 607 600 548
f 548 600 2017
f 625 607 548
f 2724 559 549
f 549 2183 2724
f 2891 593 550
f 550 2240 2646
f 550 2646 3168
f 3168 2891 550
f 2652 2457 551
f 551 2457 3111
f 3247 3025 551
f 551 3111 3247
f 552 562 2788
f 3087 562 552
f 552 563 2244
f 2964 563 552
f 552 2244 2260
f 552 2260 3087
f 1858 611 553
f 553 611 2112
f 1880 1858 553
f 2696 2101 553
f 553 2112 2696
f 2604 2290 554
f 554 2290 3183
f 2829 2604 554
f 3147 2829 554
f 3183 2866 554
f 554 2994 3133
f 554 3133 3147
f 555 557 2704
f 3217 557 555
f 555 2097 2465
f 2632 2097 555
f 555 2465 3217
f 2704 2632 555
f 556 558 2815
f 3041 558 556
f 556 2628 3137
f 3150 2628 556
f 556 2815 3150
f 556 2846 3041
f 3137 2846 556
f 2520 2194 557
f 557 2194 2724
f 2968 2520 557
f 2724 2704 557
f 3217 2968 557
f 558 560 1903
f 2512 560 558
f 558 1903 2815
f 3041 2512 558
f 2154 617 559
f 559 617 2160
f 2833 2154 559
f 559 2160 2328
f 2724 2194 559
f 559 2194 2833
f 560 597 620
f 620 618 560
f 560 618 3179
f 3179 1903 560
f 560 2512 3178
f 589 585 561
f 561 585 1927
f 561 1927 2899
f 2506 591 562
f 562 591 2622
f 3087 2506 562
f 562 2622 3140
f 3140 2788 562
f 599 575 563
f 563 575 2537
f 2840 599 563
f 2537 2244 563
f 564 621 625
f 2256 621 564
f 626 622 565
f 566 568 580
f 1826 568 566
f 566 580 606
f 606 584 566
f 566 584 2417
f 2417 1826 566
f 581 569 567
f 633 581 567
f 1834 585 567
f 567 585 2415
f 2415 633 567
f 588 580 568
f 1826 588 568
f 569 581 589
f 570 572 613
f 2191 572 570
f 570 580 588
f 613 580 570
f 570 588 2191
f 1911 573 571
f 571 573 2259
f 589 581 571
f 571 581 633
f 3011 589 571
f 571 633 1911
f 571 2259 3011
f 572 590 613
f 2457 590 572
f 572 2191 2529
f 1911 591 573
f 573 591 2506
f 2750 2259 573
f 573 2506 2750
f 574 576 627
f 3061 576 574
f 627 598 574
f 574 598 3247
f 3264 3061 574
f 2144 577 575
f 575 577 2306
f 575 599 2144
f 575 2403 2537
f 576 604 2278
f 3096 604 576
f 2278 627 576
f 576 3061 3096
f 654 605 577
f 577 605 2306
f 577 649 654
f 664 649 577
f 2144 664 577
f 614 602 578
f 578 602 2524
f 629 614 578
f 578 624 629
f 2524 624 578
f 1830 603 579
f 579 603 1832
f 1829 630 579
f 579 630 1830
f 1832 1829 579
f 632 606 580
f 580 613 632
f 582 586 637
f 1880 586 582
f 631 609 582
f 582 609 1880
f 637 631 582
f 2151 587 583
f 583 587 2866
f 583 610 654
f 3183 610 583
f 654 649 583
f 583 649 667
f 583 667 2151
f 583 2866 3183
f 623 588 584
f 584 588 1968
f 584 606 623
f 584 1968 2417
f 585 589 639
f 585 639 1919
f 585 1834 1927
f 585 1919 2415
f 586 611 637
f 2143 611 586
f 586 1880 2143
f 2151 612 587
f 587 612 2290
f 2290 2240 587
f 638 590 588
f 588 590 3010
f 588 623 638
f 588 1826 1944
f 588 1944 1968
f 3010 2191 588
f 589 591 639
f 3011 591 589
f 638 613 590
f 590 2457 3010
f 1911 639 591
f 3011 2622 591
f 2328 596 592
f 592 596 2504
f 592 617 2154
f 2504 617 592
f 592 2154 2225
f 2474 597 593
f 593 618 2637
f 3179 618 593
f 2637 2474 593
f 593 2891 3179
f 640 615 594
f 594 615 661
f 641 640 594
f 2626 641 594
f 594 661 2626
f 595 616 1831
f 2161 616 595
f 1831 642 595
f 595 642 2161
f 596 619 635
f 2328 619 596
f 596 635 670
f 596 670 2504
f 636 620 597
f 671 636 597
f 2474 671 597
f 2189 604 598
f 598 604 3096
f 598 627 2189
f 598 3096 3247
f 599 605 675
f 2840 605 599
f 599 675 2144
f 600 607 635
f 646 621 600
f 600 621 2017
f 600 635 646
f 636 608 601
f 601 622 647
f 647 636 601
f 602 614 628
f 602 628 643
f 602 643 2524
f 683 644 603
f 603 644 1832
f 1830 683 603
f 2189 653 604
f 604 653 2278
f 605 654 675
f 605 1869 2306
f 2840 1869 605
f 2584 623 606
f 606 632 658
f 606 658 2584
f 607 625 660
f 660 635 607
f 657 626 608
f 608 636 657
f 651 611 609
f 609 611 1858
f 609 631 653
f 653 651 609
f 609 1858 1880
f 610 612 678
f 3183 612 610
f 678 654 610
f 651 637 611
f 2143 2112 611
f 2151 678 612
f 3183 2290 612
f 638 632 613
f 672 628 614
f 614 629 2886
f 614 658 672
f 2886 658 614
f 615 640 652
f 615 652 655
f 615 655 661
f 679 656 616
f 616 656 682
f 2161 679 616
f 616 682 1831
f 617 619 2160
f 2857 619 617
f 617 2504 2857
f 618 620 2637
f 646 635 619
f 680 646 619
f 2857 680 619
f 2328 2160 619
f 620 636 647
f 620 647 681
f 620 681 2637
f 646 625 621
f 2256 2017 621
f 622 626 647
f 672 638 623
f 714 672 623
f 2584 714 623
f 1963 629 624
f 624 634 2147
f 2524 634 624
f 2147 1963 624
f 625 646 2272
f 2272 660 625
f 676 647 626
f 626 657 676
f 627 648 663
f 2278 648 627
f 627 663 674
f 627 674 2189
f 672 643 628
f 1963 643 629
f 629 643 2399
f 2399 2204 629
f 629 2204 2886
f 630 644 668
f 669 644 630
f 630 668 1830
f 1829 669 630
f 631 637 666
f 631 648 653
f 666 648 631
f 632 638 672
f 672 658 632
f 673 639 633
f 633 639 1911
f 633 659 673
f 2415 659 633
f 634 643 2171
f 2524 643 634
f 726 694 634
f 634 694 2147
f 2171 726 634
f 635 660 670
f 671 657 636
f 637 651 666
f 639 673 1919
f 640 641 645
f 640 645 712
f 696 652 640
f 640 686 696
f 712 686 640
f 655 645 641
f 641 650 2116
f 2626 650 641
f 2350 655 641
f 641 2116 2350
f 642 656 2349
f 2566 656 642
f 1831 662 642
f 642 662 2364
f 642 2115 2161
f 2349 2115 642
f 642 2364 2566
f 643 672 2399
f 643 1963 2171
f 2170 668 644
f 644 669 2400
f 644 673 1832
f 2400 673 644
f 644 683 2170
f 645 655 734
f 734 712 645
f 646 680 2272
f 647 676 681
f 2278 653 648
f 688 663 648
f 648 666 688
f 649 664 689
f 689 667 649
f 650 661 702
f 2626 661 650
f 702 692 650
f 650 692 720
f 650 720 2116
f 651 653 677
f 677 666 651
f 734 655 652
f 652 696 734
f 653 674 690
f 2189 674 653
f 690 677 653
f 691 675 654
f 654 678 691
f 2350 661 655
f 656 679 2349
f 2566 682 656
f 657 671 709
f 745 676 657
f 657 709 729
f 657 729 745
f 700 698 658
f 658 698 2584
f 2204 700 658
f 2886 2204 658
f 701 669 659
f 659 669 1829
f 1832 673 659
f 659 699 701
f 2415 699 659
f 659 1829 1832
f 2218 670 660
f 660 728 2218
f 2272 728 660
f 736 702 661
f 2350 736 661
f 662 682 697
f 1831 682 662
f 697 687 662
f 662 687 713
f 662 713 2364
f 694 674 663
f 663 684 694
f 706 684 663
f 663 688 706
f 664 675 685
f 2144 675 664
f 664 685 689
f 665 668 705
f 1830 668 665
f 695 683 665
f 665 683 1830
f 665 685 695
f 705 685 665
f 666 677 696
f 696 686 666
f 666 686 710
f 710 688 666
f 697 678 667
f 667 678 2151
f 667 687 697
f 711 687 667
f 667 689 711
f 727 705 668
f 2170 727 668
f 669 701 717
f 669 717 2400
f 702 680 670
f 670 680 2857
f 670 692 702
f 3040 692 670
f 2218 708 670
f 670 708 3040
f 2857 2504 670
f 671 681 703
f 2637 681 671
f 703 693 671
f 671 693 709
f 671 2474 2637
f 672 714 716
f 672 716 2399
f 717 715 673
f 673 715 1919
f 2400 717 673
f 730 690 674
f 674 694 730
f 695 685 675
f 675 691 695
f 719 681 676
f 745 719 676
f 677 690 732
f 732 696 677
f 697 691 678
f 679 703 737
f 2161 703 679
f 679 737 2349
f 680 702 718
f 680 718 2272
f 719 703 681
f 735 697 682
f 2566 735 682
f 683 695 727
f 683 727 2170
f 2147 694 684
f 706 704 684
f 684 704 2147
f 707 689 685
f 685 705 707
f 712 710 686
f 687 711 713
f 688 690 730
f 732 690 688
f 730 706 688
f 688 710 732
f 731 691 689
f 689 691 733
f 689 707 731
f 733 711 689
f 731 695 691
f 691 697 733
f 2664 720 692
f 3040 2664 692
f 693 703 2161
f 723 709 693
f 693 721 723
f 2161 721 693
f 694 726 730
f 731 727 695
f 696 732 734
f 735 733 697
f 698 700 765
f 1929 714 698
f 698 714 2584
f 698 765 1929
f 766 701 699
f 2415 715 699
f 699 715 2569
f 2569 766 699
f 700 716 752
f 2204 716 700
f 700 752 765
f 2207 717 701
f 701 766 2207
f 740 718 702
f 702 736 2335
f 2335 740 702
f 703 719 741
f 741 737 703
f 704 706 746
f 761 726 704
f 704 726 1963
f 704 746 769
f 769 761 704
f 704 1963 2147
f 747 707 705
f 705 727 1984
f 813 747 705
f 1984 813 705
f 706 730 748
f 770 746 706
f 706 748 770
f 749 731 707
f 707 747 771
f 771 749 707
f 708 718 740
f 742 718 708
f 740 722 708
f 708 722 3040
f 708 724 742
f 2683 724 708
f 708 2218 2683
f 741 719 709
f 709 719 743
f 709 723 741
f 709 725 729
f 743 725 709
f 710 712 750
f 748 732 710
f 772 748 710
f 710 750 772
f 751 713 711
f 711 733 749
f 711 749 773
f 773 751 711
f 712 734 2559
f 776 750 712
f 802 776 712
f 2559 802 712
f 713 735 2364
f 2558 735 713
f 713 751 798
f 713 798 2088
f 713 2088 2558
f 774 716 714
f 1915 774 714
f 1929 1915 714
f 715 717 775
f 715 775 2300
f 2415 1919 715
f 715 2300 2569
f 764 752 716
f 774 764 716
f 716 2204 2399
f 2389 775 717
f 717 2207 2389
f 718 742 744
f 718 744 2272
f 745 743 719
f 2002 736 720
f 720 736 2116
f 720 753 2082
f 2664 753 720
f 2164 2002 720
f 720 2082 2164
f 754 723 721
f 2115 737 721
f 721 737 2125
f 794 754 721
f 2125 794 721
f 2161 2115 721
f 740 738 722
f 722 738 3190
f 722 2664 3040
f 3190 2664 722
f 723 739 741
f 754 739 723
f 724 738 742
f 2683 738 724
f 739 729 725
f 743 739 725
f 755 730 726
f 2301 755 726
f 726 761 2179
f 2171 1963 726
f 726 2179 2301
f 727 731 756
f 727 756 817
f 727 817 2178
f 2178 1984 727
f 728 744 792
f 2272 744 728
f 728 792 2451
f 2683 2218 728
f 728 2451 2683
f 729 739 791
f 791 745 729
f 762 748 730
f 730 755 1836
f 1836 762 730
f 731 749 763
f 780 756 731
f 731 763 780
f 759 734 732
f 732 748 762
f 781 759 732
f 732 762 781
f 733 735 760
f 763 749 733
f 733 760 782
f 782 763 733
f 734 759 779
f 734 779 2559
f 809 760 735
f 2558 809 735
f 2566 2364 735
f 736 767 2335
f 2340 767 736
f 736 2002 2340
f 2350 2116 736
f 737 741 768
f 737 768 806
f 737 806 2339
f 737 2115 2349
f 2339 2125 737
f 738 740 757
f 757 742 738
f 2451 777 738
f 738 777 3190
f 2683 2451 738
f 758 741 739
f 739 743 758
f 739 754 778
f 739 778 791
f 767 757 740
f 2335 767 740
f 741 758 768
f 757 744 742
f 743 745 758
f 744 757 2534
f 795 792 744
f 2534 795 744
f 790 758 745
f 2274 790 745
f 745 791 2274
f 746 755 769
f 770 755 746
f 747 756 771
f 813 756 747
f 772 770 748
f 749 771 786
f 786 773 749
f 776 759 750
f 750 759 781
f 781 772 750
f 773 760 751
f 751 760 798
f 752 764 796
f 2799 765 752
f 752 796 2799
f 753 767 2094
f 2288 767 753
f 753 777 2288
f 3190 777 753
f 2162 2082 753
f 753 2094 2162
f 753 2664 3190
f 754 768 778
f 794 768 754
f 2301 769 755
f 755 770 1836
f 780 771 756
f 756 813 817
f 757 767 789
f 757 789 2534
f 790 768 758
f 759 776 779
f 760 773 782
f 809 798 760
f 761 769 1835
f 1835 796 761
f 761 796 2179
f 799 781 762
f 1836 799 762
f 800 780 763
f 763 782 800
f 764 774 1837
f 804 796 764
f 1837 804 764
f 765 774 787
f 2799 774 765
f 765 787 1929
f 788 775 766
f 766 775 814
f 818 788 766
f 766 814 2885
f 2569 818 766
f 2885 2207 766
f 2288 789 767
f 767 1840 2094
f 2340 1840 767
f 790 778 768
f 768 794 806
f 2007 1835 769
f 2301 2007 769
f 770 772 785
f 770 785 2012
f 2012 1836 770
f 771 780 2084
f 2084 786 771
f 772 781 2197
f 3065 785 772
f 772 2197 3065
f 812 782 773
f 773 786 801
f 773 801 812
f 807 787 774
f 1915 807 774
f 2799 1837 774
f 775 788 808
f 775 805 819
f 2389 805 775
f 775 808 2300
f 819 814 775
f 1838 779 776
f 776 802 1838
f 777 784 793
f 815 784 777
f 793 789 777
f 777 789 2288
f 777 792 815
f 2451 792 777
f 778 790 2576
f 816 791 778
f 854 816 778
f 2576 854 778
f 859 810 779
f 779 810 2559
f 1838 859 779
f 780 800 862
f 862 856 780
f 780 856 2084
f 781 799 865
f 781 865 2031
f 781 2031 2197
f 812 800 782
f 783 802 2126
f 2612 802 783
f 2094 1840 783
f 783 1840 2612
f 2126 2082 783
f 783 2082 2162
f 2162 2094 783
f 869 793 784
f 784 815 853
f 853 851 784
f 784 851 869
f 785 799 861
f 3065 799 785
f 861 840 785
f 785 840 2012
f 862 800 786
f 786 800 866
f 845 801 786
f 786 841 862
f 2084 841 786
f 866 845 786
f 787 807 2086
f 787 822 1929
f 2086 822 787
f 850 808 788
f 788 818 823
f 788 823 835
f 788 835 837
f 788 837 850
f 789 793 820
f 820 795 789
f 789 795 2534
f 790 821 872
f 2274 821 790
f 872 870 790
f 790 870 2576
f 791 816 864
f 791 864 876
f 791 876 2274
f 792 795 875
f 863 815 792
f 875 863 792
f 871 820 793
f 793 869 871
f 2125 803 794
f 794 803 2577
f 2577 806 794
f 795 820 875
f 796 804 2179
f 1835 824 796
f 796 824 2799
f 2178 805 797
f 797 805 2389
f 797 813 1984
f 3024 813 797
f 797 814 825
f 2885 814 797
f 797 825 3024
f 797 1984 2178
f 2389 2207 797
f 797 2207 2885
f 827 803 798
f 798 803 2088
f 798 809 827
f 2550 861 799
f 3065 865 799
f 799 1836 2550
f 800 812 866
f 868 812 801
f 801 845 2659
f 2659 868 801
f 802 810 2340
f 2559 810 802
f 802 826 1838
f 2612 826 802
f 2340 2126 802
f 2339 811 803
f 803 811 2558
f 803 827 2577
f 2558 2088 803
f 803 2125 2339
f 1837 832 804
f 804 832 2007
f 804 2007 2179
f 805 817 833
f 2178 817 805
f 833 819 805
f 2199 811 806
f 806 811 2339
f 2577 2199 806
f 846 842 807
f 807 842 849
f 1915 846 807
f 807 849 2086
f 808 843 847
f 850 843 808
f 808 847 2300
f 809 811 860
f 2558 811 809
f 860 827 809
f 810 859 1840
f 810 1840 2340
f 2199 860 811
f 868 866 812
f 3024 817 813
f 814 819 833
f 833 825 814
f 857 820 815
f 815 820 871
f 871 853 815
f 863 857 815
f 816 821 858
f 872 821 816
f 816 854 872
f 816 858 864
f 3024 833 817
f 829 823 818
f 847 829 818
f 2300 847 818
f 2569 2300 818
f 820 857 873
f 820 873 875
f 874 858 821
f 876 874 821
f 2274 876 821
f 830 828 822
f 822 828 1929
f 842 830 822
f 822 834 842
f 2086 834 822
f 823 829 831
f 823 831 843
f 843 835 823
f 1835 832 824
f 824 832 1837
f 824 1837 2799
f 825 833 3024
f 826 859 1838
f 2612 859 826
f 827 860 2199
f 827 2199 2577
f 828 830 2587
f 828 846 1929
f 2411 846 828
f 2587 2411 828
f 2439 831 829
f 829 847 2410
f 829 2410 2439
f 830 842 2587
f 2439 843 831
f 832 1835 2007
f 2086 836 834
f 834 836 2983
f 2044 842 834
f 2983 2044 834
f 2485 837 835
f 835 843 2485
f 2086 849 836
f 836 849 2429
f 2429 877 836
f 836 877 2525
f 836 2525 2983
f 2428 850 837
f 837 878 2428
f 2692 878 837
f 837 2485 2986
f 2986 2692 837
f 2012 840 838
f 838 840 3058
f 838 855 2012
f 2028 855 838
f 2536 2028 838
f 838 2087 2536
f 3058 2087 838
f 839 841 2084
f 3056 841 839
f 2084 856 839
f 839 856 2192
f 2192 878 839
f 839 878 2647
f 839 2647 3056
f 840 861 2006
f 840 2006 3058
f 3056 862 841
f 842 846 1924
f 2044 849 842
f 842 1924 1935
f 842 1935 2587
f 1936 847 843
f 843 850 2039
f 2439 1936 843
f 843 2039 2485
f 2197 848 844
f 844 848 2844
f 2844 865 844
f 844 865 3065
f 3065 2197 844
f 845 866 902
f 845 902 906
f 845 906 2659
f 846 1915 1929
f 2411 1924 846
f 1936 1923 847
f 847 1923 2410
f 2197 867 848
f 848 867 3144
f 848 2514 2844
f 3144 2514 848
f 849 2044 2429
f 2428 2039 850
f 851 853 3083
f 3176 869 851
f 851 893 2663
f 3083 893 851
f 851 2663 3176
f 904 854 852
f 852 854 2576
f 852 870 2216
f 2576 870 852
f 2264 904 852
f 852 2216 2264
f 853 871 3083
f 899 872 854
f 904 899 854
f 2006 861 855
f 855 861 2550
f 2200 2006 855
f 2550 2012 855
f 855 2028 2234
f 2234 2200 855
f 856 862 3031
f 3031 2192 856
f 857 863 1974
f 1974 873 857
f 2019 864 858
f 858 874 2019
f 2612 1840 859
f 3056 3031 862
f 863 875 2406
f 2139 1974 863
f 2406 2139 863
f 2050 876 864
f 864 2019 2050
f 865 867 2031
f 3136 867 865
f 865 2844 3136
f 866 868 902
f 2197 2031 867
f 867 3136 3144
f 2229 902 868
f 2659 2229 868
f 898 871 869
f 3176 898 869
f 870 872 899
f 870 899 2149
f 870 2149 2216
f 871 898 3083
f 2406 875 873
f 873 1974 2254
f 873 2254 2406
f 874 876 2253
f 2253 2019 874
f 876 2050 2270
f 2270 2253 876
f 877 881 2234
f 2429 881 877
f 2234 2028 877
f 877 2028 2536
f 877 2329 2525
f 2877 2329 877
f 2649 2356 877
f 877 2356 2877
f 877 2536 2649
f 2192 882 878
f 878 882 2428
f 2692 2325 878
f 878 2325 2878
f 2831 2647 878
f 2878 2831 878
f 1843 891 879
f 879 891 2514
f 879 893 1843
f 2663 893 879
f 879 2514 2894
f 2967 2663 879
f 879 2894 3050
f 3050 2967 879
f 2145 2138 880
f 880 2138 2710
f 2720 2145 880
f 880 2159 2264
f 2710 2159 880
f 880 2264 2806
f 2870 2720 880
f 880 2806 2870
f 2961 915 881
f 881 915 2969
f 881 2073 2234
f 2969 2073 881
f 881 2429 2961
f 2723 916 882
f 882 916 2960
f 882 2192 2970
f 2960 2428 882
f 2970 2723 882
f 890 888 883
f 883 888 913
f 3207 890 883
f 883 913 2869
f 883 2356 2649
f 2869 2356 883
f 883 2649 3207
f 909 907 884
f 884 907 3075
f 914 909 884
f 2932 914 884
f 884 2831 2932
f 3046 2831 884
f 3075 3046 884
f 885 887 889
f 911 887 885
f 885 889 2608
f 3028 911 885
f 2804 2329 885
f 885 2329 3028
f 885 2608 2804
f 886 908 910
f 2834 908 886
f 886 910 912
f 886 912 2916
f 2916 2325 886
f 886 2325 3166
f 3166 2834 886
f 911 889 887
f 888 890 913
f 889 911 3210
f 2631 2608 889
f 3210 2631 889
f 2572 913 890
f 2707 2572 890
f 2736 2707 890
f 2915 2736 890
f 3207 2915 890
f 891 895 2844
f 3072 895 891
f 891 1843 2518
f 2844 2514 891
f 891 2518 3072
f 2429 2044 892
f 892 2044 2676
f 2631 2188 892
f 892 2188 2775
f 2961 2429 892
f 2775 2627 892
f 892 2627 2961
f 2676 2631 892
f 893 898 3082
f 3083 898 893
f 893 944 2545
f 3082 944 893
f 2545 1843 893
f 2460 1868 894
f 894 1868 3007
f 894 1872 2073
f 3124 1872 894
f 894 2073 2969
f 2969 2460 894
f 894 3007 3238
f 3238 3124 894
f 895 2231 2887
f 3135 2231 895
f 3136 2844 895
f 895 2887 3144
f 895 3072 3135
f 3144 3136 895
f 3223 897 896
f 896 897 3251
f 896 2887 3114
f 3214 2887 896
f 896 3114 3223
f 3251 3214 896
f 3167 2613 897
f 897 2613 3175
f 3175 3139 897
f 897 3139 3251
f 3223 3167 897
f 3045 926 898
f 898 926 3186
f 898 2574 3045
f 3176 2574 898
f 3186 3082 898
f 899 904 943
f 899 925 927
f 943 925 899
f 899 927 2150
f 2239 2149 899
f 899 2150 2239
f 900 901 2870
f 2873 901 900
f 900 2163 2239
f 2870 2163 900
f 900 2239 2459
f 900 2459 2873
f 2694 2005 901
f 901 2005 2870
f 901 2426 2694
f 2873 2426 901
f 2089 906 902
f 1844 929 902
f 902 929 2092
f 2694 1844 902
f 2166 2089 902
f 902 2092 2166
f 902 2229 2694
f 2033 1892 903
f 903 1892 2758
f 2970 2033 903
f 903 2232 2803
f 3239 2232 903
f 903 2758 3239
f 903 2803 2923
f 903 2923 2971
f 2971 2970 903
f 2159 917 904
f 904 917 2184
f 945 943 904
f 2184 945 904
f 2264 2159 904
f 2238 908 905
f 905 908 2834
f 905 2040 2238
f 2430 2040 905
f 2764 2428 905
f 905 2428 2960
f 2960 2430 905
f 2811 2764 905
f 2834 2811 905
f 906 917 2138
f 2515 917 906
f 906 2089 2515
f 906 2138 2145
f 906 2145 2659
f 907 909 914
f 907 914 3064
f 907 3064 3164
f 3163 3075 907
f 3164 3163 907
f 912 910 908
f 2238 912 908
f 911 2324 2742
f 3028 2324 911
f 911 2742 3210
f 912 2238 3213
f 912 2323 2947
f 3213 2323 912
f 2947 2916 912
f 2572 2353 913
f 913 2353 2869
f 2932 2032 914
f 914 2032 3026
f 914 3026 3064
f 915 2102 2224
f 2431 2102 915
f 915 2224 2969
f 2627 2431 915
f 2961 2627 915
f 916 919 2430
f 3029 919 916
f 916 2430 2960
f 916 2723 3029
f 2710 2138 917
f 917 2159 2710
f 2728 2184 917
f 917 2515 2756
f 917 2579 2728
f 2873 2579 917
f 917 2756 2873
f 2224 2102 918
f 918 2102 2431
f 2585 2224 918
f 2742 2324 918
f 918 2324 2877
f 918 2353 2585
f 2877 2353 918
f 918 2431 2503
f 918 2503 2742
f 919 959 2032
f 2337 959 919
f 919 961 2430
f 2740 961 919
f 919 2032 2932
f 919 2323 2740
f 2878 2323 919
f 3029 2337 919
f 2932 2878 919
f 920 922 976
f 2444 922 920
f 1005 932 920
f 920 932 2139
f 920 976 2137
f 2137 1005 920
f 920 2139 2406
f 920 2406 2444
f 977 923 921
f 921 923 2437
f 921 933 1004
f 2050 933 921
f 1002 977 921
f 1004 1002 921
f 2270 2050 921
f 2437 2270 921
f 922 938 976
f 1974 938 922
f 2254 1974 922
f 2444 2254 922
f 977 939 923
f 923 939 2019
f 923 2019 2253
f 923 2253 2437
f 924 926 3030
f 3186 926 924
f 982 942 924
f 924 942 3186
f 924 976 982
f 1006 976 924
f 3030 1006 924
f 2383 927 925
f 925 943 983
f 983 977 925
f 925 977 1007
f 925 1007 2383
f 926 944 2471
f 3045 944 926
f 926 2471 3030
f 1845 945 927
f 927 945 2150
f 2383 1845 927
f 928 930 1955
f 3135 930 928
f 996 950 928
f 928 950 2231
f 1955 996 928
f 928 2231 3135
f 929 931 2092
f 2481 931 929
f 1844 951 929
f 929 951 2247
f 929 2247 2481
f 930 954 2839
f 3135 954 930
f 930 997 1013
f 2839 997 930
f 930 1013 1955
f 931 955 2092
f 2896 955 931
f 2481 2292 931
f 931 2292 2896
f 982 938 932
f 932 938 1974
f 1005 982 932
f 932 1974 2139
f 933 939 983
f 2019 939 933
f 933 983 1004
f 2050 2019 933
f 934 940 1015
f 2051 940 934
f 1010 956 934
f 934 956 2495
f 934 997 1010
f 1015 997 934
f 2495 2051 934
f 2656 941 935
f 935 941 3101
f 935 957 3033
f 3101 957 935
f 935 998 2656
f 3033 998 935
f 936 970 1848
f 3211 970 936
f 988 986 936
f 936 986 3259
f 1848 988 936
f 3259 3211 936
f 937 971 2182
f 2248 971 937
f 2182 987 937
f 937 987 2257
f 2257 2248 937
f 982 976 938
f 939 977 983
f 940 958 2068
f 2224 958 940
f 2068 1015 940
f 940 2051 2334
f 2334 2224 940
f 1847 959 941
f 941 959 2337
f 2656 1847 941
f 941 2337 3101
f 2471 944 942
f 942 944 3082
f 942 982 1018
f 942 1018 2471
f 942 3082 3186
f 943 945 1845
f 1845 983 943
f 3045 2545 944
f 2184 2150 945
f 946 948 989
f 2038 948 946
f 946 960 2503
f 3120 960 946
f 946 989 3120
f 2431 2038 946
f 2503 2431 946
f 990 949 947
f 947 949 2040
f 2430 961 947
f 947 961 3119
f 3119 990 947
f 947 2040 2430
f 948 952 978
f 1924 952 948
f 948 962 974
f 2038 962 948
f 974 966 948
f 948 966 2440
f 948 978 989
f 1935 1924 948
f 2440 1935 948
f 990 953 949
f 949 953 1936
f 975 963 949
f 949 963 2371
f 949 967 975
f 2404 967 949
f 949 1936 2404
f 2371 2040 949
f 996 954 950
f 950 954 3072
f 2518 2231 950
f 3072 2518 950
f 2089 955 951
f 951 955 2247
f 951 1844 2515
f 2515 2089 951
f 952 968 980
f 2411 968 952
f 980 978 952
f 952 1924 2411
f 1930 969 953
f 953 969 2410
f 953 990 1914
f 953 1914 1930
f 953 1923 1936
f 2410 1923 953
f 954 996 2839
f 3135 3072 954
f 955 2089 2166
f 2166 2092 955
f 2896 2247 955
f 2068 958 956
f 956 958 2495
f 956 1010 2068
f 957 959 1847
f 2999 959 957
f 957 1847 3033
f 3101 2999 957
f 958 2224 2585
f 3057 2495 958
f 958 2585 3057
f 3026 2032 959
f 959 2999 3026
f 960 962 2372
f 3120 962 960
f 960 2372 2985
f 2985 2503 960
f 2371 963 961
f 961 963 3119
f 2984 2371 961
f 961 2740 2984
f 1008 974 962
f 3120 1008 962
f 962 2038 2372
f 963 975 1009
f 963 1009 3119
f 964 972 984
f 2379 972 964
f 984 979 964
f 964 979 992
f 964 992 2379
f 965 973 1849
f 1851 973 965
f 1849 993 965
f 965 993 1851
f 974 968 966
f 966 968 2063
f 966 2063 2440
f 967 969 975
f 2410 969 967
f 967 2404 2410
f 968 974 980
f 2411 2063 968
f 1009 975 969
f 1930 1009 969
f 970 994 1848
f 2045 994 970
f 3211 2045 970
f 2248 995 971
f 971 995 2698
f 2698 2182 971
f 1000 984 972
f 972 985 1000
f 2379 985 972
f 973 1001 1852
f 2798 1001 973
f 1852 1849 973
f 973 1851 2798
f 1008 980 974
f 976 1006 2137
f 977 1002 1007
f 978 980 2527
f 1022 989 978
f 1083 1022 978
f 2527 1083 978
f 979 984 1022
f 2388 992 979
f 979 1022 2388
f 980 1008 1032
f 980 1032 2527
f 1051 985 981
f 981 985 2379
f 981 992 2177
f 2379 992 981
f 981 1042 1051
f 1071 1042 981
f 2177 1071 981
f 982 1005 1018
f 1019 1004 983
f 1845 1019 983
f 984 1000 2206
f 1032 1022 984
f 2206 1032 984
f 1983 1000 985
f 985 1051 1093
f 985 1093 1983
f 986 988 2043
f 2011 991 986
f 986 991 3259
f 986 994 2011
f 2043 994 986
f 987 995 1020
f 2338 995 987
f 987 1020 2213
f 2182 1846 987
f 987 1846 2338
f 987 2213 2257
f 988 999 1038
f 1848 999 988
f 988 1038 1063
f 988 1063 2043
f 1022 1008 989
f 989 1008 3120
f 990 1009 1023
f 3119 1009 990
f 990 1023 1914
f 1030 1003 991
f 991 1003 2045
f 1061 1030 991
f 2011 1061 991
f 991 2045 3211
f 991 3211 3259
f 992 1000 2177
f 2388 1000 992
f 1028 1001 993
f 993 1001 1034
f 1849 1028 993
f 993 1034 1851
f 994 999 1848
f 2357 999 994
f 994 1990 2011
f 2045 1990 994
f 994 2043 2357
f 2107 1020 995
f 2248 2107 995
f 995 2338 2443
f 995 2443 2698
f 1024 1010 996
f 996 1010 2839
f 996 1013 1024
f 1955 1013 996
f 2839 1010 997
f 1035 1013 997
f 997 1015 1035
f 998 1011 2896
f 3033 1011 998
f 998 1014 1036
f 2292 1014 998
f 1036 1016 998
f 998 1016 2656
f 2896 2292 998
f 1047 1038 999
f 1085 1047 999
f 2357 1085 999
f 1000 1983 2177
f 2388 2206 1000
f 1001 1028 1037
f 1046 1034 1001
f 1001 1037 1852
f 2798 1046 1001
f 1002 1004 1054
f 1041 1007 1002
f 1054 1041 1002
f 1003 1030 1044
f 1003 1044 1077
f 1003 1077 1990
f 1003 1990 2045
f 1004 1019 2070
f 1070 1054 1004
f 2070 1070 1004
f 1069 1018 1005
f 1005 1053 1069
f 2137 1053 1005
f 1006 1018 1030
f 3030 1018 1006
f 1006 1030 1040
f 1006 1040 1053
f 1006 1053 2137
f 1031 1019 1007
f 1007 1019 1845
f 1041 1031 1007
f 1007 1845 2383
f 1008 1022 1032
f 1033 1023 1009
f 1930 1033 1009
f 1010 1024 1049
f 1049 1026 1010
f 1010 1026 2068
f 1050 1025 1011
f 1011 1025 2896
f 1011 1027 1050
f 3033 1027 1011
f 1012 1031 2053
f 2606 1031 1012
f 2053 1846 1012
f 1012 1846 2698
f 2443 2124 1012
f 1012 2124 2606
f 2698 2443 1012
f 1038 1024 1013
f 1013 1035 1065
f 1065 1038 1013
f 1014 1025 1048
f 2681 1025 1014
f 1066 1036 1014
f 1048 1039 1014
f 1014 1039 1066
f 1014 2292 2481
f 1014 2481 2681
f 1015 1026 1042
f 2068 1026 1015
f 1067 1035 1015
f 1015 1042 1067
f 1016 1027 1847
f 2830 1027 1016
f 1016 1036 2864
f 1016 1043 2830
f 2864 1043 1016
f 1016 1847 2656
f 1039 1021 1017
f 1017 1021 2107
f 1064 1039 1017
f 2213 1064 1017
f 1017 2107 2257
f 2257 2213 1017
f 1044 1030 1018
f 1059 1044 1018
f 1069 1059 1018
f 3030 2471 1018
f 1019 1031 1045
f 1019 1045 3035
f 1019 1060 2070
f 3035 1060 1019
f 1020 1021 1086
f 2107 1021 1020
f 1086 1064 1020
f 1020 1064 2213
f 1021 1039 1048
f 1021 1048 1086
f 1083 1081 1022
f 1022 1081 2388
f 1023 1033 2798
f 1023 1034 1082
f 1851 1034 1023
f 1023 1082 1084
f 1023 1084 1914
f 2798 1851 1023
f 1024 1038 1047
f 1024 1047 1087
f 1087 1049 1024
f 1088 1048 1025
f 1025 1050 1088
f 1025 2681 2896
f 1051 1042 1026
f 1026 1049 1091
f 1091 1051 1026
f 1092 1050 1027
f 1027 1052 1092
f 2830 1052 1027
f 3033 1847 1027
f 2354 1037 1028
f 1028 1849 1850
f 1028 1850 2354
f 1029 1037 1094
f 1852 1037 1029
f 1094 1052 1029
f 1029 1052 2599
f 1029 1850 1852
f 2568 1850 1029
f 2599 2568 1029
f 1057 1040 1030
f 1061 1057 1030
f 1031 1041 1058
f 2606 1045 1031
f 1031 1058 1062
f 1031 1062 2053
f 1032 1097 1099
f 2206 1097 1032
f 1032 1099 2527
f 1098 1046 1033
f 1033 1046 2798
f 1100 1098 1033
f 1930 1100 1033
f 1034 1046 1082
f 1035 1049 1065
f 1067 1049 1035
f 1066 1050 1036
f 1036 1050 1068
f 1036 1068 2864
f 2354 1094 1037
f 1065 1063 1038
f 1039 1064 1066
f 1055 1053 1040
f 1059 1055 1040
f 1040 1057 1059
f 1041 1054 1056
f 1041 1056 1060
f 1060 1058 1041
f 1071 1067 1042
f 2599 1052 1043
f 1043 1052 2830
f 1043 1068 2847
f 2864 1068 1043
f 1043 1072 2568
f 2847 1072 1043
f 1043 2568 2599
f 1044 1059 1075
f 1044 1075 1077
f 2606 1078 1045
f 1045 1078 2665
f 1045 2665 3035
f 1098 1082 1046
f 1047 1085 1087
f 1088 1086 1048
f 1087 1065 1049
f 1049 1067 1091
f 1050 1066 1088
f 1092 1068 1050
f 1051 1091 1093
f 1094 1092 1052
f 1053 1055 1079
f 1140 1069 1053
f 1053 1079 1116
f 1053 1116 1150
f 1171 1140 1053
f 1053 1150 1171
f 1080 1056 1054
f 1054 1070 1137
f 1121 1080 1054
f 1137 1121 1054
f 1055 1059 1073
f 1055 1073 1089
f 1089 1079 1055
f 1074 1060 1056
f 1090 1074 1056
f 1056 1080 1090
f 1075 1059 1057
f 1057 1061 1095
f 1089 1075 1057
f 1057 1079 1089
f 1095 1079 1057
f 1058 1060 1076
f 1096 1062 1058
f 1058 1076 1090
f 1090 1080 1058
f 1058 1080 1096
f 1059 1069 1073
f 1074 1070 1060
f 1060 1070 2070
f 3035 1076 1060
f 1990 1077 1061
f 1061 1077 2118
f 1118 1095 1061
f 2348 1118 1061
f 2011 1990 1061
f 1061 2118 2348
f 2117 1078 1062
f 1062 1078 2124
f 1062 1096 1136
f 1062 1136 2347
f 2258 2053 1062
f 2347 2117 1062
f 1062 2124 2258
f 1063 1065 1101
f 1154 1085 1063
f 1063 1085 2043
f 1063 1101 2605
f 1063 1141 1154
f 2605 1141 1063
f 1102 1066 1064
f 1064 1086 2016
f 2222 1102 1064
f 2016 1898 1064
f 1064 1898 2222
f 1065 1087 1109
f 1107 1101 1065
f 1109 1107 1065
f 1110 1088 1066
f 1066 1102 1120
f 1066 1108 1110
f 1120 1108 1066
f 1067 1071 1103
f 1109 1091 1067
f 1067 1103 1107
f 1067 1107 1109
f 1068 1092 1110
f 1068 1104 2847
f 2863 1104 1068
f 1110 1108 1068
f 1068 1108 2863
f 1089 1073 1069
f 1126 1089 1069
f 1140 1126 1069
f 1070 1074 1090
f 1070 1090 2220
f 2220 1137 1070
f 1071 1093 1961
f 1983 1093 1071
f 1115 1103 1071
f 2169 1115 1071
f 1071 1961 2169
f 2177 1983 1071
f 1072 1094 2354
f 2721 1094 1072
f 1072 1104 2555
f 2847 1104 1072
f 1072 2354 2568
f 1072 2555 2721
f 1105 1077 1075
f 1075 1089 1105
f 3039 1090 1076
f 3035 2665 1076
f 1076 2665 3039
f 1077 1105 2293
f 2293 2118 1077
f 1147 1106 1078
f 1078 1106 2665
f 2117 1147 1078
f 2606 2124 1078
f 1079 1095 1116
f 1117 1096 1080
f 1121 1117 1080
f 1081 1083 1124
f 1128 1097 1081
f 1081 1097 2206
f 1081 1124 2402
f 2402 1128 1081
f 1081 2206 2388
f 1125 1084 1082
f 1082 1098 2205
f 2401 1125 1082
f 1082 2205 2401
f 1083 1099 2416
f 2527 1099 1083
f 1920 1124 1083
f 2416 1920 1083
f 1084 1100 1930
f 2734 1100 1084
f 1084 1125 2734
f 1930 1914 1084
f 1111 1087 1085
f 1134 1111 1085
f 1154 1134 1085
f 2357 2043 1085
f 1086 1088 1112
f 1086 1112 2099
f 2099 2016 1086
f 1129 1109 1087
f 1087 1111 1129
f 1088 1110 1130
f 1130 1112 1088
f 1126 1105 1089
f 1090 1127 2220
f 3039 1127 1090
f 1113 1093 1091
f 1091 1109 1132
f 1132 1113 1091
f 1092 1094 1114
f 1133 1110 1092
f 1092 1114 1133
f 1093 1113 1853
f 1093 1853 1961
f 3216 1114 1094
f 2721 1962 1094
f 1094 1962 3216
f 1118 1105 1095
f 1095 1105 1126
f 1126 1116 1095
f 1096 1106 1147
f 2291 1106 1096
f 1096 1117 2291
f 1147 1136 1096
f 1138 1099 1097
f 1097 1128 1138
f 1098 1100 1139
f 1098 1139 2205
f 1099 1138 2416
f 1189 1139 1100
f 2734 1189 1100
f 1101 1107 1119
f 1129 1111 1101
f 1101 1111 1134
f 1101 1119 1129
f 1101 1134 2605
f 1102 1112 1130
f 2221 1112 1102
f 1130 1120 1102
f 2355 2221 1102
f 1102 2222 2355
f 1122 1107 1103
f 1115 1113 1103
f 1103 1113 1132
f 1132 1122 1103
f 1133 1114 1104
f 1104 1114 2555
f 1104 1123 1133
f 2863 1123 1104
f 1105 1118 2293
f 2291 1127 1106
f 1106 1127 3039
f 3039 2665 1106
f 1143 1119 1107
f 1107 1122 1143
f 1108 1120 1144
f 1144 1123 1108
f 1108 1123 2863
f 1109 1129 1148
f 1148 1132 1109
f 1149 1130 1110
f 1110 1133 1149
f 2230 2099 1112
f 1112 2221 2230
f 1113 1115 1853
f 3216 2555 1114
f 1941 1853 1115
f 2169 1941 1115
f 1116 1126 1135
f 1116 1135 2735
f 1176 1150 1116
f 2735 1176 1116
f 1117 1121 1151
f 1117 1127 2291
f 2296 1127 1117
f 1117 1151 2871
f 2871 2296 1117
f 1118 1141 1180
f 2348 1141 1118
f 1118 1180 2293
f 1131 1129 1119
f 2283 1131 1119
f 1119 1143 2283
f 1120 1130 1146
f 1146 1144 1120
f 1121 1137 1172
f 1172 1151 1121
f 1122 1132 1972
f 1190 1143 1122
f 2167 1190 1122
f 1122 1972 2167
f 2808 1133 1123
f 1123 1144 1157
f 1123 1157 2808
f 1164 1138 1124
f 1124 1138 1854
f 1124 1158 1164
f 1920 1158 1124
f 1124 1854 2280
f 1124 2280 2402
f 1125 1139 1165
f 1169 1139 1125
f 1165 1159 1125
f 1125 1159 2734
f 2401 1169 1125
f 1161 1135 1126
f 1126 1140 1161
f 1162 1137 1127
f 1127 1137 2220
f 2296 1162 1127
f 1854 1138 1128
f 1128 1152 1167
f 2402 1152 1128
f 1128 1167 1854
f 1129 1131 1148
f 1160 1146 1130
f 1130 1149 1166
f 1166 1160 1130
f 1211 1148 1131
f 1131 1207 1211
f 2283 1207 1131
f 1132 1148 1217
f 1132 1217 1972
f 3266 1149 1133
f 1133 2808 2836
f 1133 2836 3266
f 1134 1154 1199
f 1134 1199 2605
f 1135 1161 1855
f 1855 1201 1135
f 1135 1201 2735
f 1181 1142 1136
f 1136 1142 2347
f 1136 1147 2653
f 1200 1181 1136
f 2653 1200 1136
f 1137 1162 1188
f 1188 1172 1137
f 1138 1164 2416
f 1189 1165 1139
f 1139 1169 1182
f 1139 1182 2205
f 1187 1161 1140
f 1140 1171 1187
f 2348 1154 1141
f 2605 1180 1141
f 1181 1145 1142
f 1142 1145 1898
f 2016 1155 1142
f 1142 1155 2347
f 1142 1898 2016
f 1143 1148 1185
f 1190 1148 1143
f 1143 1185 2283
f 1144 1146 1186
f 1166 1149 1144
f 1144 1149 3154
f 1191 1157 1144
f 1186 1166 1144
f 3154 1191 1144
f 1181 1156 1145
f 1145 1156 2221
f 2222 1898 1145
f 1145 2221 2355
f 2355 2222 1145
f 1146 1160 1184
f 1146 1184 1186
f 2117 1155 1147
f 1147 1155 2653
f 1211 1185 1148
f 1148 1190 1217
f 3266 3154 1149
f 1176 1161 1150
f 1150 1161 1194
f 1174 1171 1150
f 1194 1174 1150
f 1195 1162 1151
f 1151 1162 1198
f 1151 1172 1175
f 1151 1175 1195
f 1198 1177 1151
f 1151 1177 2871
f 1961 1167 1152
f 1152 1192 1941
f 2297 1192 1152
f 1152 1941 2169
f 2169 1961 1152
f 1152 2280 2297
f 2402 2280 1152
f 1994 1163 1153
f 1153 1163 2106
f 1153 1168 1994
f 2401 1168 1153
f 1193 1169 1153
f 1153 1169 2401
f 2106 1193 1153
f 2293 1199 1154
f 1154 2118 2293
f 2348 2118 1154
f 1155 1156 1200
f 2016 1156 1155
f 1155 1200 2653
f 1155 2117 2347
f 1156 1181 1200
f 1156 2016 2099
f 1156 2099 2230
f 2230 2221 1156
f 2570 1170 1157
f 1157 1170 2808
f 1157 1191 2570
f 3115 1164 1158
f 1205 1203 1158
f 1158 1203 3115
f 1209 1205 1158
f 1920 1209 1158
f 1159 1165 1204
f 1159 1204 1206
f 1159 1206 2734
f 1160 1166 1212
f 1208 1184 1160
f 1212 1208 1160
f 1161 1176 1855
f 1161 1187 1194
f 1195 1188 1162
f 2448 1198 1162
f 1162 2296 2448
f 1163 1173 2106
f 3216 1173 1163
f 1163 1994 2555
f 1163 2555 3216
f 1223 1213 1164
f 1164 1213 1227
f 3115 1223 1164
f 1164 1227 2416
f 1165 1189 1214
f 1222 1204 1165
f 1165 1214 1224
f 1224 1222 1165
f 1166 1186 1212
f 1167 1215 1854
f 2908 1215 1167
f 1961 1853 1167
f 1167 1853 2908
f 1216 1173 1168
f 1168 1173 1962
f 1168 1182 1216
f 2205 1182 1168
f 1168 1962 1994
f 2401 2205 1168
f 1193 1182 1169
f 2376 1218 1170
f 1170 1218 3154
f 2570 2376 1170
f 2836 2808 1170
f 3266 2836 1170
f 1170 3154 3266
f 1171 1174 1229
f 1246 1187 1171
f 1171 1229 2269
f 2269 1246 1171
f 2255 1175 1172
f 1172 1188 1245
f 1245 1230 1172
f 1172 1230 2255
f 1216 1193 1173
f 1173 1193 2106
f 3216 1962 1173
f 1174 1194 1247
f 1247 1229 1174
f 2255 1195 1175
f 1176 1178 2267
f 2735 1178 1176
f 2267 1855 1176
f 1234 1179 1177
f 1177 1179 2871
f 1177 1198 2326
f 2326 1234 1177
f 1178 1201 1859
f 2735 1201 1178
f 1178 1859 2648
f 2648 2267 1178
f 2142 1202 1179
f 1179 1202 2448
f 1179 1234 2142
f 1179 2448 2871
f 1180 1199 2293
f 2605 1199 1180
f 1182 1193 1216
f 1183 1185 1239
f 2283 1185 1183
f 1860 1207 1183
f 1183 1207 2283
f 1183 1239 1861
f 1861 1860 1183
f 1240 1186 1184
f 1184 1208 3143
f 3143 1240 1184
f 1185 1211 1239
f 1240 1212 1186
f 1247 1194 1187
f 1187 1246 1247
f 1188 1195 2105
f 2105 1245 1188
f 1189 1210 1228
f 2734 1210 1189
f 1228 1214 1189
f 1190 1196 1976
f 2167 1196 1190
f 1976 1217 1190
f 1191 1197 2570
f 3086 1197 1191
f 1191 1218 3086
f 3154 1218 1191
f 2297 1215 1192
f 1192 1215 2908
f 2908 1941 1192
f 1195 2018 2105
f 2255 2018 1195
f 1972 1219 1196
f 1196 1219 3253
f 2167 1972 1196
f 2928 1976 1196
f 3253 2928 1196
f 1197 1220 2376
f 2458 1220 1197
f 1197 2376 2570
f 3086 2458 1197
f 1198 1202 2326
f 2448 1202 1198
f 1201 1253 1859
f 2061 1253 1201
f 1201 1855 2061
f 1202 2142 2281
f 1202 2281 2326
f 1203 1205 3012
f 1203 1221 3115
f 3236 1221 1203
f 1203 3012 3236
f 3009 1206 1204
f 1204 1222 2615
f 1204 2615 3009
f 1205 1209 1945
f 1205 1213 1223
f 1225 1213 1205
f 1205 1223 3012
f 2590 1225 1205
f 1205 1945 2590
f 1946 1210 1206
f 1206 1210 2734
f 1224 1214 1206
f 1206 1214 1226
f 3009 1224 1206
f 1206 1226 2600
f 2600 1946 1206
f 3103 1211 1207
f 1860 1856 1207
f 1207 1856 3103
f 1208 1212 1258
f 1208 1258 2136
f 1208 2136 3143
f 1209 1227 1249
f 2416 1227 1209
f 1209 1249 1928
f 1209 1920 2416
f 1209 1928 1945
f 2418 1228 1210
f 1210 1946 1981
f 1210 1981 2418
f 3103 1239 1211
f 1212 1240 1258
f 1213 1225 1227
f 1228 1226 1214
f 2297 1854 1215
f 1217 1219 1972
f 2630 1219 1217
f 1217 1976 2630
f 2376 1220 1218
f 1218 1220 2711
f 1218 2711 3086
f 2630 1977 1219
f 1219 1977 2821
f 1219 2821 3253
f 2458 1251 1220
f 1220 1251 2658
f 1220 2658 3094
f 3094 2711 1220
f 1248 1223 1221
f 1221 1223 3115
f 2768 1248 1221
f 3236 2768 1221
f 1222 1224 2987
f 1222 1251 2615
f 2641 1251 1222
f 2987 2641 1222
f 1223 1248 3012
f 3009 2987 1224
f 2590 1227 1225
f 1226 1228 2600
f 1839 1249 1227
f 2590 1839 1227
f 1228 2418 2600
f 1229 1247 1282
f 1282 1279 1229
f 1229 1279 2269
f 1230 1245 1280
f 1230 1280 1283
f 1230 1283 2255
f 1231 1886 2611
f 2648 1886 1231
f 1231 2375 2648
f 2654 2375 1231
f 1231 2611 3261
f 3261 2654 1231
f 1861 1239 1232
f 1232 1239 3250
f 1232 1860 1861
f 2316 1860 1232
f 3260 2316 1232
f 1232 3250 3263
f 3263 3260 1232
f 1233 1253 2061
f 2427 1253 1233
f 1233 1873 2547
f 2786 1873 1233
f 1233 2061 2267
f 1233 2267 2648
f 2648 2375 1233
f 1233 2375 2786
f 2547 2427 1233
f 2326 1254 1234
f 1234 1254 3081
f 1234 1285 1287
f 3081 1285 1234
f 1234 1287 2153
f 2701 2142 1234
f 1234 2153 2701
f 1235 1238 2909
f 3261 1238 1235
f 2909 2554 1235
f 1235 2554 3042
f 1235 3042 3261
f 1236 1237 2810
f 2872 1237 1236
f 2810 2307 1236
f 1236 2307 2824
f 2824 2377 1236
f 1236 2377 2872
f 1237 1240 1879
f 2948 1240 1237
f 1237 1879 2810
f 1237 2872 2948
f 1238 2493 2777
f 3261 2493 1238
f 1238 2702 2793
f 2997 2702 1238
f 1238 2777 3260
f 1238 2793 2909
f 3068 2997 1238
f 3260 3068 1238
f 1239 1257 2993
f 3103 1257 1239
f 1239 2327 2917
f 3134 2327 1239
f 1239 2917 3250
f 1239 2993 3134
f 1322 1258 1240
f 1240 1292 1322
f 1881 1292 1240
f 3143 1879 1240
f 2948 1881 1240
f 1241 1250 3236
f 3253 1250 1241
f 1241 1255 2629
f 3236 1255 1241
f 2629 1259 1241
f 1241 1259 3020
f 3020 2671 1241
f 1241 2671 3253
f 1242 1251 2458
f 2615 1251 1242
f 1242 1260 2955
f 3023 1260 1242
f 1242 2458 3023
f 2650 2615 1242
f 2955 2650 1242
f 1263 1257 1243
f 1243 1257 3103
f 1870 1263 1243
f 1243 1856 1860
f 3103 1856 1243
f 1243 1859 1870
f 2369 1859 1243
f 1243 1860 2316
f 1243 2316 2446
f 2446 2369 1243
f 1244 1254 2281
f 2699 1254 1244
f 1244 1258 2114
f 2136 1258 1244
f 1244 2114 2699
f 2823 2136 1244
f 1244 2281 2744
f 1244 2744 3130
f 3130 2823 1244
f 1298 1280 1245
f 1302 1298 1245
f 2018 1302 1245
f 2105 2018 1245
f 1301 1247 1246
f 1246 1279 1297
f 2269 1279 1246
f 1246 1297 1301
f 1301 1282 1247
f 1248 2768 2796
f 1248 2796 2973
f 2973 2888 1248
f 1248 2888 3012
f 1349 1319 1249
f 1249 1319 1928
f 1249 1347 1349
f 1839 1347 1249
f 2796 2768 1250
f 1250 2768 3236
f 3027 2796 1250
f 1250 2821 2936
f 3253 2821 1250
f 1250 2936 3208
f 3208 3027 1250
f 1251 2641 3171
f 3271 2658 1251
f 3171 2876 1251
f 1251 2876 3271
f 3023 2458 1252
f 1252 2458 3086
f 3086 2593 1252
f 1252 2593 3245
f 1252 2620 2816
f 3006 2620 1252
f 1252 2816 3155
f 3245 3006 1252
f 3155 3023 1252
f 1870 1859 1253
f 2541 1870 1253
f 1253 2427 2497
f 1253 2497 2541
f 1254 2056 2284
f 2699 2056 1254
f 2326 2281 1254
f 1254 2284 3081
f 1255 1267 2832
f 3231 1267 1255
f 2787 2629 1255
f 2832 2787 1255
f 3012 2888 1255
f 1255 2888 3231
f 3236 3012 1255
f 2955 1281 1256
f 1256 1281 3019
f 3019 1865 1256
f 1256 1865 3240
f 1256 2315 2912
f 3240 2315 1256
f 2912 2650 1256
f 1256 2650 2955
f 1257 1263 2511
f 1257 2511 2993
f 1322 1316 1258
f 1258 1316 2141
f 2141 2114 1258
f 1259 1293 2644
f 3232 1293 1259
f 1259 2629 3232
f 1259 2644 3020
f 3023 1276 1260
f 1260 1276 3107
f 2892 1281 1260
f 1260 1281 2955
f 3110 2892 1260
f 1260 3107 3110
f 1269 1265 1261
f 1261 1265 3279
f 1272 1269 1261
f 3280 1272 1261
f 1261 3069 3070
f 3279 3069 1261
f 1261 3070 3280
f 1262 1266 1863
f 3049 1266 1262
f 1863 1273 1262
f 1262 1273 2884
f 1262 2884 3245
f 3245 3049 1262
f 1263 1870 2541
f 2730 2219 1263
f 1263 2219 2905
f 2905 2511 1263
f 1263 2541 2730
f 2284 2056 1264
f 1264 2056 2699
f 1264 2114 2141
f 2699 2114 1264
f 1264 2141 2780
f 2729 2284 1264
f 1264 2689 2729
f 2780 2689 1264
f 1265 1269 1272
f 1265 1272 3204
f 3204 3195 1265
f 1265 3195 3267
f 1265 3267 3279
f 1266 1273 1863
f 3271 1273 1266
f 3094 2658 1266
f 1266 2658 3271
f 1266 3049 3094
f 1267 1270 1274
f 3281 1270 1267
f 1267 1274 1277
f 1267 1277 3278
f 3278 2832 1267
f 1267 3231 3281
f 1275 1271 1268
f 1268 1271 3193
f 1278 1275 1268
f 3187 1278 1268
f 3240 3187 1268
f 1268 3193 3240
f 1277 1274 1270
f 3027 1277 1270
f 3281 3027 1270
f 1271 1275 1278
f 1271 1278 3272
f 1271 2641 3034
f 3171 2641 1271
f 1271 3034 3193
f 3272 3171 1271
f 2897 2875 1272
f 1272 2875 3204
f 3091 2897 1272
f 3280 3091 1272
f 3262 2884 1273
f 1273 3181 3262
f 3271 3181 1273
f 1276 1305 2714
f 2816 1305 1276
f 1276 2714 3107
f 3155 2816 1276
f 1276 3023 3155
f 3173 2920 1277
f 1277 2920 3278
f 1277 3027 3173
f 3187 2996 1278
f 1278 2996 3272
f 1279 1282 1295
f 1279 1295 2273
f 1354 1297 1279
f 2273 1354 1279
f 1296 1283 1280
f 1323 1296 1280
f 1280 1298 1353
f 1353 1323 1280
f 1339 1311 1281
f 1281 1311 3019
f 2765 1339 1281
f 2892 2765 1281
f 1301 1295 1282
f 1283 1296 1302
f 1283 1302 2255
f 2547 1286 1284
f 1284 1286 2855
f 1330 1295 1284
f 1284 1295 1334
f 1334 1306 1284
f 1284 1306 2547
f 2855 1330 1284
f 2365 1287 1285
f 1285 1296 1331
f 1335 1296 1285
f 1285 1331 2365
f 1867 1335 1285
f 3081 1867 1285
f 1286 1307 2581
f 2643 1307 1286
f 1286 2547 3177
f 1286 2581 2855
f 3177 2643 1286
f 1287 1308 2153
f 2365 1308 1287
f 1288 1317 1876
f 3225 1317 1288
f 1329 1324 1288
f 1288 1324 3225
f 1876 1329 1288
f 1289 1318 1878
f 2700 1318 1289
f 1289 1325 1362
f 1874 1325 1289
f 1289 1362 2700
f 1878 1874 1289
f 1290 1291 2030
f 3134 1291 1290
f 1366 1315 1290
f 1290 1315 2327
f 2030 1366 1290
f 1290 2327 3134
f 1291 1321 1369
f 3134 1321 1291
f 1291 1340 1363
f 1369 1340 1291
f 1291 1363 2030
f 1391 1322 1292
f 1364 1341 1292
f 1292 1341 1391
f 1910 1364 1292
f 1292 1881 1910
f 1293 2004 2875
f 3173 2004 1293
f 2759 2644 1293
f 2766 2747 1293
f 1293 2747 3173
f 2897 2759 1293
f 3232 2766 1293
f 1293 2875 2897
f 1294 2714 2943
f 3107 2714 1294
f 1294 2765 2892
f 2996 2765 1294
f 1294 2876 2996
f 3181 2876 1294
f 1294 2892 3110
f 1294 2943 3181
f 3110 3107 1294
f 1295 1301 1334
f 1295 1330 2273
f 1335 1302 1296
f 1296 1323 1331
f 1334 1301 1297
f 1354 1334 1297
f 1298 1302 1335
f 1298 1335 1353
f 1299 1304 1336
f 2919 1304 1299
f 1374 1327 1299
f 1299 1327 2919
f 1299 1336 1340
f 1299 1340 1374
f 1883 1305 1300
f 1300 1305 1979
f 1979 1328 1300
f 1300 1328 2820
f 3215 1883 1300
f 1300 2820 3215
f 1302 2018 2255
f 2575 1339 1303
f 1303 1339 2996
f 1303 1865 3019
f 3187 1865 1303
f 3019 2575 1303
f 1303 2996 3187
f 1304 1332 1375
f 2644 1332 1304
f 1375 1336 1304
f 2919 2644 1304
f 1883 1333 1305
f 1305 1333 2714
f 2816 1979 1305
f 1306 1307 2497
f 2581 1307 1306
f 1306 1334 2165
f 1306 2165 2581
f 1306 2497 2547
f 2541 2497 1307
f 2643 2541 1307
f 2473 1867 1308
f 1308 1867 3081
f 2284 2153 1308
f 3081 2284 1308
f 1308 2365 2473
f 1348 1314 1309
f 1309 1314 1946
f 1350 1348 1309
f 2418 1350 1309
f 1309 1946 2600
f 2600 2418 1309
f 1310 1313 2596
f 3018 1313 1310
f 1310 1338 2924
f 3116 1338 1310
f 1310 2596 3116
f 1310 2924 3232
f 3232 3018 1310
f 1356 1314 1311
f 1311 1314 3019
f 1311 1339 1406
f 1406 1356 1311
f 1312 1345 2237
f 3112 1345 1312
f 2319 1351 1312
f 1312 1351 3212
f 1312 2237 2319
f 3212 3112 1312
f 1313 1319 1355
f 2670 1319 1313
f 1313 1342 1357
f 3018 1342 1313
f 1357 1347 1313
f 1313 1347 2670
f 1313 1355 2596
f 1356 1320 1314
f 1314 1320 1946
f 1358 1343 1314
f 1314 1343 3019
f 1314 1348 1358
f 1366 1321 1315
f 1315 1321 2993
f 2511 2327 1315
f 2993 2511 1315
f 1316 1322 1950
f 1950 1881 1316
f 1316 1881 2948
f 2948 2141 1316
f 1317 1359 1876
f 2868 1359 1317
f 3225 2868 1317
f 1318 1360 1878
f 2700 1360 1318
f 1319 1344 1355
f 1380 1344 1319
f 1319 1349 1380
f 2670 1928 1319
f 1842 1350 1320
f 1320 1350 2418
f 1320 1356 1421
f 1320 1421 1842
f 1981 1946 1320
f 2418 1981 1320
f 1321 1366 1369
f 3134 2993 1321
f 1322 1391 1950
f 1373 1331 1323
f 1323 1353 1382
f 1382 1373 1323
f 2010 1326 1324
f 1324 1326 3225
f 1324 1329 2042
f 1324 1359 2010
f 2042 1359 1324
f 2336 1360 1325
f 1325 1360 2557
f 2557 1362 1325
f 1325 1874 2336
f 2466 1361 1326
f 1326 1361 2868
f 1396 1367 1326
f 1326 1367 2466
f 2010 1396 1326
f 1326 2868 3225
f 1375 1332 1327
f 1327 1332 3062
f 1327 1374 1375
f 3062 2919 1327
f 1328 1333 2373
f 2757 1333 1328
f 1328 1979 2757
f 1328 2373 2820
f 1329 1365 1388
f 1876 1365 1329
f 1329 1388 2042
f 1330 1367 1372
f 1378 1367 1330
f 1330 1372 1381
f 2855 1378 1330
f 1330 1381 2273
f 1373 1368 1331
f 1331 1368 1379
f 1331 1379 2365
f 1332 2644 2759
f 1332 2759 3062
f 1333 1883 2373
f 2757 2714 1333
f 1334 1354 1378
f 1334 1378 2165
f 1379 1353 1335
f 1867 1379 1335
f 1370 1340 1336
f 1415 1370 1336
f 1336 1375 1415
f 1337 1351 1997
f 3212 1351 1337
f 1403 1376 1337
f 1337 1376 3112
f 1997 1403 1337
f 1337 3112 3212
f 1338 1342 2982
f 3116 1342 1338
f 1338 2747 2766
f 2982 2747 1338
f 1338 2766 2924
f 1339 1343 1406
f 2575 1343 1339
f 1339 2765 2996
f 1394 1363 1340
f 1340 1369 1390
f 1340 1370 1394
f 1390 1374 1340
f 1341 1364 1395
f 1395 1371 1341
f 1341 1371 3215
f 3215 1391 1341
f 3116 1357 1342
f 3018 2982 1342
f 1343 1358 1406
f 1343 2575 3019
f 1400 1355 1344
f 1344 1380 1462
f 1462 1400 1344
f 1345 1392 2237
f 3112 1392 1345
f 1346 1393 1426
f 1891 1393 1346
f 1346 1426 1885
f 1346 1885 1890
f 1346 1890 1891
f 1357 1349 1347
f 1347 1839 2670
f 1348 1350 1358
f 1349 1357 1380
f 1406 1358 1350
f 1842 1406 1350
f 1351 1392 1997
f 2397 1392 1351
f 1351 2319 2397
f 1885 1383 1352
f 1352 1383 2181
f 1959 1393 1352
f 1352 1393 2396
f 1352 1401 2320
f 2396 1401 1352
f 1890 1885 1352
f 2320 1890 1352
f 2181 1959 1352
f 1353 1379 1420
f 1425 1382 1353
f 1353 1420 1425
f 2217 1378 1354
f 1354 1381 1424
f 2273 1381 1354
f 1354 1424 2217
f 1355 1400 1405
f 1355 1405 2596
f 1406 1401 1356
f 1356 1401 1421
f 1405 1380 1357
f 3116 1405 1357
f 1359 1361 1988
f 2868 1361 1359
f 1359 1365 1876
f 2013 1365 1359
f 1359 1988 2010
f 2042 2013 1359
f 1360 1377 1878
f 2119 1377 1360
f 1360 1402 2360
f 2700 1402 1360
f 2336 2119 1360
f 1360 2360 2557
f 2666 1988 1361
f 1361 2466 2589
f 1361 2589 2666
f 2635 1402 1362
f 1362 1402 2700
f 1362 2557 2635
f 1413 1366 1363
f 1363 1366 2030
f 1363 1388 1413
f 1417 1388 1363
f 1363 1394 1417
f 1364 1389 1418
f 1437 1389 1364
f 1418 1395 1364
f 1364 1414 1437
f 1950 1414 1364
f 1364 1910 1950
f 1436 1388 1365
f 2013 1436 1365
f 1413 1369 1366
f 1386 1372 1367
f 1367 1378 1409
f 2668 1386 1367
f 1367 1396 2668
f 1367 1409 2466
f 1368 1373 1387
f 1368 1377 1410
f 2385 1377 1368
f 1410 1379 1368
f 1368 1387 1397
f 1368 1397 2385
f 1413 1390 1369
f 1422 1394 1370
f 1415 1403 1370
f 1370 1403 1422
f 1371 1395 1404
f 1371 1404 1416
f 1371 1416 2373
f 2373 1883 1371
f 1371 1883 3215
f 1384 1381 1372
f 1419 1384 1372
f 1372 1386 1419
f 1373 1382 1385
f 1373 1385 1420
f 1420 1387 1373
f 1415 1375 1374
f 1374 1390 1415
f 1960 1392 1376
f 1376 1392 3112
f 1376 1403 1454
f 1376 1454 1480
f 1376 1480 1960
f 1441 1410 1377
f 2119 1441 1377
f 1377 1874 1878
f 2385 1874 1377
f 3038 1409 1378
f 2217 1419 1378
f 1378 1419 3038
f 2581 2165 1378
f 2855 2581 1378
f 1379 1410 1420
f 1379 1867 2473
f 2473 2365 1379
f 1380 1405 1450
f 1380 1450 1509
f 1509 1462 1380
f 1381 1384 1398
f 1381 1398 1427
f 1483 1424 1381
f 1381 1427 1483
f 1399 1385 1382
f 1430 1399 1382
f 1382 1425 1482
f 1482 1430 1382
f 1426 1404 1383
f 1383 1404 1429
f 1885 1426 1383
f 1383 1429 2181
f 1442 1398 1384
f 1384 1419 1442
f 1385 1399 1443
f 1431 1420 1385
f 1443 1431 1385
f 1407 1398 1386
f 1386 1398 1442
f 2668 1407 1386
f 1434 1419 1386
f 1442 1434 1386
f 1408 1397 1387
f 1387 1399 1408
f 1443 1399 1387
f 1387 1420 1435
f 1387 1435 1443
f 1417 1411 1388
f 1388 1411 2042
f 1436 1413 1388
f 1437 1402 1389
f 1389 1402 2635
f 1389 1412 1418
f 2635 1412 1389
f 1390 1413 1415
f 1446 1414 1391
f 1391 1414 1950
f 1391 1416 1446
f 2373 1416 1391
f 2820 2373 1391
f 3215 2820 1391
f 1392 1960 1997
f 1392 2202 2237
f 2397 2202 1392
f 1959 1426 1393
f 1891 1451 1393
f 1393 1451 2201
f 1393 2201 2396
f 1445 1417 1394
f 1394 1422 1445
f 1423 1404 1395
f 1395 1418 1446
f 1446 1423 1395
f 1444 1407 1396
f 1396 1407 2668
f 1396 1440 2080
f 2666 1440 1396
f 1449 1444 1396
f 2080 1449 1396
f 1396 2010 2666
f 1397 1408 2035
f 1397 1441 2119
f 2127 1441 1397
f 1397 2035 2345
f 1397 2119 2336
f 2345 2127 1397
f 1397 2336 2385
f 1398 1407 1432
f 1432 1427 1398
f 1433 1408 1399
f 1399 1430 1433
f 1450 1405 1400
f 2237 1450 1400
f 1462 1456 1400
f 1400 1456 2397
f 2319 2237 1400
f 2397 2319 1400
f 1401 1406 1451
f 1457 1421 1401
f 1401 1451 1891
f 2396 1457 1401
f 1401 1891 2320
f 1402 1437 1465
f 1402 1465 2360
f 1403 1415 1454
f 1428 1422 1403
f 1997 1428 1403
f 1455 1416 1404
f 1404 1423 1429
f 1404 1426 1455
f 3116 2596 1405
f 1510 1451 1406
f 1842 1510 1406
f 1477 1432 1407
f 1407 1444 1496
f 1407 1459 1477
f 1496 1459 1407
f 1408 1433 1478
f 1478 1460 1408
f 1408 1460 1512
f 1408 1512 2035
f 2589 2466 1409
f 1409 2494 2589
f 2753 2494 1409
f 1409 2662 2753
f 3038 2662 1409
f 1435 1420 1410
f 1441 1435 1410
f 1411 1417 1438
f 1411 1438 1458
f 1411 1458 2565
f 1411 1464 2013
f 2362 1464 1411
f 1411 2013 2042
f 2565 2362 1411
f 1439 1418 1412
f 2562 1439 1412
f 2360 1465 1412
f 1412 1465 2361
f 2557 2360 1412
f 1412 2361 2562
f 2635 2557 1412
f 1445 1415 1413
f 1413 1436 1467
f 1467 1445 1413
f 1468 1437 1414
f 1414 1446 1468
f 1415 1445 1475
f 1475 1454 1415
f 1476 1446 1416
f 1416 1455 1476
f 1447 1438 1417
f 1417 1445 1467
f 2409 1447 1417
f 1417 1467 2409
f 1418 1439 1466
f 1468 1446 1418
f 1466 1448 1418
f 1418 1448 1491
f 1491 1468 1418
f 1419 1434 3038
f 2367 1442 1419
f 1419 2217 2367
f 1431 1425 1420
f 1421 1457 1463
f 1421 1463 1510
f 1421 1510 1842
f 1422 1428 1452
f 1475 1445 1422
f 1452 1447 1422
f 1422 1447 2409
f 2409 1475 1422
f 1453 1429 1423
f 1423 1446 1476
f 1423 1448 1472
f 1491 1448 1423
f 1472 1453 1423
f 1423 1476 1491
f 1424 1483 2069
f 1424 2069 2367
f 2367 2217 1424
f 1425 1431 1443
f 1425 1443 1482
f 1481 1455 1426
f 1959 1481 1426
f 1427 1432 1469
f 1427 1469 1486
f 1486 1483 1427
f 2848 1452 1428
f 1428 1480 1524
f 1960 1480 1428
f 1428 1524 2176
f 1997 1960 1428
f 1428 2176 2848
f 1429 1453 1525
f 1429 1481 1959
f 1966 1481 1429
f 1429 1525 2175
f 1429 1959 2181
f 2175 1966 1429
f 1470 1433 1430
f 1487 1470 1430
f 1430 1482 1487
f 1499 1469 1432
f 1432 1477 1490
f 1432 1490 2854
f 2854 1499 1432
f 1433 1470 1500
f 2776 1478 1433
f 1433 1500 2776
f 1434 1442 3191
f 1434 2662 3038
f 3191 2662 1434
f 1435 1441 1460
f 1460 1443 1435
f 1436 1464 1467
f 2013 1464 1436
f 1468 1465 1437
f 1438 1447 1905
f 1506 1458 1438
f 1438 1484 1506
f 1507 1484 1438
f 1905 1507 1438
f 1508 1466 1439
f 1439 1479 1967
f 2562 1479 1439
f 1439 1485 1508
f 1967 1485 1439
f 2490 2080 1440
f 2751 2490 1440
f 2666 2494 1440
f 1440 2494 2753
f 2809 2751 1440
f 1440 2753 2809
f 1512 1460 1441
f 2127 1512 1441
f 2069 1477 1442
f 1442 1477 3191
f 2367 2069 1442
f 1443 1460 1478
f 1443 1478 1482
f 1444 1449 1904
f 1901 1496 1444
f 1904 1901 1444
f 1447 1452 1471
f 1447 1471 1488
f 1447 1488 1905
f 1448 1466 1489
f 1489 1472 1448
f 1501 1473 1449
f 1449 1473 1904
f 2080 1501 1449
f 1450 1502 1509
f 2202 1502 1450
f 2237 2202 1450
f 1510 1503 1451
f 1451 1503 2201
f 1517 1471 1452
f 1452 1497 1517
f 1521 1497 1452
f 2848 1521 1452
f 1453 1472 1518
f 1518 1498 1453
f 1453 1498 1588
f 1588 1525 1453
f 1454 1475 1480
f 1481 1476 1455
f 1456 1462 1494
f 1456 1494 2393
f 1530 1502 1456
f 1456 1502 2202
f 2393 1530 1456
f 1456 2202 2397
f 1495 1463 1457
f 2394 1495 1457
f 2201 1503 1457
f 1457 1503 2208
f 2396 2201 1457
f 1457 2208 2394
f 1513 1473 1458
f 1458 1473 2565
f 1458 1506 1913
f 1913 1513 1458
f 3191 1477 1459
f 1459 1496 2490
f 1459 2490 2751
f 2751 2662 1459
f 1459 2662 3191
f 2103 1474 1461
f 1461 1474 2345
f 2035 1512 1461
f 1461 1512 2716
f 2345 2035 1461
f 2716 2103 1461
f 1926 1494 1462
f 1462 1509 2407
f 2407 1926 1462
f 1463 1495 1556
f 1628 1510 1463
f 1463 1556 1628
f 1484 1467 1464
f 1506 1484 1464
f 2362 1506 1464
f 1465 1468 1485
f 1465 1485 2361
f 1529 1489 1466
f 1466 1508 1536
f 2477 1529 1466
f 1466 1536 2477
f 1467 1484 1507
f 1467 1507 2409
f 1508 1485 1468
f 1468 1491 1508
f 1492 1486 1469
f 1551 1492 1469
f 1469 1499 1515
f 1469 1515 1551
f 1470 1487 1493
f 1470 1493 1552
f 1516 1500 1470
f 1552 1516 1470
f 1543 1488 1471
f 1471 1517 2435
f 2677 1543 1471
f 1471 2435 2677
f 1472 1489 1544
f 1472 1511 1518
f 1544 1511 1472
f 1473 1501 1526
f 1473 1513 1904
f 1473 1526 2565
f 1514 1479 1474
f 1474 1479 2562
f 2103 1514 1474
f 1474 1527 2345
f 2562 1527 1474
f 1497 1480 1475
f 1517 1497 1475
f 2409 1517 1475
f 1476 1481 1498
f 1518 1491 1476
f 1476 1498 1518
f 1477 1483 1515
f 2069 1483 1477
f 1515 1490 1477
f 1516 1482 1478
f 1560 1516 1478
f 2468 1560 1478
f 2776 2468 1478
f 1479 1514 1906
f 1479 1906 1967
f 1480 1497 1521
f 1480 1521 1524
f 1588 1498 1481
f 1966 1588 1481
f 1541 1487 1482
f 1482 1516 1541
f 1483 1486 1540
f 1540 1515 1483
f 1485 1967 2361
f 1486 1492 1953
f 1992 1540 1486
f 1486 1953 2276
f 2276 1992 1486
f 2251 1493 1487
f 1487 1541 2048
f 1487 2048 2425
f 2425 2251 1487
f 1533 1528 1488
f 1488 1528 1905
f 1543 1533 1488
f 1489 1529 1534
f 1489 1534 2455
f 2455 1544 1489
f 2414 1504 1490
f 1490 1504 2854
f 1490 1515 1559
f 1490 1559 2414
f 1534 1508 1491
f 1491 1518 1534
f 1492 1551 2252
f 2252 1953 1492
f 2022 1552 1493
f 2251 2022 1493
f 1494 1531 1584
f 1926 1531 1494
f 1584 1545 1494
f 1494 1545 2317
f 1494 2317 2393
f 1495 1520 1535
f 2394 1520 1495
f 1495 1532 1556
f 1585 1532 1495
f 1495 1535 1605
f 1495 1546 1585
f 1605 1546 1495
f 1902 1501 1496
f 1496 1501 2080
f 1496 1901 1902
f 1496 2080 2490
f 1499 1504 1538
f 2854 1504 1499
f 1559 1515 1499
f 1499 1538 3076
f 3076 1559 1499
f 1500 1505 2776
f 3184 1505 1500
f 1500 1516 1560
f 1500 1560 3184
f 1574 1526 1501
f 1902 1574 1501
f 1545 1509 1502
f 1502 1530 1545
f 1503 1510 1546
f 1503 1546 2208
f 2522 1538 1504
f 1504 2414 2522
f 1505 1539 2227
f 3184 1539 1505
f 2227 1565 1505
f 1505 1565 2468
f 1505 2468 2776
f 1506 1526 1913
f 2362 1526 1506
f 1596 1533 1507
f 1507 1533 2409
f 2423 1596 1507
f 1507 1905 2423
f 1508 1534 1536
f 1509 1545 2407
f 1628 1546 1510
f 2015 1518 1511
f 1511 1544 1555
f 1511 1555 1630
f 1511 1630 2015
f 1512 2127 2716
f 1513 1574 1904
f 1913 1574 1513
f 1514 1575 1906
f 2103 1575 1514
f 1515 1540 1551
f 1552 1541 1516
f 1517 1533 1623
f 2409 1533 1517
f 1517 1623 2435
f 2455 1534 1518
f 1518 2015 2455
f 1519 1524 1578
f 2176 1524 1519
f 1578 1530 1519
f 1519 1530 2393
f 1519 1563 1908
f 2317 1563 1519
f 1519 1908 2176
f 2393 2317 1519
f 1520 1525 1564
f 2175 1525 1520
f 1564 1535 1520
f 1520 1579 1966
f 2394 1579 1520
f 1520 1966 2175
f 2642 1524 1521
f 1521 1908 2642
f 2848 1908 1521
f 1522 1528 1561
f 2482 1528 1522
f 1522 1561 2528
f 1522 1586 2423
f 2528 1586 1522
f 1522 2423 2482
f 1562 1529 1523
f 1523 1529 2477
f 1523 1536 1587
f 2477 1536 1523
f 2158 1562 1523
f 1523 1587 2158
f 2642 1578 1524
f 3199 1564 1525
f 1525 1588 3199
f 1526 1574 1913
f 1526 2362 2565
f 1906 1575 1527
f 1527 1575 2716
f 2361 1906 1527
f 1527 2127 2345
f 2716 2127 1527
f 2562 2361 1527
f 1528 1533 1596
f 1982 1561 1528
f 1528 1596 1982
f 2482 1905 1528
f 1597 1534 1529
f 1529 1562 1597
f 2235 1545 1530
f 1530 1578 2235
f 1580 1572 1531
f 1531 1572 1584
f 1592 1580 1531
f 1926 1592 1531
f 1581 1556 1532
f 1532 1573 1581
f 1585 1573 1532
f 1533 1543 1623
f 1597 1536 1534
f 1535 1564 1605
f 1597 1587 1536
f 1537 2198 2368
f 2522 2198 1537
f 1537 2368 2488
f 1537 2488 2862
f 2703 2522 1537
f 2904 2703 1537
f 1537 2862 2904
f 2715 1619 1538
f 1538 1619 3076
f 1538 2233 2419
f 2703 2233 1538
f 2419 2386 1538
f 1538 2386 2715
f 1538 2522 2703
f 1539 1571 1583
f 3084 1571 1539
f 1539 1583 2241
f 3077 1620 1539
f 1539 1620 3084
f 2387 2227 1539
f 1539 2241 2387
f 3184 3077 1539
f 1841 1551 1540
f 1992 1841 1540
f 1541 1552 2022
f 1541 2022 2048
f 1542 2055 2492
f 2528 2055 1542
f 2310 2134 1542
f 1542 2134 2528
f 2679 2310 1542
f 1542 2492 2679
f 1543 1554 1980
f 2677 1554 1543
f 2265 1623 1543
f 1543 1980 2265
f 3097 1555 1544
f 2455 1624 1544
f 1544 1624 3097
f 1545 1584 2407
f 1545 2235 2317
f 1605 1579 1546
f 1546 1579 2208
f 1628 1585 1546
f 1547 1553 2618
f 2862 1553 1547
f 1547 2618 2952
f 2952 2862 1547
f 3230 1550 1548
f 1548 1550 3244
f 1548 2279 2387
f 3244 2279 1548
f 1548 2387 2454
f 1548 2454 2690
f 1548 2690 3230
f 2420 1553 1549
f 1549 1553 2679
f 2492 2420 1549
f 2679 2492 1549
f 2828 2695 1550
f 1550 2695 2860
f 3230 2828 1550
f 1550 2860 3244
f 1551 1841 2023
f 1551 2023 2252
f 2445 2310 1553
f 1553 2310 2679
f 1553 2420 2449
f 2488 2445 1553
f 1553 2449 2691
f 2862 2488 1553
f 2691 2618 1553
f 1554 1629 2146
f 2435 1629 1554
f 2146 1980 1554
f 2677 2435 1554
f 2496 1630 1555
f 1555 1896 2463
f 3097 1896 1555
f 1555 2463 2496
f 1556 1581 1593
f 1556 1593 1628
f 1557 1566 1576
f 1953 1566 1557
f 1576 1568 1557
f 1557 1568 1659
f 1659 1636 1557
f 1557 1636 1992
f 2276 1953 1557
f 1557 1992 2276
f 1577 1567 1558
f 1558 1567 2251
f 1558 1569 1577
f 1658 1569 1558
f 1558 1637 1658
f 2048 1637 1558
f 2425 2048 1558
f 1558 2251 2425
f 3076 2414 1559
f 2468 1565 1560
f 1560 1565 3077
f 1560 3077 3184
f 1617 1610 1561
f 1561 1610 1931
f 1893 1617 1561
f 1561 1631 1893
f 1982 1631 1561
f 1561 1931 2055
f 1561 2055 2528
f 1632 1597 1562
f 1562 1611 1618
f 3146 1611 1562
f 1562 1618 1734
f 1734 1632 1562
f 1562 2158 2695
f 1562 2695 3146
f 1563 1633 1908
f 2317 1633 1563
f 1634 1605 1564
f 3199 1634 1564
f 2185 1620 1565
f 1565 1620 3077
f 2227 2185 1565
f 1653 1576 1566
f 2252 1653 1566
f 1566 1953 2252
f 1567 1577 1654
f 1567 1654 2022
f 1567 2022 2251
f 1568 1576 1589
f 1568 1589 1594
f 1594 1591 1568
f 1568 1591 1659
f 1590 1577 1569
f 1595 1590 1569
f 1569 1591 1595
f 1658 1591 1569
f 1589 1576 1570
f 1570 1576 1668
f 1570 1582 2314
f 2386 1582 1570
f 2314 1589 1570
f 1668 1664 1570
f 1570 1664 2386
f 1571 1577 1590
f 1669 1577 1571
f 2859 1583 1571
f 1571 1590 2859
f 1571 1665 1669
f 3084 1665 1571
f 1572 1580 3013
f 3121 1584 1572
f 2285 1648 1572
f 1572 1648 3121
f 3013 2285 1572
f 2037 1581 1573
f 1573 1585 1649
f 1573 1649 2433
f 2433 2037 1573
f 1574 1902 1904
f 1575 2103 2716
f 1576 1653 1668
f 1669 1654 1577
f 1578 1633 2235
f 2642 1633 1578
f 1579 1588 1966
f 3199 1588 1579
f 1579 1605 1634
f 1579 1634 3199
f 2394 2208 1579
f 1580 1592 1916
f 1580 1639 1660
f 1671 1639 1580
f 1580 1660 3013
f 1715 1671 1580
f 1933 1715 1580
f 1580 1916 1933
f 1934 1593 1581
f 1661 1640 1581
f 1581 1640 1672
f 2037 1661 1581
f 1581 1672 2442
f 2442 1934 1581
f 1582 1674 2095
f 2370 1674 1582
f 1582 2095 2314
f 2419 2370 1582
f 1582 2386 2419
f 2268 2241 1583
f 2499 2268 1583
f 1583 2470 2499
f 2859 2470 1583
f 1660 1639 1584
f 1584 1639 1677
f 3121 1660 1584
f 1584 1677 2407
f 1585 1628 1640
f 1585 1640 1661
f 1661 1649 1585
f 1982 1596 1586
f 1586 1596 2423
f 2134 1982 1586
f 2528 2134 1586
f 1587 1597 1632
f 1587 1632 2135
f 1587 2135 2158
f 1602 1594 1589
f 1687 1602 1589
f 1589 1680 1687
f 2314 1680 1589
f 1590 1595 1603
f 1590 1603 1688
f 1590 1688 2470
f 1590 2470 2859
f 1591 1594 1598
f 1598 1595 1591
f 1591 1658 1689
f 1689 1659 1591
f 1592 1677 1833
f 2407 1677 1592
f 1592 1833 1916
f 1592 1926 2407
f 1678 1628 1593
f 2413 1678 1593
f 1934 1727 1593
f 1593 1727 2413
f 1697 1598 1594
f 1594 1602 1604
f 1594 1604 1697
f 1595 1598 1698
f 1604 1603 1595
f 1698 1604 1595
f 1598 1697 1703
f 1703 1698 1598
f 1612 1601 1599
f 1599 1601 1701
f 1625 1612 1599
f 1939 1625 1599
f 1599 1701 1939
f 1804 1613 1600
f 1600 1613 1900
f 1940 1702 1600
f 1600 1702 2131
f 2131 1804 1600
f 1600 1900 1940
f 1601 1612 2344
f 1969 1701 1601
f 1601 1704 1969
f 2093 1704 1601
f 2344 2093 1601
f 2669 1604 1602
f 2093 1614 1602
f 1602 1614 2669
f 1602 1687 1708
f 1602 1708 2619
f 2619 2093 1602
f 1603 1604 2669
f 1603 1614 1909
f 2669 1614 1603
f 1709 1688 1603
f 2076 1709 1603
f 1603 1909 2076
f 1712 1697 1604
f 1604 1698 1712
f 2638 1626 1606
f 1606 1626 2963
f 2262 1882 1606
f 1606 1882 2285
f 1606 2146 2801
f 2963 2146 1606
f 2801 2262 1606
f 1606 2285 2638
f 1607 1609 1627
f 2463 1609 1607
f 1607 1627 2956
f 1607 2062 2209
f 2956 2062 1607
f 1607 2209 2261
f 1607 2261 2463
f 1608 1875 1948
f 2226 1875 1608
f 2737 1932 1608
f 1608 1932 2963
f 1608 1948 3161
f 2963 2226 1608
f 3161 2639 1608
f 1608 2639 3202
f 3202 2737 1608
f 1954 1627 1609
f 2950 1691 1609
f 1609 1691 3053
f 2672 1954 1609
f 1609 2047 2672
f 2807 2047 1609
f 1609 2463 2498
f 1609 2498 2950
f 3053 2807 1609
f 1610 1617 2480
f 1743 1718 1610
f 1610 1718 1931
f 2480 1743 1610
f 2479 1618 1611
f 1611 1719 2509
f 3146 1719 1611
f 2509 2479 1611
f 1612 1625 2214
f 2214 1722 1612
f 1612 1722 2344
f 1613 1723 1742
f 2341 1723 1613
f 1613 1742 1895
f 1613 1804 2341
f 1613 1895 1900
f 1614 1728 2120
f 2538 1728 1614
f 2341 1909 1614
f 1614 2093 2344
f 1614 2120 2341
f 1614 2344 2538
f 1615 2129 2134
f 3048 2129 1615
f 1615 2134 2445
f 2198 2156 1615
f 1615 2156 3067
f 2368 2198 1615
f 2445 2368 1615
f 1615 2464 3048
f 3067 2464 1615
f 1616 1632 2111
f 2135 1632 1616
f 1616 2111 2697
f 2727 2135 1616
f 1616 2148 2185
f 2697 2148 1616
f 1616 2185 2784
f 3244 2727 1616
f 1616 2784 3244
f 1617 1644 1646
f 1753 1644 1617
f 1617 1646 2480
f 1617 1733 1753
f 1893 1733 1617
f 1647 1645 1618
f 1618 1645 1754
f 2479 1647 1618
f 1754 1734 1618
f 1619 2156 2198
f 3067 2156 1619
f 1619 2198 3076
f 1619 2715 2791
f 1619 2791 2926
f 1619 2926 3067
f 2148 1635 1620
f 1620 1635 2268
f 2185 2148 1620
f 1620 2268 2499
f 1620 2499 3084
f 2638 2285 1621
f 1621 2285 2762
f 1621 2634 2713
f 3032 2634 1621
f 2769 2638 1621
f 1621 2713 2769
f 1621 2762 3032
f 1622 1877 2036
f 3123 1877 1622
f 1622 1888 2733
f 3141 1888 1622
f 1622 2036 2956
f 1622 2733 3237
f 1622 2956 3141
f 3237 3123 1622
f 2265 1629 1623
f 1623 1629 2435
f 2015 1630 1624
f 1624 1630 2313
f 2455 2015 1624
f 1624 2313 3097
f 1625 1650 1652
f 1739 1650 1625
f 1625 1652 2214
f 1939 1739 1625
f 1626 1744 2462
f 2532 1744 1626
f 2462 2226 1626
f 1626 2226 2963
f 1626 2434 2532
f 2769 2434 1626
f 1626 2638 2769
f 2104 1638 1627
f 1627 1638 3141
f 1627 1954 2245
f 2263 2104 1627
f 1627 2245 2263
f 3141 2956 1627
f 1678 1640 1628
f 2265 1673 1629
f 1629 1673 2294
f 2523 2146 1629
f 1629 2294 2523
f 2760 2313 1630
f 1630 2496 2760
f 2130 1893 1631
f 1631 1982 2134
f 2134 2129 1631
f 1631 2129 3048
f 3048 2130 1631
f 1734 1719 1632
f 1632 1719 2242
f 2242 2111 1632
f 2642 1908 1633
f 2317 2235 1633
f 1635 2111 2242
f 2697 2111 1635
f 1635 2148 2697
f 1635 2242 2719
f 2530 2268 1635
f 3125 2530 1635
f 1635 2719 3125
f 1668 1653 1636
f 1636 1653 1841
f 1636 1659 1668
f 1636 1841 1992
f 1637 1654 1669
f 2022 1654 1637
f 1669 1658 1637
f 2048 2022 1637
f 1638 1693 1888
f 2549 1693 1638
f 1638 1888 3141
f 1638 2104 3079
f 3079 2549 1638
f 1639 1671 1677
f 1678 1672 1640
f 1657 1643 1641
f 1641 1643 1750
f 1641 1655 1657
f 2195 1655 1641
f 1750 1748 1641
f 1641 1748 2195
f 1642 1645 1663
f 1754 1645 1642
f 2079 1656 1642
f 1642 1656 2672
f 1642 1663 2079
f 1642 1749 1754
f 2215 1749 1642
f 1642 2047 2215
f 2672 2047 1642
f 1662 1644 1643
f 1643 1644 1753
f 1643 1657 1662
f 1753 1750 1643
f 1666 1646 1644
f 1644 1662 1666
f 1645 1647 1667
f 1667 1663 1645
f 1670 1650 1646
f 1646 1650 1755
f 1646 1666 1670
f 1755 1743 1646
f 1646 1743 2480
f 1647 1651 1670
f 1758 1651 1647
f 1670 1667 1647
f 1647 1756 1758
f 2509 1756 1647
f 1647 2479 2509
f 2586 1660 1648
f 1648 1660 3121
f 1648 2285 2507
f 1648 2507 2725
f 2725 2586 1648
f 1649 1661 2979
f 2287 2246 1649
f 1649 2246 2433
f 2979 2287 1649
f 1670 1652 1650
f 1650 1739 1757
f 1757 1755 1650
f 1651 1652 1670
f 1900 1652 1651
f 1758 1747 1651
f 1651 1747 1900
f 1652 1742 1759
f 1895 1742 1652
f 1652 1759 2214
f 1900 1895 1652
f 2023 1841 1653
f 2252 2023 1653
f 1761 1657 1655
f 1655 1760 1761
f 2462 1760 1655
f 2195 1875 1655
f 1655 1875 2462
f 2510 1954 1656
f 1656 1954 2672
f 1656 2079 2533
f 2535 2510 1656
f 1656 2533 2535
f 1762 1662 1657
f 1657 1761 1762
f 1658 1669 1688
f 1658 1688 2075
f 2075 1689 1658
f 1687 1668 1659
f 1697 1687 1659
f 1659 1689 1697
f 1660 2586 3013
f 1661 2037 2979
f 1686 1666 1662
f 1662 1682 1686
f 1762 1682 1662
f 1663 1667 1683
f 1663 1683 1763
f 1663 1763 2533
f 2533 2079 1663
f 1664 1668 1680
f 2095 1674 1664
f 1664 1674 2331
f 1664 1680 2095
f 1664 2331 2386
f 2470 1669 1665
f 2499 2470 1665
f 3084 2499 1665
f 1764 1670 1666
f 1666 1686 1764
f 1667 1670 1765
f 1686 1683 1667
f 1765 1686 1667
f 1687 1680 1668
f 2470 1688 1669
f 1670 1764 1766
f 1766 1765 1670
f 1715 1677 1671
f 1672 1678 2442
f 1673 2265 2779
f 3004 2294 1673
f 2779 2312 1673
f 1673 2312 3202
f 3202 3004 1673
f 2580 2331 1674
f 1674 2370 2580
f 1700 1695 1675
f 1675 1695 2332
f 1782 1700 1675
f 1675 1767 1782
f 2378 1767 1675
f 1675 2332 2378
f 1676 1696 1975
f 2743 1696 1676
f 1970 1768 1676
f 1676 1768 2743
f 1975 1970 1676
f 1677 1715 1833
f 1678 2413 2442
f 1699 1682 1679
f 1679 1682 2098
f 1679 1695 2174
f 2332 1695 1679
f 2174 1699 1679
f 2098 1769 1679
f 1679 1769 2332
f 2314 2095 1680
f 1681 1683 1699
f 1770 1683 1681
f 1681 1699 2173
f 2743 1770 1681
f 1681 2173 2743
f 1699 1686 1682
f 1682 1762 1771
f 1682 1771 2098
f 1683 1686 1699
f 1772 1763 1683
f 1683 1770 1772
f 1684 1882 2262
f 2507 1882 1684
f 1684 2262 2801
f 2861 2507 1684
f 2801 2523 1684
f 1684 2523 2852
f 2852 2684 1684
f 1684 2684 2883
f 1684 2842 2861
f 2883 2842 1684
f 1685 1907 2246
f 2261 1907 1685
f 1685 1912 2261
f 2496 1912 1685
f 1685 2246 2287
f 1685 2287 2322
f 1685 2322 2882
f 1685 2351 2814
f 2882 2351 1685
f 2814 2496 1685
f 1773 1764 1686
f 1686 1765 1773
f 1687 1697 3036
f 3036 1708 1687
f 1688 1698 2075
f 3037 1698 1688
f 1688 1709 3037
f 1703 1697 1689
f 1689 1698 1703
f 2075 1698 1689
f 1716 1713 1690
f 1690 1713 3202
f 1720 1716 1690
f 3203 1720 1690
f 3202 2639 1690
f 1690 2639 3203
f 1691 1714 1717
f 2930 1714 1691
f 1691 1717 1721
f 1691 1721 3104
f 2950 2930 1691
f 3104 3053 1691
f 1692 1710 1729
f 2305 1710 1692
f 1692 1729 1785
f 1785 1774 1692
f 1692 1774 2501
f 2773 2305 1692
f 2501 2434 1692
f 1692 2434 2773
f 1730 1711 1693
f 1693 1711 2046
f 1791 1730 1693
f 1693 1775 1791
f 2549 1775 1693
f 2046 1888 1693
f 1694 2586 2725
f 2789 2586 1694
f 1694 2725 3092
f 3032 2789 1694
f 1694 3002 3032
f 3092 3002 1694
f 1695 1700 2380
f 1695 1776 2174
f 2392 1776 1695
f 1695 2380 2392
f 1696 1741 1975
f 2390 1741 1696
f 1778 1777 1696
f 1696 1777 1793
f 2173 1778 1696
f 1696 1793 2390
f 2743 2173 1696
f 1697 1712 3036
f 3037 1712 1698
f 1699 1781 2108
f 2436 1781 1699
f 1699 2108 2173
f 1699 2174 2436
f 1700 1782 2421
f 2421 2380 1700
f 1701 1722 1939
f 1969 1722 1701
f 1940 1723 1702
f 1702 1723 2131
f 1704 1722 1969
f 2123 1722 1704
f 1704 2093 2619
f 2538 2123 1704
f 2619 2538 1704
f 1705 1724 1731
f 3002 1724 1705
f 1705 1731 1735
f 1705 1735 3206
f 1705 2634 3032
f 3206 2634 1705
f 3032 3002 1705
f 1732 1725 1706
f 1706 1725 3229
f 1736 1732 1706
f 3188 1736 1706
f 3158 3157 1706
f 1706 3157 3188
f 3229 3158 1706
f 1707 1723 2120
f 2131 1723 1707
f 1909 1804 1707
f 1707 1804 2131
f 2076 1909 1707
f 2120 2076 1707
f 1708 1728 2619
f 2661 1728 1708
f 3036 2661 1708
f 2487 1728 1709
f 1709 1728 2661
f 1709 2076 2487
f 1709 2661 3037
f 1710 1726 1729
f 2228 1726 1710
f 1710 1779 1786
f 2305 1779 1710
f 1786 1783 1710
f 1710 1783 2705
f 1710 1933 2228
f 2705 1933 1710
f 1730 1727 1711
f 1711 1727 1934
f 1787 1780 1711
f 1711 1780 2046
f 1711 1784 1787
f 2442 1784 1711
f 1711 1934 2442
f 1712 2661 3036
f 3037 2661 1712
f 1713 1716 1720
f 1713 1720 2934
f 1713 2684 2852
f 2934 2684 1713
f 1713 2852 3004
f 1713 3004 3202
f 1721 1717 1714
f 2927 1721 1714
f 1714 2351 2927
f 2930 2351 1714
f 2705 1833 1715
f 1715 1933 2705
f 1743 1733 1718
f 1718 1733 1893
f 1718 1893 2130
f 2130 1931 1718
f 1719 1734 2509
f 3146 2242 1719
f 1720 2845 2934
f 2978 2845 1720
f 3203 2978 1720
f 2927 2900 1721
f 1721 2900 3104
f 1759 1739 1722
f 1722 1739 1939
f 2214 1759 1722
f 1722 2123 2344
f 1747 1742 1723
f 1940 1747 1723
f 2341 2120 1723
f 1735 1731 1724
f 2933 1735 1724
f 2861 2842 1724
f 1724 2842 2933
f 3002 2861 1724
f 1725 1732 1736
f 1725 1736 2949
f 2949 2322 1725
f 1725 2322 3229
f 1737 1729 1726
f 1792 1737 1726
f 1726 1788 1792
f 1833 1788 1726
f 1916 1833 1726
f 2228 1916 1726
f 1727 1730 1921
f 1797 1789 1727
f 1727 1789 2413
f 1921 1797 1727
f 2487 2120 1728
f 1728 2538 2619
f 1729 1737 1740
f 1729 1740 1790
f 1790 1785 1729
f 1791 1741 1730
f 1730 1741 1921
f 1733 1743 1753
f 1734 1754 1756
f 1734 1756 2509
f 2933 2333 1735
f 1735 2333 3206
f 2940 2330 1736
f 1736 2330 2949
f 3188 2940 1736
f 1752 1740 1737
f 1792 1752 1737
f 1738 2190 2535
f 3104 2190 1738
f 2535 2215 1738
f 1738 2215 2807
f 1738 2807 3053
f 1738 3053 3104
f 1759 1757 1739
f 1752 1746 1740
f 1740 1746 2392
f 1794 1790 1740
f 2421 1794 1740
f 2392 2380 1740
f 1740 2380 2421
f 1741 1746 1752
f 2390 1746 1741
f 1741 1752 1921
f 1741 1791 1795
f 1741 1795 1975
f 1742 1747 1759
f 1755 1753 1743
f 2732 2333 1744
f 1744 2333 2745
f 2603 2462 1744
f 2532 2501 1744
f 1744 2501 2732
f 2845 2603 1744
f 1744 2745 2845
f 1745 2104 2263
f 3079 2104 1745
f 2263 2245 1745
f 1745 2245 2513
f 1745 2330 2609
f 2819 2330 1745
f 2609 2500 1745
f 1745 2500 3079
f 1745 2513 2900
f 2900 2819 1745
f 1746 1793 1796
f 2390 1793 1746
f 1746 1796 2211
f 1746 2211 2392
f 1747 1758 1759
f 1940 1900 1747
f 1748 1750 1761
f 1761 1760 1748
f 1748 1760 2295
f 2295 2195 1748
f 2533 1754 1749
f 1749 2215 2535
f 2535 2533 1749
f 1750 1753 1762
f 1762 1761 1750
f 2343 2277 1751
f 1752 1792 1798
f 1798 1797 1752
f 1752 1797 1921
f 1753 1755 1764
f 1764 1762 1753
f 1765 1756 1754
f 1754 1763 1765
f 2533 1763 1754
f 1755 1757 1766
f 1766 1764 1755
f 1766 1758 1756
f 1756 1765 1766
f 1757 1759 1766
f 1766 1759 1758
f 2603 2295 1760
f 1760 2462 2603
f 1762 1764 1771
f 1773 1765 1763
f 1763 1772 1773
f 1773 1771 1764
f 1767 1776 1782
f 2378 1776 1767
f 1970 1777 1768
f 1768 1777 2552
f 1768 2552 2743
f 1884 1776 1769
f 1769 1776 2378
f 2098 1884 1769
f 2378 2332 1769
f 1781 1772 1770
f 1770 1778 2108
f 2552 1778 1770
f 2108 1781 1770
f 2743 2552 1770
f 1771 1773 1781
f 1771 1781 2321
f 2321 2098 1771
f 1781 1773 1772
f 1774 1785 2688
f 2688 2381 1774
f 1774 2381 2990
f 2990 2501 1774
f 1775 1780 1791
f 2989 1780 1775
f 2549 2500 1775
f 1775 2500 2989
f 2421 1782 1776
f 1776 1884 2174
f 2392 2211 1776
f 1776 2211 2421
f 1777 1778 2552
f 1795 1793 1777
f 1970 1795 1777
f 2173 2108 1778
f 1779 1785 1786
f 2688 1785 1779
f 1779 2305 2381
f 1779 2381 2688
f 1780 1787 1791
f 2989 2046 1780
f 2553 2321 1781
f 1781 2436 2553
f 1783 1786 1788
f 1783 1788 1833
f 1783 1833 2705
f 1789 1787 1784
f 2442 1789 1784
f 1790 1786 1785
f 1792 1788 1786
f 1786 1790 1792
f 1787 1789 1791
f 1797 1791 1789
f 2442 2413 1789
f 1794 1792 1790
f 1797 1795 1791
f 1792 1794 1798
f 1793 1795 1796
f 1794 1796 1798
f 2211 1796 1794
f 2421 2211 1794
f 1797 1796 1795
f 1795 1970 1975
f 1796 1797 1798
f 1803 1809 2405
f 1804 1909 2341
f 2001 1810 1807
f 1808 1943 2286
f 2582 2438 1809
f 1810 1812 3145
f 1812 1956 2827
f 2901 1956 1812
f 1812 2592 2901
f 1812 2827 3145
f 3138 1995 1813
f 2548 2298 1814
f 1814 2298 3149
f 2800 2052 1818
f 3228 1944 1826
f 1826 2417 3196
f 1826 3196 3228
f 1827 2066 2591
f 3246 2066 1827
f 1827 2591 3106
f 1827 2601 3093
f 3096 2601 1827
f 3106 3025 1827
f 1827 3025 3247
f 1827 3093 3246
f 3247 3096 1827
f 2867 2143 1828
f 1828 2225 2722
f 1828 2722 3129
f 3129 2867 1828
f 1836 2012 2550
f 2590 1945 1839
f 1839 1945 2670
f 2850 2518 1843
f 1843 2545 2865
f 2966 2850 1843
f 1843 2865 3051
f 3051 2966 1843
f 2756 2515 1844
f 1844 2694 2890
f 2890 2756 1844
f 1846 2053 2338
f 1846 2182 2698
f 1852 1850 1849
f 2568 2354 1850
f 1853 1941 2908
f 2297 2280 1854
f 2267 2061 1855
f 2369 1886 1859
f 1859 1886 2648
f 2057 2003 1862
f 1862 2024 3220
f 1864 2432 2772
f 1864 2772 3017
f 1865 3187 3240
f 2193 1942 1866
f 1866 2091 2113
f 2334 2051 1868
f 1868 2051 2540
f 2460 2334 1868
f 1868 2540 3007
f 2840 2187 1869
f 3220 2024 1871
f 2304 2091 1871
f 1871 2091 3220
f 1872 2006 2200
f 2902 2006 1872
f 2200 2073 1872
f 1872 2774 2902
f 3124 2774 1872
f 2786 2025 1873
f 1873 2025 3177
f 3177 2547 1873
f 2385 2336 1874
f 2195 1948 1875
f 1875 2226 2462
f 2433 2036 1877
f 1877 2037 2433
f 2805 2037 1877
f 3123 2805 1877
f 3130 2810 1879
f 1879 2823 3130
f 3143 2823 1879
f 1950 1910 1881
f 2507 2285 1882
f 1884 2098 2553
f 2436 2174 1884
f 2553 2436 1884
f 1886 2369 2611
f 1888 2046 2989
f 2989 2733 1888
f 1889 2327 2511
f 2917 2327 1889
f 1889 2511 2905
f 1889 2905 2917
f 2320 1891 1890
f 1892 2033 2192
f 1892 2192 3031
f 1892 2685 2758
f 3031 2685 1892
f 2140 2101 1894
f 1894 2101 2299
f 3132 2140 1894
f 1894 2299 2453
f 1894 2453 3132
f 2498 2463 1896
f 3097 2498 1896
f 1899 2142 2701
f 2744 2142 1899
f 1899 2307 2744
f 2824 2307 1899
f 1899 2701 2824
f 1904 1902 1901
f 2891 2815 1903
f 3179 2891 1903
f 2482 2423 1905
f 2361 1967 1906
f 2261 2209 1907
f 1907 2209 2433
f 2433 2246 1907
f 2848 2176 1908
f 2463 2261 1912
f 2496 2463 1912
f 2228 1933 1916
f 2670 1945 1928
f 2748 2055 1931
f 1931 2130 2673
f 1931 2673 2748
f 2737 2146 1932
f 1932 2146 2963
f 1935 2440 2587
f 2439 2404 1936
f 2739 2100 1937
f 3127 2739 1937
f 3221 3127 1937
f 1942 2193 2741
f 1942 2741 3127
f 1942 3127 3221
f 2441 2286 1943
f 3192 1968 1944
f 2195 1951 1948
f 1948 1951 3161
f 1949 2313 3054
f 3097 2313 1949
f 2950 2498 1949
f 1949 2498 3097
f 3054 2950 1949
f 1951 2195 2295
f 1951 2295 3060
f 1951 3060 3161
f 2510 2245 1954
f 1956 2309 2827
f 2901 2447 1956
f 2721 1994 1962
f 1964 2026 2157
f 1964 2157 2172
f 1971 2438 2607
f 2660 2438 1971
f 1971 2607 3095
f 2977 2630 1976
f 1976 2928 2977
f 1977 2630 2977
f 2936 2821 1977
f 2977 2907 1977
f 1977 2907 3267
f 3267 2936 1977
f 1978 1979 2620
f 2757 1979 1978
f 1978 2620 3006
f 1978 2714 2757
f 2943 2714 1978
f 3262 2943 1978
f 1978 3006 3262
f 2816 2620 1979
f 1980 2146 2737
f 2779 2265 1980
f 1980 2737 2779
f 1987 2925 3170
f 3170 3014 1987
f 1987 3014 3256
f 2666 2010 1988
f 2675 2009 1989
f 2709 2675 1989
f 1989 2693 2709
f 2721 2555 1994
f 2164 2126 2002
f 2002 2126 2340
f 2004 2027 2875
f 3027 2027 2004
f 3173 3027 2004
f 2694 2229 2005
f 2005 2229 2720
f 2005 2720 2870
f 2006 2902 3058
f 2301 2179 2007
f 2675 2505 2009
f 2851 2730 2025
f 2025 2730 3177
f 2025 2786 2851
f 3208 2875 2027
f 2027 3027 3208
f 2970 2192 2033
f 2433 2062 2036
f 2036 2062 2956
f 2037 2805 2979
f 2910 2372 2038
f 2038 2431 2775
f 2038 2775 2910
f 2039 2428 2764
f 2998 2485 2039
f 2039 2764 2998
f 3213 2238 2040
f 2040 2371 2984
f 2040 2984 3213
f 2983 2676 2044
f 2807 2215 2047
f 2051 2495 3057
f 3057 2540 2051
f 2053 2258 2338
f 2054 2186 2193
f 2748 2492 2055
f 2422 2342 2058
f 2433 2209 2062
f 2063 2411 2440
f 2064 2067 2841
f 2903 2067 2064
f 3148 2903 2064
f 2064 2921 3148
f 2065 2152 2484
f 2065 2483 2813
f 2066 2588 2591
f 2939 2588 2066
f 3277 2939 2066
f 2071 2077 2588
f 2939 2491 2071
f 2071 2588 2939
f 2073 2200 2234
f 2076 2120 2487
f 2591 2588 2077
f 3219 2591 2077
f 2082 2126 2164
f 2614 2085 2083
f 2649 2536 2087
f 3071 2649 2087
f 2087 3058 3071
f 2304 2113 2091
f 2595 2152 2096
f 2632 2299 2097
f 2097 2299 2696
f 3102 2465 2097
f 2097 2696 3102
f 2098 2321 2553
f 2739 2132 2100
f 2696 2299 2101
f 2107 2248 2257
f 2112 2143 2867
f 3102 2696 2112
f 2112 2867 3102
f 2538 2344 2123
f 2338 2258 2124
f 2443 2338 2124
f 2130 2464 2673
f 3048 2464 2130
f 2134 2310 2445
f 2727 2158 2135
f 2136 2823 3143
f 2948 2780 2141
f 2744 2281 2142
f 2145 2229 2659
f 2720 2229 2145
f 2146 2523 2801
f 2239 2163 2149
f 2149 2163 2806
f 2806 2216 2149
f 2150 2184 2728
f 2543 2239 2150
f 2728 2543 2150
f 2595 2484 2152
f 2153 2284 2729
f 2153 2546 2701
f 2729 2546 2153
f 2722 2225 2154
f 2833 2722 2154
f 2860 2695 2158
f 2158 2727 2860
f 2870 2806 2163
f 2185 2227 2784
f 2741 2193 2186
f 2951 2687 2187
f 2187 2840 2951
f 2188 2631 3210
f 2910 2775 2188
f 3210 2910 2188
f 2190 2513 2535
f 2900 2513 2190
f 3104 2900 2190
f 2667 2529 2191
f 2191 2571 2667
f 3010 2571 2191
f 2194 2520 2833
f 2772 2432 2196
f 2196 2432 2962
f 2962 2521 2196
f 2522 2414 2198
f 2198 2414 3076
f 2806 2264 2216
f 2793 2702 2219
f 2219 2702 2905
f 2219 2730 3286
f 3286 2793 2219
f 2981 2382 2223
f 2223 2382 3017
f 2772 2763 2223
f 2223 2763 2981
f 3017 2772 2223
f 2224 2334 2460
f 2224 2460 2969
f 2387 2279 2227
f 2227 2279 2784
f 2231 2518 2850
f 2231 2850 2913
f 2913 2887 2231
f 3101 2803 2232
f 3064 3026 2232
f 2232 3026 3101
f 3164 3064 2232
f 3239 3164 2232
f 2233 2370 2419
f 2754 2370 2233
f 2233 2703 2906
f 2906 2754 2233
f 2543 2459 2239
f 2240 2290 2646
f 2241 2268 2530
f 2454 2387 2241
f 2530 2454 2241
f 3146 2719 2242
f 2243 2465 3102
f 3217 2465 2243
f 3102 2867 2243
f 2243 2867 3129
f 2243 3129 3217
f 2245 2510 2513
f 2681 2481 2247
f 2896 2681 2247
f 2253 2270 2437
f 2444 2406 2254
f 2750 2424 2259
f 2259 2424 2818
f 2259 2818 3011
f 2266 2366 2708
f 3244 2784 2279
f 3013 2762 2285
f 3229 2322 2287
f 2979 2486 2287
f 2287 2486 3229
f 3047 2475 2289
f 3201 3047 2289
f 2290 2594 2646
f 3150 2594 2290
f 2290 2604 3150
f 2852 2523 2294
f 3004 2852 2294
f 2295 2603 3060
f 2871 2448 2296
f 2632 2453 2299
f 2302 2432 2489
f 2682 2461 2302
f 2303 2484 2595
f 3218 2484 2303
f 2303 2595 3126
f 2303 3126 3218
f 2990 2381 2305
f 2773 2713 2305
f 2305 2713 2990
f 3130 2744 2307
f 2307 2810 3130
f 2750 2506 2308
f 2308 2506 2838
f 2309 2718 2827
f 3218 2718 2309
f 2779 2737 2312
f 2312 2737 3202
f 2313 2760 3054
f 3009 2912 2315
f 2315 2987 3009
f 3034 2987 2315
f 3193 3034 2315
f 3240 3193 2315
f 2777 2446 2316
f 3260 2777 2316
f 2949 2882 2322
f 3213 2740 2323
f 2323 2878 2941
f 2323 2941 2947
f 3028 2877 2324
f 2325 2692 3166
f 2941 2878 2325
f 2325 2916 2941
f 2804 2525 2329
f 2329 2877 3028
f 2940 2609 2330
f 2330 2819 2949
f 2715 2386 2331
f 2331 2580 2791
f 2791 2715 2331
f 2333 2732 3206
f 2883 2745 2333
f 2933 2883 2333
f 2923 2803 2337
f 2337 2803 3101
f 3029 2923 2337
f 2930 2814 2351
f 2351 2882 2927
f 2644 2616 2352
f 2352 2616 2975
f 3020 2644 2352
f 2928 2671 2352
f 2352 2671 3020
f 3005 2928 2352
f 2352 2975 3285
f 3285 3005 2352
f 2353 2572 3003
f 3003 2585 2353
f 2877 2869 2353
f 2356 2869 2877
f 2813 2708 2366
f 2368 2445 2488
f 2369 2446 2493
f 2369 2493 2611
f 2754 2580 2370
f 2372 2910 2985
f 2375 2654 3042
f 3042 2786 2375
f 2377 2546 2602
f 2824 2546 2377
f 2377 2602 2872
f 2731 2452 2384
f 2384 2452 2953
f 2953 2874 2384
f 2837 2537 2403
f 3008 2837 2403
f 2439 2410 2404
f 2587 2440 2411
f 2673 2449 2420
f 2420 2492 2748
f 2748 2673 2420
f 2890 2694 2426
f 2426 2873 2890
f 2547 2497 2427
f 2431 2627 2775
f 2434 2501 2532
f 2769 2713 2434
f 2434 2713 2773
f 2438 2582 2607
f 2777 2493 2446
f 2901 2598 2447
f 2673 2464 2449
f 2449 2464 2754
f 2754 2691 2449
f 2918 2838 2450
f 2450 2838 3001
f 2452 2731 3205
f 2453 2632 2704
f 2453 2704 3132
f 2454 2530 2690
f 2945 2475 2456
f 2459 2543 2579
f 2459 2579 2873
f 3189 2754 2464
f 3067 2926 2464
f 2464 2926 3189
f 3047 2980 2475
f 2483 2680 2813
f 2998 2986 2485
f 2979 2805 2486
f 2486 2805 3229
f 2491 2939 3277
f 3277 3074 2491
f 3261 2611 2493
f 2666 2589 2494
f 2814 2760 2496
f 2500 2549 3079
f 2500 2609 2989
f 2990 2732 2501
f 2981 2731 2502
f 2985 2742 2503
f 2861 2725 2507
f 2749 2592 2508
f 2535 2513 2510
f 3131 2790 2512
f 2512 2790 3178
f 2512 3041 3131
f 3144 2894 2514
f 3145 2718 2516
f 2968 2833 2520
f 2962 2788 2521
f 2521 2788 3140
f 2525 2804 2983
f 2526 2583 2623
f 2763 2583 2526
f 2526 2623 3159
f 3174 2763 2526
f 2526 3159 3174
f 2529 2667 3172
f 3125 2690 2530
f 2539 2645 2682
f 2785 2645 2539
f 3194 2785 2539
f 3057 3003 2540
f 2540 3003 3085
f 3085 3007 2540
f 2541 2643 3177
f 3177 2730 2541
f 2542 2719 2828
f 3125 2719 2542
f 2542 2828 3230
f 3230 3125 2542
f 2728 2579 2543
f 3045 2865 2545
f 2729 2602 2546
f 2824 2701 2546
f 2554 2851 3042
f 3286 2851 2554
f 2554 2909 3286
f 2567 2617 2674
f 2782 2617 2567
f 2567 2674 2826
f 3080 2667 2571
f 2571 2783 3080
f 2572 2707 3085
f 3085 3003 2572
f 2574 2613 3045
f 3175 2613 2574
f 3176 3175 2574
f 2578 2617 2782
f 3089 2617 2578
f 2578 2782 3099
f 3151 3089 2578
f 2580 2754 3189
f 2926 2791 2580
f 3189 2926 2580
f 2583 2763 2772
f 2585 3003 3057
f 2586 2789 3013
f 3219 3106 2591
f 2592 2749 2901
f 3086 2711 2593
f 2593 2711 3094
f 3094 3049 2593
f 2593 3049 3245
f 2825 2646 2594
f 2594 2815 2825
f 3150 2815 2594
f 2917 2905 2597
f 2597 2905 3275
f 3250 2917 2597
f 3275 3250 2597
f 2901 2749 2598
f 2598 2749 3128
f 2598 3128 3222
f 3061 2938 2601
f 2601 2938 3093
f 3096 3061 2601
f 2729 2689 2602
f 2602 2689 2872
f 2603 2845 3060
f 3137 2628 2604
f 2604 2628 3150
f 2604 2829 3137
f 3153 3095 2607
f 2608 2631 2676
f 2608 2676 2804
f 2609 2940 2989
f 2613 2865 3045
f 3167 2865 2613
f 2615 2650 2912
f 2615 2912 3009
f 2616 2644 2919
f 2616 2919 3062
f 3062 2975 2616
f 3089 2674 2617
f 2618 2691 2906
f 2906 2904 2618
f 2618 2904 2952
f 3178 2790 2621
f 3011 2761 2622
f 2622 2761 3140
f 3160 3159 2623
f 3169 3160 2623
f 3219 2755 2624
f 3098 2935 2625
f 2629 2787 3232
f 2633 2712 3227
f 2633 2922 3015
f 3256 2922 2633
f 3206 2713 2634
f 2636 3088 3198
f 2639 3161 3203
f 2640 2651 3194
f 2641 2987 3034
f 2645 2785 3063
f 2646 2825 3168
f 2647 2831 3046
f 2647 3046 3056
f 2649 3071 3207
f 3063 2785 2651
f 2651 2785 3194
f 3100 3063 2651
f 3261 3042 2654
f 2826 2674 2657
f 2657 2674 3089
f 2880 2812 2657
f 2662 2751 2809
f 2809 2753 2662
f 2663 2967 3176
f 2667 3080 3172
f 2671 2928 3253
f 2983 2804 2676
f 3282 2795 2678
f 2678 3241 3274
f 2680 2708 2813
f 3128 2708 2680
f 3222 3128 2680
f 2934 2883 2684
f 3075 2758 2685
f 2685 3031 3056
f 3056 3046 2685
f 2685 3046 3075
f 3080 2783 2686
f 2686 3148 3276
f 2951 2853 2687
f 2689 2780 2872
f 2690 3125 3230
f 2691 2754 2906
f 2692 2986 3166
f 2695 2828 3146
f 3275 2905 2702
f 2702 2997 3275
f 2703 2904 2906
f 2704 2724 3132
f 2706 2835 3055
f 2707 2736 3162
f 3162 3085 2707
f 2992 2972 2712
f 2712 2972 3227
f 3206 2990 2713
f 2942 2829 2717
f 2717 2829 3147
f 3131 2942 2717
f 3254 3142 2717
f 2717 3147 3254
f 3145 2827 2718
f 3218 3126 2718
f 3146 2828 2719
f 2722 2833 2968
f 2722 2968 3129
f 2723 2970 2971
f 2723 2971 3029
f 2725 2861 3092
f 3160 3052 2726
f 2726 3159 3160
f 3174 3159 2726
f 3244 2860 2727
f 2730 2851 3286
f 2731 2981 3205
f 2732 2990 3206
f 2989 2940 2733
f 2733 2940 3188
f 3188 3157 2733
f 2733 3157 3237
f 2736 2915 3165
f 3165 3162 2736
f 3055 3043 2738
f 2738 3043 3108
f 3098 3055 2738
f 3213 2984 2740
f 2742 2985 3210
f 2934 2845 2745
f 2745 2883 2934
f 2988 2922 2746
f 2746 2922 3014
f 2746 3014 3170
f 2982 2920 2747
f 2747 2920 3173
f 2890 2873 2756
f 2758 3075 3163
f 2758 3163 3239
f 2759 2897 3062
f 2760 2814 3054
f 2761 2818 2976
f 3011 2818 2761
f 2761 2976 3169
f 3013 2789 2762
f 2762 2789 3032
f 3205 2981 2763
f 2763 3174 3205
f 2764 2811 2998
f 3232 2924 2766
f 3073 2921 2767
f 2980 2849 2770
f 3071 2902 2774
f 2774 2915 3071
f 3165 2915 2774
f 2774 3124 3165
f 2948 2872 2780
f 2781 2849 2995
f 3274 2881 2781
f 2781 2995 3274
f 3042 2851 2786
f 2787 2832 2982
f 2787 2982 3018
f 2787 3018 3232
f 2792 2965 3059
f 3255 2965 2792
f 3286 2909 2793
f 3282 2974 2795
f 3281 2973 2796
f 2796 3027 3281
f 2797 2889 2972
f 2837 2817 2802
f 2802 2817 2874
f 2802 2874 3001
f 2805 3123 3158
f 2805 3158 3229
f 2811 2834 3166
f 2811 2986 2998
f 3166 2986 2811
f 2812 2880 2925
f 2925 2889 2812
f 2814 2930 3054
f 3168 2825 2815
f 2815 2891 3168
f 3000 2874 2817
f 2927 2882 2819
f 2819 2882 2949
f 2819 2900 2927
f 2826 3113 3249
f 2829 2942 3137
f 2831 2878 2932
f 2832 2920 2982
f 3278 2920 2832
f 2835 3043 3055
f 3268 3043 2835
f 2835 3180 3268
f 3008 2853 2837
f 2842 2883 2933
f 2845 2978 3060
f 2846 2942 3131
f 3137 2942 2846
f 3131 3041 2846
f 2849 2980 3047
f 3156 2995 2849
f 2849 3047 3156
f 2966 2913 2850
f 2861 3002 3092
f 2952 2904 2862
f 3167 3051 2865
f 2874 2953 3001
f 3208 3204 2875
f 3272 2996 2876
f 2876 3171 3272
f 2876 3181 3271
f 3059 2965 2879
f 2879 2965 3283
f 2879 3044 3059
f 3283 3243 2879
f 3170 2925 2880
f 3269 3180 2881
f 2881 3241 3269
f 3274 3241 2881
f 2884 3006 3245
f 3262 3006 2884
f 2887 2913 3114
f 2887 2958 3144
f 3214 2958 2887
f 2888 2973 3231
f 3227 2972 2889
f 2893 2911 3095
f 3241 2911 2893
f 3269 3241 2893
f 3144 2958 2894
f 2894 2958 3152
f 3152 3050 2894
f 3091 3062 2897
f 3071 3058 2902
f 2977 2928 2907
f 2907 2928 3005
f 2907 3005 3279
f 3279 3267 2907
f 3210 2985 2910
f 2913 2966 3114
f 2914 3073 3265
f 3270 3172 2914
f 2914 3265 3270
f 3207 3071 2915
f 2947 2941 2916
f 3052 2976 2918
f 2921 3073 3276
f 3276 3148 2921
f 2922 2988 3015
f 3256 3014 2922
f 3029 2971 2923
f 2930 2950 3054
f 2936 3195 3208
f 3267 3195 2936
f 2938 3061 3264
f 3262 3181 2943
f 3248 3044 2954
f 3214 3152 2958
f 2966 3051 3223
f 3223 3114 2966
f 2967 3050 3139
f 2967 3139 3175
f 2967 3175 3176
f 3217 3129 2968
f 3281 3231 2973
f 3088 3016 2974
f 3282 3088 2974
f 2975 3062 3091
f 3280 3070 2975
f 2975 3070 3285
f 2975 3091 3280
f 2976 3052 3160
f 2976 3160 3169
f 3161 3060 2978
f 3203 3161 2978
f 2997 3068 3263
f 2997 3263 3275
f 3101 3026 2999
f 3005 3069 3279
f 3285 3069 3005
f 3007 3085 3162
f 3007 3162 3238
f 3022 3090 3249
f 3284 3108 3043
f 3043 3268 3284
f 3258 3156 3047
f 3047 3201 3258
f 3251 3139 3050
f 3050 3152 3251
f 3051 3167 3223
f 3068 3260 3263
f 3285 3070 3069
f 3270 3265 3074
f 3273 3270 3074
f 3282 3198 3088
f 3090 3099 3249
f 3237 3158 3123
f 3238 3165 3124
f 3152 3214 3251
f 3157 3158 3237
f 3162 3165 3238
f 3163 3164 3239
f 3182 3270 3273
f 3195 3204 3208
f 3275 3263 3250
