v 1.31518018245697 43.1472282409668 3.175050020217896
v 1.31518018245697 66.61129760742188 3.175050020217896
v 1.397421815639227 41.66938237613704 5.88754867248383
v 1.384271929336218 67.85284581686805 5.874398537011967
v 1.425739407539368 41.16050720214844 3.285611152648926
v 1.517996984787819 69.12213904538255 3.371306373768154
v 1.690335512161255 39.79744338989258 6.180463790893555
v 1.716917871527473 70.06324019969243 6.122520060135143
v 1.754704833030701 39.22271347045898 3.614574670791626
v 1.826182045306735 70.77985193445683 3.686052151680556
v 2.150628805160522 38.22591018676758 6.640754699707031
v 2.24973884301802 71.59525663147424 6.73986475675167
v 2.446868833943707 37.02868851991977 4.306740401194024
v 2.324054370012031 72.43295797314754 4.172266736322992
v 2.78439305351066 36.76677580613293 7.274518732302898
v 2.81412246216167 73.0489961560357 7.273092715774653
v 3.195256320888128 35.46761705063438 4.984499780065713
v 3.110760453288204 74.20947441518268 4.970630782231502
v 3.175050020217896 43.1472282409668 1.315177440643311
v 3.175050020217896 66.61129760742188 1.315177440643311
v 3.122886717545846 67.01871773588232 7.613014079761613
v 3.179292288587515 42.42034861715503 7.66941926937703
v 3.225867512649694 41.16050720214844 1.485484662857079
v 3.311678442102913 68.75155815462806 1.451805169748307
v 3.355689287185669 68.64337921142578 7.845815181732178
v 3.535557851502104 40.33330024498345 8.025685187355814
v 3.560241222381592 35.48210144042969 8.050370216369629
v 3.557398586564491 74.17764747364429 8.04752746684326
v 3.614574670791626 39.22271347045898 1.754703044891357
v 3.614574670791626 70.53581237792969 1.754703044891357
v 3.883353462741086 70.29233905921417 8.304118430653682
v 3.874737739562988 39.23976516723633 8.364863395690918
v 4.036549928763739 34.0569210915432 5.896419393480809
v 4.017526892212259 75.62860272670035 5.794563334045159
v 4.060320377349854 35.18228149414062 15.57389640808105
v 4.063769178241386 74.61287476326 15.5973619627182
v 4.153840065002441 37.38155364990234 2.293966770172119
v 4.153840065002441 72.37697601318359 2.293966770172119
v 4.249036234339846 37.02407290514852 14.11768344836727
v 4.169158717176298 73.05292058530192 14.41978450011243
v 4.217807292938232 33.5094108581543 16.64543342590332
v 4.217807292938232 76.24911499023438 16.64543342590332
v 4.425168949420073 38.06463994034809 8.915296512896637
v 4.472269460776178 34.38050441203318 8.962398454764216
v 4.474855899810791 75.38114166259766 8.964984893798828
v 4.554945945739746 38.22801208496094 13.07048511505127
v 4.554945945739746 71.53050994873047 13.07048511505127
v 4.572760105133057 71.95442962646484 9.062889099121094
v 4.667121940819015 31.74330955320264 17.5028160396023
v 4.642214775085449 77.96778869628906 17.56061363220215
v 4.740945816040039 33.7349853515625 13.48575496673584
v 4.740945816040039 76.02354431152344 13.48575496673584
v 4.837661743164062 74.66990661621094 12.46020126342773
v 4.875369548797607 32.30710220336914 14.40036964416504
v 4.875369548797607 77.45142364501953 14.40036964416504
v 4.867343844482447 35.71253255694521 3.026884747429697
v 4.859547956801189 74.00560567145997 2.999676261591631
v 5.016971588134766 32.87271499633789 6.876843452453613
v 5.125134263521351 76.97954851492612 6.98500599906269
v 5.048513412475586 37.10702896118164 9.538640975952148
v 5.163136959075928 36.33467864990234 11.34896087646484
v 5.206697633558454 73.33550457396241 11.25568897814457
v 5.19488000869751 39.52587509155273 11.70025539398193
v 5.375391835788206 70.00692582905775 11.41300142212896
v 5.556782722473145 73.21191024780273 10.04691028594971
v 5.237624168395996 30.84012603759766 15.1815242767334
v 5.237624168395996 78.91839599609375 15.1815242767334
v 5.323093414306641 30.06859588623047 18.29690170288086
v 5.350192963556349 79.62991160248725 18.33833033536191
v 5.375448703765869 36.49740600585938 17.43376731872559
v 5.402874286854451 73.17139984553552 17.37294896740234
v 5.470211958526479 38.00731862250426 16.25913709899679
v 5.488757133483887 71.67523193359375 16.23225593566895
v 5.500409603118896 33.48860168457031 9.990538597106934
v 5.431912556796227 76.24155278001092 9.843281771999573
v 5.630623611037607 34.64084155981587 18.61747902302106
v 5.53293514251709 74.93399047851562 18.50530433654785
v 5.709357738494873 37.44247436523438 10.17939567565918
v 5.709357738494873 72.31604766845703 10.17939567565918
v 5.805305957794189 34.16697311401367 3.945434093475342
v 5.805305957794189 43.1472282409668 1.315177440643311
v 5.805305957794189 66.12628382803403 1.315177440643311
v 5.809373496595587 66.72948762945049 7.669245452303371
v 5.805305957794189 75.591552734375 3.945434093475342
v 5.81879186630249 29.37018394470215 15.80998516082764
v 5.81879186630249 80.38834381103516 15.80998516082764
v 5.866546154022217 42.10205459594727 7.726417064666748
v 5.870074272155762 39.54313659667969 14.93035697937012
v 5.889317731504738 70.16844143995733 14.8617775695303
v 5.941298884900133 41.20628815014008 1.451168566420924
v 5.909322063555871 68.36387322971154 1.419191663621164
v 5.9708411693573 68.29083633422852 7.830711603164673
v 5.973637215790908 33.06465536842288 19.43810703820107
v 5.957342624664307 76.65266418457031 19.42048645019531
v 6.048593521118164 41.08538818359375 7.908465385437012
v 6.077676773071289 40.62979125976562 10.29543399810791
v 6.077676773071289 69.12873840332031 10.29543399810791
v 6.210876703262329 69.22636413574219 8.070747375488281
v 6.180465221405029 39.79744338989258 1.690335512161255
v 6.17734450405649 69.94269186572579 1.68721478686322
v 6.218834523529131 31.83123924884254 8.078704957848055
v 6.322965033857615 77.9719525985733 8.127060516945901
v 6.24367618560791 28.38537979125977 18.8361644744873
v 6.24367618560791 81.37314605712891 18.8361644744873
v 6.390100432160943 40.03055733239628 8.249970168660047
v 6.384757636786371 73.86532962872326 10.79731716690843
v 6.436366558074951 71.37713241577148 9.025896549224854
v 6.46287202835083 38.38472747802734 8.980305671691895
v 6.510008335113525 40.84099960327148 13.56012725830078
v 6.510008335113525 68.91752624511719 13.56012725830078
v 6.59526658828878 27.94784512533343 16.29969387068437
v 6.604556083679199 81.82505798339844 16.27027702331543
v 6.597688484341059 32.81404977299789 11.02021251914941
v 6.50357000995893 76.85756244211271 10.99369642119566
v 6.638221263885498 31.38372230529785 20.15677261352539
v 6.870902042232964 78.80023990778852 20.29307380136665
v 6.640754699707031 38.22591018676758 2.15062689781189
v 6.623826955550941 71.47482020376732 2.133699083510573
v 6.803400993347168 70.60302734375 8.663273811340332
v 6.898954318803811 32.85355418898877 5.039081500810647
v 6.822194353548376 76.80230493964704 4.950893320918487
v 7.064197063446045 77.23096084594727 12.69674301147461
v 7.038388252258301 32.57604217529297 12.68071460723877
v 7.058829735692886 75.60237957944832 11.54895682233229
v 7.181599617004395 41.51258850097656 8.89061164855957
v 7.181599617004395 68.24593353271484 8.89061164855957
v 7.21526093568631 31.49715271582633 13.31853847300783
v 7.257621821754659 36.93684626831285 2.767494229831033
v 7.196259582347205 73.04528591682208 2.801840747265778
v 7.379203796386719 78.89861297607422 13.65321350097656
v 7.381293773651123 26.78253746032715 19.16512870788574
v 7.381293773651123 82.97599029541016 19.16512870788574
v 7.381808764206453 41.93392325090079 12.13975469970851
v 7.392805099487305 67.81360626220703 12.15530586242676
v 7.520381450653076 31.06881141662598 9.380253791809082
v 7.694237777914455 78.72384872751061 9.598956137757483
v 7.494760680387801 29.81760642407593 20.65852157934578
v 7.702138186663457 80.14946589530065 20.72341218932196
v 7.575575351715088 26.56535530090332 16.55106163024902
v 7.575575351715088 83.19316864013672 16.55106163024902
v 7.536431487421585 30.29075241432299 13.94448900865783
v 7.689579581015895 42.73078239798721 3.199450459582251
v 7.66517972946167 43.99063229357439 5.805305480957031
v 7.66517972946167 65.50209568531696 5.788365379714348
v 7.730132102966309 67.59994125366211 5.870259523391724
v 7.649229676454767 42.57234535148938 5.888623817625467
v 7.725964112192775 67.56938036498593 3.235835216367302
v 7.781215190887451 32.44055938720703 12.27134418487549
v 7.781215190887451 77.31797027587891 12.27134418487549
v 8.116666316986084 80.57505798339844 14.31716966629028
v 7.979785998967361 69.06945145163918 6.215140485204985
v 7.908111392101971 41.07937171416664 5.946018141213129
v 7.923119738353762 37.01036773656185 17.89983033819812
v 7.943908571032686 72.82775589757512 17.94141451525459
v 8.271306374382203 70.18970327790777 6.864267049857136
v 7.906978191729869 40.89369360982087 3.492847595533122
v 8.028045222398957 38.32250892716875 16.89781350116413
v 8.012663841247559 71.49490356445312 16.9503288269043
v 8.032484100826599 69.47112601289247 3.596294233920456
v 8.048855036982088 35.5110203174043 3.558725583343142
v 8.004927699971738 35.47023139339727 18.88354577548341
v 8.050371170043945 74.27642822265625 3.56024169921875
v 8.050371170043945 74.27642822265625 18.89049911499023
v 8.07835578918457 31.83144378662109 6.218482971191406
v 8.07835578918457 77.92708587646484 6.218482971191406
v 8.206356048583984 40.12496566772461 6.346484184265137
v 8.38778018951416 70.03629684448242 6.527906894683838
v 8.426373393179068 39.65456209855621 15.67425061262018
v 8.338138580322266 70.24884796142578 15.83908843994141
v 8.364863395690918 39.23976516723633 3.874735355377197
v 8.412625312805176 34.0151252746582 19.67165184020996
v 8.387492415516327 75.64162322718559 19.61745610055546
v 8.541868069064876 70.92554345163005 4.051736914409591
v 8.273687113410228 42.0510625409457 7.737629849730564
v 8.31360184402739 67.68778212007645 7.695489491876259
v 8.628959994768591 42.89291668691547 10.61087821386691
v 8.49672794342041 66.93080902099609 10.75048351287842
v 8.69642162322998 28.09766578674316 21.02499961853027
v 8.69642162322998 81.66085815429688 21.02499961853027
v 9.155444437294159 24.85202473995194 16.64543342590332
v 9.501699708531797 24.5057694687143 19.27569007873535
v 9.706723383464103 85.45778173231618 19.27569007873535
v 9.129323178473154 71.34393000271065 7.073719638926969
v 8.702962767956695 77.31611630914465 13.26393435186174
v 9.000234508907919 40.65316370285789 14.56234870981901
v 8.819954362636308 69.13830169983429 14.64350433571997
v 8.912644953626307 38.06871632013129 4.422515465638693
v 8.890613555908203 30.60358810424805 10.75048351287842
v 8.890613555908203 79.15493774414062 10.75048351287842
v 9.057563899913632 34.31388669297567 4.567434431705459
v 8.964985847473145 75.38114166259766 4.474856376647949
v 8.993789672851562 32.54518127441406 20.30011177062988
v 8.993789672851562 77.21334838867188 20.30011177062988
v 8.691061372358138 28.24997335234692 14.57109045816426
v 9.164332919236889 72.06749963074449 4.764637323857661
v 8.750385771699799 81.59943553718765 14.59340809286874
v 9.246050647407255 31.14742611163259 7.386178257097281
v 9.205412236895253 78.59128324196718 7.359139995876816
v 9.538138982940941 37.14066674166708 5.144568124978887
v 9.696926711314111 41.60695776443045 13.39527907767769
v 9.637869834899902 68.19879913330078 13.47043323516846
v 9.413914595506007 39.91980551787731 5.808140252941125
v 9.758978843688965 69.74858856201172 5.500410079956055
v 9.794584738532437 77.79296522331772 13.76173404885918
v 9.770024299621582 72.93711853027344 5.279896259307861
v 9.741505328541821 31.17804382248669 20.73811425947335
v 9.779557228088379 78.65005493164062 20.76040458679199
v 9.794589042663574 43.46765518188477 9.380253791809082
v 9.794589042663574 66.29087066650391 9.380253791809082
v 9.79912281036377 72.27828979492188 7.260795593261719
v 10.05272976739674 78.55150158213017 14.14755081290511
v 10.02054513281482 26.64730462741317 14.7854234933214
v 9.939309120178223 42.53384399414062 6.218482971191406
v 9.939309120178223 67.22467803955078 6.218482971191406
v 9.99053955078125 33.48860168457031 5.500410079956055
v 9.850954634310579 76.14895804464722 5.360825163485385
v 11.01847050306825 25.61925437333556 21.13556098937988
v 10.37784119400898 83.49864031982284 14.78556156158447
v 10.02306079864502 83.14385986328125 21.13556098937988
v 10.00236210309757 31.14470368199534 14.16831578174651
v 10.65035350458387 72.75990586768664 8.447687341482148
v 10.24821388797696 35.53860745369332 17.29643270323468
v 10.19396069201289 72.99715993215099 16.4701741556735
v 10.22654438018799 36.90340423583984 16.34669876098633
v 10.29526042938232 36.27419662475586 5.805131435394287
v 10.64949530670905 30.48663672537453 12.50936526367926
v 10.25485267628998 79.26615669618236 12.17733437605225
v 10.40062766395976 75.11193673258929 17.80733354819194
v 10.40105418528994 72.02138414434461 15.63375478236725
v 10.45044898986816 37.96615600585938 15.43689441680908
v 10.50075149536133 30.26664924621582 14.49569702148438
v 10.58012580871582 42.3132438659668 12.27134418487549
v 10.58012580871582 67.44528198242188 12.27134418487549
v 10.59417057037354 73.74265289306641 6.104041576385498
v 10.68319749832159 79.78477478027338 14.57380294799813
v 10.70550120175391 74.49780467256771 15.19562778947028
v 10.50061642832783 30.68670155309787 8.650888222200411
v 10.75048351287842 79.15493774414062 8.89061164855957
v 10.75057315826416 29.74035835266113 21.04119300842285
v 10.75057315826416 80.01817321777344 21.04119300842285
v 10.71141036598461 33.51909219236843 18.396915903472
v 11.09653902053834 77.0025691986084 15.58666491508485
v 10.7356605008427 76.39617589233308 18.49059841185111
v 10.8576620370225 70.96885089339025 14.50519966793866
v 10.99328459506689 76.09471302632367 15.49691018736852
v 11.03402209935833 73.38996675052725 13.78946684751914
v 11.02747076705578 33.67854236767906 15.51759647951785
v 11.27444762644255 29.25481184442746 14.77808843915581
v 11.10177898406982 32.83765029907227 6.611650943756104
v 11.18706596209321 76.94983244849463 6.696937817463888
v 10.90196978623116 40.0474410905185 4.6656757244236
v 11.11261558532715 69.65187072753906 4.474856376647949
v 10.82496637447571 37.73406821734571 6.355927498473799
v 11.1384916305542 35.62884902954102 6.648360729217529
v 11.78685350874035 81.25711416933845 14.78066986229107
v 11.25443744659424 43.84896850585938 8.07835578918457
v 11.25443744659424 65.90955352783203 8.07835578918457
v 11.31293007787701 72.93119580896229 11.95872281539097
v 11.44984494264152 77.44022821957051 16.09359760680275
v 11.29635757009155 72.72808604674364 13.200637456875
v 11.34896278381348 32.83765029907227 15.83908843994141
v 11.35454654693604 32.51747131347656 16.0201473236084
v 11.26461727205017 71.9165669737995 5.968752013305799
v 11.41815042495728 72.9893913269043 9.36402416229248
v 11.31146838657856 32.30864637477626 18.82852322637441
v 11.44229412078857 72.83828353881836 12.75602960586548
v 11.46650314331055 72.89484405517578 9.695388793945312
v 11.34217120476259 77.50181873480446 18.84354234515576
v 11.12539624851104 39.35176467766568 13.97986032697874
v 11.45172582969814 70.09453956259233 13.52834136527228
v 11.60208148900756 74.32592478753853 7.199761800106062
v 11.35595214602744 42.63506016426278 5.145192622230544
v 11.64113158647716 67.11895966321168 4.948959573246591
v 11.62096034970076 42.88097566760484 11.04089576242119
v 11.68791961669922 66.89906311035156 11.10177898406982
v 11.70025730133057 30.60358810424805 13.56012725830078
v 11.70025730133057 79.15493774414062 13.56012725830078
v 12.22583119667493 28.13164026938952 14.78556156158447
v 11.72967456578488 31.74981959732818 16.35810924513429
v 11.95154523849487 78.38507843017578 16.40694999694824
v 11.97139174257474 72.53127910728408 13.6909555308228
v 11.8829345703125 37.45479202270508 12.15530586242676
v 11.90606307983392 72.28570175170866 12.12619876861593
v 24.28578694943646 31.40174595232745 7.665316343307495
v 12.12593232169388 72.71221854542688 8.689942457313387
v 12.08145761533806 73.5460946942638 16.57158327146599
v 12.2859652656687 37.46136344878281 14.17861530089473
v 12.13719544698959 30.44924510028606 10.27732358267074
v 12.20816421634734 72.95259822860974 10.39121131344197
v 12.11511683578559 79.26562623736453 10.20123654739109
v 12.11466819527775 36.27093185049991 16.53797894626576
v 12.05729412685053 31.13847000637243 19.12858695773463
v 12.25235271453857 78.89842987060547 19.1874942779541
v 12.2713451385498 32.44055938720703 7.781215667724609
v 12.32850755073564 77.24460788973168 7.838378170836753
v 12.25687480842917 37.83776337567807 5.270089004924275
v 12.37520159674392 40.30928387403642 12.36743260778543
v 12.14312183466592 69.63619795003125 12.63186564774752
v 12.41293525695801 30.68726921081543 16.5659008026123
v 12.47937222747039 33.50521504823997 16.96949885509905
v 12.47660564313136 76.20021658107137 16.96673232245273
v 12.52487134933472 79.20688629150391 16.5826530456543
v 12.4723424911499 74.69892120361328 7.982213020324707
v 12.40334652607119 37.87016888527134 11.50242359556512
v 12.48787440788234 71.84777248817323 11.29879536550595
v 12.49802538256815 71.98855915039181 5.216382996773603
v 12.59845030475231 36.77266953409599 10.66251052215935
v 12.54050064086914 39.97222900390625 3.56024169921875
v 12.39094572245776 69.77221380375288 3.656037311708619
v 12.48756683865479 72.13776079156696 14.3591962409606
v 12.5569728387361 37.12268927796976 8.099190834120289
v 12.86478710174561 72.62878036499023 7.971129417419434
v 12.84031963348389 43.9622802734375 6.876843452453613
v 12.90965825294129 65.80978356786878 6.871278290482377
v 12.74482871514381 36.92291056147147 17.23495648945391
v 12.95617198944092 72.85590744018555 11.09629917144775
v 12.84877369032262 43.16268140292119 10.06652345273285
v 12.98017637654864 66.60724180646288 9.981664094458742
v 12.99747838468495 34.89903472682984 8.507348952948599
v 13.15431666886201 31.08443147920811 14.89985685345907
v 13.06501966467851 78.71375188992315 14.79425950501302
v 13.15272426605225 29.83551120758057 19.27533149719238
v 13.45682503140214 29.53090308749435 16.72876030326865
v 13.19806289672852 42.48966217041016 3.945434093475342
v 13.18863982683384 67.2679727651706 3.951469928659955
v 13.19806289672852 79.96886444091797 16.64543342590332
v 13.19806289672852 79.96886444091797 19.27569007873535
v 13.07026728220762 71.59974514016787 14.88889577109044
v 13.13931663307257 38.27173914382303 10.73735588772477
v 13.24744587609489 71.51706111488714 10.53042910187983
v 13.29298735980694 69.042610487307 11.43350530024694
v 13.39171234265243 37.0566633662228 11.53184070243571
v 13.24703266604358 38.35577685891113 15.16850095429097
v 13.47043323516846 32.30710220336914 8.980305671691895
v 13.43406903977133 74.81671311886102 8.943941406802892
v 13.47043323516846 77.45142364501953 8.980305671691895
v 13.53653880895262 37.60632631765515 4.528881148684654
v 13.48575592041016 34.37738037109375 17.97588348388672
v 13.45252942596699 75.4099370864665 17.94265695854585
v 13.10409458600168 72.3303153369895 17.52451457890728
v 13.56012725830078 30.60358810424805 11.70025539398193
v 13.56012725830078 79.15493774414062 11.70025539398193
v 13.45922453842505 37.9475504984774 17.94935210190161
v 13.56188160650791 37.16871036167473 7.554621510282971
v 13.69339161211098 72.64308894539133 11.76409561699935
v 13.69860363006592 72.20469665527344 4.451404094696045
v 13.8302955723621 72.61368949978284 7.360463338340629
v 13.68090815484254 70.78467693903919 15.63456741267656
v 13.8725810013042 39.27101639064062 15.68705518866761
v 14.03518545410387 34.95051510041004 9.545056129528644
v 14.00747489929199 39.60997772216797 2.779087066650391
v 13.71873608007987 70.07724993295908 2.932838684945557
v 13.87601709917515 38.37182169740026 9.988592598633272
v 14.05548286437988 70.59716796875 18.54560852050781
v 14.10886480534704 71.34354367351011 9.827942359571145
v 14.08587741851807 39.23976516723633 18.57600402832031
v 14.20550775527985 69.7265625 16.06537914276091
v 14.25376052648439 40.15519394196982 16.11363143712892
v 14.1737910447805 43.27351824447423 9.051219641431132
v 14.28761291503906 66.47687530517578 8.964984893798828
v 13.5638605124151 40.87138755904582 11.18106882915371
v 14.26792498119928 68.76610222250901 10.59763695284433
v 14.37238597869873 31.83144378662109 16.23225593566895
v 14.37238597869873 77.92708587646484 16.23225593566895
v 14.2498592803692 72.17346476453828 12.50992161813013
v 14.18496850347748 35.23728068083187 18.67509679871061
v 14.30801864514179 74.4746904905742 18.74150577173895
v 14.48168668646461 69.19767903892055 18.94778322253832
v 14.47243589637817 74.79595631572116 9.982305480252947
v 14.4710168838501 40.48148727416992 18.96114540100098
v 14.878561623304 43.71456962628015 5.610747859489902
v 14.51319122314453 65.9537353515625 5.805305480957031
v 14.52404642105103 68.74038696289062 16.38391590118408
v 14.54227447509766 41.08538818359375 16.40214538574219
v 14.37967553904378 37.01617338531487 6.937908566102166
v 14.29758280627005 37.64711785067114 12.58378266325165
v 14.77896370263647 32.50160045193346 10.2888335692575
v 14.53719571558737 77.33269802230818 10.04706560682677
v 14.6961550227604 68.02323185038365 19.11797567937467
v 14.81440141339702 37.15464453970561 3.944681568464256
v 14.74597501754761 42.47157859802246 19.23610210418701
v 14.77333226476856 67.13841216650673 16.59464282015494
v 14.7546988449367 42.62050069858851 16.61457215110169
v 14.78556156158447 65.59420387530615 19.27569007873535
v 15.22135428739077 35.35420685738671 10.73876291674416
v 14.80199801951241 72.60307333987106 4.010611099075628
v 14.87296657297249 42.01138485425101 3.03580977695287
v 14.92029300370528 67.6897037816111 3.035293948191851
v 14.8478789306656 31.04726612963962 13.02605054967241
v 14.89315015811746 78.69525767454074 13.07507484248017
v 14.73689783970317 38.42631846479348 9.394245176163105
v 14.99386692047119 71.31673431396484 9.257631778717041
v 14.86333193885647 71.60501797959483 13.10618486483274
v 14.99059924934423 36.27666033841299 19.3852085515592
v 15.11966471692051 73.06472823549814 19.60979055647405
v 15.01656927204437 38.33213584025338 13.25605949449217
v 15.15571483369017 41.0334556189402 9.940862510615849
v 15.47741508483887 39.02880859375 2.15062689781189
v 15.32572627845651 70.6697479818166 2.215480130485775
v 15.4945182800293 68.77823638916016 9.738886833190918
v 15.32093868053107 36.72858704861262 6.518033195185548
v 15.4886245096468 70.8480620143412 13.62875104283633
v 15.5122812826786 32.84119975546545 17.38951825634489
v 15.64991064725743 76.87290928533808 17.37911599285626
v 15.03438345858708 72.93285370973769 6.652003518446294
v 15.6008819901842 39.17680064942262 13.84518456042252
v 15.56934722237424 43.10232446545602 8.185466707094506
v 15.63386729032103 66.65002144988648 8.135474322076691
v 15.78935042336649 38.17828527652888 20.27947515713572
v 15.79945581757624 71.55691944501129 20.28958053601077
v 15.90576977703329 32.87671136522231 11.41564209910414
v 15.64899617962003 76.92833982686712 11.15886815176635
v 15.87124538421631 38.29505920410156 8.740985870361328
v 15.91592693328857 36.61154937744141 3.549813747406006
v 15.93495559692383 71.48084259033203 8.708221912384033
v 16.03450965881348 69.80141448974609 14.17463731765747
v 15.96497233501547 73.18564157871064 3.576502770945493
v 16.10425567626953 40.12496566772461 14.24438285827637
v 16.04900052696039 43.4255410633949 4.987495923732124
v 16.23185729980469 66.37813568115234 4.890125751495361
v 16.09977788217747 31.75383800422247 14.23990230020764
v 16.22196385865595 77.89152470208293 14.46474687228206
v 16.27027702331543 39.79744338989258 20.76040458679199
v 16.27027702331543 69.96107482910156 20.76040458679199
v 16.34282281389508 73.85005798710115 11.85269246866485
v 16.36475467681885 68.8098030090332 14.50488185882568
v 16.40214729309082 41.08538818359375 14.54227447509766
v 16.44082450866699 36.20671844482422 6.095170497894287
v 16.34333073725798 73.50845254533962 6.096060116408487
v 16.58300451543285 42.02538390804306 21.07313143337572
v 16.67161138491099 67.35431768209386 21.09421263827393
v 16.60541578920242 67.25575378316788 14.74554401743034
v 16.58419609069824 42.10205459594727 14.72432231903076
v 16.63887405395508 41.38438034057617 2.293966770172119
v 16.63887405395508 68.37415313720703 2.293966770172119
v 16.62093514663001 64.22798375133706 14.81006172308084
v 16.43481670496377 33.91257743785823 18.29468608316266
v 16.64475936147629 44.22379164711733 14.78623753266691
v 16.64543533325195 75.591552734375 18.50530433654785
v 16.69140345728678 36.21826168421173 12.2012721130996
v 16.96727041244943 40.58463077178813 8.882794509155026
v 16.71601486206055 68.98781585693359 9.023349761962891
v 16.82025909423828 37.98318099975586 8.290464401245117
v 16.8084190706997 71.83859005001078 8.210417931051976
v 16.91413307189941 38.2430419921875 1.690335512161255
v 17.05205837519232 71.61338023004733 1.662028066709951
v 16.95033073425293 33.48860168457031 12.46020126342773
v 16.95033073425293 76.26992797851562 12.46020126342773
v 17.29989429656827 35.64285915772918 3.289635952714338
v 17.31307085254637 72.73911105021615 12.82294214540996
v 17.18247222900391 42.78497314453125 7.269214630126953
v 17.18247222900391 66.97354888916016 7.269214630126953
v 17.19817543029785 74.01615905761719 3.25773286819458
v 17.33532905578613 35.60966110229492 5.884838104248047
v 17.6838147283001 74.44692063613944 5.849183459978708
v 17.17465948599994 32.67229427895055 15.37047978538987
v 17.43137640181221 76.88788456698371 15.57150357812127
v 17.63384224183281 35.85134983993889 19.49371315247734
v 17.56061553955078 74.076171875 19.42048645019531
v 17.76444250819603 37.61633303054397 7.971020184155227
v 17.82832908630371 72.27970886230469 7.934285879135132
v 17.86344432451407 42.73531224717561 4.192555889280303
v 18.02755676756367 67.1026185968291 4.210589616245035
v 17.77570795771355 69.3456573913233 8.527065128200112
v 18.04461858304866 34.45213115773348 13.58007985469315
v 17.97588539123535 75.38114166259766 13.48575496673584
v 17.72197495620283 37.59824014034356 13.23184548537764
v 19.14722607958473 33.96650451376804 3.135268023788461
v 19.07023093298005 34.0759614554181 5.868041411364545
v 19.99629740964113 76.69735273366069 3.265495766233337
v 18.28224182128906 37.27202606201172 1.409548282623291
v 18.76015754066686 72.91402909520251 1.373918157579948
v 18.29690170288086 37.38155364990234 20.15677261352539
v 18.29690170288086 72.37697601318359 20.15677261352539
v 18.36133728688396 40.51175176187012 1.819968624763224
v 18.2288863613339 69.24375550157309 1.78456397211632
v 18.22283227140069 71.31978493055135 13.73270334390319
v 18.50530433654785 34.16697311401367 16.64543342590332
v 18.50530433654785 75.591552734375 16.64543342590332
v 18.38634930986492 38.82923382057531 13.89622044781203
v 18.65045738220215 36.9247932434082 7.744709968566895
v 18.65241622924805 42.20380783081055 6.640754699707031
v 18.79863757355932 67.6905108172917 6.633380945712622
v 19.08677567007531 73.21132025713231 7.703183866356036
v 18.92770341342724 39.4891682736849 20.69496772027997
v 18.72023440277696 70.80052996091622 20.61704318275801
v 18.89049911499023 35.48210144042969 14.40036964416504
v 18.89049911499023 74.27642822265625 14.40036964416504
v 18.90092658996582 69.51328277587891 14.41079711914062
v 18.90190380216723 40.07640093100892 14.41177399669716
v 18.45509737967194 40.10004042023837 8.267869533463816
v 19.16918127451261 41.18204489336888 21.02334422216766
v 19.16386822831321 68.64447905601358 21.0104844707948
v 19.09769989329964 68.11712811167837 14.68503483020477
v 19.00463852827686 70.02238521002576 8.058522765985611
v 19.14713439189267 41.52016032664454 14.65700622817619
v 19.27569198608398 66.37449700236705 14.78556156158447
v 19.18330198202422 44.59165419131281 14.78556156158447
v 19.27569198608398 43.15586573987752 21.13556098937988
v 19.27569198608398 65.91833610937124 21.13556098937988
v 19.35484023477118 35.68235778808594 17.62625991494827
v 19.33607019338252 74.21595037141789 17.4761975513229
v 20.59975496614701 35.16075492682443 7.665177822113037
v 19.54806137084961 36.13966751098633 1.315177440643311
v 22.31090383911022 76.38170080566294 1.315177440643311
v 20.81741011647869 74.88820708303143 7.665177822113037
v 19.21113768628214 42.01195904280569 3.751081673100436
v 19.77023340878189 68.07438583428333 3.612027627968962
v 19.67165184020996 36.77555847167969 15.1815242767334
v 19.67165184020996 72.98296356201172 15.1815242767334
v 19.92493438720703 39.32617950439453 1.425739407539368
v 19.92493438720703 70.43235015869141 1.425739407539368
v 20.47581226077607 41.14457733003196 6.035993077191622
v 20.20989101812378 68.42530045516527 6.096915909290255
v 20.18762013914725 37.51413024646797 18.34371758316665
v 20.08667737272078 72.39258420536713 18.35347223982971
v 20.03086382976614 39.1591722654652 7.818927370306217
v 20.20325687618064 37.98641233675367 15.79495925539801
v 20.23356387821807 71.70359232246 15.83254419017464
v 20.40223779022414 70.87048024671036 7.748038795352931
v 20.69603729248047 39.22271347045898 18.8361644744873
v 20.69603729248047 70.53581237792969 18.8361644744873
v 20.78338326053629 39.93279143852271 16.29325363363271
v 20.75599675854072 69.7847217532443 16.26586713949634
v 21.02826642155163 41.21917624853629 19.08637153323224
v 21.02500152587891 68.59801483154297 19.16512870788574
v 21.04119300842285 41.45145797729492 16.55106163024902
v 21.04119300842285 68.30706787109375 16.55106163024902
v 21.09345923604946 44.06507379397149 16.60333160780808
v 21.13556098937988 43.72263402608375 19.27569007873535
v 21.13556098937988 66.61129760742188 16.64543342590332
v 21.13556098937988 65.43052724450938 19.27569007873535
v 20.94991132661201 40.84698013063971 3.362576530799428
v 21.27015789423002 69.14414018331031 3.292187882917295
v 22.14684736267246 37.23674853285091 7.665177822113037
v 21.40793609619141 37.99953842163086 1.315177440643311
v 21.81740846969098 72.16845989440219 1.315177440643311
v 22.12067840211666 72.47172989655489 7.665177822113037
v 22.21114001198683 39.77261599569219 5.84347100374595
v 21.45724296569824 69.31150054931641 5.899676322937012
v 22.60909323864313 39.41662135402086 3.183546829821863
v 22.72306442260742 70.44386291503906 3.175050020217896
v 22.72306442260742 70.44386291503906 5.805305480957031
v 24.30197075477005 9.705498422476047 19.27569007873535
v 24.64199687739828 100.3930517923718 16.64543342590332
v 24.91734355051851 100.6683984021851 19.27569007873535
v 26.56535530090332 7.575575351715088 16.55106163024902
v 26.22576108664655 101.879162575223 16.5763797064348
v 26.66799713152441 9.943142203861575 14.80436050148508
v 26.77930738679596 9.967226257029079 21.12688508559246
v 26.66051006317139 99.78080368041992 14.78520345687866
v 25.78392269956433 98.86526207722673 21.13556098937988
v 26.487750799513 7.644999250739816 19.18710576774369
v 26.78253746032715 102.3772354125977 19.16512870788574
v 27.9913724557536 100.9531618465072 14.6731246224204
v 27.93346977233887 6.604556083679199 16.27027702331543
v 27.86549456446907 103.1067415145834 16.35117560165267
v 28.16464493997372 8.602048327765766 20.96689173810933
v 28.09766578674316 101.0621032714844 21.02499961853027
v 28.57939258671153 6.139058227809293 18.73846038341614
v 28.38537979125977 103.5148468017578 18.8361644744873
v 27.9034228140422 12.45404865202226 14.78556156158447
v 27.32499800558456 12.9835150361526 21.13556098937988
v 28.19972363780299 97.51556641466334 14.84581780942983
v 27.77701349410251 97.17807153075127 21.13556098937988
v 28.63292121887207 8.415419578552246 14.49521350860596
v 29.19596576690674 11.23836278915405 14.7312159538269
v 29.37018394470215 5.81879186630249 15.80998516082764
v 29.46008438975811 103.9752792367728 15.7715490119117
v 29.37214088439941 98.66072082519531 14.70602989196777
v 29.70050811767578 7.558804035186768 20.69603729248047
v 29.58715490873703 102.1565337320895 20.68399891892333
v 30.33897945157403 7.582185676501523 13.87803528183082
v 29.5243302823693 10.87602914224657 21.05463033335731
v 29.75910985395555 98.94817906957145 20.98566936058626
v 29.82512474060059 96.59553146362305 16.64515686035156
v 29.83551120758057 96.60580062866211 19.27533149719238
v 30.06859588623047 5.323093414306641 18.29690170288086
v 30.06859588623047 104.435432434082 18.29690170288086
v 30.14142608642578 102.1189422607422 13.97713375091553
v 30.26664924621582 99.25777435302734 14.49569702148438
v 30.44722938537598 10.29543590545654 12.15530586242676
v 30.44829251815018 12.14575402743789 10.28588216311904
v 30.47406806178626 97.36208283319301 10.53656891613542
v 30.44722938537598 99.46308898925781 12.15530586242676
v 30.57080037110749 12.50794298506021 16.60878200815364
v 30.6286716025801 8.9493576223228 10.85796844995273
v 30.6923287988714 10.61556564256807 8.707708682232177
v 30.60358810424805 11.70025730133057 13.56012725830078
v 30.60358810424805 13.56012725830078 11.70025539398193
v 30.65321197376112 96.05223658915583 11.84641337676601
v 30.60358810424805 98.05826568603516 13.56012725830078
v 30.60358810424805 99.00804138183594 8.89061164855957
v 30.60358810424805 100.8679122924805 10.75048351287842
v 30.72367359717463 97.44958296462666 16.4785115182449
v 30.84012557982345 10.10032046736269 14.28295484243292
v 30.84012603759766 5.237624168395996 15.1815242767334
v 30.84012603759766 104.5209045410156 15.1815242767334
v 30.86009979248047 12.25235271453857 19.1874942779541
v 31.04884949841651 97.641410615873 19.14966020756362
v 30.99616245711935 7.734355974458747 9.594227943301904
v 31.1878688931656 9.177010285184002 7.317137869587111
v 31.06881141662598 13.07048606872559 14.93035697937012
v 31.06881141662598 14.93035984039307 13.07048511505127
v 31.09510610248832 94.83615932644038 13.16825692664092
v 31.03393247882395 96.79077075575185 14.82762748163411
v 31.11914614372867 100.4825724807961 7.452827641183704
v 31.12735797653535 102.2999935110183 9.365889567044324
v 31.10846900939941 9.779557228088379 20.76040458679199
v 31.10846900939941 99.97896575927734 20.76040458679199
v 31.20234298706055 99.71910858154297 14.16027545928955
v 31.35832656615879 11.96185005333214 16.4103566254346
v 31.3683967590332 102.5221557617188 13.39465713500977
v 31.38372230529785 6.638221263885498 20.15677261352539
v 31.38372230529785 103.1203079223633 20.15677261352539
v 31.58177757263184 97.94264984130859 16.35556793212891
v 31.79074096679688 4.642214775085449 17.56061363220215
v 31.97113745890491 105.1608579898887 17.46455370836615
v 31.70642313294179 6.431909158585245 8.291779905070106
v 31.83144378662109 8.07835578918457 6.218482971191406
v 31.79424082591143 14.35824318540605 16.11937948336023
v 31.83144378662109 16.23225975036621 14.3723840713501
v 31.79454307793069 93.64497011193177 14.36509886899212
v 31.89515681275428 95.31944030278505 16.30364458115726
v 31.83144378662109 101.68017578125 6.218482971191406
v 31.85497049235146 103.550233639762 8.10550308895626
v 31.98227310180664 7.110331058502197 13.04970264434814
v 32.01643943786621 9.795518875122074 13.83059549331666
v 32.22936590902078 11.44810852103182 16.07083980154092
v 32.28130792204462 11.32976961564908 18.83491452366537
v 32.21518081834355 98.39999372748812 18.84359632910693
v 32.39320038507681 8.713043763075241 13.29488940979202
v 32.30710220336914 4.875369548797607 14.40036964416504
v 32.36537991552814 13.59532209558313 9.105194226065811
v 32.27636942416865 96.2592668835607 9.061232689215306
v 32.30710220336914 100.7782211303711 13.47043323516846
v 32.30710220336914 104.8831558227539 14.40036964416504
v 32.44055938720703 7.781215190887451 12.27134418487549
v 32.42341106295017 12.42541965819757 7.935290432453473
v 32.44055938720703 14.66952610015869 10.17939567565918
v 32.44055938720703 95.08900451660156 10.17939567565918
v 32.44055938720703 97.4871826171875 7.781215667724609
v 32.44055938720703 101.9773101806641 12.27134418487549
v 32.51747131347656 98.40397644042969 16.0201473236084
v 32.51015516091083 9.012946176381934 20.31133341104892
v 32.51450709595729 100.7479635071667 20.30993914130746
v 32.57604217529297 102.7201385498047 12.68071460723877
v 32.75595664978027 11.09653902053833 15.58666491508484
v 33.2806396484375 8.043021202087402 12.53314876556396
v 32.83765029907227 6.611652851104736 11.10177898406982
v 32.82010859385706 11.15344519978652 6.663317096279187
v 32.82914898079341 15.81404928291122 11.32392165818303
v 32.82070208332791 93.91872640010558 11.38661754150111
v 32.83765029907227 98.65674591064453 6.611650943756104
v 32.83765029907227 103.1468734741211 11.10177898406982
v 32.77902106627973 5.151629274677775 7.069971874055171
v 32.87271499633789 6.876844882965088 5.016972064971924
v 32.87271499633789 15.57389640808105 17.43376731872559
v 32.75575992983406 17.26367078179947 15.4740885966258
v 32.87271499633789 92.32475280761719 15.57389640808105
v 32.87271499633789 94.18463134765625 17.43376731872559
v 32.91977910155774 102.9426523871741 5.000010959718066
v 32.87271499633789 104.7415618896484 6.876843452453613
v 33.07286071777344 7.018063068389893 12.34378337860107
v 33.10586929321289 5.957342624664307 19.42048645019531
v 33.1761015121207 103.8185287748501 19.38308810305908
v 33.33166373888753 10.74614450337173 18.50488586244624
v 33.57763627375112 99.04681737579737 18.35530863788642
v 33.66381585315436 10.99328522457027 15.49691027651619
v 33.77367885545666 98.79038679881499 15.54488161080828
v 33.48860168457031 5.500409603118896 9.990538597106934
v 33.48860168457031 9.99053955078125 5.500410079956055
v 33.48860168457031 12.46020221710205 16.9503288269043
v 33.59441464296113 17.07242746529772 12.58229788093346
v 33.48860168457031 92.80819702148438 12.46020126342773
v 33.48860168457031 97.29832458496094 16.9503288269043
v 33.48860168457031 99.76798248291016 5.500410079956055
v 33.48860168457031 104.2581176757812 9.990538597106934
v 33.5094108581543 4.217807292938232 16.64543342590332
v 33.62870177533459 105.5383202870069 16.49350209506362
v 33.71274075900497 4.798288876040434 13.46093662208454
v 33.7349853515625 105.017578125 13.48575496673584
v 34.06254953851396 8.414846086620338 19.63654763063769
v 34.0151252746582 101.3458938598633 19.67165184020996
v 34.23575955668968 6.984256594731829 11.47438364143384
v 34.16697311401367 3.945436239242554 5.805305480957031
v 34.16697311401367 5.805305957794189 3.945434093475342
v 34.43895251234196 16.80969076365843 18.66956010928294
v 33.97940951227164 18.35001770402172 16.49014651696464
v 34.20419032803127 91.23074306757212 16.66790986913602
v 34.0102786135428 93.28463467794528 18.36675095797589
v 34.26462422930767 104.0162385696459 3.890507756679742
v 34.19916851933824 105.8255720802013 5.83756900315676
v 34.37738037109375 4.474855899810791 8.964984893798828
v 34.37738037109375 8.964985847473145 4.474856376647949
v 34.21992736106601 13.29155448482869 17.78168187832302
v 34.37738037109375 17.97588539123535 13.48575496673584
v 34.23379789243499 91.9083489606662 13.44810495989971
v 34.37738037109375 96.27276611328125 17.97588348388672
v 34.37738037109375 100.7935409545898 4.474856376647949
v 34.48599143525276 105.3103506536879 8.938302542408669
v 34.41602878889883 10.39429140101845 17.98692376432992
v 34.86848582168995 99.39612506777455 17.66450010082583
v 34.82453536987305 5.53293514251709 18.50530433654785
v 32.86220352340983 20.19526679824544 5.805305480957031
v 34.86987495422363 91.57143783569336 3.175408124923706
v 34.13079874895778 90.75869913232566 5.857032652779895
v 34.82453536987305 104.2255935668945 18.50530433654785
v 34.95388607871269 13.33549890923497 8.845371087899291
v 34.96539688110352 96.76624498457473 8.502153304042285
v 35.05960845947266 12.4723424911499 7.982213020324707
v 35.03430884410879 14.26197239167581 9.7718425592664
v 35.08861923217773 4.837661743164062 12.46020126342773
v 35.01520935945047 104.9261126791938 12.5158187888997
v 35.18228149414062 4.060320377349854 15.57389640808105
v 35.18228149414062 105.6982040405273 15.57389640808105
v 35.12646826400406 94.9265723048189 10.34182373048884
v 35.22289646918065 97.68811628242699 7.64774908931235
v 35.31400090542117 10.69500772233202 15.20802060201533
v 35.41425907065032 11.52654481052453 7.036414408251542
v 35.42272186279297 15.4368953704834 10.94676685333252
v 35.43132221097786 3.602282086681484 8.092411080669521
v 35.48210144042969 8.050371170043945 3.56024169921875
v 35.39747749732686 8.11795561559099 18.90254768998674
v 35.25860275268975 14.21533277619629 18.70546110040711
v 35.36786249492551 18.81973924462808 14.41865398034026
v 35.44236444439601 90.97911822706583 14.28927836276484
v 35.43210548039433 95.40291832488941 18.8457349076587
v 35.48210144042969 101.7081604003906 3.56024169921875
v 35.48210144042969 101.7081604003906 18.89049911499023
v 35.46314121235332 106.1974833296573 7.982662886970258
v 35.16010354525356 17.85461698703309 5.835535341397286
v 35.60966110229492 92.42320251464844 5.884838104248047
v 35.58567983953471 98.53111701614606 6.737277865571222
v 35.68235778808594 3.030255317687988 4.890125751495361
v 35.68235778808594 4.890125274658203 3.030253648757935
v 35.97811058017583 17.6800839998378 19.54796289570059
v 35.77019792858155 19.40996603609026 17.64725900246728
v 35.52024950894657 90.43593739633471 17.46271222744079
v 35.68235778808594 92.19790649414062 19.42048645019531
v 35.68235778808594 104.8684005737305 3.030253648757935
v 35.68235778808594 106.728271484375 4.890125751495361
v 35.70308685302734 10.21731281280518 17.20198059082031
v 35.74236297607422 17.19817543029785 3.25773286819458
v 36.45263087705517 99.60301348771115 16.7156744710991
v 35.84624290466309 6.378037929534912 10.83527231216431
v 35.88343448364726 92.75173716667506 3.293309364488956
v 36.01587677001953 10.59417057037354 6.104041576385498
v 36.34149444520366 16.67696344793144 12.18892312004875
v 36.06129481869958 16.67037830493993 5.999343942458286
v 34.91542148521847 20.77230739661747 1.315177440643311
v 35.39594635385293 20.29178252798301 7.665177822113037
v 35.37327653142317 89.44407349797591 1.315177440643311
v 35.29846491001269 89.39079265812853 7.649953260255326
v 36.26928031382828 12.10835001537528 16.51751080628247
v 36.20671844482422 93.31770324707031 6.095170497894287
v 36.16074477345477 93.36842946323173 11.96931135561126
v 35.94723850542211 98.03026009623623 16.21839623996431
v 36.29802974873907 99.52127859691261 5.74712464680017
v 37.03709030151367 6.488613605499268 9.91502857208252
v 36.24194445402605 10.98678066949181 13.94187184455874
v 36.33467864990234 5.163136959075928 11.34896087646484
v 36.33467864990234 104.5953903198242 11.34896087646484
v 36.49740600585938 5.375448703765869 17.43376731872559
v 36.49740600585938 104.3830795288086 17.43376731872559
v 36.51712036132812 16.07595825195312 3.503425598144531
v 36.61720085144043 15.61994647979736 6.3853600025177
v 36.61154937744141 93.84259796142578 3.549813747406006
v 36.66805648803711 94.25338745117188 6.430592060089111
v 36.76913642883301 11.41815042495728 9.36402416229248
v 36.76816558837891 4.173628807067871 14.3723840713501
v 36.76816558837891 105.5848999023438 14.3723840713501
v 36.59700915374839 2.873163007936519 7.274831165163367
v 36.71765217268744 7.304185938077143 2.814058289211196
v 36.77555847167969 15.18152618408203 19.67165184020996
v 36.61629951817229 19.5277386422289 15.03761077589781
v 36.77555847167969 90.08687591552734 15.1815242767334
v 36.77555847167969 94.57699584960938 19.67165184020996
v 36.8389566858137 102.4515488732364 2.816849382049643
v 36.7349440846474 106.9605171500816 7.252084609790576
v 36.80079460144015 12.18441677093526 10.32454538345317
v 36.81796941989931 11.26542946179433 10.70936288438966
v 36.77767651793877 97.25630170922999 10.58383186829403
v 36.71783961207986 9.875992246047652 5.385864083111392
v 36.90182953350294 11.45828306108325 9.98973483873093
v 36.86809921264648 18.72355651855469 7.733109951019287
v 36.86962890625 10.22303104400635 16.37306213378906
v 36.95567232335976 11.32991313791569 13.11317338793623
v 36.90261650085449 12.95617198944092 11.09629917144775
v 36.92024803161621 11.44229412078857 12.75602960586548
v 36.90998458862305 7.915947437286377 17.97588348388672
v 36.96163509782557 101.8388919665713 17.93675157995733
v 37.26789888876559 4.951669818599688 9.441798524253354
v 36.9247932434082 91.10807037353516 7.744709968566895
v 36.97596283640257 14.51926034848563 6.909982514115876
v 36.97302773375353 97.80456087383338 8.775436941960072
v 36.98317337036133 12.03971910476685 8.658184051513672
v 36.9650757459071 95.13332903016335 6.768343512377289
v 36.98602836944008 96.55655623031328 11.4066204314811
v 37.01717574161174 10.66846480560086 8.519575042869842
v 36.96453623887292 92.37880159136417 12.88958965474919
v 37.10702896118164 96.84642791748047 17.40222549438477
v 37.10702896118164 100.2198867797852 5.048512935638428
v 37.05175865475557 104.5414174482339 9.616955485135174
v 37.14157685751034 13.57564389368182 7.377517519846435
v 37.13868613466892 12.77421739395443 8.107190575461178
v 37.09930766460235 97.16297101335314 8.200611928858372
v 37.12672805786133 14.8982515335083 3.905130624771118
v 37.13306045532227 96.136474609375 7.433318614959717
v 37.13013624871592 13.52498841236253 11.74295292887906
v 37.30746393774093 95.37798233451966 4.215061940258533
v 37.24157905578613 11.93268394470215 13.79255533218384
v 37.07802648609974 18.49910639618318 1.393380344203084
v 37.04828866998554 91.11621945351908 1.38657516308652
v 37.31878842171514 95.71802951195264 12.11670360209576
v 37.27972181369282 97.71290481988505 13.79680806305847
v 37.24219235867064 2.354354230503642 4.214225977497624
v 37.38155364990234 4.153840065002441 2.293966770172119
v 37.38155364990234 18.29690170288086 20.15677261352539
v 37.30348941630243 20.06432960759977 18.3216936559387
v 37.43643007454456 89.59882412902665 18.32611832448076
v 37.33158988765249 91.48328145982052 20.13512259210105
v 37.51960189186173 105.591163683285 2.255584868504961
v 37.38155364990234 107.4645614624023 4.153838634490967
v 37.44247436523438 5.709357738494873 10.17939567565918
v 37.44247436523438 104.0491714477539 10.17939567565918
v 37.47282791137729 11.90606307983392 12.12619876861593
v 37.45479202270508 97.87559509277344 12.15530586242676
v 37.5076849441835 17.92192397925755 7.924411529409016
v 37.48023223876953 9.79912281036377 7.260795593261719
v 37.51220867401452 91.94683259366165 7.945420095081603
v 37.69206143844278 13.27600707616205 4.652480560481535
v 37.79000456243453 97.06393635479895 4.99434954550619
v 37.49461427634235 14.17014274072338 12.3102702589827
v 37.72134590148926 12.6197395324707 14.47960996627808
v 37.78211839022551 98.54356198879171 6.103358611483001
v 87.05475860819892 79.40482085957451 5.805305480957031
v 37.81534194946289 9.056083679199219 4.565954208374023
v 37.76014200429942 17.85571744205801 13.3655880066249
v 37.81634159514186 11.13433268245934 6.078993943751207
v 37.83122253417969 97.00722503662109 14.61117362976074
v 37.80943779152768 97.40800992298993 11.43269229162855
v 37.89402504553743 12.45956451636361 11.31008824754817
v 37.95344543457031 16.88936138153076 8.262626171112061
v 37.90835063178348 99.32025334922069 15.48638064862225
v 37.98318099975586 92.93826293945312 8.290464401245117
v 37.99953842163086 21.40793609619141 1.315177440643311
v 37.16768431611503 22.23979020170724 7.665177822113037
v 37.99953842163086 88.35059356689453 1.315177440643311
v 36.6110293505217 86.96215972804602 7.665177822113037
v 37.36922994131078 13.13696333379708 17.62709038678139
v 37.99573710052739 5.482501379164892 16.29859133580275
v 38.08329391479492 104.269775390625 16.23225593566895
v 38.26264884529854 91.72956188773729 13.62615866029819
v 38.10462188720703 96.19705200195312 18.05159568786621
v 38.16296993785404 100.8962103354921 4.372187875889595
v 38.01747476660478 105.2491165506456 8.95406023560726
v 38.06231198554244 2.222044995797604 6.712170863666453
v 38.2881357138766 6.622529341596159 2.132401464178736
v 38.15127542027935 15.83710098673447 20.27240914507459
v 38.07337282122725 20.24180489555657 15.84375124448982
v 38.35716550354437 89.47367200542352 15.79472561708701
v 38.28247653019434 93.98986324902661 20.25878829497573
v 38.26095052622943 103.1280379873035 2.140363820727362
v 38.22591018676758 107.6079025268555 6.640754699707031
v 38.22801208496094 4.554945945739746 13.07048511505127
v 38.22801208496094 105.2035827636719 13.07048511505127
v 38.2430419921875 16.91413307189941 1.690335512161255
v 38.2430419921875 92.84439849853516 1.690335512161255
v 38.17275004043067 14.93381487105375 13.07394055383429
v 38.26362228393555 8.012663841247559 16.9503288269043
v 38.26362228393555 101.7458572387695 16.9503288269043
v 38.26483154296875 96.53464508056641 10.63432884216309
v 38.27487754821777 13.26380109786987 10.59899806976318
v 38.26906527363526 15.79758054002868 8.726777466847992
v 38.26383095929175 93.95750117719871 8.708859799454103
v 38.35261319832258 13.25613467692625 15.18557104367443
v 38.38139724731446 6.436366558074954 9.025896549224852
v 38.41456304400126 95.71801676395393 9.884090286542712
v 38.44179153442318 14.99386692047056 9.25763177871613
v 38.48362802578622 14.0196660878769 9.97376894254062
v 38.44818878173828 94.82135009765625 9.293190002441406
v 38.4297245732893 94.53875934074212 13.31043415537345
v 38.47537994384766 96.42201232910156 15.19638633728027
v 38.36911223110356 9.156344949671464 7.086775449039854
v 38.8154182434082 4.048906326293945 8.539032936096191
v 38.7480641260661 10.79800363136408 14.63824405244629
v 39.067782579773 20.15767656188995 7.793881068342193
v 38.89749042278554 89.4855847513994 7.760751084766595
v 38.93512703431094 15.48620648305976 13.66693348086266
v 38.96206045172983 15.59945928479921 2.111526744256143
v 38.96056729516091 94.15633170551753 2.110652073450928
v 39.13696098327637 13.77302408218384 15.63289499282837
v 39.15549850463867 6.803400993347168 8.663273811340332
v 39.05901572750589 14.00688166541133 18.497007660926
v 39.0368349885232 1.809310102120586 3.673300231031371
v 39.22271347045898 3.614574670791626 1.754703044891357
v 39.06700599534582 18.79056059539616 20.65043150604069
v 39.07775647509246 20.65358040730824 18.79370758931508
v 39.22271347045898 89.06249237060547 18.8361644744873
v 39.22271347045898 90.92235565185547 20.69603729248047
v 39.21589331987607 106.0669311128414 1.759553313512007
v 39.10047069663955 107.9674788967853 3.664567658884281
v 39.43126473745199 91.12312788167893 14.14527238179675
v 39.1532679125197 95.71261208069843 18.53604441916982
v 39.26160720576115 101.4004362819107 3.867960681529057
v 39.16972574768194 105.8514326870261 8.397219830007423
v 39.24697494506836 95.91975402832031 15.69864749908447
v 38.59014865053943 23.44758252011487 3.175050020217896
v 39.2815140539677 87.05527848249115 3.137594798156436
v 37.49379674318084 85.21459183956482 5.805305480957031
v 39.32617950439453 19.92493438720703 1.425739407539368
v 39.22860428948846 89.7245125787057 1.417607511263514
v 39.58268229000375 8.110735842085782 7.040043630892567
v 39.60000274101586 8.322667234048851 15.72263678361911
v 39.48022579862951 101.4138919596658 15.8553240650359
v 39.7807410014574 5.404764653985568 11.36427485740184
v 39.61447408582811 104.4436803937622 11.49353869236163
v 39.72223091125488 8.38778018951416 6.527906894683838
v 39.35483682661269 5.820889568608241 15.09828416574683
v 39.54313659667969 103.8884506225586 14.93035697937012
v 39.60997772216797 14.00747489929199 2.779087066650391
v 39.65676751158502 95.76852472819856 2.800049458319262
v 39.6630317142338 11.46130851454913 13.52223540875967
v 39.71022230214231 98.33731792888324 13.51722317811163
v 39.85544935041494 19.06748607783225 8.007795305198169
v 39.84050910738508 90.86012214298337 8.101058436818064
v 39.60379260329525 1.747054745377286 6.237182730320404
v 39.79744338989258 6.180465221405029 1.690335512161255
v 39.9318593969987 16.27498910217495 20.76511665665623
v 39.79744338989258 20.76040649414062 16.27027702331543
v 39.92374473206687 88.97614967119243 16.33439852127484
v 39.79744338989258 93.48824310302734 20.76040458679199
v 39.79744338989258 103.5780639648438 1.690335512161255
v 39.79744338989258 108.0681915283203 6.180463790893555
v 39.81802102780861 16.04204762052758 14.11851014169076
v 39.92774963378906 3.640037059783936 8.13016414642334
v 40.08545480277456 12.315851862352 3.732923950373573
v 39.99379577891288 97.44710953699209 3.70697872781411
v 40.03196144104004 14.20550775527954 16.06537914276123
v 40.00030080653398 9.722086139512646 5.533311194162608
v 39.9350319819221 99.97524274047962 5.536188580604961
v 40.10665512084961 11.11261558532715 4.474856376647949
v 40.10665512084961 98.64591217041016 4.474856376647949
v 40.06396356163008 93.62907755275806 14.22084191773799
v 40.12176949391877 95.51137904417553 16.19200777671823
v 40.11645952969122 101.6059292114578 6.408102776310769
v 40.04172714847248 103.3066830748567 8.177905674755108
v 39.72891754718469 8.160895023824569 3.670764517846825
v 40.24524688720703 18.90092658996582 14.41079711914062
v 40.33419885710288 97.34482710067317 12.33046029417016
v 40.23863855886909 12.30507460615906 12.42479477229294
v 40.38364732972611 17.86224186703578 8.486538819524315
v 40.57226966820593 92.40472749171398 8.71268620637057
v 40.53216552734375 6.210876703262329 8.070747375488281
v 40.7624879681506 8.002641586441898 6.142767202143384
v 40.36567301688463 14.43539044330885 18.86313370958768
v 39.97551011184785 21.98433223587944 5.857958157942493
v 40.44702529907227 88.30128479003906 5.899676322937012
v 40.51465469829658 18.22910517750415 1.784493868527269
v 40.36709932500027 91.42222465785954 1.742282952315796
v 40.82779029116919 90.73537076942785 14.5330274182684
v 40.63082024765689 95.26185986024055 18.90879120209092
v 40.76197331201217 101.8283682864629 3.487340177728489
v 40.48148727416992 106.268928527832 7.979722499847412
v 40.67237921976795 8.96249345826234 14.57544823215719
v 40.61747360229492 100.8741683959961 14.66952419281006
v 40.62979125976562 6.077676773071289 10.29543399810791
v 40.62979125976562 103.6808471679688 10.29543399810791
v 40.64130783081055 21.24006271362305 3.285611152648926
v 40.69419383148432 88.59297667583968 3.300904115018916
v 40.86555391276866 95.96508584396565 11.02285581577058
v 40.69080308970536 13.24649494256551 11.46893540115155
v 40.80906932887095 16.59584818860117 9.081196376711166
v 40.81389891822018 6.480342939260054 13.48740064612399
v 40.84099960327148 103.2485198974609 13.56012725830078
v 40.90358204063661 16.39249344356296 14.49651433533715
v 40.97476050229106 14.36736069741911 10.53981499077847
v 41.05718052451316 15.37556721311424 9.768625038669674
v 40.89318135041756 94.39875594636075 9.802161363957536
v 40.92819154002719 14.49772169795968 16.40656456151477
v 41.08538818359375 93.35637664794922 14.54227447509766
v 41.08538818359375 95.21625518798828 16.40214538574219
v 41.08538818359375 101.8500595092773 6.048593044281006
v 41.08538818359375 103.7099380493164 7.908465385437012
v 41.26022408815779 3.337690098527506 7.827816105120408
v 40.91831294186605 1.466855000278897 3.326726506999361
v 41.16050720214844 3.285612821578979 1.425739407539368
v 40.99437716585068 19.12201196979183 20.99661126804505
v 40.80888217592929 20.96530886855307 19.10543605055991
v 41.16050720214844 88.7335205078125 19.16512870788574
v 41.23291968804924 90.67543258695405 21.02902938594673
v 41.48016263409519 106.4906975140923 1.407950431334605
v 41.16050720214844 108.3327865600586 3.285611152648926
v 41.51862948240217 5.958642043382432 7.818512702496641
v 41.45654534249255 16.45634597003217 2.372004930070729
v 41.41123001590338 93.18756310408902 2.323001609786458
v 41.26341699487412 20.30884668288467 6.04800848720987
v 41.40910354569343 89.65552078742358 6.117706141634189
v 41.94895664619266 1.381863558136946 5.775535774331581
v 41.46864586410675 5.936919311880435 1.446788932220576
v 41.45145797729492 16.55106544494629 21.04119300842285
v 41.45145797729492 21.04119300842285 16.55106163024902
v 41.45145797729492 88.71733093261719 16.55106163024902
v 41.45145797729492 93.20746612548828 21.04119300842285
v 41.99801983841973 103.8892590422538 1.379131719640987
v 41.89913032149042 108.3738962991804 5.830821171912786
v 41.52112297107595 7.198908507298384 8.872337622410036
v 41.53819942239917 102.5540663299694 8.959830695766174
v 41.63787519911404 9.690495629420687 13.3344673226456
v 41.55104796548316 100.127602198229 13.48148243421378
v 41.60885238647461 7.76800537109375 3.277876377105713
v 41.22314015334761 19.09594251706481 14.60581373015567
v 41.76654052734375 14.70287895202637 19.19300651550293
v 41.78820025044159 19.6185084886826 3.643461928183954
v 41.77892684936523 90.12130737304688 3.614574670791626
v 42.58371316148131 90.5787572633531 14.7525442082463
v 42.62378849510134 95.00363646095356 19.23811207851693
v 42.87843000239688 102.0775957126934 3.239877839777235
v 41.79592895507812 106.5042953491211 7.744353771209717
v 41.94491958618164 7.392805099487305 12.15530586242676
v 41.94491958618164 102.3657150268555 12.15530586242676
v 42.4794471068897 7.706851891489748 5.801612857680226
v 42.00588798522949 16.56941890716553 14.70954608917236
v 42.68534252524177 14.757901545934 16.61777341025284
v 42.06525421142578 14.91672897338867 3.030253648757935
v 42.10898592738923 95.09500637918069 3.159928764885141
v 42.18345844273983 93.1039335905577 14.72909196658386
v 42.87497793708744 94.98891938003682 16.65056804161224
v 42.47095964697249 102.0537251378641 5.844929996104746
v 42.29170593269977 103.9848432871345 7.715304935818718
v 42.029127796554 8.229200920374051 7.784596572670539
v 42.06117994425359 101.4643220622285 7.715966443513111
v 42.11788845296414 18.81140988962766 6.565092020868211
v 42.23305571035503 91.16427689026293 6.586328507382687
v 42.30646764949269 10.60412515144518 12.25916561830593
v 42.3132438659668 99.17840576171875 12.27134418487549
v 42.74858093261719 3.188770294189453 7.678897619247437
v 42.79585156026501 5.817398747856386 7.677270883874479
v 42.50803710051879 13.03649411997799 4.05486745936725
v 42.52224072750127 96.9065161175895 4.16709394804385
v 42.53491334939244 9.954276043524658 6.20714359063593
v 42.56043807975013 99.78209217225189 6.246357359664845
v 42.64715194702148 11.52519130706787 5.016972064971924
v 42.63843016963567 98.35540881159707 5.109457282330834
v 42.69950866699219 17.95400238037109 4.153838634490967
v 42.76301889622943 91.9651568950935 4.222517289377151
v 42.67428685740233 17.42158694791628 7.178402254710711
v 42.77421120117153 92.54883713246964 7.257576891233469
v 42.85985776219256 8.582128752404966 10.61175378057139
v 42.82771682739258 101.2617950439453 10.75048351287842
v 42.85946655273438 11.68791961669922 11.10177898406982
v 42.74676508277096 98.1102864572774 11.20952628779338
v 44.0050187800119 7.66517972946167 3.262962484989842
v 43.41165400441955 19.27569198608398 14.78556156158447
v 44.96828090028234 7.66517972946167 5.805305480957031
v 44.71272802234302 16.64543533325195 14.78556156158447
v 43.8927576267445 1.31518018245697 3.175050020217896
v 43.1472282409668 3.175050020217896 1.315177440643311
v 43.1472282409668 5.805305957794189 1.315177440643311
v 43.05432058023602 15.89451508367951 7.989482092815293
v 43.1472282409668 19.27569198608398 21.13556098937988
v 43.1472282409668 21.13556098937988 19.27569007873535
v 43.1472282409668 88.62296295166016 16.64543342590332
v 43.56093379453018 88.62296295166016 19.27569007873535
v 43.43571604440285 90.48283386230469 21.13556098937988
v 43.16360068734016 94.21694346930441 8.161768991039358
v 44.22113333250481 102.1140032619593 5.825963116715239
v 45.25119166853032 103.973931850039 1.315177440643311
v 44.91305688199763 106.5834732055664 1.315177440643311
v 44.05756338335802 108.4433517456055 3.175050020217896
v 43.18520423987133 12.93772415927063 9.987699736921192
v 43.17223953000596 96.87315730986761 10.03388948402176
v 43.28661283405971 14.3540184167604 8.860339474891946
v 43.28165054321289 95.47090911865234 8.964984893798828
v 43.36870392373103 16.26140568672922 4.877492613401305
v 43.38038635253906 93.52667236328125 4.890125751495361
v 43.46765518188477 9.794589042663574 9.380253791809082
v 43.5008963886243 99.83667290016896 9.266760090073351
v 43.78341267522786 14.55453184196411 5.872673865169195
v 43.80479431152344 95.24533081054688 5.805305480957031
v 43.85251516248493 11.30407553525608 8.040748471067253
v 43.82229314218716 98.59183584508918 8.168223010547932
v 43.94549459985684 13.01862299528907 6.762633357787289
v 43.9622802734375 96.918212890625 6.876843452453613
v 65.79624176025391 12.84031963348389 6.876843452453613
v 65.81289932636912 96.80617279757755 6.838917660852593
v 65.99584192932777 10.98542770988125 8.268249559135219
v 65.94512153295491 98.50636948808918 7.997272221700173
v 66.0213427520158 14.60284752191319 5.686579484469478
v 65.98253738033469 95.12869364842318 5.743196592104003
v 66.29087066650391 9.794589042663574 9.380253791809082
v 66.29087066650391 99.96393585205078 9.380253791809082
v 66.47628914713725 16.38409463595124 4.774930288536685
v 66.39837425368013 93.4948137752621 4.972130430368004
v 66.47687530517578 14.28761291503906 8.964984893798828
v 66.45856599718577 95.5817058815521 8.942402992782698
v 66.56509835150949 12.8113583032383 9.97458139587909
v 66.56735772354732 96.84031793125884 9.97258295823142
v 65.47570370249255 1.31518018245697 3.175050020217895
v 66.61129760742188 3.175050020217896 1.315177440643311
v 66.61129760742188 5.805305957794189 1.315177440643311
v 67.46705747014765 7.715319153407544 3.225190652058877
v 65.70406046816511 7.630122534942458 5.840362648512198
v 66.96598928013157 14.79766268876812 19.28779050144587
v 66.61129760742188 15.71549892425537 8.050370216369629
v 65.36689350669727 16.64543533325195 21.13556098937988
v 66.27712555370549 19.27569198608398 21.13556098937988
v 65.51610703849497 21.13556098937988 16.64543342590332
v 66.61129760742188 21.13556098937988 19.27569007873535
v 66.19668526225109 88.62296295166016 19.26632618951512
v 66.11526650403292 90.48283386230469 21.13556098937988
v 66.66292193580283 94.16063150921197 8.170031428120895
v 65.92365966157088 102.1171568210331 3.151238819907987
v 65.08001114589186 102.0933456420898 5.80530548095703
v 65.14335022786862 103.9490522482207 1.319341748893779
v 66.58807292798024 103.9532165527344 7.665177822113037
v 66.13255837712339 106.5534671223106 1.315177440643311
v 66.64394776291461 106.6459259039256 7.602725393047146
v 66.61129760742188 108.4433517456055 3.175050020217896
v 66.61129760742188 108.4433517456055 5.805305480957031
v 66.9904874356626 11.50250071841992 11.29753697570724
v 66.98114108262006 98.23707376752758 11.27752454143967
v 66.94985742970822 8.501417962207761 10.64145179473111
v 66.93388000343657 101.166329943203 10.77069508676529
v 66.99389726727809 17.21143142194954 7.263125839658152
v 66.94487597998391 92.66009360279139 7.250595404907515
v 67.05902099609375 17.95400238037109 4.153838634490967
v 67.01369305103889 91.91916692460109 4.2028547922077
v 67.11137390136719 11.52519130706787 5.016972064971924
v 67.06806815121267 98.1620599107416 5.065243566064646
v 67.22467803955078 9.939309120178223 6.218482971191406
v 67.22467803955078 99.8192138671875 6.218482971191406
v 67.26885986328125 13.19806289672852 3.945434093475342
v 67.26885986328125 96.56046295166016 3.945434093475342
v 67.35398501808984 102.1115430562351 5.916598796530458
v 67.44528198242188 10.58012580871582 12.27134418487549
v 67.44528198242188 99.17840576171875 12.27134418487549
v 67.55471801757812 18.65241622924805 6.640754699707031
v 67.55471801757812 91.10610961914062 6.640754699707031
v 67.60600280761719 8.479460716247559 7.520382404327393
v 67.55364914247136 101.1697407358758 7.497161015397445
v 67.65647125244141 5.866546154022217 7.726417064666748
v 67.65647125244141 7.726419925689697 5.8665452003479
v 67.01298941107441 14.7620251042732 16.62189806816959
v 67.29494572430499 16.58291208022125 14.7679716102856
v 67.30550275805037 94.97152164931191 16.5610926626132
v 67.65120583731375 14.74639638389917 3.120954836798952
v 67.69326782226562 94.841796875 3.030253648757935
v 67.3845634996544 93.17300196720626 14.7468531640551
v 67.85504992701281 7.35632773618777 12.16331092512898
v 67.81360626220703 102.3657150268555 12.15530586242676
v 67.663314534775 3.236691219424146 7.726817907637032
v 67.37401325395948 19.23100164981231 14.74087284015921
v 68.05715069127943 19.66566293962618 3.554409191444539
v 67.97960662841797 90.12130737304688 3.614574670791626
v 66.64068879399508 94.91753008171614 19.33112897099042
v 67.98887289251476 90.57401207734701 14.69438427465208
v 68.18548713119891 101.9819231032822 3.369526642654462
v 68.29083633422852 103.7876815795898 7.830711603164673
v 68.19879913330078 9.637869834899902 13.47043323516846
v 68.22970677725293 100.2101451965177 13.48883761802617
v 68.24593353271484 7.181599617004395 8.89061164855957
v 68.24593353271484 102.5769271850586 8.89061164855957
v 67.57079412874243 1.368575846256583 5.858702156517208
v 68.30706787109375 5.899678707122803 1.409548282623291
v 68.30706787109375 16.55106544494629 21.04119300842285
v 68.30706787109375 21.04119300842285 16.55106163024902
v 68.30706787109375 88.71733093261719 16.55106163024902
v 67.35224408061522 93.15433110171324 21.09432803219788
v 67.69369536327093 103.8747058321155 1.393685224734144
v 68.30706787109375 108.3489837646484 5.899676322937012
v 68.34047698974609 20.08913040161133 6.180463790893555
v 68.35225099147674 89.65109273898666 6.09644564871151
v 68.37415313720703 16.63887405395508 2.293966770172119
v 68.3503573697777 93.17983779480319 2.319698726699337
v 68.9067277853585 101.7862100257931 6.112443069832315
v 68.61827100884948 1.429178147566101 3.28904987273777
v 68.7016017665087 3.303197811168907 1.443324492716099
v 68.43385627910959 19.17426433498 21.03413508802405
v 68.59801483154297 21.02500152587891 19.16512870788574
v 68.90592161798149 88.78579256754864 19.112857860424
v 68.52895007283725 90.58955544204379 21.02884309172676
v 68.59801483154297 106.4729080200195 1.425739407539368
v 68.59801483154297 108.3327865600586 3.285611152648926
v 68.64337921142578 106.4028396606445 7.845815181732178
v 68.67314147949219 6.048593521118164 7.908465385437012
v 68.56416322050947 7.820347012809741 6.097685412556515
v 68.67314147949219 14.54227447509766 16.40214538574219
v 68.61249667549698 16.44722114549039 14.55360681785238
v 68.9952714328272 95.31549490399392 16.30290042177375
v 68.80369355130526 93.44114961119584 14.55483150377016
v 68.77431488037109 15.44655895233154 9.770024299621582
v 68.78911508353838 95.31683792640824 10.48511021196536
v 68.82314723969722 14.12484794548454 10.73914527419969
v 68.91752624511719 6.510008335113525 13.56012725830078
v 69.02263077539168 103.3003434070448 13.67109257110248
v 69.0672432190072 16.94311683049474 8.918927569684286
v 68.81937848697319 94.02421818254724 9.598421278592101
v 69.00991758291576 96.5939896168581 11.55025236222798
v 68.92637201557181 13.23470795581289 11.44155679815948
v 69.22636413574219 103.5476493835449 8.070747375488281
v 69.46192071440248 21.59965108508407 3.240708511529121
v 69.11721801757812 88.51846313476562 3.285611152648926
v 69.12873840332031 6.077676773071289 10.29543399810791
v 69.16759955535986 103.6229421711267 10.19237221547672
v 69.14105224609375 8.884355545043945 14.66952419281006
v 69.14105224609375 100.8741683959961 14.66952419281006
v 69.76475767254804 3.640869927491655 8.130996741806749
v 69.27703857421875 7.979724407196045 3.489594459533691
v 69.27703857421875 14.4710168838501 18.96114540100098
v 69.37619622585014 18.93039171257173 14.44026144038344
v 69.27722936100545 18.29009117246814 1.764955380471103
v 69.29473114013672 91.43643188476562 1.754703044891357
v 69.31150054931641 21.45724296569824 5.899676322937012
v 69.60751418755798 87.9703827830777 5.875006608432161
v 68.68734310360279 95.18407302100624 18.992245150419
v 69.21888817706801 92.48802966820227 8.752843962151847
v 69.52466778555726 97.4672858518344 12.44415727196206
v 69.43935394287109 12.28994464874268 12.47234058380127
v 69.6556044101378 90.84472655210438 14.42366843617828
v 69.51328277587891 101.7185821533203 3.549813747406006
v 69.77679283439086 6.317586123026028 8.264258143446298
v 69.65682755965265 8.210521063150777 6.281535334475683
v 69.62402457558392 14.24734473377104 16.10721564441557
v 69.60358316871465 16.11355589327263 14.25368307527946
v 69.65187072753906 11.11261558532715 4.474856376647949
v 69.90808752884166 95.6307052580899 16.07280938982354
v 69.74739629069623 9.775665551651873 5.487767755305003
v 69.74858856201172 99.99954986572266 5.500410079956055
v 69.80141448974609 93.72401809692383 14.17463731765747
v 69.78406551055443 12.5168390804931 3.575397828437144
v 69.72119747699789 97.90949596507976 4.003154422924398
v 70.45825037159359 105.8878375477174 8.360812171735585
v 70.03629684448242 101.3707427978516 6.527906894683838
v 69.96107482910156 1.690335512161255 6.180463790893555
v 69.98300971717761 6.14553101489381 1.695187416435536
v 69.96260263071603 16.26982954417774 20.7599571048729
v 69.96107482910156 20.76040649414062 16.27027702331543
v 69.90173918577605 88.98782894051298 16.29808872553173
v 69.66681378702013 93.40551687639699 20.81076759523087
v 69.96107482910156 103.5780639648438 1.690335512161255
v 69.83539464758206 108.0895276049675 6.159128076572449
v 69.67535815230171 18.57574798577067 8.194486226134591
v 69.76687971659032 91.08787229761839 8.192092958691385
v 70.45881211029707 11.1849224122466 13.97457855582442
v 70.05866241455078 98.26078033447266 13.47043323516846
v 70.29955891173117 101.7137924711529 7.10215864923963
v 70.14855194091797 14.00747489929199 2.779087066650391
v 70.11920160951851 96.02149917657192 2.949572870542461
v 70.21538543701172 5.870074272155762 14.93035697937012
v 70.21538543701172 103.8884506225586 14.93035697937012
v 70.26142406684868 5.206434972833613 11.67073750651272
v 70.23265075683594 104.5636444091797 11.70025539398193
v 70.24884796142578 8.338138580322266 15.83908843994141
v 70.20223516994768 101.3188702082023 15.73434487294273
v 70.44900329671884 19.86165935441259 1.431970619639402
v 70.49887193584213 89.7116745521832 1.450076807726205
v 70.83855837252058 23.11775997083629 3.175050020217896
v 71.31764822908468 23.59684993755149 5.805305480957031
v 70.44386291503906 87.03546142578125 3.175050020217896
v 70.51155090332031 8.611966133117676 6.752091884613037
v 70.5233030304972 13.85313372549224 15.66898967273461
v 70.58249317592556 15.74907634576717 13.80714407313738
v 70.60124182434626 8.405726787641068 3.944575316491555
v 70.7628414953312 14.02503386091907 18.51516060551067
v 70.53581237792969 1.754704833030701 3.614574670791626
v 70.53581237792969 3.614574670791626 1.754703044891357
v 70.58090761786669 18.82295828364119 20.68282919428572
v 70.53581237792969 20.69603729248047 18.8361644744873
v 70.53581237792969 89.06249237060547 18.8361644744873
v 70.53581237792969 90.92235565185547 20.69603729248047
v 70.53581237792969 106.1439514160156 1.754703044891357
v 70.4557439234829 107.9801519677651 3.563719328359414
v 70.39491411761456 95.64008465881885 18.57980576320566
v 70.60302734375 102.9551239013672 8.663273811340332
v 70.64527483614236 94.13346628063361 13.75624040328609
v 70.81384646028732 15.50614990120649 2.189793993237094
v 70.73433761691786 94.16038606287377 2.122534274177712
v 71.31767852265772 100.649656814745 7.069620907543538
v 70.56227700049007 20.05527296304081 7.77544993302282
v 70.79045867919922 101.2849197387695 3.983477592468262
v 70.55794115189532 89.7957485758692 7.837785370652401
v 71.28170317557678 99.06401920363552 14.88233643024212
v 71.28314971923828 13.33651733398438 15.19638633728027
v 71.37969697543737 15.04025271161496 13.31722376080882
v 71.34099292509718 14.90652934011837 9.249841362347178
v 71.26026343762352 95.23376841561655 9.606858371442335
v 71.32051086425781 14.04587936401367 9.930632591247559
v 71.37713241577148 103.3221664428711 9.025896549224854
v 71.38148070845234 96.47868651022601 15.23531159854049
v 71.49586254069354 94.66113599494639 13.17629936279738
v 71.46346282958984 15.87124538421631 8.740985870361328
v 71.48084259033203 93.82357025146484 8.708221912384033
v 71.46911212544046 96.39768203730954 10.50064510175618
v 71.49369049072266 13.22387886047363 10.63432884216309
v 71.49490356445312 8.012663841247559 16.9503288269043
v 71.43008299345917 101.7158860820511 16.88330068057825
v 71.51548767089844 16.91413307189941 1.690335512161255
v 71.55229568139026 92.76378461685049 1.676029901508286
v 71.53050994873047 4.554945945739746 13.07048511505127
v 71.53050994873047 105.2035827636719 13.07048511505127
v 71.53261566162109 2.150628805160522 6.640754699707031
v 71.53261566162109 6.640754699707031 2.15062689781189
v 71.53261566162109 15.80998706817627 20.30011177062988
v 71.44840791019504 20.32477570735876 15.83464894425454
v 71.53261566162109 89.45841217041016 15.80998516082764
v 71.40809992180479 93.92380081876998 20.32485038560311
v 71.49145551436588 103.0579880017694 2.210413677696151
v 71.53261566162109 107.6079025268555 6.640754699707031
v 71.1518834786024 4.128708683748204 8.61883537795948
v 71.65390014648438 8.889272689819336 4.399143218994141
v 72.08958454867971 13.27786609062048 17.76799365409704
v 70.9917917707897 18.30599127849531 13.86287068353288
v 72.12180409554807 21.845221090084 7.612520752392023
v 71.67523193359375 5.488757133483887 16.23225593566895
v 71.76414107275114 104.2761275404608 16.29961605558155
v 71.74745178222656 96.24932098388672 17.99933624267578
v 71.75898742675781 21.40793609619141 1.315177440643311
v 72.1060521093637 88.10550903733707 1.315177440643311
v 72.34302991038123 87.86710707396919 7.665177822113037
v 71.77534484863281 16.82025909423828 8.290464401245117
v 71.74027088721594 10.4741333097852 15.38330509973504
v 71.76960295532076 97.28019212446307 11.42878065985102
v 71.80507659912109 92.86916732788086 8.262626171112061
v 71.82472229003906 12.49567031860352 11.38332176208496
v 71.92730712890625 12.75130367279053 14.61117362976074
v 72.07007115952763 14.4246329612877 12.56475959776067
v 71.94115447998047 98.38869476318359 5.911739826202393
v 71.68025575300557 91.75611233000446 13.52597547941248
v 72.05271612562662 100.6874376487395 4.580962510890333
v 71.96352361036014 12.09224903490482 5.462976876183467
v 71.87329135791471 105.2277891870898 9.020860486590827
v 71.91632228986921 11.05273465827492 6.118406015495041
v 71.97227478027344 97.24732971191406 5.126686096191406
v 72.03718185424805 97.1387825012207 14.47960996627808
v 72.0754543494147 95.32570242905847 12.5729515525468
v 72.14692230953163 13.62516358027269 4.462482291698173
v 72.20469665527344 96.05992126464844 4.451404094696045
v 72.23667907714844 17.75595092773438 7.955042839050293
v 72.27970886230469 91.93019866943359 7.934285879135132
v 72.27828979492188 99.95940399169922 7.260795593261719
v 72.30373382568359 11.8829345703125 12.15530586242676
v 72.31604766845703 5.709357738494873 10.17939567565918
v 72.31604766845703 104.0491714477539 10.17939567565918
v 72.37697601318359 2.293966770172119 4.153838634490967
v 72.37128989351365 4.152174635864787 2.29230134618867
v 72.37697601318359 18.29690170288086 20.15677261352539
v 72.50175281373474 20.10270678694896 18.24283396895579
v 72.35980833355001 89.61632675114976 18.32153184561813
v 72.37697601318359 91.46163177490234 20.15677261352539
v 72.29529807393158 105.6329638840875 2.274401730502608
v 72.48651300291969 107.4170972532559 4.201302659204348
v 72.50701978545317 11.97551407052937 13.75066773342839
v 72.52145313976176 13.87908653607177 11.96230375124607
v 72.67194130250257 99.24193834999892 8.330873748597098
v 72.48650360107422 18.28224182128906 1.409548282623291
v 72.48650360107422 91.47628021240234 1.409548282623291
v 72.51694869995117 97.82584381103516 13.79255533218384
v 72.57112669064527 96.05959441141891 11.83905679066302
v 72.65318375751876 97.04537438614994 8.095612321687049
v 72.62546539306641 13.6220531463623 7.433318614959717
v 72.72731812777619 94.55944773838948 3.75996099579968
v 72.61117233130426 12.85432852235634 7.878373504737315
v 72.58807754434707 96.30447569317272 7.650006642273366
v 72.65149688720703 5.048513412475586 9.538640975952148
v 72.65149688720703 9.538642883300781 5.048512935638428
v 72.55372093199608 17.44770048627927 12.97300718577496
v 72.65928726312573 96.87983042798436 17.27713359148366
v 72.73239007449739 97.65428235573182 8.66557400793859
v 72.77859497070312 14.55611705780029 6.881113529205322
v 72.80285448525893 98.42861342377378 13.11317419923533
v 72.70968367359566 95.5248201598004 7.100322501639343
v 72.74550908266208 12.06485878634294 8.728307695657357
v 72.83828353881836 98.31623077392578 12.75602960586548
v 72.83373260498047 18.65045738220215 7.744709968566895
v 73.21191024780273 104.2017402648926 10.04691028594971
v 72.87200743993884 96.8778958103844 11.02936389697021
v 72.89438787507686 7.920263516447125 18.00524997583365
v 72.78769259908526 101.7641456669655 17.87739410666124
v 73.13991155679985 10.16511350001483 16.59151107348507
v 72.88136309687151 90.90864447581959 7.727980203034782
v 72.84608180488343 99.5267067794037 16.33657752543582
v 72.89484405517578 98.29202270507812 9.695388793945312
v 72.9595358451117 98.52841376496791 11.15645401782576
v 72.99952715238189 92.65152787364669 12.61686417885964
v 73.01515484288032 99.87383941550347 5.486057781145544
v 72.95821447812436 12.66672677589805 10.74463335208232
v 72.95773315429688 97.5741081237793 10.32454538345337
v 72.9893913269043 98.34037780761719 9.36402416229248
v 72.99761472668995 2.787937140151565 7.27806283408767
v 73.08557245600508 7.245544334189217 2.829529452361667
v 72.98296356201172 15.18152618408203 19.67165184020996
v 72.98296356201172 19.67165184020996 15.1815242767334
v 73.06464398737511 90.13620446157736 15.13219548979075
v 72.98296356201172 94.57699584960938 19.67165184020996
v 72.98296356201172 102.4893112182617 2.779087066650391
v 72.98296356201172 106.9794387817383 7.269214630126953
v 72.94113223487128 4.187219114864812 14.32621970685856
v 72.92186775803614 105.5670104116851 14.311305491724
v 73.0290237615749 15.38009136632999 6.518888996051674
v 73.0333744093308 94.4383847771952 6.508382303836656
v 73.07249063785436 15.76484526484788 3.603972537322098
v 73.26111602783203 5.375448703765869 17.43376731872559
v 73.26111602783203 104.3830795288086 17.43376731872559
v 73.52498006136867 98.77487954433823 13.95198140873243
v 73.58537698056402 5.095140094809422 11.57280973445512
v 73.43771424723933 104.5990114841921 11.36132419760333
v 73.48432922363281 10.29526042938232 5.805131435394287
v 73.62307357734795 12.10712673254751 16.59725525171969
v 73.46062698862248 16.5910460210133 12.1562069980267
v 74.22923543611103 20.25653369315752 7.665177822113037
v 73.53954205912449 16.49955775250616 6.132265374847611
v 73.70843226735401 97.78009613967211 16.46855842629077
v 73.61341094970703 93.21600341796875 6.066823244094849
v 73.61885833740234 19.54806137084961 1.315177440643311
v 74.46188753690691 89.36743527803449 1.315177440643311
v 74.49831929375111 89.34226525993584 7.657214570168163
v 73.89024823397348 93.48589412160638 11.78250349410212
v 74.01029766490944 98.92685912286619 6.341534405187779
v 73.86843352970591 103.3741648655585 10.79979281379803
v 73.7822381079658 16.90617275326516 3.298801746046105
v 74.01615905761719 92.56034851074219 3.25773286819458
v 74.05544281005859 99.54121398925781 17.20198059082031
v 74.33903470507387 3.189005539179284 5.048875766202396
v 74.076171875 4.890125274658203 3.030253648757935
v 74.03224523518389 17.51912589821219 19.43479927229805
v 74.076171875 19.42048645019531 17.56061363220215
v 74.0349485945285 90.32349904546308 17.53583759502076
v 74.076171875 92.19790649414062 19.42048645019531
v 74.076171875 104.8684005737305 3.030253648757935
v 74.076171875 106.728271484375 4.890125751495361
v 74.10507375586255 11.148166829892 6.716367152082216
v 74.13426019363185 15.76766931143797 11.28996066119333
v 74.41677467581921 17.64509285443487 5.85524462018033
v 74.49222486163062 92.02363819208325 5.845102201640073
v 74.27642822265625 3.560241222381592 8.050370216369629
v 74.27642822265625 8.050371170043945 3.56024169921875
v 74.27642822265625 8.050371170043945 18.89049911499023
v 74.27642822265625 14.40037059783936 18.89049911499023
v 74.27642822265625 18.89049911499023 14.40036964416504
v 74.21175887846023 90.82897154105578 14.43942502723109
v 74.27642822265625 95.358154296875 18.89049911499023
v 74.29108084033284 101.6960291375904 3.57237289877262
v 74.18901314146952 101.7908072481843 18.81124099830345
v 74.27642822265625 106.1982803344727 8.050370216369629
v 74.4371886464904 94.33822900539131 10.93017028370454
v 74.46666717529297 99.05710220336914 15.19155073165894
v 74.52295369565809 11.94236471946231 7.452236780199143
v 74.52769568534255 14.78847348538996 10.3794544091155
v 74.57624053955078 4.060320377349854 15.57389640808105
v 74.71367006443333 105.6567814759581 15.71541949793993
v 74.80325534670239 4.828134122778673 12.56122998393434
v 74.8070877542862 104.9306687817345 12.56413352289738
v 74.68037034248664 95.55553370212711 9.779337002236913
v 74.79366750018438 97.27058824801446 7.997803768735572
v 74.77060400981385 12.89559395732694 8.405464679003005
v 74.79312896728516 13.94983005523682 9.459700584411621
v 74.88864898681641 18.18708896636963 3.175408124923706
v 74.93399047851562 5.53293514251709 18.50530433654785
v 75.49429590940636 90.96528355836708 3.237437484938931
v 76.32590131150349 90.13367815626995 5.805305480957031
v 74.61241740955259 104.2558667556987 18.29932507301866
v 74.81471586633037 10.32388991633525 17.66350445176609
v 75.27693939208984 99.33163452148438 17.91751670837402
v 75.38114166259766 4.474855899810791 8.964984893798828
v 75.38970788208668 9.078105366570817 4.587975909734471
v 75.43395961087246 13.41051829760852 17.90064580001814
v 75.38114166259766 17.97588539123535 13.48575496673584
v 75.38114166259766 91.78264617919922 13.48575496673584
v 75.38114166259766 96.27276611328125 17.97588348388672
v 75.38114166259766 100.7935409545898 4.474856376647949
v 75.38114166259766 105.2836685180664 8.964984893798828
v 75.591552734375 3.945436239242554 5.805305480957031
v 75.591552734375 5.805305957794189 3.945434093475342
v 75.591552734375 16.64543533325195 18.50530433654785
v 75.591552734375 18.50530433654785 16.64543342590332
v 75.591552734375 91.25321960449219 16.64543342590332
v 75.67556109774458 93.26913285763798 18.41749994443406
v 75.591552734375 103.9532165527344 3.945434093475342
v 75.591552734375 105.8130874633789 5.805305480957031
v 75.69583129882812 102.6609802246094 11.58766555786133
v 75.74340057373047 8.412625312805176 19.67165184020996
v 75.93456991262289 101.2168897254024 19.71560756381007
v 76.09471371041366 98.76524570491064 15.49690982576679
v 76.02354431152344 4.740945816040039 13.48575496673584
v 76.02354431152344 105.017578125 13.48575496673584
v 76.24911499023438 4.217807292938232 16.64543342590332
v 76.24911499023438 105.5407257080078 16.64543342590332
v 76.26992797851562 5.500409603118896 9.990538597106934
v 76.26050177952003 9.979662838218365 5.489533367393169
v 76.34843374733251 12.29359930178413 16.7837257947078
v 76.26992797851562 16.95033073425293 12.46020126342773
v 76.37290721126347 92.98399470537721 12.28440418301605
v 76.30952347816317 97.23197830036425 16.93962138701217
v 76.24360865461269 99.7983519936847 5.470040710385648
v 76.26992797851562 104.2581176757812 9.990538597106934
v 76.37996565016847 11.00558288793757 15.51755917477807
v 76.24749898317826 10.75063982784543 18.37487914269573
v 76.40958217555848 98.97242532173904 18.46441218810023
v 76.65266418457031 5.957342624664307 19.42048645019531
v 76.45498764846728 103.8120456063593 19.32563966528127
v 77.23096084594727 102.6943321228027 12.69674301147461
v 76.93110838120205 5.069239820466509 6.929111622555269
v 76.89009080902058 6.870570889839877 5.033123196931903
v 76.8445830594159 15.55566091768438 17.45684801269869
v 76.9108250307069 17.40490579232453 15.54503290560204
v 76.68353643583274 92.15728717602464 15.74136263585736
v 76.84406008192779 94.24257181403685 17.44880967325125
v 76.88581085205078 102.8816833496094 5.016972064971924
v 76.88581085205078 104.7415618896484 6.876843452453613
v 76.92087554931641 6.611652851104736 11.10177898406982
v 76.88786109421986 11.23917839512068 6.749050235389764
v 76.90792785316768 15.78225106779883 11.29212339688997
v 77.05994254368301 94.18338215524608 11.17409222159215
v 77.0025691986084 98.66198921203613 15.58666491508484
v 76.88193024161625 98.72322968318755 6.545166914456414
v 76.96675908523021 103.0117326732261 11.23692000535526
v 77.440228481387 98.30868649582088 16.09359769861414
v 77.18248748779297 7.038388252258301 12.68071460723877
v 77.21334838867188 8.993789672851562 20.30011177062988
v 77.21334838867188 100.7647399902344 20.30011177062988
v 77.24105834960938 11.35454654693604 16.0201473236084
v 77.31797027587891 7.781215190887451 12.27134418487549
v 77.23706241795385 12.26590955222668 7.775780135254686
v 77.31633851400731 14.67433212528281 10.18420171253996
v 77.37650757704066 95.23301958475598 10.10063254320722
v 77.37661644794113 97.56112219365605 7.800881407157214
v 77.31797027587891 101.9773101806641 12.27134418487549
v 77.34342641582236 101.0393318339169 13.28428898470174
v 77.45142364501953 4.875369548797607 14.40036964416504
v 77.45142364501953 8.980307579040527 13.47043323516846
v 77.45142364501953 13.47043323516846 8.980305671691895
v 77.3921457296716 96.32898429424712 8.939414911817591
v 77.45142364501953 104.8831558227539 14.40036964416504
v 77.78734226520326 11.50235525119731 18.89025594299795
v 77.76336498553167 99.86012844502535 13.88779026260937
v 77.73578643798828 98.29841613769531 18.92559051513672
v 77.91707652207356 6.266980686993326 8.006761065504367
v 77.92708587646484 8.07835578918457 6.218482971191406
v 77.97775337883164 14.33204608700754 16.09960602996859
v 77.92708587646484 16.23225975036621 14.3723840713501
v 77.98208237810371 93.67016980158778 14.32851624972066
v 77.99160939837722 95.49628784908579 16.12210732534549
v 77.92708587646484 101.68017578125 6.218482971191406
v 77.91553089212843 103.5061951528355 8.017845444548509
v 77.86741289676361 4.641783431863939 17.54518756542598
v 77.90697252073102 105.0783762912029 17.61089738043314
v 78.55150152918186 99.70579565197478 14.14755079005354
v 78.10333673656929 11.7367481539636 16.27827329078204
v 78.37437224182941 97.81594308960534 16.4954162626892
v 78.37480163574219 6.638221263885498 20.15677261352539
v 78.35181969711066 103.111993198464 20.150902824723
v 78.27559293893388 7.217592065438985 13.32694480326553
v 78.56407241279514 9.953083829674885 14.14179964689198
v 78.56214218844075 9.777936267462671 20.69938659985625
v 78.85777717353554 99.83153581263002 20.80303686576267
v 78.68972015380859 7.520381450653076 9.380253791809082
v 78.59037725735041 9.328593770610681 7.403297959043709
v 78.69716829305862 13.09186829061596 14.8651000283471
v 78.68972015380859 14.93035984039307 13.07048511505127
v 78.68972015380859 94.87661682803571 13.11893862219801
v 78.68972015380859 96.68112316302498 14.92343848021624
v 78.68972015380859 100.3924164682815 7.53452580796329
v 78.68972015380859 102.238151550293 9.380253791809082
v 79.36865406740587 12.66757826592396 19.22639193608221
v 78.98772042357866 97.42728557067085 19.12742123126264
v 78.56166974116059 102.4600394012505 13.47203379147289
v 78.91839599609375 5.237624168395996 15.1815242767334
v 78.78672970657641 104.5658845864686 15.21114205895811
v 79.07125091552734 12.41293525695801 16.5659008026123
v 79.15493774414062 8.890613555908203 10.75048351287842
v 79.07376906553522 10.47469782927207 8.688256828202304
v 79.08295050131977 11.94521561136579 13.73922442351039
v 79.07722737273072 13.78901216094678 11.92913981872004
v 79.05856298727838 96.01345506497117 11.82470428110989
v 79.15493774414062 98.05826568603516 13.56012725830078
v 79.15493774414062 99.00804138183594 8.89061164855957
v 79.15493774414062 100.8679122924805 10.75048351287842
v 79.27691834065664 10.60429640140213 12.46416635837234
v 79.31129455566406 12.15530586242676 10.29543399810791
v 79.31129455566406 97.60321807861328 10.29543399810791
v 79.26074408651785 99.54651279988205 12.13548733040333
v 79.46054305090108 10.48530378116783 14.48446542944241
v 79.57036765879489 7.624563118040468 13.9550326499759
v 79.68992614746094 5.323093414306641 18.29690170288086
v 79.68992614746094 104.435432434082 18.29690170288086
v 79.68921425315648 99.17542662468173 14.54345382572369
v 79.93340301513672 13.16299486160278 16.64515686035156
v 79.96886444091797 96.56046295166016 16.64543342590332
v 80.01817321777344 10.75057315826416 21.04119300842285
v 80.40594435802134 98.66106325218719 21.07010178129614
v 80.02451324462891 101.9406204223633 14.13912582397461
v 80.05801391601562 7.558804035186768 20.69603729248047
v 80.05801391601562 102.1997146606445 20.69603729248047
v 80.38638305664062 11.09780788421631 14.70602989196777
v 80.38834381103516 5.81879186630249 15.80998516082764
v 80.3599931664728 103.9578617034546 15.88562132349797
v 80.97970038013275 98.12182452710292 14.78270438251554
v 81.49173784122162 101.0842765711983 14.57108939702028
v 81.88708115797856 12.48602663699301 14.78556156158447
v 81.28398895263672 11.8829345703125 21.13556098937988
v 81.37314605712891 6.24367618560791 18.8361644744873
v 81.2000521750862 103.6073829292107 18.72987970316115
v 81.66085815429688 8.69642162322998 21.02499961853027
v 81.46120723243729 101.2398188739316 20.94991173602187
v 81.82505798339844 6.604556083679199 16.27027702331543
v 81.73965515082118 103.2040061615055 16.32209185214367
v 81.8280493033246 8.828561980980394 14.69977855718321
v 83.13753423842093 99.82330152639575 14.84319776289949
v 82.97599029541016 7.381293773651123 19.16512870788574
v 82.77675417271494 102.5185493697354 19.11808015287479
v 83.14385986328125 10.02306079864502 21.13556098937988
v 83.40577459180223 99.47355127489701 21.13556098937988
v 83.79820132853926 8.116814887345035 16.59616904637542
v 83.19316864013672 102.1829528808594 16.55106163024902
v 85.74812354773029 9.997065265632852 16.64543342590332
v 84.45899200439453 8.70793342590332 19.27569007873535
v 84.45899200439453 101.0505905151367 19.27569007873535
v 87.03546142578125 39.31466674804688 3.175050020217896
v 86.4395047492325 38.71870993447732 5.748393686229757
v 86.75974805762813 70.71957628319218 3.175050020217895
v 85.50487696546217 71.97444737535814 5.805305480957031
v 88.01968569100519 40.16649689264735 5.89891990905486
v 88.20948240001137 69.39362383324844 5.892832185684285
v 87.75517167860585 37.3470186942835 1.315177440643311
v 87.07529175075071 36.72423689870099 7.665177822113037
v 87.54828330084341 72.56129769280894 1.31517744064331
v 86.52181436665649 73.58776662699586 7.665177822113037
v 88.51846313476562 40.64130783081055 3.285611152648926
v 88.51846313476562 69.11721801757812 3.285611152648926
v 88.62296295166016 44.29049417011032 19.27569007873535
v 88.62296295166016 66.61129760742188 19.27569007873535
v 88.71733093261719 41.45145797729492 16.55106163024902
v 88.65727512577736 67.22787924835336 16.61111986476315
v 88.74671274831226 41.08279891205233 19.15193677333558
v 88.80407553026645 68.72367243161246 19.19301973692795
v 89.00843537041648 39.77124272291932 16.25996476548112
v 88.91336650752922 69.40856884359017 16.35503112858862
v 89.09742858115352 39.3628060112142 18.91866584695291
v 89.06249237060547 70.53581237792969 18.8361644744873
v 89.54925942877877 39.11102174166908 7.726825873583239
v 89.45841217041016 38.22591018676758 15.80998516082764
v 89.45841217041016 71.53261566162109 15.80998516082764
v 89.37264557392848 70.89696741795738 7.753089788553695
v 89.54304741390101 37.64766991650212 18.39408287327551
v 89.61874101020086 72.36564754602507 18.32052542626384
v 89.66938781738281 41.41804122924805 6.180463790893555
v 89.66938781738281 68.34047698974609 6.180463790893555
v 89.7849884505562 39.33636556137741 1.464283757238109
v 89.83751364971117 70.42191629672803 1.433788651790461
v 90.08687591552734 36.77555847167969 15.1815242767334
v 90.06566188606831 72.88040583257843 15.20273813161221
v 90.12130737304688 41.77892684936523 3.614574670791626
v 90.12130737304688 67.97960662841797 3.614574670791626
v 87.75892175743562 33.68812479088288 1.315177440643311
v 88.55961122908531 34.39352961509116 7.59780144969249
v 89.74737632743472 74.09283156252873 1.322874352098061
v 89.11726273390352 74.71206008103789 7.665177822113037
v 90.33682297795403 35.687635789997 17.54912732565918
v 90.33803558349609 74.076171875 17.56061363220215
v 90.48283386230469 43.99561341235026 14.78556156158447
v 90.48283386230469 43.1472282409668 21.13556098937988
v 90.48283386230469 66.61129760742188 21.13556098937988
v 90.56201934814453 67.96260070800781 14.70638656616211
v 91.47592861707888 40.10047768410762 8.311799001336732
v 90.58403232181989 41.63135630303852 14.68436487237382
v 90.5569422802172 41.08248218707482 20.96205157504289
v 90.60406069758766 68.66081982906417 21.01433778333978
v 90.79334499822374 69.83960035251195 8.035250680786332
v 90.8318025174395 69.42676523694425 14.43659360606904
v 90.8931085876869 40.14066422750695 14.37528642917184
v 90.94465157569469 35.40406057833268 14.32374515650754
v 90.86802673339844 74.27642822265625 14.40036964416504
v 90.90393569354619 39.22271347045898 20.67761723971994
v 90.99917457246598 70.58702006021089 20.67868817486102
v 90.4846293180719 36.43024623498913 7.689882105499354
v 91.10610961914062 42.20380783081055 6.640754699707031
v 91.10610961914062 67.55471801757812 6.640754699707031
v 91.10807037353516 72.83373260498047 7.744709968566895
v 91.245154570786 70.58719267702104 14.05156528137829
v 91.25321960449219 34.16697311401367 16.64543342590332
v 91.25321960449219 75.591552734375 16.64543342590332
v 91.4595533590995 38.63501938082187 13.80884475594682
v 91.50699751066173 40.40099079481141 1.759834729641272
v 91.43643188476562 69.29473114013672 1.754703044891357
v 91.46163177490234 37.38155364990234 20.15677261352539
v 91.46163177490234 72.37697601318359 20.15677261352539
v 91.10880694754464 36.94329615111376 1.382151908526631
v 91.47628021240234 72.48650360107422 1.409548282623291
v 90.46549697917378 33.76444323792221 3.175050020217896
v 90.8840260893942 75.52904028931192 3.14216029485423
v 90.36719938980383 76.09238007796961 5.749807960297275
v 91.74614888322421 71.71414797143622 13.52225073308434
v 91.99503764871751 34.22502377253626 13.27336283111242
v 91.78264617919922 75.38114166259766 13.48575496673584
v 91.6205662548501 42.59890094453971 4.094904036664188
v 91.80451965332031 67.05902099609375 4.153838634490967
v 92.00544872861308 69.42635113611685 8.511194082210386
v 91.87542988006888 37.53378499972599 7.9331143798797
v 92.22758176924253 72.12573964491384 8.035703400025501
v 92.19790649414062 35.68235778808594 19.42048645019531
v 92.19790649414062 74.076171875 19.42048645019531
v 92.29598985705357 32.96185363488846 15.69273162213426
v 92.32475280761719 76.88581085205078 15.57389640808105
v 92.10907233315831 35.34208037927781 5.851928833687412
v 92.35629272460938 72.65149688720703 12.9120979309082
v 92.42320251464844 74.14886474609375 5.884838104248047
v 92.28485303069715 35.49799957402864 3.235719298450229
v 92.51339162801638 42.76744900211872 7.150427465181985
v 92.57605743408203 66.97354888916016 7.269214630126953
v 92.57755101451376 36.71713296427629 12.69084088529835
v 92.68610382080078 73.91889953613281 3.277876377105713
v 92.95688316893505 33.44519686982704 12.31151558049738
v 92.80819702148438 76.26992797851562 12.46020126342773
v 92.84439849853516 38.2430419921875 1.690335512161255
v 92.84439849853516 71.51548767089844 1.690335512161255
v 92.86916732788086 37.95344543457031 8.262626171112061
v 93.05388104689173 71.63979723911976 8.369726644713234
v 92.96388284343269 40.74415855678679 8.986526006853797
v 93.00389780746785 69.00529878456871 9.008409798549391
v 93.14297265460917 73.43542190543589 12.18222892265325
v 93.11309814453125 34.16697311401367 18.50530433654785
v 93.0585278690661 45.37127507180014 14.78556156158447
v 93.19553810074824 75.73856216199547 18.34432196940245
v 93.42359893757934 41.4824699115273 2.418896809088458
v 93.16475136016732 68.44882228907822 2.292219739276235
v 93.13915291442652 67.05601740461377 14.75950435696737
v 93.16606804008431 42.32384444743729 14.73258133815413
v 93.11398707375358 36.07849836222668 6.041790251869219
v 93.17040337356016 42.1174668499246 21.07825576035096
v 93.17184139429968 67.79805492997872 21.06951908120007
v 93.31770324707031 73.55180358886719 6.095170497894287
v 93.35637664794922 68.67314147949219 14.54227447509766
v 93.45807139751616 40.86346430084511 14.52463823995944
v 93.41839387845268 40.20891457737326 20.83025665832706
v 93.48824310302734 69.96107482910156 20.76040458679199
v 93.34565728460747 31.98796677030779 14.55299436204723
v 93.46551944086167 77.87443904926623 14.4331324912063
v 93.52667236328125 43.38038635253906 4.890125751495361
v 93.45042415922836 66.4082818360955 4.857526685213871
v 93.66940052357465 69.66631138592155 14.22925610811966
v 93.68257141113281 36.51712036132812 3.503425598144531
v 93.78662640261989 39.81933771980909 14.11202893136647
v 93.82357025146486 38.27768516540527 8.708221912384039
v 93.84259796142578 73.14698028564453 3.549813747406006
v 93.88728332519531 71.46346282958984 8.740985870361328
v 94.16321457788777 32.76855015936795 11.10518711309839
v 93.90009825766884 76.90954477578376 11.36830377553967
v 93.85642796713562 38.32163775103967 20.33058617791775
v 93.94853973388672 71.53261566162109 20.30011177062988
v 94.00644257941245 74.0900814992906 11.32675878185412
v 94.17251378507109 43.11444493756547 8.165110779905254
v 94.12048167084714 66.6765623733647 8.151286355735524
v 94.05987548828125 70.51155090332031 13.83877563476562
v 94.26110036157303 36.69952283925302 6.494213402181964
v 94.23435451895172 39.00631253061451 13.73145502430171
v 94.18463134765625 32.87271499633789 17.43376731872559
v 94.18463134765625 76.88581085205078 17.43376731872559
v 94.28597081260634 73.06054606767736 6.473379111671649
v 94.26400756835938 40.98028564453125 9.738886833190918
v 93.98919159028469 38.83597332279046 2.080566507525283
v 94.29907684034674 70.7290659524871 2.162871687746682
v 94.31196594238281 68.77431488037109 9.770024299621582
v 94.37110836488898 35.35287017866739 10.8972908918546
v 94.61128619821069 71.35769348817199 13.2732026792429
v 94.57699584960938 36.77555847167969 19.67165184020996
v 94.794277200457 73.43595958443245 19.40565364829252
v 94.82468117689187 38.1727807663893 13.07397198949327
v 94.7646598815918 38.44179153442383 9.257631778717041
v 94.74374876195671 71.32306210006439 9.247313433986541
v 94.89389634816034 31.06881141662598 13.13621808030072
v 94.82816314697266 78.68972015380859 13.07048511505127
v 94.98179618244676 42.09982568586145 3.104802527210367
v 94.841796875 67.69326782226562 3.030253648757935
v 95.20664148557064 37.25547894782269 4.059012239347626
v 94.96837616679416 74.63879728048302 10.30002010640568
v 95.00798371152409 67.20893911297252 19.18612871473429
v 95.52411291139674 37.04036606905505 7.086203322760225
v 95.00000783757802 67.07281317154242 16.61839295905163
v 95.02751517297385 42.23635297569726 16.59088568122272
v 94.99518203951311 72.58166060336634 4.018297108749435
v 94.99242866888228 42.82226780399849 19.23197236317619
v 95.29533615879737 32.36717203673964 10.05046387400625
v 95.13797114995609 77.26022226129119 10.13042904038355
v 95.40625844560503 72.07328558441804 12.62872397460411
v 95.26011918459415 72.71496268254785 7.008565421523421
v 95.20742230309922 68.62381435931526 16.41097817808992
v 95.23314473011838 41.0223286165166 16.38524899912393
v 95.10446076470782 43.77000766224376 5.730292664626158
v 95.06952780265644 66.00051371765242 5.738619130853112
v 95.21380005269936 68.8654171586294 19.03485204911101
v 95.56709553023317 35.02566901840969 9.701303708353255
v 95.2876968374369 40.37358542139066 18.9609563615751
v 95.37084307189548 37.58429103808852 12.48047338777837
v 95.358154296875 35.48210144042969 18.89049911499023
v 95.86079367825276 74.88354095626784 18.38785763718529
v 95.38613891601562 31.83144378662109 16.23225593566895
v 95.19621555091865 77.76249061145275 16.4221799037585
v 95.43054962158203 40.97456741333008 10.56780529022217
v 95.33737736690564 68.80896040928563 10.49574773541858
v 95.47090911865234 43.28165054321289 8.964984893798828
v 95.47090911865234 66.47687530517578 8.964984893798828
v 95.51413726806641 69.63356781005859 16.10425567626953
v 95.55302047729492 40.03196144104004 16.06537914276123
v 95.86078393304106 38.39115123718938 10.01858645684809
v 95.62256792096939 70.35264623605195 18.59348314968146
v 95.62822278403242 39.19220355307706 18.62042678261889
v 95.84436616599544 71.38523169632309 9.937059779466024
v 95.63588865108743 39.51041835692718 2.768057632848531
v 96.07738500123928 70.01253165616052 2.968071140918629
v 95.98550310258943 72.51673257920353 11.91314883658148
v 95.9626727250498 74.73843869399734 9.383336530205447
v 95.91975402832031 70.51155090332031 15.69864749908447
v 95.98550033569336 39.13696098327637 15.63289499282837
v 96.09876983383488 37.16643881117808 11.79987770260835
v 96.28556034883317 37.59784534868635 4.580778389197643
v 96.13093240453817 72.62544438457839 7.424008116044398
v 96.19705200195312 71.65390014648438 18.05159568786621
v 96.36337051197792 30.58522608337425 11.53527988138454
v 96.06522858775679 79.09353083681694 11.92881943965774
v 96.26286700289808 37.99093455748215 17.98579026192525
v 96.2629599531673 34.3892248186428 17.98568968490057
v 96.27931976318359 72.14729309082031 4.565954208374023
v 96.28809356689453 32.30710220336914 8.980305671691895
v 96.33940260076599 34.94364339999949 8.928996245612501
v 96.39245850640415 77.43980828351296 8.875940649177466
v 96.46272251640436 71.3609585300273 15.09571892324138
v 96.57888289154572 38.22488489719344 10.5988847902514
v 96.51929092407227 38.35920524597168 15.09910678863525
v 96.55986863259947 72.86134402003893 11.24214001352534
v 96.5067138671875 40.75373077392578 11.48491954803467
v 96.60845662899827 69.04836498455232 11.58766760088005
v 96.66241625804817 71.52035406403304 10.77686592480737
v 96.56046295166016 42.48966217041016 3.945434093475342
v 96.44146561275549 67.30227591779789 3.8809626021391
v 96.38938821496076 80.13993917761736 16.64543342590332
v 96.7349375165726 79.78027659045387 19.26571647240722
v 96.78400360800543 31.03623008483011 14.83439465764009
v 96.89787408410889 78.76141012606068 14.7178858070581
v 96.76748657226562 74.79312896728516 8.500911712646484
v 96.80235290527344 36.90261650085449 11.09629917144775
v 96.94465444538757 43.15356457836823 10.09765069811963
v 96.82454681396484 66.57359313964844 9.990538597106934
v 96.89373779296875 37.12974548339844 7.971129417419434
v 96.93868278330103 72.73295244224246 17.25132636445814
v 96.918212890625 43.9622802734375 6.876843452453613
v 96.6911989534172 65.81761400201185 6.731433290748888
v 96.97675707406225 36.86365259232458 17.27190143583062
v 97.11947676371746 72.01321643455698 14.49892108196683
v 96.94752151200488 72.61791034487683 8.049585256524958
v 97.33536648165472 37.53448356668225 14.38720810278629
v 97.2336540222168 30.55163955688477 16.5826530456543
v 97.23158645629883 37.94892501831055 11.35051822662354
v 97.23955632983434 39.95060693000304 3.590755594294651
v 97.89121193530551 69.72291874866747 3.991442822196398
v 97.3270155662384 72.98060726522034 10.51345549713638
v 97.24732971191406 37.78625106811523 5.126686096191406
v 97.26286315917969 71.82472229003906 11.38332176208496
v 97.30010495099209 35.1152046277053 8.052269904258816
v 97.13243980397166 33.63236224219156 17.11621299086369
v 97.25008749412248 76.24582360935089 16.98451929032053
v 97.34558868408203 79.07125091552734 16.5659008026123
v 97.45977783203125 40.3244743347168 12.46236133575439
v 97.52188384422415 69.51125002095314 12.52964423931886
v 97.4591178123565 71.97424735943136 5.373854924724293
v 97.4871826171875 32.44055938720703 7.781215667724609
v 97.60640601555188 77.25620483815416 7.661992163736054
v 97.50617218017578 30.86009979248047 19.1874942779541
v 97.5741081237793 36.80079460144043 10.32454538345337
v 97.70275215497689 78.6177714767048 19.12805071202551
v 97.85428666769447 73.78236854593807 16.39436786585846
v 97.60321807861328 30.44722938537598 10.29543399810791
v 97.52140748102531 79.29164375539658 10.36105727803742
v 97.72333299076898 36.99858429151831 8.616400289300303
v 97.95276411527065 72.61792001913847 13.76327846030701
v 97.84177200515416 31.42210206771394 16.48536328810106
v 97.70965576171875 36.17802429199219 16.53899955749512
v 97.71320343017578 74.5699462890625 7.55519962310791
v 97.8494293950355 37.20887081141704 13.67064100769628
v 97.85246658325195 37.47282791137695 12.12619876861572
v 97.68158194734087 72.73324077134346 8.745931793958986
v 97.87559509277344 28.47453689575195 21.13556098937988
v 97.81298958095746 72.17816227352725 12.10140305268885
v 97.91065979003906 81.24853134155273 14.78528451919556
v 97.07321004475385 82.04059047552023 21.10318717274276
v 97.94264984130859 78.17675018310547 16.35556793212891
v 98.05826568603516 30.60358810424805 13.56012725830078
v 98.05826568603516 79.15493774414062 13.56012725830078
v 98.38799932530148 42.75422291697402 11.3131872471125
v 98.16673501138571 66.91887746432681 11.13670486483997
v 98.24175213723177 42.68059779674252 5.102982231997132
v 98.16315234837212 67.10569603537768 4.995087008372463
v 98.14949845428964 35.38333130329438 7.118894005121935
v 98.38163277387926 39.65945661570896 13.58445559871153
v 98.26078033447266 70.05866241455078 13.47043323516846
v 98.26949175127002 36.90749084908672 9.866692130514071
v 98.29841613769531 32.02273559570312 18.92559051513672
v 98.31623077392578 36.92024803161621 12.75602960586548
v 98.35891851505987 36.74190822386377 9.292125305100305
v 98.47582524971953 77.39153402396289 18.80760906507014
v 98.42861291620562 36.95567229630558 13.11317307153399
v 98.38869476318359 37.81737518310547 5.911739826202393
v 98.40397644042969 77.24105834960938 16.0201473236084
v 98.66198921203613 32.75595664978027 15.58666491508484
v 98.42604090503393 36.81113631956026 10.57864381264779
v 98.52016830444312 29.19596576690696 14.73121595382723
v 98.52870147935491 43.8425397951757 8.100304997545015
v 98.54601521044606 65.94028145559736 8.054015971111278
v 98.95327126299912 73.87464309247089 6.315126499186512
v 98.63932800292969 71.96247100830078 6.104041576385498
v 98.7345205061218 40.10032402769527 4.541988525189408
v 98.65674591064453 32.83765029907227 6.611650943756104
v 98.65674591064453 76.92087554931641 6.611650943756104
v 98.66072082519531 80.38638305664062 14.70602989196777
v 98.74333826016435 33.73395136988074 15.5053169264215
v 98.71585845947266 76.29204559326172 15.56962585449219
v 98.7516755532542 36.31852162350533 13.87540991241918
v 99.16725478118965 37.04949573803054 8.431395688530596
v 98.88315638372713 70.85759977289399 14.47545044617531
v 98.94629076126535 33.34799010041932 18.42168063830554
v 99.01444860476636 76.22752740551402 18.36539804225398
v 99.00794982910156 29.74035835266113 21.04119300842285
v 99.00794982910156 80.01817321777344 21.04119300842285
v 98.78486078904767 30.57874780477022 9.113792089840103
v 99.00804138183594 79.15493774414062 8.89061164855957
v 99.07532501220703 29.97374629974365 14.57380294799805
v 99.05710220336914 35.29185485839844 15.19155073165894
v 99.11126480255191 35.98126587130026 6.157129107354676
v 99.3635100954999 42.15593043497596 12.51347032396252
v 99.2352411575298 67.45991794951162 12.28471183678339
v 99.25777435302734 79.49187469482422 14.49569702148438
v 99.31270781604626 71.81436378154613 15.45571980124912
v 99.04970575024298 38.41991978025819 14.83965483791317
v 99.31141589494774 34.41670843099627 17.94909554497499
v 99.34716033935547 75.21513366699219 17.88478469848633
v 99.51058947776812 30.48853954918719 12.16333073200338
v 99.21176616071392 79.28332232880533 12.40662834974606
v 99.70579546691114 31.20702686841489 14.14755099502991
v 99.53197479248047 72.85512542724609 16.34669876098633
v 99.53549194335938 36.86962890625 16.37306213378906
v 99.54121398925781 35.70308685302734 17.20198059082031
v 99.54455382516292 73.95655282111451 17.13441784109188
v 99.7300775566486 78.72905287650489 14.20370003599667
v 100.1686515808105 27.09950351715088 14.7490382194519
v 99.73546600341797 26.61466407775879 21.13556098937988
v 99.80277751301941 82.98013161782532 14.7823036054805
v 99.73546600341797 83.14385986328125 21.13556098937988
v 99.76798248291016 33.48860168457031 5.500410079956055
v 99.76798248291016 76.26992797851562 5.500410079956055
v 99.74894502750293 42.53886457332978 6.165245043067713
v 99.8538383238182 67.30939413817774 6.222508841515015
v 99.96300506591797 32.01643943786621 13.83059549331665
v 99.95940399169922 37.48023223876953 7.260795593261719
v 100.1317987445804 43.37008558134422 9.485359799211416
v 99.96393585205078 66.29087066650391 9.380253791809082
v 99.95276980561277 31.07156028086246 20.76797966383657
v 99.97896575927734 78.65005493164062 20.76040458679199
v 99.98850250244141 36.82141494750977 5.279896259307861
v 99.99954986572266 40.00993728637695 5.500410079956055
v 99.99954986572266 69.74858856201172 5.500410079956055
v 100.2002174612589 41.46024322754624 13.59703811440516
v 100.1686085045999 68.25875947476909 13.54673747051201
v 100.2893342800975 72.66393984598629 4.979065454816649
v 100.3682106817268 31.06285057552003 7.545433220761145
v 100.2895635688904 78.66097804171875 7.543304913349442
v 100.7826072417085 37.97499947355272 4.490373138470075
v 100.8282940985472 81.86688219701277 14.65534625855928
v 101.015385349654 32.41100619168236 13.29376353901235
v 100.789564674783 32.60797169536327 20.27326635095796
v 100.7647399902344 77.21334838867188 20.30011177062988
v 100.7782211303711 77.45142364501953 13.47043323516846
v 100.8173085156115 34.28358915329205 4.541868347823458
v 100.7810994061462 75.30043458657633 4.487298010574439
v 100.8591037731012 38.7618469944832 6.990741875370441
v 100.8679122924805 30.60358810424805 10.75048351287842
v 100.8679122924805 79.15493774414062 10.75048351287842
v 100.8168011683348 40.54032531353609 14.68351163777435
v 100.7794938795071 69.05805647676786 14.54389175643635
v 99.71267119506936 23.96161612366447 19.27345570496663
v 100.8642933688493 84.64528915068193 16.64543342590332
v 101.0505905151367 84.45899200439453 19.27569007873535
v 101.0621032714844 28.09766578674316 21.02499961853027
v 101.0621032714844 81.66085815429688 21.02499961853027
v 101.7501194903746 33.31062664239005 12.49853637632418
v 101.5591364543571 39.61338804405945 6.948529070661106
v 101.2617950439453 42.82771682739258 10.75048351287842
v 101.2617950439453 66.93080902099609 10.75048351287842
v 101.3707427978516 39.72223091125488 6.527906894683838
v 101.2790679931641 42.15252304077148 7.520382404327393
v 101.2790679931641 67.60600280761719 7.520382404327393
v 101.2849197387695 38.96806335449219 3.983477592468262
v 101.2182448159145 28.47457435820018 14.52946104042072
v 101.3587018617425 34.06699049373329 19.64403403825112
v 101.3458938598633 75.74340057373047 19.67165184020996
v 101.3482437822379 70.61222904170208 3.943655144878215
v 101.4126241952823 39.5502996056595 15.79189424118145
v 101.4203872680664 70.24884796142578 15.83908843994141
v 101.5589385535362 80.75289778703436 14.38428699626932
v 101.5576848060454 69.63163756322237 6.229538392718349
v 101.8142254151022 40.77149736776317 6.194597118107037
v 101.68017578125 31.83144378662109 6.218482971191406
v 101.790801183954 77.86690420437083 6.19022303486693
v 101.6403573625102 35.40020569148696 3.628044383607762
v 101.7081604003906 35.48210144042969 18.89049911499023
v 101.6959028742006 74.29123334623492 3.572499161504102
v 101.7810360246481 74.14789921583785 18.78917089644589
v 101.7185821533203 40.24524688720703 3.549813747406006
v 101.7133926358038 38.43524781026952 16.79288526550826
v 101.6878389141292 71.27278151018153 16.75223895279109
v 101.77880859375 69.27703857421875 3.489594459533691
v 101.902934491687 37.0883834600381 17.81584186086803
v 101.8263063616066 72.62075978548565 17.80330972021932
v 101.8394905207292 68.77673543018635 6.10228645733272
v 102.159969329834 30.29696083068848 13.89616966247559
v 101.9773101806641 32.44055938720703 12.27134418487549
v 101.9773101806641 77.31797027587891 12.27134418487549
v 101.9905242919922 41.60885238647461 3.277876377105713
v 102.040004581182 42.31787110203908 5.768443828585731
v 102.0505711624774 67.34131594236169 3.217823211814886
v 102.032112121582 67.65647125244141 5.8665452003479
v 102.0929870605469 43.08275032043457 3.175408124923706
v 102.0933456420898 44.76787149308112 5.805305480957031
v 102.0933456420898 64.76676419964538 5.805305480957031
v 102.1569069473659 79.50157051930883 13.92229049260458
v 101.5927195783609 25.90555872319674 16.64585282881183
v 102.1829528808594 83.19316864013672 16.55106163024902
v 102.2279440336867 29.84866392605956 20.65767132751342
v 102.1997146606445 80.05801391601562 20.69603729248047
v 102.238151550293 31.06881141662598 9.380253791809082
v 102.1057600426201 78.72045392791883 9.428906480047267
v 102.4461389406422 41.84435198796248 12.28328571232268
v 102.3886277543893 67.84130487378144 12.05870775112496
v 102.0755341060828 26.44527799170772 19.19027221848096
v 102.2311938210063 83.13924417768662 19.17729968038811
v 102.4893112182617 36.77555847167969 2.779087066650391
v 102.4893112182617 72.98296356201172 2.779087066650391
v 102.5387809628248 78.28871984724873 13.33470526637974
v 102.5769271850586 41.51258850097656 8.89061164855957
v 102.4969447173471 68.18402452955307 8.915663123874797
v 102.6482009887695 31.98227310180664 13.04970264434814
v 102.6609802246094 34.06269836425781 11.58766555786133
v 102.7201385498047 77.18248748779297 12.68071460723877
v 102.7404632568359 33.07286071777344 12.34378337860107
v 103.111076219308 33.10935747673834 4.85452513230032
v 102.8816833496094 76.88581085205078 5.016972064971924
v 102.9551239013672 39.15549850463867 8.663273811340332
v 103.1581853757141 38.34273562709521 2.116174028157624
v 103.1177749633789 71.53261566162109 2.15062689781189
v 103.1203079223633 31.38372230529785 20.15677261352539
v 103.2008079303366 78.17119373157196 20.06972167430845
v 103.1124783222519 32.8259724340983 11.1361741920314
v 103.1468734741211 76.92087554931641 11.10177898406982
v 103.1539764404297 27.93346977233887 16.27027702331543
v 103.116228338914 81.87970704933689 16.35033522629037
v 103.2485198974609 40.84099960327148 13.56012725830078
v 103.2485198974609 68.91752624511719 13.56012725830078
v 103.3047249762779 71.38513719848588 8.994740062453321
v 103.3221664428711 38.38139724731445 9.025896549224854
v 103.4073862538482 35.76391833959628 10.84126997708643
v 103.5055282420319 69.63131609858438 8.201736671309572
v 103.4945251779218 40.38764860767635 8.123867919393078
v 103.4115070810394 28.3217770911722 18.90434244495207
v 103.467071362167 81.32537061753814 18.90372897138061
v 103.5039729455206 31.83462389617289 8.166127699197407
v 103.5496409256314 77.91876461943949 8.068754009886451
v 103.5972413059116 40.17121067285839 1.671155836075394
v 103.5899136495384 69.8912704558693 1.67848539479952
v 103.5850692105641 40.6492275758359 10.15383664504948
v 103.6357678823235 69.17229949291087 10.21234380314556
v 103.7099380493164 68.67314147949219 7.908465385437012
v 103.7876815795898 41.46768760681152 7.830711603164673
v 103.8011856079102 33.10586929321289 19.42048645019531
v 103.8011856079102 76.65266418457031 19.42048645019531
v 103.8905218011288 42.02070948188224 1.377869024567454
v 103.8626150853434 68.23925289877587 1.405774330352993
v 103.8416060852845 39.64070734377819 14.82118631419455
v 103.8870618394011 70.17939897331203 14.81267714794024
v 103.8599777740317 67.27960621661107 7.650250966847358
v 103.9518007825938 43.10609431687936 7.666593496834212
v 103.9397354125977 29.37018394470215 15.80998516082764
v 103.8765565101886 80.38215769839456 15.76093660533231
v 103.9532165527344 34.16697311401367 3.945434093475342
v 103.9452451605333 44.44996172079858 1.323148839997442
v 103.9532165527344 65.25760508108453 1.315177440643311
v 104.0188339717939 64.2207813777049 7.665177822113037
v 103.9532165527344 75.591552734375 3.945434093475342
v 104.0491714477539 37.44247436523438 10.17939567565918
v 104.0491714477539 72.31604766845703 10.17939567565918
v 104.2255935668945 34.82453536987305 18.50530433654785
v 104.2024050048078 75.02789440066424 18.55530753939491
v 104.2581176757812 33.48860168457031 9.990538597106934
v 104.2581176757812 76.26992797851562 9.990538597106934
v 104.2783221957361 37.96366655516743 16.32288884453191
v 104.2823184383602 71.65976595702948 16.1667023400934
v 104.3830795288086 36.49740600585938 17.43376731872559
v 104.3830795288086 73.26111602783203 17.43376731872559
v 104.2134257742597 29.66409924263302 18.40792073260927
v 104.435432434082 79.68992614746094 18.29690170288086
v 104.5209045410156 30.84012603759766 15.1815242767334
v 104.5209045410156 78.91839599609375 15.1815242767334
v 104.8220191137301 37.28936156816928 9.426631590609706
v 104.5090076297999 39.56566011164595 11.60584778694404
v 104.5405491402479 70.20377079268178 11.66350320851483
v 104.6038523389485 36.36102133781016 11.37291311588718
v 104.6086471768535 73.47460344891142 11.39422222449817
v 104.7100143432617 72.65149688720703 9.538640975952148
v 104.6423567904663 32.78674125426543 6.976047685482476
v 104.6424100429732 76.92211646487431 6.861476731218544
v 104.8297159463536 35.56305328921238 3.135671526862128
v 104.8684005737305 74.076171875 3.030253648757935
v 104.8831558227539 32.30710220336914 14.40036964416504
v 104.8831558227539 77.45142364501953 14.40036964416504
v 104.9208679199219 35.08861923217773 12.46020126342773
v 104.9193313427216 74.66402399747076 12.45495510626645
v 104.9338095766391 33.65714087589336 13.48156585912269
v 105.017578125 76.02354431152344 13.48575496673584
v 104.9963859724559 31.57520571679203 17.69857637629364
v 105.1163101196289 77.96778869628906 17.56061363220215
v 105.1839107711451 38.23978936424517 13.11178251754887
v 105.0671481354127 71.25380683328831 12.77835262867741
v 105.0724486745556 34.19432977297328 9.176205326558675
v 105.2504638331599 75.40991826571907 8.998189671337874
v 105.2895885919506 71.76112174286169 8.959065024916296
v 105.5108360832262 33.39332732881108 16.6974592709822
v 105.4810967035244 76.49058303459948 16.77401325689633
v 105.5850069978169 36.76666660510978 14.37351974507112
v 105.5848999023438 72.9903564453125 14.3723840713501
v 105.5639727741102 37.29735793577992 2.330779766330201
v 105.6046829223633 72.37697601318359 2.293966770172119
v 105.6982040405273 35.18228149414062 15.57389640808105
v 105.697538567736 74.56692611616015 15.56683952753472
v 105.7096176147461 38.8154182434082 8.539032936096191
v 105.8130874633789 34.16697311401367 5.805305480957031
v 105.8130874633789 75.591552734375 5.805305480957031
v 105.8649948641253 70.55944293626528 8.383657628244404
v 106.1205990660732 39.93657958057775 8.128049623517635
v 106.1439514160156 39.22271347045898 1.754703044891357
v 106.1177102009767 70.62540480070848 1.780944027897714
v 106.0497853337813 35.30274058699202 8.19886568157238
v 106.2039865608516 74.19429683785759 8.044664192527607
v 106.3163996072818 69.0119299066634 7.932251035704943
v 106.4028396606445 41.11515045166016 7.845815181732178
v 106.4780848627884 41.25352872960998 1.420562715472957
v 106.4729080200195 68.59801483154297 1.425739407539368
v 106.5488988824631 67.20136649925233 7.699751312340984
v 106.5834732055664 43.57271896145573 7.665177822113037
v 106.5834732055664 43.1472282409668 1.315177440643311
v 106.5834732055664 66.61129760742188 1.315177440643311
v 106.6895278760579 35.6282180397303 4.916775062000135
v 106.728271484375 74.076171875 4.890125751495361
v 106.9403831927549 36.71088948377209 7.308270076067713
v 106.9794387817383 72.98296356201172 7.269214630126953
v 107.3703028862748 37.18345913173501 4.231255088899164
v 107.4623676160743 72.38203892957968 4.156032472294293
v 107.4521834439084 37.93250456291811 6.796472843330559
v 107.6079025268555 71.53261566162109 6.640754699707031
v 108.0215923409067 39.32916320350996 3.620665255659563
v 108.0038223266602 70.53581237792969 3.614574670791626
v 107.9636028335665 39.58728938944802 6.28505276425747
v 108.1548285608244 69.45345624600502 6.057281337734579
v 108.3082511240977 41.29551634324974 3.246049012069163
v 108.2571031107016 68.69272800010987 3.242085024232856
v 108.3489837646484 41.45145797729492 5.899676322937012
v 108.4006192422109 67.37919057083873 5.848039279904088
v 108.4433517456055 44.00475917396565 3.196343046721573
v 108.4433517456055 66.61129760742188 3.175050020217896
v 10.52596235275269 68.43827438354492 5.346669673919678
v 14.76307203102988 33.90789378830954 17.9388025095996
v 60.92760845347934 103.9532165527344 7.665177822113037
v 9.438538529317958 31.13552761100519 12.20856032802139
v 16.35120948537556 34.62101562815305 11.86108051171821
v 9.508075341513905 34.55797028785508 18.51320451644401
v 7.613120067948275 31.97413843093038 11.16035068974029
v 4.829855362486805 34.97936130864911 12.54297834938513
v 7.113736991676296 34.02359529881532 11.60386293871243
v 6.337567346616283 35.87772507929084 10.81838982132014
v 77.74850725504123 30.00450054620677 3.158638168817809
v 6.819530757907561 39.14337340317769 8.679402366127992
v 7.419531683724943 69.60501499363747 7.148123948876966
v 82.27757831505852 96.88757319874503 14.75838875770569
v 8.100904327289797 39.48130976137759 7.046641018561143
v 9.09960473003575 38.45128422938609 7.068791371360751
v 8.664445748970147 31.61423777834506 12.03704631985282
v 45.80188355952766 93.11309814453125 14.78556156158447
v 8.805913145990651 32.3851983370472 13.29603930047884
v 85.54991986618883 97.24092881632673 14.78556156158447
v 99.18049973407693 41.31272587848036 5.303395463410846
v 9.816865755452891 37.4632452353262 7.260259798249303
v 10.327311333845 32.2619006385669 14.56162731390765
v 48.10151906543467 19.27569198608398 14.78556156158447
v 11.19134321855983 36.81891632080078 10.94596065656903
v 11.4794301086005 36.89091311252392 9.619556576549328
v 10.73936353636681 35.28345603379047 15.22949050225519
v 11.31189878721505 36.97128770314437 13.17176812609719
v 11.48624271470911 36.94735790271014 12.79461993831136
v 11.42454235715201 36.72959637925801 9.272486278369865
v 101.8520134050584 41.02590548016563 4.683197495408865
v 73.84646123630304 97.43802832706962 9.129854154798084
v 15.62270399553754 58.16473914518696 15.80829185046146
v 3.14736905590351 47.81456515443325 1.342858445764877
v 11.95815903719857 31.33224041140429 17.60358713767179
v 22.59857881507213 16.02764212365192 14.78556156158447
v 102.753599392275 41.80038815948838 6.674106420441928
v 32.0220031385994 99.9884814523048 13.77115953061863
v 32.26190654971268 99.43121482561045 14.5616308838094
v 32.68140533427125 98.74329412250209 15.45736712427923
v 33.26949955340989 101.7410237026094 12.50763034982523
v 34.02359930017337 102.6447920139222 11.60385951321908
v 35.33695175246486 99.04750676717714 15.20114731896877
v 102.7717842966049 41.11508803557146 6.986739318415163
v 36.72959548950131 98.33398099477267 9.272488291557572
v 37.09975718836021 99.29956015979101 8.240336424406156
v 37.51525450278718 99.96921508386225 7.29597935698173
v 36.78887954977556 103.2809002436875 10.09830796817792
v 35.85244878758625 103.4023232126154 10.8463270454099
v 36.97128802283656 98.44662996861726 13.17176948078677
v 73.64539944409326 96.66814767952042 10.19109033710625
v 89.85142162172544 33.15036780988056 5.80530548095703
v 36.81891632080078 98.5330898809334 10.67038372171787
v 36.88136453438425 98.23863218267795 9.660018494416899
v 106.5834732055664 47.98374776959083 1.315177440643311
v 38.30752443492509 103.3573933522177 9.078552518534742
v 38.2207090988306 9.533501006331726 15.9052769324217
v 62.59229058067397 106.5834732055664 1.315177440643311
v 39.14337037304625 102.9389983278812 8.679404338554512
v 39.40049048929615 101.8070518399375 7.270740875070643
v 5.761660147987987 62.93007698283827 1.315177440643311
v 47.3625543309637 6.84302280991508 6.627461768146239
v 46.54304473320805 4.420911564773128 7.665177822113037
v 21.13556098937988 47.21313704832107 19.27569007873535
v 62.07127642880209 21.13556098937988 16.64842765821613
v 21.13556098937988 62.33246667576002 19.27569007873535
v 25.26841362528483 75.53373533064335 1.375797981318122
v 21.76201130214816 31.29515333608181 5.80552331785876
v 31.42617477163145 95.18271236201306 14.63152139396173
v 70.40581260439689 7.384933904858155 7.881426125803014
v 69.55199721794214 102.4707202291791 7.240066244143343
v 100.2324432448154 41.05802247225139 6.101607414328326
v 71.31810406159804 6.453316938133593 9.012928528889418
v 62.96406043645854 21.13556098937988 19.27569007873535
v 70.6151517301754 6.81952995905673 8.679401567280195
v 72.22475428647562 9.745757904834853 7.166548199048052
v 88.62296295166016 50.84238462183172 16.64543342590332
v 73.45104509306177 11.00782598481187 13.86033468423232
v 74.42157509687837 10.71101831557917 15.20114525726338
v 72.86761094871559 11.47943195828335 9.619558426224934
v 72.81116719024922 11.48624577493162 12.79461500641448
v 72.98296176291024 11.20776854522744 11.24452319252821
v 73.90607456698703 6.35619620463275 10.84632378692068
v 73.02892846845216 11.42454174668228 9.272486906263495
v 72.78724014811385 11.31189824640264 13.17176974116972
v 75.8406496268919 7.143076126786158 11.71259499409236
v 85.33006718970564 31.25927022315292 7.665177822113037
v 77.73652718661961 9.770052152202258 13.77116321999754
v 87.84635001532463 78.61322945244881 3.175050020217896
v 31.6074516168943 88.3085056061108 3.175050020217896
v 7.66517972946167 54.36857108050291 3.175050020217896
v 93.11309814453125 64.06000866564607 14.78556156158447
v 102.4890432079309 41.70399593210951 10.4035175045629
v 31.35182278275833 21.70556627200908 3.175107489830349
v 98.27228301825289 72.81116708775306 12.79461487728078
v 98.23863138751324 72.87715906699216 9.66001928957435
v 98.81684642018507 77.05915864270025 15.43180284487818
v 98.33398282961596 73.02892991479732 9.272490178765651
v 98.4728607763726 72.93960571289062 11.05325304778029
v 99.29955955711978 72.6587666701889 8.240335012485708
v 98.44662984061799 72.78723734790535 13.17176960878486
v 99.98848011408217 77.73652348705241 13.77116146371509
v 98.75070071485604 73.45104450772826 13.86033524058919
v 99.04750641420631 74.4215739245551 15.20114767194368
v 99.94166242641879 72.29527946847961 7.260263643364546
v 102.6447920139221 75.73492654821521 11.603859513219
v 100.9670981577131 70.87921048778477 7.051273260528951
v 73.8843936810735 26.16359597967978 5.774641711726174
v 102.2703519834164 70.38727191347104 7.761052468620948
v 102.3763031968109 39.98942448211088 7.29820927117794
v 103.4023253347409 73.90607543668247 10.84632492328916
v 102.9389986931774 70.61515542637321 8.679403973262474
v 22.83850183621316 32.84922704562278 1.315177440643311
v 18.99584378068589 15.0116253965602 17.86969614634511
v 8.997523875117153 71.42537261406522 6.057276133880579
v 94.97296905517578 52.28705375362758 16.73681728226278
v 77.36076514117845 20.65970989342392 3.175050020217896
v 102.6271117175301 40.20863551915313 8.532166882850087
v 5.805305957794189 46.26223092489553 7.665177822113037
v 1.31518018245697 48.87271847511054 3.239038817520984
v 3.175050020217896 47.96151423406511 7.665177822113037
v 11.01378431758778 31.43274437140747 14.06087728610422
v 10.72548336373618 72.66695828461121 14.67861532595089
v 1.319801629257684 64.56646898141331 5.809926933978239
v 3.175050020217896 64.56312449558038 7.665177822113037
v 22.09032975693186 31.00418147886948 3.1582242505436
v 77.81909358043966 88.64048588733377 3.175050020217895
v 10.47981212698079 34.52884982303087 17.84667430335334
v 12.01093570304787 21.99653347419822 16.65903612462036
v 76.75369461922678 95.96779514474871 16.98184856773489
v 71.94792199957423 93.39812965489598 13.12721090450493
v 79.20152630236234 28.85047326062749 7.665177822113037
v 15.74878664376857 82.51952761924565 16.64539133920642
v 10.26980531812413 86.02086353751389 16.64543342590332
v 20.80030196861501 77.53238235919716 5.827244470467869
v 25.60978902335949 36.42794214729481 5.805305480957031
v 14.4935212424053 25.86395022365916 21.13556098937988
v 15.27292721172239 27.65201695357244 16.60103847733103
v 75.5451010002985 25.19404879923908 1.315177440643311
v 9.45103961617993 70.64837038121168 6.354397127530206
v 77.45995808837642 20.7234601292638 5.830366960544865
v 90.48283386230469 62.80551068632171 21.13556098937988
v 37.03606832603531 99.78466517930646 6.674849185911951
v 25.54793239986519 33.85954211795708 1.315177440643311
v 13.21663683264362 37.24740874888229 12.49267839369599
v 24.21024953514408 37.82748163551022 3.175050020217896
v 25.14008044480689 72.8608783815246 3.175050806117222
v 14.78556156158447 46.51259934226263 16.73891766704735
v 21.13556098937988 48.24444027186135 16.64543342590332
v 14.85990193371312 33.95852740075029 10.36977339504599
v 16.64543533325195 47.44233088243925 14.78556156158447
v 102.2571301778622 39.38444327434906 7.805901441000719
v 24.34358909869133 78.41438606524406 7.665177822113037
v 19.27537458262452 64.02938636290801 14.7852437349204
v 14.78556156158447 59.44792499340335 16.64543342590332
v 14.82024024597306 62.95564616088697 16.61075477707862
v 72.35222244262695 97.76180458068848 10.52295351028442
v 21.13556098937988 62.06092985069577 16.64543342590332
v 24.06173097940593 9.990102694792286 16.6140629855
v 28.51159904856443 14.47612907033205 19.25975549777708
v 27.11264927074951 93.88344761573413 16.64543342590332
v 7.739183642358187 69.03300552685326 7.929961021908626
v 27.74632938482728 94.58291032969892 19.32220540697141
v 26.36992540705562 95.77098312019041 14.78556156158447
v 24.28464361292792 93.65521680555919 21.11400550472511
v 71.32976092750677 96.27765579066605 16.69843110024624
v 35.05142239869852 85.40247686613917 1.315177440643311
v 12.6555442367224 70.56198167960947 11.64001305779999
v 29.24800256650423 23.80933725559063 5.805398477886413
v 46.82535561733254 3.186426283389808 7.676553689912014
v 104.193541593521 39.58593372145312 13.29584159980701
v 100.7793431600399 39.8116626652182 6.22446957530858
v 102.7274235131761 39.23819624428855 15.64256204016341
v 41.54198155329004 12.15426243007662 11.70362780209094
v 32.86344342146256 26.54403109635971 7.665177822113037
v 31.54219019004474 81.89324385065201 7.665177822113037
v 6.602950496939899 66.5603073515508 2.112821468535836
v 101.2704315185547 42.49011993408203 9.135432958602905
v 36.94391302595398 98.29428017388125 12.78741767315124
v 66.75777435302734 99.89157485961914 7.799368381500244
v 87.1155948198645 76.71372799507691 7.665177822113037
v 100.8954745001058 42.03578618887397 12.36005090765932
v 36.40292484675338 25.63480632390092 5.805305480957031
v 7.66517972946167 50.82751367647818 5.784809403416135
v 21.09381743926443 21.89391067963206 16.64543342590332
v 46.42800173721302 94.97296905517578 19.27569007873535
v 38.45252056844929 13.56305013647097 16.75752387081976
v 47.0008123889201 5.815546360336127 7.674852910296103
v 46.19197804983395 14.78556156158447 16.64543342590332
v 77.42582113793607 94.02656461784723 16.02948288695733
v 7.66517972946167 63.68127248696513 3.217847889027828
v 76.70585649485204 13.87128219230803 17.00012591499336
v 99.43782435816635 39.03377001732045 5.793466235631185
v 38.76006046277956 11.99744298884095 4.801373341437363
v 42.02090721126416 13.25340670350218 10.58776213692859
v 47.52622555295203 19.27569198608398 21.13556098937988
v 46.55639770414051 88.62296295166016 16.64543342590332
v 3.175050020217896 62.85522644130651 1.315177440643311
v 47.35171501649761 90.48283386230469 21.13556098937988
v 50.96423055773472 88.62296295166016 19.27569007873535
v 51.27904585567534 93.11300233510383 14.78546575210791
v 8.98375082743881 69.99373053507378 6.22191947316556
v 12.97589054601286 74.20569782736115 17.46601737061434
v 47.04800604650343 106.5834732055664 7.665177822113037
v 74.55664025680225 96.92459926279618 17.32405295549971
v 48.5899111362565 108.4381011884527 3.16979947989194
v 51.27904585567534 103.9532165527344 1.315177440643311
v 72.06612969214358 85.41319464867674 5.805305480957031
v 13.92792256509562 39.49199424367438 10.41262296902402
v 101.1732444863887 40.84738099995777 6.953072211705555
v 63.52154007213884 5.805305957794189 7.665177822113037
v 60.03298209621572 1.31518018245697 3.175050020217896
v 8.654935050321084 69.04707096976836 6.836267440624544
v 62.76239461087128 3.177004502191882 7.667132226895502
v 84.06391619131249 14.6628611698349 21.13556098937988
v 12.21303730889054 77.41044917203857 15.76014235607268
v 32.44335618135048 12.50943370913656 15.9823396202499
v 13.9559680677108 22.68175680869301 21.13556098937988
v 78.26023992180079 9.025846342834843 12.28220141387569
v 103.3157643651158 35.57475225527984 3.295456730663119
v 77.37466558895549 97.15651054527218 15.96721405339997
v 62.49218858790705 19.27569198608398 21.13556098937988
v 10.47755171836179 34.884850348321 16.88997054745158
v 61.21989539690092 19.21096657603568 14.78556156158447
v 61.92509853185457 16.64549054633741 14.78550634855563
v 16.64543533325195 45.70804142955451 21.13556098937988
v 96.18374890011428 39.57244100555758 10.75175300244138
v 99.712655825784 38.39467118842231 6.439712539181874
v 31.49096638179418 88.19202038440167 5.805305480957031
v 64.09528839959032 90.48283386230469 14.78556156158447
v 90.47150890807782 47.90893069154953 14.80237482553036
v 101.4251574119529 39.60258039646136 5.273352328970829
v 58.21468339298295 90.48283386230469 14.78556156158447
v 62.72485717089412 93.17283336030982 14.84529680799309
v 64.44143481133406 94.97296905517578 16.69474286412282
v 72.37169637916512 11.89188095970404 11.22558054663554
v 39.28098818313972 97.00172750502441 11.54956785833241
v 78.23690189657988 100.9805011642246 13.73532385288684
v 65.06862940444645 103.7941687522769 7.528393176059389
v 6.970973250829703 41.51678833166158 6.831590587954824
v 62.24744487824027 103.9532165527344 1.315177440643311
v 62.86829106238183 102.0933456420898 3.175050020217896
v 64.35973169020878 106.5712790480064 7.677373887129542
v 61.93196840754974 108.4433517456055 3.175050020217896
v 58.47948607238712 103.9532165527344 1.315177440643311
v 35.09563560864075 24.27075636948089 1.315177440643311
v 103.8484677657294 39.07231688655347 10.20970229512727
v 7.66517972946167 46.67794118339378 3.175050020217896
v 47.21313704832107 3.175050020217896 1.315177440643311
v 47.21313704832107 1.31518018245697 3.175050020217896
v 108.4433517456055 62.5453918399045 3.175050020217896
v 88.62296295166016 63.35555244370214 16.66966876560125
v 106.6151345674334 62.34286947252448 1.346838701043238
v 103.890565734018 46.88312217161109 7.602526955209073
v 8.050850772171078 69.47845831614255 7.365519144048973
v 63.24107893980428 108.3822731731157 5.866383849874918
v 73.87155754719325 86.2380234464591 1.315177440643311
v 72.86087806381346 84.61844627700685 3.175050020217896
v 78.34764273737032 11.90105135380672 17.81138539704247
v 75.64732162553592 25.29626940097423 7.665177822113037
v 75.06520065624534 85.0444809770579 7.66524898509361
v 37.7750452872522 10.44349933306166 15.48347798601462
v 6.409537762310551 37.11858658946942 9.913318375118866
v 72.96964849225384 6.477623416480283 10.09830832508073
v 8.322163406630452 72.38860125734726 3.832034707938599
v 72.71363339003969 10.54126219649958 8.386676790938395
v 14.05250975761614 76.43702067474158 17.31489767439308
v 80.50314150093365 23.80182740409273 5.805489300909398
v 77.72670953016501 97.75831899715391 15.27030507004639
v 75.71850419387829 84.39107679977405 1.315177440643311
v 37.74227195987145 14.45567921663467 8.207722046001928
v 78.69618236842345 81.36350090858508 7.62989480782136
v 37.77471296391055 100.2874608105348 6.593306988944565
v 98.28112653686803 30.67094144652241 15.64308634463836
v 82.2458777524016 25.54482306623326 3.211592514589397
v 102.0931663513184 46.42029075681583 3.212875958449233
v 11.82173094306622 37.28617681864225 10.7526173109611
v 77.49662882307524 10.32731147422956 14.56162721150366
v 37.39979368021045 11.33710995806623 7.398479577692723
v 36.64261830190775 15.16235384773048 11.94197336267352
v 40.92737248814299 11.19605719135015 12.8157718749324
v 8.859496554219394 73.39362309600969 4.36936762011047
v 8.045641337479012 31.90565588682889 13.34354068976148
v 36.60642035661692 84.34504835312829 3.16244037834775
v 81.2219990010164 14.45166813487574 19.27535949376326
v 15.67694395657043 72.67073985278608 12.47043266969028
v 46.72715516483867 88.62296295166016 19.27569007873535
v 103.2126566589707 41.05156391769416 11.51452601427091
v 72.46800490825798 95.81847077689329 5.828830132996608
v 100.4579070439138 37.96316298142019 6.484244326168096
v 96.04930589275104 36.06044466717351 10.62207948777727
v 86.05059518151396 99.45898733801729 16.64543342590332
v 84.5465027035039 36.8257074535146 3.175050020217896
v 83.06777678064418 35.25914505633629 5.86741509097353
v 12.20340027963017 72.45789725156082 9.48121606381452
v 94.93905146047291 48.38434641094882 16.61151581380874
v 103.9767571020175 36.73932551190083 2.677533415875621
v 37.12436645138612 100.020504792137 5.857547800060214
v 22.5479968853574 34.9996048144717 1.315177440643311
v 93.1588484800578 50.93934590481864 14.83131192057013
v 44.04740325502878 108.4086240223929 5.818063326434909
v 90.4828731530977 64.0297732511269 14.78552227077131
v 11.96924623881891 37.29884948352165 10.04916119115731
v 90.48295762845203 58.47948607238712 14.78543779537367
v 94.20101809589806 36.9487058520192 12.33438478523184
v 72.39637257501835 98.32372590214055 7.507225329508842
v 12.08009558851513 72.90825062883707 11.42306179526195
v 83.87615677638209 33.52510265986884 1.315177440643311
v 86.58235469354764 29.88130050589508 5.805305480957031
v 12.05246243412909 71.01480622197708 12.31930009026187
v 13.61879287110569 32.97206008739263 16.9021542365176
v 102.8493478885678 70.04668267663202 8.02535919935411
v 37.96091693133566 16.43006598230955 13.2550640975276
v 100.858698315281 38.41870695102108 5.730511523458013
v 95.26010854563506 28.48931051716876 16.64543342590332
v 10.48208417290777 74.59898593926027 16.38728964126592
v 98.42103491920454 37.23713018630036 7.938614583318104
v 7.806838714500604 68.21407846552522 4.796186234818309
v 94.92360163082145 28.13811090320214 19.28607933725833
v 94.67072042984903 81.92898133967462 19.32545224030799
v 78.07875347137451 98.36012744903564 14.57339608669281
v 31.83363247897224 11.57749876616646 14.8794656447543
v 67.84780558093955 96.97632386940258 10.99886712328182
v 97.78574805477709 36.07555677831372 8.970545657915746
v 76.44156790977075 98.77838754617714 16.7847640877886
v 14.90130790690343 73.19465727634632 11.76392978505111
v 64.08149971819238 102.9649034689448 6.676863978166847
v 72.97661645507593 94.54851600852012 12.08786205454101
v 94.41319064344265 82.16714714104378 16.60936364062363
v 98.40462365821215 77.38146517084999 17.37830067432297
v 96.45190347482331 27.05084560513316 14.78556156158447
v 99.07301286981357 23.3219576513401 16.64543342590332
v 94.97656699534704 50.52328711667847 19.27209187852215
v 68.51239592863783 98.17469842964138 12.31618129657128
v 12.20317694683863 72.65579653411405 12.90068291183316
v 16.31779101338138 37.20926875404921 7.257579808589973
v 72.96329157661239 11.30030100658564 12.16509486448769
v 38.79493895142437 97.82043830574618 12.50852916021909
v 13.79393512628961 72.45457207988959 6.018276635440802
v 77.31461537496249 11.32213927012094 17.33195870711816
v 96.96297935801434 74.3865607347042 17.28567124509126
v 103.9532165527344 48.34323992039916 1.315177440643311
v 78.79580607299958 8.92898740583489 13.97688083866291
v 102.0933456420898 60.22445762785687 3.175050020217896
v 102.7359606653493 69.9636960038421 8.579055332489345
v 106.5834732055664 47.43752706325913 7.665177822113037
v 5.343377228044127 70.44768320148208 8.483696120997006
v 38.98731159998087 17.01727835005851 13.83953857111769
v 106.5834732055664 63.47620261822208 7.665177822113037
v 77.91303979800814 23.79508985086147 7.631835653499888
v 33.13134761216116 87.2021445787139 7.665177822113037
v 103.9532165527344 60.90484140611271 1.315177440643311
v 100.7624731731872 79.00033122453283 14.07393823634289
v 36.22926883048836 95.36306261114969 11.22046049119047
v 108.4433517456055 45.19965830211756 5.753483810903078
v 5.859330970241168 58.59236034145359 7.611152851219094
v 32.61787193258886 11.75367263681582 15.77979772234694
v 69.41387701963279 101.2208363067988 6.821532905851875
v 36.39146418030217 11.68619159372738 15.07010923915245
v 97.94847271117133 36.73338220977766 14.60684874743473
v 97.91094553718568 37.439524288233 7.129657150696637
v 11.55808076539188 72.38995052981358 7.453539633373111
v 14.77222626487676 58.47948607238712 19.26235430013927
v 13.64763160463772 35.89694508100426 10.36224316787934
v 40.05821819268638 17.44660681640597 14.27745986631881
v 18.30429711855529 15.7031720586908 16.65066024913727
v 19.82556997009324 15.51182696109669 15.70503237975066
v 70.06683452424356 95.95715124615981 10.60196020612141
v 15.86493030588557 18.14253887136052 19.27569007873535
v 18.7306244051296 15.27684477211649 19.27569007873535
v 98.72030129559879 36.55316712009914 8.328668669556855
v 21.19803937543179 19.20416729329504 21.10392844811287
v 19.19375738585191 49.00373855606023 14.78556156158447
v 10.406182360841 35.62134728702952 16.38733181191436
v 19.27569198608398 58.26848256762981 14.78556156158447
v 21.13556098937988 56.76799386590426 16.64543362512256
v 18.72042225191694 85.49122252642016 19.27569007873535
v 11.85349536179364 73.1329824467765 14.97417573225129
v 21.49399287189566 88.2645390561668 19.27551127923946
v 33.00966449823829 22.67806438359765 7.665177822113037
v 77.19778451766921 86.7214528060892 7.601598662323698
v 19.85870546090661 86.62934884349812 16.6453226363782
v 12.38086631968447 72.30667676086098 6.85381268863127
v 19.27942404373665 95.03048019165874 16.70380750792539
v 7.230391365027328 39.82016126717738 8.324014349844173
v 38.9557732593393 99.13308803114943 5.633137242707813
v 20.70323059722187 90.1042870074852 21.13556098937988
v 93.46004216931108 37.80999726771528 13.11610076968687
v 37.64859130546137 99.27547867326876 6.69304653020518
v 8.435607160169956 39.4037281699114 5.484039027764756
v 12.67477625757135 36.03892013343514 9.708040374295051
v 23.92008223639717 19.06764588249931 19.27569007873535
v 54.64397293089215 3.163302302841849 1.326925175337801
v 70.41123706099212 96.82093582830075 11.35914757812843
v 8.883461256071147 40.69082226929384 6.603962843558596
v 59.78762839005595 3.175050020217896 1.31517744064331
v 75.20819193757951 98.16796569409824 16.08068634611266
v 51.57047142110576 14.78556156158447 19.27569007873535
v 51.27904585567534 16.64525437698352 14.78538091623746
v 102.3674179856837 40.12542078405246 14.74937281194102
v 34.40052445380179 11.72942535540183 16.21955249791086
v 52.06355045046131 19.27552087854849 14.78539015930933
v 51.27904585567534 19.27569198608398 21.13556098937988
v 56.06221044896219 16.64531082946227 14.78543727171882
v 38.09130168732449 99.76943676129581 6.694379239292931
v 39.02009815662377 104.1760006695232 8.605988141003989
v 55.36037513514926 21.13556098937988 16.64543342590332
v 8.222964480320178 69.82418939712103 5.205571556101949
v 57.13942440682395 19.27569198608398 21.13556098937988
v 54.435608658768 88.62296295166016 16.64543342590332
v 10.7406449783658 73.32952919187881 7.400355483184445
v 72.2903207291105 12.29660257219336 6.801355967738504
v 71.72605755703917 9.153342459671823 5.887839995154357
v 53.89107642033542 90.48283386230469 21.13556098937988
v 94.97296905517578 45.42387864245433 16.71226048981997
v 32.38619804382324 10.4460289478302 14.70863020420075
v 11.45030353480882 36.12869145234357 15.07877886480011
v 55.27771624404575 90.48301676757555 14.78537693543068
v 98.53911900879537 32.75689387168669 16.52100807844694
v 37.31438918815675 98.31354004551324 7.643554320170558
v 15.39978587534284 39.66939604405233 9.40491306893075
v 58.26898570812144 88.62296295166016 16.64543342590332
v 37.49344642591053 97.4589315472427 6.68553010612963
v 9.283334373826941 31.72863939138462 12.93727910238057
v 53.80437611632009 103.8976671257003 1.370726917523877
v 39.87036114730973 14.7136223754977 9.927144877841778
v 52.07647834293926 108.4433517456055 3.175050020217896
v 101.5452406627215 69.83155095275926 5.118638945615606
v 5.402289432953123 39.26346608248654 8.487663336244429
v 59.77973556074726 94.97296905517578 19.27569007873535
v 58.69880112623385 102.0933456420898 3.175050020217896
v 38.82116458787584 100.9698124753432 6.362354628896442
v 43.61361859600611 12.8569632281272 8.285277598782985
v 55.67077308777793 108.4433517456055 3.175050020217896
v 87.28124693923419 17.89164425997215 21.12746245440935
v 101.9562641825941 40.61037067086276 7.812135471460822
v 92.08531827533564 22.67072867191339 14.78556156158447
v 105.2713630210863 34.83902439365644 4.451840514559215
v 70.80093447127872 97.66320480934985 12.32422272582798
v 97.6561222076416 38.89865112304688 12.29428005218506
v 38.87526181156773 12.07095497966803 12.33423406061549
v 9.60570072992364 37.40657451246373 6.205284471967691
v 14.22938504601333 70.07171647180684 10.21117724227238
v 40.29591895293 102.1823755526332 7.977972355495184
v 7.641251972147096 40.49694913117708 7.968626333560357
v 90.44920735165537 51.52268210423643 14.81918808947624
v 88.62296295166016 55.49411431166521 16.64543342590332
v 88.62296295166016 51.11337632966997 19.27569007873535
v 93.11309814453125 58.4128051549979 14.78556156158447
v 91.57190336971661 84.95742402286152 16.64543342590332
v 73.59571702425731 95.65866586126772 10.96457589274159
v 68.61966666420818 7.880161503538839 4.684375633854394
v 89.81944846420092 89.40691618450703 21.13556098937988
v 38.03037567284046 100.5925501401296 5.964066380481857
v 92.51594182477565 92.96678508660821 19.29467984702554
v 96.44990147589156 20.69884565431914 16.64543342590332
v 36.12235331719275 97.39867772351279 9.511508205301375
v 69.84990026225387 101.5276932218594 5.197142484887267
v 15.3328107380249 74.31897536228411 10.90364626142357
v 102.0933456420898 55.00480501812856 3.234209707888873
v 103.9532165527344 54.32559271382004 1.315177440643311
v 73.64527902728463 98.42858979794214 8.016250064708943
v 7.885443787658341 69.76098285595006 6.783721272197441
v 1.31518018245697 45.8752528194455 5.805305480957031
v 1.31518018245697 49.72554867038978 5.805305480957031
v 36.66796660850273 103.920067571695 2.710464251674768
v 36.17820496296607 96.21888364994442 10.62274625820272
v 40.14224894308698 101.6052436733688 5.211998068031209
v 7.66517972946167 49.74957802225889 3.175050020217896
v 3.179725546775956 51.27904585567534 7.669853186176908
v 30.7895855919329 11.09324795113717 15.29745742836503
v 3.177773774780964 55.64408719314129 7.665177822113037
v 3.192271151338633 60.99417032365444 7.665177822113037
v 96.00229297631779 32.96864487109748 16.94235739699899
v 72.57922065928311 97.18764161720526 15.78015489678782
v 71.45951909636779 98.30626360228577 13.19488105573375
v 12.09491566226218 78.21884983111369 8.811622324006986
v 69.16743927352121 101.7641814646418 7.559041436966321
v 72.59465058640134 11.59201696575117 11.74388634032341
v 11.42453752260931 72.90208427650823 10.28940469257096
v 95.86612293748358 76.36287113996876 17.32375040793942
v 39.53459683933113 15.966366054432 9.059714399312274
v 35.58222961425781 103.2882804870605 3.295247673988342
v 70.01206148108852 94.79690563533003 15.04801550826904
v 39.32743822239507 12.908042338408 11.39203070295013
v 39.02346261788506 101.1588235223442 5.52654092106149
v 34.64590282066444 10.57191456749932 16.67691857505019
v 37.79917029388715 98.6632033745425 13.88431280943763
v 38.99716535472383 18.41362184176558 13.92349238018077
v 12.92356709280814 73.58063381981293 10.13516122464939
v 11.25335644277205 30.76685014492667 15.45274902953121
v 98.07583287410023 77.36768513570672 15.51702441850716
v 12.9686121646678 21.03885701257829 19.27569007873535
v 77.38864046527381 98.39540262610976 17.26964586973882
v 38.13599255347447 11.44225110181976 13.17200237743495
v 37.39882496615939 97.03888323800356 13.51287664221102
v 12.95119767315916 82.3522523010956 21.13556098937988
v 15.58352043485803 82.35432143058941 19.22930004180925
v 77.1406135425941 97.96394716770801 15.82938294964761
v 41.66072495276337 102.9096347134964 6.902119307000888
v 10.82586843913361 35.86496993435183 14.53235280929072
v 77.24440472853459 11.72545783298779 15.64078016073896
v 38.85587161857399 98.22305498878022 5.06028759684115
v 7.537353683864685 70.39636531082888 7.763770430598735
v 38.19389962336597 99.26189829371468 6.262948416963328
v 73.73642745168775 13.36597332781438 10.31077871871704
v 37.23325181506978 97.1351245379737 15.81763716847484
v 11.16682534720191 78.04970400693709 7.913670457631529
v 37.50133348807142 12.36125975431795 6.630130374317061
v 76.26977228822 10.89665456205504 16.97225249859396
v 77.92250600704703 99.01867439799793 15.12859387771125
v 98.1287947141472 37.89019618369211 12.73750655186924
v 70.95028178498201 95.19069324612977 14.41023784321574
v 40.69973498096733 102.7044979215506 7.142264116418406
v 25.20265570441035 27.85481461724492 3.19378221346927
v 25.98856667242667 29.69916220940926 1.315177440643311
v 72.05130255626877 96.60768751107219 9.13077391190031
v 23.435198111301 80.13625303998904 3.236287608273877
v 26.56416015769931 80.63495712425204 1.315177440643311
v 72.5086547816267 96.81466092211814 12.81329215264524
v 8.614931608741879 70.73353495851275 5.640014805514931
v 37.75322163752452 9.357345924303109 6.092016022186747
v 14.81071707063713 47.206525551629 19.30084554909157
v 12.85607106437944 39.27057342932832 11.42780718212825
v 14.78556156158447 62.36877532776126 19.18799354161964
v 16.64543533325195 63.62921015974993 21.13556098937988
v 98.88018250404863 76.21578027689104 16.95239363408174
v 26.28437072431489 74.00516839794042 5.805305480957031
v 13.88657556076332 71.97894642401788 8.613467083916614
v 37.39321220424905 99.18201696046717 7.44608589713696
v 37.89777359259726 98.13378452076185 12.74990109593798
v 71.75378162605142 95.85297870204039 13.77746167735064
v 100.5722522609375 71.65827452807859 6.355435660167177
v 21.13556098937988 51.27904585567534 19.27569007873535
v 36.54095381947488 99.2412126533347 7.070423448307566
v 16.64543533325195 59.52391953596579 14.78556156158447
v 19.27241116083387 62.12094778013107 21.13556098937988
v 75.54921780848017 10.77796487456695 15.98279652590807
v 21.13556098937988 58.47948607238712 19.27569007873535
v 73.30864356060722 97.96893544817333 15.21144057111447
v 95.24455436648901 36.45815288799788 11.50985244432387
v 36.52412497943832 106.1341228000041 3.56647435884761
v 24.28694216429194 12.35078271211187 14.78556156158447
v 27.23900083873963 15.74878733683121 16.64539099853288
v 20.82041029671306 13.22000193279189 16.62213916746272
v 39.98977792276781 102.2859806185074 7.205200611641046
v 32.9910563947119 11.22156525815021 15.79525406308777
v 11.2215647688542 76.76747062294709 15.79525389708563
v 76.76747109590033 98.53696610036576 15.79525376219046
v 72.32771238091172 97.17151558706755 6.786715278097508
v 21.85498153949478 97.60603709525151 16.64543342590332
v 24.15903716987563 97.33171182538399 14.82224136808113
v 72.52318928124713 11.78403741138765 7.850564768504527
v 16.41169505050951 71.81291101101426 13.2162589702908
v 40.22791845357512 10.23553753260595 13.98955120863883
v 38.27706232977192 19.02627467992378 14.53614666283292
v 79.61585606201136 98.10018913730741 15.5836170380295
v 31.16133191483218 101.0811621571777 13.83602893896675
v 74.85779265032099 91.69876408311671 17.97725648065824
v 12.40052294106068 37.66287878892946 10.46151150077489
v 77.02437494693798 11.311195046655 15.6999743646544
v 71.11880423017973 8.882654296394749 6.319965939883697
v 30.91981299488639 24.67428497559976 1.381384454378147
v 28.88219026574701 24.17528005590826 3.20050495863232
v 11.6429895427989 71.92465136692726 12.71018104455465
v 8.736379517589576 70.65893917293126 6.794447953510316
v 11.0839705863165 33.15760723756709 16.32970883119233
v 32.05260397823775 86.12340094479048 1.315177440643311
v 37.54219638642873 10.99850633244291 14.00549569702269
v 27.93728034251765 84.63833475365222 3.18585840118898
v 15.43914589049619 37.53395004754713 7.6621467431387
v 12.6813710385355 72.39462098319436 15.69730862668684
v 97.81721443580221 36.45665980046115 9.526050851939013
v 97.95314285070033 33.96357836240692 7.315251348978937
v 39.58458761502551 14.90919663750103 14.94696063898349
v 9.453167565174244 38.96231806551775 6.414816033989331
v 75.2533261484994 99.0779074863259 16.19987726658531
v 71.41657057389007 106.7757158390123 2.902402170032583
v 29.04181883812505 26.56315439251654 7.606660781598152
v 39.14186696451704 19.60036668709891 15.1102387373134
v 70.7879511571669 101.1064334199876 5.763269829194346
v 38.34075516248944 98.39197394875025 13.3444963294492
v 39.14530226653393 100.4803859797872 6.451804526063717
v 37.53959543258041 98.52875770473327 6.933805560365953
v 13.8959451588327 38.00187624715171 13.77660639262624
v 98.89583523351166 75.95937840005122 16.18718920290875
v 12.19313378592388 73.32130024837598 9.789001817698693
v 98.37316925556483 77.97470865417647 14.68383082211302
v 14.76246453083834 37.03857244419638 5.494702336205715
v 99.29049521467424 72.12887523839019 6.682152609875022
v 67.68773950587949 90.75768958385127 5.157853418557663
v 73.34553151444622 11.7216217253106 15.08694985003835
v 12.99366093907532 72.3959386650007 13.11325410129736
v 39.41943007154043 13.73329019066699 10.5688264520622
v 10.76312091821333 33.94583800051635 16.59070027514496
v 12.4527031921754 73.93544951882987 9.14861859436928
v 11.17065121330229 32.75282737080397 17.20588352820206
v 10.27576165397737 70.9997940201249 6.019723944065809
v 11.8479483265712 75.055686598271 16.33807607319975
v 41.31316625274811 7.00190956949527 6.881544219676376
v 71.09014478436831 8.827249447750596 5.821716178133709
v 46.27425965186788 1.31518018245697 5.805305480957031
v 98.39025308346331 38.38653498332859 13.38117864080525
v 14.67621423137841 72.08161911969088 8.031077986448611
v 50.69674357079417 5.805305957794189 1.315177440643311
v 46.60177235439206 7.66517972946167 3.247933086885616
v 95.99349052338725 37.94629168646828 13.80015301241819
v 97.06220159271668 32.88891233270464 16.48751545809403
v 10.9561366886297 32.13448626625431 14.80942266753536
v 45.47425964954549 14.78556156158447 19.20353400209243
v 46.48168693576075 16.64543533325195 21.13556098937988
v 14.60399055959869 37.72418224198823 8.148637210672852
v 70.88350189732671 10.95874522069572 5.454550548422401
v 10.03511024824576 38.04987820890317 6.69112704420751
v 46.10534980343987 21.13556098937988 16.74018029478552
v 51.27904585567534 21.13556098937988 16.64543342590332
v 49.51582000793867 21.13556098937988 19.27569007873535
v 72.44978396015289 12.9248756257909 13.03708239367075
v 46.92795638577897 90.53811975367749 14.78556156158447
v 70.82776965553411 95.94001312098831 17.03607281624966
v 37.75385499008808 13.33398620177712 9.025436152332412
v 46.32714977593689 93.11229833699723 21.13556098937988
v 13.39386183952573 78.34153672837405 10.25698963743222
v 12.97260104867194 72.06365858749 9.355165975249363
v 39.76391676184199 8.495086901353746 6.660249622398862
v 9.081974767191488 38.21057043604974 6.067855829698156
v 99.16407491094003 36.80392336061159 15.11919056620874
v 97.67683784025382 37.23430475317687 9.584358568668691
v 15.00504236377021 39.89020681513031 15.12669335858443
v 7.269102533973965 69.7917412031815 2.778972592769989
v 49.95093031181396 102.0933456420898 3.175050020217896
v 51.27904585567534 106.5787985727264 7.669853186176908
v 51.27114799874212 106.5421107298051 1.315177440643311
v 11.19336557370962 76.92301559006872 16.47891335744093
v 100.3515604631452 38.75132697114381 15.61954799013922
v 97.01293623218615 37.22085641576282 12.89854868350252
v 64.76110633985161 1.31518018245697 5.805305926353101
v 98.6345649862746 76.75042242449862 16.49382963599074
v 68.58342809346439 102.6438008298368 6.835487318116436
v 62.24745381286942 5.805305957794189 1.315177440643311
v 72.92762083521438 12.06410237006825 10.15799475507378
v 39.57305699115679 101.3178189477124 6.772133245202949
v 98.83707399789378 70.74158859968908 5.380571938561681
v 59.95162295881559 7.665257788924212 5.805384013097978
v 97.53194303068518 77.00413136558689 16.15098090259706
v 70.9869917096748 12.17956439871854 4.664480946544846
v 97.06165297542952 37.60492580579223 9.473328343392071
v 31.63600151372957 10.74909487335035 15.12261795149373
v 62.08386577993588 14.78556156158447 19.27569007873535
v 77.16043708452746 13.35858905483357 16.50694910098604
v 15.78456650119624 74.49930851703638 18.96030388921792
v 37.20662516893822 12.76966345433749 12.81136210066907
v 11.46041493056662 38.89078839387565 5.088670957162107
v 59.3168232654952 21.13556098937988 19.27569007873535
v 7.166162360452716 68.73892531431933 6.854735468341171
v 63.92156408430305 88.62296295166016 16.64543342590332
v 98.82087514867513 40.63133041752141 13.20782548727812
v 37.41345706010122 96.43166398696886 6.101878362264411
v 64.74408874577503 93.11309814453125 21.13556098937988
v 7.6535276401145 71.33431558480108 3.163398044046248
v 98.28190271590651 36.38342933411096 8.768119540529003
v 101.8798005097602 69.63826068383254 7.544332584496582
v 40.13054955401314 8.140062514994829 4.813134695015134
v 62.65317041743809 94.97945972369195 19.26919894110466
v 14.27702127880758 36.27835527216553 11.1941153895492
v 72.27830311291558 97.34135048366051 9.645263168247816
v 37.46439319805295 12.32020097877331 9.826329418574984
v 36.86596233358357 97.66931667031064 15.04450464522141
v 9.65116906903496 38.54026178837325 6.615861325550019
v 39.11196298133964 19.69895880780923 19.76836786862619
v 75.38234039024317 10.85812914866295 15.35897017692279
v 59.65463829336601 108.4433517456055 5.733476848977688
v 3.5196611083111 72.13840610763776 8.009787693220856
v 58.24452628019525 106.5834732055664 7.665177822113037
v 8.817794712432985 30.64900082849549 14.07054772149792
v 13.0745235877628 72.34018615148358 6.447424724538641
v 98.59884556142023 31.92412929955282 15.66549697487236
v 71.90711924265764 100.449166373126 6.15160085523256
v 75.20801638477934 11.70885848497354 16.19898650391293
v 73.24617419928327 22.89512252678691 1.315177440643311
v 72.36377619952415 12.54531452699896 9.123827585551002
v 37.61318394648893 98.39972782034667 13.21021796052642
v 97.83571981207939 34.3518577769492 16.41293239876216
v 75.57725078515708 81.90207355566324 5.805305480957031
v 11.46774730227677 77.60964653895337 17.48051030006863
v 42.66135796638871 17.78641853736231 5.550017224265255
v 6.894428588170479 68.23987907323986 2.404298911394634
v 68.72277440963222 9.333599553807172 6.28320254458203
v 77.32492444710796 29.60412753675213 5.743977942495317
v 77.79467631015451 23.72387934360178 1.315177440643311
v 78.0706763713916 85.75864644354979 1.315177440643311
v 97.87364465643333 32.60390714542521 15.83520417525533
v 72.61174686258616 11.99562754619194 9.390836984070145
v 80.83116858177323 82.99832466713053 7.665297994603478
v 32.79988894188558 13.39546509735857 16.69578709545908
v 73.20908363048146 10.70443534761086 14.82416409139248
v 40.51506884251376 101.4762287096496 7.187092598992824
v 80.99716761325038 85.43091374719032 3.152777491765743
v 80.99387955006981 82.92592637957925 1.379158673721104
v 70.85124631314818 99.86528490402895 6.185167328520025
v 72.12660678456248 11.43120545852178 13.09156211327798
v 37.25758542528487 98.93443280033476 14.42412928942607
v 82.29244571934603 94.23682676341815 16.64539477579158
v 11.8931311105902 73.41906196909761 9.286976562056108
v 10.94432696042337 78.17505649517979 15.33653762742593
v 11.39735802826668 71.45836945168868 13.30208975428519
v 82.0165914331416 15.24579035976021 16.64543342590332
v 11.66207780335625 33.77472564755011 16.15220475878137
v 42.07713163087469 18.98348721249772 5.238213560989355
v 84.96265818396392 18.19185778793456 19.27569007873535
v 84.66387117991499 17.87077751069806 16.62966977833148
v 97.97581592672371 32.0889867213178 15.28727076756758
v 84.19294445895139 94.96663958645875 14.78556156158447
v 81.61780893463715 94.91151845794097 19.19050243694323
v 97.92471601515899 37.19581590573038 10.26567068745937
v 68.75775400330116 101.8455442418962 4.772630365074954
v 84.66438810669541 91.86482832340718 19.27561242632564
v 89.15457460512286 13.40351710622782 19.27569141466483
v 89.15457115140974 96.35501136812151 16.64543342590332
v 33.0375282371883 97.88648422913259 16.26127185283944
v 88.62296295166016 46.44789683919 16.64543342590332
v 6.896844656969732 39.53089762840714 8.204883010616994
v 13.83032457286049 38.99428294688156 16.82751994456377
v 93.07058460971653 45.01662356893268 21.13556098937988
v 78.65837431512855 98.66356451948081 15.39041750663026
v 34.10065043284112 5.969868875117738 12.35821051722552
v 94.97250099895203 47.08262216004721 19.2761581349591
v 40.04995538776965 104.8771556900644 8.166726319167465
v 70.5515414377622 101.0657574637455 6.749345127447379
v 13.05812936994321 76.95429047990275 16.56840948253894
v 10.78275824720224 31.67275579795162 15.14958556233989
v 94.97296905517578 63.353474849048 19.24558906184004
v 74.5716349916887 92.61557449095373 12.65282077751412
v 7.123810292831285 40.49340897612777 7.20047436145984
v 103.6793429854496 40.45571925766951 12.4043654184228
v 98.63923626786573 78.82256387111657 15.38196489899025
v 37.55944206913953 97.30438847063959 9.833959678338232
v 96.48372813966189 72.3584231853322 6.274743495747487
v 93.1130988681989 60.37906380244546 21.13556098937988
v 82.31169919734512 31.96064544052773 7.665177822113037
v 81.60714733770982 27.53635037115709 7.665177822113037
v 86.31409551275719 77.5152273021842 1.315177440643311
v 70.61603703440647 8.499277213585774 4.948885490060461
v 41.29752495920695 98.85330709959695 5.042374997065707
v 86.520631926352 29.81957773160386 3.175050020217896
v 84.44562611119591 82.01395335657753 3.175050020217896
v 98.30133778315057 36.02221628299319 8.062001758890339
v 71.36163254576411 11.59284691009663 12.95585652566227
v 36.89865448529473 10.63174322597044 14.97770561948515
v 11.17928442761506 33.06455440615349 15.8001746975282
v 72.39909095057345 10.97267337626864 14.06334212800067
v 98.73333746275632 36.87068731584112 8.919823234183873
v 13.99014584068763 73.61775460606647 10.87570714284468
v 33.49587614337858 10.89701201062645 16.9392009308901
v 103.0030826900641 69.65464784668151 9.087868667454257
v 98.99648226499515 36.424092701105 7.442192344535444
v 37.10460320714744 97.77820541918783 13.14071716617847
v 11.78979626697515 75.94922773538387 16.27992352221708
v 100.965768231696 70.99714172161801 6.169708593333465
v 15.07504230119885 36.84176592723707 12.07957150507017
v 14.70657622480432 70.63426953714391 14.68295982109277
v 36.50247962523722 99.21905316405199 15.37678354504494
v 95.92178944445658 71.97297762441809 8.677320353645978
v 72.68582538127922 14.68447280504494 5.445145612284748
v 96.35501136812151 89.15457115140974 19.27569007873535
v 102.6046753382969 70.50121366992212 8.22022822094171
v 101.8067913288024 69.89656771957291 6.844104529761704
v 73.61899016455993 12.25739756303511 9.433437723695342
v 38.93032101052868 98.85851975808677 14.43250269572851
v 11.42279057795316 33.37175349273799 15.91291696865634
v 11.64804433363976 36.66402143454113 14.40190702644904
v 14.37978543772812 38.71049487492341 14.45920733391827
v 70.08875254826968 8.491846823320161 6.696436752371587
v 74.80408444418532 10.54197232123507 16.35661040131841
v 77.90354282402538 10.86759808457163 15.29166615907411
v 10.71863495654119 75.5575826982577 16.42170213165598
v 102.0933704069556 59.95197375774242 5.812093449013346
v 36.22542435915329 98.54922031179356 7.975289158757182
v 108.4433517456055 49.72555455051572 5.805304881171162
v 70.04866256049766 101.1935400957549 6.613612998912123
v 106.5834732055664 52.03301938573432 7.665177822113037
v 108.4433517456055 64.76110803937499 5.805303510288645
v 108.4433517456055 60.03297621609417 5.805305480957031
v 98.55991744995117 76.76655197143555 15.79488658905029
v 99.82561687891818 78.35558920873497 13.09864206200507
v 106.5787985762213 58.47948607238712 7.669853182681418
v 14.78556156158447 51.71342900701832 16.72594550145438
v 14.74597500904034 51.80991561875149 19.23610266092923
v 14.78556156158447 56.16081835150896 16.64731370295305
v 14.78556156158447 54.79286646576602 19.27569007873535
v 20.06737587683348 16.60099569450231 14.7638917299272
v 15.35757613130695 21.28014874509686 14.78556156158447
v 72.29430105319621 12.9865052137545 8.678622366887366
v 20.06001480761527 20.29765478259921 14.78542135436016
v 20.95284299635992 22.03488512253657 19.27569007873535
v 37.12522988468628 97.16197091135936 12.609453125307
v 11.68741390033468 76.99210202945717 15.92232021496338
v 39.05331958234974 10.67318962742146 5.530397050956213
v 16.64543440518978 58.47948607238712 21.13556098937988
v 72.82515009328249 12.27804912581069 11.88430408165036
v 17.88887533677658 87.2899310999708 21.13556098937988
v 22.90734822102883 89.67814753288512 16.64543342590332
v 97.55761990026735 36.87122110265396 11.57957982203108
v 17.00373762846029 92.75479429960217 19.27569007873535
v 11.92046484064293 72.356020745995 10.96168180613598
v 21.12410161682717 90.52515812385604 14.78556156158447
v 101.330185698437 69.54168539329903 6.902756456433751
v 12.13458736603119 35.90097703747813 8.874197045330366
v 58.47948607238712 1.31518018245697 5.805305796908078
v 58.45981561379309 5.805305957794189 7.665177822113037
v 11.24337523769857 38.00899257052814 13.5340658062474
v 13.94247574682099 71.61885376809943 13.99709036266375
v 53.70437164526977 21.11783701881911 19.29341406747255
v 57.1623901380493 14.84961212511462 19.33974054373724
v 56.48348076254774 19.27569198608398 14.78556156158447
v 98.38259162544705 32.40726752878646 16.02873435208781
v 51.27904585567534 90.48283386230469 21.13556098937988
v 100.4102044251865 70.99402743236067 6.671445389540933
v 57.83796600577572 88.62296295166016 19.27569007873535
v 55.24992911661511 94.9915998048269 16.66406418510761
v 54.95559105575808 94.91638514778128 19.33227398612986
v 50.69803336897578 94.95716041326399 16.62962477588543
v 51.27904585567534 94.99811139117216 19.250545925571
v 56.06221997961197 93.11324900009137 14.78540939651427
v 98.66784805272259 37.70815636574435 13.78683570004758
v 58.30242494530383 90.48283386230469 21.13556098937988
v 72.87128092924593 10.98290197159093 8.829581848600945
v 54.22223821643274 102.0933456420898 3.175050020217896
v 44.89833197459255 5.816472554096256 7.676061897085291
v 58.57328355392608 106.5834732055664 1.315177440643311
v 72.39954438960304 10.69081805220313 7.616816802476778
v 35.91451310353727 97.8165215737925 8.628112818671935
v 98.89098032762858 33.66412003199387 16.57351569631245
v 89.89327750389427 20.4922234890095 21.13556098937988
v 72.49395639687339 16.27514954582247 7.313561659869979
v 37.15675217622174 95.32916817389915 5.56410737452524
v 88.86775327279756 87.66157411978057 16.64543342590332
v 88.92042574201207 87.66784452598742 19.31736895416674
v 98.38568111200624 73.58238613197622 8.198779441891029
v 8.309081749210373 33.13338077671292 12.70242582008094
v 91.04561573510648 94.46396678442477 16.71594824820492
v 95.4585511004228 19.77988335711651 19.32687637061325
v 94.97296905517578 53.95767776943903 19.27569007873535
v 96.57955913160686 75.57673446739173 17.66909323204479
v 94.97296905517578 58.80535292857146 19.27569007873535
v 106.5162178646694 56.22458715638387 7.665177822113037
v 12.27332238149517 72.23009539655544 10.21230552301572
v 97.37919591980442 37.63305312854587 10.36328332215531
v 1.31518018245697 60.07938762942157 3.175050020217896
v 5.831275529139019 48.01366179183871 1.341146995342848
v 1.31518018245697 58.8482555328427 5.805305480957031
v 12.48902778876891 72.73637182092303 12.24129856857703
v 7.655947319812286 47.12405449531485 5.814537883505358
v 7.66517972946167 61.2528704876439 5.805305480957031
v 36.3909958038949 5.607984810229116 10.09811219171823
v 73.48872995374039 11.33963377207488 8.319915466079266
v 13.33797282123015 23.31029712027702 14.77810581556376
v 14.53877113687944 83.93982612982657 14.78556156158447
v 13.31949529147161 86.44029492453842 21.13556098937988
v 13.40351710622782 89.15457460512286 19.27569007873535
v 9.640789745041147 32.06784250108434 13.72086322132444
v 72.27436649377351 12.22624307103319 10.1951493339649
v 15.25806804338913 84.62306780960695 21.11006596233434
v 102.3949218051906 69.46478885528239 8.238443163756658
v 28.58211800068352 30.82535651713874 1.315177440643311
v 19.24258744491466 46.33821971677557 21.13556098937988
v 26.86323670361248 32.54423781420979 7.665177822113037
v 73.13583609236373 10.46965176737188 7.130884909031799
v 16.67362098900655 51.57027288912679 14.78556156158447
v 16.64543495601463 49.379461483941 21.13556098937988
v 19.27569198608398 51.27904585567534 21.13556098937988
v 36.80201177879828 98.49682387879815 11.61873319088891
v 24.23945657773962 12.38898907807921 21.12899959215718
v 21.07876176709433 12.98340928312979 19.31437012886971
v 23.24623827878293 96.36703962359749 21.13556098937988
v 21.18689967441246 96.9379553837728 19.23855710973833
v 26.24354749088548 16.74418062801101 19.27429569616621
v 23.77895584138811 16.57851562467634 21.13556098937988
v 31.31214365584417 98.96358659336866 13.71585161964122
v 23.77911457657994 93.17985756819428 14.78538634884998
v 78.33431908728029 10.77266416520895 13.84375021346201
v 34.89425907799261 5.989038529138043 11.78349023667401
v 31.4356678500997 81.78672148621564 1.315177440643311
v 51.27904585567534 3.175050020217896 1.315177440643311
v 51.27904585567534 1.31518018245697 3.175050020217896
v 50.80460906772662 5.805305957794189 7.665177822113037
v 49.06036119021697 7.66517972946167 5.805305480957031
v 11.38257190190808 72.90932449784069 10.88342059119661
v 98.38614370375763 36.87129960934366 11.57008877446498
v 36.90764268807667 97.60655323463858 11.79230220742941
v 50.76711380354492 88.62296295166016 16.64543342590332
v 98.92015913361179 37.27848846306865 14.38209673010462
v 47.51476394614265 103.9509986540069 7.667395571359553
v 50.59674810378112 102.093373345145 5.812898883005435
v 47.66853630605379 102.0933456420898 5.805305480957031
v 46.8798013888324 108.4433517456055 5.805305480957031
v 50.82080542566558 108.4433517456055 5.805305480957031
v 64.05843994809052 7.704804358377473 3.214675538505575
v 39.36216160414946 7.537353564898696 7.76377043488066
v 63.32565960163276 14.78556156158447 16.64543342590332
v 11.44323050899114 73.55866236178468 8.372453571307553
v 60.44848197528525 16.64543533325195 21.13556098937988
v 62.79221098742465 90.48283386230469 21.13556098937988
v 10.549220501499 36.53080376071272 7.136417365562783
v 63.63525356769088 103.9532165527344 7.665177822113037
v 99.97785113871714 72.54660211446769 6.374293310410676
v 73.96803356713704 26.24723588497357 3.175050020217896
v 78.924037033324 28.57298405538875 1.315177440643311
v 39.74562349301744 100.8285860554873 6.273525615335254
v 77.64597168269017 82.46360931096217 1.315177440643311
v 85.14233363175688 12.02006831588555 14.78659811543897
v 78.18863874456801 9.718607326229973 13.13448882655555
v 82.43645403039811 96.66508432045013 21.09451651613899
v 85.97957191434919 93.18001213106096 21.13556098937988
v 89.15457115140974 96.35501136812151 19.27569007873535
v 90.48283386230469 51.27904585567534 21.13556098937988
v 90.48283386230469 45.72869999230808 21.13556098937988
v 10.48961732240404 77.39620804999122 14.78806432966234
v 99.16001941044929 32.47111671271161 14.98565658004888
v 77.37232685089111 99.31249713897705 14.70863020420074
v 88.62296295166016 59.8629334792692 19.27569007873535
v 90.48283386230469 59.34961030515434 21.13556098937988
v 94.97296905517578 61.49448010228128 16.64543342590332
v 82.45107368794937 77.65850730570297 7.665177822113037
v 83.35371831836433 29.28292135181159 1.315177440643311
v 81.50846969694743 78.60111129670491 1.315177440643311
v 98.35898827124581 84.51558288850146 14.78220024814653
v 97.10666613463789 24.10026331293097 14.78556156158447
v 98.057585502573 76.66454331060794 16.19106583589124
v 91.99646764022891 25.22566886139477 19.27569007873535
v 40.22649525861256 7.360021157465837 8.220958177549056
v 96.4205394908781 86.44824099121217 14.77810578815796
v 95.51228445107665 22.39148325365435 21.13556098937988
v 96.75857542980322 86.120750436896 21.13556098937988
v 42.30549602063805 9.081134058227436 6.982321411596312
v 102.0933456420898 49.75783119319709 3.25034379197476
v 1.31518018245697 53.48568965448242 5.805305480957031
v 5.732520452024583 51.83550910996954 7.665177822113037
v 17.88887533677658 18.74884953962723 21.13556098937988
v 16.64543533325195 55.43600383560491 14.78556156158447
v 96.7008082076507 76.9871288530102 16.53712676085864
v 16.64543533325195 54.24318839233343 21.13556098937988
v 19.21114201397108 55.17703927089045 21.13556098937988
v 11.48460633895661 35.64964062032083 15.97473555732983
v 36.92234603933551 12.21357982224328 11.98484000809609
v 17.2363495753186 92.98740619297895 16.64543342590332
v 19.99612175100976 93.11692253538072 21.13556098937988
v 21.36123582741016 94.48168715594596 14.78531751864288
v 97.66075748321784 72.35095981171115 10.24581481000919
v 99.09231891574203 73.18420106548739 7.571257245753027
v 56.09520862931792 1.31518018245697 3.175050020217895
v 39.06914211402272 9.681352078364919 6.220543095195788
v 52.44577731399713 14.78556156158447 16.64543342590332
v 53.89107642033542 16.64543533325195 21.13556098937988
v 58.83002040832812 14.78556156158447 16.64543342590332
v 52.17777531772884 90.48283386230469 14.78556156158447
v 59.08476593957649 94.97296905517578 16.64543342590332
v 58.67535244181836 93.11309814453125 21.13556098937988
v 53.02669189104419 103.9532165527344 7.665177822113037
v 69.95434451119631 100.7872641454788 6.202899033528556
v 38.35510981097489 100.5441102927083 7.006176473209357
v 39.82896200993293 8.282088962285098 5.708589050618094
v 87.52806311696405 91.63152092844611 14.78556156158447
v 7.223695447870362 39.8031377145511 7.626498533572564
v 89.57969578279631 20.17883614526616 14.78542335692576
v 87.73336045879937 20.93090199653375 16.62304738260886
v 92.75479429960217 17.00373762846029 16.64543342590332
v 90.95486397414702 17.8603108497744 21.13556098937988
v 92.75479429960217 17.00373762846029 19.27569007873535
v 100.9282143426069 71.30422482214261 5.291546254076559
v 89.05524686649755 22.20875964552193 19.32920944230079
v 88.6644999018682 55.91879544177855 19.31722702894339
v 93.11309814453125 56.44375851825725 21.13556098937988
v 90.48283386230469 55.27789914931661 21.13556098937988
v 91.87808650324484 87.28124693923419 14.78538503959312
v 93.29973703002031 89.57958883667891 21.13556098937988
v 94.97296905517578 56.83092574017033 16.64543342590332
v 3.175050020217896 51.86816071570022 1.315177440643311
v 3.175050020217896 58.49359858734871 1.315177440643311
v 7.66517972946167 58.90438315181487 3.175050020217896
v 99.22766060422238 77.99180739591533 14.85473878578748
v 14.35988184348586 25.99758962257859 14.78556156158447
v 18.52527854263108 24.46244957626541 16.65853160067277
v 99.40266326713362 77.39784106487633 14.60148215429664
v 25.32654717094672 27.73070088297906 5.805463873952993
v 26.07056603799763 76.42161844058356 7.665177822113037
v 24.20252255459523 80.90357739507266 5.805305480957031
v 25.2457228326796 15.11182465743413 14.78550776137421
v 24.09595505749042 18.89177306140606 16.64543342590332
v 32.19173279565063 27.13357664277037 1.315177440643311
v 35.78018623761834 26.25754493303597 3.175050020217896
v 32.36193196416668 29.67579920648762 5.805305480957031
v 33.65860049428771 28.37913067636659 3.175050020217896
v 28.80546279321116 85.50651710454062 5.768659839670955
v 50.90213030204789 3.184082272590164 7.674209760576591
v 58.87826047308914 3.179496261170305 7.669623908539895
v 39.31234003635209 102.2983102865665 7.863022744634483
v 7.460217542598679 39.31234158227764 7.863021692344567
v 72.56259165486691 9.701982608922332 5.99610096279416
v 68.55833193239732 99.91090949358821 5.930136438670882
v 58.47948607238712 21.13556098937988 16.64543342590332
v 64.93017571382569 104.1666308114577 7.676238776986871
v 61.40642758620253 102.0933456420898 5.805305480957031
v 82.02778159950438 84.43196550154678 5.80542378041212
v 93.11309814453125 50.48553708018051 21.13556098937988
v 84.10151711718714 79.7956684348509 7.617191619859633
v 33.22700173742833 11.82272736219375 16.31285379694253
v 76.63245296827044 97.89521857689847 16.34124178798644
v 11.85962368616005 76.55441101280306 16.34975000453326
v 36.10140608642055 98.36239664039462 15.02656529725113
v 98.08283284710674 87.42674967242451 16.64543342590332
v 102.1543072864059 48.88945659321888 5.866267172161485
v 103.9532165527344 50.10971814225675 7.665177822113037
v 11.58846283008613 34.56070207842952 16.07859085607765
v 103.9336251520773 58.47948607238712 7.669307011521539
v 106.5834732055664 58.47948607238712 1.315177440643311
v 108.4433517456055 58.47948607238712 3.175050020217896
v 1.31518018245697 54.71910028020779 3.175050020217896
v 7.66517972946167 54.79612889626518 5.764313325875239
v 15.48163688625831 18.57435505190099 16.6111226485023
v 14.22772336578559 89.97878067518133 16.64543342590332
v 13.98282243454904 87.10362218199867 14.78556156158447
v 21.22760199424678 15.41012288215703 14.78556156158447
v 8.652980389309867 39.28812494855535 6.707637777812944
v 17.86774020148306 87.24367310046485 14.80332607368029
v 55.02798883112945 7.66517972946167 5.805305480957031
v 51.27904585567534 93.11309814453125 21.13556098937988
v 55.7147828688501 102.0933456420898 5.805305480957031
v 57.95870377616276 103.9532165527344 7.665177822113037
v 54.92259628273156 108.4433517456055 5.805305480957031
v 85.67229201288809 90.88782443224572 16.62366228333601
v 88.52660691478836 15.40580692196214 14.78556156158447
v 91.00904860181642 24.22078688823799 16.63308544918027
v 104.0904362978622 71.92667600657266 9.231174859889535
v 92.74568160653874 19.62488088618381 21.13556098937988
v 88.63217712313107 94.24714874356815 14.78556156158447
v 91.97147885821113 90.79964137993784 14.78556156158447
v 94.48168715594596 88.38130144295931 14.77401047576718
v 94.49723939167761 91.01234312785364 16.64543342590332
v 102.0933456420898 53.66384213228593 5.805305480957031
v 106.5834732055664 51.95267689275472 1.31517744064331
v 108.4433517456055 49.11814375068573 3.253677133684556
v 108.4433517456055 55.4370736821995 5.805305480957031
v 108.4433517456055 55.67077308777793 3.175050020217896
v 97.8639383050709 37.38534696907497 11.02197665603784
v 41.0315481953632 100.7066899566698 6.55910290605793
v 17.17856710389797 25.80916101499851 19.27569007873535
v 17.69915184609258 22.65831961997187 21.13556098937988
v 28.9187079740903 33.11902319656399 5.805305722698256
v 28.15425647235429 33.8020242939113 3.117455878766071
v 29.22021812382659 76.94101512244985 3.176679687810473
v 15.92679219104919 37.64586346039128 12.93518096389415
v 25.09426839092071 91.86470375385352 19.27543368366551
v 33.89817396518696 81.65463528047533 3.149830736477603
v 33.11902603926849 80.83982214148816 5.805305480957031
v 51.27904585567534 1.31518018245697 5.805305480957031
v 26.5123542519122 100.9142077652406 20.14500121761318
v 8.785492475331017 39.75005286703366 6.41730645813897
v 98.88168243683948 75.35680975890841 15.38538676321793
v 58.78590342411054 7.59795374595129 3.107824079796256
v 84.34412763799003 14.94307255208698 14.78556156158447
v 86.37783436460126 16.97677881111386 14.78556156158447
v 88.20344277516203 15.08264283806157 21.13556098937988
v 80.28691124864966 77.19241309217065 5.774838678390895
v 81.79455914384347 75.68476519697684 3.175050020217895
v 11.56334214433368 37.56268710185949 12.80141078174016
v 93.18001270362777 85.979572486916 21.13556098937988
v 21.05211004268688 15.49132618031952 21.06888886935983
v 16.33149194623141 89.45229209868091 21.13556098937988
v 100.4644800288211 71.52574982042421 7.085809660855096
v 80.51403853915113 32.75743521170354 3.149730577444965
v 76.09992642698458 81.37939791383573 3.175050020217896
v 91.02790184030101 15.27684477211649 16.64543342590332
v 88.39763871075326 94.48168715594596 21.13556098937988
v 103.8946367996831 55.26488643930958 7.606598024005435
v 16.5786556719263 23.77909588863807 14.78536334611011
v 50.6176390048046 7.677749590215228 3.187620506250414
v 12.13505548637558 37.15034933622081 13.17443061488377
v 95.0373629993291 84.12222104608105 14.78556156158447
v 91.80369401935978 84.80067988285619 19.32875593452192
v 70.79832708127466 98.60555712603561 5.25698603695467
v 31.99745246870703 98.85399938645656 15.36783800080193
v 17.11034110671606 90.23092485906128 14.78540901485755
v 29.20493226161766 83.36560920487693 7.601623080213525
v 92.22751930169868 19.09281017794762 14.79539636384776
v 5.815314238301466 62.2308491273094 7.674549905620372
v 11.97532030424739 36.7742563500294 9.969356332696895
v 93.19136126095991 23.68327562144502 21.13556098937988
v 5.813048348399048 53.64215032554299 1.322919826285655
v 5.830280536757167 58.56533969355868 1.34015200359874
v 58.13855410533756 5.805305957794189 1.315177440643311
v 97.83616814808012 72.34687070412242 11.19940388381047
v 67.95568033632799 100.2622946101654 6.41003238803459
v 99.21301808359614 77.92178584023642 14.13356325765229
v 77.20875218619582 10.83813712902152 15.20035782572253
v 10.83813705882924 32.54977546881958 15.20035787692453
v 70.23993938325313 7.948927619085572 7.246538534779559
v 68.68668263310521 100.7053753531432 6.601581804877775
v 99.95383061005133 70.47035128493475 5.978445406110023
v 100.6988258805344 69.99604135961478 6.169847959186737
v 103.6724128723145 71.84492111206055 9.579850673675537
v 98.46848592273726 72.68582495431221 8.398942042329899
v 69.21763559755846 100.3524626094329 6.050995942416915
v 102.516549113893 69.78406877223303 7.449918912474081
v 72.89436240122571 11.37981431017443 10.37151543393229
v 12.14731224459602 36.87778137390399 11.54389179389188
v 11.24499069060582 36.84302201026927 12.1516277280486
v 34.55531530396075 98.91894678299607 15.37301446488853
v 36.42710794424996 98.6637829210637 13.72535455196492
v 72.71382784325115 11.25860201632929 8.465600493020618
v 11.82494365303887 33.17986373882916 16.3150698043383
v 103.3223220563415 72.00686477591867 9.446810484591211
v 101.8298190828081 70.24144864838745 7.185786119749439
v 102.1971133419586 69.48939911537452 6.901995930293566
v 40.28029276581525 8.509120135715323 6.826822917281619
v 71.68938811580135 9.862243396977705 6.799744393737239
v 98.53696561110129 32.99105592172754 15.79525392819426
v 72.14992951606965 10.38535692484272 6.764945844687388
v 71.53327680756104 10.44773193278719 6.275353050250112
v 39.11329632826621 8.748485970349293 6.776194392017178
v 98.81677119336787 72.84384829249311 8.75641259562568
v 10.94175385443129 36.91467700764035 8.756411593642351
v 76.78207021419027 11.76519723023207 16.15586436226616
v 98.67451779225698 31.75930302987686 7.805863875716212
v 101.3209223634869 70.27902188054613 5.87469486075991
v 69.93756571328623 9.034766027554751 6.146334969963615
v 72.50445577184639 10.1790635529629 7.823468729678843
v 101.2697337155141 70.1948939912137 6.628919931305392
v 11.73861931305395 37.12937071609026 13.65360361045201
v 70.43986620285209 8.497640581150138 5.784854000028297
v 30.83619976043701 96.44321441650391 13.31530618667603
v 39.51852862790846 5.48231911388462 13.12616968089371
v 43.32810005065571 98.26758059274466 6.641346716525968
v 6.488613605499268 72.721435546875 9.91502857208252
v 103.2704069492873 37.0724520025198 9.890373427347837
v 66.49678149563209 96.68221771692473 5.451823309845598
v 67.35348043665226 93.38048189980054 3.616554220482817
v 36.60554457198593 4.648777814794864 12.91674580638258
v 100.6565891538674 68.92686859299002 6.438848054158012
v 41.06083753929735 9.031696821639933 6.589325593711056
v 77.5119064372002 12.5849112303416 15.82962529707228
v 97.17691026603211 77.70240620272632 15.64774379945677
v 2.659045107280628 72.95477331158841 5.874714092239667
v 97.59509476282318 31.55331679032982 8.85225737711262
v 99.18720340486841 68.44148748274057 5.310107026873346
v 68.42998123168945 99.1164436340332 5.258691072463989
v 101.7120088735405 41.14774379336768 13.58698184936496
v 12.52530450869845 32.38740970730926 15.9364197717516
v 32.23716942498919 97.15391685763854 15.82944204421422
v 14.99053277471781 75.6089225075374 18.14468772218463
v 11.68863458647898 32.02066078523076 15.13673741045639
v 77.85481910310868 11.57512925187235 14.93558849460516
v 42.5303964872142 8.595848275507059 8.959041557515475
v 97.85455963633754 79.22724643037263 12.05707400773685
v 98.06738713285398 73.29827211471901 14.89232111592438
v 101.7115065721466 76.59317509661737 12.53714637419373
v 76.5931770972964 8.04702228535842 12.53714808694041
v 103.3336129446875 72.61922438901345 9.887796431926882
v 35.03347167650405 99.22063988639013 16.25232724034593
v 38.80034613508295 99.77247460196834 6.1951568333245
v 70.9015125130633 9.733360350458033 6.33376440975111
v 96.80009953002046 32.18547382081437 15.93801197341692
v 43.2689816476388 97.07980075434031 5.649795659496628
v 43.19532065155929 12.87635877828271 5.41981571444359
v 3.257683253534708 74.13294137567742 6.359486014524926
v 35.22661560664972 5.374937992298858 9.865065710951923
v 69.26133212796776 8.08529711356487 7.422941613729734
v 4.638444865906293 73.61980850245234 9.12857358637689
v 98.23245047184749 31.7040709948779 14.70092347753646
v 11.58194566939075 78.12491155291823 14.65538706335874
v 32.73248107157397 98.58112661111078 17.2746582272396
v 10.93122296314245 76.33246432867121 16.86033092332025
v 72.36319383480405 13.34874201355367 6.18330830199029
v 40.73525696800683 7.993132812378141 7.615924712583587
v 35.35309378073002 97.1041449133735 17.14450608494716
v 104.2374296178111 70.79738112323538 8.625515547784252
v 101.5511165892978 68.83622119004531 7.422293506641692
v 31.78234981583807 98.10412488890118 17.66044452593954
v 69.64413702239203 8.15977373337301 5.16978872718173
v 96.41845572840394 73.77607898236785 10.24458724066348
v 97.49175407025169 72.28615073765803 6.802344986329225
v 31.61286067357385 98.2516492951616 14.56816350367851
v 97.76304356550868 71.0035566563726 12.40856708132302
v 11.89285665786601 38.70156574691889 12.546611205628
v 98.34464820686414 71.76994433331006 13.19879046995265
v 12.24973550174911 37.48117171363712 6.77398518917779
v 11.456251726263 37.37763432550225 7.432766905805372
v 99.12884467964342 75.32360903797965 16.64726826713154
v 98.11123250374153 72.42103349664229 7.534865645810234
v 97.5366745030413 73.62051688799951 9.393391370889484
v 12.09990539080629 36.8174598314007 15.19061590153679
v 95.22855377197266 73.44833374023438 11.35497331619263
v 96.56576430419669 71.83173320073887 16.25604962120838
v 97.19327589165422 72.56180369756939 15.67927934875467
v 72.24195371861072 11.24158015130693 7.00799370482197
v 99.62790058493768 40.13846510900194 14.12698989576079
v 38.96672674571647 95.03972407221852 14.45377109046063
v 95.7162714134096 71.61224152927576 13.89268902108608
v 11.52789241303399 35.9397828444505 8.033143018204539
v 32.26644537830698 10.23652651302617 19.61846196309282
v 13.58055308007534 37.73660611110766 8.764047132302874
v 72.02640492285811 14.97652869402358 8.047300417486779
v 78.7066193343878 10.77169236968583 14.99556897748395
v 31.27629479267084 98.69411884323233 15.39402883523275
v 94.87574657959397 72.96391488157509 11.97176223009793
v 102.8495340670289 68.79573818305492 7.124115417101539
v 69.37433133143962 7.197161612243383 7.194868016197465
v 97.55961070947896 72.83871017230184 11.84851179188029
v 96.87162401488742 72.59040947955872 12.495766363963
v 37.66673997776801 96.13807314778519 13.3121897469334
v 97.91100075461445 75.45490008931294 16.33765538300228
v 12.48138389497476 34.96919472876267 16.9715115748608
v 38.9390867699969 8.634955957853547 5.451740868625155
v 10.59522166278188 34.85508680635967 16.17543166895587
v 92.54236175743813 39.17799399257182 13.94623966747125
v 33.72176873674322 98.91695035881411 16.64257723422656
v 37.47023942748044 94.11160451818857 7.570007325068686
v 40.20629224683233 7.356604877600038 7.171936055674084
v 73.68521281602273 91.87201203082608 13.39638381544843
v 12.6949997674755 37.26081067822999 16.03881915582017
v 99.65007989400637 71.28057987919199 6.336580257770515
v 72.01294402549756 13.84671542151619 8.586480180431293
v 32.14371610600281 11.4789147855314 17.31385611723304
v 98.56307379037523 75.4462760654083 6.705322253179304
v 34.39910255993534 97.80931649986317 16.43934013453353
v 71.90126559366949 13.15148744383069 9.567879629993842
v 13.05425384843981 37.53497128426924 13.53404695544939
v 10.25335474103862 38.63651118248015 6.121994290165719
v 38.27406829939017 95.77938072552702 14.18797356678678
v 99.10276519092311 73.05932840655181 14.96106113037956
v 34.83468600347283 98.4286891044267 15.81996868802443
v 37.05506575223262 92.76218756402466 7.228466944269231
v 96.75371102308119 33.82107618359418 8.514687845184607
v 99.01255657353714 31.63191108800519 15.11804530949652
v 96.53284113686502 72.2498691105684 13.29384702224468
v 96.99102609678931 35.91486971032408 9.657879351942601
v 43.2305296954441 11.67057075135438 6.247031249390518
v 43.19768030939431 10.62747432302614 7.134796069655337
v 13.43347460139167 76.03386418008195 8.943346979126263
v 42.8280646095001 9.450809686626867 7.970760092103239
v 13.29173100906497 37.42002219707494 6.117417036096528
v 66.96662976140661 94.76035752953484 4.152703367233853
v 12.52052269805798 37.50179321679244 9.467966666542647
v 103.703752035104 70.89585030123973 9.884210028500227
v 41.17847927584159 10.08139932573001 5.646039616761854
v 96.55576240409911 70.31118969331574 11.07800292137201
v 98.51456283514177 32.5991287950886 17.26019473678503
v 10.88117388854161 37.46872185450187 14.30433127145313
v 98.78779029438391 72.35135272708968 14.07341216550959
v 95.59839755260113 33.73765288825853 9.670001827674222
v 97.1632605692882 72.2624954900696 9.34210945052936
v 10.57832395534535 36.86333682655137 15.19069170576744
v 98.99251056625677 72.31947415516784 7.340202663543492
v 12.40667766657336 37.02533282825936 12.38781204429423
v 71.40341452848671 9.214415521271951 7.006176276516164
v 10.50762250504688 36.17372945491298 15.56319187810334
v 39.89810629366129 8.994368268656769 6.213480767855948
v 97.98015689849854 33.12227916717529 16.26849687099457
v 10.87684393209631 34.40171556457635 15.38538568205271
v 11.06616374954376 36.36755055368767 13.86913564347407
v 35.88292786566336 98.88093587351014 14.27893962314307
f 5 3 1
f 1 3 2631
f 23 5 1
f 1 19 23
f 2287 19 1
f 2631 2287 1
f 2 4 6
f 2291 4 2
f 2 6 24
f 24 20 2
f 2 20 2365
f 3016 2291 2
f 2 2365 3016
f 3 5 7
f 3 7 26
f 26 22 3
f 3 22 2631
f 8 6 4
f 25 8 4
f 4 21 25
f 2291 21 4
f 9 7 5
f 29 9 5
f 5 23 29
f 6 8 10
f 6 10 30
f 30 24 6
f 7 9 11
f 7 11 26
f 14 10 8
f 8 12 14
f 31 12 8
f 8 25 31
f 13 11 9
f 37 13 9
f 9 29 37
f 10 14 30
f 11 13 15
f 11 15 32
f 32 26 11
f 3310 14 12
f 2840 16 12
f 12 16 3310
f 12 31 2840
f 17 15 13
f 56 17 13
f 13 37 56
f 14 18 57
f 3310 18 14
f 38 30 14
f 57 38 14
f 15 17 33
f 33 27 15
f 15 27 43
f 43 32 15
f 2840 28 16
f 16 28 3332
f 3332 3310 16
f 80 33 17
f 17 56 80
f 18 34 84
f 3332 34 18
f 84 57 18
f 18 3310 3332
f 81 23 19
f 3017 81 19
f 2287 2201 19
f 19 2201 3017
f 20 24 91
f 91 82 20
f 20 82 2228
f 20 2228 2365
f 83 25 21
f 2292 83 21
f 21 2291 2292
f 22 26 95
f 95 87 22
f 22 87 2288
f 22 2288 2631
f 99 29 23
f 23 81 90
f 23 90 99
f 24 30 100
f 100 91 24
f 92 31 25
f 25 83 92
f 26 32 95
f 27 33 44
f 60 43 27
f 27 44 60
f 45 34 28
f 28 34 3332
f 3335 45 28
f 2840 48 28
f 28 48 3335
f 99 37 29
f 30 38 100
f 2514 48 31
f 31 48 2840
f 31 92 98
f 31 98 2514
f 32 43 2596
f 2596 95 32
f 58 44 33
f 120 58 33
f 33 80 120
f 34 45 59
f 34 59 121
f 121 84 34
f 72 39 35
f 35 39 2175
f 54 41 35
f 35 41 70
f 35 51 54
f 2175 51 35
f 35 70 72
f 53 40 36
f 36 40 73
f 36 42 55
f 77 42 36
f 36 52 53
f 55 52 36
f 73 71 36
f 36 71 77
f 128 56 37
f 37 99 117
f 37 117 128
f 38 57 129
f 118 100 38
f 129 118 38
f 39 46 61
f 88 46 39
f 39 61 2175
f 39 72 88
f 62 47 40
f 40 47 89
f 40 53 62
f 89 73 40
f 54 49 41
f 41 49 76
f 76 70 41
f 42 50 67
f 94 50 42
f 67 55 42
f 42 77 94
f 43 60 108
f 43 108 2596
f 44 58 74
f 2177 60 44
f 44 74 2177
f 75 59 45
f 45 65 106
f 3335 65 45
f 106 75 45
f 63 61 46
f 109 63 46
f 46 88 109
f 47 62 79
f 79 64 47
f 47 64 110
f 110 89 47
f 107 65 48
f 48 65 3335
f 2514 107 48
f 49 54 66
f 49 66 85
f 85 68 49
f 49 68 93
f 93 76 49
f 69 67 50
f 94 69 50
f 123 54 51
f 2176 123 51
f 51 2175 2176
f 124 53 52
f 52 55 122
f 52 122 124
f 106 62 53
f 124 106 53
f 127 66 54
f 54 123 127
f 55 67 130
f 130 122 55
f 128 80 56
f 57 84 129
f 101 74 58
f 164 101 58
f 58 120 164
f 59 75 102
f 59 102 165
f 165 121 59
f 2430 108 60
f 60 2177 2430
f 61 63 78
f 61 78 2177
f 2177 2175 61
f 106 79 62
f 108 78 63
f 63 96 108
f 133 96 63
f 63 109 133
f 64 79 107
f 107 97 64
f 64 97 134
f 134 110 64
f 3301 106 65
f 65 107 3301
f 141 85 66
f 66 127 141
f 67 69 86
f 67 86 130
f 68 85 111
f 115 93 68
f 111 103 68
f 68 103 115
f 112 86 69
f 69 94 116
f 69 104 112
f 116 104 69
f 157 72 70
f 70 76 161
f 70 153 157
f 161 153 70
f 71 73 158
f 154 77 71
f 158 154 71
f 157 88 72
f 73 89 169
f 169 158 73
f 74 101 113
f 74 113 2176
f 74 2176 2177
f 114 102 75
f 75 106 124
f 124 114 75
f 76 93 171
f 171 161 76
f 172 94 77
f 77 154 163
f 77 163 172
f 78 108 2430
f 2430 2177 78
f 79 106 3301
f 3301 107 79
f 190 120 80
f 80 128 160
f 80 160 190
f 142 90 81
f 2415 142 81
f 3017 2415 81
f 82 91 2344
f 2344 2228 82
f 145 92 83
f 83 144 145
f 3253 144 83
f 83 2292 3253
f 84 121 162
f 162 129 84
f 194 111 85
f 85 141 194
f 86 112 150
f 150 130 86
f 87 95 2407
f 146 143 87
f 87 143 2286
f 2407 146 87
f 87 2286 2288
f 185 109 88
f 88 157 168
f 88 168 185
f 89 110 186
f 186 169 89
f 156 99 90
f 90 142 156
f 91 100 2854
f 2854 2344 91
f 2822 98 92
f 92 145 2822
f 93 115 192
f 192 171 93
f 193 116 94
f 94 172 193
f 2596 105 95
f 95 105 3131
f 2901 2407 95
f 3131 2901 95
f 2179 108 96
f 133 125 96
f 96 125 2179
f 97 107 119
f 97 119 126
f 97 126 134
f 98 119 2514
f 2671 119 98
f 98 2180 2671
f 2822 2180 98
f 156 117 99
f 100 118 2827
f 2827 2797 100
f 100 2797 2854
f 135 113 101
f 197 135 101
f 101 164 197
f 102 114 136
f 102 136 198
f 198 165 102
f 103 111 131
f 137 115 103
f 103 131 178
f 178 137 103
f 132 112 104
f 104 116 138
f 179 132 104
f 104 138 179
f 2596 2179 105
f 105 2179 2889
f 105 2889 3131
f 2514 119 107
f 108 2179 2596
f 185 133 109
f 110 134 186
f 139 131 111
f 194 139 111
f 112 132 140
f 112 140 196
f 196 150 112
f 113 135 2174
f 2174 148 113
f 113 148 2176
f 114 124 149
f 149 136 114
f 115 137 192
f 193 138 116
f 170 128 117
f 117 156 170
f 118 129 2827
f 2329 126 119
f 2671 2329 119
f 215 164 120
f 120 190 215
f 191 162 121
f 121 165 216
f 216 191 121
f 184 124 122
f 122 130 184
f 2450 127 123
f 123 2176 3007
f 3007 2450 123
f 184 149 124
f 125 133 176
f 176 174 125
f 125 174 2612
f 2552 2179 125
f 2612 2552 125
f 177 134 126
f 126 175 209
f 2329 175 126
f 209 177 126
f 2842 141 127
f 127 2450 2842
f 187 160 128
f 128 170 187
f 129 162 2432
f 129 2432 2827
f 130 150 211
f 204 184 130
f 211 204 130
f 131 139 180
f 217 178 131
f 131 180 181
f 131 181 217
f 182 140 132
f 132 179 219
f 219 182 132
f 200 176 133
f 133 185 200
f 134 177 201
f 201 186 134
f 237 188 135
f 135 188 2174
f 135 197 237
f 136 149 189
f 136 189 238
f 238 198 136
f 137 178 239
f 206 192 137
f 239 206 137
f 240 179 138
f 138 193 207
f 138 207 240
f 212 180 139
f 139 194 212
f 140 182 2301
f 218 196 140
f 2301 218 140
f 2842 194 141
f 142 143 146
f 3020 143 142
f 142 146 156
f 142 2415 3020
f 3020 2286 143
f 2485 145 144
f 2358 147 144
f 144 147 2485
f 3021 2358 144
f 3253 3021 144
f 2485 151 145
f 145 151 2822
f 146 152 156
f 2407 152 146
f 147 159 2485
f 2854 159 147
f 147 2228 2344
f 2358 2228 147
f 147 2344 2854
f 148 2174 2184
f 3007 2176 148
f 148 2184 2186
f 148 2186 3007
f 149 184 189
f 150 196 235
f 235 211 150
f 2575 167 151
f 151 167 2630
f 2630 2180 151
f 151 2180 2822
f 151 2485 2575
f 2557 156 152
f 152 166 2557
f 2901 166 152
f 152 2407 2901
f 224 157 153
f 153 161 222
f 153 222 224
f 154 158 223
f 223 163 154
f 2630 167 155
f 155 167 2733
f 155 2369 2380
f 2733 2369 155
f 155 2380 2422
f 155 2422 2671
f 2671 2630 155
f 2557 170 156
f 230 168 157
f 157 224 230
f 158 169 229
f 229 223 158
f 159 173 2575
f 2827 173 159
f 2575 2485 159
f 159 2797 2827
f 2854 2797 159
f 160 187 199
f 199 190 160
f 161 171 2173
f 2173 222 161
f 162 191 2449
f 2449 2432 162
f 228 172 163
f 163 223 228
f 249 197 164
f 164 215 249
f 165 198 216
f 3131 2182 166
f 166 2182 3191
f 3191 2557 166
f 166 2901 3131
f 167 2575 2688
f 167 2688 2733
f 269 185 168
f 168 230 269
f 169 186 244
f 244 229 169
f 2557 187 170
f 171 192 241
f 171 241 2173
f 243 193 172
f 172 228 243
f 2432 195 173
f 173 195 2688
f 2827 2432 173
f 2688 2575 173
f 174 176 208
f 174 208 213
f 174 213 2562
f 174 2562 2612
f 214 209 175
f 2380 214 175
f 175 2329 2380
f 176 200 232
f 274 208 176
f 176 232 274
f 233 201 177
f 177 209 275
f 275 233 177
f 178 217 239
f 240 219 179
f 2296 181 180
f 180 212 2296
f 2660 217 181
f 181 2296 2660
f 182 219 3026
f 3027 2301 182
f 182 3026 3027
f 2282 210 183
f 183 210 2765
f 2733 2282 183
f 183 2307 2733
f 2765 2307 183
f 227 189 184
f 184 204 227
f 269 200 185
f 186 201 270
f 270 244 186
f 2793 199 187
f 187 2557 2793
f 288 226 188
f 188 226 2171
f 188 237 288
f 188 2171 2184
f 2184 2174 188
f 189 227 238
f 190 199 225
f 225 215 190
f 234 205 191
f 191 205 2449
f 191 216 234
f 192 206 265
f 265 241 192
f 268 207 193
f 193 243 268
f 248 212 194
f 194 231 248
f 2842 231 194
f 195 205 210
f 2449 205 195
f 195 210 2282
f 195 2282 2688
f 195 2432 2449
f 196 218 255
f 255 235 196
f 249 237 197
f 250 216 198
f 198 238 2675
f 2675 250 198
f 2609 225 199
f 2793 2609 199
f 269 232 200
f 201 233 270
f 202 213 251
f 2562 213 202
f 202 251 2820
f 3225 2562 202
f 202 2743 3191
f 3395 2743 202
f 202 2820 3395
f 202 3191 3225
f 2168 214 203
f 203 214 2380
f 203 252 2168
f 2765 252 203
f 2369 2307 203
f 203 2307 2765
f 2380 2369 203
f 204 211 3085
f 277 227 204
f 3337 277 204
f 204 3085 3337
f 234 210 205
f 206 239 292
f 292 265 206
f 293 240 207
f 207 268 293
f 256 213 208
f 274 256 208
f 209 214 257
f 209 257 275
f 210 221 2529
f 2578 221 210
f 210 234 2578
f 2529 263 210
f 210 263 2765
f 211 235 2872
f 211 2872 3085
f 212 248 278
f 212 278 3149
f 3024 2296 212
f 3149 3024 212
f 272 251 213
f 213 256 313
f 313 272 213
f 314 257 214
f 214 273 314
f 2168 273 214
f 215 225 254
f 254 249 215
f 250 234 216
f 2304 239 217
f 2385 2304 217
f 2660 2385 217
f 3025 255 218
f 218 2301 3189
f 3189 3025 218
f 219 240 2664
f 219 2664 3030
f 3030 3026 219
f 220 231 2842
f 2898 231 220
f 220 2190 2898
f 3028 2190 220
f 220 2842 3028
f 221 264 285
f 3068 264 221
f 221 285 2529
f 221 2578 3068
f 2541 224 222
f 222 2173 2295
f 222 2295 2390
f 222 2390 2541
f 2483 228 223
f 223 229 236
f 223 236 2483
f 3419 230 224
f 224 2541 3423
f 3423 3419 224
f 3071 254 225
f 2609 2189 225
f 225 2189 3071
f 341 276 226
f 226 276 2289
f 226 288 341
f 2591 2171 226
f 226 2289 3028
f 3028 2591 226
f 290 238 227
f 227 277 342
f 342 290 227
f 3339 243 228
f 228 2483 2943
f 228 2943 3339
f 2290 236 229
f 229 244 2290
f 3415 269 230
f 3419 3415 230
f 2658 248 231
f 2898 2658 231
f 232 269 297
f 297 274 232
f 298 270 233
f 233 275 298
f 234 250 271
f 234 271 2578
f 235 255 302
f 302 280 235
f 235 280 2872
f 2766 245 236
f 236 245 2943
f 2290 246 236
f 236 246 2545
f 2545 286 236
f 236 286 2766
f 2943 2483 236
f 237 249 294
f 294 288 237
f 238 290 2644
f 238 2644 2675
f 322 292 239
f 2304 322 239
f 240 293 327
f 240 327 2664
f 241 265 2764
f 2295 2173 241
f 2762 2295 241
f 2764 2762 241
f 242 259 2715
f 2872 259 242
f 2964 2383 242
f 242 2383 3337
f 242 2715 2964
f 3085 2872 242
f 3337 3085 242
f 2852 268 243
f 3339 2852 243
f 244 270 2873
f 2873 2290 244
f 2925 2715 245
f 245 2715 3339
f 245 2766 2925
f 3339 2943 245
f 246 260 281
f 2290 260 246
f 246 281 2545
f 2762 2734 247
f 247 2734 2917
f 3426 2762 247
f 2937 2875 247
f 247 2875 3181
f 247 2917 2937
f 247 3181 3426
f 299 278 248
f 2658 299 248
f 249 254 294
f 303 271 250
f 250 295 303
f 2675 295 250
f 251 272 324
f 324 308 251
f 251 308 2820
f 252 263 306
f 2765 263 252
f 325 273 252
f 252 273 2168
f 252 306 309
f 252 309 325
f 2820 296 253
f 253 296 3353
f 253 2189 2781
f 3354 2189 253
f 253 2781 3395
f 3395 2820 253
f 253 3353 3354
f 319 294 254
f 3366 319 254
f 254 3071 3366
f 326 302 255
f 3025 326 255
f 256 274 317
f 359 313 256
f 256 317 359
f 318 275 257
f 257 314 360
f 360 318 257
f 258 266 283
f 3019 266 258
f 258 283 3055
f 258 2474 3019
f 3055 2474 258
f 259 280 2852
f 2872 280 259
f 2801 2715 259
f 2852 2801 259
f 260 266 281
f 2732 266 260
f 260 2290 2873
f 2873 2732 260
f 2937 2917 261
f 261 2917 3263
f 3278 2937 261
f 261 3263 3318
f 3315 3278 261
f 3318 3315 261
f 2764 279 262
f 262 279 2898
f 262 2734 2764
f 2917 2734 262
f 262 2898 3263
f 3263 2917 262
f 2550 306 263
f 263 2529 2550
f 264 267 285
f 2871 267 264
f 3068 2871 264
f 265 292 2202
f 265 2202 2764
f 2502 281 266
f 2732 283 266
f 3019 2502 266
f 2462 285 267
f 267 289 2647
f 2754 289 267
f 3014 2462 267
f 267 2647 3014
f 2871 2754 267
f 2852 293 268
f 3351 297 269
f 269 2978 3351
f 3415 2978 269
f 270 298 2873
f 271 303 3068
f 3068 2578 271
f 272 313 324
f 372 314 273
f 273 325 372
f 274 297 361
f 361 317 274
f 331 298 275
f 275 318 331
f 389 320 276
f 276 320 3318
f 276 341 389
f 3318 2289 276
f 277 321 390
f 3337 321 277
f 390 342 277
f 278 299 323
f 278 323 2305
f 278 2305 3149
f 2202 299 279
f 279 299 2658
f 2764 2202 279
f 279 2658 2898
f 302 293 280
f 280 293 2852
f 281 310 2545
f 2760 310 281
f 281 2502 2760
f 2444 304 282
f 282 304 3351
f 282 2192 2444
f 3274 2192 282
f 3233 2196 282
f 282 2196 3274
f 3351 3233 282
f 2477 305 283
f 283 305 2972
f 2732 2477 283
f 283 2972 3055
f 284 503 2235
f 3034 503 284
f 284 2235 3152
f 284 2746 3034
f 3152 2746 284
f 285 312 2529
f 2791 312 285
f 285 2462 2791
f 286 340 2370
f 2739 340 286
f 286 2370 2766
f 286 2545 2739
f 3358 333 287
f 287 333 3394
f 3296 2938 287
f 287 2938 3358
f 287 3245 3296
f 3394 3245 287
f 288 294 334
f 288 334 377
f 377 341 288
f 289 316 2474
f 2657 316 289
f 289 2474 3055
f 3055 2647 289
f 2754 2657 289
f 290 336 2644
f 2790 336 290
f 290 342 2790
f 3379 315 291
f 291 315 3387
f 3358 3111 291
f 291 3111 3379
f 3387 3358 291
f 292 322 2202
f 293 302 327
f 294 319 334
f 3406 303 295
f 2644 336 295
f 295 336 3406
f 2675 2644 295
f 296 308 337
f 2820 308 296
f 296 337 3408
f 3408 3353 296
f 2691 361 297
f 3351 2691 297
f 298 331 2335
f 298 2335 2477
f 298 2477 2873
f 299 322 323
f 2202 322 299
f 2478 338 300
f 300 338 3379
f 3315 2478 300
f 3181 2875 300
f 300 2875 3278
f 3379 3181 300
f 300 3278 3315
f 301 339 2434
f 2766 339 301
f 301 2434 2897
f 2925 2766 301
f 301 2897 3176
f 3176 2925 301
f 302 326 327
f 303 335 2763
f 3406 335 303
f 303 2763 3068
f 304 329 2691
f 2727 329 304
f 304 2444 2727
f 304 2691 3351
f 2335 330 305
f 305 330 3014
f 2477 2335 305
f 3014 2972 305
f 346 309 306
f 2506 346 306
f 2843 2506 306
f 306 2550 2843
f 307 332 2531
f 3273 332 307
f 3254 2192 307
f 307 2192 3273
f 307 2531 2558
f 307 2558 3254
f 308 324 351
f 351 337 308
f 352 325 309
f 309 346 352
f 310 328 2739
f 2979 328 310
f 2739 2545 310
f 310 2760 2979
f 3353 344 311
f 311 344 3368
f 311 2197 3289
f 3410 2197 311
f 311 3289 3354
f 3354 3353 311
f 311 3368 3410
f 312 347 2550
f 2696 347 312
f 2550 2529 312
f 2791 2696 312
f 371 324 313
f 313 359 407
f 407 371 313
f 408 360 314
f 314 372 408
f 315 338 366
f 3379 338 315
f 366 343 315
f 315 343 3387
f 2920 345 316
f 316 345 3019
f 3019 2474 316
f 316 2657 2920
f 361 359 317
f 362 331 318
f 318 360 362
f 350 334 319
f 2558 350 319
f 2975 2558 319
f 3366 2975 319
f 421 363 320
f 320 363 3315
f 320 389 421
f 320 3315 3318
f 321 364 390
f 2383 364 321
f 3337 2383 321
f 2305 323 322
f 322 2304 3214
f 3214 2305 322
f 387 351 324
f 324 371 419
f 419 387 324
f 325 352 388
f 388 372 325
f 2300 327 326
f 3025 2300 326
f 327 2300 2665
f 2665 2664 327
f 328 348 2739
f 2979 348 328
f 329 353 2376
f 3410 353 329
f 329 2376 2691
f 329 2727 3410
f 2335 331 330
f 330 331 2610
f 2610 355 330
f 330 355 2791
f 330 2791 3014
f 331 362 2610
f 2312 376 332
f 332 376 2927
f 3421 2312 332
f 2832 2531 332
f 2927 2832 332
f 332 3273 3421
f 333 343 2890
f 3387 343 333
f 2890 349 333
f 333 349 2939
f 2939 2752 333
f 333 2752 3394
f 333 3358 3387
f 334 350 2317
f 2317 377 334
f 335 369 2657
f 3406 369 335
f 335 2657 2763
f 2790 378 336
f 336 378 3406
f 337 351 380
f 337 380 2756
f 337 2756 3408
f 2169 366 338
f 2478 2169 338
f 2370 367 339
f 339 367 3317
f 2766 2370 339
f 3317 2434 339
f 340 348 354
f 2739 348 340
f 340 354 395
f 395 367 340
f 340 367 2370
f 341 377 389
f 412 378 342
f 342 378 2790
f 342 390 412
f 394 356 343
f 343 356 2890
f 343 366 394
f 344 375 2779
f 3408 375 344
f 344 2779 3368
f 344 3353 3408
f 2493 365 345
f 345 365 2760
f 2920 2493 345
f 345 2760 3019
f 386 352 346
f 405 386 346
f 2506 405 346
f 347 405 2506
f 2771 405 347
f 347 2506 2843
f 2843 2550 347
f 347 2696 2771
f 357 354 348
f 2928 357 348
f 2979 2928 348
f 349 358 2796
f 2890 358 349
f 349 2796 2939
f 350 385 2317
f 2531 385 350
f 2558 2531 350
f 398 380 351
f 351 387 434
f 434 398 351
f 352 386 399
f 399 388 352
f 353 391 2376
f 3368 391 353
f 3410 3368 353
f 354 357 373
f 373 368 354
f 354 368 410
f 410 395 354
f 2610 392 355
f 355 392 2696
f 355 2696 2791
f 370 358 356
f 356 358 2890
f 409 370 356
f 356 394 409
f 426 373 357
f 357 416 426
f 2928 416 357
f 358 370 374
f 358 374 2796
f 359 361 397
f 359 397 407
f 400 362 360
f 408 400 360
f 2376 397 361
f 2691 2376 361
f 362 400 2610
f 456 403 363
f 363 403 2478
f 363 421 456
f 363 2478 3315
f 422 390 364
f 364 404 457
f 2434 404 364
f 457 422 364
f 364 2383 2897
f 2897 2434 364
f 2453 393 365
f 365 393 2979
f 2493 2453 365
f 2979 2760 365
f 437 394 366
f 2169 437 366
f 367 395 2818
f 367 2818 3317
f 368 373 379
f 368 379 424
f 424 410 368
f 369 378 412
f 3406 378 369
f 369 412 2626
f 369 2626 2920
f 2920 2657 369
f 383 374 370
f 370 381 383
f 430 381 370
f 370 409 423
f 370 423 430
f 371 407 451
f 451 419 371
f 372 388 420
f 452 408 372
f 372 420 452
f 382 379 373
f 432 382 373
f 373 426 432
f 374 383 433
f 433 427 374
f 374 427 2796
f 375 401 2738
f 2756 401 375
f 375 2738 2779
f 3408 2756 375
f 2752 396 376
f 376 396 3219
f 376 2312 3394
f 3394 2752 376
f 3219 2927 376
f 411 389 377
f 2317 411 377
f 379 382 384
f 379 384 431
f 431 424 379
f 380 398 414
f 380 414 428
f 380 428 2756
f 2315 383 381
f 381 430 2393
f 2690 2315 381
f 381 2393 2690
f 2323 384 382
f 382 432 436
f 382 436 2323
f 438 433 383
f 2315 438 383
f 2693 431 384
f 384 2323 2692
f 384 2692 2693
f 385 440 2172
f 2927 440 385
f 385 2172 2317
f 385 2531 2832
f 385 2832 2927
f 417 399 386
f 386 405 429
f 429 417 386
f 387 419 434
f 388 399 435
f 435 420 388
f 389 411 421
f 448 412 390
f 390 422 448
f 391 413 2588
f 2779 413 391
f 2588 2376 391
f 3368 2779 391
f 392 400 415
f 2610 400 392
f 392 415 2771
f 2771 2696 392
f 2721 402 393
f 393 402 2979
f 393 2453 2721
f 458 409 394
f 394 437 458
f 395 410 459
f 395 459 2818
f 2939 406 396
f 396 406 3219
f 396 2752 2939
f 441 407 397
f 2588 441 397
f 397 2376 2588
f 445 414 398
f 398 434 475
f 475 445 398
f 399 417 446
f 446 435 399
f 400 408 442
f 442 415 400
f 401 428 2503
f 2756 428 401
f 401 2503 2738
f 477 416 402
f 402 416 2928
f 2721 477 402
f 402 2928 2979
f 478 437 403
f 403 437 2169
f 403 456 478
f 403 2169 2478
f 404 439 457
f 3317 439 404
f 404 2434 3317
f 405 415 444
f 2771 415 405
f 444 429 405
f 406 418 480
f 2796 418 406
f 480 467 406
f 406 467 3219
f 2939 2796 406
f 407 441 451
f 452 442 408
f 473 423 409
f 409 458 473
f 410 424 486
f 474 459 410
f 486 474 410
f 447 421 411
f 2172 447 411
f 2317 2172 411
f 448 425 412
f 412 425 2626
f 443 441 413
f 413 441 2588
f 2738 443 413
f 2779 2738 413
f 454 428 414
f 414 445 449
f 414 449 454
f 415 442 464
f 464 444 415
f 489 426 416
f 416 477 489
f 417 429 455
f 453 446 417
f 455 453 417
f 418 427 480
f 2796 427 418
f 462 434 419
f 419 451 462
f 420 435 463
f 463 452 420
f 421 447 456
f 457 448 422
f 485 430 423
f 423 473 485
f 424 431 493
f 493 486 424
f 425 448 466
f 466 450 425
f 425 450 2453
f 425 2453 2493
f 425 2493 2626
f 494 432 426
f 426 489 494
f 427 433 490
f 490 480 427
f 428 454 481
f 481 460 428
f 428 460 2503
f 429 444 461
f 484 455 429
f 429 461 484
f 430 485 492
f 430 492 499
f 430 499 2393
f 500 493 431
f 2693 500 431
f 497 436 432
f 432 494 497
f 433 438 498
f 496 490 433
f 498 496 433
f 434 462 475
f 435 446 476
f 476 463 435
f 436 497 2321
f 436 2321 2703
f 2703 2323 436
f 501 458 437
f 437 478 501
f 2318 498 438
f 438 2315 2318
f 479 457 439
f 439 459 502
f 2818 459 439
f 502 479 439
f 3317 2818 439
f 487 465 440
f 440 465 2172
f 440 467 487
f 3219 467 440
f 440 2927 3219
f 441 443 491
f 491 451 441
f 442 452 464
f 443 460 491
f 2503 460 443
f 2738 2503 443
f 495 461 444
f 444 464 495
f 471 449 445
f 511 471 445
f 445 475 511
f 446 453 472
f 446 472 512
f 512 476 446
f 465 456 447
f 2172 465 447
f 448 457 466
f 468 454 449
f 471 468 449
f 450 466 488
f 510 477 450
f 450 477 2721
f 450 488 510
f 2721 2453 450
f 482 462 451
f 491 482 451
f 452 463 483
f 483 464 452
f 453 455 470
f 453 470 472
f 454 468 469
f 454 469 481
f 2302 470 455
f 455 484 506
f 455 506 2302
f 456 465 478
f 488 466 457
f 457 479 488
f 515 473 458
f 458 501 515
f 459 474 516
f 516 502 459
f 460 481 517
f 517 491 460
f 520 484 461
f 461 495 520
f 507 475 462
f 462 482 507
f 463 476 508
f 508 483 463
f 464 483 495
f 487 478 465
f 467 480 509
f 509 487 467
f 2235 469 468
f 468 471 504
f 468 504 2280
f 2293 2235 468
f 468 2280 2293
f 503 481 469
f 2235 503 469
f 505 472 470
f 2685 505 470
f 470 2302 3154
f 3154 2685 470
f 511 504 471
f 472 505 537
f 537 512 472
f 521 485 473
f 473 515 521
f 474 486 516
f 475 507 533
f 533 511 475
f 512 508 476
f 519 489 477
f 477 510 519
f 478 487 509
f 509 501 478
f 502 488 479
f 480 490 518
f 518 509 480
f 481 503 535
f 535 517 481
f 482 491 513
f 513 507 482
f 514 495 483
f 483 508 514
f 538 506 484
f 484 520 538
f 525 492 485
f 485 521 525
f 486 493 522
f 522 516 486
f 488 502 510
f 524 494 489
f 489 519 524
f 490 496 523
f 523 518 490
f 517 513 491
f 530 499 492
f 492 525 530
f 493 500 532
f 526 522 493
f 532 526 493
f 528 497 494
f 494 524 528
f 495 514 520
f 496 498 527
f 527 523 496
f 497 528 531
f 497 531 2321
f 529 527 498
f 2316 529 498
f 2540 2316 498
f 498 2318 2540
f 499 530 3033
f 3033 2393 499
f 2704 532 500
f 500 2693 2704
f 501 509 518
f 518 515 501
f 519 510 502
f 502 516 519
f 3034 535 503
f 504 511 536
f 504 536 2466
f 2466 2280 504
f 2234 537 505
f 2686 2234 505
f 505 2685 2686
f 506 538 3153
f 2320 2302 506
f 3153 2320 506
f 507 513 533
f 508 512 534
f 534 514 508
f 511 533 536
f 537 534 512
f 513 517 539
f 539 533 513
f 540 520 514
f 514 534 540
f 515 518 523
f 523 521 515
f 524 519 516
f 516 522 524
f 517 535 539
f 540 538 520
f 521 523 525
f 526 524 522
f 527 525 523
f 524 526 528
f 525 527 529
f 525 529 530
f 531 528 526
f 532 531 526
f 2316 530 529
f 2316 2231 530
f 530 2231 3033
f 531 532 2325
f 2325 2321 531
f 532 2233 2325
f 2704 2233 532
f 541 536 533
f 533 539 541
f 534 537 542
f 543 540 534
f 534 542 543
f 2303 539 535
f 3034 2303 535
f 536 541 2313
f 2313 2311 536
f 536 2311 2466
f 2314 542 537
f 537 2234 2314
f 538 540 543
f 538 543 2695
f 538 2695 3153
f 2313 541 539
f 539 2303 2313
f 2314 543 542
f 543 2314 2695
f 553 550 544
f 544 550 3040
f 2326 553 544
f 3041 2326 544
f 544 3040 3041
f 545 546 548
f 3043 546 545
f 545 548 551
f 545 551 2719
f 2719 2718 545
f 545 2718 3043
f 554 548 546
f 3042 552 546
f 546 552 3224
f 3224 554 546
f 3043 3042 546
f 547 549 566
f 2326 549 547
f 556 553 547
f 547 553 2326
f 566 556 547
f 555 551 548
f 548 554 557
f 557 555 548
f 549 562 567
f 2710 562 549
f 567 566 549
f 549 2326 2710
f 550 553 558
f 550 558 574
f 574 563 550
f 550 563 3040
f 551 555 570
f 570 564 551
f 551 564 2331
f 551 2331 2719
f 565 559 552
f 552 559 3224
f 3042 565 552
f 553 556 560
f 560 558 553
f 561 557 554
f 554 559 572
f 3224 559 554
f 572 561 554
f 555 557 580
f 581 570 555
f 555 580 581
f 578 560 556
f 556 566 568
f 556 568 578
f 557 561 579
f 579 569 557
f 557 569 580
f 558 560 571
f 558 571 609
f 609 574 558
f 559 565 575
f 575 572 559
f 614 571 560
f 560 578 614
f 561 572 615
f 615 579 561
f 586 567 562
f 2711 586 562
f 562 2710 3155
f 3155 2711 562
f 563 574 599
f 563 599 2327
f 563 2327 3044
f 3045 3040 563
f 563 3044 3045
f 564 570 576
f 564 576 2328
f 564 2328 2331
f 577 575 565
f 2330 577 565
f 2332 2330 565
f 3042 2332 565
f 566 567 596
f 573 568 566
f 596 573 566
f 567 586 612
f 2638 596 567
f 567 612 2638
f 568 573 597
f 617 578 568
f 568 597 617
f 569 579 618
f 598 580 569
f 618 598 569
f 595 576 570
f 570 581 3371
f 3371 595 570
f 645 609 571
f 571 614 645
f 572 575 610
f 572 610 646
f 646 615 572
f 573 596 628
f 627 597 573
f 632 627 573
f 573 628 632
f 609 599 574
f 575 577 600
f 575 600 610
f 595 577 576
f 576 577 2330
f 2330 2328 576
f 577 595 600
f 665 614 578
f 578 617 665
f 579 615 618
f 2725 581 580
f 580 598 613
f 580 613 2725
f 2725 611 581
f 581 611 3371
f 582 583 587
f 590 583 582
f 582 587 632
f 582 589 590
f 628 589 582
f 632 628 582
f 588 587 583
f 639 588 583
f 583 590 640
f 583 634 639
f 640 634 583
f 592 585 584
f 584 585 593
f 584 591 592
f 641 591 584
f 584 593 642
f 584 635 641
f 642 635 584
f 585 592 3046
f 594 593 585
f 643 594 585
f 585 636 643
f 2205 636 585
f 3046 2205 585
f 586 599 612
f 2327 599 586
f 2711 2327 586
f 587 588 601
f 587 601 650
f 638 632 587
f 650 638 587
f 602 601 588
f 651 602 588
f 588 639 651
f 604 590 589
f 589 603 604
f 2489 603 589
f 589 628 2489
f 590 604 652
f 652 640 590
f 3298 592 591
f 653 605 591
f 591 605 3298
f 591 641 653
f 3298 606 592
f 592 606 3349
f 3349 3046 592
f 593 594 607
f 593 607 654
f 654 642 593
f 608 607 594
f 655 608 594
f 594 643 655
f 3345 600 595
f 595 616 3345
f 3371 616 595
f 2815 628 596
f 596 2638 2815
f 633 617 597
f 597 627 633
f 637 613 598
f 598 618 637
f 599 609 3367
f 3390 612 599
f 3367 630 599
f 599 630 3390
f 631 610 600
f 3345 631 600
f 601 602 619
f 601 619 650
f 620 619 602
f 651 620 602
f 621 604 603
f 2384 621 603
f 2489 2384 603
f 604 621 622
f 604 622 652
f 2236 606 605
f 605 606 3298
f 653 623 605
f 605 623 2236
f 2236 624 606
f 606 624 3316
f 606 3316 3349
f 607 608 626
f 626 625 607
f 607 625 654
f 655 626 608
f 609 645 3367
f 610 631 646
f 611 2205 2206
f 2725 2205 611
f 611 2206 3371
f 612 629 2638
f 3390 629 612
f 647 636 613
f 613 636 2725
f 613 637 647
f 665 645 614
f 666 618 615
f 615 646 666
f 616 644 3338
f 3371 644 616
f 616 3338 3345
f 617 633 679
f 704 665 617
f 617 679 704
f 680 637 618
f 618 666 708
f 708 680 618
f 619 620 656
f 671 650 619
f 619 656 671
f 620 651 672
f 657 656 620
f 672 657 620
f 659 622 621
f 621 658 659
f 2862 658 621
f 621 2384 2862
f 674 652 622
f 622 659 674
f 660 624 623
f 623 624 2236
f 623 653 675
f 698 660 623
f 623 675 698
f 624 660 661
f 624 661 699
f 699 676 624
f 624 676 3316
f 625 626 663
f 677 654 625
f 663 662 625
f 625 662 700
f 700 677 625
f 626 655 678
f 701 663 626
f 626 678 701
f 627 632 649
f 664 633 627
f 627 649 664
f 2583 2489 628
f 2815 2583 628
f 2714 648 629
f 629 648 2815
f 2815 2638 629
f 2921 2714 629
f 3390 2921 629
f 3367 667 630
f 630 667 3390
f 668 646 631
f 3338 668 631
f 3345 3338 631
f 632 638 649
f 633 664 681
f 715 679 633
f 633 681 715
f 709 639 634
f 634 640 709
f 710 641 635
f 635 642 710
f 2208 643 636
f 636 647 2208
f 636 2205 2725
f 682 647 637
f 637 680 716
f 716 682 637
f 650 649 638
f 711 651 639
f 639 709 711
f 640 652 712
f 712 709 640
f 717 653 641
f 641 710 717
f 642 654 718
f 718 710 642
f 2209 655 643
f 643 2208 2209
f 2207 670 644
f 644 670 3383
f 3249 2207 644
f 3371 3249 644
f 3383 3338 644
f 645 665 683
f 645 683 3367
f 684 666 646
f 646 668 684
f 647 682 2209
f 2209 2208 647
f 2524 2489 648
f 648 2489 2583
f 2714 2524 648
f 648 2583 2815
f 649 650 685
f 685 664 649
f 650 671 685
f 720 672 651
f 651 711 720
f 652 674 721
f 721 712 652
f 717 675 653
f 654 677 734
f 734 718 654
f 2209 678 655
f 656 657 686
f 694 671 656
f 656 686 694
f 657 672 695
f 687 686 657
f 695 687 657
f 689 659 658
f 658 688 689
f 725 688 658
f 658 696 725
f 2862 696 658
f 697 674 659
f 659 689 697
f 691 661 660
f 660 690 691
f 727 690 660
f 660 698 727
f 661 691 699
f 662 663 693
f 693 692 662
f 662 692 729
f 729 700 662
f 731 693 663
f 663 701 731
f 2893 681 664
f 664 685 2893
f 704 683 665
f 666 684 730
f 730 708 666
f 667 683 702
f 3367 683 667
f 667 702 2921
f 667 2921 3390
f 703 684 668
f 3383 703 668
f 668 3338 3383
f 669 719 2568
f 2654 719 669
f 669 2568 2714
f 2921 2654 669
f 669 2714 2921
f 670 2207 2887
f 670 2887 3392
f 670 3275 3326
f 3398 3275 670
f 670 3326 3383
f 670 3392 3398
f 746 685 671
f 671 694 3333
f 3333 746 671
f 748 695 672
f 672 720 748
f 2568 696 673
f 673 696 2862
f 2862 2384 673
f 673 2384 3174
f 3174 2568 673
f 674 697 749
f 749 721 674
f 757 698 675
f 675 717 757
f 676 699 3342
f 676 2887 3316
f 3392 2887 676
f 676 3342 3392
f 677 700 759
f 759 734 677
f 2216 701 678
f 678 2209 2216
f 764 704 679
f 679 715 764
f 680 708 716
f 681 713 715
f 2893 713 681
f 716 714 682
f 682 714 2209
f 724 702 683
f 683 704 724
f 684 703 730
f 685 746 3049
f 3049 2893 685
f 686 687 735
f 722 694 686
f 773 722 686
f 686 735 773
f 687 695 723
f 687 723 774
f 736 735 687
f 774 736 687
f 738 689 688
f 688 725 775
f 688 737 738
f 775 737 688
f 726 697 689
f 776 726 689
f 689 738 776
f 740 691 690
f 690 727 777
f 690 739 740
f 777 739 690
f 728 699 691
f 778 728 691
f 691 740 778
f 692 693 742
f 2650 729 692
f 742 741 692
f 692 741 2650
f 693 731 780
f 780 742 693
f 694 722 793
f 694 793 3333
f 784 723 695
f 695 748 784
f 755 725 696
f 2568 755 696
f 697 726 839
f 839 749 697
f 801 727 698
f 698 757 801
f 699 728 3342
f 700 729 803
f 803 759 700
f 804 731 701
f 2216 804 701
f 702 724 743
f 702 743 2654
f 702 2654 2921
f 745 730 703
f 3326 745 703
f 3383 3326 703
f 764 724 704
f 744 732 705
f 705 732 752
f 2261 744 705
f 705 752 2547
f 2336 2261 705
f 2547 2336 705
f 706 707 733
f 2257 707 706
f 706 733 747
f 706 747 814
f 814 753 706
f 706 753 2257
f 794 733 707
f 707 754 794
f 2518 754 707
f 707 2257 2396
f 707 2396 2518
f 765 716 708
f 708 730 765
f 770 711 709
f 709 712 781
f 781 770 709
f 2624 717 710
f 710 718 2999
f 2999 2624 710
f 800 720 711
f 711 770 800
f 712 721 789
f 789 781 712
f 771 715 713
f 713 746 762
f 3049 746 713
f 713 762 3305
f 3305 771 713
f 713 2893 3049
f 714 716 772
f 772 763 714
f 714 763 2209
f 852 764 715
f 715 771 852
f 716 765 853
f 853 772 716
f 2521 757 717
f 2634 2521 717
f 717 2624 2634
f 718 734 2945
f 718 2945 2999
f 719 743 787
f 2654 743 719
f 2526 755 719
f 719 755 2568
f 719 761 2526
f 2916 761 719
f 719 787 2916
f 800 748 720
f 721 749 2447
f 810 789 721
f 2447 810 721
f 722 773 793
f 838 774 723
f 723 784 838
f 791 743 724
f 724 764 791
f 725 755 851
f 851 775 725
f 726 776 839
f 854 777 727
f 727 801 854
f 728 778 855
f 855 802 728
f 728 802 3342
f 729 779 856
f 2650 779 729
f 856 803 729
f 730 745 792
f 792 765 730
f 857 780 731
f 731 804 857
f 732 744 766
f 766 750 732
f 732 750 786
f 786 752 732
f 768 747 733
f 733 756 768
f 3399 756 733
f 733 794 3399
f 734 759 2702
f 734 2702 2945
f 735 736 817
f 858 773 735
f 735 817 858
f 736 774 859
f 818 817 736
f 859 818 736
f 819 738 737
f 737 775 860
f 860 819 737
f 861 776 738
f 738 819 820
f 738 820 861
f 821 740 739
f 739 777 862
f 862 821 739
f 822 778 740
f 740 821 822
f 741 742 2709
f 741 823 2633
f 2709 823 741
f 741 2633 2650
f 742 780 865
f 865 824 742
f 742 824 2709
f 791 787 743
f 744 751 813
f 2261 751 744
f 868 766 744
f 744 813 868
f 872 792 745
f 745 845 872
f 2929 845 745
f 745 2210 2929
f 3326 2210 745
f 746 760 825
f 3022 760 746
f 825 762 746
f 3333 3022 746
f 747 768 869
f 869 814 747
f 830 784 748
f 748 800 830
f 749 839 2480
f 749 870 2447
f 2480 870 749
f 750 766 808
f 808 767 750
f 750 767 844
f 829 786 750
f 844 829 750
f 912 813 751
f 751 847 912
f 2413 847 751
f 751 2261 2730
f 2730 2413 751
f 752 786 848
f 752 848 2547
f 753 814 849
f 753 849 2334
f 2735 2257 753
f 753 2334 2735
f 850 794 754
f 2518 850 754
f 755 835 877
f 2526 835 755
f 877 851 755
f 769 768 756
f 3399 769 756
f 883 801 757
f 757 815 883
f 2521 815 757
f 758 802 2674
f 3342 802 758
f 3177 2210 758
f 758 2210 3398
f 758 2674 2835
f 758 2835 3177
f 3392 3342 758
f 3398 3392 758
f 759 803 2465
f 2465 2310 759
f 759 2310 2702
f 760 793 878
f 3022 793 760
f 878 825 760
f 761 788 812
f 2736 788 761
f 761 812 2526
f 2916 2736 761
f 762 825 866
f 762 866 3305
f 763 772 867
f 867 826 763
f 763 826 2216
f 2216 2209 763
f 871 791 764
f 764 852 871
f 765 792 853
f 891 808 766
f 766 868 891
f 832 795 767
f 767 795 875
f 767 808 832
f 875 844 767
f 768 769 3003
f 768 811 892
f 3003 811 768
f 892 869 768
f 769 798 3003
f 3384 798 769
f 3399 3384 769
f 770 781 785
f 770 785 2834
f 770 797 800
f 2834 797 770
f 920 852 771
f 771 866 920
f 3305 866 771
f 772 853 867
f 886 793 773
f 773 858 886
f 774 838 949
f 949 859 774
f 775 851 895
f 895 860 775
f 2723 839 776
f 776 861 2723
f 777 854 904
f 904 862 777
f 778 822 863
f 905 855 778
f 778 863 905
f 906 856 779
f 779 864 906
f 2633 864 779
f 2650 2633 779
f 780 857 907
f 907 865 780
f 781 782 785
f 789 782 781
f 2834 785 782
f 782 789 3112
f 782 790 827
f 3112 790 782
f 782 827 843
f 782 843 2834
f 783 799 2634
f 3057 799 783
f 2221 2220 783
f 783 2220 3039
f 2624 2221 783
f 2634 2624 783
f 783 3039 3057
f 784 830 2689
f 2689 838 784
f 786 829 888
f 888 848 786
f 787 791 871
f 787 871 2224
f 787 2224 2429
f 787 2429 2916
f 788 790 812
f 2662 790 788
f 2736 2662 788
f 789 810 3112
f 2819 812 790
f 2662 827 790
f 3112 2819 790
f 872 853 792
f 886 878 793
f 793 3022 3333
f 889 831 794
f 794 831 3399
f 794 850 889
f 832 805 795
f 795 805 2438
f 2438 875 795
f 2587 807 796
f 796 807 2904
f 796 2212 2213
f 2221 2212 796
f 796 2213 2587
f 2904 2221 796
f 2446 800 797
f 797 806 2446
f 2788 806 797
f 2834 2788 797
f 798 809 3003
f 3384 809 798
f 799 815 2521
f 2963 815 799
f 799 2521 2634
f 3057 2963 799
f 2446 830 800
f 883 854 801
f 802 855 908
f 908 884 802
f 802 884 2674
f 803 856 2621
f 2621 2465 803
f 2223 857 804
f 2216 2215 804
f 804 2215 2223
f 2676 806 805
f 805 806 2788
f 805 832 2676
f 2788 2438 805
f 2676 2446 806
f 807 809 879
f 2590 809 807
f 807 879 2904
f 807 2587 2590
f 922 832 808
f 808 891 922
f 809 876 882
f 3384 876 809
f 882 879 809
f 809 2590 2825
f 809 2825 3003
f 2447 834 810
f 810 834 2819
f 810 2819 3112
f 811 833 923
f 3003 833 811
f 923 892 811
f 812 835 2526
f 2819 835 812
f 912 868 813
f 913 849 814
f 814 869 961
f 961 913 814
f 3377 883 815
f 815 2963 3377
f 816 841 2663
f 2835 841 816
f 2924 2217 816
f 816 2217 3276
f 816 2663 2924
f 3276 2835 816
f 817 818 896
f 928 858 817
f 817 896 928
f 818 859 929
f 897 896 818
f 929 897 818
f 2837 820 819
f 819 860 898
f 819 898 2837
f 899 861 820
f 2837 899 820
f 901 822 821
f 821 862 932
f 821 900 901
f 932 900 821
f 933 863 822
f 822 901 933
f 823 824 902
f 2709 824 823
f 902 864 823
f 823 864 2633
f 824 865 903
f 903 902 824
f 917 866 825
f 825 878 917
f 826 867 918
f 826 918 2223
f 826 2215 2216
f 2223 2215 826
f 2608 843 827
f 2662 2608 827
f 828 842 2505
f 3039 842 828
f 2698 2346 828
f 828 2346 3039
f 828 2505 2698
f 829 844 926
f 926 888 829
f 830 840 885
f 2446 840 830
f 830 885 2689
f 927 846 831
f 831 846 3399
f 831 889 927
f 2361 840 832
f 832 840 2676
f 832 922 938
f 832 938 2361
f 2590 836 833
f 833 836 2670
f 939 923 833
f 2670 939 833
f 2825 2590 833
f 3003 2825 833
f 870 835 834
f 834 835 2819
f 2447 870 834
f 835 870 877
f 836 2553 2670
f 2672 2553 836
f 836 2556 2672
f 2751 2556 836
f 836 2590 2751
f 837 1693 2256
f 2348 1693 837
f 837 2256 2913
f 3173 2348 837
f 837 2913 3171
f 837 3171 3173
f 3380 949 838
f 838 2689 3380
f 2515 2480 839
f 2656 2515 839
f 2723 2656 839
f 3119 885 840
f 840 2361 2965
f 840 2446 2676
f 840 2965 3119
f 2674 884 841
f 841 884 3396
f 3377 2663 841
f 2835 2674 841
f 3396 3377 841
f 842 873 2404
f 2904 873 842
f 842 2220 2904
f 3039 2220 842
f 842 2404 2505
f 2652 874 843
f 843 874 2834
f 843 2608 2652
f 844 875 2649
f 953 926 844
f 2649 953 844
f 916 872 845
f 967 916 845
f 2936 967 845
f 2929 2869 845
f 845 2869 2936
f 954 876 846
f 846 876 3384
f 846 927 954
f 846 3384 3399
f 847 909 970
f 3158 909 847
f 970 912 847
f 847 2413 3158
f 848 888 958
f 848 958 2350
f 2350 2342 848
f 848 2342 2547
f 913 910 849
f 849 910 2451
f 2451 2334 849
f 959 889 850
f 850 911 959
f 3222 911 850
f 2518 2343 850
f 850 2343 3222
f 851 877 2354
f 2354 895 851
f 920 871 852
f 921 867 853
f 853 872 916
f 853 916 921
f 854 883 945
f 945 904 854
f 855 905 908
f 856 906 2653
f 2653 2621 856
f 2573 907 857
f 857 2223 2573
f 937 886 858
f 858 928 937
f 949 929 859
f 860 895 957
f 930 898 860
f 957 930 860
f 861 899 931
f 861 931 2747
f 2747 2723 861
f 862 904 962
f 962 932 862
f 963 905 863
f 863 933 963
f 864 902 934
f 964 906 864
f 864 934 964
f 935 903 865
f 865 907 965
f 965 935 865
f 866 917 3299
f 3299 920 866
f 976 918 867
f 867 921 976
f 960 891 868
f 868 912 960
f 869 892 961
f 890 877 870
f 2480 890 870
f 920 915 871
f 871 915 2224
f 873 879 972
f 2904 879 873
f 873 972 2404
f 2761 881 874
f 874 881 2788
f 874 2652 2761
f 874 2788 2834
f 2438 880 875
f 875 880 2649
f 980 882 876
f 876 954 980
f 877 890 2742
f 877 893 2354
f 2742 893 877
f 878 886 894
f 878 894 968
f 968 917 878
f 879 882 980
f 980 972 879
f 880 881 2593
f 2788 881 880
f 880 2438 2788
f 880 2593 2649
f 2761 2593 881
f 3364 945 883
f 3396 3364 883
f 883 3377 3396
f 884 908 3364
f 884 3364 3396
f 3287 2689 885
f 885 3119 3287
f 955 894 886
f 886 937 955
f 887 915 966
f 2224 915 887
f 887 924 2662
f 2722 924 887
f 887 966 2722
f 2429 2224 887
f 2916 2429 887
f 887 2662 2736
f 887 2736 2916
f 888 926 998
f 998 958 888
f 999 927 889
f 889 959 999
f 2515 936 890
f 890 936 2742
f 890 2480 2515
f 996 922 891
f 891 960 996
f 892 923 997
f 997 961 892
f 893 940 2354
f 2742 940 893
f 894 955 3385
f 1008 968 894
f 3098 1008 894
f 894 3066 3098
f 3385 3066 894
f 895 940 957
f 2354 940 895
f 896 897 987
f 987 928 896
f 897 929 988
f 988 987 897
f 898 930 989
f 898 989 2837
f 990 931 899
f 2837 990 899
f 991 901 900
f 900 932 991
f 992 933 901
f 901 991 992
f 902 903 994
f 993 934 902
f 994 993 902
f 903 935 994
f 904 945 982
f 982 962 904
f 946 908 905
f 963 946 905
f 906 964 2635
f 906 2635 2653
f 2895 965 907
f 907 2573 2895
f 946 945 908
f 908 945 3364
f 909 958 970
f 2350 958 909
f 3158 2350 909
f 959 911 910
f 910 911 2451
f 910 913 971
f 971 959 910
f 3221 2451 911
f 3222 3221 911
f 970 960 912
f 913 961 971
f 914 919 3287
f 3385 919 914
f 914 2792 3282
f 3287 2792 914
f 3341 3066 914
f 914 3066 3385
f 914 3282 3341
f 915 920 975
f 975 966 915
f 976 921 916
f 916 967 976
f 917 968 1021
f 1021 975 917
f 917 975 3299
f 1022 969 918
f 918 969 2226
f 918 976 1022
f 2226 2223 918
f 919 956 3129
f 3385 956 919
f 919 3129 3380
f 3380 3287 919
f 3299 975 920
f 1040 938 922
f 922 996 1026
f 922 1026 1040
f 923 939 1027
f 1027 997 923
f 2448 952 924
f 924 952 2608
f 2722 2448 924
f 924 2608 2662
f 925 951 1037
f 2505 951 925
f 1011 967 925
f 925 967 2936
f 1037 1011 925
f 2749 2505 925
f 2936 2749 925
f 926 953 1034
f 1034 998 926
f 1035 954 927
f 927 999 1035
f 986 937 928
f 1000 986 928
f 928 987 1000
f 929 949 1012
f 1001 988 929
f 1012 1001 929
f 930 957 1014
f 1002 989 930
f 1014 1002 930
f 1013 950 931
f 931 950 2747
f 931 990 1003
f 931 1003 1013
f 932 962 1017
f 1004 991 932
f 1017 1004 932
f 1005 963 933
f 933 992 1005
f 1006 964 934
f 934 993 1006
f 935 965 1020
f 1007 994 935
f 1020 1007 935
f 2532 977 936
f 936 977 2742
f 936 2515 2532
f 995 955 937
f 937 986 995
f 1044 943 938
f 938 943 2361
f 938 1040 1044
f 939 944 1041
f 2670 944 939
f 1041 1027 939
f 981 957 940
f 2742 981 940
f 2965 943 941
f 941 943 3412
f 3119 2965 941
f 3424 3119 941
f 3412 3307 941
f 941 3307 3424
f 942 944 2553
f 2911 944 942
f 942 2553 3327
f 942 2750 3076
f 3327 2750 942
f 3213 2911 942
f 942 3076 3213
f 943 1044 3412
f 2965 2361 943
f 2911 1041 944
f 2670 2553 944
f 945 946 983
f 983 982 945
f 946 963 983
f 2635 984 947
f 947 984 2713
f 2713 2227 947
f 947 2227 2809
f 2653 2635 947
f 2809 2653 947
f 2681 985 948
f 948 985 2895
f 2573 2226 948
f 948 2226 3164
f 2895 2573 948
f 2713 2681 948
f 3164 2713 948
f 2830 1012 949
f 3380 2830 949
f 950 1013 2532
f 950 2532 2656
f 950 2656 2723
f 950 2723 2747
f 951 972 1053
f 2404 972 951
f 1053 1037 951
f 2505 2404 951
f 2341 973 952
f 952 973 2652
f 2448 2341 952
f 2652 2608 952
f 953 974 1048
f 2649 974 953
f 1048 1034 953
f 1049 980 954
f 954 1035 1049
f 955 995 2767
f 955 2767 3385
f 1023 1012 956
f 956 1012 2830
f 2767 1023 956
f 3385 2767 956
f 956 2830 3129
f 957 981 1025
f 1025 1014 957
f 998 970 958
f 959 971 999
f 960 970 1015
f 1046 996 960
f 960 1015 1046
f 1016 971 961
f 961 997 1016
f 962 982 1017
f 1029 983 963
f 963 1005 1018
f 963 1018 1029
f 1030 984 964
f 964 984 2635
f 964 1006 1019
f 964 1019 1030
f 2895 1020 965
f 966 975 1021
f 1021 1010 966
f 966 1010 2722
f 1011 976 967
f 968 1008 1021
f 1022 1009 969
f 969 1009 2226
f 970 998 1015
f 1016 999 971
f 972 980 1073
f 1073 1053 972
f 2362 978 973
f 973 978 2761
f 973 2341 2362
f 2761 2652 973
f 974 979 1061
f 2649 979 974
f 1061 1048 974
f 976 1011 1022
f 1024 981 977
f 977 981 2742
f 977 1013 1024
f 2532 1013 977
f 1074 979 978
f 978 979 2593
f 2362 1074 978
f 978 2593 2761
f 1074 1061 979
f 2649 2593 979
f 980 1049 1067
f 980 1067 1075
f 1075 1073 980
f 981 1024 1025
f 982 983 1028
f 1028 1017 982
f 1029 1028 983
f 984 1030 2667
f 984 2667 2681
f 984 2681 2713
f 1031 1020 985
f 985 1020 2895
f 2667 1031 985
f 2681 2667 985
f 1039 995 986
f 986 1000 1038
f 986 1038 1039
f 987 988 1059
f 1058 1000 987
f 1059 1058 987
f 988 1001 1060
f 1060 1059 988
f 1063 990 989
f 989 990 2837
f 989 1002 1062
f 989 1062 1063
f 1063 1003 990
f 1065 992 991
f 991 1004 1064
f 991 1064 1065
f 1066 1005 992
f 992 1065 1066
f 993 994 1071
f 1070 1006 993
f 1071 1070 993
f 994 1007 1071
f 995 1039 2767
f 1076 1026 996
f 996 1046 1076
f 1047 1016 997
f 997 1027 1077
f 1077 1047 997
f 2876 1015 998
f 998 1034 2876
f 999 1016 1035
f 2769 1038 1000
f 1000 1058 2769
f 1001 1012 1054
f 1001 1054 1060
f 1002 1014 2777
f 2778 1062 1002
f 1002 2777 2778
f 1055 1013 1003
f 2782 1055 1003
f 1003 1063 2782
f 1004 1017 1064
f 2789 1018 1005
f 1005 1066 2789
f 1069 1019 1006
f 1070 1069 1006
f 1007 1020 2468
f 2468 1071 1007
f 1050 1021 1008
f 1008 1032 3320
f 3341 1032 1008
f 3320 1050 1008
f 1008 3098 3341
f 1009 1022 1051
f 1051 1033 1009
f 1009 1033 2611
f 2611 2226 1009
f 1010 1021 1050
f 1050 1036 1010
f 1010 1036 2448
f 1010 2448 2722
f 1037 1022 1011
f 1012 1023 1054
f 1055 1024 1013
f 1014 1025 2777
f 2876 1046 1015
f 1047 1035 1016
f 1017 1028 2786
f 2786 1064 1017
f 2353 1029 1018
f 2789 2353 1018
f 1068 1030 1019
f 2798 1068 1019
f 1019 1069 2798
f 1020 1031 2371
f 1020 2371 2468
f 1022 1037 1051
f 1023 1039 1056
f 2767 1039 1023
f 1056 1054 1023
f 1057 1025 1024
f 1024 1055 1057
f 1025 1057 2356
f 1025 2356 2777
f 1080 1040 1026
f 1026 1076 1080
f 1027 1041 1077
f 1028 1029 2185
f 1028 2185 2786
f 2989 2185 1029
f 1029 2353 2989
f 1068 1031 1030
f 1030 1031 2667
f 1031 1068 3060
f 3060 2371 1031
f 3307 3102 1032
f 1032 3102 3407
f 3341 3307 1032
f 3407 3320 1032
f 1079 1043 1033
f 1033 1043 3213
f 1033 1051 1079
f 2864 2611 1033
f 3213 2864 1033
f 1034 1048 2853
f 1034 2853 2876
f 1035 1047 1049
f 1036 1050 1052
f 1036 1052 2341
f 1036 2341 2448
f 1053 1051 1037
f 2996 1039 1038
f 2337 2230 1038
f 1038 2230 2996
f 2769 2337 1038
f 2996 1056 1039
f 3331 1044 1040
f 1040 1080 3331
f 2911 1045 1041
f 1041 1045 3330
f 1081 1077 1041
f 3330 1081 1041
f 1042 1044 3404
f 3412 1044 1042
f 1042 3102 3307
f 3407 3102 1042
f 1042 3307 3412
f 1042 3404 3405
f 1042 3405 3407
f 1043 1045 2911
f 3300 1045 1043
f 1043 1079 1083
f 1043 1083 3300
f 1043 2911 3213
f 1044 3331 3404
f 1045 3300 3330
f 2853 1076 1046
f 2876 2853 1046
f 1077 1049 1047
f 1048 1061 1076
f 1048 1076 2853
f 1081 1067 1049
f 1049 1077 1081
f 1078 1052 1050
f 3320 1078 1050
f 1051 1053 1079
f 1078 1072 1052
f 1052 1072 2362
f 2362 2341 1052
f 1053 1073 1079
f 1054 1056 2773
f 2773 1060 1054
f 2191 1057 1055
f 2782 2191 1055
f 2996 2229 1056
f 1056 2229 3054
f 3054 2773 1056
f 1057 2191 2566
f 2566 2356 1057
f 1058 1059 2417
f 1058 2417 2769
f 1059 1060 2416
f 1059 2416 2417
f 2772 2416 1060
f 2773 2772 1060
f 1061 1074 1080
f 1080 1076 1061
f 2363 1063 1062
f 2778 2363 1062
f 1063 2363 2784
f 2784 2782 1063
f 2364 1065 1064
f 2786 2364 1064
f 2366 1066 1065
f 1065 2364 2454
f 2454 2366 1065
f 1066 2366 2789
f 1081 1075 1067
f 1068 2798 3062
f 3062 3060 1068
f 1069 1070 2800
f 1069 2374 2798
f 2800 2374 1069
f 1070 1071 2373
f 1070 2373 2800
f 3063 2373 1071
f 1071 2468 3063
f 1072 1074 2362
f 2600 1074 1072
f 1072 1078 1082
f 1072 1082 2600
f 1073 1075 1085
f 1083 1079 1073
f 1085 1083 1073
f 1084 1080 1074
f 2600 1084 1074
f 1075 1081 1085
f 3407 1082 1078
f 1078 3320 3407
f 1080 1084 3331
f 3330 1085 1081
f 1082 1084 2600
f 3404 1084 1082
f 3405 3404 1082
f 3407 3405 1082
f 1083 1085 3300
f 3404 3331 1084
f 3330 3300 1085
f 1086 1088 1096
f 1132 1088 1086
f 1106 1090 1086
f 1086 1090 1130
f 1086 1096 1106
f 1086 1130 1132
f 1097 1089 1087
f 1087 1089 1131
f 1087 1091 1113
f 3303 1091 1087
f 1113 1097 1087
f 1087 1131 3303
f 1088 1092 1122
f 1132 1092 1088
f 1098 1096 1088
f 1122 1098 1088
f 1099 1093 1089
f 1089 1093 2347
f 1089 1097 1099
f 1133 1131 1089
f 2347 1133 1089
f 1126 1094 1090
f 1090 1094 1148
f 1090 1106 1126
f 1134 1130 1090
f 1148 1134 1090
f 1091 1095 1127
f 3409 1095 1091
f 1127 1113 1091
f 3303 1135 1091
f 1091 1135 3409
f 1124 1122 1092
f 1163 1124 1092
f 1092 1132 1141
f 1092 1141 1163
f 1093 1099 1123
f 1093 1123 1125
f 1093 1125 1164
f 1164 1142 1093
f 1093 1142 2347
f 1094 1126 1128
f 1094 1128 1148
f 1129 1127 1095
f 3304 1129 1095
f 3409 3304 1095
f 1096 1098 1195
f 1193 1106 1096
f 1195 1193 1096
f 1194 1099 1097
f 1097 1113 1199
f 1199 1194 1097
f 1098 1122 1201
f 1201 1195 1098
f 2490 1123 1099
f 1099 1194 2490
f 1100 1101 1179
f 2379 1101 1100
f 1178 1165 1100
f 1100 1165 2804
f 1179 1178 1100
f 2804 2379 1100
f 1101 1102 1179
f 2807 1102 1101
f 1101 2379 2563
f 1101 2563 2807
f 1102 1103 1166
f 3065 1103 1102
f 1102 1166 1179
f 1102 2807 3065
f 1103 1104 1144
f 3065 1104 1103
f 1103 1144 2619
f 1210 1166 1103
f 2619 1210 1103
f 1104 1143 1144
f 2378 1143 1104
f 2811 2378 1104
f 3065 2811 1104
f 1167 1107 1105
f 1105 1107 2816
f 1105 1145 1211
f 3067 1145 1105
f 1211 1167 1105
f 1105 2816 3067
f 1198 1126 1106
f 1106 1193 1198
f 1167 1108 1107
f 1107 1108 2389
f 1107 2389 3069
f 3069 2816 1107
f 1180 1110 1108
f 1108 1110 2389
f 1108 1167 1180
f 1109 1110 1181
f 2241 1110 1109
f 1168 1154 1109
f 1109 1154 2391
f 1181 1168 1109
f 1109 2232 2241
f 2391 2232 1109
f 1110 1180 1181
f 1110 2241 2389
f 1183 1112 1111
f 1111 1112 3070
f 1111 1169 1182
f 2823 1169 1111
f 1111 1182 1183
f 2986 2823 1111
f 3070 2986 1111
f 1183 1170 1112
f 1112 1170 2826
f 1112 2826 3070
f 1113 1127 1218
f 1218 1199 1113
f 1136 1115 1114
f 1114 1115 2409
f 1114 1116 1171
f 2409 1116 1114
f 1159 1136 1114
f 1171 1159 1114
f 1136 1117 1115
f 1115 1117 2406
f 1115 2406 2494
f 3170 2409 1115
f 1115 2494 3170
f 1116 1118 1171
f 2225 1118 1116
f 2408 2225 1116
f 2409 2408 1116
f 1160 1119 1117
f 1117 1119 3169
f 1117 1136 1160
f 3169 2406 1117
f 1118 1120 1185
f 2411 1120 1118
f 1184 1171 1118
f 1185 1184 1118
f 1118 2225 2411
f 1172 1121 1119
f 1119 1121 2410
f 1119 1160 1186
f 1186 1172 1119
f 1119 2410 3169
f 1120 1121 1172
f 2411 1121 1120
f 1120 1172 1185
f 2423 2410 1121
f 1121 2411 2423
f 1122 1124 1137
f 1122 1137 1220
f 1220 1201 1122
f 1138 1125 1123
f 2501 1138 1123
f 1123 2490 2501
f 1161 1137 1124
f 1124 1151 1161
f 1163 1151 1124
f 1125 1138 1152
f 1125 1152 1164
f 1139 1128 1126
f 1244 1139 1126
f 1126 1198 1244
f 1127 1129 1140
f 1127 1140 1218
f 1128 1139 1173
f 1175 1148 1128
f 1173 1155 1128
f 1128 1155 1213
f 1213 1175 1128
f 2758 1140 1129
f 1176 1156 1129
f 1129 1156 2758
f 3304 1176 1129
f 1227 1132 1130
f 1130 1134 1232
f 1232 1227 1130
f 1131 1133 3313
f 1233 1135 1131
f 1131 1135 3303
f 3313 1233 1131
f 2855 1141 1132
f 1132 1227 2855
f 2347 1142 1133
f 1133 1142 3260
f 3260 3167 1133
f 1133 3167 3313
f 1134 1148 1232
f 1250 1149 1135
f 1135 1149 3409
f 1135 1233 1250
f 1136 1159 2883
f 2806 1160 1136
f 1136 1177 2806
f 2883 1177 1136
f 1137 1161 1246
f 1246 1220 1137
f 1162 1152 1138
f 2501 1162 1138
f 1244 1173 1139
f 1140 1174 1245
f 2758 1174 1140
f 1245 1218 1140
f 3334 1163 1141
f 1141 2855 3334
f 1142 1164 2645
f 1142 2645 3265
f 3265 3260 1142
f 1188 1144 1143
f 1143 1153 1187
f 2381 1153 1143
f 1143 1187 1188
f 1143 2378 2381
f 1144 1188 2619
f 1145 1146 1189
f 3067 1146 1145
f 1145 1189 1211
f 1146 1154 1190
f 2392 1154 1146
f 1190 1189 1146
f 3067 2392 1146
f 1192 1150 1147
f 1147 1150 2402
f 1147 1157 1217
f 2402 1157 1147
f 1147 1191 1192
f 1217 1191 1147
f 1148 1175 1249
f 1249 1232 1148
f 1250 1176 1149
f 1149 1176 3304
f 1149 3304 3409
f 1192 1158 1150
f 1150 1158 2397
f 1150 2397 2401
f 1150 2401 2402
f 1207 1161 1151
f 1151 1163 1205
f 1151 1196 1207
f 1253 1196 1151
f 1151 1205 1253
f 1152 1162 1197
f 1206 1164 1152
f 1152 1197 1254
f 1254 1206 1152
f 1153 1165 1236
f 2804 1165 1153
f 1209 1187 1153
f 1236 1209 1153
f 1153 2381 2804
f 1154 1168 1239
f 1212 1190 1154
f 1239 1212 1154
f 2392 2391 1154
f 1155 1173 1215
f 1215 1203 1155
f 1155 1203 1257
f 1257 1213 1155
f 1216 1174 1156
f 1156 1174 2758
f 1156 1176 1214
f 1156 1204 1216
f 1258 1204 1156
f 1156 1214 1258
f 1157 1170 1217
f 2826 1170 1157
f 1157 2402 2831
f 2831 2826 1157
f 1240 1169 1158
f 1158 1169 2397
f 1158 1192 1221
f 1158 1221 1240
f 1159 1171 1242
f 1242 1222 1159
f 1159 1222 2883
f 1202 1186 1160
f 2806 1202 1160
f 1161 1207 1246
f 1208 1197 1162
f 1247 1208 1162
f 2501 1247 1162
f 2242 1205 1163
f 1163 2237 2242
f 3334 2237 1163
f 1164 1206 1276
f 1164 1276 2645
f 1165 1178 1236
f 1237 1179 1166
f 1166 1210 1237
f 1269 1180 1167
f 1167 1211 1238
f 1167 1238 1269
f 1168 1181 1239
f 1240 1182 1169
f 2823 2397 1169
f 1170 1183 1241
f 1241 1217 1170
f 1171 1184 1242
f 1243 1185 1172
f 1172 1186 1243
f 1281 1215 1173
f 1173 1244 1281
f 1174 1216 1283
f 1283 1245 1174
f 1175 1213 1299
f 1278 1249 1175
f 1299 1278 1175
f 1279 1214 1176
f 1176 1250 1279
f 1177 1235 1248
f 2625 1235 1177
f 1177 1248 2238
f 1177 2238 2806
f 2883 2625 1177
f 1178 1179 1268
f 1267 1236 1178
f 1268 1267 1178
f 1179 1237 1268
f 1269 1181 1180
f 1270 1239 1181
f 1181 1269 1270
f 1272 1183 1182
f 1182 1240 1271
f 1182 1271 1272
f 1272 1241 1183
f 1184 1185 1274
f 1273 1242 1184
f 1274 1273 1184
f 1185 1243 1274
f 1186 1202 1234
f 1186 1234 1243
f 3374 1188 1187
f 1187 1209 1311
f 1311 1223 1187
f 1187 1223 3374
f 1188 1224 3346
f 3374 1224 1188
f 3346 2619 1188
f 1189 1190 1226
f 1266 1211 1189
f 1226 1225 1189
f 1189 1225 1266
f 1190 1212 1314
f 1314 1226 1190
f 2651 1192 1191
f 1191 1217 1275
f 1275 1228 1191
f 1191 1228 2651
f 1231 1221 1192
f 2651 1231 1192
f 1193 1195 1289
f 1293 1198 1193
f 1289 1287 1193
f 1193 1287 1293
f 1194 1199 1288
f 1194 1200 2490
f 2535 1200 1194
f 1194 1288 2535
f 1195 1201 1296
f 1296 1289 1195
f 1251 1207 1196
f 1301 1251 1196
f 1196 1253 1301
f 1197 1208 1252
f 1197 1252 1302
f 1302 1254 1197
f 1322 1244 1198
f 1198 1293 1322
f 1199 1218 1294
f 1294 1288 1199
f 1200 1219 2501
f 2561 1219 1200
f 2501 2490 1200
f 1200 2535 2561
f 1201 1220 1296
f 1276 1234 1202
f 2238 1276 1202
f 2806 2238 1202
f 1203 1215 1260
f 1319 1257 1203
f 1260 1259 1203
f 1203 1259 1319
f 1261 1216 1204
f 1204 1258 1261
f 1344 1253 1205
f 2240 1344 1205
f 2242 2240 1205
f 1206 1254 1290
f 1290 1276 1206
f 1255 1246 1207
f 1207 1251 1255
f 1208 1247 1284
f 1256 1252 1208
f 1284 1256 1208
f 1209 1236 1303
f 1209 1303 1311
f 1304 1237 1210
f 1210 1265 1304
f 3346 1265 1210
f 1210 2619 3346
f 1305 1238 1211
f 1211 1266 1305
f 1212 1239 1306
f 1212 1306 1314
f 1213 1257 1299
f 1358 1258 1214
f 1214 1279 1300
f 1214 1300 1358
f 1315 1260 1215
f 1215 1281 1315
f 1216 1261 2375
f 1321 1283 1216
f 2375 1321 1216
f 1217 1241 1308
f 1308 1275 1217
f 1218 1245 1325
f 1325 1294 1218
f 1219 1247 2501
f 2606 1247 1219
f 1219 2561 2606
f 1220 1246 2915
f 1326 1296 1220
f 2915 1326 1220
f 1221 1231 1330
f 1307 1240 1221
f 1330 1307 1221
f 1222 1242 1309
f 1309 1282 1222
f 1222 1282 2625
f 1222 2625 2883
f 1223 1311 2240
f 2242 2237 1223
f 1223 2237 3374
f 1223 2240 2242
f 3264 1262 1224
f 1224 1262 3297
f 3374 3264 1224
f 1224 3297 3346
f 1225 1226 1263
f 1225 1263 1313
f 1313 1266 1225
f 1264 1263 1226
f 1314 1264 1226
f 2780 1229 1227
f 1227 1229 2855
f 1227 1232 2813
f 2813 2780 1227
f 1228 1275 2787
f 2333 1291 1228
f 1228 1291 2651
f 2787 2333 1228
f 1229 2780 3328
f 3293 2855 1229
f 3328 3293 1229
f 3248 1233 1230
f 1230 1233 3313
f 3127 2867 1230
f 1230 2867 3248
f 3270 3127 1230
f 1230 3167 3270
f 3313 3167 1230
f 1231 1277 1330
f 2651 1277 1231
f 1232 1249 1338
f 1232 1338 2813
f 1339 1250 1233
f 1233 1335 1339
f 3248 1335 1233
f 1310 1243 1234
f 1234 1276 1333
f 1398 1310 1234
f 1234 1333 1398
f 2896 1248 1235
f 1235 2625 2748
f 1235 2748 2896
f 1236 1267 1303
f 1304 1268 1237
f 1305 1269 1238
f 1239 1270 1306
f 1307 1271 1240
f 1241 1272 1351
f 1351 1308 1241
f 1242 1273 1352
f 1352 1309 1242
f 1353 1274 1243
f 1243 1310 1353
f 1340 1281 1244
f 1244 1322 1340
f 1245 1283 1341
f 1341 1325 1245
f 1246 1255 1323
f 1246 1323 2918
f 2918 2915 1246
f 2643 1284 1247
f 1247 2606 2643
f 1248 1276 2238
f 2645 1276 1248
f 1248 2525 2645
f 2947 2525 1248
f 1248 2896 2947
f 1249 1278 1338
f 1363 1279 1250
f 1250 1339 1363
f 1316 1255 1251
f 1251 1301 1399
f 1399 1316 1251
f 1252 1256 1317
f 1400 1302 1252
f 1252 1317 1400
f 1344 1301 1253
f 1345 1290 1254
f 1254 1302 1345
f 1316 1297 1255
f 1255 1297 1323
f 1256 1284 1298
f 1256 1298 1317
f 1357 1299 1257
f 1257 1319 1416
f 1416 1357 1257
f 1320 1261 1258
f 1417 1320 1258
f 1258 1358 1417
f 1259 1260 3074
f 2847 1319 1259
f 3074 2847 1259
f 1260 1315 2427
f 2427 2275 1260
f 1260 2275 3074
f 1261 1320 2424
f 2425 2375 1261
f 1261 2424 2425
f 1262 2729 3297
f 3422 2729 1262
f 3264 2940 1262
f 1262 2940 3293
f 1262 3293 3328
f 1262 3328 3422
f 1263 1264 1285
f 1263 1285 1313
f 1286 1285 1264
f 1368 1286 1264
f 1264 1314 1368
f 1392 1304 1265
f 1265 1312 1392
f 2910 1312 1265
f 3346 2910 1265
f 1393 1305 1266
f 1266 1313 1393
f 1267 1268 1347
f 1346 1303 1267
f 1347 1346 1267
f 1268 1304 1347
f 1348 1270 1269
f 1269 1305 1348
f 1349 1306 1270
f 1270 1348 1349
f 1350 1272 1271
f 1271 1307 1350
f 1272 1350 1351
f 1273 1274 2745
f 2745 1352 1273
f 1274 1353 2745
f 1275 1308 1396
f 1396 1318 1275
f 1275 1318 2787
f 1276 1290 1333
f 1277 1292 2298
f 2680 1292 1277
f 2298 1330 1277
f 1277 2651 2680
f 1278 1299 1403
f 1403 1338 1278
f 1363 1300 1279
f 2845 1342 1280
f 1280 1342 2867
f 1280 2748 2845
f 2896 2748 1280
f 1280 2867 2896
f 1376 1315 1281
f 1281 1340 1376
f 1282 1309 1397
f 1397 1331 1282
f 1282 1331 2748
f 2748 2625 1282
f 1283 1321 1382
f 1382 1341 1283
f 1383 1298 1284
f 1284 1372 1406
f 2643 1372 1284
f 1406 1383 1284
f 1285 1286 1327
f 1327 1313 1285
f 1328 1327 1286
f 1411 1328 1286
f 1286 1368 1411
f 1287 1289 3389
f 3369 1293 1287
f 3389 3369 1287
f 1288 1294 1365
f 1288 1295 2535
f 2684 1295 1288
f 1288 1365 2684
f 1289 1296 3393
f 3393 3389 1289
f 1377 1333 1290
f 1290 1345 1421
f 1421 1377 1290
f 2642 1336 1291
f 1291 1336 2699
f 2333 1369 1291
f 1291 1369 2642
f 2680 2651 1291
f 2699 2680 1291
f 1292 1337 2495
f 2699 1337 1292
f 2495 2298 1292
f 1292 2680 2699
f 3369 1322 1293
f 1294 1325 1373
f 1373 1365 1294
f 1295 1324 2561
f 2833 1324 1295
f 2561 2535 1295
f 1295 2684 2833
f 1296 1326 3029
f 1296 3029 3393
f 1297 1316 1404
f 1381 1323 1297
f 1297 1379 1381
f 1404 1379 1297
f 1380 1317 1298
f 1383 1380 1298
f 1299 1357 1422
f 1422 1403 1299
f 1423 1358 1300
f 1300 1363 1423
f 1301 1344 1407
f 1407 1399 1301
f 1408 1345 1302
f 1302 1400 1408
f 1391 1311 1303
f 1303 1346 1425
f 1425 1391 1303
f 1426 1347 1304
f 1304 1392 1426
f 1427 1348 1305
f 1305 1393 1427
f 1394 1314 1306
f 1306 1349 1428
f 1428 1394 1306
f 1307 1330 1395
f 1429 1350 1307
f 1307 1395 1429
f 1308 1351 1396
f 1309 1352 1431
f 1431 1397 1309
f 1432 1353 1310
f 1310 1398 1432
f 1437 1366 1311
f 1311 1366 2240
f 1311 1391 1437
f 1312 1367 1438
f 2580 1367 1312
f 1438 1392 1312
f 2768 2580 1312
f 2910 2768 1312
f 1313 1327 1410
f 1440 1393 1313
f 1313 1410 1468
f 1468 1440 1313
f 1441 1368 1314
f 1314 1394 1441
f 1315 1376 1412
f 1315 1412 2427
f 1316 1399 1451
f 1451 1404 1316
f 1317 1380 1405
f 1452 1400 1317
f 1317 1405 1452
f 1443 1369 1318
f 1318 1369 2333
f 1318 1396 1443
f 1318 2333 2787
f 2847 1416 1319
f 1320 1417 2424
f 1418 1382 1321
f 2428 1418 1321
f 1321 2375 2428
f 3002 1340 1322
f 3369 3002 1322
f 1323 1381 2863
f 1323 2863 2918
f 1385 1375 1324
f 1324 1375 2606
f 2324 1385 1324
f 2833 2324 1324
f 2606 2561 1324
f 1325 1341 1415
f 1402 1373 1325
f 1415 1402 1325
f 1326 1343 2403
f 2915 1343 1326
f 1326 2403 3029
f 1327 1328 2785
f 1327 1354 2759
f 2785 1354 1327
f 2759 1410 1327
f 1434 1355 1328
f 1328 1355 2785
f 1328 1411 1434
f 2717 1335 1329
f 1329 1335 3248
f 1329 1342 2473
f 2867 1342 1329
f 1329 2473 2717
f 3248 2867 1329
f 2298 1386 1330
f 1330 1386 3386
f 1442 1395 1330
f 3386 1442 1330
f 1444 1387 1331
f 1331 1387 2845
f 1331 1397 1444
f 2845 2748 1331
f 2579 1334 1332
f 1332 1334 2780
f 2813 1338 1332
f 1332 1338 3340
f 3340 2579 1332
f 1332 2780 2813
f 1333 1377 1446
f 1446 1398 1333
f 1334 2579 3362
f 3286 2780 1334
f 1334 3285 3286
f 3362 3285 1334
f 2456 1339 1335
f 2717 2456 1335
f 1336 1359 2687
f 2707 1359 1336
f 1336 2642 2707
f 1336 2687 2699
f 1337 1360 2495
f 2687 1360 1337
f 2699 2687 1337
f 1338 1403 2931
f 1338 2931 3340
f 2456 1363 1339
f 1413 1376 1340
f 3002 1413 1340
f 1341 1382 1436
f 1436 1415 1341
f 1342 1356 2473
f 2629 1356 1342
f 1342 1387 1420
f 2845 1387 1342
f 1342 1420 2629
f 1343 2248 2504
f 2868 2248 1343
f 2646 2403 1343
f 1343 2504 2646
f 2915 2868 1343
f 2250 1407 1344
f 1344 2240 2431
f 2431 2250 1344
f 1345 1408 1421
f 1346 1347 1426
f 1426 1425 1346
f 1427 1349 1348
f 1349 1427 1428
f 1430 1351 1350
f 1350 1429 1430
f 1430 1396 1351
f 1352 1353 1431
f 2745 1353 1352
f 1432 1431 1353
f 2252 2245 1354
f 1354 2245 2759
f 1354 2248 2252
f 2785 2248 1354
f 2673 1388 1355
f 1355 1388 2967
f 1355 1434 1450
f 1355 1450 2673
f 2967 2785 1355
f 1390 1370 1356
f 1356 1370 2473
f 2629 1390 1356
f 1357 1416 1459
f 1459 1422 1357
f 1461 1417 1358
f 1358 1423 1461
f 1359 1372 1375
f 1406 1372 1359
f 1359 1375 2687
f 2707 1406 1359
f 1360 1378 2618
f 2687 1378 1360
f 2618 2495 1360
f 2684 1365 1361
f 1361 1365 2717
f 2473 1370 1361
f 1361 1370 2684
f 2717 2473 1361
f 1362 1364 2579
f 3389 1364 1362
f 3340 1371 1362
f 1362 1371 3369
f 1362 2579 3340
f 1362 3369 3389
f 1363 1402 1415
f 2456 1402 1363
f 1363 1415 1423
f 1364 1374 2720
f 2960 1374 1364
f 2720 2579 1364
f 3389 2960 1364
f 1365 1373 2717
f 1366 1437 1466
f 1366 1466 1490
f 1366 1490 2250
f 2431 2240 1366
f 1366 2250 2431
f 1367 1409 1467
f 3166 1409 1367
f 1467 1438 1367
f 1367 2580 3166
f 1469 1411 1368
f 1368 1441 1469
f 2372 1414 1369
f 1369 1414 2642
f 1369 1443 2372
f 1370 1390 2833
f 2833 2684 1370
f 2931 1401 1371
f 1371 1401 3369
f 3340 2931 1371
f 2643 1375 1372
f 1373 1402 2456
f 1373 2456 2717
f 2860 2251 1374
f 1374 2251 3277
f 3277 2720 1374
f 1374 2848 2860
f 2960 2848 1374
f 1385 1378 1375
f 1375 1378 2687
f 2643 2606 1375
f 1435 1412 1376
f 1376 1413 1435
f 1377 1421 1473
f 1473 1446 1377
f 1378 1385 1389
f 1378 1389 2218
f 1378 2218 2618
f 1439 1381 1379
f 1379 1404 1460
f 1460 1439 1379
f 1380 1383 1424
f 1445 1405 1380
f 1380 1424 1445
f 1381 1439 1464
f 1381 1464 2941
f 1381 2246 2863
f 2941 2246 1381
f 1382 1418 1436
f 1383 1406 1448
f 1448 1424 1383
f 1389 1385 1384
f 1384 1385 2324
f 1390 1389 1384
f 2833 1390 1384
f 1384 2324 2833
f 2495 1419 1386
f 1386 1419 2900
f 1386 2298 2495
f 1386 2900 3386
f 1472 1420 1387
f 1387 1444 1472
f 1388 2249 2967
f 3272 2249 1388
f 1388 2673 2935
f 2935 2808 1388
f 1388 2808 3272
f 1389 1390 2199
f 1389 2199 2218
f 2629 2199 1390
f 1391 1425 1437
f 1475 1426 1392
f 1392 1438 1475
f 1440 1427 1393
f 1394 1428 1441
f 1442 1429 1395
f 1396 1430 1479
f 1479 1443 1396
f 1397 1431 1444
f 1446 1432 1398
f 1399 1407 1453
f 1453 1451 1399
f 1454 1408 1400
f 1400 1452 1454
f 2931 1413 1401
f 1401 1413 3002
f 1401 3002 3369
f 1422 1413 1403
f 1403 1413 2931
f 1404 1451 1460
f 1405 1445 1463
f 1463 1452 1405
f 2707 1448 1406
f 2250 1453 1407
f 1454 1421 1408
f 1409 1433 1491
f 3035 1433 1409
f 1491 1467 1409
f 3166 3035 1409
f 2846 1468 1410
f 2759 2246 1410
f 1410 2246 2846
f 1493 1434 1411
f 1411 1469 1493
f 1412 1435 2308
f 1412 2308 2517
f 2517 2427 1412
f 1413 1422 1435
f 2564 1448 1414
f 1414 1448 2707
f 1414 2372 2564
f 2707 2642 1414
f 1436 1423 1415
f 2857 1459 1416
f 1416 2847 2857
f 1417 1461 2294
f 1417 2294 2858
f 2858 2424 1417
f 1462 1436 1418
f 2548 1462 1418
f 1418 2428 2548
f 1419 1447 1494
f 2495 1447 1419
f 1419 1494 2900
f 1517 1456 1420
f 1420 1456 2629
f 1420 1472 1496
f 1420 1496 1517
f 1421 1454 1482
f 1497 1473 1421
f 1421 1482 1497
f 1459 1435 1422
f 1423 1436 1461
f 1465 1445 1424
f 1424 1448 2744
f 2744 1465 1424
f 1425 1426 1475
f 1474 1437 1425
f 1475 1474 1425
f 1476 1428 1427
f 1427 1440 1476
f 1477 1441 1428
f 1428 1476 1477
f 2726 1430 1429
f 1429 1442 1478
f 1429 1478 2726
f 2726 1479 1430
f 1431 1432 1481
f 1480 1444 1431
f 1481 1480 1431
f 1432 1446 1481
f 1433 1449 1513
f 3023 1449 1433
f 1513 1491 1433
f 3035 3023 1433
f 1514 1450 1434
f 1434 1493 1514
f 1435 1459 2284
f 1435 2284 2308
f 1462 1461 1436
f 1504 1466 1437
f 1437 1474 1504
f 1438 1467 1505
f 1505 1475 1438
f 1439 1460 1483
f 1483 1464 1439
f 1440 1468 1506
f 1506 1476 1440
f 1507 1469 1441
f 1441 1477 1507
f 1442 1470 1508
f 3386 1470 1442
f 1508 1478 1442
f 1479 1471 1443
f 1443 1471 2372
f 1510 1472 1444
f 1444 1480 1510
f 1502 1463 1445
f 1445 1465 1484
f 1445 1484 1502
f 1446 1473 1511
f 1511 1481 1446
f 1447 1455 1515
f 2618 1455 1447
f 1515 1494 1447
f 1447 2495 2618
f 2564 1485 1448
f 1448 1485 2744
f 1449 1457 1525
f 3023 1457 1449
f 1525 1513 1449
f 1526 1458 1450
f 1450 1458 2673
f 1450 1514 1526
f 1451 1453 1486
f 1488 1460 1451
f 1451 1486 1531
f 1531 1488 1451
f 1487 1454 1452
f 1452 1463 1489
f 1535 1487 1452
f 1452 1489 1535
f 2253 1486 1453
f 1453 2250 2253
f 1487 1482 1454
f 1455 1456 1534
f 2199 1456 1455
f 1527 1515 1455
f 1534 1527 1455
f 2218 2199 1455
f 2618 2218 1455
f 1456 1517 1528
f 1456 1528 1534
f 1456 2199 2629
f 1457 1458 1533
f 2935 1458 1457
f 1533 1525 1457
f 3023 2935 1457
f 1458 1526 1533
f 2935 2673 1458
f 2857 2284 1459
f 1501 1483 1460
f 1460 1488 1501
f 1461 1462 2294
f 3171 2294 1462
f 1462 2548 3171
f 1502 1489 1463
f 1464 1483 1499
f 1464 1499 2677
f 1464 2677 2941
f 1500 1484 1465
f 2492 1500 1465
f 2744 2492 1465
f 1504 1490 1466
f 1467 1491 1505
f 1468 1492 2359
f 2846 1492 1468
f 2359 1506 1468
f 1507 1493 1469
f 1470 1494 1543
f 2900 1494 1470
f 1543 1508 1470
f 3386 2900 1470
f 1471 1479 1509
f 2297 1495 1471
f 1471 1495 2372
f 1471 1509 2297
f 1510 1496 1472
f 1473 1497 1511
f 1474 1475 1505
f 1505 1504 1474
f 1506 1477 1476
f 1477 1506 1507
f 1508 1479 1478
f 1478 1479 2726
f 1479 1508 1509
f 1480 1481 1510
f 1511 1510 1481
f 1482 1487 1503
f 1518 1497 1482
f 1482 1503 1530
f 1529 1518 1482
f 1530 1529 1482
f 1521 1499 1483
f 1483 1501 1521
f 1484 1500 1522
f 1553 1502 1484
f 1484 1522 1553
f 2716 2492 1485
f 1485 2492 2744
f 1485 2564 3175
f 3175 2716 1485
f 1486 1520 1531
f 2253 1520 1486
f 1535 1503 1487
f 1547 1501 1488
f 1488 1531 1569
f 1569 1547 1488
f 1489 1502 1548
f 1570 1535 1489
f 1489 1548 1570
f 1490 1504 1539
f 1539 1512 1490
f 1490 1512 2253
f 2253 2250 1490
f 1540 1505 1491
f 1491 1513 1559
f 1559 1540 1491
f 2817 2359 1492
f 3308 2817 1492
f 1492 2846 3290
f 1492 3290 3308
f 1493 1507 1542
f 1561 1514 1493
f 1493 1542 1561
f 1494 1515 1562
f 1562 1543 1494
f 1495 2297 2388
f 2564 2372 1495
f 1495 2388 3175
f 3175 2564 1495
f 1496 1510 1545
f 1564 1517 1496
f 1496 1545 1564
f 1546 1511 1497
f 1497 1518 1565
f 1565 1546 1497
f 2677 1523 1498
f 1498 1523 3262
f 2705 2677 1498
f 2838 2705 1498
f 3262 2728 1498
f 1498 2728 3290
f 2846 2838 1498
f 3290 2846 1498
f 1499 1521 1536
f 1499 1536 2507
f 1499 2507 2677
f 1538 1522 1500
f 2661 1538 1500
f 1500 2492 2661
f 1552 1521 1501
f 1501 1547 1586
f 1586 1552 1501
f 1587 1548 1502
f 1502 1553 1587
f 1568 1530 1503
f 1503 1535 1568
f 1504 1505 1540
f 1540 1539 1504
f 1542 1507 1506
f 1506 1541 1542
f 2359 1541 1506
f 2357 1509 1508
f 1508 1543 2357
f 1509 1544 2297
f 2357 1544 1509
f 1510 1511 1545
f 1546 1545 1511
f 1572 1524 1512
f 1512 1524 2253
f 1512 1539 1558
f 1512 1558 1572
f 1513 1525 1573
f 1573 1559 1513
f 1575 1526 1514
f 1514 1561 1575
f 1515 1527 1576
f 1576 1562 1515
f 2678 1519 1516
f 1516 1519 2716
f 1516 2436 2488
f 2666 2436 1516
f 1516 2488 3087
f 2716 2666 1516
f 3087 2678 1516
f 1564 1528 1517
f 1518 1529 1579
f 1579 1565 1518
f 1519 1551 2661
f 2892 1551 1519
f 2661 2492 1519
f 1519 2492 2716
f 1519 2678 2892
f 1554 1531 1520
f 1520 1532 1554
f 3324 1532 1520
f 1520 2253 3324
f 1556 1536 1521
f 1521 1552 1594
f 1594 1556 1521
f 1522 1538 1557
f 1557 1553 1522
f 2507 1550 1523
f 1523 1550 2942
f 2677 2507 1523
f 1523 2942 3262
f 2386 1532 1524
f 1524 1532 3324
f 1524 1572 2386
f 3324 2253 1524
f 1525 1533 1581
f 1581 1573 1525
f 1581 1533 1526
f 1526 1575 1581
f 1527 1534 1582
f 1582 1576 1527
f 1582 1534 1528
f 1528 1564 1578
f 1528 1578 1582
f 1529 1530 1579
f 1530 1537 1583
f 2405 1537 1530
f 1530 1568 2405
f 1583 1579 1530
f 1531 1554 1569
f 2510 1554 1532
f 1532 2255 2510
f 3079 2255 1532
f 1532 2386 3079
f 1570 1568 1535
f 1536 1556 1566
f 1536 1566 2426
f 1536 2426 2507
f 2405 1549 1537
f 1537 1549 2678
f 1537 1577 1583
f 2488 1577 1537
f 3087 2488 1537
f 1537 2678 3087
f 1538 1551 1567
f 2661 1551 1538
f 1567 1557 1538
f 1539 1540 1559
f 1559 1558 1539
f 1561 1542 1541
f 1541 1560 1561
f 3308 1560 1541
f 1541 2359 2817
f 1541 2817 3308
f 1563 1544 1543
f 1543 1544 2357
f 1543 1562 1563
f 1544 1563 2388
f 2388 2297 1544
f 1545 1546 1564
f 1565 1564 1546
f 1547 1569 1586
f 1598 1570 1548
f 1548 1587 1598
f 1593 1588 1549
f 1549 1588 2892
f 2405 1593 1549
f 2892 2678 1549
f 1550 1571 1596
f 2426 1571 1550
f 1550 1596 3370
f 2507 2426 1550
f 3370 2942 1550
f 1590 1567 1551
f 2724 1590 1551
f 2892 2724 1551
f 1552 1586 1603
f 1603 1594 1552
f 1553 1557 1595
f 1595 1587 1553
f 1585 1569 1554
f 2510 1585 1554
f 1555 1584 1609
f 3370 1584 1555
f 1555 1609 2510
f 1555 2255 2445
f 2510 2255 1555
f 1555 2445 3370
f 1591 1566 1556
f 1594 1591 1556
f 1557 1567 1592
f 1557 1592 1606
f 1606 1595 1557
f 1558 1559 1573
f 1573 1572 1558
f 1574 1561 1560
f 3319 1574 1560
f 1560 3308 3319
f 1561 1574 1575
f 1577 1563 1562
f 1562 1576 1577
f 1563 1577 2488
f 2436 2388 1563
f 2488 2436 1563
f 1564 1565 1579
f 1579 1578 1564
f 1589 1571 1566
f 1566 1571 2426
f 2452 1589 1566
f 1566 1591 1602
f 1566 1602 2452
f 1567 1590 2881
f 3080 1592 1567
f 1567 2881 3080
f 1568 1570 1593
f 1568 1593 2405
f 1569 1585 1597
f 1597 1586 1569
f 1598 1593 1570
f 1571 1589 1596
f 1572 1573 1581
f 1581 1580 1572
f 1572 1580 2386
f 1580 1575 1574
f 3048 1580 1574
f 3319 3048 1574
f 1575 1580 1581
f 1582 1577 1576
f 1577 1582 1583
f 1578 1579 1583
f 1583 1582 1578
f 3079 2386 1580
f 1580 3048 3079
f 1584 1596 1609
f 3370 1596 1584
f 1609 1597 1585
f 2510 1609 1585
f 1586 1597 1607
f 1607 1603 1586
f 1587 1595 1604
f 1604 1598 1587
f 1588 1593 1600
f 1600 1599 1588
f 1588 1599 2724
f 1588 2724 2892
f 1601 1596 1589
f 2874 1601 1589
f 1589 2452 2874
f 1590 1599 2181
f 2724 1599 1590
f 1590 2181 2870
f 1590 2870 2881
f 1591 1594 1605
f 1613 1602 1591
f 1591 1605 1613
f 1614 1606 1592
f 3080 1614 1592
f 1593 1598 1608
f 1608 1600 1593
f 1594 1603 1605
f 1606 1604 1595
f 1596 1601 1609
f 1609 1607 1597
f 1598 1604 1608
f 1599 1600 1610
f 1599 1610 2181
f 1600 1608 1616
f 1616 1610 1600
f 3078 1609 1601
f 1601 2874 3228
f 3228 3078 1601
f 1602 1613 2382
f 1602 2382 2452
f 1611 1605 1603
f 1603 1607 1611
f 1604 1606 1612
f 1612 1608 1604
f 1605 1611 1613
f 1614 1612 1606
f 1607 1609 1615
f 1615 1611 1607
f 1608 1612 1616
f 1617 1615 1609
f 3078 1617 1609
f 1610 1616 2459
f 2187 2181 1610
f 2459 2187 1610
f 1618 1613 1611
f 1611 1615 1617
f 1611 1617 1618
f 1612 1614 1619
f 1619 1616 1612
f 1613 1618 3230
f 3230 2382 1613
f 3082 1619 1614
f 1614 3080 3081
f 1614 3081 3241
f 3241 3082 1614
f 1616 1619 2459
f 2885 1618 1617
f 3240 2885 1617
f 1617 3078 3240
f 1618 2885 3230
f 3082 2459 1619
f 1620 1621 1624
f 2460 1621 1620
f 1620 1624 1630
f 1650 1626 1620
f 1620 1626 2460
f 1620 1630 1650
f 1627 1624 1621
f 2461 1627 1621
f 1621 2460 2461
f 1631 1623 1622
f 1622 1623 3232
f 1622 1628 1651
f 3232 1628 1622
f 1651 1631 1622
f 1623 1625 1629
f 1631 1625 1623
f 1623 1629 3231
f 1623 3231 3232
f 1624 1627 1642
f 1648 1630 1624
f 1624 1642 1648
f 1645 1629 1625
f 1625 1631 1655
f 1649 1645 1625
f 1655 1649 1625
f 1626 1650 1689
f 1689 1656 1626
f 1626 1656 2475
f 2475 2460 1626
f 1677 1642 1627
f 1627 1657 1677
f 2907 1657 1627
f 1627 2461 2907
f 1658 1651 1628
f 2909 1658 1628
f 3093 2909 1628
f 3232 3093 1628
f 1629 1645 1680
f 1680 1659 1629
f 1629 1659 2348
f 1629 2348 3091
f 1629 3091 3231
f 1630 1648 1654
f 1654 1650 1630
f 1631 1651 1655
f 1632 1634 1636
f 2888 1634 1632
f 1632 1636 1668
f 1668 1663 1632
f 1632 1663 3084
f 1632 2615 2888
f 3084 2615 1632
f 1637 1635 1633
f 1633 1635 2419
f 1669 1637 1633
f 1633 1664 1669
f 2309 1664 1633
f 3088 2309 1633
f 1633 2419 3088
f 1638 1636 1634
f 1667 1638 1634
f 1634 1662 1667
f 2888 1662 1634
f 1635 1637 1639
f 1635 1639 1665
f 1635 1665 2469
f 2469 2419 1635
f 1636 1638 1640
f 1636 1640 1675
f 1675 1668 1636
f 1641 1639 1637
f 1676 1641 1637
f 1637 1669 1676
f 1646 1640 1638
f 1638 1643 1646
f 1684 1643 1638
f 1638 1667 1672
f 1638 1672 1684
f 1639 1641 1644
f 1639 1644 1671
f 1671 1665 1639
f 1640 1646 1675
f 1647 1644 1641
f 1676 1647 1641
f 1666 1648 1642
f 1700 1666 1642
f 1642 1677 1700
f 1660 1646 1643
f 1643 1652 1660
f 1684 1652 1643
f 1644 1647 1661
f 1661 1653 1644
f 1644 1653 1681
f 1681 1671 1644
f 1645 1649 1670
f 1645 1670 1701
f 1701 1680 1645
f 1646 1660 1702
f 1687 1675 1646
f 1702 1687 1646
f 1703 1661 1647
f 1647 1676 1688
f 1647 1688 1703
f 1678 1654 1648
f 1648 1666 1678
f 1649 1655 1698
f 1679 1670 1649
f 1698 1679 1649
f 1650 1654 1685
f 1650 1685 1716
f 1716 1689 1650
f 1686 1655 1651
f 1651 1658 1690
f 1690 1686 1651
f 1673 1660 1652
f 1684 1673 1652
f 1653 1661 1674
f 1653 1674 1694
f 1694 1681 1653
f 1654 1678 1697
f 1697 1685 1654
f 1655 1686 1727
f 1727 1698 1655
f 1656 1689 1691
f 1656 1691 2912
f 3092 2475 1656
f 1656 2912 3092
f 1706 1677 1657
f 2219 1706 1657
f 2476 2219 1657
f 1657 2254 2476
f 2907 2254 1657
f 1692 1690 1658
f 2909 1692 1658
f 1659 1680 1693
f 1659 1693 2348
f 1660 1673 1682
f 1660 1682 1702
f 1683 1674 1661
f 1703 1683 1661
f 1729 1667 1662
f 1662 1724 1729
f 2398 1724 1662
f 2888 2398 1662
f 1663 1668 1731
f 1663 1731 2891
f 1663 2891 3084
f 1732 1669 1664
f 2906 1732 1664
f 1664 2309 2906
f 1665 1671 1734
f 1734 1728 1665
f 1665 1728 2259
f 1665 2259 2469
f 1710 1678 1666
f 1666 1700 1718
f 1720 1710 1666
f 1666 1718 1745
f 1745 1720 1666
f 1735 1672 1667
f 1667 1729 1735
f 1668 1675 1736
f 1736 1731 1668
f 1737 1676 1669
f 1669 1732 1737
f 1670 1679 1699
f 1670 1699 1719
f 1719 1701 1670
f 1671 1681 1734
f 3382 1684 1672
f 1672 1735 3382
f 1704 1682 1673
f 1673 1684 1712
f 1673 1695 1704
f 1712 1695 1673
f 1674 1683 1705
f 1707 1694 1674
f 1705 1696 1674
f 1674 1696 1707
f 1675 1687 1736
f 1737 1688 1676
f 1730 1700 1677
f 1677 1706 1730
f 1710 1697 1678
f 1679 1698 1711
f 1711 1699 1679
f 1708 1693 1680
f 1680 1701 1733
f 1733 1708 1680
f 1681 1694 1755
f 1742 1734 1681
f 1755 1742 1681
f 1723 1702 1682
f 1682 1704 1723
f 1683 1703 1725
f 1725 1705 1683
f 3382 1712 1684
f 1685 1697 1726
f 1762 1716 1685
f 1685 1726 1762
f 1686 1690 1717
f 1686 1717 1763
f 1763 1727 1686
f 1687 1702 1767
f 1750 1736 1687
f 1767 1750 1687
f 1768 1703 1688
f 1688 1737 1751
f 1688 1751 1768
f 1709 1691 1689
f 1716 1709 1689
f 1690 1692 1713
f 1690 1713 1717
f 1709 1706 1691
f 1691 1706 2219
f 1691 2219 2476
f 1691 2476 2912
f 1692 1693 1708
f 2256 1693 1692
f 1692 1708 1713
f 2909 2256 1692
f 1694 1707 1755
f 1738 1704 1695
f 1695 1712 1765
f 1695 1714 1738
f 1765 1714 1695
f 1696 1705 1739
f 1722 1707 1696
f 1696 1715 1722
f 1739 1715 1696
f 1697 1710 1740
f 1740 1726 1697
f 1741 1711 1698
f 1698 1727 1775
f 1775 1741 1698
f 1699 1711 1721
f 1747 1719 1699
f 1699 1721 1747
f 1756 1718 1700
f 1700 1730 1756
f 1701 1719 1760
f 1760 1733 1701
f 1702 1723 1767
f 1768 1725 1703
f 1758 1723 1704
f 1704 1738 1758
f 1705 1725 1759
f 1799 1739 1705
f 1705 1759 1799
f 1706 1709 1743
f 1743 1730 1706
f 1707 1722 1766
f 1766 1755 1707
f 1746 1713 1708
f 1708 1733 1746
f 1709 1716 1743
f 1710 1720 1753
f 1790 1740 1710
f 1710 1753 1790
f 1754 1721 1711
f 1711 1741 1791
f 1791 1754 1711
f 2472 1765 1712
f 2555 2472 1712
f 3382 2555 1712
f 1746 1717 1713
f 1772 1738 1714
f 1765 1748 1714
f 1714 1748 1772
f 1752 1722 1715
f 1715 1739 1749
f 1715 1749 1752
f 1762 1743 1716
f 1717 1746 1763
f 1779 1745 1718
f 1718 1756 1779
f 1719 1747 1760
f 1720 1745 1770
f 1761 1753 1720
f 1770 1761 1720
f 1764 1747 1721
f 1721 1754 1764
f 1722 1752 3372
f 1786 1766 1722
f 3372 1786 1722
f 1723 1758 1823
f 1796 1767 1723
f 1823 1796 1723
f 1781 1729 1724
f 2582 1781 1724
f 1724 2398 2467
f 2467 2463 1724
f 1724 2463 2582
f 1797 1759 1725
f 1725 1768 1797
f 1726 1740 1774
f 1810 1762 1726
f 1726 1774 1810
f 1727 1763 1811
f 1811 1775 1727
f 1728 1734 1788
f 1788 1780 1728
f 1728 1780 2259
f 1789 1735 1729
f 1729 1781 1789
f 1730 1743 1776
f 1776 1756 1730
f 1731 1736 1783
f 1731 1783 2891
f 1792 1737 1732
f 1732 1778 1792
f 2899 1778 1732
f 2906 2899 1732
f 1760 1746 1733
f 1734 1742 1804
f 1804 1788 1734
f 1805 1744 1735
f 1735 1744 3382
f 1735 1789 1805
f 1736 1750 1794
f 1794 1783 1736
f 1792 1751 1737
f 1798 1758 1738
f 1738 1772 1798
f 1773 1749 1739
f 1799 1773 1739
f 1835 1774 1740
f 1740 1790 1835
f 1741 1775 1836
f 1836 1791 1741
f 1742 1755 1804
f 1743 1762 1776
f 1815 1757 1744
f 1744 1757 3382
f 1744 1805 1815
f 1779 1770 1745
f 1746 1760 1782
f 1782 1763 1746
f 1787 1760 1747
f 1747 1764 1771
f 1747 1771 2930
f 2930 1787 1747
f 1748 1765 3417
f 1820 1772 1748
f 1748 1784 1820
f 3417 1784 1748
f 1777 1752 1749
f 1749 1773 1821
f 1785 1777 1749
f 1821 1785 1749
f 1750 1767 1808
f 1808 1794 1750
f 1807 1768 1751
f 1751 1792 1807
f 1752 1777 3359
f 1752 3359 3372
f 1753 1761 1802
f 1847 1790 1753
f 1753 1802 1847
f 1803 1764 1754
f 1754 1791 1848
f 1848 1803 1754
f 1755 1766 3365
f 1814 1804 1755
f 1828 1814 1755
f 3365 1828 1755
f 1756 1776 1817
f 1817 1779 1756
f 1757 1769 2555
f 2774 1769 1757
f 1757 1815 1830
f 1757 1830 2774
f 1757 2555 3382
f 1758 1798 2641
f 2641 1823 1758
f 1759 1797 2648
f 2648 1799 1759
f 1824 1782 1760
f 1760 1787 1824
f 1761 1770 1806
f 1761 1800 1802
f 1806 1800 1761
f 1810 1776 1762
f 1763 1782 1811
f 1809 1771 1764
f 1803 1801 1764
f 1764 1801 1809
f 2458 1793 1765
f 1765 1793 3417
f 2708 2458 1765
f 1765 2472 2708
f 1766 1786 3365
f 1767 1796 1822
f 1822 1808 1767
f 1819 1797 1768
f 1768 1807 1819
f 1769 1795 2472
f 2774 1795 1769
f 1769 2472 2555
f 1770 1779 1845
f 1845 1806 1770
f 1771 1809 2930
f 1839 1798 1772
f 1772 1820 1888
f 1888 1839 1772
f 1773 1799 1840
f 1840 1821 1773
f 1835 1810 1774
f 1775 1811 1836
f 1776 1810 1817
f 1777 1785 1813
f 1777 1813 3347
f 1777 3347 3359
f 1778 1780 1792
f 2899 1780 1778
f 1779 1817 1858
f 2528 1845 1779
f 1779 1858 2528
f 1780 1788 1792
f 3090 2259 1780
f 1780 2899 3090
f 1781 1783 1794
f 2582 1783 1781
f 1794 1789 1781
f 1824 1811 1782
f 1783 2582 2894
f 2894 2891 1783
f 1825 1820 1784
f 3417 1825 1784
f 1827 1813 1785
f 1785 1821 1874
f 1874 1827 1785
f 3372 1812 1786
f 1786 1812 3402
f 3402 3365 1786
f 1787 1818 2905
f 2930 1818 1787
f 2905 1824 1787
f 1807 1792 1788
f 1788 1804 1807
f 1789 1794 1808
f 1808 1805 1789
f 1847 1835 1790
f 1791 1836 1848
f 3403 1826 1793
f 1793 1826 3417
f 1793 2458 3403
f 1795 1816 2708
f 2803 1816 1795
f 2708 2472 1795
f 1795 2774 2803
f 1849 1822 1796
f 1796 1823 1849
f 1797 1819 1846
f 1797 1846 2508
f 1797 2508 3011
f 3011 2648 1797
f 1798 1839 3329
f 3329 2641 1798
f 3309 1840 1799
f 1799 2648 3108
f 1799 3108 3309
f 1843 1802 1800
f 1800 1806 2394
f 1800 1832 1843
f 2394 1832 1800
f 1801 1803 1844
f 3413 1809 1801
f 1844 1833 1801
f 1801 1833 3413
f 1802 1843 1847
f 1848 1844 1803
f 1819 1807 1804
f 1804 1814 1819
f 1805 1808 1822
f 1822 1815 1805
f 1806 1829 2394
f 2814 1829 1806
f 1806 1845 2814
f 3413 1834 1809
f 1809 1834 3418
f 3418 2930 1809
f 1855 1817 1810
f 1810 1835 1855
f 1811 1824 1856
f 1856 1836 1811
f 3359 1831 1812
f 1812 1831 3376
f 3372 3359 1812
f 1812 3376 3402
f 1813 1827 1841
f 1813 1841 3357
f 3357 3347 1813
f 3360 1819 1814
f 1814 1828 3360
f 1815 1822 1849
f 1849 1830 1815
f 1816 1842 2458
f 2970 1842 1816
f 1816 2458 2708
f 1816 2803 2970
f 1817 1855 1858
f 2930 1851 1818
f 1818 1851 3348
f 3348 2905 1818
f 3360 1846 1819
f 1820 1825 1873
f 1820 1873 1888
f 1821 1840 1889
f 3321 1874 1821
f 1821 1889 3321
f 1878 1849 1823
f 2641 1861 1823
f 1823 1861 2850
f 2850 1878 1823
f 1866 1856 1824
f 2905 1866 1824
f 1825 1867 3311
f 3400 1867 1825
f 3311 1873 1825
f 3417 3400 1825
f 1826 1860 3400
f 3403 1860 1826
f 1826 3400 3417
f 1868 1841 1827
f 1926 1868 1827
f 1827 1874 1926
f 1828 1850 3361
f 3365 1850 1828
f 3361 3360 1828
f 1829 1854 2394
f 3015 1854 1829
f 1829 2814 3015
f 1830 1849 1878
f 1878 1852 1830
f 1830 1852 2774
f 3347 1857 1831
f 1831 1857 3375
f 3359 3347 1831
f 1831 3375 3376
f 1890 1843 1832
f 1832 1864 1890
f 2607 1864 1832
f 1832 2394 2607
f 1833 1844 1891
f 1891 1865 1833
f 1833 1865 3413
f 1834 1859 3116
f 3413 1859 1834
f 1834 3116 3418
f 1835 1847 1892
f 1912 1855 1835
f 1835 1892 1912
f 1893 1848 1836
f 1836 1856 1893
f 1863 1838 1837
f 1837 1838 2487
f 1915 1863 1837
f 1837 1885 1915
f 2496 1885 1837
f 1837 2487 2496
f 1838 1863 1871
f 1838 1871 1924
f 1924 1886 1838
f 1838 1886 2487
f 1839 1888 3336
f 1839 2879 3329
f 3336 2879 1839
f 2755 1889 1840
f 3309 2755 1840
f 1841 1868 1879
f 1841 1879 3357
f 1842 1870 2458
f 2970 1870 1842
f 1908 1847 1843
f 1843 1890 1908
f 1844 1848 1909
f 1909 1891 1844
f 2484 1875 1845
f 1845 1875 2814
f 2528 2484 1845
f 1846 1872 2508
f 3361 1872 1846
f 1846 3360 3361
f 1951 1892 1847
f 1847 1908 1951
f 1848 1893 1909
f 1850 1876 3322
f 3402 1876 1850
f 1850 3322 3361
f 1850 3365 3402
f 1851 1882 3356
f 3418 1882 1851
f 1851 2930 3418
f 3356 3348 1851
f 1852 1878 2527
f 2527 1880 1852
f 1852 1880 2803
f 2803 2774 1852
f 1853 1869 1877
f 2482 1869 1853
f 1853 1877 2441
f 2441 1907 1853
f 1853 1907 2482
f 1854 1881 2607
f 3212 1881 1854
f 2607 2394 1854
f 1854 3015 3212
f 1912 1858 1855
f 1856 1866 2810
f 3312 1893 1856
f 2810 1961 1856
f 1856 1961 3312
f 1857 2263 2266
f 3357 2263 1857
f 1857 2266 3375
f 1857 3347 3357
f 1912 1903 1858
f 1858 1903 2528
f 1859 1884 3259
f 3350 1884 1859
f 3259 3116 1859
f 3413 3350 1859
f 1860 1894 2741
f 2914 1894 1860
f 1860 2491 2914
f 3403 2491 1860
f 1860 2741 3400
f 1861 2641 2775
f 1861 2775 3425
f 3425 2850 1861
f 1862 2648 3011
f 3108 2648 1862
f 3096 2812 1862
f 1862 2812 3108
f 1862 3011 3378
f 3378 3096 1862
f 1887 1871 1863
f 2903 1887 1863
f 1863 1915 2903
f 1930 1890 1864
f 2607 1895 1864
f 1864 1895 2824
f 2824 1930 1864
f 1865 1891 1931
f 1963 1896 1865
f 1865 1896 3350
f 1865 1931 1963
f 1865 3350 3413
f 1866 1911 2810
f 3348 1911 1866
f 1866 2905 3348
f 2741 1913 1867
f 1867 1913 3291
f 3400 2741 1867
f 1867 3291 3311
f 3391 1879 1868
f 1966 1914 1868
f 1868 1914 3391
f 1868 1926 1966
f 1898 1877 1869
f 1869 1883 1923
f 2486 1883 1869
f 1957 1898 1869
f 1869 1923 1957
f 1869 2482 2486
f 1906 1897 1870
f 1870 1897 2740
f 2970 1906 1870
f 3403 2458 1870
f 1870 2740 3403
f 1871 1887 2497
f 1871 1901 1958
f 2497 1901 1871
f 1958 1924 1871
f 3322 2271 1872
f 1872 2271 3378
f 3378 2508 1872
f 3361 3322 1872
f 1937 1888 1873
f 1873 1925 1937
f 3311 1925 1873
f 1977 1926 1874
f 1874 1938 1977
f 3321 1938 1874
f 1875 1900 2795
f 2919 1900 1875
f 1875 2484 2919
f 1875 2795 2814
f 1876 2262 2268
f 3376 2262 1876
f 1876 2268 2270
f 1876 2270 3322
f 3402 3376 1876
f 1877 1898 3414
f 2844 2441 1877
f 1877 2586 2983
f 3414 2586 1877
f 2983 2844 1877
f 1878 1928 2527
f 2850 1928 1878
f 1879 1910 3006
f 3391 1910 1879
f 1879 3006 3357
f 1918 1902 1880
f 1880 1902 2803
f 2527 1918 1880
f 1881 1899 2679
f 3056 1899 1881
f 2679 2607 1881
f 3212 3056 1881
f 1882 2263 2265
f 3418 2263 1882
f 1882 2265 3269
f 1882 3269 3356
f 1983 1923 1883
f 1883 1946 1983
f 3255 1946 1883
f 1883 2486 3255
f 1884 2262 2266
f 3352 2262 1884
f 1884 2266 3259
f 1884 3350 3352
f 1947 1915 1885
f 3094 1947 1885
f 1885 2496 3246
f 3246 3094 1885
f 1886 1924 1948
f 1886 1948 3101
f 3234 2487 1886
f 1886 3101 3234
f 1887 1904 2497
f 2903 1904 1887
f 1888 1937 1953
f 1888 1953 3336
f 2952 1938 1889
f 1889 1938 3321
f 1889 2755 3261
f 3261 2952 1889
f 1955 1908 1890
f 1890 1930 1987
f 1987 1955 1890
f 1891 1909 1956
f 1988 1931 1891
f 1891 1956 1988
f 2188 1912 1892
f 1892 1951 2188
f 1952 1909 1893
f 3312 1952 1893
f 1894 1929 1949
f 2923 1929 1894
f 1894 1949 2741
f 1894 2914 2923
f 2770 1934 1895
f 1895 1934 3363
f 1895 2607 2770
f 3363 2824 1895
f 1979 1920 1896
f 1896 1920 3352
f 1896 1963 1979
f 3352 3350 1896
f 1897 1900 2740
f 2795 1900 1897
f 1897 1906 2882
f 2882 2795 1897
f 1970 1921 1898
f 1898 1921 3414
f 1898 1957 1970
f 1899 1902 2679
f 2803 1902 1899
f 2970 2803 1899
f 3056 2970 1899
f 1900 2491 2740
f 2828 2491 1900
f 2919 2828 1900
f 1901 1922 1971
f 2497 1922 1901
f 1971 1958 1901
f 1902 1918 2992
f 2770 2679 1902
f 2992 2770 1902
f 1903 1912 2360
f 2395 1954 1903
f 1903 1954 2528
f 1903 2360 2395
f 2903 2264 1904
f 1904 2264 2951
f 2805 2497 1904
f 2951 2805 1904
f 1905 2844 2983
f 3086 2844 1905
f 1905 2859 2879
f 3284 2859 1905
f 1905 2879 3086
f 1905 2983 3284
f 3212 2882 1906
f 1906 2970 3056
f 1906 3056 3212
f 1907 1927 1993
f 2441 1927 1907
f 1993 1945 1907
f 1907 1945 2498
f 2498 2482 1907
f 1990 1951 1908
f 1908 1955 1990
f 1909 1952 1991
f 1991 1956 1909
f 1910 1950 1974
f 3391 1950 1910
f 1974 1964 1910
f 1910 1964 3073
f 3117 3006 1910
f 1910 3073 3117
f 1911 2757 3388
f 3420 2757 1911
f 3388 2810 1911
f 1911 3348 3356
f 1911 3356 3420
f 2188 1960 1912
f 1912 1960 2360
f 1913 1949 2002
f 2741 1949 1913
f 2002 1965 1913
f 1913 1965 3291
f 2003 1950 1914
f 1914 1950 3391
f 1914 1966 2003
f 1999 1932 1915
f 1915 1932 2903
f 1915 1947 1968
f 1915 1968 1999
f 1916 1928 2850
f 3000 1928 1916
f 1916 2850 3284
f 3284 3000 1916
f 1917 2753 2805
f 3226 2753 1917
f 1917 2805 2951
f 1917 2951 3096
f 1917 3096 3378
f 3378 3226 1917
f 2527 1928 1918
f 1918 1928 2794
f 1918 2794 3059
f 3059 2992 1918
f 2484 1954 1919
f 1919 1954 2923
f 2919 2484 1919
f 1919 2538 2919
f 2923 2538 1919
f 1998 1933 1920
f 1920 1933 3416
f 1920 1979 1998
f 3416 3352 1920
f 1994 1935 1921
f 1921 1935 3414
f 1921 1970 1994
f 1922 1936 1995
f 3355 1936 1922
f 1995 1971 1922
f 1922 2497 2694
f 1922 2694 3355
f 2028 1957 1923
f 1923 1983 2028
f 1984 1948 1924
f 1924 1958 2029
f 2029 1984 1924
f 1976 1937 1925
f 1925 1965 1976
f 3291 1965 1925
f 3311 3291 1925
f 2031 1966 1926
f 1926 1977 2031
f 1927 1939 1993
f 3401 1939 1927
f 1927 2441 3401
f 1928 1935 1942
f 3000 1935 1928
f 1942 1941 1928
f 1928 1941 2794
f 1973 1949 1929
f 1929 1954 1959
f 2923 1954 1929
f 1929 1959 1973
f 1930 1962 2349
f 2824 1962 1930
f 2349 1987 1930
f 2033 1963 1931
f 1931 1988 2033
f 2520 1944 1932
f 1932 1944 2903
f 1932 1999 2520
f 2010 1940 1933
f 1933 1940 3397
f 1933 1998 2010
f 1933 3397 3416
f 2794 1941 1934
f 1934 1941 2802
f 1934 2770 2992
f 3059 2794 1934
f 1934 2802 3363
f 1934 2992 3059
f 2005 1942 1935
f 1935 1994 2005
f 1935 3000 3414
f 1936 1943 2007
f 3355 1943 1936
f 2007 1995 1936
f 1969 1953 1937
f 1976 1969 1937
f 2952 1977 1938
f 1939 1953 2015
f 3401 1953 1939
f 2015 1993 1939
f 2013 1943 1940
f 1940 1943 2271
f 1940 2010 2013
f 1940 2271 3397
f 1941 1942 2012
f 2012 2009 1941
f 1941 2009 2802
f 1942 2005 2012
f 2013 2007 1943
f 3355 2271 1943
f 2520 2269 1944
f 1944 2269 3148
f 3148 2903 1944
f 1945 1993 2026
f 1945 2026 3095
f 3095 2498 1945
f 1946 1980 2034
f 3100 1980 1946
f 2034 1983 1946
f 3255 3100 1946
f 2027 1968 1947
f 1947 1981 2027
f 3094 1981 1947
f 2035 1982 1948
f 1948 1982 3101
f 1948 1984 2035
f 1949 1973 2002
f 2046 1974 1950
f 1950 2003 2046
f 1951 1990 2377
f 2239 2188 1951
f 2377 2239 1951
f 3306 1991 1952
f 3312 3306 1952
f 1953 1969 2015
f 1953 3086 3336
f 3401 3086 1953
f 2457 1959 1954
f 2395 1975 1954
f 1954 1975 2457
f 1954 2484 2528
f 1955 1987 2345
f 2345 1990 1955
f 1991 1988 1956
f 2028 1970 1957
f 1958 1971 2029
f 1959 1967 2004
f 2481 1967 1959
f 2004 1973 1959
f 1959 2457 2481
f 1960 2188 2239
f 1960 2239 2339
f 1960 2339 2360
f 1961 2810 3266
f 1961 3266 3267
f 1961 3267 3306
f 1961 3306 3312
f 1962 1978 3314
f 3363 1978 1962
f 3314 2349 1962
f 1962 2824 3363
f 2057 1979 1963
f 1963 2033 2057
f 1964 1974 2006
f 2037 1996 1964
f 1964 1996 3137
f 1964 2006 2037
f 1964 2700 3073
f 3137 2700 1964
f 2030 1976 1965
f 1965 2002 2065
f 2065 2030 1965
f 2066 2003 1966
f 1966 2031 2066
f 1967 1992 2036
f 2399 1992 1967
f 2036 2004 1967
f 2481 2399 1967
f 2055 1999 1968
f 1968 2027 2055
f 1969 1976 2016
f 2016 1985 1969
f 1969 1985 2041
f 2041 2015 1969
f 2073 1994 1970
f 1970 2028 2050
f 1970 2050 2073
f 1971 1995 2074
f 2051 2029 1971
f 2074 2051 1971
f 2017 1977 1972
f 1972 1977 2952
f 3323 2017 1972
f 1972 2038 2043
f 2520 2038 1972
f 1972 2043 3323
f 1972 2269 2520
f 2952 2269 1972
f 2045 2002 1973
f 1973 2004 2045
f 2046 2006 1974
f 1975 1986 1989
f 2339 1986 1975
f 1975 1989 2481
f 2395 2339 1975
f 2481 2457 1975
f 2052 2016 1976
f 1976 2030 2052
f 1977 2017 2053
f 2053 2031 1977
f 1978 1997 2567
f 2802 1997 1978
f 1978 2567 3314
f 3363 2802 1978
f 2078 1998 1979
f 1979 2057 2078
f 1980 2026 2034
f 2499 2026 1980
f 2623 2499 1980
f 3009 2623 1980
f 3100 3009 1980
f 1981 1982 2035
f 3178 1982 1981
f 2035 2027 1981
f 1981 3094 3178
f 1982 2932 3101
f 3178 2932 1982
f 2063 2028 1983
f 1983 2034 2063
f 1984 2029 2064
f 2064 2035 1984
f 1985 2016 2052
f 2044 2041 1985
f 1985 2042 2044
f 2052 2042 1985
f 2277 1989 1986
f 2319 2277 1986
f 2603 2319 1986
f 1986 2339 2377
f 1986 2377 2603
f 1987 2032 2260
f 2349 2032 1987
f 2260 2039 1987
f 1987 2039 2345
f 1988 1991 2040
f 2040 2033 1988
f 2277 2001 1989
f 1989 2001 2399
f 1989 2399 2481
f 2345 2039 1990
f 1990 2039 2603
f 2603 2377 1990
f 3344 2040 1991
f 1991 3306 3344
f 1992 2008 2048
f 2399 2008 1992
f 2048 2036 1992
f 1993 2015 2081
f 2054 2026 1993
f 2081 2054 1993
f 2073 2005 1994
f 1995 2007 2074
f 2049 2011 1996
f 1996 2011 2595
f 1996 2037 2049
f 1996 2595 3137
f 1997 2009 2340
f 2802 2009 1997
f 1997 2340 2567
f 2095 2010 1998
f 1998 2078 2095
f 2082 2025 1999
f 1999 2025 2520
f 1999 2055 2082
f 2595 2014 2000
f 2000 2014 3281
f 3292 2595 2000
f 3281 2934 2000
f 2000 2934 3295
f 3295 3292 2000
f 2001 2019 2198
f 2204 2019 2001
f 2001 2198 2399
f 2211 2204 2001
f 2277 2211 2001
f 2002 2045 2108
f 2108 2065 2002
f 2109 2046 2003
f 2003 2066 2109
f 2004 2036 2387
f 2083 2045 2004
f 2387 2083 2004
f 2096 2012 2005
f 2005 2073 2090
f 2005 2090 2096
f 2111 2037 2006
f 2006 2046 2087
f 2006 2087 2111
f 2007 2013 2097
f 2091 2074 2007
f 2097 2091 2007
f 2008 2018 2067
f 2198 2018 2008
f 2067 2048 2008
f 2399 2198 2008
f 2009 2012 2094
f 2009 2094 2340
f 2095 2013 2010
f 2021 2014 2011
f 2011 2014 2595
f 2011 2020 2021
f 2076 2020 2011
f 2011 2049 2068
f 2011 2068 2076
f 2096 2094 2012
f 2013 2095 2097
f 2014 2021 3373
f 3373 3281 2014
f 2015 2041 2100
f 2100 2081 2015
f 2273 2053 2017
f 3323 2273 2017
f 2018 2019 2022
f 2198 2019 2018
f 2018 2022 2075
f 2075 2067 2018
f 2023 2022 2019
f 2080 2023 2019
f 2204 2080 2019
f 2024 2021 2020
f 2511 2024 2020
f 2020 2076 2085
f 2020 2085 2511
f 2021 2024 2079
f 2021 2079 3373
f 2022 2023 2443
f 2084 2075 2022
f 2443 2084 2022
f 2023 2080 2421
f 2023 2421 3179
f 3103 2443 2023
f 3179 3103 2023
f 2086 2079 2024
f 2944 2086 2024
f 2024 2511 2944
f 2101 2038 2025
f 2025 2038 2520
f 2025 2082 2101
f 2054 2034 2026
f 2026 2499 3095
f 2027 2035 2055
f 2063 2050 2028
f 2029 2051 2064
f 2065 2052 2030
f 2031 2053 2093
f 2093 2066 2031
f 2032 2056 2902
f 3314 2056 2032
f 2455 2260 2032
f 2032 2349 3314
f 2902 2455 2032
f 2033 2040 2070
f 2104 2057 2033
f 2033 2070 2104
f 2034 2054 2063
f 2064 2055 2035
f 2036 2048 2464
f 2464 2387 2036
f 2111 2049 2037
f 2113 2043 2038
f 2038 2101 2113
f 2260 2069 2039
f 2039 2069 2285
f 2039 2285 2603
f 2922 2070 2040
f 3031 2922 2040
f 3344 3031 2040
f 2041 2044 2116
f 2112 2100 2041
f 2116 2112 2041
f 2114 2044 2042
f 2042 2052 2092
f 2092 2060 2042
f 2042 2060 2114
f 2043 2113 2117
f 2043 2117 2273
f 2043 2273 3323
f 2044 2114 2116
f 2045 2083 2134
f 2134 2108 2045
f 2135 2087 2046
f 2046 2109 2135
f 2047 2059 2133
f 2414 2059 2047
f 2133 2062 2047
f 2047 2062 2277
f 2285 2069 2047
f 2047 2069 2414
f 2047 2277 2319
f 2319 2285 2047
f 2048 2067 2138
f 2138 2129 2048
f 2048 2129 2464
f 2139 2068 2049
f 2049 2111 2130
f 2049 2130 2139
f 2050 2063 2098
f 2118 2073 2050
f 2050 2098 2118
f 2099 2064 2051
f 2051 2074 2099
f 2052 2065 2092
f 2273 2093 2053
f 2098 2063 2054
f 2054 2081 2098
f 2055 2064 2099
f 2099 2082 2055
f 2056 2077 2338
f 2567 2077 2056
f 2056 2338 2902
f 3314 2567 2056
f 2121 2078 2057
f 2057 2104 2121
f 2058 2279 3343
f 3411 2279 2058
f 2058 3201 3279
f 3343 3201 2058
f 3279 3268 2058
f 2058 3268 3411
f 2414 2088 2059
f 2059 2088 3302
f 2059 2102 2133
f 3302 2102 2059
f 2060 2088 2105
f 3302 2088 2060
f 2060 2092 2122
f 2122 2102 2060
f 2060 2102 3302
f 2060 2105 2114
f 2061 2071 2136
f 3373 2071 2061
f 2061 2136 3343
f 2061 2279 2479
f 3343 2279 2061
f 2061 2479 3271
f 2061 3271 3373
f 2137 2072 2062
f 2062 2072 2211
f 2062 2133 2137
f 2062 2211 2277
f 2122 2092 2065
f 2065 2108 2122
f 2066 2093 2109
f 2067 2075 2144
f 2144 2138 2067
f 2145 2076 2068
f 2068 2139 2145
f 2069 2103 2414
f 2455 2103 2069
f 2069 2260 2455
f 3411 2104 2070
f 2070 2922 3411
f 2071 2079 2146
f 3373 2079 2071
f 2142 2136 2071
f 2146 2142 2071
f 2143 2080 2072
f 2072 2080 2204
f 2072 2137 2143
f 2072 2204 2211
f 2118 2090 2073
f 2074 2091 2119
f 2119 2099 2074
f 2075 2084 2148
f 2148 2144 2075
f 2145 2085 2076
f 2077 2094 2120
f 2340 2094 2077
f 2077 2120 2338
f 2567 2340 2077
f 2128 2095 2078
f 2078 2121 2128
f 2079 2086 2146
f 2080 2143 2147
f 2080 2147 2513
f 2513 2421 2080
f 2118 2098 2081
f 2081 2100 2118
f 2082 2099 2101
f 2387 2110 2083
f 2083 2110 2605
f 2605 2134 2083
f 2509 2148 2084
f 2084 2443 2509
f 2085 2145 2149
f 2085 2149 2519
f 2519 2511 2085
f 2516 2146 2086
f 3182 2516 2086
f 2086 2944 3182
f 2135 2111 2087
f 2088 2103 2105
f 2414 2103 2088
f 2121 2104 2089
f 2089 2104 3411
f 2089 2106 2121
f 2278 2106 2089
f 3325 2278 2089
f 2089 3268 3325
f 3411 3268 2089
f 2131 2096 2090
f 2090 2118 2125
f 2090 2125 2131
f 2091 2097 2132
f 2126 2119 2091
f 2132 2126 2091
f 2123 2109 2093
f 2278 2123 2093
f 2093 2273 2278
f 2094 2096 2131
f 2127 2120 2094
f 2131 2127 2094
f 2132 2097 2095
f 2095 2128 2132
f 2119 2101 2099
f 2100 2112 2118
f 2126 2113 2101
f 2101 2119 2126
f 2102 2122 2140
f 2140 2133 2102
f 2120 2105 2103
f 2338 2120 2103
f 2902 2338 2103
f 2103 2455 2902
f 2120 2114 2105
f 2106 2115 2128
f 2278 2115 2106
f 2128 2121 2106
f 2141 2123 2107
f 2107 2123 2278
f 2107 2124 2141
f 3201 2124 2107
f 2107 2278 3325
f 3325 3201 2107
f 2140 2122 2108
f 2108 2134 2140
f 2109 2123 2141
f 2141 2135 2109
f 2110 2129 2154
f 2464 2129 2110
f 2154 2150 2110
f 2110 2150 2605
f 2110 2387 2464
f 2155 2130 2111
f 2111 2135 2151
f 2111 2151 2155
f 2112 2116 2131
f 2125 2118 2112
f 2131 2125 2112
f 2132 2117 2113
f 2113 2126 2132
f 2131 2116 2114
f 2114 2120 2127
f 2114 2127 2131
f 2115 2117 2132
f 2273 2117 2115
f 2132 2128 2115
f 2278 2273 2115
f 2124 2136 2153
f 3343 2136 2124
f 2153 2141 2124
f 2124 3201 3343
f 2129 2138 2154
f 2159 2139 2130
f 2130 2155 2159
f 2156 2137 2133
f 2133 2140 2152
f 2133 2152 2156
f 2152 2140 2134
f 2134 2150 2152
f 2605 2150 2134
f 2135 2141 2151
f 2136 2142 2157
f 2157 2153 2136
f 2160 2143 2137
f 2137 2156 2160
f 2138 2144 2162
f 2158 2154 2138
f 2162 2158 2138
f 2163 2145 2139
f 2139 2159 2163
f 2153 2151 2141
f 2142 2146 2161
f 2161 2157 2142
f 2164 2147 2143
f 2143 2160 2164
f 2144 2148 2162
f 2163 2149 2145
f 2165 2161 2146
f 2949 2165 2146
f 2146 2516 2949
f 2147 2164 2522
f 2522 2513 2147
f 2166 2162 2148
f 2222 2166 2148
f 2509 2222 2148
f 2149 2163 2167
f 2149 2167 2418
f 2149 2418 2420
f 2149 2420 2519
f 2156 2152 2150
f 2150 2154 2156
f 2151 2153 2157
f 2157 2155 2151
f 2160 2156 2154
f 2154 2158 2160
f 2155 2157 2159
f 2161 2159 2157
f 2162 2160 2158
f 2159 2161 2163
f 2160 2162 2164
f 2165 2163 2161
f 2166 2164 2162
f 2163 2165 2167
f 2164 2166 2522
f 2949 2167 2165
f 2166 2222 3209
f 3209 2522 2166
f 2949 2418 2167
f 2170 2410 2841
f 3072 2410 2170
f 2170 2841 3196
f 3170 3072 2170
f 3196 3170 2170
f 2591 2184 2171
f 2177 2176 2175
f 3074 2856 2178
f 2178 2856 3238
f 3075 3074 2178
f 3238 3075 2178
f 2179 2552 3165
f 3165 2889 2179
f 2180 2630 2671
f 2181 2187 2880
f 2880 2870 2181
f 2612 2562 2182
f 2182 2562 3225
f 3165 2612 2182
f 2182 3131 3165
f 3225 3191 2182
f 2781 2189 2183
f 2183 2189 2793
f 2183 2743 2836
f 3191 2743 2183
f 2836 2781 2183
f 2183 2793 3191
f 2591 2186 2184
f 2185 2368 2786
f 2989 2368 2185
f 2842 2450 2186
f 2186 2450 3007
f 2186 2591 3028
f 3028 2842 2186
f 2187 2459 2886
f 3203 2880 2187
f 2187 2886 3203
f 2189 2609 2793
f 3289 3071 2189
f 3354 3289 2189
f 2190 2289 2776
f 3028 2289 2190
f 2190 2776 3263
f 3263 2898 2190
f 2569 2566 2191
f 2783 2569 2191
f 2191 2782 2783
f 2192 2193 2444
f 3254 2193 2192
f 3274 3273 2192
f 3254 2197 2193
f 2193 2197 3410
f 2470 2444 2193
f 3410 2470 2193
f 2194 2541 3381
f 3423 2541 2194
f 2194 2584 2668
f 3111 2584 2194
f 2194 2668 3423
f 3181 3111 2194
f 3426 3181 2194
f 2194 3381 3426
f 2195 2196 3233
f 3245 2196 2195
f 3233 2978 2195
f 2195 2978 3415
f 3296 3245 2195
f 3427 3296 2195
f 2195 3415 3427
f 2196 3245 3421
f 3421 3274 2196
f 2197 2558 2975
f 3254 2558 2197
f 2197 2975 3366
f 3366 3289 2197
f 2200 2322 2703
f 2956 2322 2200
f 2200 2703 3107
f 3107 2956 2200
f 2201 2287 3145
f 3145 3017 2201
f 3155 2710 2203
f 2203 2710 3190
f 2203 2958 2961
f 3190 2958 2203
f 2203 2961 3155
f 3046 2206 2205
f 2206 2207 3249
f 3349 2207 2206
f 2206 3046 3349
f 2206 3249 3371
f 3316 2887 2207
f 3349 3316 2207
f 3428 2929 2210
f 2210 3177 3428
f 3326 3275 2210
f 2210 3275 3398
f 2945 2213 2212
f 2212 2221 2624
f 2212 2624 2999
f 2999 2945 2212
f 2213 2214 2697
f 2702 2214 2213
f 2697 2587 2213
f 2945 2702 2213
f 2214 2310 2440
f 2702 2310 2214
f 2214 2440 3128
f 2572 2556 2214
f 2214 2556 2697
f 3128 2572 2214
f 2217 2346 2849
f 2924 2346 2217
f 2849 2655 2217
f 2217 2655 2869
f 2217 2869 3276
f 2220 2221 2904
f 2222 2509 3208
f 2222 3208 3209
f 2223 2226 2573
f 2225 2408 2997
f 2997 2411 2225
f 2226 2611 3164
f 2227 2611 2864
f 3164 2611 2227
f 2227 2713 3164
f 2864 2809 2227
f 2228 2358 3147
f 3146 2365 2228
f 3257 3146 2228
f 2228 3147 3257
f 2996 2355 2229
f 2229 2355 3053
f 2229 3053 3054
f 2230 2337 3162
f 2230 2355 2996
f 3053 2355 2230
f 3162 3053 2230
f 2231 2316 2701
f 2231 2701 3033
f 2821 2241 2232
f 2232 2391 3168
f 3168 2821 2232
f 2706 2325 2233
f 2233 2704 2706
f 3218 2314 2234
f 2234 2686 3050
f 2234 3050 3218
f 2235 2293 2682
f 2235 2682 3152
f 3334 3264 2237
f 2237 3264 3374
f 2377 2339 2239
f 2821 2389 2241
f 3166 2580 2243
f 2243 2580 3422
f 2243 3035 3166
f 3294 3035 2243
f 2243 3283 3285
f 3422 3283 2243
f 2243 3285 3294
f 2614 2613 2244
f 2244 2613 2888
f 2615 2614 2244
f 2888 2615 2244
f 2245 2246 2759
f 2863 2246 2245
f 2245 2252 2918
f 2918 2863 2245
f 2246 2838 2846
f 2941 2838 2246
f 2247 2251 2860
f 2935 2251 2247
f 2247 2808 2935
f 3272 2808 2247
f 2247 2860 3029
f 2247 3029 3272
f 2868 2252 2248
f 2967 2504 2248
f 2248 2785 2967
f 2249 2403 2646
f 3029 2403 2249
f 2646 2504 2249
f 2249 2504 2967
f 3272 3029 2249
f 2251 2935 3023
f 3023 2994 2251
f 2251 2994 3277
f 2252 2868 2918
f 2908 2476 2254
f 2254 2907 2908
f 3048 2445 2255
f 3079 3048 2255
f 2256 2909 2913
f 3161 2396 2257
f 2257 2735 2737
f 2257 2737 3161
f 3186 2636 2258
f 2258 2636 3256
f 2258 3147 3186
f 3256 3147 2258
f 2616 2469 2259
f 3090 2616 2259
f 2261 2336 2731
f 2731 2730 2261
f 3375 2266 2262
f 3352 2268 2262
f 3376 3375 2262
f 3357 2265 2263
f 3116 2266 2263
f 3418 3116 2263
f 2755 2659 2264
f 2264 2659 2951
f 3151 2755 2264
f 2264 2903 3148
f 2264 3148 3151
f 2265 3006 3288
f 3357 3006 2265
f 3288 3269 2265
f 2266 3116 3259
f 3117 2272 2267
f 2267 2272 3420
f 2267 3006 3117
f 3288 3006 2267
f 2267 3269 3288
f 3356 3269 2267
f 3420 3356 2267
f 3416 2270 2268
f 2268 3352 3416
f 2269 2952 3261
f 3151 3148 2269
f 3261 3151 2269
f 2270 2271 3322
f 3397 2271 2270
f 3416 3397 2270
f 3355 3226 2271
f 2271 3226 3378
f 3237 2757 2272
f 2272 2757 3420
f 3117 3073 2272
f 2272 3073 3237
f 2274 2700 2926
f 3237 2700 2274
f 2274 2926 3295
f 2274 2985 3237
f 3295 2985 2274
f 2275 2427 2856
f 2275 2856 3074
f 2276 2479 2933
f 3271 2479 2276
f 3031 2829 2276
f 2276 2829 3280
f 2276 2933 3031
f 3280 3271 2276
f 2933 2479 2279
f 2922 2512 2279
f 2279 2512 2933
f 3411 2922 2279
f 2683 2293 2280
f 2466 2311 2280
f 2280 2311 2683
f 2536 2533 2281
f 2281 2533 2712
f 2537 2536 2281
f 3041 2537 2281
f 2281 2712 3041
f 2733 2688 2282
f 2283 2463 2467
f 2500 2463 2283
f 2283 2467 3144
f 3010 2500 2283
f 3144 3010 2283
f 2435 2308 2284
f 2442 2435 2284
f 2857 2442 2284
f 2285 2319 2603
f 3105 2288 2286
f 2286 3020 3105
f 2287 2631 2632
f 2287 2632 3104
f 2287 3104 3185
f 3185 3145 2287
f 2632 2631 2288
f 2637 2632 2288
f 3105 2637 2288
f 3318 2776 2289
f 2640 2292 2291
f 3018 2640 2291
f 2291 3016 3018
f 2292 2640 3253
f 2683 2682 2293
f 2865 2858 2294
f 3171 2865 2294
f 2762 2390 2295
f 3187 2660 2296
f 3024 2959 2296
f 2296 2959 3187
f 2856 2427 2299
f 2299 2427 2908
f 2907 2856 2299
f 2908 2907 2299
f 2549 2544 2300
f 2300 2544 2665
f 3192 2549 2300
f 2300 3025 3192
f 2301 3027 3188
f 2301 3188 3189
f 2302 2320 3154
f 3217 2313 2303
f 2303 3034 3216
f 2303 3216 3217
f 2304 2385 3215
f 3215 3214 2304
f 3150 3149 2305
f 3214 3150 2305
f 2857 2847 2306
f 2306 2847 3074
f 3075 2857 2306
f 2306 3074 3075
f 2307 2369 2733
f 2308 2435 2517
f 3089 2906 2309
f 2309 3088 3089
f 2465 2440 2310
f 2311 2313 3217
f 3032 2683 2311
f 3217 3032 2311
f 3421 3394 2312
f 3218 2695 2314
f 2954 2318 2315
f 2315 2690 2954
f 2316 2540 2543
f 2316 2543 2701
f 3036 2540 2318
f 2318 2954 3036
f 3153 2343 2320
f 2320 2343 3251
f 3251 3154 2320
f 2321 2325 2542
f 2321 2542 2703
f 2530 2323 2322
f 2322 2323 2703
f 2956 2530 2322
f 2323 2530 2692
f 2543 2542 2325
f 2706 2543 2325
f 2712 2710 2326
f 3041 2712 2326
f 2327 2711 3044
f 2328 2330 3220
f 3047 2331 2328
f 2328 2969 3047
f 3220 2969 2328
f 2422 2380 2329
f 2671 2422 2329
f 2330 2332 3220
f 3115 2719 2331
f 2331 3047 3115
f 2554 2546 2332
f 2332 2546 3220
f 3114 2554 2332
f 2332 3042 3114
f 2334 2451 3221
f 3050 2735 2334
f 3221 3050 2334
f 2336 2547 2746
f 2336 2682 2731
f 3152 2682 2336
f 2336 2746 3152
f 2337 2769 3162
f 2395 2360 2339
f 2342 2350 3159
f 2746 2547 2342
f 3034 2746 2342
f 3159 3034 2342
f 2343 2518 3251
f 2343 3153 3222
f 2346 2698 2849
f 2346 2924 2963
f 2346 2963 3057
f 3057 3039 2346
f 3173 3091 2348
f 2350 3158 3160
f 3160 3159 2350
f 3020 2636 2351
f 2351 2636 3186
f 3105 3020 2351
f 3186 3105 2351
f 2352 2961 3150
f 3156 2961 2352
f 3150 2962 2352
f 2352 2962 3156
f 2353 2789 2990
f 2990 2989 2353
f 2356 2566 3120
f 3120 2777 2356
f 2358 3021 3147
f 2778 2570 2363
f 2363 2570 2784
f 2364 2367 2454
f 3058 2367 2364
f 2364 2786 3058
f 3146 3016 2365
f 2454 2367 2366
f 2366 2367 2984
f 2984 2789 2366
f 2367 2577 2986
f 3058 2577 2367
f 2367 2581 2984
f 2986 2581 2367
f 2991 2585 2368
f 2368 2585 3123
f 3123 2786 2368
f 2368 2989 2991
f 3063 2468 2371
f 3060 2799 2371
f 2371 2799 3064
f 3064 3063 2371
f 2373 2594 2800
f 3064 2594 2373
f 2373 3063 3064
f 2374 2592 2798
f 2800 2592 2374
f 2375 2425 2851
f 2851 2428 2375
f 2977 2381 2378
f 2378 2811 2977
f 3118 2563 2379
f 2379 2804 2976
f 2379 2976 3118
f 3163 2804 2381
f 2381 2977 3163
f 2877 2452 2382
f 2382 2602 2877
f 3230 2602 2382
f 3176 2897 2383
f 2383 2964 3176
f 2384 2489 2524
f 2384 2524 3174
f 2385 2660 3106
f 2385 3106 3215
f 2388 2436 2666
f 2388 2666 3175
f 2821 2576 2389
f 2389 2576 3069
f 3381 2541 2390
f 2390 2762 3381
f 2391 2392 2571
f 2391 2571 2982
f 2391 2982 3168
f 3122 2571 2392
f 2392 3067 3122
f 3037 2690 2393
f 2393 3033 3037
f 3161 2518 2396
f 2589 2400 2397
f 2397 2400 2991
f 2991 2401 2397
f 2823 2589 2397
f 2613 2467 2398
f 2888 2613 2398
f 2589 2585 2400
f 2400 2585 2991
f 3124 2402 2401
f 2401 2991 3124
f 2402 2597 2831
f 3124 2597 2402
f 3072 2494 2406
f 3169 3072 2406
f 2408 2409 2598
f 2598 2412 2408
f 2408 2412 2997
f 3170 2598 2409
f 2410 2423 2839
f 2410 2839 2841
f 2410 3072 3169
f 2839 2423 2411
f 2411 2601 2839
f 2997 2601 2411
f 2412 2592 2800
f 2995 2592 2412
f 2412 2598 2995
f 2412 2800 2997
f 2413 2730 3157
f 2413 3157 3158
f 3017 2636 2415
f 2415 2636 3020
f 3051 2417 2416
f 2416 2772 3051
f 3052 2769 2417
f 2417 3051 3052
f 3183 2420 2418
f 2418 2949 3184
f 3184 3183 2418
f 2419 2469 2471
f 2419 2471 2614
f 2419 2614 3088
f 3183 2519 2420
f 2421 2513 3180
f 3180 3179 2421
f 2437 2425 2424
f 2858 2437 2424
f 2425 2437 3239
f 3239 2851 2425
f 2427 2517 2908
f 2851 2439 2428
f 2428 2439 2861
f 2861 2548 2428
f 2433 2994 3023
f 3277 2994 2433
f 2433 2998 3277
f 3294 2998 2433
f 2433 3023 3035
f 2433 3035 3294
f 2435 2442 2476
f 2435 2476 2908
f 2908 2517 2435
f 2437 2858 3077
f 2437 3077 3239
f 2439 2851 3231
f 3173 2861 2439
f 2439 3091 3173
f 3231 3091 2439
f 2440 2465 2621
f 2440 2621 3128
f 2441 2844 3401
f 2912 2476 2442
f 2442 2857 3092
f 3092 2912 2442
f 3103 2509 2443
f 2444 2470 2727
f 3262 2942 2445
f 2445 2942 3370
f 2445 3048 3319
f 3319 3262 2445
f 2877 2874 2452
f 3082 2886 2459
f 3238 2461 2460
f 2460 2475 3238
f 2461 2856 2907
f 3238 2856 2461
f 3014 2791 2462
f 2463 2500 2894
f 2894 2582 2463
f 2467 2613 2616
f 2467 2616 3144
f 2616 2471 2469
f 3410 2727 2470
f 2471 2613 2614
f 2616 2613 2471
f 3092 3075 2475
f 2475 3075 3238
f 2477 2732 2873
f 3097 2486 2482
f 2482 2498 2604
f 2482 2604 3200
f 3200 3097 2482
f 2486 3097 3255
f 2617 2496 2487
f 3247 2617 2487
f 2487 3234 3247
f 3403 2740 2491
f 2491 2828 2914
f 2920 2626 2493
f 2494 3072 3170
f 2496 2617 3246
f 2805 2694 2497
f 3095 2604 2498
f 2499 2623 3095
f 3172 2894 2500
f 2500 3010 3172
f 3019 2760 2502
f 2749 2698 2505
f 3378 3011 2508
f 3103 2628 2509
f 2509 2628 3208
f 2511 2519 2628
f 2628 2627 2511
f 2511 2627 2944
f 2512 2922 3031
f 3031 2933 2512
f 2513 2522 2946
f 2513 2946 2948
f 2513 2948 3180
f 2656 2532 2515
f 2950 2949 2516
f 2953 2950 2516
f 3182 2953 2516
f 2518 3161 3251
f 3183 2628 2519
f 3209 2946 2522
f 2640 2639 2523
f 2523 2639 3105
f 3253 2640 2523
f 3186 3021 2523
f 2523 3021 3253
f 2523 3105 3186
f 2524 2714 3174
f 3265 2645 2525
f 2525 2947 3127
f 2525 3127 3270
f 3270 3265 2525
f 2966 2692 2530
f 2530 2956 2957
f 2530 2957 2966
f 2533 2534 2712
f 3187 2534 2533
f 2533 2536 3187
f 3190 2712 2534
f 3187 2958 2534
f 2534 2958 3190
f 2536 2537 3106
f 3106 2660 2536
f 2536 2660 3187
f 2537 3041 3235
f 3235 3106 2537
f 2914 2828 2538
f 2538 2828 2919
f 2923 2914 2538
f 2539 2559 2962
f 3045 2559 2539
f 2539 2962 3215
f 3106 3045 2539
f 3215 3106 2539
f 2540 2542 2543
f 3107 2542 2540
f 2540 3036 3107
f 3107 2703 2542
f 2706 2701 2543
f 2549 2546 2544
f 2544 2546 2968
f 3030 2665 2544
f 2544 2968 3030
f 2546 2549 2969
f 2546 2554 2968
f 2546 2969 3220
f 2548 2861 3171
f 3192 2969 2549
f 3043 2718 2551
f 2551 2718 3115
f 2551 2971 3043
f 3113 2971 2551
f 3115 3113 2551
f 2552 2612 3165
f 2553 2672 3327
f 3236 2968 2554
f 2554 3114 3236
f 2556 2572 2672
f 2751 2697 2556
f 3191 2793 2557
f 3156 2962 2559
f 3045 3044 2559
f 2559 3044 3156
f 2560 2563 3118
f 3258 2563 2560
f 3051 2772 2560
f 2560 2772 3258
f 3052 3051 2560
f 3118 3052 2560
f 3258 2807 2563
f 2778 2777 2565
f 2565 2777 3120
f 3121 2778 2565
f 3120 2981 2565
f 2565 2981 3121
f 2566 2569 2571
f 2566 2571 3120
f 3174 2714 2568
f 2982 2571 2569
f 2783 2574 2569
f 2569 2574 2982
f 2570 2576 2980
f 3121 2576 2570
f 2570 2778 3121
f 2980 2784 2570
f 3122 3120 2571
f 3327 2672 2572
f 2572 3128 3327
f 2574 2783 2980
f 2980 2821 2574
f 2574 2821 3168
f 3168 2982 2574
f 2576 2821 2980
f 3121 3069 2576
f 2577 2585 2589
f 3123 2585 2577
f 2577 2589 2986
f 2577 3058 3123
f 2579 2720 3362
f 2768 2729 2580
f 2580 2729 3422
f 3194 2984 2581
f 2581 2986 2993
f 2581 2993 3125
f 2581 3125 3194
f 2938 2668 2584
f 3358 2938 2584
f 2584 3111 3358
f 3284 2983 2586
f 2586 3000 3284
f 3414 3000 2586
f 2751 2590 2587
f 2587 2697 2751
f 2589 2823 2986
f 2995 2798 2592
f 2594 2601 2800
f 3197 2601 2594
f 2594 3064 3197
f 3292 3137 2595
f 3125 2831 2597
f 3124 2988 2597
f 2597 2988 3125
f 3195 2995 2598
f 2598 3170 3195
f 2599 2621 2653
f 3128 2621 2599
f 2599 2653 2809
f 2599 2809 3128
f 2997 2800 2601
f 3197 2839 2601
f 3138 2877 2602
f 3135 3001 2602
f 2602 3001 3138
f 3230 3135 2602
f 2604 3095 3252
f 2604 3132 3133
f 3252 3132 2604
f 2604 3133 3200
f 2607 2679 2770
f 2614 2615 3139
f 3139 3088 2614
f 3084 3083 2615
f 2615 3083 3139
f 2616 3090 3144
f 3005 3004 2617
f 2617 3004 3142
f 3247 3005 2617
f 2617 3142 3246
f 3081 3005 2620
f 2620 3005 3234
f 3241 3081 2620
f 3234 3143 2620
f 2620 3143 3241
f 3143 2932 2622
f 2622 2932 3206
f 2622 3008 3082
f 3206 3008 2622
f 2622 3082 3241
f 3241 3143 2622
f 2623 3009 3134
f 3252 3095 2623
f 2623 3134 3252
f 2627 2628 3103
f 3207 2944 2627
f 2627 3103 3207
f 2628 3183 3208
f 2632 2637 3104
f 2636 3017 3256
f 2637 2639 3104
f 3105 2639 2637
f 2639 2640 3018
f 2639 3018 3104
f 3329 2775 2641
f 2647 2972 3014
f 3055 2972 2647
f 2849 2749 2655
f 2655 2749 2936
f 2936 2869 2655
f 2657 2754 2763
f 2659 2755 3309
f 2659 2812 3096
f 3309 2812 2659
f 3096 2951 2659
f 2963 2924 2663
f 3377 2963 2663
f 2664 2665 3030
f 2666 2716 3175
f 2668 2938 3427
f 2668 3419 3423
f 3427 3419 2668
f 2669 2728 3262
f 3290 2728 2669
f 2669 3262 3319
f 3308 3290 2669
f 3319 3308 2669
f 2677 2705 2941
f 2682 2683 2730
f 2682 2730 2731
f 3157 2730 2683
f 2683 3032 3157
f 2737 2686 2685
f 3154 2737 2685
f 2737 2735 2686
f 2686 2735 3050
f 2689 3287 3380
f 2955 2954 2690
f 3037 2955 2690
f 2966 2693 2692
f 2966 2704 2693
f 2805 2753 2694
f 2694 2753 3355
f 3222 3153 2695
f 2695 3218 3222
f 2698 2749 2849
f 3137 2926 2700
f 3237 3073 2700
f 2701 2706 3110
f 3038 3033 2701
f 3110 3038 2701
f 3110 2706 2704
f 2704 2966 3110
f 2705 2838 2941
f 2710 2712 3190
f 3156 3044 2711
f 2711 3155 3156
f 2715 2801 3339
f 2715 2925 3176
f 3176 2964 2715
f 2718 2719 3115
f 3277 2998 2720
f 2720 2998 3362
f 2729 2768 3297
f 2734 2762 2764
f 2737 3154 3161
f 3395 2836 2743
f 2750 2809 3076
f 3128 2809 2750
f 3327 3128 2750
f 2753 3226 3355
f 2871 2763 2754
f 2755 3151 3261
f 2757 3237 3388
f 3426 3381 2762
f 2763 2871 3068
f 2768 2910 3297
f 2769 3052 3223
f 3223 3162 2769
f 2772 2773 3244
f 2772 3244 3258
f 2773 3054 3244
f 3329 2859 2775
f 2775 2859 3425
f 3318 3263 2776
f 2780 3286 3328
f 2781 2836 3395
f 2784 2783 2782
f 2783 2784 2980
f 3123 3058 2786
f 2789 2984 3194
f 3194 2990 2789
f 3424 3282 2792
f 2792 3287 3424
f 3015 2814 2795
f 2795 2882 3015
f 2798 2995 3061
f 2798 3061 3062
f 3126 2841 2799
f 2799 2841 3197
f 2799 3060 3126
f 3197 3064 2799
f 2801 2852 3339
f 3163 2976 2804
f 3227 3065 2807
f 3258 3227 2807
f 2809 2864 3076
f 3388 3266 2810
f 3193 2977 2811
f 2811 3065 3227
f 3227 3193 2811
f 3309 3108 2812
f 3069 2981 2816
f 2816 2981 3122
f 3122 3067 2816
f 2826 2831 3125
f 3125 3070 2826
f 2829 2974 3280
f 3344 2974 2829
f 2829 3031 3344
f 3380 3129 2830
f 3276 3177 2835
f 3197 2841 2839
f 2841 3126 3196
f 2844 3086 3401
f 3029 2860 2848
f 2848 2960 3393
f 3393 3029 2848
f 3425 3284 2850
f 3239 3231 2851
f 3293 2940 2855
f 2855 2940 3334
f 2857 3075 3092
f 2858 2865 2866
f 2858 2866 3077
f 3329 2879 2859
f 2859 3284 3425
f 3173 3171 2861
f 3213 3076 2864
f 2913 2866 2865
f 3171 2913 2865
f 2913 2909 2866
f 2866 2909 3093
f 3093 3077 2866
f 3127 2896 2867
f 2868 2915 2918
f 2869 2929 3428
f 3428 3276 2869
f 2870 2880 3198
f 3198 2881 2870
f 2874 2877 2878
f 2874 2878 3228
f 2875 2937 3278
f 3133 2878 2877
f 3138 3133 2877
f 2878 3133 3229
f 3229 3228 2878
f 3336 3086 2879
f 2880 3130 3198
f 3203 3130 2880
f 2881 2884 3081
f 3198 2884 2881
f 3081 3080 2881
f 3212 3015 2882
f 2884 3005 3081
f 3198 3005 2884
f 2885 3136 3230
f 3240 3136 2885
f 3082 3008 2886
f 2886 3008 3203
f 3165 3131 2889
f 2891 2894 3172
f 3172 3084 2891
f 3127 2947 2896
f 2899 2906 3012
f 2899 3012 3090
f 3140 3012 2906
f 2906 3089 3140
f 3346 3297 2910
f 2926 3137 3292
f 2926 3292 3295
f 3143 3101 2932
f 2932 3178 3206
f 2934 3271 3280
f 3281 3271 2934
f 2934 3280 3295
f 2938 3296 3427
f 2940 3264 3334
f 3242 3182 2944
f 2944 3207 3242
f 3210 2948 2946
f 2946 3209 3210
f 3210 3013 2948
f 2948 3013 3242
f 3242 3180 2948
f 2949 2950 3184
f 2950 2953 3210
f 3210 3184 2950
f 3182 3013 2953
f 2953 3013 3210
f 2954 2955 2957
f 2957 2956 2954
f 2954 2956 3107
f 3107 3036 2954
f 3037 2957 2955
f 3109 2966 2957
f 2957 3037 3109
f 2958 2959 2961
f 3187 2959 2958
f 3243 2961 2959
f 2959 3024 3243
f 2960 3389 3393
f 3243 3150 2961
f 3156 3155 2961
f 2962 3150 3214
f 2962 3214 3215
f 2966 3109 3110
f 3236 3030 2968
f 2969 2973 3047
f 3192 2973 2969
f 3188 3027 2971
f 2971 3027 3236
f 3114 3043 2971
f 2971 3113 3188
f 3236 3114 2971
f 3115 3047 2973
f 3250 3115 2973
f 2973 3192 3250
f 2974 3267 3295
f 3306 3267 2974
f 3295 3280 2974
f 3344 3306 2974
f 3223 3118 2976
f 2976 3163 3223
f 2977 3053 3162
f 3193 3053 2977
f 2977 3162 3163
f 2978 3233 3351
f 2981 3069 3121
f 2981 3120 3122
f 3388 3237 2985
f 3267 3266 2985
f 2985 3266 3388
f 3295 3267 2985
f 3070 2993 2986
f 2989 2988 2987
f 2987 2988 3124
f 2991 2989 2987
f 3124 2991 2987
f 2988 2989 2990
f 2988 2990 3194
f 3194 3125 2988
f 2993 3070 3125
f 3195 3061 2995
f 3294 3285 2998
f 2998 3285 3362
f 3001 3135 3202
f 3255 3138 3001
f 3001 3202 3255
f 3004 3005 3198
f 3198 3142 3004
f 3247 3234 3005
f 3204 3203 3008
f 3206 3204 3008
f 3009 3100 3202
f 3136 3134 3009
f 3202 3136 3009
f 3010 3012 3140
f 3144 3012 3010
f 3010 3140 3172
f 3144 3090 3012
f 3013 3182 3242
f 3185 3018 3016
f 3016 3146 3185
f 3017 3145 3256
f 3185 3104 3018
f 3186 3147 3021
f 3024 3149 3243
f 3025 3189 3192
f 3236 3027 3026
f 3026 3030 3236
f 3160 3157 3032
f 3217 3160 3032
f 3038 3037 3033
f 3034 3159 3216
f 3037 3038 3110
f 3110 3109 3037
f 3235 3041 3040
f 3040 3045 3235
f 3042 3043 3114
f 3045 3106 3235
f 3221 3218 3050
f 3052 3118 3223
f 3193 3054 3053
f 3054 3193 3244
f 3062 3061 3060
f 3060 3061 3126
f 3195 3126 3061
f 3341 3098 3066
f 3071 3289 3366
f 3077 3093 3239
f 3228 3199 3078
f 3078 3199 3240
f 3083 3084 3172
f 3141 3139 3083
f 3172 3141 3083
f 3141 3089 3088
f 3088 3139 3141
f 3141 3140 3089
f 3093 3232 3239
f 3094 3099 3178
f 3246 3099 3094
f 3200 3138 3097
f 3097 3138 3255
f 3099 3142 3205
f 3246 3142 3099
f 3205 3178 3099
f 3255 3202 3100
f 3101 3143 3234
f 3103 3179 3207
f 3111 3181 3379
f 3113 3115 3250
f 3250 3188 3113
f 3424 3287 3119
f 3126 3195 3196
f 3130 3142 3198
f 3204 3142 3130
f 3130 3203 3204
f 3229 3133 3132
f 3132 3199 3229
f 3252 3199 3132
f 3133 3138 3200
f 3134 3136 3240
f 3134 3240 3252
f 3135 3136 3202
f 3230 3136 3135
f 3140 3141 3172
f 3142 3204 3205
f 3185 3146 3145
f 3145 3146 3256
f 3257 3256 3146
f 3147 3256 3257
f 3149 3150 3243
f 3251 3161 3154
f 3160 3158 3157
f 3159 3160 3216
f 3217 3216 3160
f 3223 3163 3162
f 3167 3260 3265
f 3167 3265 3270
f 3196 3195 3170
f 3177 3276 3428
f 3178 3205 3206
f 3179 3180 3207
f 3242 3207 3180
f 3183 3184 3211
f 3211 3208 3183
f 3184 3210 3211
f 3250 3189 3188
f 3250 3192 3189
f 3193 3227 3244
f 3199 3228 3229
f 3252 3240 3199
f 3325 3279 3201
f 3206 3205 3204
f 3211 3209 3208
f 3211 3210 3209
f 3218 3221 3222
f 3258 3244 3227
f 3239 3232 3231
f 3245 3394 3421
f 3268 3279 3325
f 3271 3281 3373
f 3273 3274 3421
f 3282 3307 3341
f 3424 3307 3282
f 3286 3285 3283
f 3328 3286 3283
f 3422 3328 3283
f 3415 3419 3427
