v -25.9909520639205 -0.674130133978931 0.03878952746770525
v -25.9923 -0.647764 20
v -25.992 -0.6480000000000001 10
v -25.992 0.648 10
v -25.9919 0.648279 0
v -25.99187061377279 0.6247493268648722 19.96542796797947
v -25.98703098332813 0.7740724634954672 7.910437899400892
v -25.99043246469323 0.6071384292437298 11.84415918443338
v -25.99043915031758 -0.5214293559739525 1.718646685195387
v -25.99035499687257 -0.5888113659144154 18.18234926184173
v -25.93042757901909 -1.858011700903732 1.780501323191552
v -25.94562702241743 -1.560704901909475 18.65689273143696
v -25.93157946084044 1.82983443956374 8.261279448645769
v -25.93063073714172 1.848391611617769 11.76602195275633
v -25.91099129514163 2.13179172088359 5.912318209056658
v -25.91932043398956 2.034829906594861 13.94464564412161
v -25.9172 -2.07216 4
v -25.90676244032086 -2.17033906639955 15.85493315247893
v -25.80730934346685 -3.119353808723258 3.642825839731833
v -25.81178634475707 -3.076241496298759 16.42085838914759
v -25.75511117521544 3.531834943039756 5.746438004878701
v -25.78924270192659 3.290642809442009 13.89555189293608
v -25.74705331852443 3.590969614838543 3.754572133436678
v -25.77980775499931 3.365746581414782 15.91094155664618
v -25.73283480003185 -3.512517333490419 6.153405985428154
v -25.7357086173585 -3.661187636557417 13.64966092598791
v -25.62479990925577 -4.363330984973905 5.490531162350665
v -25.49944533947045 -5.044541546125362 13.49143809147441
v -25.56845296261935 4.697964610111918 4.013606239593637
v -25.58446125826989 4.617856506291126 15.86880020568018
v -25.57489810939513 -4.668441413300791 7.849039055031418
v -25.51754785161767 4.83187891967629 1.87986814769409
v -25.52855140901558 4.911207693110913 18.21186641591302
v -25.31416864456963 -5.921438892737699 7.825382767806492
v -25.36265778875357 5.69056881393571 2.521562664440559
v -25.31023288540242 5.938773614974075 17.85117038462555
v -25.27169928886137 -6.111437725199463 0.01525825502048583
v -25.2744 -6.10141 20
v -25.2741 6.1013 0
v -25.2741 6.1013 20
v -25.274 -6.101 10
v -25.274 6.101 10
v -24.93923517977463 -7.352117720325221 10.00134158456721
v -24.939 7.353 10
v -24.9388 -7.3529 0
v -24.93503640076685 -7.364533204388625 19.9820353258561
v -24.9386 7.35314 0
v -24.9386 7.35314 20
v -24.93978532685385 -7.343832390913266 1.890478379356767
v -24.8607939322774 -7.598463147188704 17.71770746993794
v -24.9409185010041 7.338060357870137 8.117651884736322
v -25.00146399788379 7.113195169430636 11.54018650531906
v -24.79894010083466 0.09256164857561466 7.974611274539367
v -24.80757463251064 -0.1860964017244954 11.58751734078377
v -25.00107625651409 0.1596651568798205 1.4664415658396
v -24.93138460249134 0.1741992077543177 18.49795884046453
v -24.7844 -1.21678 0
v -24.88906290931205 -1.167475529427016 20
v -24.9682421750322 -1.120450178757822 9.985658087829416
v -24.91377291874133 1.155873517579624 10
v -24.93534808207789 1.145455575339265 0
v -24.7835 1.21691 20
v -24.78136576771807 1.697106172996673 5.542422669593969
v -24.83691650428132 1.21699731826433 13.69647852617304
v -24.89983739017205 -1.26893771777381 3.716997995468008
v -24.88905286993813 -1.261780727000086 16.2839476486233
v -25.00849950626095 -2.362901300253789 1.973126786050109
v -24.68801903994093 2.304820574017 8.326712201803785
v -24.83561666515456 2.310225852840697 11.78782462331302
v -24.95221431071049 2.696357873318873 4.25043739791208
v -24.86641424380823 2.759800223913233 15.92775910056868
v -24.78863901593706 -2.805440595483744 6.065668186572879
v -24.69728950893798 -2.538966929762727 14.22747057024479
v -24.5592722137698 -3.928175085980737 4.234835316113698
v -24.52222411330978 -3.82063158453755 15.96642788541653
v -24.40642775685214 3.790503280274929 6.058049033436136
v -24.59453522547765 3.583923439671983 13.69368607492491
v -24.54661605567102 8.565859708398072 8.127045611794845
v -24.54839219371988 8.560369661450029 11.86447640229171
v -24.5198 -8.648020000000001 2
v -24.51116968673385 -8.670588393444771 17.96449891704587
v -24.62458104186774 -8.322299318376082 3.400989619380839
v -24.37371171036851 -9.032720223722771 15.49167025079079
v -24.51178127980652 8.666587293076907 6.066214917388187
v -24.49943095836575 8.704432269303348 13.9922758306145
v -24.77737754543576 3.909769384877616 2.376074950628889
v -24.53667785926332 3.944677549589022 17.93073598580884
v -24.66596208025787 -4.068841578447746 7.966947488599372
v -24.579829157991 -3.95653318073352 12.09918299333373
v -24.62700534235429 -5.112572881846498 6.224250571373665
v -24.51270134278956 -5.356066941056099 13.41857151020029
v -24.53888490525154 5.042637822199352 3.938164102189335
v -24.4500022194162 5.189498283974835 16.2674130989182
v -24.24493042417106 5.25029445168546 0
v -24.2545 5.23904 20
v -24.34002469032098 -5.343277747174041 0
v -24.10468478585161 -5.139119523651061 20
v -24.3477494499948 -5.318227476368158 10
v -24.254 5.239 10
v -23.99112618505671 10.01572260322983 5.845412733405942
v -24.02188777159934 9.946396205737219 14.0431524303592
v -23.98369189343464 -10.03193757368662 4.180826473062903
v -24.06067571734584 -9.848636609321572 16.11137687102362
v -24.03553182056423 -9.910440076663919 5.890348097408155
v -24.0087 -9.980079999999999 14
v -23.96453579677299 10.07779802796921 3.841987740536688
v -24.0445053691283 9.88432316213949 15.83385068003563
v -23.96090007310617 -6.302921929583765 7.928979755728157
v -23.76039558106643 -6.46321004922136 11.83800342019273
v -23.93255996691826 6.260490642823316 2.14563198906576
v -24.01545233668976 6.466526957134389 18.22282398982682
v -24.14345741417636 -6.586512142735898 1.871971730877121
v -24.2088386239028 -6.680410395003586 18.08616383856701
v -24.13232370947576 6.500817568487041 8.225389128641609
v -24.01603892327487 6.55454687467883 11.98472812672384
v -23.83750913922016 0.9942545174848261 5.929719192232721
v -24.02423768139582 0.3220602682439616 12.8657650529935
v -23.80803830066644 -0.08901578196797851 17.3577781505147
v -23.8029471513786 -1.549004733716703 0
v -23.8011 -1.54963 20
v -23.801 -1.55 10
v -23.801 1.55 10
v -23.8008 1.54992 0
v -23.60386191725793 1.592584479151343 20
v -23.957493492097 2.903009105744214 3.114722559758978
v -24.05548091385035 2.858946519466795 16.73444225480158
v -24.05302736113453 -3.348298455518433 7.470346809148529
v -23.99445545643636 -3.037577610446438 12.94533208020515
v -23.98452654395351 -3.381855442300212 3.133933802293461
v -23.85122636074063 -3.088080584461348 17.4248294170327
v -23.5424717487697 2.418597557129258 8.650454518322192
v -23.66483268947329 2.621041388286129 11.7124655579909
v -23.625 -7.59 10
v -23.625 7.59 10
v -23.66255876904944 -7.583299267189866 0
v -23.7273982059474 -7.571593832210957 20
v -23.51511925426698 7.597201246831213 0
v -23.32092159596141 7.609809000567301 20
v -23.57419897118336 -7.979895129039803 4.270394086395616
v -23.66228303727713 -7.667965696066764 16.20792670820709
v -23.71266503618686 7.548284273346607 6.419206252675733
v -23.70241703133003 4.603218183057539 4.944319976032635
v -23.61563936558843 4.572173241451414 14.96914128568862
v -23.51642435396541 11.03942775770093 4.2006241309748
v -23.53129742959059 11.05202386928438 15.82033171675206
v -23.38466414314864 -11.3545213396185 6.314471555073341
v -23.54957414523101 -11.01047987328781 14.24628313489495
v -23.3870173712856 -11.30334220242902 8.16527218346938
v -23.52277942873874 -11.06781739981073 12.24956566548537
v -23.48943299273069 11.14129409035343 2.130522308107673
v -23.4532 11.2224 18
v -23.3912 4.66297 0
v -23.53086444949344 4.756166454789392 20
v -23.391 -4.663 10
v -23.56158859558591 4.776857509915972 10
v -23.42502771219092 -4.685650120236894 0
v -23.3909 -4.66288 20
v -23.44868606837663 -5.205536874286782 14.02750293814413
v -23.49503463755245 8.881820723329389 7.817842466268886
v -23.31501260792182 8.978594925545854 12.31197749335966
v -23.2124084670238 -9.231085942640101 2.732323062743023
v -23.41447257831183 -8.665372140597853 18.1979475975552
v -22.90785739945906 -8.903103752656817 6.174780974909133
v -22.99412132891795 -8.830782658884894 14.00874232996998
v -23.1358 8.96866 4
v -23.2249268166882 8.793742178180286 15.67845187279634
v -23.29795943527831 0.1927928459480056 6.952128452367489
v -23.1312374609551 0.02640094284612438 12.86404878768328
v -23.0580253440786 6.081504602596656 7.665817330009554
v -23.16564342395178 5.783091215370464 11.80957413566625
v -23.43534986117361 -5.720933583006868 1.439809322585788
v -23.35614906460515 -6.107514976702377 17.93842955591134
v -22.99899135182265 -1.71482254891192 10
v -23.076 -1.70664 20
v -23.18928540202383 1.682618034128464 10.00025472982078
v -23.07180752456448 2.677148282285513 2.817031738204425
v -23.24475741009385 2.557290109777377 16.87015852270203
v -23.06587076075514 6.159495123601548 17.50466200815343
v -22.94699947452304 -3.547304286608756 3.086015158616171
v -22.86315 -3.5107 17
v -23.40972790998688 3.350320927785647 7.134242568151295
v -23.36788555154792 3.613117694900583 13.2903509866237
v -22.97854289837491 -3.359450024652571 8.315768776267316
v -22.92326603430852 -3.243573487682975 11.81917219671353
v -22.94077144874226 12.22863518216772 2.245162850745355
v -22.93286150611035 12.17942921923758 17.67539854270268
v -22.74254878822201 -12.59019009650199 8.360922431977599
v -22.9043146325983 -12.30010473946262 12.12721697517696
v -22.834 -12.435 10
v -22.834 12.435 10
v -22.8338 12.4345 0
v -22.8338 12.4345 20
v -22.8334 -12.435 0
v -22.8334 -12.435 20
v -22.61949165362507 7.861713654762181 4.811312914457512
v -22.89352121839697 7.493968383508269 14.39496081799876
v -22.60544359797643 -7.741439812539319 5.050605239175204
v -22.64969073800938 -7.451943842909488 15.37476723747824
v -22.732 -4.324 10
v -22.81584319835794 4.372645188626183 10.0081111954001
v -22.7317 -4.32394 0
v -22.7315 4.32367 20
v -22.85157944010874 9.975596074738087 6.050620362036863
v -22.66280119408603 10.14333166359503 14.2162061029867
v -22.6949737885322 -9.971816988202855 16.07518348621698
v -22.7293819816367 1.493987422765443 4.569703034449049
v -22.77975755459488 1.107429111326233 14.76583731045014
v -22.63185553424266 -0.07438259085301857 16.91906858557099
v -22.81580191638778 -10.37619877327242 7.973790746185647
v -22.76436946386771 -10.29443368337488 12.04293190414933
v -22.64917403325696 10.13258074671763 2.057769041137339
v -22.77941258906598 10.24594140862916 17.88309327674497
v -22.30133289669735 -1.737725647605165 10
v -22.5585 1.752 10
v -22.5583 1.7517 0
v -22.6329 1.7515 20
v -22.55815 -1.752225 4.591942767926163e-17
v -22.30857870251284 -1.738946285183018 20
v -22.44508609302116 -2.492417359958168 7.18785881856053
v -22.40324014112014 -2.295016814611574 13.13124812305968
v -22.589 -7.657 10
v -22.39060652186699 7.647709867441236 0
v -22.36551283851186 7.644521584902894 20
v -22.48727208942509 -7.6553527633453 0.004837254504015749
v -22.5886 -7.65756 20
v -22.62719505484961 -6.139551058660096 7.460820768496477
v -22.3709 -5.881315000000001 13
v -22.6907417863517 5.891781141170753 2.951301477204912
v -22.34400048932667 3.513880096775066 6.999145254056931
v -22.34400048932667 3.513880096775066 13.00085474594307
v -22.3423946047024 -4.783574311037855 5.161022641262174
v -22.28146897754597 -4.527719274404937 15.27847630550002
v -22.43078666587589 -6.260507785692565 3.134261903877552
v -22.39631608567288 -6.209759936929302 16.90665145146813
v -22.09000831895238 -4.111951798840243 0
v -22.24355 -4.146224999999999 20
v -22.24325 4.146265 0
v -22.06658153806916 4.132213623063131 20
v -22.243 -4.146500000000001 10
v -22.00220270223321 4.095625037589816 10
v -22.19706375231078 13.53805429450593 0.03228906585414489
v -22.1861 13.5571 20
v -22.186 -13.557 10
v -22.186 13.557 10
v -22.1814744601731 -13.55644699870126 0
v -22.1857 -13.5568 20
v -22.5298575718862 8.789020050953031 8.057579177761147
v -21.99005681860111 8.701096900411002 11.8178578836547
v -22.31504540659824 -8.622706904205502 1.65676411197387
v -22.29726995072209 -8.80358188332219 18.03917442196925
v -22.19194261411831 13.54384562464247 8.117409805360822
v -22.05597078669273 13.76031617342435 12.25829082742939
v -21.94699551223177 -13.92682926201163 17.44971197262558
v -22.24807717354375 11.24593154791296 16.0986936515004
v -22.23524457333495 -11.28208984657781 6.162064377563311
v -22.13897179928182 -11.39444859668888 13.64281189212987
v -21.73619855072138 5.83873554594333 2.945019054796049
v -21.85429948052001 5.830213066177588 17.00085511125291
v -22.072 -11.338 10
v -22.11185778044034 11.40188355359795 9.99397863345065
v -22.11959212119004 11.38950321378166 0.01761314628811044
v -22.0716 11.3379 20
v -22.00715122732162 -11.26447757885865 0
v -22.14734244878756 -11.45591431517364 19.99176458074034
v -21.64190476919506 -7.08835002996032 5.013519352742148
v -21.33538207326585 -7.344976808595755 14.36778857736086
v -21.99665377890295 9.00859514061184 2.639067031092572
v -21.97984883371523 9.416195826273066 17.90286618856559
v -22.10680513782886 -9.365412742665788 7.681529965085141
v -21.90022811566933 -9.783173405079786 11.57168078336464
v -22.17595394922876 7.636932985387632 10
v -5.821126759835476 -4.417512933315036 5.230730999711159
v -21.74208668825138 8.449526507480696 16.87406158355056
v -21.55565 -8.391185 7
v -21.55565 -8.391185 13
v -21.72155371640396 0.7174691154543051 1.70881486895947
v -21.72596673112785 0.6320274367860976 18.14082687809694
v -21.72935307794915 -0.3924576957182522 3.659826779654967
v -21.729340617928 -0.4082130048229951 16.31248428444618
v -21.72130103747721 -0.5982612887127283 8.081736372156202
v -21.70873391626183 -0.8415050918732613 11.49008232578648
v -21.71878293174989 0.6612888395897425 5.86720435536815
v -21.72311899861726 0.182611974586274 13.29111418387931
v -21.672 1.689 10
v -21.6714 1.68851 0
v -21.6714 1.68851 20
v -21.67528168868443 -1.598801953093103 5.782423514564467
v -21.65809614776707 -1.822600113288857 13.82297408626163
v -21.6654 -1.68913 0
v -21.6654 -1.68913 20
v -21.665 -1.688 10
v -21.48691764814345 10.43612338234531 5.182321083408498
v -21.63746628094358 10.59128874732192 15.07876566896137
v -21.25709134238911 -10.58586682348016 5.123875322236992
v -21.26075093725604 -10.67719925492847 14.72952907984418
v -21.66508971165159 1.669544564051761 4.092221872779835
v -21.65577276666053 1.783571491744133 16.10896883705299
v -21.52911304594713 2.978161681755972 7.720237538906631
v -21.55019729790233 2.844400426885755 12.04179122006397
v -21.5489 -2.85413 8
v -21.55992427412465 -2.749988338673893 12.18404464314943
v -21.54030730147718 -2.865073824849812 2.078968927417513
v -21.52730149083308 -2.947605277002076 17.77415574063323
v -21.52016442669401 2.993641845817761 1.750161372416182
v -21.55878860734368 2.699464634354369 17.72806999426243
v -21.84937600683786 11.80256330826279 2.931737852984788
v -21.46510875262271 12.26339394243555 17.8976489301128
v -21.5301 -12.3361 8
v -21.49444232760309 -12.45531638366106 11.78718819457897
v -21.73386360777911 12.61939018371339 11.70277612617033
v -21.34501681973755 -12.33351753748146 1.985401164985483
v -21.4479 -12.4774 18
v -21.5984341511744 14.46427663506318 8.411769566629008
v -21.5343432180161 14.56324121288905 11.76147258273795
v -21.42463212647489 -14.72861150644719 2.053005818267449
v -21.4458 -14.6994 18
v -21.74058699482454 9.440697657132711 6.894487109966453
v -21.70589834737695 9.632173380956102 13.42724444421307
v -21.29162120810369 -9.445488514419365 3.215972233510096
v -21.17535 -9.308505 17
v -21.51318876674803 14.59385339764475 6.280260545902081
v -21.4091 14.7537 14
v -21.3366 -7.530775 0
v -21.3366 -7.530775 20
v -21.47390694709844 -14.65317845758449 3.823914531973507
v -21.2787058796859 -14.93178753577436 15.6760815564909
v -21.48461184157352 7.555215693959315 0.01201777488390608
v -21.33635 7.53087 20
v -21.336 -7.531 10
v -21.40751974974217 7.566265522758369 9.972266098553771
v -21.17655727997463 8.08501260790932 3.11650015175166
v -21.02298757939203 7.970845185804811 16.81087162203289
v -21.3299316441579 -10.50617291913704 0
v -21.3874 -10.5583 20
v -21.3871 10.5581 0
v -21.26639036726021 10.44856392655901 20
v -21.64414062490285 -10.85080246339302 10
v -21.27332560279853 10.45488551947845 10
v -21.35620362892982 4.041907308844682 5.826080856426166
v -21.33391684692716 4.147181859589212 14.36303057338006
v -21.31925557863737 -4.184999335492993 4.432098569657588
v -21.34771282005005 -4.050674639099626 15.80926904198516
v -21.37 -3.978 10
v -21.3696 -3.97766 0
v -21.3696 -3.97766 20
v -21.364 3.977 10
v -21.3637 3.97683 0
v -21.3637 3.97683 20
v -21.11663472696671 5.149664224378958 3.83408053773723
v -21.13976020718669 5.063091308131534 16.00844257959351
v -21.1344 -5.05756 6
v -21.13458311813879 -5.056695640449478 14.0015531648752
v -21.16048816471465 -4.957992843642939 1.761683532311314
v -21.18303457608361 -4.852293481667025 18.42826096110872
v -21.1979067191068 4.755448563546013 8.6007305737725
v -21.20463085768456 4.711395741358563 11.38114686897917
v -20.44446463177593 -9.149773459697016 3.109621435942234
v -20.43623559309095 -9.123599168527504 16.92444826097904
v -20.62750958963248 9.46239000517541 6.522861367769627
v -20.53804674484129 9.442852627488694 13.49987335258932
v -20.8556 13.446 0
v -20.8556 13.446 20
v -20.729099997076 -13.41601177918777 10.00784626410873
v -20.98081188919127 13.45649220112715 10
v -20.9248384724217 -13.45146771702599 0
v -20.97391013387243 -13.45556716015823 20
v -20.78215162066666 6.3589501095294 1.628678373705639
v -20.79368667738879 6.323361385937158 18.30557607643893
v -20.80940175552029 -6.253589133510537 8.179009375596955
v -20.84362976068683 -6.146126131619434 12.01927629895659
v -20.838 -10.06 10
v -20.78681944818277 -6.343029734702985 4.283577598963032
v -20.90222731499331 -5.946195581659957 16.44297437368525
v -20.92294141371094 5.841266751922043 6.594548630463962
v -20.8552726390871 6.099166033554386 13.83763874644699
v 7.140038664826899 -2.133096802328792 13.68691653783551
v -21.05912218175742 12.20340682901328 12.22221364247698
v -20.92074466692855 13.48748362842377 6.321474728342282
v -20.93135271907243 13.31502720049426 13.515156867187
v -20.89898535997314 -13.71741778891011 3.907631695227811
v -20.67465286822216 -13.65336034136516 15.81168991570444
v -20.72708917972687 15.67648221682197 6.224005255080953
v -20.65501882738154 15.79128512154417 13.98092192968189
v -20.51517452155222 -15.96494512063159 4.308489368520463
v -20.71592907533718 -15.70661639309298 16.17235276158051
v -20.59407109532177 15.86469529575283 3.972607033027417
v -20.65592961404995 15.78755908748876 15.87940208596394
v -20.5304492385327 -15.94821086797044 6.178673103653376
v -20.60955377400079 -15.85043134245611 14.00612371849462
v -20.36879131987996 12.39974649298514 1.595709025018665
v -20.44768578982507 12.28456481991215 18.18463522899248
v -20.60278530562563 -12.28311252922051 8.14201923338638
v -20.58029495638143 -11.78508373336198 12.67471284188287
v -20.4964 7.24057 0
v -20.4964 7.24057 20
v -20.495 7.241 10
v -20.4906 -7.23828 0
v -20.4906 -7.23828 20
v -20.49 -7.239 10
v -20.53377825184075 -7.119762119604966 5.719272329981546
v -20.52361862970773 -7.150947980418002 14.22308442387364
v -20.54658655615344 7.055783362204493 4.3504005519489
v -20.55945159630038 7.02259912685966 15.54240229049431
v -20.28744509871191 -9.696038960253523 10
v -20.4125 9.762000000000002 9.999999999999998
v -20.50348056065761 -9.818278136020295 0
v -20.4769 -9.79908 20
v -20.4119 9.762120000000001 7.254951583280406e-16
v -20.4119 9.762120000000001 20
v -20.79135220820378 11.52638094478815 3.176635957767399
v -20.68131588498612 11.17127790996784 16.28015020457904
v -20.42269655317429 -11.44412136086934 6.834898795080155
v 5.871197870957855 -10.54834157498707 2.080648796646199
v -20.55583029705676 11.2498604723019 8.197875192320032
v -20.57927455506595 11.24063309819655 11.76197389065
v -20.20715285172315 -11.6357638693019 2.675128560686148
v -20.12404365785659 -11.72701595000277 17.11180027984229
v -19.99804491458232 13.23729016633667 5.281323461694384
v -20.55089733059122 14.28323248067312 8.478766277612422
v -20.27415801607723 14.53053463150766 11.98532607337297
v -20.33246285117167 -14.70859020607841 2.282758371345959
v -20.05922431546079 8.368233632070336 7.875889701193652
v -19.96782205809764 8.573931237615108 12.51970543995828
v -20.08031290048165 -8.308372660134653 2.014662768477685
v -20.03597948489281 -8.402373780958069 17.85621430021224
v -20.10711594567647 -8.252078531808674 7.846226403933103
v -20.07088473007804 -8.344532144531165 11.97923109802905
v -20.10812793318594 8.233593302287646 2.185204079245738
v -20.0703 8.33192 18
v -20.08229641426405 14.68561649037009 4.062247594857489
v -20.12045399128293 14.4952954693758 15.72688668878176
v -20.20193913985155 -14.60523172747036 5.68464277959715
v -19.98596145813105 -14.5693271715492 14.01693331084875
v -20 0 0
v -20 0 4.99
v -19.65879554882198 -11.19133230523687 13.18936747098378
v -19.50742391158991 11.44627483587528 6.772888936001758
v -19.47165471375242 11.21755416652858 12.93118875211232
v -19.44303556700175 -11.26728785185367 3.027869526975039
v -19.46949723735659 -11.1119880358529 17.2246794876516
v -19.8375 -13.2429 0
v -19.69599936076709 -13.1974948712818 20
v -19.67178837690117 13.18944278907957 0
v -19.60557280005321 -13.16858927140521 10
v -19.837 13.243 10
v -19.81774453760263 16.82895090510063 4.059966181696794
v -19.77399152389983 16.85626396076109 16
v -19.62192079190735 -17.04975522158925 6.373566153034958
v -19.7918 -16.8606 14
v -19.77999030558061 16.87326821102845 2.070839873148278
v -19.77847114177796 16.875139367563 17.93270130121688
v -19.69003216933814 -16.97603376395214 8.129520514552933
v -19.68515732973545 -16.98143398096185 11.85979021979048
v -19.32717133111478 13.96202702186015 3.618054152623072
v -19.02290269456114 13.61825032754987 16.41799116020739
v -19.58221569747561 9.429335237659693 5.831035849876391
v -19.5634219170618 9.466287474722215 14.24182238006667
v -19.59413506103277 -9.388404339963579 4.032104517781545
v -19.54505103870459 -9.491209580432237 15.70273817608915
v -19.6123 -9.37336 0
v -19.6123 -9.37336 20
v -19.6155254031109 -9.365098748248785 10.01520553422861
v -19.607 9.371 10
v -19.6067 9.370900000000001 0
v -19.6067 9.370900000000001 20
v -19.563 -4.15823 0
v -19.563 -4.15823 4.99
v -19.57347774747685 4.058530036863472 0
v -19.563 4.15823 4.99
v -18.73901179145118 -15.10590656564934 11.754488970281
v -19.35466464135901 11.94853112211039 1.809775833036011
v -19.37111353892735 15.59530901745989 5.937068478252195
v -19.1901806535196 15.3249894533401 13.71495614679674
v -19.35550133186475 -15.29132462950721 3.582321560054407
v -19.48537067083146 -15.35435740779392 16.38219626830445
v -19.09039805822383 15.81090050940363 1.691579308692079
v -19.25820242922637 15.60749184753115 17.90140544746142
v -19.49029799734615 -15.68833352608444 7.584829949817216
v -19.44357720309671 -15.82417579580097 12.24587954628295
v -19.1311 13.016 20
v -19.26289992180913 13.05840974823041 10
v -19.35113951462536 -14.230127116085 1.853299713098459
v -19.18359342253028 13.91002550416982 8.584901995896219
v -19.24687633123584 13.90542103160781 11.37078042681835
v -19.102584869468 10.36597889210412 4.044094175823922
v -19.05434936329559 10.45437053092888 16.19549757770337
v -19.13958109587016 -10.28856303869721 5.869764995655766
v -19.12595728268423 -10.31535416033406 14.07739880816066
v -19.20806577637404 -10.16506542031663 1.562257869085838
v -19.16294413433932 -10.25343757310478 18.26335897329206
v -19.17995596438347 10.20393282948211 8.317554731788004
v -19.0897 10.3843 12
v -19.13151771369059 -13.87964982761088 6.548877642383301
v -18.95219633895725 -13.71704332021012 13.38845216102299
v -18.96013153207964 17.78706066876621 2.170693782057258
v -19.0200469762548 17.72034743013318 17.6975660152709
v -18.8173493169528 -17.93841284016706 8.135130933209624
v -18.57851939838037 -18.17783902609055 11.36797960757384
v -18.8375 17.9212 0
v -18.8375 17.9212 20
v -18.8372 -17.9212 0
v -18.8372 -17.9212 20
v -18.837 -17.921 10
v -18.837 17.921 10
v -18.63226966048983 -12.78008701191269 10
v -18.6605 12.7965 10
v -18.6603 -12.7964 0
v -18.6603 -12.7964 20
v -18.65985 12.79655 3.380578656840774e-16
v -18.47925865202099 12.68018009045826 20
v -18.81259399581887 14.97102793780156 1.967863487932365
v -18.28455325708148 13.31498799924934 3.000848343886604
v -18.27570650269596 13.21799035941649 16.88615211015131
v -18.28941429457634 -13.2052753892303 6.853806389393352
v -18.03107252072562 -13.32575239675438 12.72670316680675
v -18.44238700982477 11.49692614168684 1.67949284388555
v -18.56448753204817 11.30419417940121 17.9194526410411
v -18.52708275205966 -11.35698642205307 8.034956367556452
v -18.42363812063796 -11.51655757994335 11.6307581859362
v -18.57222343004391 -11.29060798090352 3.834567561720506
v -18.65690987773905 -11.14415706240387 16.46273434347569
v -18.55392175228125 11.31071853261621 6.118756152672942
v -18.49098862374073 11.41394630625538 14.09384711882421
v -18.70776270512975 16.60727527357567 3.979020619163641
v -18.52563421014072 16.71400923555984 16.2811219411586
v -18.83283861853685 -16.58830331624381 5.941544277931397
v -18.56298822554361 -16.65699288956109 13.83194966159442
v -18.42543390483248 14.77719837366721 6.760430208253108
v -18.49581834644138 14.58672233013363 12.90443211031458
v -17.78295321780174 -14.79782151606511 3.689569346169544
v -17.97906620131678 -14.69604663519373 16.59634968180837
v -18.38199670571502 -16.65720499059952 0
v -18.39562053687867 -16.6924613965083 20
v -18.3854 16.6643 0
v -18.3854 16.6643 20
v -18.385 -16.664 10
v -18.35908984898997 16.61150230841104 10
v -17.99270732164612 -15.5793817587671 4.757427708935117
v -17.73583167572121 -15.76224705817783 14.78109112796394
v -18.0770258367782 15.76093529600591 4.995877277868816
v -18.15600503329603 15.77341832302077 14.98390248683991
v -18.2709 -8.134729999999999 0
v -18.2709 -8.134729999999999 4.99
v -18.2709 8.134729999999999 0
v -18.2709 8.134729999999999 4.99
v -17.59383773784448 14.21509595758824 6.999132782381913
v -17.55774336871336 14.31492813976862 13.17250390023037
v -17.08500809930451 -14.75841952397496 4.248374499995689
v -17.03756198703746 -14.74491246262803 15.71891372116774
v -18.07065763611359 -16.02709717121056 10
v -17.79276899586966 15.52719366523053 10
v -17.85728240791533 -15.62709919535415 0
v -17.97737959875703 -15.88310862190018 19.96709763048224
v -17.81903899288479 15.56818354874567 0
v -17.9256 15.7336 20
v -17.924 12.298 10
v -17.9225 12.2988 0
v -17.9225 12.2988 20
v -17.9212 -18.8375 0
v -17.9212 -18.8375 20
v -17.9212 18.8372 0
v -17.9212 18.8372 20
v -17.921 -18.837 10
v -17.921 18.837 10
v -17.9198 -12.295 0
v -17.9198 -12.295 20
v -17.919 -12.295 10
v -17.96215185914552 -12.2373855809879 5.814206061406638
v -18.07811991375245 -12.05913561758223 14.5595227642683
v -17.99932490488935 12.16615769438635 4.282770254458331
v -17.90192761771008 12.31937598928379 15.99281876947103
v -17.81878474531645 -18.9316400036139 2.108047501349825
v -17.82312060367938 -18.91695981318045 17.90556542727193
v -17.97728177072471 18.77857718564111 8.215796971515429
v -17.70024347058286 19.03772106596711 12.34177254748127
v -17.5539078596219 17.40197010964973 2.097562245615845
v -17.58831027802891 17.56276914817465 18.13420892361815
v -17.91096744007181 -17.52024891889559 7.906466062405988
v 15.78865504474594 5.472847717651376 20
v -17.524 -15.1103 20
v -17.524 -15.11 10
v -17.59192622248456 -17.74681601801283 1.897308116781225
v -17.57587115944972 -17.81381540962241 18.0412826799976
v -17.68061207643193 17.90422616493856 11.82684119100741
v -17.19801507452669 13.29067401683282 7.838476798117922
v -17.20069404863055 13.28736040106495 12.15403480466654
v -17.17658037612226 -13.30890973192316 2.210036694751134
v -17.34242776134384 -13.09092850142542 18.27159934543884
v -17.19014999999981 -14.71270000000036 0
v -17.08639019847547 -14.61662610974209 20
v -17.19035 14.7125 0
v -17.19035 14.7125 20
v -17.02646837631297 -14.56536064530836 10
v -17.18999999999997 14.71250000000002 10.00000000000006
v -17.37226291003886 -13.05742856956726 7.589716517207698
v -17.25961694048529 -13.21223266332951 12.07382598711257
v -17.2302 13.2427 2
v -17.29788816158317 13.14969575826682 17.79779488698081
v -17.11286647889609 -16.67895985230762 1.963850540001086
v -17.20667459388476 -16.60609288719964 18.23765344712811
v -17.09443278962323 16.90708113681482 12.14129498567237
v -16.83578783041916 -19.8104200619799 2.141771706246853
v -16.77218676294425 -19.86205681055435 17.73786291246073
v -16.96720639461311 19.69800073977967 8.112047495275355
v -16.9106 19.7491 12
v -16.80432600459968 -19.83763468530163 4.106476523562796
v -16.86290458639544 -19.79012005155481 16.00435344864817
v -16.93509360751839 19.72489772288143 6.147118806198057
v -16.8606 19.7918 14
v -16.43305 16.2788 3
v -16.84181682032409 16.05960646545412 8.153852136139665
v -16.70001792129382 16.02671393334696 12.03011136446503
v -16.19834138172046 -16.55184080736928 3.217585011127889
v -16.4038049334203 -16.75028797565406 16.9452040420981
v -16.6643 -18.3854 0
v -16.6643 -18.3854 20
v -16.7092421485339 18.40165114049866 0
v -16.49607642086925 18.30243644502741 20
v -16.73584379145891 -18.41083404434322 10
v -16.76504039239587 18.42133274253217 10
v -17.00791985418914 -17.23420499691462 8.004120263004722
v -17.08461548570968 -17.40543794410591 11.77327230381615
v -16.44170165276326 17.27077870240239 1.545279626365395
v -16.6501 17.078 18
v -16.81653494459649 -18.44663219773283 3.509390975657562
v -16.68986630883114 -18.55075001066333 16.22904952224984
v -16.80364877360594 18.69338666715709 6.365103523642997
v -16.68640794839541 18.31943331528833 13.66986682397829
v -16.5403 14.1042 6
v -16.48174060770932 14.16934039655048 14.1539416201122
v -16.50856056364071 -14.13167256251279 4.073203882091204
v -16.56207724146728 -14.06894177893737 16.07179432816239
v -16.518 -14.1303 0
v -16.518 -14.1303 20
v -16.518 -14.13 10
v -16.514 14.127 10
v -16.5135 14.1264 0
v -16.5135 14.1264 20
v -15.77455054449029 15.87886516695846 2.837863255361881
v -16.01155191619355 15.9762716873153 17.00086366294271
v -15.78155742455695 -15.79096470219482 2.971636829163637
v -15.13720980800767 17.04238263054008 4.824358022455032
v -14.98741565897948 17.04133210269667 15.39738597833187
v -15.76640047439109 -18.10589699113975 5.001759414723326
v -15.67641669160254 -18.14555763740294 14.82700617109148
v -15.95268320532316 17.94396069823668 5.394599441320501
v -15.60947137403349 17.71266224702585 14.98939907534735
v -16.1803 -11.7557 0
v -16.1803 -11.7557 4.99
v -16.1803 11.7557 0
v -16.1803 11.7557 4.99
v -15.91095547588883 -17.06849967511022 8.623413221441449
v -15.61980953903959 -20.77813581572421 4.425541648719161
v -15.81506888256876 -20.63588862081543 15.92941080270635
v -15.62977976454687 20.77027925531007 5.592764523808158
v -15.83901128654907 20.61787229136482 14.0268836819686
v -14.63170878267809 17.98744484575802 3.294115464083338
v -14.56316891785644 17.96810046724816 16.80447382180127
v -15.49420591187873 -20.87027525916942 6.558095052383684
v -15.77209569668942 -20.63853023124288 13.95532093907712
v -15.93779720254837 20.53710050298431 4.257218512839216
v -15.93827066755449 20.53671810957568 15.7418873134004
v -15.6313264646588 15.09891308962045 3.63145495500261
v -15.71564487342681 15.01445836207194 16.15882384423129
v -15.76604580847011 -14.95666875183569 6.024267176340063
v -15.84084195180403 -14.87453804941287 14.17102800895092
v -15.81761477636506 -14.90696389252576 1.838040214236808
v -15.81361089586807 -14.91140383401378 18.15145229200385
v -15.7691037379995 14.95293550100291 8.044891700786099
v -15.87827302494451 14.83188939793226 11.66857473767845
v -15.65181696566599 -17.87305516057328 10
v -15.734 17.926 10
v -15.7336 -17.9256 0
v -15.7336 -17.9256 20
v -15.7335 17.9259 0
v -15.7335 17.9259 20
v -15.65010580468043 -19.46088396394801 2.392729935400703
v -15.70589946025181 -19.47730852146799 17.61870440850747
v -16.07676736674705 19.33907649961905 8.089587160501976
v -15.39108018924799 19.43157878527033 12.52861657684216
v -15.80394399624812 -19.33657405585853 5.562940648273255
v -15.56223337822459 -19.32461399809069 14.02133763221067
v -15.86104487462582 19.22158581225757 4.575040140598021
v -15.74923689371655 19.20549265553629 15.61398439623337
v -15.11 17.524 10
v -15 0 4.99
v -14.91839100571067 15.80730995686652 1.865083435595013
v -14.9754 15.7559 18
v -14.83769041099778 -15.8730411963779 8.317693428813397
v -14.88027347134918 -15.8346363058728 11.78310680873282
v -14.97633367222002 -15.75370802603412 3.935848839781423
v -14.99106193186118 -15.73900353934744 16.1007249363327
v -15.04126456453069 15.67801173469831 6.181397899316584
v -15.01789918907484 15.70490663507979 13.82362640895581
v -14.5208465109501 -18.362013370104 7.116364932252134
v -14.79175276841479 -18.41591297986652 13.26794534353442
v -14.29387229278183 18.9976467081207 12.8493679550369
v -14.93642135570372 -18.84715497855878 2.048118381991231
v -14.75739951478915 -18.93428009078516 17.66525602321109
v -14.7127 17.19015 0
v -14.7653 17.2431 20
v -14.76106524395959 -17.23902777009254 10
v -14.51373327596549 16.96617150532574 10
v -14.71250000000001 -17.19035000000001 0
v -14.7125 -17.19035 20
v -14.25409103240277 -21.73443491814783 6.875969084942986
v -14.80978511489559 -21.3682417745966 14.10195439901034
v -14.69107707075392 21.44922267590471 3.890368351313207
v -14.65366613522813 21.47358931101089 16.17523034327874
v -14.21509595758823 -17.59383773784449 6.99913278238194
v -14.43144812593482 -17.49254170679895 13.39578574174966
v -14.64671286247978 -21.48028573571222 11.90759363234972
v -14.58204687574569 21.52179297797634 1.79458581436319
v -14.73189282147 21.42225434902187 17.94104006265651
v -14.6722 -3.11867 4.99
v -14.70496660081307 3.071166441625976 4.99
v -14.6512 -20.0266 4
v -14.65192852120155 -20.28073346261773 15.59567224098685
v -14.95311793626076 19.45762156477337 7.052112421657197
v -14.53742869817231 20.07188896025356 14.16872512502254
v -14.47195994179695 -20.27579093914976 8.109247932541942
v -14.42496036568421 -20.29805563642839 11.80836544197258
v -14.80029993518366 20.19494486898077 2.476480549522417
v -14.88302150575426 20.18733232349914 17.37666795861021
v -14.63769349389345 -19.23805485983953 7.416083223843817
v -14.07931771266029 -19.06519415669316 11.74636695368224
v -14.57429762467175 19.16507637761286 2.508063733660136
v -14.61118141396258 19.18709011132007 17.43879719141351
v -13.7796186187586 -19.16727386430473 3.600923824861169
v -14.1303 16.518 0
v -14.1303 16.518 20
v -14.13 16.518 10
v -14.127 -16.514 10
v -14.1264 -16.5135 0
v -14.1264 -16.5135 20
v -14.13436987633503 -16.51317812605968 5.928701698369296
v -14.22541258919766 -16.43133327677942 14.28645300531173
v -13.91145208856411 16.68941122533072 3.57217607904174
v -14.23063028498757 16.4164480547971 15.74270318770258
v -13.31498799924933 -18.2845532570815 3.000848343886637
v -12.99343152809254 -18.13867123663277 16.7064858087486
v -13.53406022303656 -19.93197382946239 4.905621697121134
v -13.49489116533668 -19.93550330287297 15.05248156318413
v -13.7032 -6.10105 4.99
v -13.7032 6.10105 4.99
v -13.52708888351846 -22.20164530776915 11.85414071904662
v -13.62825031631278 22.14146710504228 2.026740866759222
v -13.52655436700528 22.20144747173379 18.14676677927796
v -13.53690327973454 -20.76941842522542 6.051326877087547
v -13.45059119904501 -20.9188548390488 13.65002613834861
v -13.77903879054284 20.916671691646 3.932689414872035
v -13.61817673584935 20.78561196291348 16.00105958957373
v -13.5571 -22.1861 0
v -13.5571 -22.1861 20
v -13.557 -22.186 10
v -13.557 22.186 10
v -13.5568 22.1857 0
v -13.55778850889702 22.18505988295738 19.99826972011725
v -13.43578824977766 -20.97711217074599 0.03293142368770299
v -13.43313877051235 -20.81258511799117 19.99314325698689
v -13.446 -20.855 10
v -13.40679953885271 20.65841837710376 10
v -13.4456 20.8546 0
v -13.4456 20.8546 20
v -13.25559851492171 -14.95517187658263 8.881784197001252e-16
v -13.48957626437606 -14.74408931669968 4.99
v -13.3826 14.8629 0
v -13.3826 14.8629 4.99
v -13.2462 17.2349 8
v -13.25108915072887 17.23093413424132 11.98893606986
v -13.243 -19.837 10
v -13.243 19.837 10
v -13.22790792204039 19.7589846035141 0.01685761629089071
v -13.2429 19.8375 20
v -13.20879726768536 -17.25487428990613 2.073709603901807
v -13.2427 -17.2302 18
v -13.20680110744941 -17.26479363873459 8.026919002498024
v -13.32575658927609 -17.16965170663611 12.24080585147139
v -13.11452692654581 17.32530929465227 1.77964587740675
v -13.3020792544327 17.18210297197275 17.80540464692507
v -13.02924540286471 -19.17239105288452 20
v -13.016 -19.131 10
v -13.01966152517875 19.14238782720791 10
v -12.7965 -18.6605 10
v -12.7964 18.6603 0
v -12.79639999999975 18.66030000000033 20
v -12.68807377802021 18.4925149735338 10
v -12.79655 -18.65985 2.220446049250313e-16
v -12.79655 -18.65985 20
v -12.75820338130145 20.31329009451656 16.18741715948025
v -12.48672919941901 -21.63632221322612 8.274145131390167
v -12.45923157564389 -21.82446888670394 11.41723790411761
v -12.55252154147289 21.17570895176356 2.426484469750098
v -12.32347828097041 21.49471331509169 18.22404868841883
v -12.435 -22.834 10
v -12.42602558920437 22.8211753893513 0.007990284190474308
v -12.435 22.8334 20
v -12.435 22.834 10
v -12.4345 -22.8338 0
v -12.4345 -22.8338 20
v -12.52385650005529 -22.78089160872464 1.751705518258394
v -12.15566174108666 -22.97784142766981 17.63457768801361
v -12.45680033544226 22.81933524811491 8.134780597511671
v -12.55075183240758 22.76525161533612 11.70593908212668
v -11.9801409020201 -21.86709171506167 2.61695184120264
v -12.41144542696136 -21.68250806072805 18.12495175833454
v -12.48114985762736 21.40895671241098 8.271923036308378
v -12.37477668448342 21.50657479079669 11.93030600147144
v -12.20768550069736 17.98147450284853 5.751935214796854
v -12.09481394348625 18.05490786945428 14.48471759411627
v -12.09876956907059 -18.04310270720084 4.422821493058659
v -12.3228 -17.8997 16
v -12.2988 -17.9225 0
v -12.2988 -17.9225 20
v -12.298 -17.924 10
v -12.295 17.919 10
v -12.295 17.9198 0
v -12.295 17.9198 20
v -12.56360069055408 20.41350603469536 11.32376165371182
v -12.1862 -20.5034 2
v -12.33306709408896 -20.32679585665085 18.32049934607835
v -11.91639773054794 20.22080775581161 2.982006160010898
v -11.6625387545739 20.13739106377583 17.20363771263132
v -12.1353 -8.81678 4.99
v -12.1353 8.81678 4.99
v -11.54743682627859 -20.20535761118941 2.912158214922179
v -11.41390270170105 -20.32062830736533 16.82013249338533
v -11.39448142221356 20.13001829040433 6.854608655221142
v -11.16901893211045 20.69403839504933 13.72876028315607
v -11.1616148461319 19.6056907657537 2.735522275033415
v -11.15384829596134 19.47383839224369 17.16590550237733
v -11.52681513591992 -19.69551005725228 6.866780526917025
v -11.27977687735146 -19.42088853608244 13.06490920402367
v -11.32483405903406 19.23283404564412 7.363626589285086
v -11.12298646715038 19.61015955778578 13.26161003489662
v -11.80245 -19.304 2
v -12.12663456998167 -20.81590146451849 7.5429566854401
v -12.15895954476944 -20.81162448643309 12.49536314674765
v -11.39244137016128 18.52032264259343 4.034212634789015
v -11.23791949749361 18.5993858263192 16.2080175397982
v -11.13417465199371 -18.65602287361598 6.477257280954994
v -11.29824954452677 -18.56113297739623 13.85592353442334
v -11.3390967686028 -18.5443687152886 2.009743851094838
v -11.3439 -18.5416 18
v -11.61282137690386 18.36123352868356 8.570904738459969
v -11.32606631388776 18.54509612140287 12.04792459064302
v -11.18348917818748 -21.93630780392106 10
v -11.338 22.072 10
v -11.3379 -22.0716 0
v -11.3881856297692 -22.10655140161416 20
v -11.49055745506671 22.17757537824948 0
v -11.49846053112695 22.15716919890072 20
v -11.3939545576422 23.34927411304434 8.303794664706677
v -11.30166786775969 23.41324202287177 11.87003074373453
v -11.13551147627816 -23.49201629910956 2.139828166821174
v -11.2224 -23.4532 18
v -11.5377178710629 22.24130790173986 6.614550212407917
v -11.47439978147943 21.9470083387072 13.49571234763327
v -11.02987282498581 -22.37262251863992 4.257192450965777
v -11.1923 -22.1468 16
v -11.13659229778986 -23.49377263201946 4.043733497625294
v -11.0007044095468 -23.55406895759631 15.73784112444733
v -11.25484573839839 23.43529862580537 6.150207215554365
v -11.25280297280742 23.43633633591317 13.85315924059422
v -11.13166750644888 -20.61999486686125 8.421385249017108
v -10.99339730417963 -20.54912354779341 11.49684746926027
v -10.64978768627381 21.44240059210394 5.194052890123818
v -10.55151271811471 21.49158962567731 14.98147181933391
v -10.57955335429941 -21.40657552080684 4.925549450755872
v -10.44054260444976 -21.50907805209034 14.82385839976704
v -9.778125680371081 -20.39937863835885 14.11231338877309
v -10.5583 21.3874 0
v -10.55822666476046 21.38731915036155 20
v -10.5581 -21.3871 0
v -10.5581 -21.3871 20
v -10.39314952492156 -21.20526724735328 10
v -10.36196000908031 19.10753402658103 1.950786370701328
v -10.27220065956158 19.15336395275656 18.22633411693356
v -10.19375214916545 -19.18697662413571 8.376093656043718
v -10.34520729963288 -19.10965722283619 11.92284081640753
v -10.45650075424612 -19.05312144371836 3.800181044231424
v -10.31555138445508 -19.13148921956665 15.91630463436073
v -10.53595531132397 19.00034552863149 6.346574680270885
v -10.48687046130057 19.0297670193113 13.73162126143742
v -10.19048083223802 22.79359880626333 7.803505112981624
v -10.24390614259407 22.7404953267655 12.06432484356692
v -10.20056354631309 -22.70679028757029 2.064594934782175
v -10.19618417519 -22.81142369845669 17.78439661446744
v -10.39809566916459 21.21071992444049 10
v -10.037 -11.1472 4.99
v -10.037 11.1472 4.99
v -10.07208862025237 22.69868101123597 4.095059626327502
v -9.956267137540994 22.81971543363855 16.08579892614521
v -9.961107670729888 -22.6461870643037 6.089292755952354
v -9.931852089784408 -23.01979643127844 13.89868036741981
v -10.00965 0.003118674999999951 4.412489685052763e-16
v -9.938371524306994 -17.34793840702144 0
v -10 -17.3205 4.99
v -10 0 20
v -9.98199562750707 0.1438471707429959 21
v -9.938303363304479 17.34796875385883 0
v -10 17.3205 4.99
v -10.02412843080427 23.98902242095997 6.070884650720574
v -9.950466184975591 24.0201100150157 14.04662858608787
v -9.921225943771425 -24.0308953605932 4.091930366134838
v -10.07086653538388 -23.96763234943544 16.14685753085216
v -9.807829520056538 -24.07652270166311 6.175741265582516
v -9.983165816122332 -24.0055723190025 14.10225568193262
v -10.00930958987839 23.99373050840429 4.144454679694584
v -10.02635488693982 23.98616858085064 15.82814703206754
v -9.516131989487537 21.61009193335438 3.261083932627772
v -9.316370841359101 21.62355406329061 17.06874569036468
v -9.427880801670593 -21.24076201397769 6.805279149517167
v -9.762120000000001 -20.4119 7.259480267165101e-16
v -9.762120000000001 -20.4119 20
v -9.796922545990594 20.47312394520587 0
v -9.762084999999999 20.41215 20
v -9.762 -20.4125 10
v -9.792488296805631 20.48969931756046 9.978137328925746
v -9.826221842015338 -1.909200000223787 0.01688953105455272
v -9.802388378259071 1.975297554381556 0
v -9.800559642993887 -1.897585736127361 20
v -9.757349451239323 -2.153386374993679 21
v -9.78148 2.07912 20
v -9.793141926988064 1.968161984077329 21
v -9.13640044133089 20.633159837576 2.956392784544791
v -9.177118855093763 20.67344855650931 16.99913988181325
v -9.414414195620074 -21.72015149192672 1.813794993961998
v -9.503651971021425 -21.81116550398933 18.20537717881979
v -9.618114462040971 21.700912841716 8.46737095392157
v -9.489470767422439 21.96805077805865 11.99308528014083
v -9.37336 19.6123 0
v -9.37336 19.6123 20
v -9.372999999999999 19.612 10
v -9.371 -19.607 10
v -9.370900000000001 -19.6067 0
v -9.370900000000001 -19.6067 20
v -9.435526647776049 -19.57906676762918 5.818828329634353
v -9.343640000000001 -19.6258 14
v -9.418775677455823 19.58188510544712 4.154411070594849
v -9.378466576718219 19.60238307733445 15.92508465128738
v -9.145559999479145 -4.068450000178343 0
v -9.152222378993715 4.095700668427521 0.01885258805161471
v -9.117204285179206 -4.098989556839493 20
v -9.052683335899063 -4.210742169274998 21
v -9.144492835836417 4.039569721600331 20
v -9.13546 4.06737 21
v -8.96874 23.1362 6
v -8.96874 23.1362 14
v -9.076137145572686 -23.11250181051544 3.850898331509529
v -8.987248927966499 -23.08113036448762 16.08316006194159
v -8.545880896818391 -21.92346394084769 3.184954728036423
v -8.357279753174906 -21.85593890876244 16.62938057916244
v -8.391185 21.55565 7
v -8.391185 21.55565 13
v -8.898461067188142 22.33140529598382 2.125124011604627
v -8.82926 22.1569 18
v -8.874413177826073 -22.37500703605689 7.915279846087242
v -8.656432049923758 -22.08900269667899 11.72787679927376
v -8.880197689433274 23.30883855998753 2.137809320103292
v -9.023316357234709 23.43247402957257 17.58339618216091
v -8.837842433881026 -23.46807462026567 7.90103978704207
v -8.129069507322845 -21.1070802824744 3.000862896790627
v -7.998147603498222 -20.99496353843348 16.87035145998997
v -7.478762809660654 21.35037544919297 14.16976362752643
v -8.59776924195527 24.53468563533835 3.826731539955751
v -8.606466267128955 24.5318474938693 16.1598271080715
v -8.433648054944385 -24.58779862091649 6.426230740783762
v -8.66046279993204 -24.51377994558842 13.92431946204867
v -8.435804750551323 -24.58869138968211 8.327882528315577
v -8.90296711400751 -24.42147459487352 12.43007199096871
v -8.654724402631668 24.51533941214813 2.062617984200822
v -8.591101168414101 24.53821450246656 18.08789738647523
v -8.37158 0 0
v -8.352315761216047 0.04534358820209948 21
v -8.218532867119972 20.12002128283098 7.783057842237024
v -8.302500188995355 20.08771825324969 12.05882649657216
v -8.430945011438787 -20.02611436090876 1.809380331789281
v -8.108998264179817 -20.15468781901971 17.61045135991633
v -8.424019761924393 -20.03443560591451 7.768602492596894
v -8.529718683582241 -19.98723417074367 12.43024642647979
v -8.256134093466423 20.10078679997413 1.916014745764912
v -8.471196599482413 20.00714931508949 17.68853026584532
v -8.253802494415714 -0.2317524403354923 0.403182067364284
v -8.222177792453305 -0.2587646800767804 9.86473578165784
v -8.2838333221583 -0.2264815441939096 10.63840725318241
v -8.283605401581399 0.2229076977453147 0.2962905860530389
v -8.272540115464972 0.3122635151307747 10.25510808459755
v -8.276101523435342 0.2852114471659556 10.65374948756116
v -8.23576183124367 0.274387502420148 20.55040038612876
v -7.849165489607598 -22.51483834342043 4.703028090694007
v -7.599167566181787 -22.79551072086975 14.64134601344507
v -7.772681598171191 22.55206591974717 5.154288210675235
v -7.777312313153852 22.57183500583872 14.8632500381432
v -8.237640000000001 -0.577361 0
v -8.165636796426407 -0.6736037601603789 0.4054532642496407
v -8.190393356697861 -0.6356023394849195 10.12588642200195
v -8.237640000000001 -0.577361 10.7937
v -8.199642408778262 -0.585002427756278 20.585172250952
v -8.210816894517759 -0.7038922650382512 21
v -8.254593890831616 0.4485810874315156 0
v -8.237640000000001 0.577361 0.293684
v -8.219751284247716 0.6205491039278817 10.31953697622274
v -8.211028054126107 0.5978341238376669 10.85675241857695
v -8.178009642151034 0.6115768358461773 20.54822258673201
v -8.237640000000001 0.577361 21
v -8.156521447499058 -5.782826222603147 0
v -8.108125123397455 -0.4701220357069548 0.8297492103318148
v -8.04970855523581 -0.5574936888160893 9.476811368208313
v -8.142104007742242 -0.443604577949385 11.2159601759513
v -8.074835730355009 0.5139773512214387 1.012284870876716
v -8.130020929990632 0.4910006394761954 9.762229791728142
v -8.081201277277156 0.5142912612237103 11.38305971759375
v -8.128804726675286 0.4205017231560706 20.1059365115636
v -7.95069610663803 6.048121495318779 0.0003423985675639781
v -7.988742517423573 -5.990497253428319 20
v -8.165771204970405 -5.746905984870402 21
v -8.060893622954717 5.910364890251742 20
v -8.12515591763102 5.817253128172462 21
v -8.076914641079609 -0.9653874286623296 0
v -7.986513488094957 -1.152220952766491 0.2925282674802512
v -8.04215975173056 -1.04929338901141 10.2748644654928
v -8.013016256816801 -1.117681604998644 10.74985623378058
v -8.005470704078395 -1.070889325439992 20.60982104455549
v -7.911471430457237 -1.250018422652258 21
v -8.010356208651491 1.121158149002879 0
v -7.957316179884907 1.190280298702922 0.2687115987484918
v -8.067545689850512 0.9880137738493053 10.2502972736093
v -7.989516821080599 1.148316189841649 10.61629501314766
v -7.985980239364473 1.064276839067858 20.5325087486771
v -8.02870335613113 1.140846480434874 21
v -7.938671213455812 -1.071679082358207 0.6211329915637774
v -7.944955680405841 -1.041622607088112 9.857198730125068
v -7.922590703176738 -1.041624271137954 11.22054815922594
v -7.895723294035466 -1.046625143787586 20.19322333996445
v -7.921983914668673 1.071581043402168 0.6712014901792966
v -7.932303805636146 1.059951012074784 9.839596296651031
v -7.95359819218239 1.078148826704428 11.06011661444197
v -7.822842469337938 -0.9504410789385646 1.017803678150027
v -7.876087700418482 -0.8582206210431855 11.49356014852045
v -7.899163633476282 0.8182505901261952 9.399384369560476
v -7.807809842186964 -0.9764768086688546 19.86668712431382
v -7.76791 1.0455825 1.0141245
v -7.767910000000001 1.0455825 11.51415
v -7.741544640179916 23.49143638563372 4.081228362350941
v -7.929287995350835 23.83934341869053 16.11417258733357
v -7.708631489740561 -23.86809891995082 6.421344026908696
v -7.780956554870524 -1.420110035497643 0
v -7.658771974992371 -1.536722195240177 0.3913576435941223
v -7.66028 -1.57738 10.2063
v -7.66028 -1.57738 10.7937
v -7.703745448510801 -1.518675370343306 20.70158233042416
v -7.594626165821394 -1.627759231249176 21
v -7.736425266116434 1.519444931772888 0
v -7.675356487738807 1.522415540671308 0.374615066199069
v -7.751838537175273 1.458035883475947 10.20624416214548
v -7.72177375646084 1.497240891131681 10.71607208729388
v -7.695238445159284 1.469857927970872 20.56432031244815
v -7.66028 1.57738 21
v -7.65756 22.5886 0
v -7.65756 22.5886 20
v -7.65734 -22.5888 0
v -7.646915232285517 -22.37425248889834 20
v -7.657 22.589 10
v -7.645059086555729 -22.15141146705707 9.983847689953613
v -7.590414815143818 23.62073677092326 0
v -7.59017 23.6245 20
v -7.568961462920905 -23.74172717579186 0
v -7.591241727726108 -23.60691392912061 20
v -7.59 -23.625 10
v -7.578525855393308 23.68861614351558 10
v -7.555947549222908 -1.412712417429914 0.9174564387908326
v -7.5118537199427 -1.489084636994585 11.45243671061258
v -7.480115029514824 -1.550992566834065 9.714655470680455
v -7.519593037003412 1.488608199854399 0.8703891297378766
v -7.457689393258518 1.582899036313985 11.39270275166515
v -7.530775 21.3366 0
v -7.576393251031109 21.57068661167939 20
v -7.530869999999998 -21.33634999999999 -1.110223024625157e-16
v -7.541087248290868 -21.37447920199834 20
v -7.531 -21.336 10
v -7.530999999999999 21.33599999999999 10
v -7.5 -12.9904 4.99
v -7.5 12.9904 4.99
v -7.233584551406902 24.9694777608049 1.722724515226571
v -7.415779227617886 24.92040828775355 18.00004682346639
v -7.328063348421136 -24.94361022002295 8.132863633924533
v -7.296817771124308 -24.95202316742427 11.81959215922992
v -7.38681282564085 -1.724775090847318 20.519788805476
v -7.331068360340646 1.802217991930738 0.4943533453659165
v -7.35314 -24.9386 0
v -7.342794355076756 -24.91901264491032 19.97783159424204
v -7.353 -24.939 10
v -7.353 24.939 10
v -7.368433078334388 24.93377470518399 0.02398708742724742
v -7.353547593486347 24.93521281190582 20
v -7.369746112340755 -1.800320123683998 0
v -7.30228 -1.85209 10.2063
v -7.30228 -1.85209 10.7937
v -7.221978751396886 -1.991778425078915 21
v -7.30228 1.85209 0
v -7.30228 1.85209 20.7063
v -7.30228 1.85209 21
v -7.197667657134138 20.50839845462715 5.863271179420419
v -7.391184728592249 20.43831000272781 13.77488988119339
v -7.105225835697444 -20.53252653587429 4.30483140921581
v -7.053004591938985 -20.54954355329516 15.59861813733242
v -7.241 -20.495 10
v -7.24057 -20.4964 0
v -7.24057 -20.4964 20
v -7.239 20.49 10
v -7.23828 20.4906 0
v -7.23828 20.4906 20
v -6.725570178072761 -7.457853003886536 0.03337089962780304
v -6.695460000000001 7.440725 3.100799204634454e-16
v -6.749324586034555 -7.367017918974533 20
v -6.639220125412919 -7.469295242972965 21
v -6.69131 7.43145 20
v -6.548695885489094 7.535064490490212 21
v -6.410155325683966 -22.31089312709185 6.534364087815375
v -6.521668411565042 -22.42817521578018 13.51600408565302
v -6.08785463993466 22.4492660796332 2.866022400562374
v -5.7529545286415 22.7838832064816 17.9071761661297
v -6.40007135153837 23.80931823747504 2.002001559587203
v -6.604643910387114 24.13765202336403 18.09761433913337
v -6.533874264603905 -23.98007409229017 7.998510349623398
v -6.91262534354415 -23.77696180816515 12.70663752747796
v -5.692196522375213 -21.94204501987594 7.351754410849089
v -5.731259848973881 -21.75906256141836 12.80632303946651
v -5.88167 -22.37085 3
v -5.606238328241633 -22.71903606325314 16.55669666227176
v -5.595688674427021 22.73706880005486 6.540780544765826
v -5.64409180940613 22.57853425626463 13.39079885004461
v -6.136110547908673 -21.70910085568386 2.445887004926069
v -5.946980812493329 -21.82115015997896 17.20492678752214
v -4.663605367809191 22.2081683078338 4.955469805913691
v -4.271860175260566 22.08482257390566 15.66896447885689
v -6.272640151422484 -23.85340659664882 2.141023304474331
v -6.276705320374251 -23.92573600983069 17.87944775803638
v -6.263128918630652 23.66896340727913 7.808420417993971
v -5.984763680397609 23.83940279660867 12.61196236135315
v -6.326652047706169 20.79215491454357 4.253305449398203
v -6.19472880629186 20.835132412948 15.99053851318012
v -6.048332737262117 -20.86893509086701 6.254893944239851
v -5.981818850874684 -20.88681201075507 13.62402972736151
v -6.18034 -19.0211 0
v -6.18034 -19.0211 4.99
v -6.18034 19.0211 0
v -6.18034 19.0211 4.99
v -6.15795 -20.8473 2
v -6.15795 -20.8473 18
v -6.15672 20.8408 8
v -6.395637383985524 20.76335957949688 11.55849247147591
v -6.10141 25.2744 0
v -6.10141 25.2744 20
v -6.088444861917841 -25.27684853301644 0.0193150598484851
v -6.1013 -25.2741 20
v -6.114947874615116 -25.27024450096145 9.978776495967503
v -6.101 25.274 10
v -6.03788 -25.2893 2
v -5.883772854496459 -25.32184994333287 17.76857487854343
v -6.03772 25.2896 8
v -5.379142886225588 25.42874854623387 12.98897332078089
v -5.834371454586233 -23.19242537463295 8.14645305308467
v -5.787464627673558 -23.36750736584789 11.60419995496713
v -5.311983636501194 -5.299367805978603 0
v -5.204854463176966 -5.484917104912683 0.5146445792046077
v -5.25509 -5.39791 10.2063
v -5.25509 -5.39791 10.7937
v -5.25509 -5.39791 20.7063
v -5.240340192757102 -5.509948433963878 21
v -5.25509 5.39791 0
v -5.25509 5.39791 0.293684
v -5.269697794803495 5.372608612035441 10.12568959197655
v -5.254555019944252 5.401973668538902 10.65052425775805
v -5.207125 5.480985 20.5681
v -5.25509 5.39791 21
v -4.715386389369043 -23.44924657336083 4.850219696728128
v -4.497175491463415 -23.35340664722499 14.75805212762776
v -5.23904 -24.2545 0
v -5.23904 -24.2545 20
v -5.23901 24.2544 0
v -5.23901 24.2544 20
v -5.239 -24.254 10
v -5.239 24.254 10
v -5.19619 -5.84531 0
v -5.155160679177224 -5.896766280275207 0.3622492711209833
v -5.174429974799359 -5.897843592812191 10.2063
v -5.160266654695735 -5.92563533020465 10.80292087403743
v -5.15609281582238 -5.874887497556601 20.60947019182318
v -5.127222991264322 -6.011811863898956 21
v -5.19619 5.84531 0
v -5.133399994019913 5.941764733961253 0.37310361948596
v -5.198636251403243 5.826728457083006 10.20902945157447
v -5.157725000391118 5.938173156560799 10.75823988320115
v -5.168224468300853 5.83781583170552 20.59825828021707
v -5.174361682258475 5.922268979741232 21
v -16.8954248911344 -5.613218265130261 4.99
v -5.09061 21.1322 2
v -5.003975343706236 21.1506797766334 18.15568472311202
v -5.032388249715366 -21.13881762415636 8.102928594409086
v -4.906687320870424 -21.16563773875465 11.67112267266512
v -5.09383841350933 -24.53217956516767 16.14551005554636
v -17.19869551008934 4.654094654607773 4.99
v -5.05845 -21.141 4
v -5.091488456059124 -21.13217472074164 16.06009723703342
v -5.06851224721913 -5.721078370894435 1.009138823991399
v -5.03594874147728 -5.77748495146935 9.502884294763112
v -5.071935044646028 -5.715157453285882 20.0697588521572
v -5.039743156042062 5.782238712086187 0.883087430629665
v -5.078682676225037 5.735592917220822 9.713859671681154
v -5.102333546545025 5.662504801972288 11.33806616504853
v -5.089241693085163 5.68517826316531 20.12571731192959
v -5.307737707882326 21.06461110049239 6.391281074347253
v -5.027739880706881 21.14071751536735 14.05358367571965
v -5.007534999999542 -8.667070000000333 4.440892098500626e-16
v -5.002135 8.67019 0
v -4.914374252377256 -8.698372989722172 20
v -4.96477342478033 -8.675933861482456 21
v -4.853871233792558 8.725310634294072 20
v -5 8.66025 21
v -5.026483107794137 -6.255020590422602 0
v -4.995207131739503 -6.296675948407967 0.3424481654362192
v -4.974716994065756 -6.344762659351687 10.15554916306328
v -4.956447575882548 -6.405334805975866 10.67463436060155
v -4.932531028832663 -6.35976014963976 20.5304612536592
v -4.926867175506328 -6.505436159602732 21
v -4.984044339590866 6.357477317732639 0
v -4.905451399803484 6.458316085205763 0.3245712787880565
v -5.012355657324583 6.28523296579767 10.20069009866966
v -4.934442166609085 6.434013035471317 10.64909711321204
v -4.992542115197412 6.253357956476581 20.58587884283283
v -4.97334 6.38332 21
v -4.86055896886915 -6.343961780095324 0.7206728535153315
v -4.883853786363329 -6.359616403522988 11.11522028709189
v -4.856203796712419 6.357348560471167 0.7030048262646506
v -4.843517172986044 6.387878510679934 9.829061970511905
v -4.909735832508026 6.31968372898641 11.10652773608726
v -4.851840894387929 6.335436634555689 20.23378601967841
v -4.795020523950399 -6.194774512331671 1.011585953109717
v -4.789455 -6.204415 11.51415
v -4.789455 6.204415 9.485875
v -4.789455 6.204415 19.98585
v -5.248946061337481 -25.45634020054343 1.280676040361383
v -4.803895631357427 -25.55149560011695 18.05062824935381
v -4.889739602482374 25.53306831580893 8.180061005908458
v 9.886264732218633 -15.03324246571223 4.99
v -4.691413893783867 -6.374232029720049 9.443385554376846
v -4.726459999999999 6.31353 1.0141245
v -4.774961720664542 6.229523060927344 11.62040712596123
v -4.498831168112659 -25.60316407666859 4.308225997809717
v -4.618077305352038 -25.58442656343262 15.86912859978588
v -4.70588 25.571 6
v -4.668741034929952 -23.39960158532039 10
v -4.72708762737 23.50195042003809 10.01452546419101
v -4.66297 -23.3912 0
v -4.66297 -23.3912 20
v -4.66288 23.3909 0
v -4.761277823400624 23.53837803535042 20
v -4.63525 -14.2658 4.99
v -4.63525 14.2658 4.99
v -4.663267955424269 -6.787416881087792 0.02149972135861691
v -4.650654965589841 -6.743977716478726 0.4308913944815644
v -4.673266901362721 -6.738401767883762 10.12384243629517
v -4.622880671020711 -6.84005102192243 10.7937
v -4.666280653148585 -6.755271959877244 20.64164154353152
v -4.482414317311581 -6.95000515485974 21
v -4.533938980232889 6.910468996229779 0
v -4.604062420926336 6.830561047070249 0.3716302746093522
v -4.70952085539354 6.727138462101578 10.20714034681623
v -4.622337135915426 6.833091643979045 10.81126935332662
v -4.643794067029507 6.797483987138685 20.67121646332854
v -4.52209410729559 6.919557862587157 21
v -4.46202368441188 -6.771545713124281 0.9406204728786798
v -4.515715502886596 -6.732127567649278 11.361
v -4.483977839018745 6.774703393502703 9.686377745567398
v -5.802520712371673 -4.449733841349785 13.1652865344604
v -4.478139585541333 -6.756555709853115 9.629609139864204
v -4.446165208914206 6.824851188009118 11.25050532310908
v -4.321860694135998 -7.014315273636076 20.53045891035722
v -4.337059853517494 6.987989770800375 0.51333050308518
v -4.373433667140056 22.82809671576784 10
v -4.381851709634205 22.80542645921019 19.97057739060237
v -4.339558064840717 -22.76239111811206 20
v -4.329851827552123 -7.067070157406654 10.32141108712681
v -4.316491191062474 -7.027321684624314 10.94300851358363
v -7.26368990004814 -1.918922953428544 3.635432473763988
v -4.311823942588664 7.080903403065467 10.31745865797475
v -4.332913225767525 7.052891701495979 10.82903195568077
v -4.335822568727203 7.023288870922897 20.58924521482218
v -4.18579 -7.25 0
v -4.18579 -7.25 21
v -4.18579 7.25 0
v -4.18579 7.25 21
v -4.159201008514711 -22.28989603143894 10
v -4.146500000000001 22.243 10
v -4.146265 -22.24325 0
v -4.146265 -22.24325 20
v -4.180898970582452 22.35640548593606 0
v -4.146224999999999 22.24355 20
v -3.628987635884267 -23.34512124386492 6.687634559273103
v -3.447405101747419 -23.30886230235128 13.00731020411506
v -3.524630015004869 22.90112869037084 3.034421000989071
v -3.639773973475756 -22.27993440552352 6.779303641439776
v -3.421624385167818 -22.28344380005672 12.84936017348507
v -3.954901520973672 -7.270979431618229 10.16284107618396
v -3.933444163027349 -7.292364093657641 10.66699411313825
v -3.930737444225358 -7.280257032990288 20.66029842182699
v -3.900941539958474 7.25 0.4878387185979082
v -3.923848755126408 7.296338646895543 10.29396482187924
v -3.889348589119566 7.310629102072252 10.74081588529321
v -3.91403125060064 7.25 20.530981937274
v -3.447147395038682 23.80096000845255 3.157029636859148
v -3.362646299343116 23.94948242541873 16.91508622875814
v -3.978 21.37 10
v -3.97766 21.3696 0
v -3.97766 21.3696 20
v -3.984767912120399 -21.36111608744709 10.0419590970243
v -3.97683 -21.3637 0
v -3.97683 -21.3637 20
v -4.026007601891068 -24.69866882483045 2.128052750840222
v -3.953247934694162 -24.75200491826099 17.71234279634893
v -4.056338297398011 24.54371067513063 8.073462488607534
v -3.772988890932122 24.52049366304454 12.29434920120224
v -4.068161255085238 -21.35064562870626 5.778919208368832
v -3.94509 -21.3767 14
v -3.94453 21.3702 4
v -3.956776730772282 21.36760547953235 15.97799388916331
v -3.903782771348272 -24.58601711160038 5.790350330429356
v -3.675003626547457 -24.46073942130396 13.77692211616821
v -3.974129519809304 24.6437110635955 4.36081035387357
v -4.210319256717206 24.68528652336895 15.22035363924267
v -3.639446795195339 -7.280555945424631 0.7582628060725443
v -3.700960136534573 -7.25 9.66236693895493
v -3.612282818120603 -7.256463267919754 11.37036297517172
v -3.621741620237791 -7.25 20.05063839490511
v -3.551500612637124 7.25 0.92139039487031
v -3.632517472226967 7.270517851679696 9.696840723272874
v -3.529935249211652 7.25 11.49434542704147
v -3.570583082267126 7.278246831997096 20.14357838482804
v -3.635687628424913 -7.415699048349288 -1.040834085586084e-17
v -3.542794298875936 -7.416201763705431 0.3552482494907596
v -3.572624356858577 -7.428770384396529 10.30139386995789
v -3.487335712903521 -7.439998716506518 10.77419802274187
v -3.615841835401619 -7.411611065337412 20.66349776876814
v -3.61881 -7.42269 21
v -3.595338985640808 7.425779981643069 0
v -3.540086469719915 7.413180407001378 0.3678543637207834
v -3.586426773110677 7.426953283005157 10.26603609676108
v -3.464636399175987 7.437778927392189 10.81313558763768
v -3.578183328017514 7.401683102524964 20.60794765381631
v -3.61881 7.42269 21
v -3.196339780787991 23.91107217142368 7.368507460534101
v -3.128596774993569 23.93013371803494 12.75061764126649
v -3.291472443387508 -23.88761392981861 17.53310506092865
v -3.928284858787271 -25.69317542800694 3.252682142589131
v -3.304086540726171 25.78623209349314 5.82026277285426
v -4.196995066662024 25.65016566185403 12.85242928102543
v -3.093731480672122 -25.78818021931367 6.406819047014348
v -3.168039108151743 -25.80197468047881 13.71444266744231
v -3.366802539146549 25.78131222604705 4.008406950312031
v -3.692008890553256 25.73023611305998 15.50791773731045
v -3.10445 -7.25 1.0141245
v -3.10445 -7.25 11.51415
v -3.105727010380981 7.25 9.444777605057601
v -3.150964481675701 7.25 19.90349075520984
v -3.420739769181349 22.92558593775935 8.452392467397104
v -3.10954436426959 22.87728635332443 12.00471125466484
v -2.368498412758576 -23.15743683241244 3.366481813567469
v -2.512081864405127 -23.27665896020981 16.77652508239605
v -3.096125 -9.518799999999999 0
v -3.102229760013704 9.523284154226534 0.006611754968987516
v -3.206291631128964 -9.458859385722672 20.00607038266597
v -3.195040692877354 -9.450813905936458 21
v -3.09017 9.51056 20
v -3.091420915104187 9.510003057433257 21
v -3.187177555377053 -7.47951482699839 -1.387778780781446e-17
v -2.967049427567715 -7.487750964158746 0.2979913254152799
v -3.015064948011412 -7.495226382496791 10.24070991289573
v -3.03122851266472 -7.497354331348977 10.74778757031298
v -3.141334463268083 -7.485550114221618 20.7063
v -3.062212227770959 -7.495966632719845 21
v -2.972660522305824 -7.39805113276358 0.6355170849200962
v -3.145041249573786 -7.388440778727182 9.845708318956559
v -2.994190608512419 -7.393002378003071 11.16491869070224
v -3.095437901274253 -7.373520942119035 20.26568717796671
v -2.947980187094262 -7.25 19.88742827049224
v -2.907077213975266 7.25 1.124487367091217
v -2.978455 7.25 11.51415
v -3.012358305835543 7.379473001828228 0.7243573511707238
v -3.008816588897484 7.391488776861956 9.822220287583123
v -3.047787482007828 7.395663677794946 11.17509183657244
v -3.092309953423523 7.492004238153454 0
v -3.030211470000375 7.488267495900506 0.327097243391172
v -3.105860992357786 7.490220230828053 10.28678909648426
v -2.899988431531238 7.474845415959151 10.81322082326311
v -3.094521617546877 7.476737141194683 20.65041332569475
v -3.006436405094875 7.494090426512508 21
v -2.501920733709955 22.3292019126636 7.228185031365319
v -1.247219313836496 -22.63753956668414 4.944970838977529
v -1.463244134121919 -22.61608226462765 15.42082524370952
v -2.901559932534846 21.54135000317609 8.084404659853622
v -2.69813867493861 21.56541299880035 12.27567610685056
v -2.85329 -21.5425 2
v -2.893542432730956 -21.53609423342979 18.07165286991287
v -2.737244100264114 -21.56262944205706 8.147831364217801
v -3.067040070515929 -21.51272688496604 12.38843208416933
v -2.992718359752535 21.51777102954524 2.252266915688896
v -2.699712924900981 21.55992721136933 18.21383931192771
v -2.5408694225798 -23.53018783336671 8.454092597117853
v -2.665852142694893 -23.94297168575823 11.91209495131545
v -2.655528418254339 24.89477825057373 5.746691055446934
v -2.508712825741085 24.68244541789122 14.2569758548252
v -2.74925825939582 -24.80530983580519 4.026862897774097
v -2.669352344083034 -24.669667342003 15.99119883233525
v -2.487696631860471 -7.255665376572789 0.8830888149461051
v -2.396544751630726 7.25 9.650052185387052
v -2.487693405473955 7.255673164832696 20.11693871266066
v -2.553891483072067 -24.84658001640133 7.824838166676484
v -2.687492138023458 -24.97665979891939 12.48103817320411
v -2.435330153866022 24.76534218462637 1.932672463711296
v -2.393818003784268 24.69984552121673 18.17970224913
v -2.447906324715873 -7.25 9.59255350164946
v -2.470624595160426 -7.256463477252975 20.12963689543957
v -2.456563719404713 7.25 0.8714180283557171
v -2.442466217026324 7.25 11.47736178276384
v -2.648641879952843 -7.446986432719994 0
v -2.513565662939527 -7.421002284995257 0.3242918327260228
v -2.563321218177798 -7.43575388543317 10.28896604664503
v -2.50841755078988 -7.427951936768646 10.79584138016912
v -2.594745975894526 -7.431464651134962 20.67485515988
v -2.46409 -7.42269 21
v -2.574915279930472 7.465563621911732 0
v -2.51923172991583 7.415053627850917 0.3492765873403676
v -2.573608374554928 7.437108199476791 10.25650288967744
v -2.441694029981928 7.41341327345849 10.74248504618032
v -2.575832823298806 7.416601358080579 20.62868083545684
v -2.46409 7.42269 21
v 17.57251151685052 2 2.522400663792059
v -2.03851762971564 -7.25 20.56540882137568
v -2.157110569810381 7.25 0.5097841675062883
v -2.09057 -19.8904 0
v -2.09057 -19.8904 4.99
v -1.988687315830181 19.8904 0.01756493038995207
v -2.09057 19.8904 4.99
v -2.118990928617131 -25.91235216602909 5.931232328409862
v -2.459980440151859 -25.87610107394678 14.57260494862011
v -2.002707437816241 25.9209300473642 3.897806921528677
v -2.151814329593924 25.90873183209693 15.88230482414072
v -2.02475803078466 -7.25 5.551115123125783e-17
v -2.04718 -7.25 0.293684
v -2.037893463414223 -7.25 10.95884364281919
v -2.04718 -7.25 21
v -2.04718 7.25 0
v -2.04718 7.25 20.7063
v -2.04718 7.25 21
v -1.583306158915836 -25.944183063457 8.6239730491223
v -1.924211283679142 -25.92675450430276 11.87756822150334
v -1.695348563386077 25.93874353129486 1.541193344032904
v -1.697438482178976 25.93863668677429 18.45573199350474
v -0.7340137116088544 23.1050522696243 4.039573672307942
v -0.5624836651764227 23.07683065838358 16.23796525679807
v -1.752225 22.55815 4.728337107567533e-17
v -1.752225 22.55815 20
v -1.752 -22.5585 10
v -1.745169999383678 22.396597335863 10
v -1.747929199350224 -22.66835232151053 0
v -1.742232281140214 -22.72491357928142 20
v -1.619881833080363 21.67415944166158 5.81952258969978
v -1.545031262561026 21.67814432345286 14.31220903976377
v -1.601028683313923 -21.66792511632006 4.194170914559212
v -1.687844702303012 -21.66320957297055 15.96078253524452
v -1.707 -23.076 10
v -1.707 23.076 10
v -1.70664 23.076 0
v -1.68913 21.6654 0
v -1.68913 21.6654 20
v -1.691903906341896 -21.67169701536432 9.994869015483747
v -1.68851 -21.6714 0
v -1.68851 -21.6714 20
v -1.688 21.665 10
v -1.56793 -14.9178 4.99
v -1.844484569035576 14.87707879227093 4.99
v -1.55 -23.801 10
v -1.524098760817749 23.87745921356202 10
v -1.54381295967441 -23.81882164658105 0
v -1.54992 -23.8008 20
v -1.486470904527307 23.98768356189965 0
v -1.581117152359779 23.65568675131472 20
v -1.28978432689727 24.9114257709786 3.737922761972527
v -1.352738776383896 24.90087524460372 16.15714071067786
v -1.46229549847728 -24.95764800283482 6.04308233282859
v -1.344844233211539 -24.77280235852842 13.94760008764767
v -1.153091731741192 -24.93280243765265 9.990104740413955
v -1.169237846058629 24.88540014404425 10
v -1.21691 -24.7835 0
v -1.21691 -24.7835 20
v -1.153950879548696 24.91777286577729 0
v -1.21678 24.7844 20
v -0.9371714691491577 -9.955159999999999 0
v -1.121711267477407 9.939137417578229 0
v -1.082422404689075 -9.937327130480933 20
v -1.011138828703137 -9.945220000000001 21
v -0.9545001457341925 9.945220000000001 20
v -1.046226061698356 9.945021030584774 21
v -0.1887915264812614 23.84269417067794 2.786408252625776
v -0.1532870811167459 23.90925270356558 17.31889344783303
v 0.02312121176982401 -23.24303810374871 7.27824615005194
v -0.1508410510479682 -23.51837302854954 12.86682140545684
v -0.6126029398710542 -25.99042564009672 8.147811878497192
v -0.6247223970324286 -25.99041050417501 11.86999508821959
v -0.7129180000000001 25.9902 2
v -0.8886806329375779 25.98076042102551 17.74138139795919
v -0.648279 -25.9919 0
v -0.648279 -25.9919 20
v -0.648 -25.992 10
v -0.629882555393797 25.99197737322559 9.973380265402977
v -0.647764 25.9923 0
v -0.6525011378638217 25.99205781966953 19.99303078185699
v 0.1599001461942072 22.663672423815 2.683744784383503
v -0.181575752829393 22.45576531431032 16.72595158223115
v -0.3975552273683491 21.72934904658729 3.668785361563044
v -0.5571411754868912 21.72785720992693 16.02159469915292
v -0.585856 -21.7228 6
v -0.4090667646860363 -21.72293985457454 13.68921205657465
v 1.509748447808357 22.70219488651542 4.531576126965327
v 1.30271061920815 22.60410649061151 15.15391333350157
v 0.113657190365013 -22.35592963881398 16.84532174929509
v -0.6795160912944087 -21.7235139687895 1.775603706626951
v -0.6465070523494504 -21.72521886711496 18.16630776439665
v -0.8969035062084035 21.70319785160532 8.546430604973901
v -0.5774717422359026 21.72237512342388 11.95485940115422
v 0.1746440608140628 23.55231401212603 7.109926698606996
v 0.1759970146872916 23.31437362828226 13.01127881723723
v 0.6791764314736723 -23.06023217778672 3.964168471270059
v 0.590999154239563 -23.03024376320653 16.17368647972964
v 0.6589015189412546 24.00198813368458 13.4182760459511
v 0.5484747797340079 -24.01779530131256 3.230672142561978
v 0.4878450983663964 -24.03593510151245 16.87914148663818
v 0.1441150478032974 24.82718565953353 1.636050628400119
v -0.08182499999999999 24.8132 18
v 0.02491190690271711 -24.70460591267174 8.102938053233549
v -0.03034891315285093 -24.91608494817513 11.83417872036729
v 0.04187246333620699 24.65240517070235 7.962938263062541
v -0.1390798645268487 24.71503244383041 11.70913753947377
v 0.08981222910417502 -25.03697616991498 1.825385215402823
v 0.001878969690032872 -24.88229963205841 18.18240641599155
v 0.6822899365063035 -21.71695972152727 8.229651736719974
v 0.6909185076508139 -21.71651392887776 11.75515941661859
v 0.8717818887357122 21.71358354831749 1.437258886456211
v 0.595447347210645 21.72785607221307 18.07645409836208
v 0.3270983073411367 21.7230046982496 6.454884999101443
v 0.479608954380336 21.72070985718602 13.86304472998114
v 0.5961146186909564 -21.72866258442745 4.017765804051278
v 0.4746770197953246 -21.72928805513618 16.19567808039682
v 0.6607243436911598 -25.99163741841416 0.01906709599522142
v 0.647764 -25.9923 20
v 0.648 -25.992 10
v 0.648 25.992 10
v 0.648279 25.9919 0
v 0.6482790000000002 25.9919 20
v 0.9296904924209086 -25.95795338650772 2.334761812373176
v 0.6179611707217234 -25.9903185916585 18.13951959823343
v 0.7132039999999999 25.9903 8
v 0.5751788333700611 25.99047237885231 11.79720135023121
v 1.04529 -9.945220000000001 20
v 0.8698279319672543 -9.945220000000001 21
v 1.079538325319062 9.963971937246239 20
v 1.043304534513281 9.945220000000001 21
v 1.047765148132755 -9.968814377932391 0.01372965717493901
v 0.9504817656389841 9.955159999999999 0
v 1.21678 -24.7844 0
v 1.21678 -24.7844 20
v 1.21691 24.7835 0
v 1.140335804210001 24.94622812807011 20
v 1.253137715596983 -24.6773231999044 10
v 1.217 24.784 10
v 1.412635576918274 24.92480553482556 6.08810257748974
v 1.1736941948264 24.93823866859247 13.53802468750698
v 1.503878291884547 -24.87423515599607 4.088056085398455
v 1.395288758361578 -24.88926117347988 16.08210658195529
v 1.522162778795719 -23.88224321349007 0
v 1.54963 -23.8011 20
v 1.570453508623897 23.70601787911641 0
v 1.54992 23.8008 20
v 1.520572860730164 -23.88786750120795 10
v 1.471814894328349 24.031798675301 10
v 1.56793 -14.9178 4.99
v 1.56793 14.9178 4.99
v 1.688 -21.665 10
v 1.68851 21.6714 0
v 1.68851 21.6714 20
v 1.699772426049426 21.67087603827474 10.01903406816695
v 1.68913 -21.6654 0
v 1.68913 -21.6654 20
v 1.70664 -23.076 0
v 1.707 -23.076 10
v 1.707 23.076 10
v 1.612549682264277 21.66812489276492 4.19255843850968
v 1.645123046488981 21.6663902447265 15.86478529829744
v 1.740270822002741 -21.66681139836005 6.031529242737017
v 1.685037900850971 -21.67069067413919 14.06580740955998
v 1.7517 22.5583 0
v 1.740709450308545 22.74003284623179 20
v 1.752225 -22.55815 4.591942767926163e-17
v 1.752225 -22.55815 20
v 1.739068642981409 -22.31851904065272 10
v 1.73671107632719 22.28694276155045 10
v 2.497411324336278 -22.38173743384889 7.213524460961177
v 2.38915833984115 -22.49179520069362 13.00085696888011
v 2.47011884130118 23.08774517955041 3.156039528660334
v 2.414790388619963 22.98728123168006 16.82285983028777
v 1.853108787382407 -25.93067823442558 1.7732882179688
v 1.965683743642364 -25.92492297863751 18.0610929104321
v 1.528920857188159 25.94696347765271 8.703984968423295
v 1.88400256910011 25.92881014943582 11.81841296587557
v 1.88600397921112 -7.25 0
v 2.18209776156859 -7.25 0.4880306938521455
v 2.04718 -7.25 10.2063
v 2.04718 -7.25 10.7937
v 2.04718 -7.25 21
v 2.04718 7.25 0
v 2.04718 7.25 10.2063
v 1.992086068733353 7.25 10.86678922076034
v 2.162584908899512 7.25 20.49466829460855
v 2.014290932134412 7.261756131339955 21
v 2.181170229310199 -25.89234695209673 4.172223227983638
v 2.201490567318051 -25.90345067884405 15.80890450095961
v 2.016565176603348 25.92030136407093 6.082229152628225
v 1.94520399017501 25.92413390550145 13.81276971228903
v 2.247820417333557 -19.8569756783907 0
v 2.09057 -19.8904 4.99
v 2.09057 19.8904 0
v 1.941050292647923 19.8904 4.99
v 3.054571994953008 23.9069250821213 2.841104911416415
v 3.104262968980069 23.6661359969608 17.44930808283338
v 3.182256529915763 -23.93970780058237 7.321652113311231
v 2.812425 -23.67665 13
v 19.17145733412778 3.258254538012932 20
v 2.470624912652075 -7.256462710851471 0.8703887556320785
v 2.472176109313554 -7.280988504094217 11.29809474820222
v 2.366497866716839 7.25 0.9438899856463038
v 2.470624701096968 7.256463221529949 9.629609553010784
v 2.375764198825652 7.25 11.41954869393065
v 2.46409 -7.42269 0
v 2.46409 -7.42269 0.293684
v 2.46409 -7.42269 10.2063
v 2.46409 -7.42269 10.7937
v 2.46409 -7.42269 20.7063
v 2.638203286370517 -7.445612181822473 21
v 2.555051249118827 7.476016157115687 0
v 2.549092154041553 7.417120642589481 0.3562339120834362
v 2.473356649067152 7.423909963273511 10.30262056320557
v 2.651690200432899 7.447387747046738 10.7558759904058
v 2.507274801940375 7.403266057550926 20.61259889874999
v 2.619617666657146 7.447779421875294 21
v 2.425504454198717 -24.64862053184994 1.846282952933158
v 2.444416865344195 -24.87779659403781 17.9832490988199
v 2.381409743301641 24.88961696894791 8.072068914314716
v 2.422123814232248 24.87348414870331 11.97920481194071
v 2.634003455366233 24.8747475392059 4.264583964744734
v 2.654598928952655 24.40568981463436 16.1711396229271
v 2.797344279960992 -24.75888800406761 6.081941251075419
v 2.4818182609103 -24.73692418170206 14.35050141181286
v 3.051699098500326 -23.74692376123564 2.464342783687699
v 3.827586369889575 -23.70553385846292 16.25107480157609
v 2.7934023962003 24.0240762110278 7.840346721070344
v 3.047317718478958 23.52655657932762 12.38849249430064
v 3.096676823154303 -21.50130418493133 2.435396093881252
v 2.602086380996774 -21.57011632457937 18.38638991667016
v 2.82091 21.5539 8
v 3.08740638814454 21.51189323953529 12.47411693526755
v 2.885562809708937 21.53736410953241 1.942551560765193
v 2.857201226901017 21.54187756789264 18.00696232782281
v 2.651756097990625 -21.57032298618072 7.642354153911151
v 2.743810015863745 -21.560578301758 12.19496330146904
v 3.596777065390683 -23.04214007709708 3.197213330180354
v 3.5107 -22.86315 17
v 3.535018733021767 23.22747952909836 6.863217553318386
v 15.16298417295772 -2 0
v 2.978455 7.25 9.485875
v 2.978455 7.25 19.98585
v 3.513880096775066 22.34400048932667 6.999145254056931
v 4.376847388304611 -22.23926987212673 4.469827948430753
v 4.484937970799654 -22.24590574340303 15.35183830132758
v 2.933899277907417 -7.484540843864734 0
v 3.122210397890492 -7.476511535446498 0.3368132060866029
v 3.030900780868274 -7.497311185142368 10.26876643303481
v 3.092946342363049 -7.49192045693672 10.78034720979263
v 3.017971916493137 -7.480547746572377 20.65009490317127
v 3.177999197569652 -7.480723166642529 21
v 3.117301994662048 -7.372513039909083 0.7273577681786543
v 3.037501991112179 -7.393733190669299 9.81650267440455
v 3.04145 -7.34668 11.361
v 3.070724541429702 -7.383267952930242 20.28991899659524
v 3.10445 -7.25 9.485875
v 2.998321963475287 -7.25 19.84208913486841
v 3.10445 7.25 1.0141245
v 3.203425424094942 7.25 11.49716123558236
v 3.035514777354637 7.399148750249728 0.6623031418469782
v 3.109699636936242 7.378649362483095 9.791802533928438
v 3.002732161895313 7.390314615206258 11.17914510038359
v 3.126283915302068 7.396987967768901 20.36841442733166
v 3.109548830724068 7.489734723355729 0
v 3.173237720744058 7.4754202087471 0.3158147773447639
v 3.014885721696175 7.495202787179795 10.2619479600191
v 3.169989843599559 7.469523251286249 10.8394303923217
v 3.055890547600201 7.494987051775844 20.69953868773075
v 3.206681130185519 7.476947162592834 21
v 3.131700320680941 -9.52666357509858 0.02176894554165507
v 2.961157617428728 -9.556809777028455 20
v 3.165077637038413 -9.477209014388645 21
v 3.09017 9.51056 20
v 3.070766939773036 9.514684317396743 21
v 3.165973765741632 9.517143678394811 0.02704901905596066
v 3.466039293840135 -22.87220325690593 8.564677711459792
v 3.12837 -22.9271 12
v 3.263011161670286 -25.79239123496547 3.855032219552249
v 3.447298029001826 -25.76866980157713 15.87187312099555
v 3.448194588719593 25.75623650479892 5.876285459632691
v 3.218473906072452 25.79673719777107 13.78894455517675
v 3.283790749523049 -25.78838976864413 5.790274237051721
v 3.642464453506224 -25.73869781893478 13.67751928177801
v 3.722262691925506 25.72608244881161 3.559221693634028
v 3.31452598059112 25.78525309174475 15.83525932251914
v 3.508021444752819 -7.25 1.024289897147126
v 3.536445058327659 7.25 9.485289387970822
v 3.754422877534712 7.25 20.14497571787845
v 3.612282505959924 -7.256462514386818 9.629608741085244
v 3.632037242344812 -7.25 20.03961161608529
v 3.716340655057289 7.25 0.8966063559018949
v 3.669789860750453 7.265569488584362 11.26665161418701
v 3.604033946740283 -7.424635281641041 3.469446951953614e-18
v 3.565082772411081 -7.401329305586918 0.3998026412129648
v 3.572423393240215 -7.428796841450414 10.28247975517641
v 3.61881 -7.42269 10.7937
v 3.535383010336493 -7.420234706703448 20.65615051556014
v 3.68061580011252 -7.397089166195507 21
v 3.61881 7.42269 0
v 3.555667456627364 7.394145022336067 0.431241633295917
v 3.551636358287904 7.431533474619885 10.32372764833154
v 3.632063356317388 7.417200272954715 10.7937
v 3.61881 7.42269 20.7063
v 3.727319136342806 7.377743985860164 21
v 3.943898318386617 -24.53290649081777 4.245743266693198
v 3.769006795020307 24.47707228014139 6.066932198915213
v 3.709090621185995 24.48511602940374 13.84019815263849
v 3.892734165248014 -7.25 20.50034376271473
v 4.107378697878452 -21.33569983112788 4.292622297473477
v 3.94453 -21.3702 16
v 3.991735019942317 21.36682517855823 5.916208557982473
v 3.94509 21.3767 14
v 4.250107620911514 -24.58452763073425 8.286332049308555
v 3.984256834155971 -24.56663241761146 12.04600469852937
v 4.041569535039545 24.42534166254386 1.829942313128772
v 4.036167513424435 24.56299316347545 18.02887802934908
v 3.97683 21.3637 0
v 3.97683 21.3637 20
v 3.977 21.364 10
v 3.97766 -21.3696 0
v 3.97766 -21.3696 20
v 3.978 -21.37 10
v 4.472814078610591 23.30035894005414 5.287104201414387
v 4.671886134451159 23.30133563961154 15.04172011201033
v 3.867610602251265 -7.25 0.5976269888212649
v 3.91187786083232 -7.286331867104306 10.15425563345332
v 3.916621260066383 -7.273717342920606 10.88277712810757
v -15.66186185415336 6.651742913852714 20
v 3.915627125176627 7.299744161937225 10.57043381377538
v 3.843623332935461 7.291714758692952 10.92536416843473
v 3.944970693954461 7.269639140675783 20.64387653850183
v 4.146265 22.24325 0
v 4.146264999999994 22.24324999999998 20
v 4.102506870401361 -22.07154924809281 10.01035917410684
v 4.146500000000001 22.243 10
v 4.146224999999999 -22.24355 0
v 4.117994768702244 -22.12242582916045 20
v 4.18579 -7.25 0
v 4.18579 -7.25 21
v 4.15591932946336 7.250574528599265 0
v 4.18579 7.25 21
v 4.342392709253381 -7.005423217558197 0.4490535555899213
v 4.3173226893795 -7.022173307330522 10.04351782140214
v 4.365023865747744 -6.981108920767612 20.53019767498618
v -7.22796908612124 -16.23097979150562 4.99
v 4.356811125219459 7.046383616074865 10.3500351071747
v 4.33104602225883 7.048540902892849 10.84629497824027
v 4.318092017074367 7.020845320161514 20.54128399333519
v 4.32367 22.7315 0
v 4.32367 22.7315 20
v 4.32394 -22.7317 20
v 4.324 -22.732 10
v 4.324 22.732 10
v -4.003256763650169 17.46957428989467 4.99
v 4.429499119027559 -6.827882686479131 0.8757929683741015
v 4.49295752061449 -6.7179617563211 9.5571610356667
v 4.491868983502913 -6.783377729877658 11.26960187220592
v 4.452716523984233 -6.78766479103754 20.06822683093199
v -15.07754317637752 9.269366895801134 4.99
v -8.214134154680911 -9.082657250503459 2.23885515851438
v 4.44669508206297 6.798096497591473 11.44480162602108
v 4.452069827036877 6.788788437509033 20.06555347348982
v 4.486209809077594 -6.947092779386872 -1.387778780781446e-17
v 4.633473371919235 -6.816699387401474 0.3155611292514424
v 4.605852178322582 -6.819936316282937 10.10935430674603
v 4.652646813447601 -6.80125872984986 10.70725439597182
v 4.60974431496156 -6.815259589001013 20.6102679308503
v 4.642587061198483 -6.814368955616734 21
v 4.61883 6.84533 0
v 4.626968110907016 6.791536190684016 0.3926497874833711
v 4.608943176949866 6.85291640585487 10.26903169311462
v 4.674453062894766 6.772840052500604 10.78389458823809
v 4.615771325811852 6.780564175024156 20.54876604961179
v 4.579744638634999 6.875321172371105 21
v 4.617522788835017 -14.26956815646218 4.99
v 4.63525 14.2658 4.99
v 4.633250319237254 -23.33327361905115 0
v 4.698674943201251 -23.4445492344684 20
v 4.76942901342328 23.55073975434985 0
v 4.79249080658046 23.58530021754459 20
v 4.663 -23.391 10
v 4.788156102446202 23.56244105648075 9.985375512460728
v 4.75021987307987 -6.272376285584703 1.121979444486946
v 4.670087847672811 -25.57662142777472 5.946766782436343
v 4.786693373747382 -25.55392521370997 13.87864402068209
v 4.70607 25.5706 4
v 4.678303350997294 25.54813784215832 15.94653876139318
v 4.789455 -6.204415 9.485875
v 4.698304477474454 -6.362296704620821 19.94113604939728
v 4.760265456540052 6.254976864894763 1.071346491024824
v 4.789454999999999 6.204415 11.51415
v 4.709394744776169 -25.56397132889868 7.913977211410847
v 4.7699 -25.5587 12
v 5.100624499753813 25.48805255605895 1.503531665909679
v 4.744441063660751 25.56281436238602 17.96167338252429
v 4.859586245659892 -6.372289243723394 0.6586680617313591
v 4.847504449083052 -6.359572575344439 9.776108394097394
v 4.909469491547412 -6.280032318672444 11.16456517576603
v 4.865350984897659 -6.336161280369703 20.27578803292569
v 4.896165772836375 6.33303406467562 11.13448599784808
v 4.877457976954384 6.309985433325834 20.26726396734069
v 4.88814845990074 -6.494344635246564 0
v 4.972446481383735 -6.382804153501274 0.2975343825080716
v 4.907482543844015 -6.469147771624572 10.2063
v 4.910959856544186 -6.464616014436888 10.77053058659603
v 4.951994435305988 -6.386277043542095 20.64933662427331
v 5.004062269151298 -6.365344910278114 21
v 4.97334 6.38332 0
v 4.960824683810467 6.345361292455837 0.3918868432693322
v 4.893487790976829 6.475497859678382 10.1790578250852
v 4.997171731685116 6.325784841983804 10.68585944704451
v 4.888818992025271 6.466211853681677 20.6438406453373
v 4.997486662935327 6.354893447843786 21
v 5.085245413600623 -5.692102991116719 0.8977240397347961
v -7.445326349222778 -17.55267208063389 20
v 5.031304432043612 -8.686972599145848 0.03023981951459482
v 5 -8.66025 20
v 4.924581728325599 -8.693828334504882 21
v 5.261737917215239 8.504855722386733 20
v 5.053549750552476 8.621344102512914 21
v 4.945673215829214 8.695323975957718 0
v 5.09515981230474 -5.674929487434684 9.562901005286653
v 5.063940322145304 -5.728997479971074 20.13056209762117
v 5.045737836357384 5.766987379654601 0.8761817223620801
v 5.048970418754397 5.76785255515851 11.37036274147854
v 5.106536684949149 -21.12798968682215 6.086391921757728
v 5.154843319708098 -21.10841435399187 13.82298606261491
v 5.184293904847069 21.10736603670193 3.771458756692812
v 5.095554154896834 21.13108868549959 16.06749277834804
v 10.21792788739859 -10.6674887536727 20
v 4.782652832127261 -24.37259010547674 14.44631780494016
v 5.215152362175766 24.36657372584586 16.26975940950571
v 5.127803801381118 21.11634541275874 7.930548003784224
v 4.972106485183811 21.15167961211285 11.78871430401979
v 5.09061 -21.1322 2
v 4.985333184027762 -21.15465627935829 18.18918516729815
v 5.17544546015048 5.535865652700699 20.38719390836564
v 5.23978381381992 -5.424417554909609 20.51882779228085
v 5.217601541455011 5.462837612985351 0.5158052625401283
v -19.01613875265465 -4.642617724576294 20
v 5.147496771778394 -5.962866399890085 0
v 5.149762436822211 -5.898053173492154 0.37916707008133
v 5.13478130857479 -5.993564386689151 10.2063
v 5.184542679009875 -5.873429251361442 10.72425998348696
v 5.118930248334911 -6.005720730861769 20.66868929563977
v 5.191214556908529 -5.857321838176542 21
v 5.176737587115691 5.929643746782356 0
v 5.199240711930073 5.809754802500448 0.299767414950064
v 5.129625241217213 6.006012292451096 10.28369383446077
v 5.140511595667961 5.965413074863904 10.81432206017018
v 5.19619 5.84531 20.7063
v 5.19619 5.84531 21
v 5.239 -24.254 10
v 5.239 24.254 10
v 5.23901 -24.2544 0
v 5.23901 -24.2544 20
v 5.23904 24.2545 0
v 5.23904 24.2545 20
v 5.932437747313828 21.62598967865071 2.739886955130361
v 5.941087222827476 21.89671750512585 17.16874719998192
v 5.545161258659385 -23.61188411400208 6.60533823971852
v 5.25509 -5.39791 0
v 5.25509 -5.39791 0.293684
v 5.25509 -5.39791 10.7937
v 5.322735254492077 -5.28074554712406 21
v 5.25509 5.39791 0
v 5.280468486389591 5.353954017098641 10.09666790434499
v 5.319426693797542 5.286476114722522 10.67160486904389
v 5.287631362444269 5.341546978598889 21
v 5.847686859125971 21.7937565055355 7.020259598072597
v 5.766431220034692 21.70787610896909 12.88456209842337
v 7.363124198266706 -21.42131164242104 5.60132671130049
v 7.3865980901745 -21.4817555490018 14.4047504204775
v 5.984417022888485 -22.66295620933049 7.204469509135955
v 5.449926272752003 -22.92250132400043 13.69371045203545
v 5.88167 22.37085 3
v 5.779267100339489 23.11263741823904 16.86743687339244
v 6.13065169697917 -22.4196897131871 2.956273641628147
v 6.09203 -22.3147 17
v 5.684818951609173 -23.3344839812536 1.494732037719056
v 5.84748167046985 -23.31170840478517 18.25289932893362
v 5.731128311440868 23.14968205874271 8.246695703467807
v 5.584625221335077 23.4760860651065 11.20549144684984
v 5.949994081993686 -25.30813531454753 7.868263578198111
v 5.760109247380756 -25.32802297968046 12.42439628696963
v 5.898980159319285 25.31863791245259 2.208588072894355
v 6.124698620669448 25.26615074413517 18.13201742723028
v 6.101 -25.274 10
v 6.107032221835508 25.27237580965354 9.990821190469259
v 6.1013 25.2741 0
v 6.1013 25.2741 20
v 6.113731323250733 -25.2710815669273 0.01874820945029465
v 6.106799300931739 -25.27294852972471 19.99179960296449
v 6.15672 -20.8408 8
v 6.214606010004787 -20.83139109029433 11.89768154124906
v 6.363503600880672 20.78067573797914 1.620266389165779
v 6.274597216486977 20.80949217429451 18.21549059963233
v 6.253657204323596 -18.98845750363312 0
v 6.010453140345806 -19.05721025732435 4.99
v 6.18034 19.0211 0
v 6.18034 19.0211 4.99
v 6.18836 20.8313 6
v 5.965566530117896 20.89118014276395 13.59444535886248
v 6.18961 -20.8368 4
v 6.024148244164967 -20.881274433734 16.30111329542317
v 6.419670977134102 -24.04573351966106 8.15439397237059
v 6.260095991790992 -24.03814629360502 12.11727055041722
v 6.3829031315808 23.98474050041298 1.933650598553588
v 6.34969116050257 23.99311274826565 18.01252882515097
v 6.739364415446727 22.86685744711142 18.46121602769693
v 6.591457072388946 24.08864513446472 8.0556022238528
v 6.504951649948129 24.22442565359389 11.66840165683182
v 6.50121 -23.947 2
v 6.612955259318979 -23.99519082065519 17.92138262762336
v 6.724438532236807 -7.394656834362907 20
v 6.690479007438547 -7.43205374718976 21
v 6.69131 7.43145 20
v 6.601934616130882 7.496384560605904 21
v 6.543370893232046 -7.551223284275211 0
v 6.820103170090787 7.304548922165687 0.0008642456290231683
v 7.56600973159822 -22.4264537867322 4.985321822836998
v 7.673480000000001 -22.5744 15
v 7.739011859546673 22.47277459762565 4.817321086986014
v 7.829639410512381 22.72403325947866 15.0230816597823
v 7.23828 -20.4906 0
v 7.23828 -20.4906 20
v 7.239 -20.49 10
v 7.24057 20.4964 0
v 7.24057 20.4964 20
v 7.241 20.495 10
v 7.160707345666995 20.5144471154366 4.202253137228919
v 7.072687683616255 20.54312954455347 15.63500967629237
v 7.143974412190156 -20.52589045470363 5.764025788915568
v 7.218234925185934 -20.50169812100585 14.09871274329559
v 7.30228 -1.85209 0
v 7.356451249992698 -1.758256042678411 0.4497657611731862
v 7.285917898899211 -1.88042962162297 10.12975266346359
v 7.279062341232523 -1.892304059579463 10.72965646731771
v 7.30228 -1.85209 21
v 7.30228 1.85209 0
v 7.342495834384415 1.782429782755657 0.4227789425394817
v 7.30228 1.85209 10.2063
v 7.257286193573776 1.930021100779278 10.74127994637345
v 7.253620274690502 1.93637071024034 21
v 7.3529 -24.9388 0
v 7.370106979677839 -24.9332331610314 19.97342797628353
v 7.346813154915349 -24.94064916054884 10.00940764716965
v 7.353 24.939 10
v 7.35314 24.9386 0
v 7.35314 24.9386 20
v 7.72690405825727 24.81843730551212 7.518528560322597
v 7.493571173095074 24.88399922526135 12.13260520330577
v 7.356728717101407 -24.93631203145626 1.910101517196299
v 7.599014146873881 -24.86061412193711 17.71685589361645
v -8.610024749844394 -13.38675039006132 20
v 7.461549997272548 -1.576212302422371 0.9149481308953136
v 7.567901143117806 -1.445890589913329 20.13443109816719
v 7.46684366881523 1.567043395072716 0.9378090797556066
v 7.510024921596949 1.50583348933924 9.648335732018442
v 7.527441546713478 1.473432004216324 11.38306117421534
v 7.434419683419849 -12.99163268024307 4.964312699259771
v 7.458247818904647 13.00898826486395 4.99
v 7.530774999999998 -21.3366 0
v 7.530774999999999 -21.3366 20
v 7.53087 21.33635 0
v 7.510963244144431 21.26262393735859 20
v 7.46072285106646 -21.11862083049612 10
v 7.531000000000001 21.336 10
v 8.312705162879384 21.2255290423064 2.826423656586457
v 7.928555093828698 20.86333288545461 16.83377428751181
v 7.566112189038198 -23.75744128102873 10
v 7.59 23.625 10
v 7.5901 23.6245 0
v 7.56415441342419 23.76838544614817 20
v 7.564380458274131 -23.76735495296628 0
v 7.581396056776492 -23.67909057599122 19.99811695487764
v 7.618999053317999 -21.84710186771355 9.996940810921981
v 7.639783525285692 22.23462756213049 10
v 7.62134 21.8479 20
v 7.657 -22.589 10
v 7.648429033848248 22.40540736606019 0
v 7.652619058368122 22.66151682403534 20
v 7.65756 -22.5886 0
v 7.65756 -22.5886 20
v 7.66028 -1.57738 0
v 7.643484732922396 -1.578975455722776 0.327406482270734
v 7.718304178900654 -1.501762469741045 10.27613474813709
v 7.66028 -1.57738 10.7937
v 7.66028 -1.57738 20.7063
v 7.771802225892199 -1.432043427372441 21
v 7.66028 1.57738 0
v 7.728219437216077 1.467059101283356 0.3435975298429787
v 7.682658059846339 1.548216750306032 10.33487234728761
v 7.776035616428369 1.413369538542662 10.82384659242365
v 7.643153936958551 1.560252343688196 20.61591377278431
v 7.744483532483494 1.467645346513853 21
v 7.819579795599592 -0.9560903983478302 11.60354220767706
v 7.845502469390081 0.9111916645873234 19.99252953168001
v 7.89401525927668 23.67817417795348 5.955826506575531
v 7.784392905736876 23.71798504758588 13.86309542606338
v 7.874654686124098 -23.55165041038572 4.178971122100876
v 7.868231437204981 -23.77932937150121 16.11226181321123
v 8.391185 -21.55565 7
v 8.40859917397813 -21.906172796861 13.35127887672329
v 8.906834876168791 22.18954891342216 2.983465928532111
v 8.354188209541419 21.58218829572581 16.92132353114637
v 7.948184210433062 -1.03507164811608 0.6410073378224654
v 7.905949859718342 -1.046030330132377 9.727893603568608
v 7.944066611787811 -1.072871730449578 11.10086294742375
v 7.95978457515485 -0.9708630653181159 20.30686489338168
v 7.879874664877663 1.112723970246825 0.7026735381932985
v 7.939649163259441 1.099260269982016 9.94497088210206
v 7.897140168951184 1.115377857682688 11.14501395195246
v 7.88314 1.03936 20.139
v 8.028960071667941 -1.139401709420578 0
v 8.009769323267095 -1.109198077300427 10.17993485621121
v 7.985221691892983 -1.153913633312013 10.6458119730413
v 8.015649922572232 -1.071977210423914 20.64677424844002
v 8.094281251928788 -0.9554082793357676 21
v 7.963474136043834 1.209894762674531 0
v 8.021749821296156 1.086961623112464 0.3104162610829174
v 7.957882314062783 1.18954250854135 10.32570328799472
v 8.066699934895727 0.9900556506050524 10.7555053414631
v 8.001059669034897 1.065865838607962 20.58723521755324
v 8.048067438788648 1.035039437560559 21
v 8.11816324031782 0.4389308090748181 9.599646317435605
v 8.075670694448348 -0.5125208401301055 9.559297275700972
v 8.145621184088883 -0.3913716790650587 20.22005250977337
v 8.113925257069024 0.5147752183688157 0.7861572214569293
v 8.0908 0.538015 11.361
v 7.994791295338937 -5.983779367886298 20
v 8.164831653835634 -5.748533321340167 21
v 8.090170000000001 5.87785 20
v 8.161307769579684 5.754636816033228 21
v 8.086749994493378 -5.844209115419492 0
v 8.069444568401673 5.915732720879962 0
v 8.222042008880553 -0.2590079692655467 9.974778836129524
v 8.245321489071156 -0.5190132436764551 0
v 8.178913942945048 -0.6250285173209081 0.4292540310715432
v 8.192712591924973 -0.6858276778780239 10.21552922521311
v 8.171793948377065 -0.7363308310438436 10.71883140039938
v 8.17809916388463 -0.6752654990035774 20.64026923343313
v 8.227795696739028 0.6881206584254111 0
v 8.162390850338486 0.6727950085015113 0.4179097163489514
v 8.237640000000001 0.577361 10.2063
v 8.237640000000001 0.577361 10.7937
v 8.194767606219825 0.6485768592373913 20.65979132121884
v 8.246155539142828 0.5126778899588686 21
v 8.269232668564293 -0.3373865224053105 10.37562195581453
v 8.25133499075941 -0.3546011537546229 10.85203408973731
v 8.281357694174813 0.2321150667431408 10.19982887791823
v 8.232164385856523 0.279015894371505 10.96075369072097
v 8.137105441077699 -20.14637185993532 1.691954485449373
v 8.300750000000001 -20.0837 18
v 8.241901813462086 20.11157370070536 8.11630410565148
v 8.385497843105508 20.05155291911163 12.15731262016176
v 8.302044756792412 20.08179350817493 2.056271765850309
v 8.21223363832277 20.11634535490493 17.77456374587551
v 8.213354102174078 -20.12201360309921 7.773305907492848
v 8.370861363333976 -20.05913708390782 11.9285619318862
v 8.37158 0 0
v 8.371176487944131 0.009954344794897832 21
v 9.060647378142047 -20.64611433653958 2.826971053816651
v 8.853628011677916 -20.60302796849006 17.4589354759528
v 9.350091315720038 20.6342606791269 13.29615841827103
v 8.61354604348389 -24.53095308834722 1.946763301445255
v 8.722582798929075 -24.49128665835104 17.88270941320874
v 8.739238951483742 24.48515929259301 7.856681582036241
v 8.702068852835174 24.49937340119829 12.08484820568368
v 9.095024799704582 24.34923043113935 5.392850147688386
v 8.576773807553678 24.54109099344699 13.79497516719397
v 8.638473311587141 -24.52140248326346 3.889640145567304
v 8.942105447070997 -24.40360535642124 15.62846624396643
v 9.576494973653471 21.6534118418019 13.34948878553015
v 9.486563243305566 -21.6287932566317 3.208023593613984
v 9.085718802643274 -21.40073870479203 17.42421979410325
v 8.70412768939747 23.32876217901654 8.152973364322714
v 8.702516640657199 23.35640595827144 11.85007480882583
v 8.897815999499052 -23.51773524276097 2.215278483774322
v 8.810959393567076 -23.27231506578957 17.99187802021874
v 8.743640996886752 22.20528216322896 8.143339438969484
v 8.843303012798948 22.11120356930905 12.03323690677624
v 8.817837017138549 -22.45037698582388 1.987347579487651
v 8.830876698176764 -22.25032872418803 17.99510203246574
v 8.94499047091101 23.06756830776375 3.952635100912182
v 8.928162136011903 22.92926499963243 16.18087106549392
v 8.96874 -23.1362 6
v 8.735776590839723 -23.03338457295874 14.1777531251333
v 9.17427794372915 -3.947900360330201 20
v 9.13546 -4.06737 21
v 9.058422926291245 4.200800991598722 20
v 9.13546 4.06737 21
v 9.110194159556833 -4.130997060767017 0
v 9.040029246796943 4.252535731592528 0
v 9.406158766966252 -19.58830105300704 4.129528590238341
v 9.594676426758495 -19.49243610886349 15.49868570433776
v 9.549889716703056 19.52090210492616 5.593340201303175
v 9.381161628298212 19.60671662916613 14.07398089100164
v 9.370900000000001 19.6067 0
v 9.370900000000001 19.6067 20
v 9.371 19.607 10
v 9.372999999999999 -19.612 10
v 9.37336 -19.6123 0
v 9.37336 -19.6123 20
v 9.510527942887592 -21.72787147456489 8.301316232224469
v 9.485952118276376 -21.96309476096988 11.99129768197097
v 9.596262482843223 21.93049931934569 18.17307801091783
v 9.762120000000001 20.4119 7.254951583280406e-16
v 9.762119999999994 20.41189999999999 20
v 9.683800360259655 -20.26292405814355 9.999189319865133
v 9.762 20.4125 10
v 9.658499609637937 -20.19827035569538 0.007283164814063819
v 9.762084999999999 -20.41215 20
v 9.78148 -2.07912 20
v 9.795526087464195 -1.945477764192954 21
v 9.792649767251092 1.972844663705425 20
v 9.715930524312929 2.280861037483076 21
v 9.79979 -2 0
v 9.79979 2 0
v 10.06814753907785 -23.96762780643035 4.239029686846566
v 9.883430390976603 -24.04737032916517 16.0566447106753
v 10.0424235244155 23.96819435688736 5.802877850423072
v 10.01317672373953 23.99225584554825 14.15049503514492
v 10.54075031723252 21.60520963441979 5.007451594742085
v 10.536325 21.389 15
v 10.56974760267575 -21.41552828855811 5.055755782832474
v 10.65823736418181 -21.70352424223392 14.80932575786036
v 10.23892539128606 23.8834644740316 16.42847911599466
v 10.03746731883909 -23.98306359294229 6.092350169516244
v 9.980079999999999 -24.0087 14
v 9.851114362707076 -17.38678729121973 0.03254623175551577
v 10 -17.3205 4.99
v 9.985516263571315 0.1378062698316247 20
v 10 0 21
v 10 17.3205 0
v 9.913352051732927 17.35678384445607 4.99
v 9.848637805867861 22.81916079647132 6.271095299928828
v 10.05926018574733 22.6721543220089 14.07202329390602
v 10.08482119153664 -22.77914680908835 4.128037858700713
v 10.0711972624262 -22.67472130173423 15.90913142679588
v 10.037 -11.1472 4.99
v 10.037 11.1472 4.99
v 10.0596 -20.8376 0
v 10.06 -20.838 10
v 10.0651414070052 22.51407327844792 1.975225196222944
v 10.10340479360129 -22.71894347372974 7.813496934333334
v 10.20353584904387 -22.80603363772953 12.19972959491605
v 10.39447242049807 -19.0830198619408 6.080901735818335
v 10.38206368861805 -19.09017153139504 13.94427576622085
v 10.358 19.1099 4
v 10.37515188081122 19.09872365918091 16.01189162187487
v 10.1552072456414 19.20665419108823 8.452171626090207
v 10.25567322862388 19.15536528060087 11.74612302106757
v 10.2403650568341 -19.16961878671622 1.710845268729593
v 10.30099460533722 -19.13866214825067 18.16951554879487
v 10.83868033247088 -21.63349490736224 10
v 10.44635946046149 21.26392639315936 10
v 10.5581 21.3871 0
v 10.42558971266453 21.24107259901665 20
v 10.5583 -21.3874 0
v 10.46330691918713 -21.28267331896748 20
v 11.28782033999613 -19.60090670569904 7.000853705306474
v 11.26694222249517 -19.64344050926337 13.06316028489646
v 11.34356330433438 19.5965743322407 7.001367903566909
v 11.16846076598796 -19.51107241593504 2.825661816379461
v 11.15587306224758 -19.64030401913669 17.30679889592101
v 11.37006654490889 -20.38120822098899 6.723871249469835
v 11.08929971962668 -20.54031099986304 13.80951871933772
v 11.39819640481789 20.48434638110965 3.264538617037273
v 11.36069038257336 20.4438388794563 16.6860830295083
v 11.71314793001817 -20.16708519417351 2.816467508547243
v 11.87633249139108 -20.40472236108571 17.28112474397856
v 10.98885153056895 20.54873646659593 8.508233251497552
v 11.28670440744706 20.59409038911571 11.80005312706178
v 11.52465836233448 -23.29823576929861 6.594855574051549
v 11.01396711140649 -23.54802707673928 14.24067781427275
v 11.20811921416749 23.43269166983625 3.925632049443234
v 11.14754730972921 23.48891166188347 15.97387552297241
v 11.23822125156363 22.31929733330785 3.91225539945379
v 11.32808962195823 22.21723712571729 16.24285834806028
v 11.31800998154348 -22.2332561958722 6.225538421814739
v 11.37705774402135 -22.21657855910028 13.67062882809989
v 10.71383217630892 23.68039595081493 2.818429217633033
v 11.05337366579043 -23.52923182017762 7.727190849504244
v 11.19124500479167 -23.46764110920299 12.05094059511165
v 11.43016449177067 -22.1356382667518 0
v 11.40585803658038 -22.11875976856598 20
v 11.3379 22.0716 0
v 11.3379 22.0716 20
v 11.338 -22.072 10
v 11.25196041322884 21.99643959366892 10
v 11.20841707922133 -18.61390962493088 7.732407586935842
v 11.52648070092149 -18.41416005762468 11.66533730718849
v 11.3533116511798 18.53549804875336 1.980287671630953
v 11.43782601285251 18.47781288696184 18.14734006029206
v 11.33280906029207 18.54114607498999 6.07389773521765
v 11.44411622203562 18.47136046125116 14.1571229489002
v 11.35286640059442 -18.53622198698879 3.960954934215219
v 11.31373791801334 -18.5588483537432 16.11847763294085
v 11.81115198777951 20.82393346361863 7.873596870343186
v 12.29669613700954 20.75166811692932 12.71815562668937
v 12.29051193910549 -20.86991073205249 2.554041088528039
v 11.88463804740604 19.57855730509704 2.049688627221054
v 12.1353 -8.81678 4.99
v 12.24422346558889 8.686641690981343 4.99
v 13.42885914814094 18.56970301998977 3.208429412430911
v 13.24828072033308 19.06256659849689 15.98273234069864
v 12.49045819371641 20.36554173753845 1.437615105095559
v 12.25614387703505 20.32561018174816 18.19608689310626
v 12.29164576348796 -20.46047572308678 8.192717356644494
v 12.08823013568558 -20.66564316406304 12.19806872033474
v 12.295 -17.9198 0
v 12.295 -17.9198 20
v 12.295 -17.919 10
v 12.298 17.924 10
v 12.2988 17.9225 0
v 12.2988 17.9225 20
v 12.38186356849555 17.8567137415939 3.871586980116213
v 12.07124669301534 18.06335737379749 15.47241336622344
v 12.29030565190562 -17.925663862643 5.988461461869464
v 12.326 -17.9045 14
v 12.37821845272293 -21.70815294641557 8.064778219593576
v 12.29299418165259 21.57510852139655 2.074572745813321
v 12.52855881711596 21.62026563063772 18.33549368798832
v 12.59120512911865 -22.74196447979616 8.362643263742724
v 12.47350425331752 -22.80971955715188 11.83690047754934
v 12.27466018689642 22.89944823243189 2.168413174207922
v 12.22562602327221 22.94230007964131 17.74987808713284
v 12.4345 22.8338 0
v 12.4345 22.8338 20
v 12.435 -22.834 10
v 12.435 -22.8334 0
v 12.435 -22.8334 20
v 12.435 22.834 10
v 12.13069157992544 -21.66909979357145 1.344176299002054
v 12.15450332058261 -21.52573732689192 18.4449215137342
v 12.36777562647489 21.49563431670871 8.176905217851296
v 12.6279120385691 21.68776200667688 11.78005926985138
v 13.2547 19.81915 5
v 13.17723962751065 20.01504292533795 14.63727860206176
v 12.8495578180615 -18.71342769478981 0.0323312927296362
v 12.7964 -18.6603 20
v 12.7965 -18.6605 10
v 12.7965 18.6605 10
v 12.79655 18.65985 3.380578656840774e-16
v 12.79654999928509 18.65984999969476 20
v 13.07132590172632 18.19241321776365 16.76358217111193
v 13.01211086316521 -2 3.212300951321682
v 13.05791760763411 19.21891464561844 10.02254685955504
v 13.03603967621043 19.19357143545917 20
v 14.09965085567871 -18.55834902020335 7.549746275475024
v 13.73433010097978 -18.74354573855137 13.0817168831917
v 13.36433630381456 -17.13176673661291 2.33533695900206
v 13.216 -17.2517 18
v 13.20784931240718 17.26403331464343 8.024643264422108
v 13.20866184339024 17.26344393860904 11.97712080631836
v 13.21697920821498 17.24891950222858 2.055920843102552
v 13.22701308483388 17.24161688194773 17.9658943033675
v 13.2429 -19.8375 0
v 13.2429 -19.8375 20
v 13.243 -19.837 10
v 13.243 19.837 10
v 13.26725602669306 -17.21782026981641 8.047648849724055
v 13.26147015635154 -17.2225135154012 11.96544431692343
v 13.3826 -14.8629 0
v 13.3826 -14.8629 4.99
v 13.3826 14.8629 0
v 13.3826 14.8629 4.99
v 13.4456 -20.8546 0
v 13.4456 -20.8546 20
v 13.42926117549786 -20.77105850569862 10
v 13.446 20.855 10
v 13.45637913886411 20.97989742807111 0
v 13.446 20.8556 20
v 13.56729658055628 -22.17890285318258 0.01837314993221821
v 13.5568 -22.1857 20
v 13.557 -22.186 10
v 13.557 22.186 10
v 13.5571 22.1861 0
v 13.5571 22.1861 20
v 13.45658899634064 -20.89039263599736 3.698782487013366
v 13.44394903138472 20.98766157915525 6.462324213833071
v 13.49038735330372 20.95315149905548 13.63074898375819
v 13.57245218699542 -22.14148364701581 1.977131289212337
v 13.613 22.1519 8
v 13.44477945319598 22.24930512306878 11.71439635517144
v 13.70612491531944 -6.138285102453766 4.99
v 13.7032 6.10105 4.99
v 15.05842594148469 -17.06668051334621 4.686272838377799
v 14.95072442275418 -17.04078109136355 15.44463805370394
v 14.27323680930741 17.42175541911793 6.751021957237553
v 14.34828533044992 17.35462726224972 13.4195554259692
v 14.36340278217844 -19.31771212473793 6.741537333133403
v 14.86954636081684 -18.90144376079489 12.18831804988333
v 14.54977493595884 18.25751133465329 7.004995846449449
v 14.4719 18.04465 13
v 14.72122701304176 -18.05268478046448 3.399147916486193
v 14.92937960929664 -18.1541138688514 16.34903917431769
v 14.20338103902119 -16.44410598170702 4.242687400191899
v 14.1725260430716 -16.47183974431546 15.8302386124519
v 14.25348550572184 16.40609651098526 5.647204287553257
v 14.18345050083469 16.46905601910075 14.18728701603377
v 14.1264 16.5135 0
v 14.1264 16.5135 20
v 14.127 16.514 10
v 14.13 -16.518 10
v 14.1303 -16.518 0
v 14.64608966123308 -19.29635434983695 17.42670034579646
v 14.43878325454045 19.37985264854694 7.815187810630943
v 14.04192730514407 19.15115678699483 11.63804124206372
v 14.72594228461353 -20.39875940663192 17.70269792313319
v 14.57007370086295 20.33387697636425 7.960951787664623
v 14.4510679629507 20.29566842807774 11.85278714537246
v 14.49795299707171 -20.28684643147206 5.466817338777441
v 14.651 -20.0261 14
v 14.55269354559346 20.02498174170851 4.089819082433249
v 14.7721077016937 20.16222613890754 15.87697523677459
v 14.55726035315518 -17.03753037124648 10.02346622556782
v 14.66652165524913 17.1435837662515 10
v 14.90414963052472 -17.35615177163593 0
v 14.85530954988798 -17.31638603641604 20
v 14.7125 17.19035 0
v 14.71250000000002 17.19035000000001 20
v 14.6722 -3.11867 4.99
v 14.6722 3.11867 4.99
v 15.06768732075312 -21.17892367711349 2.668276756946319
v 14.44612466289449 -21.60981052155117 18.4433315895423
v 14.72903170275727 21.42470204028647 7.946418030014935
v 14.51600513081586 21.56493400762306 11.67878359880238
v 14.67179496317975 -21.46178157272818 3.856557887392158
v 14.55543371818696 -21.53757042851036 16.34747726076284
v 14.53944608389571 21.5486176723786 6.375653398973064
v 14.69494029437231 21.44736309225936 13.89697605745999
v 14.8695627591538 19.05647423783956 17.57466975044968
v 14.81380947248961 -2 4.99
v 14.7898 2 4.99
v 15.11133794492976 -15.61160714951057 6.408490733895823
v 15.13839083470804 -15.58459458201243 13.52430546588489
v 15.11692112365141 15.61334749748187 3.586736718024806
v 15.07494520090884 15.65525566668637 16.30902706955262
v 14.89053002769814 15.82538610355547 8.192614445027472
v 14.86640203313066 15.84714670464485 11.75027111641771
v 14.77501296697995 -15.93660637541661 1.525767286664178
v 14.8792067537214 -15.842645796934 18.22764938179766
v 15.11 -17.524 10
v 15.59709009559679 -18.23727274852981 4.646803492385118
v 15.71355 -17.93305 15
v 15.83892431092112 18.15803674323956 4.907529287298014
v 15.71355 17.9326 15
v 16.21279839973137 15.75453002166027 2.413099145804744
v 17.00793750508258 15.02459926710236 4.686720803217288
v 16.04827783508223 -16.12309446954495 17.15754695348165
v 15.66619283463577 -19.67294315862733 4.086982668724383
v 15.62606021217062 -19.35590736867491 15.87786888560573
v 15.58365501397995 19.39589799125486 5.965522073822395
v 15.51217336124183 19.29044898147334 13.95904226402472
v 15.67031755374452 -19.35595407955993 7.791662925921652
v 15.92982528335111 -19.31554999039058 11.96755190013325
v 15.39768488926833 19.34866745556408 2.40754840022178
v 15.92228551822102 19.45087882906919 17.81007927861715
v 15.7335 -17.9259 0
v 15.7335 -17.9259 20
v 15.7336 17.9256 0
v 15.7336 17.9256 20
v 15.734 -17.926 10
v 15.50044096977349 17.77553408629639 10
v 15.9087052464221 -14.79814637440679 8.411299859375575
v 15.8392310118415 -14.87517889513795 11.77104721301443
v 15.91638587492413 14.79743567392944 1.578832502495404
v 15.82972294516791 14.89353702799974 18.19373558632177
v 15.71994640172898 15.00283697222042 6.138956582338654
v 15.70571993485283 15.01708467527054 13.82564979438445
v 15.57225598030189 -15.15807907407643 3.484531725660711
v 15.73795337370276 -14.99211379532371 16.10333696380361
v 15.79155817584837 -20.65437672377963 16.01822141925536
v 15.77472356526104 20.66701893171188 6.049127160916184
v 15.67578675525497 20.71462162543315 13.77866627509134
v 16.22189832866166 16.86590200927319 3.426980828226034
v 16.27462928509403 16.73436930072897 16.75764474154346
v 15.75200212658693 -20.68125089597639 5.81494660350288
v 15.93074702700925 -20.54462786792777 13.85437731451693
v 15.6963140178317 20.72240200391555 4.28646788250918
v 15.87645742647352 20.58928596525901 16.04269005767132
v 15.86606741851886 16.90624200984688 8.417748551195347
v 15.84395168189986 16.94825810920243 11.49990519157348
v 16.78372590274223 -16.72722045876947 2.613045142510712
v 17.08080189691046 -16.3148921785002 16.54877426149938
v 16.1803 -11.7557 0
v 16.1803 -11.7557 4.99
v 16.1803 11.7557 0
v 16.17740212515123 11.7589184568503 4.972650899314857
v 16.5135 -14.1264 0
v 16.5135 -14.1264 20
v 16.514 -14.127 10
v 16.54040136876806 14.09976352414533 9.987567291645615
v 16.518 14.1303 0
v 16.518 14.1303 20
v 16.47151490082328 14.17112582678484 4.141541640514274
v 16.5513075619746 14.08226197388659 16.04168198511001
v 16.40953565889109 -14.24965986051587 5.656245160071211
v 16.48245794803272 -14.16854244029956 14.15205586742186
v 16.89230423694637 -18.27739138354379 6.69278717572191
v 16.83859226175969 -18.27484186083662 13.39843732799798
v 16.78499917386267 18.72853779224798 3.682293821469747
v 16.55541151050538 18.51496551454838 16.01301409949495
v 16.75883179672782 -17.33507674011369 18.33860477800753
v 16.70928489170856 17.35587395558505 8.406783273959888
v 17.0157708382219 17.22312154891751 12.01791592600894
v 16.664 -18.385 10
v 16.664 18.385 10
v 16.6351242176454 -18.37109390892762 0
v 16.6359244836431 -18.37148905530981 20
v 16.6643 18.3854 0
v 16.6643 18.3854 20
v 17.03411862271519 -15.99640054981128 8.497963156548593
v 18.05102808427517 14.91605228776424 3.699577997296282
v 18.06630699544962 14.6165087487003 16.77912505855642
v 16.82469361898857 -19.82079974285087 5.932188137844323
v 16.83818760267083 -19.77263146065997 14.02791763484833
v 16.84302506590975 19.80637648609632 4.033383575578902
v 17.11279712125107 19.56388070097258 16.4986695910666
v 17.00990407521397 -19.65945703978358 8.19656388601341
v 17.01474119496481 -19.65509051471951 11.79386145098018
v 16.90035216935811 19.72838159385425 1.974752015138093
v 17.08749994003776 19.59001640246568 18.3499256606388
v 17.35727486433397 -17.06549019133993 8.162420176065513
v 17.05077266936415 -16.69992141030252 12.07470548893697
v 17.15484811401575 16.4725205671918 1.734027935905573
v 16.82602713203347 17.03714868199747 17.35073877181541
v 17.22686074861358 -14.74901300570213 10
v 17.02777117583649 14.56647612793754 10
v 17.19015 14.7127 0
v 17.19015 14.7127 20
v 17.25867719598119 -14.7681344298199 0.01726748739097039
v 17.08075592420344 -14.59002151843345 19.97131046943995
v 17.4254044631237 -14.06266727263691 7.026580826901098
v 17.60082981504509 -14.494472763729 13.40257694310386
v 17.26301627366086 -13.19761009687733 2.098032184199742
v 17.29991600409826 -13.14690948144885 17.79173710500892
v 17.2349 13.2462 8
v 17.2349 13.2462 12
v 17.32144044892644 13.11986027022713 1.791227514065441
v 17.17980119564751 13.30492614596763 17.79896881209985
v 17.22394526581635 -13.25860103389592 7.910958115489449
v 17.31294072281098 -13.14042413371225 11.82897119781209
v 17.79749515192264 -17.76682432470481 8.441360303423577
v 17.65440488032434 -17.7642718888599 11.79975134270209
v 17.43910225100805 17.74376780523711 2.14336662484406
v 17.58597192618023 17.59456925874528 18.17032897274957
v 18.05514132375425 -15.78844010327543 4.938455847930683
v 18.23317688988134 -15.53921013991085 14.55177957040738
v 17.93680174464842 15.58952562023489 4.814077335074346
v 18.02342388463595 15.61041460680323 15.21964730741512
v 17.524 15.11 10
v 17.5242 -15.1105 20
v 17.69137320108724 17.58875037187017 8.126257133595601
v 17.68243804011319 17.77948931401638 11.54603968240594
v 17.71149329387915 -17.49256851077391 2.043686782924051
v 17.86662463426941 -17.48540222288445 17.87253248946418
v 18.04465 -14.4719 7
v 17.78746692055467 -18.9593861911282 7.83048666052072
v 17.93829262489256 -18.81746923284299 11.86511855371473
v 17.90580859655485 18.85027186482496 1.932948850150765
v 18.18782824694331 13.16391720746528 6.896749351978716
v 18.20669033379587 13.32804232187581 12.89648336967858
v 18.05758827485714 -13.14627926597267 3.00228146372366
v 18.47408990554759 -12.98930603305941 16.37151769825108
v 17.8997 -12.3228 4
v 18.01246813709493 -12.14880276543227 15.64373038323143
v 17.88445631194283 12.35354510416697 6.05986764652678
v 17.9045 12.326 14
v 17.92095851016943 12.29071381817579 10.02388938669112
v 17.9198 12.295 0
v 17.9198 12.295 20
v 17.921 -18.837 10
v 17.921 18.837 10
v 17.9212 -18.8372 0
v 17.9212 -18.8372 20
v 17.90176166738369 18.85504547568464 0.03847270186305374
v 17.9212 18.8375 20
v 17.9225 -12.2988 0
v 17.9225 -12.2988 20
v 17.924 -12.298 10
v 17.9256 -15.7336 0
v 17.94459364654635 -15.77204581740036 20
v 17.9259 15.7335 0
v 17.75711246323195 15.4717722246483 20
v 17.82411682979556 -15.57585298953341 10
v 18.02996532980313 15.94464870744426 10
v 18.2709 -8.134729999999999 0
v 18.2709 -8.134729999999999 4.99
v 18.20395898080561 8.250673471860861 0
v 18.2709 8.134729999999999 4.99
v 18.76423295331585 13.9691182714434 7.127449609943113
v 19.03609658404122 13.81488276318216 13.39522813777814
v 18.81694919349516 -13.42959388801266 3.498769589221993
v 19.23112835163643 -13.5755486153569 16.10533011540958
v 18.3448187186957 -16.58258694637691 10
v 18.385 16.664 10
v 18.3854 -16.6643 0
v 18.4129875516693 -16.74099717693685 20
v 18.37059121148979 16.63410613501892 0
v 18.37672357462505 16.64652563807876 20
v 18.55541553826203 16.56231337523722 6.008544086982933
v 18.55529938025536 16.75459517698542 13.6609883269828
v 18.64579603968473 -16.65167746663765 3.87660992349327
v 18.20086965083713 -16.6658308354171 16.37537997054914
v 18.5580581945032 -11.30356617667451 6.133280177328635
v 18.64535617413297 -11.15261852896144 13.56019601779153
v 18.5251 11.3721 4
v 18.59931047523338 11.24300003390178 16.25345731074252
v 18.44630416226154 11.48159349860867 8.295995597797564
v 18.52412770767551 11.36154480123152 11.95549428882053
v 18.51257717040697 -11.38866481986494 1.90624186854133
v 18.537511831386 -11.35020559232677 18.01320681186883
v 18.65985 -12.79655 3.391877382298129e-16
v 18.7245 -12.8335 20
v 18.6603 12.7964 0
v 18.66029999999999 12.79639999999999 20
v 18.54802684295187 -12.74771512718642 10.0313502338799
v 18.60096689691015 12.75133893076617 10.01546597200733
v 18.78816723760846 -14.73894416293883 2.127267696963042
v 18.96417079217803 -14.82979121670732 17.68163694898582
v 19.43030136675862 14.70867158237758 13.12389869692016
v 18.82810916214813 -17.92986869609526 9.981548536158826
v 18.837 17.921 10
v 18.8372 17.9212 0
v 18.8372 17.9212 20
v 18.8375 -17.9212 0
v 18.84902238568979 -17.90843454583979 19.97473438068241
v 18.8823 17.8733 8
v 19.02705247374402 17.71212261664588 12.31831220174607
v 18.96764870933904 -17.77869061915283 2.187222316048909
v 19.10819095724552 -10.34807945683957 8.071490265785897
v 19.16311617502144 -10.24049058544515 11.716156292204
v 19.0948 10.3869 2
v 19.05972022259841 10.44756455449543 17.87684824503568
v 19.06605755667989 10.42390340852074 6.140617649428309
v 19.14080107000298 10.28616396914598 14.13496633702919
v 19.02932988439419 -10.49777490229767 3.716452171015987
v 19.00110349829859 -10.54674269052864 16.38288404610739
v 19.1167 -14.263 8
v 19.12758241202088 -14.12591607621626 11.78171752678166
v 19.31879965305217 14.39615385967107 2.139085272535189
v 17.2347817310162 0.02572822262261769 0
v 19.09839667670303 -13.00138471714274 10
v 19.131 13.016 10
v 19.40389093310093 11.38510158640554 3.234914685853504
v 19.41545661920471 11.32172366408563 16.86877204742335
v 19.63519820746727 -11.54918269723695 6.768922600416398
v 19.64012911184073 -11.17962616802859 12.72676254265366
v 18.99092606670807 15.79196124894581 8.435024715265154
v 19.48422101713879 15.77980198467419 12.34258927025688
v 19.4712843828441 -15.39445023767547 2.584862225448777
v 19.37973740042044 -15.89512050521424 17.90752018057371
v 19.16562303015286 -12.05993693380575 1.502110249551229
v -7.063647738677385 2.265400812418433 3.560427601646015
v 19.66069962776971 11.30847860161786 6.985824161221008
v 19.85800775770762 11.17631622396019 13.3390361855233
v 19.70081749989877 15.42922012262273 3.693459570667854
v 19.11792201343848 15.64157059706018 15.73880597549711
v 19.1813792100813 -15.64381594967096 5.771910903633009
v 19.45635176646353 -15.62834620157766 14.09218832941666
v 19.82584451351829 -13.46375640643709 4.81421023534363
v 20.0262972371139 -13.45172678719163 14.87756598206053
v 19.563 -4.15823 0
v 19.57487828809865 -4.045196147605208 4.99
v 19.563 4.15823 0
v 19.563 4.15823 4.99
v 19.6067 -9.370900000000001 0
v 19.6067 -9.370900000000001 20
v 19.607 -9.371 10
v 19.612 9.372999999999999 10
v 19.6123 9.37336 0
v 19.6123 9.37336 20
v 19.50510914644681 9.56975499787737 4.452165420024003
v 19.67168797810706 9.227982163469159 16.21639817362361
v 19.52678997931134 -9.538313007531983 5.616165843424461
v 19.50855339213193 -9.574169694043535 14.45453230419878
v 20.12212191651828 11.7276401418333 2.891408246286276
v 20.09703589154337 11.80585075064087 16.98568260495512
v 19.62701969500595 17.04583729872381 8.267690615051084
v 19.7491 16.9106 12
v 19.83045980909968 -16.81110484119284 2.188484403495759
v 19.74122747629676 -16.91997577590409 18.0183587845702
v 20.56340442232653 11.52395289663626 6.915032655880744
v 20.80083942600798 11.30840649524561 13.52998556612087
v 20.08645 -11.47095 3
v 19.7898 -2 0
v 19.7898 -2 4.99
v 19.7898 2 0
v 19.7898 2 4.99
v 19.68612398490403 16.97826696040427 6.232382661013673
v 19.7918 16.8606 14
v 19.88534507780547 -16.74525838549256 4.218040635579258
v 19.55312367136498 -17.12678973795246 16.52545366894245
v 20.4822508633784 -9.502013328282699 6.37353285070876
v 20.45512095544625 -9.697464818185173 13.95065671879035
v 19.837 -13.243 10
v 20.0713174219091 13.28260425406564 10.01144395223346
v 19.8375 -13.2426 0
v 19.8375 13.2429 0
v 19.8375 13.2429 20
v 20.19929608416516 14.4762785560834 5.589617699046466
v 20.30893404092373 14.59922514791011 14.49043737968146
v 20.05070007265508 -14.50424661244023 4.171345249976352
v 20.24789480660975 -14.71482515565329 15.69639947354329
v 20.11476098148228 -8.21635192323741 2.217679223903468
v 20.07539446692227 -8.318677877925575 17.97505768948706
v 20.14009754669089 8.158455504249527 7.732692637830289
v 20.06005738357398 8.368798756840429 11.93253130719853
v 20.04258742806405 8.393273754153599 2.177976501887218
v 20.01422591147123 8.457101285857181 17.69924637000533
v 19.94125444386241 -8.633720730685402 7.365308131843369
v 20.00839803461861 -8.482616411769584 12.3440898739727
v 20.38475093698185 14.54212124892743 1.980169250697828
v 20.19230877004233 -14.57795576253768 7.913277830651786
v 20.17798593151041 -14.5960907960039 12.12194377123889
v 20.57029697226869 -10.92359239766417 8.614565468688545
v 20.45312588346411 -10.78453052226543 11.35683530843152
v 20.4119 -9.762119999999999 0
v 20.41190000000395 -9.762120000002293 20
v 20.4351413136437 9.775221118119671 0
v 20.41215 9.762084999999999 20
v 20.39157487834537 -9.749996441841528 10
v 20.42882487231723 9.760699454304277 9.984249169490623
v 20.41255487692432 9.115991784528681 3.081136533972984
v 20.5976224974995 9.095132423039381 17.08541528225379
v 20.5576053608232 -7.028264791441452 4.447122614599715
v 20.51999597983182 -7.143679179508459 15.76626394421665
v 20.47757723384814 7.289114914170078 6.032906344355669
v 20.59023863677879 6.946451962684392 14.60107027959596
v 20.49 7.239 10
v 20.4906 7.23828 0
v 20.4906 7.23828 20
v 20.495 -7.241 10
v 20.4964 -7.24057 0
v 20.4964 -7.24057 20
v 20.8667095200462 12.32159811260256 11.85780835265733
v 20.12350540224475 -12.36018382101639 1.53984912542946
v 20.74716820311291 -12.11064896949472 17.81985749239108
v 20.72456606287709 15.69253700726556 5.706847859053925
v 20.53282649368075 15.94528279892562 13.82686828363812
v 20.72155402534707 -15.69747801785796 4.284351903548511
v 20.5316373580484 -15.90565385032281 16.14755206611552
v 20.6471 15.8016 4
v 20.60854550656332 15.84933671056874 15.90984568353402
v 20.6394232964004 -15.81167551904784 5.981347588917106
v 20.60990811906246 -15.84821664062289 14.08766954504277
v 20.89126888448192 13.72732888578841 3.928042397001791
v 21.12464612366876 13.42556610279542 16.69097258182688
v 20.95884123132197 -13.39013423182254 6.46348143259737
v 21.09237524006527 -13.44471642795077 13.37596053535787
v 20.94647880519145 -12.02075255718515 7.818379116381185
v 20.72653342027443 -11.74012089511042 12.18230565174864
v 21.44323527618518 -7.859407405706029 3.677382159753595
v 21.6636080938205 7.108149064499308 5.024455015818415
v 21.30800794863871 7.561888077525145 14.01115093536168
v 20.83537179374088 -6.173210252282263 6.027577336545107
v 20.88994372346662 -5.961689349197838 13.63895683362546
v 20.85623388053161 6.11730859612647 3.868423286854359
v 20.8368 6.18961 16
v 21.17259982082101 10.36351677735676 10
v 20.81014783751083 6.246763497786142 8.135358451348809
v 20.78565458515536 6.326853351134721 11.68560196781845
v 20.8101445138434 -6.272584575157766 1.788227494120252
v 20.84895827157042 -6.15174206812503 17.98870771828109
v 20.8546 13.4456 0
v 20.8546 13.4456 20
v 20.97351483874184 -13.45588365672453 10
v 20.99200682526964 13.45742581337711 10
v 20.8556 -13.446 0
v 20.8556 -13.446 20
v 21.17535 9.308505 3
v 21.33293394258425 9.208187467322073 17.20089542366166
v 21.52845816097896 -9.579805430930312 6.613550396625333
v 21.56696719004562 -9.539075185757959 13.3101515533541
v 21.4924258451945 10.52433517882684 4.970876193439416
v 21.34589018563365 10.62333106989159 14.84556065833146
v 21.05897332372252 -10.53891693829284 4.884409470228845
v 21.29068433068915 -10.32363205290977 14.68879114134231
v 21.1196380047725 -5.12480488167071 7.937251050910042
v 21.11976434973308 -5.11508310973508 12.04629631064627
v 21.1322 5.09061 2
v 21.16296445975764 4.946383776380509 18.25917826249066
v 21.17434243729543 4.869022548842545 5.66121766500911
v 21.09996322395345 5.186482093866914 13.76541705690361
v 21.11935834464461 -5.139468045840156 3.852627474597261
v 21.06919363357264 -5.327265457565143 16.48897763995479
v 21.336 -7.531 10
v 21.17839803921933 7.481807060344804 10
v 21.12771068820511 -7.45189532632379 0.01830922147004126
v 21.33970729402985 -7.531769633480133 20
v 21.30752662439723 7.524393735532682 19.99753041380448
v 21.55565 8.391185 7
v 21.69356361777322 8.339372100997636 13.22094182788531
v 21.95759237601692 -9.016018875945703 2.590986216114927
v 22.05547519889628 -8.273694393731157 16.32284097930775
v 21.3637 -3.97683 0
v 21.3637 -3.97683 20
v 21.364 -3.977 10
v 21.3696 3.97766 0
v 21.3696 3.97766 20
v 21.37 3.978 10
v 21.33003926404031 4.134097870844879 4.340633892787938
v 21.29684914234995 4.290762846014596 15.3778553210343
v 21.3178497780256 -4.211367771117337 5.572434352974434
v 21.3444916144741 -4.097230552011513 14.27329983475518
v 21.15150212483492 -10.34437897662621 10
v 21.37436800512636 -10.535246217509 0.01452343385154679
v 21.3871 -10.5581 20
v 21.32318248112648 10.50005104281152 0
v 21.3874 10.5583 20
v 21.4701931666676 14.65888035280514 3.833912594783688
v 21.35824783481242 14.82258856019389 15.87458905618272
v 21.53926897899942 -14.55380264627808 6.350481903606426
v 21.40658485739834 -14.75715247646956 14.00627608883759
v 21.46881388385541 14.61404548008661 1.857682551531423
v 21.43752333978819 14.69501102937363 18.00523981689643
v 21.59277505002023 -14.47301500926056 8.396472631491354
v 21.47509032956913 -14.65473523241962 11.92163716834944
v 21.44825852879682 11.99073077863974 1.473475873980931
v 21.58796369803956 12.20135339829934 18.47092350925763
v 21.77997807851573 -12.47505486278807 8.501097198403713
v 21.4484 -12.4776 12
v 21.64280488998444 12.24612220623995 7.845097296442813
v 21.83739683113905 12.33915591874125 12.01042927614289
v 21.32713377508078 -12.19020785258309 2.188357884551879
v 21.74109956236152 -12.32641865419602 17.97372751610947
v 21.5319291846041 -2.919714686408921 1.881758217048043
v 21.55867651454335 -2.700523209567889 17.72994132648828
v 21.51546978223517 3.022686186508484 2.359460392601164
v 21.53145448354715 2.921251478007958 17.82105571481815
v 21.57560992814624 2.601812590291372 7.554091349812446
v 21.57679541215718 2.590613823553553 12.46569970212326
v 21.5111998221604 -3.07720869047221 7.591900464586133
v 21.5328369878456 -2.954536506793053 12.23773151415797
v 21.84117423287461 -5.878242393060461 12.99914144780054
v 22.32015521442826 4.671405360382006 4.968320447595528
v 22.33152435160824 4.555794383454263 15.23046562686331
v 0.1551384986635984 -17.83972529185189 4.99
v 21.75575096420803 -5.960824509775583 17.24682808345773
v 21.66359854239521 -1.69754586358513 4.042927021329367
v 21.6666035990005 -1.641116662299268 15.85773226444627
v 21.665 1.688 10
v 21.6654 1.68913 0
v 21.6654 1.68913 20
v 21.66934652398433 1.710285928577966 5.978627306303124
v 21.67266748603918 1.647906184962151 14.13115656327883
v 21.6714 -1.68851 0
v 21.6714 -1.68851 20
v 21.672 -1.689 10
v 21.72285926193963 -0.510943377197504 6.131693199170413
v 21.72286462694994 -0.5041615034315714 13.85638455569661
v 21.72173012114049 0.5899561295327073 8.067116826559197
v 21.72028632365482 0.6179016538408568 11.88369075484899
v 21.7293979053377 0.3357748575305409 3.560210360661817
v 21.7292526284425 0.5194729717930197 16.11695209443575
v 21.71747912465935 -0.7923794981337161 1.581356325298672
v 21.72178917302212 -0.6888309623479549 18.2143609771446
v 21.8479 -7.62134 0
v 13.29312350949172 -3.50802800685408 20
v -10.01315530883508 14.49188027725176 4.99
v 21.848 -7.621 10
v 21.848 7.621 10
v 22.02667698308594 9.660756963382386 8.134124421525392
v 21.95339100371012 9.706430663947751 11.72765145647933
v 21.90544705695177 -9.365618536690157 17.92645964293648
v 22.09982523255268 11.37859071421026 0
v 22.0715 11.3378 20
v 22.0716 -11.3379 0
v 22.0716 -11.3379 20
v 21.98519869552351 -11.23916055840634 10
v 22.0399459090611 11.30150045119366 10
v 22.33786227586889 11.2503281114385 6.109773567793403
v 22.14859931660385 11.3731611872423 13.68010735952536
v 22.36038742923948 -10.71646885930362 4.80860709573469
v 22.1635941067997 -11.30293064591967 16.19632876679224
v 22.1514 13.613 2
v 22.22499465995215 13.48588195099175 18.21582011716171
v 22.25132227658266 -13.44129578974583 8.291518183793162
v 22.37026355873575 -13.23588187627809 11.35973153867247
v 22.53746708861815 6.230669777462803 2.989532426472142
v 22.53037323644575 6.344207905520689 16.83887943427982
v -7.12039621563042 16.20707814085443 4.99
v 22.70761246082608 -6.563224723322651 13.31433955518876
v 22.27141128753873 9.006191404570833 2.312583619136224
v 22.15330533222505 9.078632697545389 17.56308127548559
v 22.01246463235127 -8.658816583218011 8.255448022340566
v 21.82747226314828 -8.583727075572085 11.65181150431613
v 22.171 -4.127 10
v 22.24300000000001 4.146499999999966 10.00000000000006
v 22.24325000000001 -4.146265000000001 0
v 22.2432499999844 -4.146264999995818 20
v 22.08971904671336 4.111897875407781 0
v 22.24354999979862 4.146224999998504 20
v 22.23424547324068 -3.65966436303266 13.26114350263997
v 22.1857 13.5568 0
v 22.17969113542809 13.56607926565734 19.98375763056654
v 22.186 -13.557 10
v 22.186 13.557 10
v 22.1861 -13.5571 0
v 22.1861 -13.5571 20
v 22.63557682783711 -5.949759431272327 2.856219351685025
v 22.38850108152511 6.145326373520471 7.459158215636487
v 22.62101495207142 5.999592101887888 12.7706969620891
v 22.26023408610103 2.480984606504014 7.202065363750265
v 22.35641741101165 2.332424150790849 13.06178144259775
v 22.67823618032155 -1.317086035117848 4.841202592552182
v 22.69007641435949 -1.248606975810223 15.03980755369414
v 22.60413031027919 7.725909480407759 5.032168652198527
v 22.5744 7.67348 15
v 22.75203197661623 -8.060834967331189 4.712536026065002
v 22.65375234229553 -7.440420209741836 14.60551347787195
v 22.5583 -1.7517 0
v 22.5583 -1.7517 20
v 22.55815 1.752225 4.728337107567533e-17
v 22.35887170911836 1.742841642336455 20
v 22.35176011988803 -1.741740009301658 10
v 22.63736202432764 1.751556904978005 10
v 22.61834560265274 0.02503390897275037 17.00085584593451
v 22.5886 7.65756 0
v 22.5886 7.65756 20
v 22.64611557324219 -7.653618942604224 0
v 22.40023819237599 -7.648177866008281 20
v 22.589 -7.657 10
v 22.75390968546358 7.646334991384112 10
v 22.7158836433209 -10.1187046167237 2.166063450525526
v 22.80866090381618 -10.1680436306075 17.75774647305429
v 23.01161515107746 10.0102211099234 7.303244235839897
v 22.81899389300313 10.05367509965971 12.38031142664589
v 22.67751870593594 9.994184327219315 3.96257740692726
v 22.78769896632891 10.04632336759097 15.93878503670491
v 22.74906630845827 -9.958766313881878 13.90662582298051
v 22.7317 4.32394 0
v 22.732 -4.324 10
v 22.732 4.324 10
v 23.11613143143378 -3.525379767090594 6.90512280204186
v 22.7344893154274 3.555474669024581 3.075376229044132
v 22.88375340344023 3.483334240324254 17.04114980780421
v 22.8334 12.435 0
v 22.8334 12.435 20
v 22.8338 -12.4345 0
v 22.8338 -12.4345 20
v 22.834 -12.435 10
v 22.834 12.435 10
v 22.75788536208303 12.56354813481173 8.315755081481273
v 22.92673659890228 12.25596638049018 12.19995652523041
v 22.93603853769129 -12.20195229791597 2.288217696387293
v 22.92513217698529 -12.25942158963609 17.8055728240542
v 23.04375033337805 -2.4385793410235 3.174639619990371
v 23.17839022128395 -2.56718829941827 16.93306674003608
v 22.93625400945032 3.04511276299037 7.861721911626591
v 22.97414585892308 3.197405725582703 11.92779138958096
v 23.10574370303364 -6.89735828806206 1.216746676316412
v 22.9586 -6.46463 18
v 23.33241483248849 5.845031724013446 7.04075322255566
v 23.51320207644721 5.551450405851543 13.41293068754622
v 23.08926743255957 0.6084419753011523 16.16499720236364
v 23.12572316738729 -1.699896661793269 10.00621511583357
v 23.076 1.70664 20
v -0.4178913881944333 -7.25 7.28779858645713
v 23.34617789506319 5.844501591591101 1.706807377178628
v 23.30650269221202 5.984898172464021 18.05440143801059
v 23.05016265478405 -5.775180770912074 8.101832262550813
v 23.33015161965697 -5.593523799945363 11.37090514580095
v 23.13046892428488 -0.1897360189046222 6.866289222763265
v 23.13085000000001 -0.1087470000000015 13
v 23.40386320417308 -9.030834363844832 4.287118443497187
v 23.15402375271554 -9.027893765788692 16.04042451634551
v 22.80355929727965 8.983249436157243 6.387201695361484
v 23.07509490409879 8.870607166334009 14.05372142233066
v 23.25512258094486 8.84136474341096 2.057669412508588
v 23.25799483324823 8.951516128560675 17.74831589927696
v 23.24912435338636 -8.714974958636999 8.159096991359256
v 23.17964936698329 -8.781720935417368 11.94347605976053
v 23.50941505820243 -4.809485569619017 4.666156141823652
v 23.21598504634151 -4.49715527140332 14.74525363417083
v 23.46593245434124 4.712941896838011 0
v 23.25137671106329 4.591141493397745 20
v 23.55329300602826 -4.772994525776085 9.997718586129507
v 23.73835641398751 4.89483927515273 10
v 23.3912 -4.66297 0
v 23.3912 -4.66297 20
v 23.5142112614925 -11.08582906039217 2.219781201341872
v 23.50856190715152 -11.07736673908924 17.77818565996409
v 23.51665543173718 11.08152602004395 7.772494842445321
v 23.4535 11.2229 12
v 23.51403784656746 11.09058203809778 5.882471570407757
v 23.5478115518001 11.01445292492248 14.23989692681195
v 23.48643514583749 -11.15312855423238 4.01715321803113
v 23.49625302810814 -11.13100230895934 15.94728118779881
v 23.65390381946541 3.516489139608524 3.204269105943426
v 23.67270339597656 3.129614166466154 17.43941900750832
v 23.74706721544056 -7.661263290209661 6.32480035834848
v 23.72977993690117 7.784970592727743 3.849098607444688
v 23.5739 7.74559 16
v 23.82260682150967 2.980629992004022 7.12273265252215
v 23.65915087282082 3.088085965554562 12.56903290924286
v 23.90093316134537 -2.870011927462684 3.113806369656276
v 24.07454655201418 -3.093761064894597 17.06788946321304
v 23.81837197420307 -7.555140786083891 0
v 23.44287308058142 -7.601891632771753 20
v 23.75315630652064 7.56694373366191 0
v 23.6245 7.59017 20
v 23.625 -7.59 10
v 23.63162544753254 7.588804999189337 10
v 23.43074791570889 -2.479243992066155 8.581045280559387
v 23.48024812470535 -2.629931563926081 11.67807596567386
v 23.8008 -1.54992 0
v 23.6227631620714 -1.588489731431396 20
v 23.92278909017809 -1.520455357415863 10.01943977683058
v 23.801 1.55 10
v 23.60218377882741 1.592702453297902 0
v 23.8011 1.54963 20
v 23.74057863425439 0.4922418630572281 3.315053800165278
v 23.73376288514232 0.2411623494929098 17.08269895203379
v 24.00936595054732 -0.7365098419951857 6.463586608177378
v 24.06435982056425 -6.445846136303739 8.213972859344063
v 23.93866526273076 -7.282627930902644 12.96694721218297
v 24.13693058135299 6.672186053641772 1.990352964873112
v 24.14895762712183 6.539562712270556 18.19523181946054
v 24.04338025344398 -6.265659677815913 2.105209299433157
v 23.92364698381921 6.613954859414101 8.43963145509279
v 23.89142889926832 6.398751187473384 11.92338918374143
v 23.94005522991597 -10.13259666572899 3.75380126050421
v 24.0084 -9.979609999999999 16
v 24.11998035112294 9.691260420931032 5.545237633334961
v 24.09203490476782 9.763790674221323 14.3405594800483
v 24.0336 9.91944 4
v 24.00017984791642 9.994772171071574 15.87891249245081
v 23.93634202433042 -10.13918790296481 5.646955349865689
v 24.08973871996072 -9.773269441932412 13.7698942000793
v 24.254 -5.239 10
v 24.254 5.239 10
v 24.2544 5.23901 0
v 24.2544 5.23901 20
v 24.2545 -5.23904 0
v 24.2545 -5.23904 20
v 24.52189088002502 -4.970759112860296 4.063007662288075
v 24.28311334044754 -5.101857686413308 16.03601912104621
v 24.3286794902661 5.319305759564042 6.427992189610256
v 24.45262641556244 5.127571306546002 13.83648015645352
v 24.40562404737398 3.764213046220356 7.781259748384467
v 24.25366914737018 4.117475758071809 11.57966562743402
v 24.62796971446769 -3.997533657717676 2.092501657019634
v 24.75644797825614 -4.206215542012137 18.05872754595731
v 24.50869049241393 -8.676058364413347 6.051577041979294
v 24.4978 -8.709429999999999 14
v 24.50483329254429 8.689246914793289 3.96811133059771
v 24.59399145903122 8.416036144000637 16.45413904348198
v 24.46007294168952 8.80070401585788 2.276954667152813
v 24.5198 8.648020000000001 18
v 24.5830674881517 -8.453188243604028 8.301038129602389
v 24.54164524026037 -8.581224510695911 11.89668143073809
v 24.33269805439456 -3.827476814805989 6.025539850029551
v 24.50690469256969 -3.696079308701326 13.82725854945206
v 24.64707807873823 3.955531003632864 4.331698718080395
v 24.72994752175144 4.08010279236174 15.41189110576876
v 24.6495881133727 2.876083033836848 6.303787193879616
v 24.88471967567192 2.72924102163809 14.13545343604485
v 24.69603660988573 -2.736819012781635 3.941595220850809
v 24.66992476560435 -2.576631625424588 15.85300710801157
v 24.72798826235797 -2.397314000567956 8.152839610907197
v 24.89997602243215 -2.566928740590996 12.23224566216236
v 24.621446413662 2.686617794702624 2.255188831029453
v 24.73494468993611 2.407188579723975 18.13183398046707
v 24.92706580797962 1.187158538498384 3.568288423098589
v 24.90882121099188 1.430768412710696 16.04634480321849
v 24.79638915555752 -1.638396735185034 5.643268396169837
v 24.91314299548681 -1.284930656864468 13.72935833921878
v 24.7835 -1.21691 0
v 24.87841042555637 -1.17224845564834 20
v 24.784 -1.217 10
v 24.85942662257919 1.181472062708972 10
v 24.7844 1.21678 0
v 24.7844 1.21678 20
v 24.77279271862365 0.03431159757185667 1.94885133328496
v 24.71246369611224 -0.09338761960920849 18.21894791335868
v 24.95457633189397 -0.07648346103693569 8.126100281040843
v 24.49256462738494 -0.05619004056816698 12.15576195947624
v 24.95209634060103 -7.296546006896912 8.18082136536327
v 24.96799106820751 -7.237513195166467 11.72935253909291
v 24.88408176567356 7.527101350923082 2.172002056956861
v 24.92267463720626 7.407364284904236 18.01285105766245
v 24.9386 -7.35314 0
v 24.9386 -7.35314 20
v 24.93209984941526 7.373610021540122 0.0319816257028267
v 24.93092934335658 7.377228030625357 19.96243123320564
v 24.939 -7.353 10
v 24.939 7.353 10
v 25.26553971701081 -6.093850231434628 10
v 25.274 6.101 10
v 25.27724996772439 -6.086567315397282 0.02213610487975126
v 25.2741 -6.1013 20
v 25.2744 6.10141 0
v 25.27284477681328 6.107184534905706 19.99121342832364
v 25.2893 -6.03788 2
v 25.34251809473375 5.787263584611936 7.623894138352859
v 25.54721726285073 -4.823905802598008 1.919306133877232
v 25.49840818457917 -5.052190286390283 18.4236951189096
v 25.50158516394443 5.036937436858359 8.40122821254355
v 25.55138707559387 4.804091196617481 11.94862715555934
v 25.52409224298924 -4.92626017370956 3.669336956908929
v 25.53659280249481 -4.867076490257317 16.2417859758634
v 25.571 4.70588 6
v 25.53319665726008 4.884799701473847 13.73131952565797
v 25.74165785510957 3.587119839550435 6.245493354663907
v 25.75868061745127 3.517300062630596 13.8637522595645
v 25.78065037577498 -3.357820617527874 4.100769642459756
v 25.70141119566371 -3.876722892467408 16.67059901570833
v 25.77152925715326 -3.427349741225106 5.901838685785731
v 25.78307369685804 -3.350047783427916 13.98330445436646
v 25.73935617715878 3.633940596066648 4.40571801932975
v 25.76768720691945 3.453554300375027 15.86256824734329
v 25.91555012972633 2.087679214081489 4.022930789071107
v 25.90658743716546 2.171985202751612 15.85250086400908
v 25.94978170936126 -1.467646801062161 6.889909845514115
v 25.89747124021939 -2.25896573576268 14.27559082391406
v 25.930320927565 -1.854451531515279 8.22506266374101
v 25.91331061882347 -2.095919949946877 12.13071665969463
v 25.92758232678717 1.913665898971029 1.862379085261244
v 25.92346656969702 1.994171647362182 18.01918186178461
v 25.98544030517395 0.8015423440376694 2.130402597973973
v 25.96154496187444 0.6280181222388688 18.10486927030654
v 25.9905222105982 -0.5352781440543711 11.73857576682756
v 25.9919 -0.648279 0
v 25.9919 -0.648279 20
v 25.992 -0.648 10
v 25.992 0.648 10
v 25.99108459998876 0.6483365490957808 0
v 25.9923 0.647764 20
v -7.471213529667694 1.55947543964808 6.754223570823644
v 15.99467863768225 -5.814432021721083 20
v 12.32103146910238 -5.581134989185236 20
v 4.202150479270244 -7.221661896761816 4.151861513797074
v -2.052674524761229 7.25 17.80142178777407
v -1.923064570592312 -7.25 4.934964931812607
v 10.44199079538529 14.14862896466413 20
v 15.53346712401669 2 0
v 7.158792749464981 -2.100610547889982 16.45100802121512
v 7.123689445937671 2.161405392220388 16.76504964968647
v -5.106182304247596 5.655828854300117 5.076101121166074
v -13.57514685126592 2.372434210707833 20
v 2.036134270512566 -15.40271846643322 20
v -10.64697013168828 -15.92889406478143 20
v 16.23704664388966 -9.828305787605769 20
v -8.983684311408823 10.65730080324433 20
v 11.91885835268629 6.287328250504209 20
v 16.61758721674128 -4.989609202368539 4.99
v 7.465845807920994 -16.37158076095967 4.99
v 3.553247565539547 -17.63609639792368 4.99
v 16.6230884547964 5.84759177485122 4.99
v -13.42677496591084 -12.01523846300643 4.99
v -10.61886850160163 -14.40849176737138 4.99
v -12.99682906497891 11.33041639170637 4.99
v -4.23141025647949 14.52347666794916 20
v -5.502151433263879 -19.18210985990204 20
v 15.28368986522709 1.856192705920302 20
v 15.35773180529412 -11.94494402796477 20
v -14.48501866622968 -12.48243715419407 20
v 7.917825608537653 17.15540388473786 20
v -6.52277277152476 3.202220588925782 12.72314660276576
v -1.866776888466614 15.43733005401019 20
v 1.748205407413266 -7.25 17.03539978975895
v -11.28259309771989 14.61381993292142 20
v 5.137701192800707 -17.46359933623871 20
v -12.11780721851669 -2.711964677652398 20
v 16.48430192038818 -2 2.768123674303888
v 6.548127720317525 3.15831595736534 6.890970454417552
v 1.48633920589567 15.8543011504594 20
v -22.19290842638495 -9.913918936637726 3.86268890085233
v 10.78810931087373 -7.03769722433163 20
v 0.764321029440465 7.25 7.995479307485803
v -22.38644859212741 0.3660845452323245 6.416322642369328
v -6.789184315045102 2.740782709828113 15.41406466363698
v -17.07321815902318 9.84238479284191 20
v -1.415269935715203 7.25 7.410649816704186
v 7.252426042303003 -1.938425644960851 5.095798915738667
v -4.170480855079652 -7.25 6.435022329789123
v -8.278243806819157 9.309099584565498 2.455312714073002
v -9.9324320980281 7.208775713240548 2.263343221936838
v -12.37896346659007 -0.1376474742720663 2.383430992549123
v -11.57083482282332 5.307267125312721 2.734074922853244
v 11.54384124347601 -4.914074132463495 2.556208405342098
v 6.313433663550335 11.00508169832138 2.681062701665287
v -6.405443873644365 -10.60674277183908 2.404056623710266
v -11.3347985860844 -4.961232610079485 2.370954834120697
v 11.29471942351062 5.086824004864257 2.382808321854655
v -5.971842291230558 10.74352367227353 2.301104019812561
v -12.11286986929299 -2.720757177182939 2.418876210740759
v -11.79688263787945 2.65235591392431 2.095442760688486
v 1.392067740368258 12.30849486179796 2.386877493107239
v -1.3086625 -12.436155 2.495
v -4.048953998872957 -11.69282848822392 2.386718122097179
v 4.021770070669814 11.8053375930743 2.47895085052225
v 3.862722499999283 -11.89326500000015 2.495
v -3.500584253828185 11.40335917629547 1.937444868227382
v 1.063073542058714 -12.34415454662788 2.402165538437835
v -1.30713 12.43648 2.495
v -8.368610349975858 0.005144108268833934 5.538537368180821
v 19.03529898741627 -2.152491329690673 20
v -16.73259217885163 -6.92310280629912 20
v -19.62652696966734 -1.496978188960006 20
v -8.393018104820039 -8.418414945256318 20
v -6.43241448648342 -3.358727666355009 15.81083488719651
v -19.03414203061764 2.632587766523292 20
v -13.76509734294085 12.29114812760724 20
v 12.32613 2.559335 2.585133
v 5.081477891881292 -5.698614113031185 5.117092680258555
v 12.22508815621887 2 2.425291355616568
v 17.54935205770454 3.381309659241642 4.99
v 7.007329413266093 2.362951979321828 3.9366940437974
v -19.98284312275425 13.27163721753091 20
v 19.04049845006987 -4.849526326599377 20
v 20.26247447934881 -0.06953444699231046 20
v 14.43329557397117 8.16768024616834 20
v -0.7551887431454632 -7.25 2.941384804933441
v -15.98688317941253 3.625687537121431 20
v 2.291165437704371 -19.47547047950813 20
v 18.93648591074929 6.086357293479937 2.33183204675271
v 18.84634806182483 -6.363760866150901 2.234961579102729
v -18.78919455849644 6.539653526150383 2.178506479739224
v -18.92844379634092 -6.111107288019763 2.750268017789892
v 17.33305218452631 9.759105205393562 2.988269125848141
v 17.10785630472572 -10.14914994129786 2.935039012692895
v -17.14582504922352 10.08338715321588 2.777533170772263
v -17.23744093690204 -9.924706209559858 2.823675098211079
v 0.1682029815535078 19.8904 2.63393757075874
v -0.1393276615841557 -19.8904 2.97339318100016
v -3.884183762752052 19.50915889256355 2.394515502485036
v -4.282892815318581 -19.42441139346309 2.541260383767621
v 4.443428468494003 19.39028877940279 2.208859154587078
v 4.017078115023804 -19.48091156803678 2.16157961290659
v -19.72792037057708 -2.588946630332372 2.505169757989005
v -19.78970178600469 2.001071721697265 2.38408631207897
v 8.042549042614395 18.19200193947366 2.438258682623516
v -8.223289077302741 -18.11153234192021 2.395450967552843
v 14.87891373959419 13.2010541796236 2.409159235273579
v 14.75967466731632 -13.3334842634002 2.611174856541069
v -14.93995041783496 13.13326522204068 2.514095363494619
v -15.04791351879758 -13.01335853179117 2.181495556139084
v 11.77511911671947 16.03080191531669 2.263763702908443
v 12.05574646018174 -15.82691444434972 2.576675883945589
v -11.6913 16.0917 2.495
v -11.43362618473278 -16.27891077526185 2.483772919186602
v 4.7745665968721 -13.77384619281558 20
v 8.354019910845539 -0.03041260483450496 17.21809586811651
v -9.512348665685174 16.79681576415882 20
v -5.235976224988992 5.431024490729419 12.1114110896886
v -2.421528549712213 8.828621052230584 0
v 16.40738491293246 -17.3110062258279 13.4945866292351
v -4.823277323308579 -6.131994140870232 17.22652492388755
v -5.869608606065007 4.333538750010616 11.04675918836277
v -15.91244837041986 -17.04584805760038 11.41198827666961
v 18.08229346693212 0.4683723404508063 20
v -4.624141830352888 6.490750430081349 8.859987264530378
v 5.40442039144272 -5.139267052189465 20.01243961790669
v -10.8074841046883 -11.48345240435872 20
v 19.53673295352743 -4.239068100996952 2.722803316009348
v -5.34526102554035 5.24172639011016 19.64966695074399
v -6.574642993184595 -3.112388189960971 6.585718830907996
v -15.15994118689355 18.4931522357358 16.20698349688287
v 4.200050666106308 17.00622009855259 20
v 5.754249165407286 -4.533349410846644 15.37106775457099
v 9.213843262818722 -5.371851248861895 0.714093305000397
v -15.22308878744309 18.34807637322732 11.06039728883897
v 7.880321364843065 -0.8508810268651669 5.889710176063913
v -8.926307570128158 -0.5429228770388429 0
v 4.48069643547821 -10.03453578749369 1.0403243983231
v -13.7674326185644 -18.85979709551993 8.614959801554303
v -10.17471707734046 -8.94971862525173 3.61442757925719
v -3.575484713247509 -7.245213750530773 7.956961857060266
v -17.89438730834861 5.343424440620534 20
v -5.551030579461996 -4.885330748388999 18.44104390989589
v -11.95321908016746 18.75483758217301 11.26846203954472
v 7.912010805008066 14.29115950161708 20
v -16.70860273693756 0.47938917387957 20
v 2.1861106985098 7.25 17.43201331736456
v -12.78841436961472 -17.48872683090185 0.9617147388214045
v -7.888739127934372 0.8363079860187002 1.643379379420328
v -13.22391027325677 -19.84828845243483 20
v 0.004897451914897877 -7.25 12.70101886734945
v -4.535940519309873 -6.643516998199142 1.617286560722649
v 2.438133277440257 7.25 4.7977751456973
v 7.5483989078308 1.42578958613452 1.625201022000661
v 15.89504245145144 -3.358735697593772 20
v 7.01726280706693 -2.345748870680532 9.36252389748142
v -3.509864405917814 19.08370181468133 20
v -0.3647327188046572 7.25 12.46975638168999
v 7.879178672792042 -0.8528636193081341 12.5814362872425
v 0.9916770498662206 -12.41025726699332 20
v -5.599473608766302 4.801422005952002 10.0548449319073
v -5.692699136373122 -12.34806711664893 3.660842643963458
v 4.18579 7.25 4.52275795720632
v -14.24816152606435 -6.464356969833714 20
v -9.635459563984622 -20.38810611053772 6.107660035618332
v 5.446362018609932 -9.500758112541693 0.944613876897022
v -7.609105721063659 1.320638621863921 19.44690893095316
v 17.33261978563995 8.461036506798999 20
v -17.34195622843465 1.758316758740631 4.99
v -17.73332717933321 -1.610610156533999 4.99
v -4.010822486212316 -17.35870548001621 4.99
v 3.641297417161302 17.68414558637886 4.99
v -0.1853645586750549 17.51917234445628 4.99
v 8.140449676417104 -0.4003299129044318 2.664061704711349
v 10.66815455583528 14.14477522939304 4.99
v 7.344668105867091 16.30198669665448 4.99
v 15.65529870013045 -8.562960061850687 4.99
v 15.52523394120489 8.642588722129188 4.99
v -15.23978966443565 -9.129356284369017 4.99
v 13.46066945267513 11.48898641168707 4.99
v 13.34523632919667 -11.99729026809108 4.99
v 8.866899508825924 9.994582522521846 3.360834997523597
v 12.83104787416612 -0.1323544124472297 20
v 4.390979708742278 -8.317709882313086 0
v -13.58303404750459 -0.4197330697271842 20
v -8.152279296748119 18.14314752044688 2.629901059262544
v 16.86367015418361 13.69592451362193 3.084942949297902
v -6.059486899655308 -4.004656909589464 3.280895875847858
v -2.991371271131798 -19.34743671858198 20
v 8.365702849022188 -0.0101787336424489 9.078260893102325
v 24.2950321290188 -6.219307012902981 17.91755661920942
v 10.04994672492372 22.74679239351384 17.7161788774687
v 13.59038848477078 13.35588915987496 20
v -10.93468306270445 3.532120951114531 20
v 7.457997744715562 -1.582369641278599 6.329653074165364
v 13.02270144679038 -13.54980855088392 20
v -12.39883147816064 -14.11142152268153 20
v 6.108338994465191 3.920047091758559 2.488309820514705
v -7.301022143708368 -1.854268307408888 0.4689088347642888
v 10.19300034356847 7.972894126483831 20
v 8.086706130953091 -13.23946922777005 20
v 8.94006121462254 15.18721496320732 4.99
v -23.37216577913023 5.419504425414225 16.34076266361692
v -10.90290664885277 6.088493377404784 20
v -10.71981450450636 22.38613892202767 14.78967806463457
v 11.81909423575966 2.976835952760404 20
v 2.909250278330585 13.31277147334861 3.691812874973907
v -17.42402237560602 -3.62934111165264 4.99
v -8.215087059940537 -22.64823229576259 9.017455601557083
v 5.585876570053347 16.78470091552356 4.99
v 5.407795 -16.64345 4.99
v 17.23471136703868 2 4.99
v -16.08988808605841 6.755673121216349 4.99
v -16.21258330667593 -7.441680702650466 4.99
v -11.505903648039 12.90952200186927 4.99
v 11.48937209029006 -13.26213180409252 4.99
v 14.2448205308611 -10.17230110683524 4.99
v 15.1517537646412 18.1213503584192 5.982561791656684
v 7.322625680463005 -1.816848298297653 9.163182353219559
v 12.2972925 -2 0
v -7.219823883271554 -21.92675900520002 14.98175976611399
v -18.50933360850793 7.681303535402675 20
v -4.863569181770581 22.89584027121894 14.67882445017682
v 6.144519697953956 -19.02871377499679 2.698756813325324
v -5.476749293266783 -5.013988281740464 16.19100824634199
v 18.2709 -8.134729999999999 2.495
v 16.24399826702892 11.64537305368615 2.798487488408766
v 16.1803 -11.7557 2.145507628419709
v -18.19867814437795 8.2598200088739 2.354497910676571
v 13.47287933695281 14.76263336820253 2.812254563352126
v -18.22091810698345 -8.221299853226899 2.476479648318475
v -6.061180256325496 19.04642796836405 2.63089175405923
v 13.34887242295845 -14.88740449161512 2.522047263864939
v -6.18034 -19.0211 2.495
v 10.05111080619767 17.28336586728807 2.728398388814488
v 10.10095267921991 -17.24715366745969 2.596061688727823
v -19.563 4.15823 2.495
v -19.53222832410793 -4.252931315056726 2.346666719054763
v -7.76674484360087 -1.047600532388747 9.486406348307096
v 6.18034 19.0211 2.495
v -19.99502927412389 0.04729844727648874 2.385690777389275
v -10 17.3205 2.495
v -10.0516786099934 -17.2829533341454 2.723075109820026
v 1.988571329925997 19.8904 2.673432986028842
v 2.09057 -19.8904 2.495
v -13.42944759966601 14.81086981031481 2.363710625992136
v -13.44589523855631 -14.79260262528428 2.619790155340413
v -2.09057 19.8904 2.495
v -2.09057 -19.8904 2.354218456713658
v -16.12176849591699 11.82070664456044 2.355282446348927
v -16.14034465657607 -11.80007546666435 2.478167714705453
v 19.7898 2 2.495
v 19.7898 -2 2.495
v 19.563 4.15823 2.495
v -7.544731086301146 8.687851422928588 20
v -2.663563525814385 -8.539255717827368 0
v -4.191485899885627 -7.24013409104177 7.820712716171294
v -5.861071198888839 -14.21573610882143 20
v 17.47639208647886 -2 0
v -7.477852233706205 1.547976335913094 9.579686634702698
v -0.4089684286700814 7.25 1.436668480009761
v 17.3018047362448 -2 4.99
v 10.4174358417697 9.130291864702164 3.917286123670793
v -22.19304008086828 -13.54107622395479 1.877888325899466
v -5.805753005640731 16.69147270356044 20
v -7.495198507600582 1.517930900365659 20.15052759683166
v 19.60710751616497 15.18330419994629 7.046352768957969
v -6.091515853751968 3.949180800551851 6.011624920482318
v 11.31855052836008 23.37129084692867 18.17942778483908
v 18.21344698782508 8.234240013151737 2.840910627250174
v 17.22249299381318 14.44199968363536 3.685741812183009
v -5.104071472197666 5.659484654537735 18.1434114516906
v -13.66327886784528 1.437808282716763 3.804405327225257
v -5.018081060213504 -22.73862042466607 8.964996135019828
v -21.50837473912667 12.7578824039739 7.843141527257165
v -6.382802605735431 3.444660515680759 1.081334353568477
v -5.23986676187296 -5.424280846848828 8.192069133030014
v 1.102031639359594 7.25 19.56481971763001
v 5.17154080951199 5.542628179593243 6.906931350528731
v -19.71636565948903 4.818639067560909 20
v 18.71551675369174 -18.04090013988065 18.34741131032614
v -7.253433142058086 1.936694198848681 10.35212546118023
v -4.746133710982115 -6.279453783047249 12.4238918826153
v -23.50703287848226 8.095208330213755 14.49321131381032
v -0.3284082567278457 -7.25 18.69091086374085
v -5.926849349888602 4.234393721520632 2.457794205899945
v -1.680293933854868 -14.21613374269317 20
v -13.7492346004009 -8.797392101995412 20
v -1.78637412234511 -7.25 14.79411187685666
v 11.63549036576905 -16.11654772570678 0
v -2.673768539387807 -7.25 12.66114821387171
v 8.37158 0 14.41828344875863
v -18.92218887373843 6.096630018431735 0
v -6.719432953086797 -10.95167610561759 20
v -5.847353594086299 10.48303206458966 20
v 5.941619529508865 -4.208814279143318 7.865500054254318
v -8.141606584661075 -24.68387027636377 11.21780297678391
v 0.01526131451497759 -20.31294792420219 20
v -13.48839593468617 21.37914126638065 17.03217795380695
v -6.250793554922772 3.673307089073446 19.82486848981229
v 0.3939881530817671 -7.25 4.102145781839456
v -2.41481195948724 7.25 15.44248632897404
v -4.348663438485611 9.877703941665995 20
v 3.300799240869291 -7.25 12.57872414873449
v -0.371456363277987 -7.25 19.97241390375795
v -0.06829764879751371 11.141952172622 1.193335188807525
v -6.118696631397352 -3.90210538215589 19.88821401419639
v -0.07806979950604931 7.25 18.15238683974895
v 7.742288235944242 1.089963556083592 3.530037124813196
v 21.06182350286215 -11.11769970987466 16.0543505161348
v 16.88747132716348 -13.66858391736749 13.02112714608112
v -5.33180559779805 5.26503509708124 9.587209709422856
v -7.112415532272191 -2.180932863567102 5.460550590565413
v 25.22999787412613 -6.146083340775245 18.17491735424009
v -7.971009811108253 18.33528202720987 20
v 11.39146334704833 -2.747995939485454 1.737456229063653
v 13.05121100626727 0.02190934204165096 0
v -18.91695 -6.146479999999999 0
v 18.91695 -6.146479999999999 4.99
v 18.91695 6.146479999999999 4.99
v -17.2256 -9.945214999999999 4.99
v -17.2256 9.945214999999999 4.99
v -17.2256 -9.945214999999999 0
v 0 -19.8904 4.99
v -3.994156741458815 19.48578361464088 4.958542609603926
v 4.135455 -19.45575 4.99
v 3.971101599852171 19.50377909023973 0
v -19.7815 -2.079115 0
v 8.044289977771717 18.19122683532079 0
v -8.090170000000001 -18.1708 0
v 7.223968188887469 1.987723229897791 13.54283846099598
v 14.78145 13.3093 4.99
v -13.52916383776466 19.40688578704857 14.17756058952189
v 14.78145 -13.3093 0
v -14.78145 13.3093 4.99
v -14.78145 -13.3093 4.99
v -14.78145 13.3093 0
v -11.82697626536281 15.99312553368544 4.977361633921896
v -11.6913 -16.0917 4.99
v 11.9027678745182 15.93805976810267 4.99
v 11.6913 -16.0917 4.99
v -11.65383650896196 12.0515286624412 20
v 12.39301811673477 16.056236588986 20
v 25.26704702579845 6.122327746456985 11.87134641071561
v -7.892504518878057 -0.8297837720653889 8.479876325565581
v 4.81017650177321 -6.168531969033046 16.90448397157616
v 22.77995372405661 -9.708543129306975 6.511558872792076
v -4.18579 7.25 7.498532304336423
v -7.026238505073113 13.40723700325958 20
v -2.475038838537068 -7.275639238826844 11.39678393357827
v 8.286361774414138 -7.691398812034103 20
v 4.442823426435872 10.05993076727667 1.047838774213274
v 5.972083655200809 -11.94061510660635 20
v -9.482190363062895 5.575380401778668 1.050091209870448
v 5.890878339690544 4.296703000245461 5.251613751768301
v 5.037012052991317 -5.775633826155405 12.90096358625731
v -5.879887579347248 -6.376416165500357 0
v 0.01483694035133887 7.25 13.76972645071511
v -8.37158 0 9.626499971827219
v 1.099413985668975 7.25 2.328127392535098
v 0.05094134208490952 19.8904 0.008782465194976035
v -2.630279169836123 8.141958424199325 0
v -3.116137602822874 7.25 19.1440080671975
v 2.292596449347765 -11.00972158304643 1.297742535704073
v 2.425276282335765 -7.25 9.625338824482199
v 0.1066421747283099 7.25 3.689227880481283
v 23.78203642748059 0.4418757472644572 8.202119943076385
v 2.466100290467759 7.25 20.12511704622884
v -7.863206342212544 -4.58996351705879 0
v 2.045430107405516 -7.25470744844095 20.70506638239778
v -7.805560072603618 0.9803733680492308 17.84630160121153
v 2.046347714558912 7.252255921163654 0.2934390284705819
v -0.08754216011412463 7.25 10.92941006173452
v -1.329843364902034 -12.14994672698716 20
v -5.579945994256514 -4.835247641688349 9.252434780047023
v -14.58627949932444 -14.53599974360053 20
v -7.979866660965286 -23.66190784732525 14.15966003424458
v -10.0550749451729 -17.87570985321346 20
v 11.7514558320584 20.38081022514132 0
v -8.275995219430126 -1.640073705853404 0
v -1.948063502754078 -7.253231738626488 19.98398218459391
v 17.2256 -9.945214999999999 0
v -0.7626415520907481 18.44275030043187 20
v 0 -19.8904 0
v -4.135455 19.45575 0
v 4.436832898002081 19.39169069917545 4.99
v -6.49948077699305 3.242570287434769 8.462799886631611
v 14.17043434466872 19.25447917691437 3.327297733030288
v 2.364301988752281 7.25 6.73810773366154
v 10.8725166453794 -16.68658026143073 1.32447632844479
v 11.76403331820814 16.03885621036235 0
v 1.06857459213351 -7.25 8.599929871196871
v -0.5822970063271435 -20.90072305438723 0
v -6.323417212369224 3.547514036903976 11.34144137869648
v 8.486588197668354 3.255715390097426 0
v -5.993030613661801 -4.11976334751332 1.187816328498094
v 4.18579 -7.25 19.67918977821406
v 6.480968410939026 -3.274636640768923 0.9345569226942763
v 3.172783343990859 19.66037042378147 3.636779070285901
v -5.814501831805648 -5.652414734814542 0
v 5.898179680188399 -4.28405235066316 12.1089798676684
v 2.11549188823825 -7.25 3.129993213495906
v 5.338754397027106 5.252999947651221 18.73720498733848
v 6.795225439590399 -2.73032419087484 19.27149277658911
v 3.704519653004573 -11.28017062435222 20
v 3.045227965133927 11.89878196411578 20
v -19.87499742831583 -1.189449527812929 3.708926950253106
v 4.184445085180835 7.252329536584015 15.61435389709821
v 4.895869877868617 6.020101641563367 5.567346569725691
v -24.79021048790164 -2.293151920542811 18.27269678772674
v 13.50512299823801 -22.21385510628325 18.18315280434972
v 9.68133445322535 5.528250368679132 1.19980972242293
v 3.447143671999217 -22.0513629326572 8.884511355331401
v 1.329964271046219 -7.25 11.92871730212051
v 2.426392221549739 -7.25 20.02596399542861
v -0.1886310692503028 -7.25 16.1523316678468
v 18.47091358828591 11.38481898665833 14.14073578155728
v -2.381736180626311 -7.25 7.378654063024659
v 1.220731370184129 11.13150243089898 1.193438746553619
v 0.0303526412464768 9.945220000000001 21
v -6.504959780519578 -8.875167250704303 1.054281905535591
v 4.592864382451597 6.544924690165203 12.59628770591693
v -10.44230826085152 -3.147672274315469 0.9539719257945674
v 2.981304063662057 -7.236588787256483 1.022972791859337
v -4.533386361652203 10.07489415520041 1.098629239101785
v 18.10686624586162 15.12631253929646 9.141874459266102
v 5.450025199187519 5.060280624840172 8.670516532429081
v 5.861890183972402 4.346906609978589 18.3351964666802
v 19.5862 14.39735 18
v 4.809291010462854 21.71445126598699 8.732342426793306
v -25.24357272525157 -6.083524227437612 11.9187826954625
v 7.719799842520696 -1.128911128744342 7.736872795510964
v -11.94032567267498 19.17002473062173 4.242182560986437
v -0.0858970565212136 -22.43511953316729 20
v 15.32985524604698 15.39351042593305 7.10945330004484
v 14.47449669350367 16.12363260041266 7.044139218152514
v 5.402323027998087 19.15960805039186 20
v 6.949246665983578 2.463552576766613 2.522330407661401
v 17.94718389545472 -7.757770299001812 20
v 10.15965074451326 4.535729768419317 1.117335134182915
v 8.946491333287216 -15.87910099692414 20
v 7.512884276980719 -10.54271956468464 20
v 4.657146418413541 10.69566075592162 20
v 7.470276656481149 11.31938609240939 20
v -7.058016032665989 -2.275155240522896 17.48579011252826
v -2.300130763769733 7.25 1.867725249257601
v -4.200370282052581 7.224745389103646 9.593949807818486
v -7.247834126613717 1.94638215284024 8.656013404550782
v -10.14531719404336 9.25324014017983 3.796667390029587
v 8.598472077025106 -4.987603088093254 0
v -4.497645550861893 -6.709843146792942 8.971475989385738
v 4.745461007592056 6.321474096877138 9.467993847126586
v 4.710127614910948 6.341818700856981 19.87708188598886
v -2.256966792108336 -7.25 19.18965754696414
v -5.417918710993842 -5.115883262117793 12.09465583771258
v -23.44458732359209 3.532740582782353 18.2589842620633
v 3.380643575702419 -7.25 1.926546207563773
v 4.479027303251981 6.80504974033334 9.765657462323212
v 7.038370515711672 2.309192539522675 20.05701742990394
v 7.111444521307197 18.60655096973683 3.714129341311758
v -20.96879507749222 -5.45856593041794 4.948206423587206
v 8.095579897799796 -0.4780451991739151 11.8185751094194
v 3.230500551859943 -7.25 3.337897448530661
v -10.98149220781413 1.073941104089967 1.084396974437366
v 4.615891814145422 -6.505037981915239 1.936574199146959
v 15.28415395742514 15.36240027704453 4.946150795186758
v 4.211174943434634 -7.206030557793349 10.48994133784552
v -5.354124368114404 5.226381952835397 16.54817988433009
v 10.41206111103235 -0.07666085825735312 0
v 14.65066266061904 -20.17626161216037 2.218609670319842
v 6.269380320592043 3.641113712334493 1.06071876871222
v 0.5840974065290119 9.131750117770872 21
v -20.64838769616102 -2.873076120953122 0
v -8.559911290004429 -2.998811729875011 0
v -0.9524548144216886 19.8904 1.263269662743765
v 6.54356638908903 -8.894142050125469 1.092862300289676
v -6.558289601691988 -3.140706685893579 12.26792054026694
v 16.94595821637737 13.5014703670754 0.8976846884973503
v -2.021591862134273 7.25 8.659404020993506
v 17.29156979763271 16.25446045332288 18.67536938590771
v -5.455291869103194 -23.6301914435454 16.45515918689052
v 17.64194738422263 12.73189484782458 13.15297195746419
v -18.77698645621623 -7.783427797506702 20
v -0.2452581641933265 7.25 15.75134321642444
v 16.8425880471444 13.72984528376869 10.90553228384546
v 5.009704729109988 5.822938134510438 19.99334716644929
v 5.540268006663378 -10.00649347953462 20
v 7.361739805389947 -1.749095392663073 20.49142357849108
v 1.689321976625624 7.25 8.861453656331625
v 1.207889066474818 -8.94971907164102 21
v 3.285663403222971 7.25 12.47537297883401
v 13.34931141526797 -21.40454803035452 17.19005769592403
v 17.71632926564133 10.39022910531059 20
v 6.268822068468637 -3.64208220166218 10.56691614064163
v -10.86930052629058 -1.142653282394075 0.9793998315096345
v -6.700822540443292 22.55293712589232 11.61129056964695
v 8.368597004050068 -0.00516629934222986 2.699422429588377
v 2.186885429824489 20.35578098086078 20
v 0.3749891547463309 7.25 6.18210783566184
v 19.08258231068256 10.33918198748486 16.00104862838744
v 5.726641354183315 4.581163607456472 15.94510858919741
v 23.20759364498088 -5.379481129239363 16.20682232409595
v 5.664330946049993 5.826974729316822 21
v 4.651246710277901 24.0906873885901 4.746847415825344
v -22.43237706160166 10.85688012183661 4.554673389339342
v 4.545247986569954 -6.627395433383702 19.58591289189559
v 16.68780352519223 11.4821731389167 20
v 11.398045 -2 1.598245
v 23.55699802537325 -8.21674447952862 14.5667844014235
v -11.91448346514622 18.10147142286795 7.170459600826383
v -2.702094824451793 7.25 6.303091593670688
v 5.385141412057019 5.172651496833534 12.05662656194985
v -0.7234614290754795 -7.25 10.38163542944922
v 8.138731548445959 -18.14917928787191 2.408437206090163
v -13.40334324853529 5.659903473188931 20
v 8.236454953104541 8.7763371500328 20
v 11.24021718344014 10.19330416059488 20
v 1.726504601954083 -7.25 4.450311843873565
v -0.01549783578009789 -7.25 9.440014383121097
v 6.521326602601079 3.204729361337186 14.84166445333648
v 22.21847902697692 -5.364485876018295 8.048148617130666
v 5.178964099918123 -5.529764139277815 7.438429080788282
v 18.72298177612796 -10.91002140072453 15.13843672813474
v -7.38686339402427 -2.467927958793053 21
v 15.87783442912421 14.76676305191469 4.543846217850517
v 19.31600638035252 11.77087928222563 7.944091224260949
v 7.853986570002481 0.8964941221636623 1.118716765777753
v 21.18474618800846 -9.38906943797285 1.295493108057464
v -4.816347847883563 6.157844177866417 12.52651429491932
v 7.484026583680473 1.50959899137656 20.10649043178967
v -22.11185 0.03128500000000001 0
v 18.82201166581002 11.23460261668179 20
v -7.430510636117118 -6.586990036349142 21
v 23.56162002261833 -3.520852340239052 13.1733616594839
v 6.849602879687927 23.15799724660433 1.289153857787929
v -15.97479160683326 12.44994966835437 20
v 7.765924175581943 -1.049023210464296 1.128581517528894
v 8.37158 0 4.561041477710076
v -17.60060355429424 17.98707048158302 7.995684913688383
v -12.53717740723009 20.85587022041818 17.1458881305053
v -22.16744531376265 6.825683269933243 18.62132315592249
v -10.55485524222841 -3.414985722299395 20
v -16.10929661885269 14.49613351807237 12.98883060681118
v -7.335473421871143 1.794590214981922 17.04089241644861
v 5.040224887836388 5.770066472097762 12.47455486110205
v 6.751774836128424 2.815260840612684 0
v 3.352622442152108 22.88757231444703 1.623151359004417
v -9.504748693635975 7.643792942523167 20
v 4.979431744957176 -19.27635874220524 3.56158923805551
v -21.89820981385585 -5.695702059970857 20
v 19.81064877160556 11.61936953801428 20
v 12.06470135497963 -19.39903644846699 11.65135221731435
v -8.377212092191545 -1.239170127808695 21
v -18.5276207861965 -13.92364158192173 1.819342623450565
v 21.67234618800846 -9.78705943797285 1.295493108057464
v 1.087550937623149 7.25 11.12146902580174
v 17.72890058926033 -9.073486149577173 1.567131246470415
v -3.191600794397017 7.25 1.534781187007647
v -9.499935340995087 -5.519522625538997 1.037784657511143
v -0.09084549710001988 -7.25 5.568682741975664
v -12.49393674696268 19.54021682137775 4.516694354003036
v 1.071210642278194 -7.25 9.863647800068463
v -3.784056181889631 7.25 1.501998009027165
v 9.471108067451933 20.54144579263473 6.519217001529537
v -7.023764195682233 2.33449119835776 0
v -7.427779756799078 -6.610603448947411 0
v -8.010058497117175 -0.6261696927364286 2.701306744486954
v 20.2181272219312 -7.937360365342701 8.682654065921685
v -8.261445199300272 7.503410706665638 1.211675009010036
v 7.482589118442119 -4.967034145918795 21
v -8.905065868176607 -2.162023373478028 0
v -9.620295865218001 -21.93651361779501 13.39051274932641
v -5.703717418452366 19.33709524862153 20
v 14.90759534226067 -1.217010842685977 20
v 6.060420529487872 4.003047213612916 12.9589395528883
v -25.50334963271627 -4.89051851673706 11.81080738784966
v 1.10033843186586 21.6437500062095 2.889278835754283
v 15.66023165879988 15.02816494255901 3.99955728207214
v -0.193393261485074 -21.87214837527073 0
v 22.28934043351927 -6.236952875212113 0
v 12.10244517287481 2 0.003273687718873751
v 10.46034523492591 3.361539605066388 1.037673736740308
v -17.96508359216776 -13.3588122476127 1.457121079152772
v 16.22870734149838 -14.36812809573325 7.283586554472853
v -16.51183042954834 -17.43317171236096 3.406252056678755
v -1.14258802272968 7.25 9.292668919024562
v 9.47140500000004 -3.037072499999933 0
v -14.36899159558793 14.52542111749861 20
v -5.895377543840984 9.047570566652869 20
v 8.128727437772675 0.4206335831047827 1.259081488683119
v -7.247607439492794 1.953237928074389 0.9786749141861941
v -7.867981077022826 -2.025228466150589 21
v -1.795622368892875 7.25 4.479901537652007
v 13.22391027210884 19.84828845309747 20
v 6.271419504671201 3.637583761789189 8.883084163667904
v 0.4065613713215952 -7.25 1.405645704214738
v 22.91784835433554 -3.628883359111409 13.21705581508591
v -10.33948049701142 4.327568503561005 1.222250429450182
v -10.79358631890188 2.368267956958577 1.047721380344243
v 12.41224504459261 -15.74320804327061 20
v -7.700555675634888 21.70957802468469 5.86825192147454
v 18.5548220082094 15.43577275427693 4.211589404528231
v 8.707079152694527 -21.61387882990239 1.890112438153903
v 2.673035649327653 7.25 2.496586785801228
v -8.039242489869196 -1.659902190606503 21
v 6.663512218616571 2.958457918085686 12.18862909681007
v -8.36559736849239 0.01036141709253138 16.64474032290558
v 12.38654643918752 -21.65826922591956 11.91776857867586
v -21.05766458180971 -5.484096736079732 0
v -5.723171579073425 21.24519959553608 20
v -10.92916990727588 -19.09764150423538 20
v -11.03046 -19.1672 3.629740133582551e-16
v 11.38112756481609 19.07674516310158 0
v 11.08372499964254 19.13327499984738 20
v 9.514254629006768 6.342761559526232 20
v -15.6012874605854 -15.8319475216642 0
v -21.64739661672638 5.648269698128511 0
v -5.858676727296142 -21.81809711942698 0
v -23.85380118930081 7.441968889103931 13.27040699073302
v 5.693417499999997 21.36982499999999 20
v -5.880982946029944 21.44165515365431 0
v -0.1992562968850464 21.5611548967028 0
v 9.477118943888474 -2.970642952735288 21
v 0.1502411579354046 -14.47911613927251 20
v 15.774036481051 -15.6391658018211 0
v 15.94977362839822 15.88060300957156 0
v -15.9050651004408 15.79726543946242 0
v 11.10917035432716 -19.40268386618874 0
v 13.97438634925412 21.90165786035011 8.372444586722708
v -10.82372662425728 19.07432299605077 20
v 6.415116604835334 -4.863665046718538 21
v 0.05254287046414818 24.11911397940964 20
v 13.63865240113359 -18.93805489630187 18.86917856036087
v -4.876662388345906 19.2982028561046 3.541844116690082
v 6.420016536547758 9.361375778549567 20
v 10.52835006412215 -3.501921489281823 1.146320827991618
v 2.360962824373966 -7.25 8.58431466228946
v 3.666272068742369 -23.63024211823167 11.68563047719968
v -16.78583163020887 -9.759260420475607 20
v 0.637983061432106 23.89455859457285 18.57610101236996
v 23.82085 -0.6138920000000001 18.5
v 9.647147304760439 21.67125502141139 6.539533062975961
v -7.303632768588642 1.849732857798744 13.7069352113833
v 14.73877483228107 18.39892263455749 1.597186091817996
v 8.954849546312975 6.779113820320835 1.24249690741201
v 6.843294384928093 -2.647073410732527 11.53394173013033
v 10.28306500000006 -4.5808712499999 1.2475
v 5.63065125 9.747902499999999 1.2475
v -1.384011131761048 -10.98276812687521 1.0812878908357
v 3.476458749998924 -10.70699750000023 1.2475
v -11.677325 -20.023475 20
v -11.77074665504201 -20.31400284573638 0
v -16.56440978982499 8.634352961703168 4.99
v 6.610702995267253 -3.049930735311069 3.514910720335556
v -8.625098781770841 21.54614188638446 1.765751105776463
v 15.77637363226596 -15.90152889244944 20
v 14.12707025380244 19.56960170606902 16.17424902921899
v 0.09204569718876709 9.945220000000001 20
v 2.578836920405172 -23.21914475549222 1.52603880722251
v 14.13030000000022 -16.5179999999998 19.99999999999948
v -15.84789961909985 -15.74159942760503 20
v 6.028109924129467 -4.059007222509549 4.826726878502997
v -20.81829708410597 6.106743129012747 15.81918607618839
v 19.332200292051 13.74072123019558 6.146241587955999
v -5.01268286973697 5.817770777880772 19.23559098354747
v -5.037153162734562 5.77540077456719 8.943291301776126
v 8.242058098387655 0.3015196293985198 0.4127353690021228
v 3.069702387428161 -7.25 7.514495826878223
v -12.85163692686147 17.45243543098925 9.244028337407499
v 6.421859007949196 3.377014360042266 10.96278340241434
v -19.87741264823572 -1.166467743081872 1.303690283853381
v 22.5680084254 5.501131157816046 1.908243100304526
v -4.18579 7.25 3.13646163898863
v -5.074027961952816 -24.60793393287432 3.850701447730442
v -8.151024086827086 -0.3820161571948334 1.336535925219811
v -5.903199344941335 -21.87832615971341 20
v 5.8385675 21.7898 0
v 5.89713847790911 -21.45864123572768 0
v 7.377876058428677 -6.665012035124475 21
v -6.321404147758987 -3.551006804894779 9.684606888767716
v -6.631573631905608 9.061935308891329 1.281370708355692
v -19.03989418904063 -11.22588438863858 0
v 8.875231148299044 2.391871811880287 0
v 21.94462799900699 -0.08374272226523433 20
v -4.762037382226458 6.251907241233072 7.693489942442346
v -7.095524931052544 -2.253469198620996 0
v 5.883802499999997 22.04557499999999 20
v -8.640799810368836 -23.25680052809927 11.71415024162351
v 3.558947535334907 10.66206879653715 1.239475425261125
v 3.248510292317969 -24.7418478656725 13.27011103686203
v -5.792538985274654 -8.070757096960824 21
v 0.705912930365082 -23.50935875060398 8.5
v 11.21473345743777 -1.591461569499454 20
v -3.367601392714225 -7.25 19.20813371757149
v 6.394008784078322 -22.83301983077683 12.11703194617248
v -7.051851387598866 2.285831613718075 0.554578115838788
v -0.06634937500000004 -10.57524625 0.62375
v 20.92062245836068 11.38239644477184 18.47170524053399
v -20.92955470452774 -11.44556293269635 18.4067363696266
v -5.520581865720212 22.8172556255849 1.719788137750875
v -6.7691575 22.47995 8.5
v 23.68063982107811 0.5360860885587811 11.68531603480999
v -6.769505 -22.479825 1.5
v -23.28561682779187 6.706773444794146 1.511585261186986
v -9.900617499999999 -1.0374806625 2.206244842526382e-16
v -8.376774862976283 -21.65210458665594 8.673466459710799
v -5.853814999999771 -8.051810000000167 2.220446049250313e-16
v 5.728176751682148 8.143496151484124 0
v -6.09044203611435 -3.951042118985835 17.24856445803842
v -9.899969999962149 1.043649337496422 2.206244842526382e-16
v -5.8487975 8.055457499999999 1.550399602317227e-16
v 4.046165000290388 -9.095460000503635 5.815428139044343e-10
v 3.644741226507571 23.53555668827262 1.633792260453123
v -20.17126906976687 -11.52315602304948 0
v -13.47328208854287 -18.08526354614134 8.511621164899523
v -8.38894665837333 20.92245211487047 1.595958028839324
v 8.353946927546879 -21.00502427825466 1.500430059093371
v -21.49699294509947 6.672467403137341 18.52800988041257
v -8.951356235021247 -20.88602444464954 1.594213727358819
v -9.890740000000001 1.03956 21
v -9.890740000000001 1.03956 20
v 7.39074 6.65465 20
v -9.45847 3.073245 21
v -4.045085 9.085405 21
v -2.05638965931978 9.730300504518635 21
v -2.024209783491971 9.737140663758939 20
v 2.078489210101013 -9.725603020684584 20.01673576279676
v 2.000427859689768 -9.730898331101258 0
v 8.783827563756185 -1.848549928241889 0
v 6.891241556738448 22.41567645742587 1.263256298099987
v 15.02321461833202 15.65222864722454 6.188131095144575
v -19.6205203133505 -14.28213036247469 18.19701815038578
v 16.13728554299155 -14.55250590821011 15.05944915091601
v 7.640655713447668 1.26599223600206 12.20932178173786
v -9.434848754048044 3.145943898275561 20.03359389324964
v -18.91695 -6.146479999999999 4.99
v 17.2256 9.945214999999999 4.99
v -5.625237132394041 5.648502746730513 21
v -9.69058058765366 -19.38639433411861 7.255693378736546
v -17.2256 9.945214999999999 0
v 0 19.8904 4.99
v -4.332684185819749 -19.41382800163992 4.99
v -19.79310139310842 1.968723098706546 4.99
v -19.7815 2.079115 0
v -19.7815 -2.079115 4.99
v -8.153231198459334 -18.14272371203198 4.99
v 8.114579010151566 -18.15993255036737 4.99
v -8.090170000000001 18.1708 4.99
v 7.987423550966964 18.2165450692537 4.99
v 14.78145 -13.3093 4.99
v -14.78145 -13.3093 0
v -17.7496532479094 16.53450463094541 3.587876217404711
v -11.6913 -16.0917 0
v 3.037574622431873 -19.68910967847091 3.550022999933772
v -10.00088195215407 -4.807532793152973 20
v -2.753562273497789 -7.25 2.341340778300943
v 5.71699994154308 4.59786236938326 21
v 6.60868135673863 3.053432513758333 19.09485475847606
v 2.290899365962343 -7.25 12.17325618200711
v 5.888465683836385 -7.990148769308048 21
v -2.531101985636873 -7.25 8.714815354527529
v 7.89798030155525 -0.8202944913666801 2.023450125139379
v 9.662016732106643 21.62249202217881 1.394392826927897
v 2.26859602120229 -10.59549317148555 20
v 2.095411089036046 9.745275267373801 20
v -4.333344037424439 -9.638230112910835 0.6157013050243002
v 10.37886220796377 17.667435623633 20
v 15.21908192503641 10.65330797200407 20
v 7.92166858493803 7.077175152250973 0.6710098545932898
v 4.18579 -7.25 2.652574172689501
v 6.697138187383446 21.89395640618397 18.45235420862382
v 14.45501810540846 -18.05955141477158 11.39684771719245
v 7.802752012401144 -1.270853601085561 9.929361841945211
v -6.86672799191145 -2.606475888429375 13.85614334513805
v 4.527700795344218 6.657786507523126 18.75298633900161
v 16.6615922003954 -10.92209021387844 1.428138554975275
v 17.76962398579532 -15.95283874745024 15.48528881072658
v -6.638386499420235 20.62417449557289 6.978414697086218
v 6.7904825 -2.738545 21
v -1.02359 7.25 0
v -7.376101811477358 6.670907445125871 20
v 18.500523066489 14.95285410694637 8.443708858922911
v 15.0235812640202 -18.60311838289035 8.384758743304161
v 2.04418880911779 9.73289391907049 21
v 9.34912916678865 0.06418070250569959 0
v -21.16556849911383 -8.570189737137325 1.78903080871782
v 20.48672943444443 -12.86169189261936 13.66908476624732
v -21.68130313109479 12.74133555298038 1.291515387733169
v -9.456904096092236 -3.078064368509664 21
v -18.59519079176435 -7.136709464862687 1.219448226089436
v -6.755110534568519 22.63828822125434 16.35899806584054
v -16.69918778954242 -10.8569737399314 1.218986970236088
v -17.72377329274452 9.08236675173198 1.258746048073678
v -5.032121780828491 5.784107369196033 1.957868645416356
v -7.847348177929275 0.9079961228929697 18.88092121048993
v 19.91679630193914 -13.24286591125374 19.97497342873541
v -5.510988749999999 4.954682500000001 21
v 4.086754382870816 9.092106839197406 0.01352450952798033
v 17.39478815107548 14.20788005262841 9.126452487885791
v 10.0030104942524 -1.073186634984638 0
v 7.579936246295901 -1.371167975433492 2.871187628151046
v -6.344800466138667 -3.510481415108288 18.75731574379844
v 24.09187537205744 -6.192880371633983 11.40598612912668
v -11.30632443006926 18.53320114603984 14.08078723404511
v -22.50993716707363 6.79154315169589 1.435648793271917
v 1.854616378663852 -7.25 13.64842841979063
v 23.17757878747542 -11.76176143316281 1.110038060947431
v -20.71522425110948 6.544569306680382 14.65858580930793
v -20.1240275049951 -10.49356906112606 1.310286409490036
v 21.68582496456144 8.441709204654131 1.436016730820834
v 21.64192799884181 1.153560768367711 13.1400840379379
v 17.77821140441233 14.60851969743776 9.123385145433287
v 8.139204238984698 -0.402487023189166 1.577277685677394
v -8.133213328162888 -20.85936824668662 8.765468190656069
v 7.235152033416743 1.968357393839612 8.808833772257678
v -7.446040419461053 -1.603079283683399 8.771624336186578
v 5.214739982533724 -22.72359870274125 5.885073727763995
v -4.18579 -7.25 10.44035740024899
v 7.679747151382629 1.198289068076823 5.877110066953658
v -6.280541230155857 3.621778737320726 17.77631533975662
v -0.7155947797285632 -8.511814394507876 21
v -0.3717875769718411 8.587946613313248 21
v 7.737814456032059 3.6710528996508 21
v 8.126828602161797 -18.15447875181656 0
v 21.3366 7.530775 2.847686019591637e-17
v 20.06820955107434 -16.51886391484553 15.35435624675707
v -6.386532584988091 -3.438203403786424 21
v 6.278684999999999 -3.625 21
v 6.097001578258005 3.939683400407975 0
v -6.229578014080091 -3.710055384607454 0
v -6.179194143063788 3.797322388416102 21
v 6.136293585130257 -3.871627976237394 0
v 6.290294317019528 3.604892170011486 20.9899556208612
v -6.307998168794493 3.57422834706359 0
v -0.01194547575668681 7.25 0
v -0.6039964735238401 7.25 21
v 0.005193284842375689 -7.25 0
v 0.08036037166724319 -7.25 21
v -7.461070860492948 1.577043657720568 12.34678136023929
v -23.0291612422523 -10.13511988285068 4.249453294159793
v -4.96453560804414 -6.03252007549488 0.8649058387533654
v 18.29628022154462 -14.3578487529572 12.70595350759255
v 21.66184866700659 5.566733397345758 6.647603530050895
v -4.804277322650981 -6.178749727572596 8.756426318005218
v -9.304949007374553 0.7971009602133918 0
v -5.096140863120048 -5.673219991906751 14.09029263343818
v -5.55927011074308 6.144103472278976 21
v 1.054701771029357 -11.14965727331394 1.201082769218918
v -4.631336205086373 6.478285366010962 19.12724678082346
v 4.097221831482753 -9.062192217093616 21
v -21.61293028069679 7.817495074941029 16.12130952137224
v 15.77846902876671 12.60052274709622 20
v -0.4704066391183089 -24.03030629822536 1.608684927963753
v 18.182412572337 11.88803369373685 9.163880976259488
v -15.18199403734706 -18.40072620306291 6.129781631319536
v -25.39333070566642 -5.533563460237064 11.90819672351111
v -7.631536080043512 -1.281790830060364 19.52762433356705
v -4.893033215669427 -6.025016554637229 1.871925594941174
v -8.562917770659054 3.268245731085616 21
v -16.72706163142112 -13.77487231495128 1.070434616369346
v 22.18105922814195 -3.516318730534893 6.961410958716877
v -6.031625553119106 -4.05291792719941 8.230129946064316
v 1.580946408898521 7.25 9.550475871711676
v 9.897763043732098 -0.9727388820964772 21
v 10.88569932123246 18.80140743602683 17.07437406553899
v -9.883058005065671 19.34578839465511 14.92995305276363
v 5.046252711108552 -5.759626082007305 8.644569365045431
v 18.89617835462071 -16.23789720643811 15.33706833507134
v 7.344804204501886 -6.705667151027173 20
v -1.547029996097373 7.25 1.01827391962205
v 3.348830173057528 -21.46656737409889 8.881179063457679
v -9.480502341155471 -3.005436259864452 20
v 15.92466328017873 -20.54770809864318 4.232414126872015
v 7.304917945891496 1.847517937198763 12.23067183703074
v 20.73573325874729 14.03195825869126 15.60666203717249
v 8.36664555733222 0.008546041743504948 10.30590422481674
v 20.93709254046111 5.592970764194582 4.868972870645472
v -4.497418161105715 6.710237312339943 12.19360380743621
v 22.04744515515887 3.317585450014574 8.667739216155375
v 0.646015681035135 -23.96480614433244 11.36553247939994
v -5.201076069650673 -5.491470726183983 6.615366658675114
v -5.057336774818854 -5.74043487740812 3.054611433860429
v -17.70848706328972 -12.59537142228315 13.41453722607444
v 3.562018972682656 -24.81155638095223 16.21092745257512
v -3.699128767365734 -25.72977752953219 16.40635743332847
v -3.984943671713843 9.112181609884127 20.02494569877454
v 7.642746286950222 -1.262371278663338 8.772879328836227
v 16.22558938703825 14.37144112599539 17.28092506467512
v -13.61600375907811 16.85397962056476 19.02516951820094
v 11.83552816293409 -18.15339591752415 7.131616616112257
v 7.839891681153571 20.19887008683803 19.06692230917897
v -10.87611916615435 -18.74093077206055 14.96798751907492
v 7.76486 -20.2264 9
v 21.41444979418505 3.306553280715149 19.10434980732782
v 24.532698014104 1.857928315583426 4.876941753860705
v 1.400255925664899 -21.62445378249782 12.79814739656463
v -10.81025135117859 -2.25644365814626 1.037418310182199
v 0.2215638027864434 21.72983867431606 2.580723742095595
v -8.684341076683454 -3.062381998029833 21
v 4.18579 7.25 10.58476085787125
v -22.50334875708356 5.982886097658264 20
v 2.457665589886687 7.25 12.99375404556645
v 4.18579 7.25 0.8460118625002202
v -7.508126827842823 -1.495545362897806 15.71380562143509
v -5.774347942744547 8.097657245245106 21
v 5.729076373020701 -4.576945477320492 21
v 5.222416643628814 -5.454508434095501 19.29007484559078
v -6.979140672468105 -2.41177209042946 18.67452611749092
v -22.47278210606481 -5.911593463912504 0
v -4.18579 -7.25 13.42652511482763
v -20.17900524323236 11.87165872869444 20
v -6.643849345903852 21.7398626134549 8.390108185232018
v 5.772752946907128 -8.110706642641089 5.815428139044343e-10
v -6.073891167658924 22.5186255100249 20
v 23.33413127724434 -0.2219550682099941 20
v -11.23342258924673 0.9172999900700989 20
v -11.05988064982974 18.69019438043554 7.42834755626147
v -8.08194715915881 0.5016490812806619 19.44269368306032
v -4.18579 -7.25 1.568945065585028
v 9.02375837715034 17.75514510030163 3.714919483240498
v -6.563106527264279 -3.13236571737973 2.235001305630634
v 7.534980488675314 1.449026643163104 18.82100054405884
v 4.18579 -7.25 7.867835933862282
v 20.61221725355019 -6.684729567942487 3.075886682417893
v -2.628428257578167 25.84484859757764 17.0804252220412
v -20.90021970692755 9.002366947036951 1.537322876984949
v -3.277527480105284 12.14686717353338 20
v -5.004074836159075 5.832685373447704 3.110890004590934
v -21.33546288967012 6.955310948127172 15.0028344135395
v -2.413919733556712 -8.00790168856034 0
v 5.668596981804713 -4.681700097365847 9.082895584351519
v -16.66126455412738 10.9226577051762 1.279478338081103
v -19.7600761556971 8.884838411582795 8.954068392082974
v 17.85124964026588 -14.09107679118901 12.59053436008775
v 21.41182622103411 3.680380954349172 16.47008719406107
v -2.710402767689885 -22.36051723830792 11.63742363061799
v -20.06561225477326 5.753247783831073 0
v 3.757002382664106 23.55934222207272 18.5158512359316
v 9.182319367864604 -6.803138661367222 1.428633368831766
v -19.25524052988867 -5.105374596314292 1.320644937429092
v 7.987001581437926 0.6661017432393084 1.877319010289799
v -12.60399364478122 9.156028934449182 20
v 7.820399388751436 0.9546708420546025 8.743327792523969
v -0.3077347981701877 -16.98361539574724 20
v 5.01490914226095 5.813925567580557 17.61862186992713
v 2.293544386272039 25.89278799138069 7.577354073694103
v 11.48174872274713 21.3579293321133 3.367330038666952
v 4.18579 -7.25 15.29733886489137
v -7.154550365394744 -18.58735926197874 3.729389694563621
v 22.37632160029633 -10.77531946802373 1.010670383298045
v 19.29702459977122 -9.856484297637758 12.94568622515853
v 19.36328957549669 14.33198831670882 6.64493379711445
v 4.213759372986375 8.106090933036304 0
v 5.334915689719828 5.259649347794337 13.72294884747941
v 12.97193597422624 -9.540047755326938 20
v -16.90898219815684 -13.54821092344216 19.08043731941635
v 4.826987351722487 7.589585079155201 0
v -9.010846846837131 0.2106165965941167 0
v -4.851324946943589 -6.097257336756517 4.826377403012478
v -1.477034721739753 9.031854533131272 21
v -3.385964164513662 -10.62713109214912 1.15002808087402
v 7.055454938514811 2.279599169407708 11.38789513725961
v -4.56361038426366 -10.2881839777089 20
v -2.617842581668393 -10.87362607160021 20
v -4.18579 -7.25 9.616480814213343
v -8.326066458512539 -7.296017364776612 1.120428852387458
v -12.55674067327723 -19.95791739905524 1.140916893281771
v 4.489787530621575 7.811507007931945 21
v -2.871742020494095 -7.801031492021796 0
v 16.75088858779987 13.74908128312923 19.000359804773
v 7.114467679719415 -18.60520499046228 3.795217055100264
v 8.681686631705727 -4.853321848606048 20.03175289164998
v -5.584618228635366 -4.827151926803122 0.6384370727762054
v -3.965053616700617 -7.999301021506366 0
v -6.257478201569145 -3.661731022327091 11.22457199625974
v 1.185434717351959 7.25 12.6746037203131
v 10.88923653872988 -18.73462465682267 14.88956624713076
v 8.941876661944926 20.89629445014272 1.617744613189966
v -8.370095174987929 0.002572054134416965 3.657980991070217
v 13.52105433160955 -16.93035386244636 19.09123350586081
v -24.902065852299 -7.357956334318644 0.9868384513676174
v -5.010661390931954 19.26972073291722 1.407709377502879
v 15.32596460216658 16.4021338689965 11.66702148772854
v 5.220841380539752 22.74789461428978 11.33094582143247
v 12.72906792404505 -2 1.608963376449505
v -8.83173474505705 2.149595295642676 21
v 2.871298113160323 -21.51241496122023 9.99654496311272
v 17.17285929234909 17.02469623702485 7.581664288769972
v -6.844406292494045 -2.645146701893212 21
v -7.831230704542925 -0.935910369360597 17.49516390729103
v 0.621145507078342 20.22915599408752 20
v 4.257712873760332 -7.916894279170884 21
v -10.18402807377669 19.15251258768655 15.73762776109898
v -23.74651809373441 1.9196956792421 4.426383367998292
v -4.771984265497268 7.751596675824789 0
v -1.084774603473854 7.25 10.50875737052216
v -23.85527975568951 -1.87495631185317 5.421905914387533
v 4.067965717199102 -8.492524011218563 21
v -22.85571622060322 -1.623570105511315 14.41037531380648
v 9.054994440400918 -17.7412380904725 3.730392097883623
v -7.284139273025755 -1.883504472885031 12.32030604458469
v -23.13101953006395 -2.615756692314329 12.95642477895206
v -23.06708460421177 -6.874185188632318 3.392713604788712
v -12.59712310437249 19.10833391238215 14.85163284416551
v -4.724706021716877 7.734100627523512 21
v 13.24407985915863 -4.23379669537363 3.970768487222744
v -21.63570095720745 1.195481754768428 17.10446508964101
v -5.531886120418333 9.542790937000669 1.022276665124998
v 4.8365385684794 -7.73882052722499 0
v -21.43755431649601 5.914918824918432 20
v 7.552445076461502 -1.418782372717419 18.55823805971012
v -21.54886222582588 2.24869406834478 18.9967737099476
v -21.70332785558798 0.9515055370370649 14.64370725328995
v 20.02106427564463 -8.345474696956604 9.715801218386197
v 6.724866422462324 2.852194067904535 9.982985860945572
v -3.110855458305673 7.25 12.48038371242535
v -3.511424332028961 7.816258674211864 21
v -2.358499098016542 8.972227514353042 21
v 14.17311387396805 -2 1.553718457565804
v -6.399753152999427 -8.923314558170784 20
v 1.738128846038177 -7.25 9.424475147551439
v -23.22734243312322 -8.342202878436938 1.224046838180979
v 6.817952964837169 21.64522784135243 1.295041494137325
v 9.126387297130323 0.1771585559739418 21
v 5.702930813456256 -4.622237837300391 10.35149784641857
v -4.891894970071742 -7.791326748377116 21
v 18.61519455500899 -14.97483664108749 13.42569983926637
v -0.7632159223739566 -7.25 0.8685687503907724
v 2.466643630177356 -7.25 1.780356467682944
v -20.37185630272205 -12.55177312365172 16.48010967797388
v -7.495773643036717 8.294029683504007 1.171474728071521
v -5.038115583926466 20.40380941294343 0
v 11.084205901905 2 1.265659443877581
v -6.286323215035736 -24.34831849774747 11.23641485027358
v 5.885251391856993 -4.306444744965216 19.65822544656448
v 21.62762811105382 -1.285095229627653 17.08807593943416
v 5.078585 20.1924 0
v -22.09481836629397 5.202271210529521 4.118227738550214
v -22.04070502218873 6.437131168885733 6.278439226127586
v 9.418635938292649 3.102715250265798 0
v -22.88297211987525 4.028128032370793 6.114175545707263
v 14.35816656626266 -16.23134950074589 2.8098271785059
v -21.88235220240713 6.462787167792891 13.88341326079735
v 16.17596606662421 -18.98634338305369 5.210558700812328
v 2.102875956348303 -9.71224203230522 21
v 15.81776019525842 -17.06227211457932 18.69462420540246
v -6.740343387035161 -21.3765439177371 18.70438826961474
v -8.37158 0 7.455270598756324
v 18.99745435317133 -11.76423266712799 14.14746066500176
v 5.287128502082399 7.201099369542828 21
v -3.180470932316074 22.15281805601273 8.413981075722116
v -9.064380365394744 -17.73705926197874 1.234389694563621
v 7.700104969564517 1.16302562683051 7.702206860660571
v 8.366949707444128 -0.008019279203608147 1.732301503616615
v -22.48032841889751 -0.9143184725143505 4.521958072769101
v -22.48274853381757 0.3233380733224692 13.51544810819777
v 1.836259204110569 7.25 11.86766730675431
v 3.527094515881767 7.342997719862078 9.8859193662047
v -17.7255923094171 9.079216170654352 3.818591289447743
v 3.463247773500048 -7.25 8.546958158384591
v -22.11787603417075 5.252427028200396 8.15476380986709
v -5.329439777428506 -9.763079371668939 1.137762988492374
v -19.1672 11.03046 20
v -21.94900143186654 5.45428774343798 12.26360403651501
v -15.57757578598709 -12.42510153618362 3.669069957203834
v -22.66065150938038 -5.430008543147631 1.720698604707346
v 17.97643110006268 12.12456730683566 8.678345109136474
v 15.6197371344544 15.77754995714358 20
v -15.67405712973449 15.88771837956357 20
v -19.28340265102034 -11.05180925570938 20
v 10.54425239952512 19.91312542990697 8.429767793108365
v 2.740669234023574 23.07772435505585 8.247781532892429
v -22.38196812679576 -2.727724193499882 18.33907145789001
v 21.6421608847235 1.557764622097989 7.881656296376597
v 20.81985655045925 6.14110352956788 14.04483077938027
v -22.44808273938982 2.30244734906459 16.87070067177247
v -4.18579 7.25 10.53742281241286
v -0.001532500000000048 -9.954834999999999 0
v -21.93323075198811 -5.598848287161331 2.504227144289044
v -11.03739443797894 -1.109893426880226 20
v -22.07090624945046 -3.843134403583688 3.616088062868652
v 7.448440938363085 -1.598925658973654 1.627275807820851
v -4.046165 9.095459999999999 0
v -21.69517415443454 -5.617936073864526 17.35504552015098
v -4.051829999999771 -9.092935000000166 2.220446049250313e-16
v -22.01886224631581 -3.661821388174898 16.67010341527114
v -9.468572499739572 -3.073265000089171 0
v -9.890740000000001 -1.03956 20
v -6.458685708714456 6.578916001278248 0
v 5.840665542279699 -8.052911491065723 20
v -10.18880266822694 -4.483591026268579 1.126636397411505
v -0.3345145003033902 -7.25 1.854189908256784
v 6.077318465520377 -3.973775562583173 1.649348174635132
v -9.441105480374473 -19.53078991835202 11.77766250770907
v -4.18579 7.25 20.60796787896935
v -6.59574570206617 -6.667421153441202 21
v 11.86907440087675 18.20110835523846 19.09995685595716
v 1.210582524555225 -7.25 20.97335747441526
v 6.429411535734152 6.51154829421241 21
v -21.74714894761884 -5.456379575663171 13.57263635239766
v -21.83825445398001 -6.603510573294685 15.86936659055358
v -3.884526138915472 -7.25 11.10602581791477
v 11.44562278833181 -20.77721502944551 1.769042755257474
v 0.02577295731513107 22.95954052215597 0
v -19.24246836972781 11.08930298209069 0
v 19.20146830016622 -11.25787671571065 0
v 10.61624857135317 -4.031609637726136 20
v 5.387076288695266 5.16930428350196 19.55258089591918
v -2.057642189952972 -9.730034266419077 21
v -8.921128421800329 1.688228145885792 0
v -7.661429232097506 -3.035628984828254 21
v 13.10226203321494 18.00565342457282 3.013828937524257
v -21.74220371002853 -5.961295087117341 7.250385887571171
v 0.006661309688375749 -22.65806207448495 2.295971383963081e-17
v 21.40299986109134 11.36797381386498 6.426201941045552
v -21.56429255787302 -6.151576933321831 3.575978322906213
v -7.870994638224708 0.8670300185614943 2.591913651951451
v 22.47995 6.7691575 8.5
v -9.834033226846975 -19.40057461464445 10.88874374301725
v -21.18802456223143 -9.28363300753986 11.40600346347231
v -7.368340969790934 -8.158392464888573 0.9849985000971726
v -8.982535989530767 -0.9862937838065513 21
v -11.44538589143656 20.85515430562524 18.32178687706939
v 19.74068004616609 -10.4251858244608 11.51627188907815
v 15.32599524456669 -16.49408037325001 18.43413257299769
v -22.22333500763357 13.43806876661831 9.216777864615104
v 6.272768639751848 22.43504183253307 6.851872196912678
v 19.38505808751072 -9.805745292722577 10.858078146102
v 7.175983304699978 -5.648271578038995 0
v 3.851608579945141 -23.72235360662257 8.494909954467385
v -21.60268032720559 8.549402756895038 8.37007648524826
v -8.219746733632332 1.701017167283527 0
v -4.335012140351699 -6.991539863428952 9.916837194858113
v 22.75449406086264 5.381976887596409 13.82781274452247
v 6.409373299059307 -6.504961658371814 21
v -21.37022289428222 11.51424659897819 16.68737746860683
v -21.34237171219052 -11.41879346222801 6.524657164694632
v -8.099924355770446 0.8099731887098149 0.4375469774496356
v -3.847412904592058 7.25 11.12582694068867
v -2.179141466218344 -9.704208362003412 20
v -20.88626674436181 -7.846693898728209 13.30984660609615
v 14.42639463888498 -21.62258686039646 1.522133097995767
v 0.7576969922096427 -8.130066354395693 21
v 6.376570371015252 -6.701127266868584 0
v 5.505564080847207 23.71026776234887 3.469242971321294
v -20.63228458826626 -8.708479414483669 8.224556242838084
v -21.63376478866953 1.31803858851356 2.723558391469892
v -21.67390257290668 0.05033363853929443 4.788768421531069
v -21.672836020485 -0.2038303149188592 14.72207324812108
v -21.64854167486387 -0.977619587517103 6.806524113294548
v -21.5310769937462 -2.430893207373356 10.87204157960687
v -21.4094690912264 3.329041848205025 9.046885347032276
v -21.39185722270215 3.454492779956782 10.96964607288467
v -21.54542791082277 2.301980296095239 0.9239487791250858
v -21.37905531344646 -3.528269485373523 1.125283367978267
v -21.39264002345517 -3.436513327543172 18.9971955732074
v -21.54841591435343 -2.249745518484232 8.99114552245727
v -20.42080702679544 9.96937007217554 5.591453442931826
v 2.60578759404248 7.25 12.07786905250049
v -20.62525088213197 10.76778045971342 4.36743873414301
v 6.204720759943893 23.07892927046414 0
v 3.730227206269945 -8.095683645128974 0
v -18.68774371226366 12.17075530875226 4.990912078093543
v -4.166328588763034 8.295741020082707 0
v -20.87955794736978 9.896051733820698 14.0868394954278
v -21.60241874836638 9.721064853094127 1.312388018563915
v -20.39380767721456 11.99967646267771 0
v 7.148044293071388 -5.916266190360529 21
v -6.950924176841316 2.460649184498897 11.34953610571108
v -0.002751728190563796 22.64016348328779 20
v -21.23931088889817 4.329083272912158 7.308874577288818
v -21.18146999578582 4.567240854473019 13.08512767382528
v -21.20016203604842 -4.501730899510573 3.162357964904768
v -4.177245 8.563437499999999 21
v -20.53422794888012 -11.85421491138674 20
v 1.295630897645124 -23.8215641466939 4.550648025535033
v 16.3683498487242 16.70536857216301 7.697109557728222
v -15.48587837364647 12.52694312020791 1.249252798824829
v 8.353346023777902 0.03158089413446184 2.213623697826315
v -20.92532338964116 9.102077061964355 12.72104043835829
v 6.834456868277799 -2.662381025747202 2.076455554146886
v 14.52825742896216 -2 2.88650926255242
v -19.38520128065417 12.05656105774149 18.3444525600657
v -20.95978588586386 5.514374616349253 5.209419421538039
v -20.92212324182697 -5.636149636104399 14.93157576265055
v -20.67274559366127 6.503021076727665 16.78892943739751
v -20.87218347766877 5.846454100262062 14.94398571789658
v -20.65230941364307 -6.55333067734717 6.94049557654921
v -20.61335321478592 -6.681397569661112 13.08513909322399
v -20.27922318001052 7.63849877809062 1.007269784695412
v -20.57657090945338 6.807900909733171 2.774223100223942
v -20.26499934145983 7.667406868774873 18.95024074427153
v -20.24210444065203 -7.723754955745193 11.02556061304041
v -4.807286411098438 -7.628495351382138 0
v -0.6776398442131384 -24.21207805384594 13.29417929137242
v 8.048207373140315 0.5600885361427145 2.731797011265147
v 5.050660947351521 -5.752004582450127 1.634779481164931
v 8.363724618282539 -0.01360486372796346 3.34680132387263
v 2.985491103974256 -7.25 5.109624544663513
v 7.559319101393169 1.406876225078949 2.450899585925034
v -1.379110352839823 -7.25 9.049708307373448
v -6.91245275746571 2.527279256704517 1.797889179094799
v -18.6146824105945 14.31770614059582 17.69163330557851
v -19.77416173362662 -12.4581352372317 8.778808874606986
v -19.8120164605936 8.781638815005648 11.09320714435366
v -19.81482139362178 -8.762688966624589 0.9683029178653433
v -19.75000886070207 -8.908891887817907 18.93882914558257
v -20.26639044950376 -7.660188383032255 8.934911377760802
v -7.473275534794034 2.669757675868327 0
v -4.18579 7.25 10.93031236878819
v 7.008237930074672 2.361375514879271 1.484922535884242
v -8.01956420440804 -0.6097036210831336 1.826508879551253
v -19.68479985149445 11.0743298272471 16.61135928099661
v -7.944509733653093 -0.739705555572555 19.26115853667187
v -6.858096823563383 -2.621431264387364 9.219408726614427
v -6.114153501068964 22.95049695298844 0
v -18.89051304701061 12.3052132609096 15.02356928545943
v -19.30360939866835 9.838463579972037 6.986577260902443
v 11.79094651209819 -20.66868574284291 0
v 20.48038647415137 -11.64359286035923 0
v -19.30306666374134 -9.839052449196732 3.001710940919617
v -19.36527514836894 -9.72852658814166 17.18947240629351
v -7.761038053866328 1.057489195582615 15.16260601762985
v -23.5527864716117 5.450176539320061 3.57656373056881
v -7.03558431693541 2.314006251754529 9.495699245305707
v -6.655057038840885 2.973097265668581 10.1605446213611
v -18.66289969023321 11.01973034118371 15.27605105489314
v -18.76690049475126 -10.83797049804972 4.879794880963819
v -18.77830737874924 -10.82434189682017 15.19683663600369
v -18.82261461725879 -15.11246960154283 16.43840385610197
v -7.031446189210603 -2.321177892918662 11.45292700120591
v 10.85977574400907 16.69583705774355 1.561989553053261
v -5.569461338110441 4.853405616363654 10.68360488100767
v 7.390228888797925 -8.279409549621985 1.092862299708133
v -18.46196259547115 -14.61964679753171 2.976871784612581
v -22.02511307261277 6.990476001898534 14.566019979029
v -17.58394598539625 -14.1369944577186 2.902798488706556
v -16.99253623471509 -15.85172654611864 1.439633189248934
v 22.71403706889277 6.914102037933638 11.23728006913061
v -16.37854112807611 -15.65007536261269 17.91198824697479
v -18.20001666270143 -13.84779941321936 18.11434309045474
v -16.68029230941709 10.88970117065435 3.818591289447743
v -18.1963253591113 11.7632625905147 3.066702497353678
v -18.80509048494922 10.767384912688 5.128242999757965
v -18.13615674527194 11.85817149793075 17.10729150557421
v -18.16846507979162 -11.80983685845994 6.930743426562033
v -11.88678501311541 19.72094699455439 16.43496945486227
v -18.13376970835239 -11.85825251484257 12.97386800720498
v -23.3224563148186 -0.06245793504373187 0
v 18.12408197044457 13.7403769127446 7.714229593099956
v 5.069502542841493 -5.71936222398678 3.135990251220802
v 17.60919211498834 -14.93551013875622 14.03555755184905
v -5.818821401119223 -4.421501554097286 11.5003400554327
v -17.52327751435796 12.7410117382274 0.9957867110674594
v -17.45680236133855 12.83279593238593 19.06220973139258
v -17.49668946935398 -12.78233719774089 10.91334107857058
v 20.3517756913423 12.53427162553711 16.46908862988944
v -7.608273256970721 24.26973943917062 2.950781716677985
v -16.45117478598135 -17.79401221975118 16.27487758947337
v -15.07362840421229 -16.55772378708331 15.24454609648313
v -15.91331378351943 15.74907338382057 7.233829903746316
v -17.29261597373856 17.10558873999507 8.030548593519946
v -10.8614159142307 -16.69464540566033 1.402872119959988
v 6.597789038559635 -8.774896370885251 20
v -16.14930922907191 17.14183531077809 13.7553470498443
v -17.20160918831541 15.71317010930225 15.54486719373075
v -16.41677029607926 15.30665129044911 8.373969778240747
v -16.2169773678575 15.37815930191653 11.9544792715836
v -15.76119502711681 -16.15915624170975 16.55820768688432
v 0.584593970430545 -7.25 2.692588561911577
v 4.189505660849537 -7.243564077249022 13.77455976389774
v -16.85233532379738 13.61730210759585 9.013200113993904
v -16.87220382915412 13.59746768132688 11.03346439821682
v -17.67098410271726 -12.55511173594872 8.64592188585778
v -16.2133925439671 14.37533935052392 7.068747862316503
v -16.10495034335397 -14.49361834097332 2.999125206840721
v -16.27122185847358 -14.30823697019076 17.14785490915486
v -5.716380329751883 4.598933152905178 9.170427998876807
v 13.7804389791256 15.2195689414404 20
v -16.79317638959656 19.80593610165206 13.09501030334058
v -7.82985181322041 2.058646440775703 0
v 19.61289143482182 12.83574976339051 15.20728076243218
v -16.498719683441 15.65929734771956 16.06665065247922
v -6.042260930731219 5.188677777414274 21
v 16.99061320280611 16.1358085793909 6.342003637723567
v -15.29878781815072 15.34247733377414 4.990554084452821
v -15.30725832082091 15.33504627527669 14.98655340510934
v -15.27558914973307 -15.37315398973879 5.165615006999372
v -14.13602551968901 17.35691873879365 3.143439070311118
v -14.41590247813952 17.12202449886601 16.25091027933959
v -1.306103209070247 7.25 11.63943226880453
v -15.35421481021266 -17.30017111718229 5.093430350154495
v -15.8417182673921 -16.21920243953301 7.496083122012179
v 4.537380649753197 -8.866221138639753 20.46894158719091
v -1.32558823676192 7.25 21
v -15.32095983750028 -16.50890502877472 8.45704102725977
v -15.83443298110388 -16.02728984690005 12.73794952788312
v -13.95100815456159 18.65903334477628 18.21336736521399
v -2.900298802551421 19.71828830470712 1.3290945379514
v 9.537994740403642 -5.672190053794689 20
v 8.112415874343636 -0.4488850849913456 9.002827242923356
v -14.44242156806925 16.15135466106548 17.03341081798975
v -14.55556522858756 -16.05745118480235 13.17876941348509
v -15.2842404514452 -15.35734576636659 14.98036494022928
v -15.44868674306853 18.54561217987574 8.804883005193277
v 1.577773139956343 7.805800663079425 0
v -14.20138520850137 16.38363847528641 2.497818011677306
v -13.78869508100377 17.83717160892743 17.83240163657957
v -13.56797887422012 16.89703231771173 0.8655577075225678
v 17.76616969752343 13.30865015096201 7.517594939730974
v -14.52386660311252 -16.07753796451283 6.979373697009685
v -13.67352744754548 -16.80850403417216 11.05898007832608
v -9.329089746147497 -1.512411836198333 21
v 7.005362871891587 2.366355423522666 0.6522566741275305
v -8.37158 6.071532165918825e-18 1.013400144386143
v -13.88571472833701 -18.46615634179418 17.45063604013254
v -11.16129950710984 -0.02014036149806775 1.153416372706823
v 14.60958564989323 -17.97963661936846 8.865000934613825
v 13.62793335820875 -18.93737508412836 1.113470204237705
v -11.3908210769989 21.21253720449899 6.496778634020781
v -13.11423295726498 18.53203046165758 13.52800433223675
v 17.05110284476558 -14.39138012054723 13.80880296792544
v 19.1123596142242 12.29859786730458 15.22034496466946
v -12.91161507465339 -19.31804419088797 15.27116820988388
v -4.18579 -7.25 11.46380393755717
v -11.83081799693573 20.24262141755685 12.45870955584698
v -12.55322539502224 17.66138690762278 11.0992765642163
v -13.66884517496045 -16.81046706308609 8.974647387740415
v -12.7574590392526 -17.51366252577479 18.97141840364178
v -12.19419474134849 18.96217989061458 8.859785487732896
v -11.42706364831843 -21.20421430026283 3.437856306440942
v -10.55089783773093 -20.47660297346887 4.67187682181661
v -12.49613748291505 -19.75269742573126 5.754121467831522
v -12.12255472215111 -18.86016441412469 14.78665718747114
v -11.45785870190008 -21.22825942523225 16.6119783042975
v -10.50869502423697 -20.67268451600622 15.17600115820716
v -12.27655029516068 -19.73518321721442 14.02545298010971
v 6.01453366422875 -5.704232034175765 0
v -9.894710945195305 -6.894438185868648 2.072462087320881
v 21.98926478458299 3.450169371201198 11.09660311845025
v 12.84548766771061 -21.41601124331759 2.363000577431484
v -22.45335686887186 6.915083206265015 14.06024315935672
v 4.18579 -7.25 0.635126389833399
v -11.85117832227045 18.14608835296847 13.12109924285462
v -11.81265050463323 -18.16310086776128 3.012191837612263
v -11.83265647802491 -18.15252114316225 17.0849580964728
v -13.24549763174496 -19.8520038292996 0
v 7.561807981715766 -3.88523928865923 0
v -12.04845907194989 -19.23290745816579 18.42598310165391
v 8.342885618257768 -2.31104398872979 21
v -19.37125254683095 6.358234108382167 20
v 1.938881232480843 -8.147754681250374 21
v -6.057157329764921 5.622786124783193 0
v -0.08264662230325825 -10.93286017735553 20
v -10.84836263770919 18.75570432653184 5.035577462165207
v -5.409247302490177 -5.13089981766027 1.718526005944911
v -10.98850633323908 -19.61767179296531 3.464227395189729
v -10.67015684466014 -18.86373253198234 5.239760885696625
v -11.27999932806154 -19.43076865368971 17.12234507916304
v -22.15192596965061 3.269531641510854 1.436120608492782
v 5.827027766277075 4.407289604138027 19.95755554453068
v 5.705552200799016 -5.811889410174446 21
v -10.44528939507299 20.21602237793379 5.287570604805783
v -9.912569818024279 20.61155004523784 4.225982553013012
v -10.29469774394415 20.67158363312253 15.17987597884052
v 8.40008461385781 2.364110253464905 21
v -1.82432960024242 -8.840947384030056 0
v -9.844050228678206 19.30807303421032 3.157016040008659
v -9.905243780871647 19.27604234339339 16.82283450060602
v -10.81260725095046 18.77503356983854 15.01507246419288
v -11.9591617357688 18.97904317248603 15.555189244779
v -9.766970377804542 -19.34628970567792 12.8154949525055
v -8.482193710777135 1.014366558223518 0
v 25.01348457368509 3.771602879035904 12.78983281371701
v -8.37158 0 20.29720534832961
v -22.46336513979871 8.090070647609979 15.66835426712882
v 20.98895276946808 5.57031248074434 6.936757345501317
v -8.784450130930317 19.80741926319307 18.9714691928935
v -8.690875035019886 -19.8513983406752 11.01216426893248
v 8.37158 0 11.36343285961915
v -6.17691639062704 -5.793322327353265 21
v -2.013025825086213 8.046981255578064 0
v 6.355812730148125 -5.599771694062374 21
v -6.180963002795597 5.909425917485781 21
v -8.37158 -7.806255641895632e-18 0.6249535700432814
v 6.501440444901496 5.71387899629012 0
v -8.190128877980932 0.3426508592516499 0.5863230416708809
v -8.208224191378489 -0.2829336459858373 20.45187218568872
v -4.18579 7.25 0.5494486365228504
v -8.752239091947068 19.81945387867074 0.9616651688340088
v -22.09850441894766 5.12595082582501 15.74859565384134
v 1.893520099294096 8.417753376364759 21
v -7.397080102114439 1.687880215998476 1.80591480929369
v -7.795547028093853 20.21549387374013 10.963602114916
v -8.822197878266286 -19.78876138631941 9.008263458178783
v -7.811539446517383 -20.2088079390126 0.9706721570411101
v -6.704363387460326 -5.924401306192487 0
v -8.441571825551662 2.827671376708834 0
v 8.309662286243903 -2.552640287784089 0
v 1.88790364132646 -8.541517544101874 0
v 13.94974597873331 -19.72807899167433 1.252357078452962
v 7.458406423201253 3.707606020697928 0
v -7.538256050678448 -3.421556094997007 0
v -7.086377937281634 4.673938406494407 0
v 0.8951360997882812 8.575522311298426 0
v -0.5806221356268276 -8.473781604879534 0
v 6.439745809448931 -3.346034282934417 8.787196356526326
v 0.8748720776148915 -8.29731520236286 0
v -0.7475134869455839 8.219392570515256 0
v -7.985777809506788 -2.271382552531611 0
v 2.170850429614604 8.188094834658443 0
v -6.823569120698523 -4.715368962847701 0
v -7.463452020772513 3.530889261079687 0
v 15.30326682631819 16.45270417700885 8.417912137208241
v -7.943884634912003 2.464465024670363 21
v -8.137476116560997 -2.493549795618536 21
v 6.385319635878447 5.651852288780557 21
v -1.804021368768342 8.07448261202132 21
v -1.842533982913129 -8.101965532206702 21
v 4.159853960663278 22.51075334871638 5.912318928755283
v 7.872792212933405 -3.733570172504676 21
v -7.808539345725721 3.763220060725365 21
v -7.86799451610274 -4.119900332666316 21
v -6.742054943061494 -4.628469063234276 21
v -7.062974559655935 4.913626786028304 21
v 21.77346910221401 6.872132277605928 11.2328132734756
v -1.394368817474291 7.25 19.84696781432915
v -7.518718405144347 -21.51879842646001 4.240568699823739
v -4.18579 -7.25 2.288792871755398
v -1.909602968754897 11.08125590087077 20
v -5.944829383869312 21.82884977118623 7.198323437619663
v -5.385824824225073 21.85353410228367 13.73829439781211
v -22.18274874309599 -2.531076634542474 1.374145229610633
v -7.751786663180445 20.23347441666731 8.949626045670492
v -6.706140806697415 20.60829935917902 12.85033828691262
v -6.663403124322057 -20.61859087052776 3.075625492929182
v -6.61250880106401 -20.63657049099388 16.86384783342006
v -7.622575737410926 -20.28271019109513 18.89135287447944
v -23.10785288220199 1.893907797777385 15.9207322329154
v -4.990130690427456 -22.1702154624277 4.483284425073658
v -6.729370443322162 22.77843346957891 3.492897726784926
v -6.98020137755252 23.41250346767859 16.84730183976431
v -6.745383615645695 21.8198674095622 15.64417842799469
v 1.26281856458401 -7.25 19.84814437728454
v -8.37158 -1.387778780781446e-17 11.02649220180661
v 7.110539061135823 -2.184189029190896 8.507093798251063
v 8.359825698044377 -0.0203574672848978 8.374424657385994
v -8.37158 0 1.738974446124534
v 6.768701410223524 -4.797438489491567 0
v 4.629194085416832 -6.482000926662518 8.44932589315764
v -7.936550003093564 0.7534961364782107 12.82408693246954
v -9.258399195990389 -5.807269964226878 20
v 5.854247620787713 -4.360145797666217 6.512932322003735
v -7.834756210997391 0.9298026095051432 8.584309538276983
v 21.49298883930299 3.205370224553082 11.37494510120729
v 6.762822836203495 4.552160483173609 21
v -8.37158 0 14.08072267113034
v -8.363915411177812 -0.0132744264005607 18.42665828671725
v -21.0336635188971 5.435434765162754 12.62943773181778
v 21.70198548163762 1.097207616730443 4.899653499582796
v -6.870797612456241 -2.599434205536838 1.031405786884997
v 0.5235346612314649 7.25 9.51427629180565
v 20.318697325693 7.702101577047151 13.18941422267743
v 4.781408257243833 -23.38108989830082 5.236909608050257
v -4.18579 7.25 13.12880222815268
v -4.653418590527724 -6.440041492498855 7.751075435492369
v -5.064166483755614 -5.728611912606728 11.41941329423714
v 21.48918595012382 3.229260403769424 8.667569031595155
v -20.35714009591924 7.586332360712449 16.59564212524241
v 5.450802998773083 5.058931981252792 1.922210111135275
v -15.38364184766505 -16.5283049195278 11.5953452367059
v 4.30951047451843 -9.863157944353606 20
v -12.85375086022106 -21.66002743929002 1.091525201124687
v -4.555751666520122 21.24071016687291 5.098302231781933
v 19.15924770578817 16.13020835809026 5.06354067858827
v -5.378206428253955 5.184672416776715 13.71495703628648
v 7.390509540192453 -1.69926933010814 12.30704627050504
v 22.55486494205354 5.406727266845174 6.195621754829261
v -6.038710611617352 4.040645660574773 10.25270044034446
v 2.015259877701681 10.78582562883251 20
v 2.881672312678672 -7.25 19.03090913725796
v -7.917433117650923 7.153530041333341 20
v -18.74318951043968 10.99417784912461 2.70944751166525
v -5.780815101030463 20.88210930941875 5.085982095498249
v -5.566446125664445 20.93844263282535 15.02724268491134
v -5.431254805329798 -20.98260971815275 5.267858673108806
v -5.721153118569677 -20.89914479725216 15.02226006487945
v 7.952138493340689 0.7264953631835988 12.63115317036449
v -5.662283466806916 4.692631016513316 19.17105165727126
v 0.8353119747362758 -7.25 10.89606624068608
v -6.006523341878857 21.57797045494363 3.331608686908386
v -5.188148191424014 22.01506814366162 1.801240064006845
v -5.148446457651225 24.47956526865759 6.212304664223326
v -6.030490965645653 21.64841823255089 16.65690008330827
v -5.236344156007891 22.04294925315163 18.1351858799277
v -3.65810182404286 22.9018752662596 16.73673252232052
v 11.25706298916918 0.2765978570791066 20
v 12.56408977937722 17.72409014317529 16.52460002038747
v 6.796971766150145 -2.727302766083166 10.0268174133045
v -10.09893618628272 -17.24861873369348 1.435078520185574
v -4.577246758638834 21.18012695174209 3.115786037644788
v -4.314641766550287 21.23901208155155 17.25677057834106
v -4.423373230140695 -21.2107673078028 7.033076591057644
v -4.615649922090373 -21.17364634512431 12.9557486215974
v 5.782423828006015 4.484546089288204 10.09535319182756
v -7.710468836819052 -1.145080074145048 18.60654200125025
v 1.36176305415741 7.25 1.12331804740094
v 10.79739496217024 18.85079362325904 12.83885665990504
v -3.294406286235603 21.41411126762786 0.9516779578815073
v 3.636148422019721 -22.08237673892372 16.73236976417611
v -3.484357647022459 22.09553687008587 16.9893638183933
v -3.374036043011741 21.40128205659482 19.0093100397405
v -3.428222656178901 -21.3938422771927 11.00505590901596
v 23.61345 4.14323 9
v -5.301420332397018 5.317665018044255 7.815674517989749
v 4.69263902448004 -6.372105614078242 19.01916778642609
v -4.18579 -7.25 0.8761628756118789
v -15.3099760710744 -15.40637612218318 7.150351143605999
v -5.545350735657934 23.55833170233577 1.064324106494322
v 1.141834394899514 7.25 10.33517246443024
v -4.47801866093138 6.7438317655739 0.9362011123505525
v -4.18579 7.25 1.10914263564414
v -4.18579 -7.25 20.32795664037761
v -21.69427202255282 -10.07330013857148 9.034967648202919
v -4.423772266342168 -6.837800683864063 20.07671340546601
v 21.61967895410729 6.16271941732813 7.636484335684563
v 21.9293 -4.706825 9
v 4.888729566287471 6.032470761962059 1.919118544781981
v 6.889645 21.3476 19
v -22.5701431943202 1.756224967682608 15.91311985003835
v -4.18579 -7.25 9.160195798732087
v -4.18579 7.25 11.65694731825111
v -7.771637908763797 -1.039125865581809 13.24942227733565
v -7.524964663357735 -1.46637670565356 1.831697840084375
v 2.341365734546706 -21.59272656488239 1.153850198956615
v -22.38829208870934 4.969264668844655 11.21268367276694
v 0.6189579788584687 8.16976054751075 21
v -0.09756850678037937 25.98754571048057 18.90399206796085
v 18.72313787222508 11.01889712963869 7.347868782872457
v -17.64016122385755 12.67940899204397 3.224678786729049
v -4.18579 -7.25 12.22145775668855
v 17.70976372446643 -14.1334855064141 1.317063461214298
v -4.383147776238493 -22.32868089496779 5.527450949393771
v 8.099194185243315 7.228886999890441 20
v -4.18579 -7.25 10.80794897080338
v -4.18579 -7.25 10.0727658296946
v -21.44593991704987 3.505822900964292 13.21851109424521
v 4.132535534088459 -23.17203168179388 15.88542660470021
v -22.93108205308335 6.73450257930127 13.356600892585
v 16.84259202245458 -13.73029582128259 6.844981194841601
v -2.925801583422646 22.27211899360453 12.04186374996455
v 3.477995594279222 7.25 18.66482616996239
v -1.023529659313232 22.32165347018029 15.28583175819104
v -2.119394249477268 21.56200054117634 11.08767857101247
v -3.38761877201092 -21.3995736467279 9.001003471682814
v -2.274916478987095 -21.54687129821845 0.9706070076627669
v -2.13674434862278 -21.56055875689658 18.9254434667217
v -3.170173572132341 -23.86417076079156 2.628662868694264
v 1.354604078321018 -23.09204059631544 14.94184070377533
v -2.350748686084512 21.59634800425375 1.169381807726455
v 22.47067919736318 -4.936214435395323 8.879804143574596
v -2.453305049134229 23.12802422953947 6.788614950609303
v 2.327159766900204 21.60156865119935 11.1284576614069
v -3.043278755399159 7.25 8.591143564540614
v 20.96752359275962 -8.200232200147513 11.26964262855098
v 7.864551105411408 -0.8782017807426534 3.963654311105099
v -0.6936710643567314 -23.15425782693366 1.661136195590751
v -0.9842962490147859 -22.38718932240043 18.71593956831585
v -0.8305976411278713 -22.84470191219925 14.28651208313354
v -0.4778284755140366 22.64265245318875 7.848680320990953
v -6.938285208683971 2.482542415815416 19.7563978190267
v -6.120835328111443 24.41147596946054 0.9467739144280007
v -0.7553311714808754 22.879321643563 11.62804799623709
v -5.908830641681929 -4.265603820895241 10.36971902631722
v -9.895985794623217 21.86864529642981 16.14557112398647
v -0.08193429450302936 -22.39213125543469 6.897413225245609
v 0.2019300008781356 -22.34264865155423 3.303636419708595
v -0.2156131464105886 -22.72806153417519 13.30133222403556
v -1.198552139871946 21.6406609203671 7.222315547609482
v -2.405049486320429 21.53546317329738 9.152072798583236
v -0.9849337132725307 -21.64904317011775 3.204189332870413
v -1.220608367903005 -21.63637889531933 17.16267407584496
v 14.02250275694961 -17.44634510476299 8.824212609502121
v 3.52338329318147 22.33797850187337 1.066400419695413
v 2.559853891328354 7.25 19.11748397978696
v 20.95129865325191 5.743042548677233 12.75271562160698
v 10.30643685512142 19.08874526672914 13.78235154317977
v -2.105610991077618 7.25 10.95451865976926
v 18.86311539531975 -13.50080569963052 9.056962461928705
v 18.2669151952293 11.76412349601276 15.11870815312297
v -9.672016178019003 21.18146137103131 10.89914627361811
v 0.179097411478194 -21.67262692954368 5.259820586528303
v -0.0512288852817662 21.66559472438009 5.029601368777808
v 5.552190857265576 -4.883318885464984 1.803845480671042
v -2.036831884246972 -7.26986894285862 10.20778459910543
v -1.975475972104545 7.25 10.32183327922096
v 15.15211021742602 -18.96985336738341 3.552019950109337
v -0.6831793577758178 22.34384335984188 4.136632476595635
v -0.348132672687407 25.2732442722089 9.021813621008322
v 0.5021412834433021 22.57462080294228 6.184444273841775
v -1.058290488705476 23.74690916229909 15.78000015062661
v 4.18579 -7.25 19.11362628588847
v 11.04854125 -2 0
v 19.06632023918271 12.26907789915708 8.888181702791229
v 0.07667066865334279 22.44802087935469 13.09609713222307
v -23.5763294718904 4.019644972226063 5.990536091420866
v 0.08789500239282444 21.66845189622707 14.97966141366495
v 0.02292990981360075 -21.66748409775328 14.94225285396745
v 22.78451309296901 3.671640769224916 8.936210359187724
v -20.2411 9.04702 19
v -5.623184617586436 4.760357211348307 1.116879833373848
v -6.941443029640465 2.477067113466085 1.041999107882631
v 22.33563536128921 -1.136686779130505 18.98018367190861
v 0.7347993271738703 -22.83095009861033 11.6756410637852
v 1.035510194738539 -22.32924623871511 15.2658829119781
v -4.18579 7.25 8.930286756691226
v 2.395832190425427 -23.33351131871327 13.37533095964271
v 16.06538879816855 14.62189747364187 5.191940676295795
v 1.564787662993984 -7.25 2.138739971736352
v 9.212477837199902 0.9193385690073957 0
v 9.09693185252925 -0.8417481764715165 0
v 1.150628468602145 21.64234523863086 17.168259840783
v 1.0779582003406 -21.64131153131235 7.027411672817592
v 8.37158 0 12.91033555643982
v 0.948354412516185 23.31485981913392 18.83852333989493
v -5.628731449757501 4.750745690264456 20.22379846682484
v 1.005991957200415 23.11001718597698 1.158308006134487
v 0.6813290780748152 25.95887309965985 9.046707903880646
v -3.488786798726171 7.25 2.109422270123734
v -5.578414650578849 -4.837901089340798 19.93777581937373
v 2.149795912680088 -21.56058323384554 11.10672092720403
v 3.252592023499127 -22.17362114714257 11.46948771442265
v 2.395477077131222 21.536582580626 0.8447580643708876
v 23.15421062229381 -1.093569093933686 19.00848090253442
v 2.310298966954257 21.59828311806738 17.04048223679747
v 2.026571475011516 21.58053184109383 19.03506054012716
v 1.02750137831806 22.53586973929701 18.7726574986399
v 2.486772302250272 22.20410834318777 17.21943864138338
v -24.05634407303353 -8.032305769621374 0.9057548102487978
v -25.0669139000896 -6.835307539324806 1.127003797225476
v -24.73541266372458 -7.981565887725593 0.9708226075199105
v 0.04109964096065788 25.99113938734412 8.987514522495294
v 2.126900450053764 -21.56631074150316 8.808013760605791
v 3.44864012769141 21.3909227896892 8.991041298294915
v 3.581304966534051 21.36851004109577 11.11290780676286
v 3.306896255408399 -21.41339853622026 0.9870556556442698
v 3.492296649158745 -21.38306051033726 18.94654035813624
v 6.558423931005334 -20.7166490701003 15.31829259631372
v 3.424016475533882 22.11005741065751 18.83269748609699
v -11.80493579527788 18.2366921926286 11.02663497375536
v 4.51849969072525 -21.1975585146309 3.19306791322901
v -10.90075803322912 19.68390308263599 6.351915797988038
v 5.644225422078774 4.727144832257022 0.9451289148659747
v 17.57506745375104 12.78061334166099 6.986601323037219
v -16.53263634673436 -12.82677613082549 0
v -19.33603235181736 7.877857318868623 0
v 3.410446706425436 21.46097368537193 6.9511702637915
v 12.27231420727347 17.89765282411736 2.048680913405453
v 2.867870950595454 -23.8723927095627 17.78625484587204
v 19.62241250230419 12.25817504727068 15.85077490913086
v -7.791720687080106 -20.28284258563021 8.962746529453417
v 0.5242140947354073 24.883956619448 19.00401121955977
v 24.39875085650599 4.560210706751619 8.917498946601974
v 4.547158068600718 -21.18488122448462 17.01085208044427
v -4.521685697669856 6.668203675818965 1.875426689575866
v 4.373952592196683 21.22644388745546 7.208922324932566
v -2.958845484626191 7.25 3.146737821829031
v 5.070309116335129 -22.07550844593413 14.3292200306524
v 4.626990137477242 21.17077517724367 12.97239126152211
v -8.522179154504018 -5.129594555055119 20.03315049882497
v 5.318709922148184 -21.90070236055466 2.070406698641849
v 5.143324764164114 -22.55568085621321 1.382438754729133
v 5.831335476462653 -21.59701199295912 16.96452974530357
v 4.193221321699076 -7.237128154498043 12.2517806629041
v 4.672879864172409 6.406333216332142 8.363642589582211
v 5.691145293498965 -4.642643795131408 0.8837612881102919
v 6.955204347074457 -2.45323988303216 1.025098350272253
v 2.878719377709403 7.25 8.493994057082753
v 4.18579 7.25 19.37184363620604
v 3.705434715424371 22.38915693908859 13.31391606194583
v 4.823924788342783 22.04468969969839 11.19523764935637
v 5.054330033957974 -24.48699938480338 6.056078899889203
v 4.217563933858588 -23.33964213956634 4.293479688102998
v 5.962235126898396 -21.58111760827598 3.257405816958205
v 19.64942877689334 13.556675292775 14.46569388084691
v -6.967152876264391 -2.43253821139128 19.99388351381836
v 4.434194387821123 6.819744444930265 0.9179331798914754
v 4.157159028486805 7.25 11.61434603874667
v 0.8833841019555632 7.25 21
v 4.18579 7.25 12.18362394005622
v 4.18579 7.25 13.56726245193575
v -12.2995 -18.981925 1
v 12.2995 18.981925 1
v -14.59327171338056 16.09011775432542 14.83151984866807
v 17.66713918491631 16.79475298094503 6.892921656610143
v 4.726453431139467 -6.313513001321006 11.5141668668597
v 4.18579 7.25 9.199619844293331
v 4.18579 7.25 20.29210153463481
v -17.2189 -13.21265 0
v 17.2189 13.21265 20
v 17.2364465747735 -13.17899810950284 9.848530499777469
v 4.503044713897872 -21.2517658502853 14.99636137796522
v 12.22337504855389 -17.92851642597353 8.100372063196367
v 17.22701830085267 13.19582319342093 9.923378733132452
v 13.19335694061987 -17.21748105918268 9.715742107716475
v -20.05145 -8.305820000000001 20
v -20.05155 8.305735 20
v -20.05155 8.305735 0
v 21.50761097058358 -2.878758380249355 9.903464090904526
v -21.52324606084908 2.777494182020428 10.05080737962351
v 2.833 21.518 10
v 21.34025 -3.95528 8
v 4.154978402662556 21.29458762647582 8.169333742828186
v 8.252447445673122 20.05937013805709 10.29426331582853
v -8.150354394225339 -20.11435440607926 9.967645658017013
v -17.218 13.2126 0
v 17.218 -13.2126 0
v -17.218 13.2126 20
v 13.19284179996132 17.2332327116735 20
v 5.245468792740119 -21.0588402207664 4.047675120386988
v -5.179879688676523 21.07117281135255 4.115801664094149
v -21.61295 2.254955 11
v 2.258007982770501 21.61263146118932 8.994605608625243
v -21.60618858730147 2.319758646465677 8.885496821362693
v 21.61846913870552 -2.202057724029035 9.093465515758258
v -11.82135 -18.23205 1
v -17.5899 12.7586 9
v 17.5899 -12.7586 9
v 3.416065 -21.45945 11
v -5.64011 20.9845 3
v 5.64011 -20.9845 3
v -7.734444062145566 -20.30597103820508 10.9286610748952
v 20.29145 -7.772349999999999 11
v 7.808872836209724 20.27488426290703 11.01862166882206
v 16.87645 13.6881 9
v 13.6881 -16.87645 9
v 4.18579 7.25 10.10493398263765
v 17.58575 12.7555 19
v -17.54731823375598 -12.80847957897132 1.115047945648901
v -16.87185 13.68455 1
v 13.7796929569663 16.79468698397901 19.2153286340756
v 16.87185 -13.68455 1
v 11.81765 -18.22845 9
v -19.82750149335808 -8.877324184655427 16.89091555566267
v -20.24457656039203 -7.872159646725786 18.87423867762065
v -19.85716338428903 8.809583246314464 18.91948496855467
v -19.8385 8.851410000000001 1
v 21.2453 -4.533325 9
v 6.973089313044851 -23.08702210107637 3.503719979078074
v 4.529121705909498 21.24446353771893 8.967991617119605
v 6.743451825621736 -23.11851108768324 16.84109632217065
v 8.753238706430341 -19.88263839518835 2.870396557626195
v 12.80057929382016 -17.55536314088169 7.101355744288323
v 10.27602857832012 -19.10470672328668 3.757775619457795
v 4.18579 7.25 11.04691237320472
v 5.706218084413468 -20.90181413039195 5.044449832711873
v 5.453555840320516 -20.97009828786684 15.05548237227467
v 5.652910768021057 20.91637272544383 4.991960232449647
v -7.043557013464487 23.68394728921552 2.964338938434055
v -12.45121338716668 19.28730516426673 10.98181262628497
v -21.09615657546176 -5.09527627850661 4.013455696457333
v 5.035387376522534 22.30381668279218 4.413571656378853
v 1.71909284420702 21.62999265785293 18.11390048510043
v -16.51245186899975 14.08606775050146 8.02244585039305
v 6.844618874295444 23.12817751255145 6.715686808863552
v 20.39119815663796 7.432387592021171 12.02754221652265
v 6.700231088365312 23.20203803631397 13.0069718842795
v 10.83361389882556 -18.836484015265 2.906849165297531
v -17.87496242155242 12.31017012382426 18.03533380212432
v -12.27634863384268 -17.89823714495306 2.036854801950903
v -5.832177956873123 -8.03254918014394 20
v 20.91225563623371 9.356770057070648 11.0535152630497
v -21.30900884273179 -4.024796953378275 2.383311594284604
v -5.299751909239851 -7.270305848498852 21
v 12.11757849106399 -2 2.314446132120265
v 10.5989175 -2 0.7991225
v 18.50394410751226 11.33082826220427 5.861707160230536
v 5.316429874491837 -7.077421769484 0
v 17.78692068295941 -12.43017606389655 1.916403451740644
v -20.97906201633412 -5.660341361031837 3.03681776347923
v 8.659694836632305 1.29526842667571 21
v 3.75541186016832 -21.36843483236692 17.83195640192096
v 3.64034629860288 8.161971955943317 21
v -16.14155186899975 14.53996775050146 9.02244585039305
v -5.772590616896279 8.078380317147037 20
v 7.564697202918818 -1.397564130897702 11.42146356052977
v 21.69012826165227 -0.565321590272259 16.13098183533482
v 5.051712809681646 -5.790522264473065 11.39642648227981
v -24.66504294291924 -6.287175753199575 0.8687731768524816
v 21.69049736325442 0.5929345411430265 6.100239389932994
v -6.836129522029205 2.659472039113562 0.5193446855273048
v -5.343264487589198 7.262116959155493 21
v 6.691869924670176 -2.909346167383583 0
v -5.306463946427703 7.078797572844204 0
v 5.319786615125485 -22.02563687808916 6.096450138043731
v -18.22111242155242 11.83822012382426 19.03533380212432
v 6.492701493315289 -20.67692078070296 6.746119556028539
v 5.655680261870604 -21.90511114846522 13.30660175997723
v 6.756869052719399 -20.58781451019416 12.9076614770191
v 6.666323610667238 20.61509010165317 3.017633513875345
v -7.378711350454058 -1.719695876679313 19.28233887693922
v 7.606652805260433 21.83780372714022 15.62516469951956
v 6.605589526074487 20.63905404770336 16.85475432284877
v 5.353343889111468 20.99966054242679 14.77440835536229
v 7.603583741975306 4.921076998323122 21
v -21.42606994463581 -3.589994032297768 3.369057655157396
v 16.58607567608261 13.98835379077978 18.15642394381103
v -21.5770634393109 5.91717176487282 13.18477284115225
v -5.667574931581295 4.683470535504393 11.66037291616265
v 23.51915741949804 3.919094541104251 11.20903225941548
v 18.17974724985789 11.90292821198929 5.112964067489866
v -22.6300978453246 2.320042583535438 9.061382680274592
v 3.215368697235458 -8.143683844155824 21
v 8.744341962828923 -1.343540159476705 21
v 2.728742984109279 -8.198792149845296 0
v -5.665897553939454 6.447282237333311 0
v 3.311872974471817 -21.46989796074232 17.12589453125149
v 8.533201550527291 1.620836751530287 0
v -8.34674757470955 1.624502461052064 21
v -8.513593751192087 -1.859781132421348 21
v 5.712092700609551 6.411841171563462 21
v -2.702801470330416 8.163598925966264 21
v -2.787879418949533 -8.114078962569916 21
v 22.68649470933621 3.759090862579172 10.87488564278527
v 5.292582239167175 -5.33297184990951 10.14763833952376
v 1.691550610804747 -7.25 1.234068674558034
v 21.72967645247554 -0.01643933234963491 17.05878327896936
v -5.329309321484233 -6.925845711838432 0
v 5.372805934564262 7.190919703220504 0
v -8.702376171419269 -1.261754955569253 0
v 3.05036244563469 8.136113272065364 0
v -1.453250783022431 -7.25 1.519672026894921
v -8.886774292184812 1.150832447449321 21
v 5.458792278573512 -6.986267173948739 21
v -3.488437687596282 8.358689020424324 21
v -3.474346809928683 -7.941142296659966 21
v 11.17220163749092 18.59371512728937 15.73026581803563
v -3.318876771392009 8.142799054562492 0
v 5.517016144778251 -6.36844675546554 21
v 5.81223827468013 6.439090225579932 0
v -5.734239102646207 -6.590932623096922 21
v 1.167823535523655 -7.25 0.6320547257221989
v 7.637506366466815 -20.28142301927782 10.9444278731398
v 6.820562349995081 -21.84323178290385 11.326972938596
v 7.784729164648716 20.21919677744091 0.9881570999401639
v 8.752239091947068 -19.81945387867074 0.9616651688340088
v 7.523012664864359 -24.85608744729735 1.196399121578438
v 2.853983630046025 8.173829688909137 21
v 8.661938342687032 -19.86198587229139 19.04398626691962
v 8.787235327450063 19.8140006346612 9.233100235341221
v 8.948735856235778 19.73823278980006 11.2174683400834
v 7.471447021600716 -2.856820776776853 0
v 5.653827695637049 -6.376933353703953 0
v -5.832043505247855 6.655892644271018 21
v 7.395809999946627 -6.663392499731392 1.54972316270016e-16
v 0.01245677444629067 -9.945220000000001 20
v 9.898062707602573 -0.9698877144853505 20
v -9.890740000000001 -1.03956 21
v 9.890740000000001 1.03956 21
v -7.39074 6.65465 21
v 7.39074 6.65465 21
v 3.988514429960052 -9.11059180794137 20.01480772435207
v 4.081763994154757 9.069074480781152 20.03063582730433
v -8.612815000000001 4.97261 21
v -19.51370121504286 -12.21045948941071 15.78906050639274
v 6.920326958887998 -2.51364893475212 0.4796098633073074
v 9.180860067381664 -19.66251953110577 2.077536820594399
v 8.070155968433982 0.5220738303190231 20.09956731858485
v -19.18555807918204 -11.63140388182275 16.21951902387166
v 0.1618786661202719 -9.149247178931912 21
v 7.830873896744816 0.9364602618252313 11.514172578308
v -6.7904825 2.738545 21
v -6.693491550975549 -2.906537441771344 0
v -6.717693467556059 2.864618694684114 0
v -5.624616584651297 -4.757874265950761 21
v -5.766887499999999 -4.511455 0
v -5.745528527469807 4.548449647285796 0.02959316892434947
v 1.02359 -7.25 0
v -1.139114836743776 -7.25 0
v 1.02359 7.25 0
v -1.02359 -7.25 21
v -1.773498316729137 -7.905772184959683 0
v 7.841785983570782 2.409519490053394 0
v 4.969202103222055 -22.68547266723811 14.53276309743039
v 8.090389536048379 -0.4870362315323691 0.9542512913930824
v 8.353374842295144 -0.03152980957883856 6.671728865278895
v 8.355061407036976 0.02860882059239846 0.8758845473493615
v -3.314755121711153 -8.172552702205843 0
v 8.37158 0 10.75495427803207
v -4.18579 7.25 2.031147291286146
v 9.765167802478448 -19.34560562238935 2.855333759134005
v 9.874499144607809 -19.28870396713195 16.90212583621064
v 9.951482544703696 19.24584568175449 6.938901776397004
v -17.40445 12.98555 9.5
v 9.437061091904308 19.52238376338169 13.00696842406395
v 9.913528287978998 -20.62701298051696 4.220628820462682
v 10.37379435130025 -20.69685055911208 15.06181874222051
v -16.29830691781158 14.30175580428449 8.536511734516344
v -22.28149597879755 6.0677784372415 12.98535318732077
v 10.61931465286853 -7.946861285038009 3.271913294778716
v 10.71838217998379 -18.83619115305081 4.790104140088194
v 10.89605385941116 18.72934594706209 4.902689133755245
v 10.85194764612623 18.76059391805585 14.83842844692134
v -9.093742930250318 -0.2313593105220776 21
v 10.59807634998625 20.61029768458413 4.654182489282812
v 12.50194214831661 19.83342171480092 5.847270363912617
v 12.65458214701152 19.48115753455309 14.77110867559315
v 11.67921601287633 19.66127681673542 13.42225628853469
v 11.69287621946967 21.20906518468616 17.02510752053686
v 10.52135262657067 -20.10867794003592 5.461992047432473
v 11.33713288785426 -21.26227299675513 6.395073988109057
v 5.721485055800287 -4.590093961059905 0
v -8.787741249689319 0.4183583785998862 21
v -3.975717275142246 7.919193367037547 21
v -4.198716215992986 -7.972279340348662 21
v 4.996111543753351 -7.656976905318762 21
v 12.72439582290449 17.53608087852257 0.9959025718086613
v 11.87537573430256 18.12440341905513 2.890422287682502
v 8.138242745183218 -9.232061397135613 2.30990220034811
v 7.704288292978633 8.783470531520862 1.688512940932534
v 11.77251474280374 -18.18849402570892 13.01928707787817
v 11.10064662894234 19.57177985227824 3.261538655872558
v 11.15217093819198 19.57799499580977 16.80747916082004
v 11.65817042477514 18.26679871930556 16.82167377481031
v 13.19905672364625 19.75165512150018 0.02520587160563316
v 11.94720932084513 19.26409313610047 18.25083565014949
v 13.06865806094222 -18.27912005365868 6.676046536565543
v 12.95262759371952 -18.50847083305548 13.71350456056818
v 13.892620901294 -20.79905841827467 15.80564635934738
v 12.37814092413456 18.77412021475072 15.23205559719219
v 12.75453467695209 -17.52820630134164 10.72625407601383
v 12.57234380408099 17.65374397290502 19.01157243363847
v 10.1914617205753 7.426880135086455 2.602358951734138
v 13.5701172548679 -16.89124811073999 0.9663449368224994
v 12.81388823356862 -17.47706389910238 8.947733245126397
v 13.66021847050499 16.81747450617569 8.981099913605604
v 13.62518211858081 16.85220867982872 10.87929222827653
v 13.51444371025824 -18.08938736603828 1.545584804675155
v 13.88736323485258 -17.60888593200642 11.52520541658983
v 13.80430641743645 18.57363950773753 17.22840532213035
v 12.81734009573277 -3.01686074899091 3.184562539673987
v 14.48953618721546 -18.93876522746036 2.461847476484117
v 14.54629562276104 -16.05752161611168 16.96212551374212
v 15.82213797179871 16.01584861128555 7.263794167001678
v 14.55428338084821 16.05677576266535 13.1491468133719
v 15.32335379861809 -15.31898518428498 5.026414675512098
v 16.04937157602646 14.56414676754413 2.922470253829447
v 15.6310587095448 -16.5252791978467 6.000747575384136
v 15.35184923870679 17.3929417318235 5.162204576111066
v 15.40024242300272 15.24031435113994 15.06573671819975
v 16.30437539138383 -14.2755927729177 12.7810170344655
v 16.91214879089214 -14.78839381534218 14.48067520752513
v 15.31107684293238 -15.33219065133464 14.96845685029254
v 17.39590078119728 -15.27905376414557 14.72019407878526
v 15.28306594386812 16.91654020064063 15.15014197793161
v 15.76480962822265 16.03983107979057 16.70317611214658
v 17.00526641542039 15.6845922284738 5.637191081680793
v 16.51125205966061 17.76062948006902 3.606095855920065
v 16.2318307511963 -15.65107746212547 7.726019031106516
v 16.80096459330096 -13.6871973926392 10.94138945526955
v 16.76840573249514 15.65818030136483 18.43577495454284
v 17.53303945350708 -12.73314419516902 0.9326468594514397
v 18.16015312279634 -11.81708259238529 3.007957624851113
v 18.74963133528157 10.85890434028447 5.04245072176165
v 17.61503339541121 -12.61793779477263 18.87720536295544
v 16.86648588361028 -13.60386858850006 8.970235490370321
v 17.49057209446545 12.79709518491269 9.180296843515698
v 17.52563064299745 12.74496298296298 10.90595176067115
v 18.14524892574808 11.84091412764971 7.047208169558066
v 18.19196156682598 11.76715600094383 13.02299349775637
v 18.96874709441069 17.73725112243104 8.77028486899612
v 18.48438889265149 -13.90905467915068 17.46033516770898
v 18.80911663710618 -12.67272335987471 4.400935397243635
v 20.20882142879617 -7.818101862575164 1.021810918474666
v 19.83475025054601 8.724827364124277 0.8817137139565198
v 19.30306666374134 9.839052449196732 3.001710940919617
v 19.75596915747488 16.85308883487189 13.06257449169079
v 20.11374084455415 -10.33749164702962 4.824748297020306
v 18.90724616524039 -11.96773422948836 5.478675168438314
v 19.52341232933523 -12.33329551048242 14.35269652192239
v 20.24283737361112 10.5192952957794 5.345265505317981
v 19.24291742142565 9.969149748614214 17.02791230659069
v 18.86543029112083 10.65852210960103 15.15179144289218
v 19.80835394211194 10.38834594586964 14.51623405904511
v 19.75956476372386 -12.52169496851466 18.89230912657301
v 19.72106966503966 -8.97889124450457 11.16499735933395
v 19.80270536040868 8.796375458626306 18.9520555826001
v 19.43147417054252 -11.1035862940034 3.133379603423941
v 19.40619858147933 -11.98710958454196 18.22008477328404
v 20.93230865480012 -5.599124006460064 4.958582883078742
v 21.4152350141064 3.295786075012793 0.9086163598118548
v 21.11531508444973 4.878138050082378 3.180614004644207
v 19.72428694763982 -8.972077753331465 8.836006956150502
v 20.24307504583543 7.727566056652897 10.97182561930766
v 21.53975518520907 -2.339866549311493 0.9772015972640593
v 21.67040334314432 0.1381143969060172 5.1867287638766
v 21.00990993034503 -8.590857141342653 2.223984603052346
v 20.63770655180602 -6.597872674824908 16.9451228758737
v 20.20014101665249 -7.83891120654533 19.00513391130173
v 21.30397457284106 9.332898566110718 8.522129070926157
v 20.6769627376538 6.49147237207772 6.752712921851697
v 20.21787218303642 7.790622630582813 9.043853856177092
v 20.63876817340444 6.596394029743324 13.02513059766411
v 20.86718123296037 8.535338034088113 1.860987462990757
v 20.91329270033782 -5.670154358835056 15.08752915131616
v 21.73652315230367 6.194013476421509 12.35877655233162
v 21.86064756717889 5.525461700570291 13.51430462704875
v 20.9329903683253 5.605958629022568 14.88757082494616
v 21.46839341427732 -6.882130211587506 1.120842935589693
v 22.38116423852425 -6.725384230117098 1.551318000854886
v 21.19008546105614 -4.549505643444862 6.825325753532461
v 21.80494295357955 -6.298851488807025 6.308268868195084
v 21.19584005501043 -4.489535742810863 12.99103223080424
v 21.78402487944803 -6.803202353837481 14.52189246929293
v 21.70979834819197 6.083608331019855 3.40620979972612
v 21.16012993196157 4.683852552188027 16.76562308858188
v 21.48360009832094 6.796543677319365 8.732919406541608
v 22.20204473477922 13.47045299555903 0.8357570172032142
v 21.40235382674464 -3.384904257322499 10.94387762217673
v 21.97770863500627 3.793558019567254 16.45817333993605
v 21.81212432282937 5.550744795847449 17.51218852600374
v 21.86032863096196 -5.587144133053514 3.409617562482828
v 22.11967916325709 -4.951570254477584 15.45798059837602
v 21.54521621762682 -2.280154714567636 19.00919095181868
v 21.40740950108655 -3.356080193442957 8.96112823481055
v 21.53924915650661 2.360817029118993 10.89155083897596
v 21.63030179475115 -1.257026356992716 2.954681292520333
v 21.55433338289868 2.213172970097111 8.924015225232898
v 21.63930636901041 1.075265703562135 6.95547440968838
v 23.46273256002038 4.152549743028914 15.80029899865561
v 21.66990160003508 0.08763889723608198 14.85194494629356
v 22.29746451312249 -0.1556036402989937 6.776731151805713
v 22.67935837301795 0.2725682279289708 3.410017775392197
v 22.37771002566281 -0.5441546439694331 13.89590556901711
v 22.28238805304165 1.142090061121919 15.08321430982227
v 23.79336085059267 0.9299545994471882 16.00592118595071
v 23.14072406545387 6.917234304355457 3.368302187012981
v 23.25579854268892 7.005457085647217 16.64160187454317
v 22.90521881426811 -6.858717500755936 6.447000086468696
v 23.05268529558914 2.529107359085002 13.03778693620938
v 23.78415611038416 2.366590727345405 13.767928529868
v 24.89750987481485 7.373331762122665 19.00108633664152
v 25.22711362502919 -6.157268591413233 0.8867631509031617
v -4.18579 -7.25 15.82441557431375
v -4.78060794345905 -6.219742256531529 19.03545502534884
v -4.169805353350376 -7.25 18.26204160143311
v -23.80955831032333 -0.7973254370973122 3.763267937331469
v -23.59999154371033 -2.18673743470067 13.9187828793588
v -23.52709128658466 -0.8128648340141077 16.05443183398777
v -23.4198505378946 -3.689935000609437 11.48730410850028
v -22.62639133228036 -0.6108032925767937 8.071767651516666
v -22.36383109155245 -0.2723913157602337 12.50114687908652
v -22.70856416136559 2.914949996192119 8.015788325813901
v -22.88432912729009 4.887480942331496 4.64099755817575
v -21.44354107387922 6.625431865732056 14.4148507926661
v -22.68598224190226 5.243475963912607 15.9284431171806
v -22.34270935737531 4.421688585472431 14.49633619642977
v -22.06559594517465 -5.019927162318054 1.502247376521116
v -22.21429470282594 2.630694111696131 2.538811737940371
v -22.2706696774872 -3.058492239063253 11.81712428973561
v -21.5296908403357 7.173194346841124 4.765342231275835
v -21.63985184907132 -6.76905626615338 8.627653869569086
v -21.47168985901341 -6.037161074108702 12.49666723186022
v -21.27500662496836 -8.487853566519068 18.38381386648639
v -20.95812182797139 -7.768329528376846 6.524269335554182
v -20.83889210343911 -8.472975822319613 12.28300055763767
v -19.94528506620065 12.24836566888011 6.277730973196856
v -19.7486510609995 11.02139254806189 3.516618638171652
v -19.66805916589546 12.27615477921847 14.10779232054261
v -20.17549480906969 10.53455508643641 15.45426343766929
v -20.46211342549562 -12.70535696855185 3.546167407205881
v -19.56414346501416 -12.34698140879801 4.324575789906225
v -19.65986566597005 -10.99261125030791 6.505963768282085
v -19.90766535825083 10.62004300819707 8.313111203934827
v -19.84183027671486 10.71641009686469 11.8855270005034
v -20.21092708748893 -10.74233516589533 18.45033416950618
v -18.78312098619848 -11.9280178404225 15.42633274845126
v -19.2455858989791 12.63571866004814 4.961620969270931
v -18.57938789528035 14.03522431377053 2.545349529138691
v -18.28021311600201 -14.54109740901088 8.371007968322965
v -17.96853814754367 -14.17035411251858 11.60320703965095
v -18.21226947339563 13.6167682193834 11.58843393192473
v -17.85707420626243 14.1328486108287 1.50457427018028
v -16.81906924574476 -15.56446983862715 5.639347808914407
v -17.47338725445603 -16.54121746088051 13.38199429270217
v -15.33133711037875 -16.42833824602624 4.287689917812019
v -17.30478588697269 14.85967023912846 5.814450173712946
v -17.0700661989585 15.69479022177162 4.391659031247004
v -17.13766266647181 14.99912777793066 14.49564075883903
v -15.59906094016068 16.57232542715576 1.776492950144093
v -15.54242956679713 16.75060337245296 18.55309169622962
v -15.02407751182824 -17.2922149966148 14.44083144051753
v -13.45096960166652 17.80452085143915 1.746527588487542
v -14.37936348232947 18.12360716442381 8.43860362009203
v -14.01630704308002 17.53571633957979 8.723566049370508
v -13.98726532834785 17.8744089547357 11.68578014880709
v -13.77818333363614 -17.85294309317496 1.923482369386819
v -14.20480841112031 -18.45456831623187 2.197556429441886
v -13.84785606123919 -17.5998101786717 18.43147499335768
v -14.06345945930263 20.13159186061065 5.302915906396375
v -13.7985617466953 19.08612504049208 6.523372515212399
v -12.81459590780907 -18.85641003660749 4.281121402116537
v -11.96166611602578 -18.98402634349732 5.555489115941364
v -11.69693929793158 -20.0729381883796 12.91942058590939
v -12.4036377148762 19.6263899095565 15.69801855088948
v -9.863739964104582 21.10663175434658 16.04319440902442
v -10.6928879914003 20.17168419897361 18.47422898085727
v -10.51727842309895 -19.87274578569543 8.441515101585578
v -10.55389326615057 -19.83607687615146 11.64125074421877
v -9.137232616714366 -20.95779757931929 12.81111880620906
v -7.484325660475994 -1.536766278448956 20.09166667418432
v -7.846162926287766 20.90321626498216 6.679690646138375
v -8.139242307377966 20.82108798653318 12.80576645212094
v -6.338349374043013 21.64148445377239 12.08850970641545
v -7.085151375146189 -23.02071462561928 6.271117055631771
v -6.599468019563392 -21.41631703430429 5.614202092753788
v -7.095427008635009 -22.03655525784196 5.291458816256628
v -6.488308275876602 -21.42742783584561 14.19986551808121
v -6.872463876230261 21.60433915146433 4.717735542335786
v -8.37158 0 12.07345855478247
v -7.274277659921628 1.900587240791604 18.72269430585116
v -6.659401615885056 -2.965579907292374 10.62313520479037
v -4.542639881865431 23.64647070903726 15.06899862037413
v -3.448789095767079 22.10201677220769 2.949374002824771
v -4.764093228139615 -22.2149323254543 15.1279591483864
v -4.635112590123758 -21.92449033407981 9.077148184564576
v -4.18579 7.25 20.20908011122585
v -4.747287509634068 -6.322237735767191 19.96809951721486
v -4.18579 7.25 10.01259565794956
v -2.569014263853431 23.50169585120815 18.4151330419743
v -4.178205439460501 -23.71843871729659 18.97507451334745
v -3.303419817257131 -23.10387527919735 18.14422654516535
v -2.70699611656625 -22.59870270853646 8.373005229632273
v -2.645617702258614 -22.40735291646138 17.45135782512042
v -3.064674752463726 -7.25 9.369748167404468
v -4.18579 7.25 17.66144534226067
v 0.09799239633871604 -23.10216418503085 2.989311447431631
v -2.990819176385217 -22.37171611738064 1.955991241893143
v -2.260972095687262 -22.32475839418297 3.178136472065423
v -1.037599444648784 -22.3187361157798 1.184985796894217
v -1.083161432120449 -23.19021726988738 19.00746125427097
v -1.999739298504146 23.86113955533647 5.610712445123981
v -2.154574006743984 23.06800009367458 13.641418644478
v -2.138527339155097 23.89313795971662 14.20006196955782
v -1.093656933025212 -7.25 11.56783519132673
v -0.9987309156687117 24.01403374757135 3.950211087482125
v 1.354928928868371 -22.63190615761062 5.235776452512539
v 0.6974215202260765 -22.64090929091004 8.220380144741796
v 1.889480333990176 -22.73809620858498 13.92484235435726
v 0.3122800999704717 23.2953844372045 17.7755746808448
v 0.9347886850387841 22.38771250533384 1.36776711462238
v 2.832316353483641 22.34518593693637 2.215754046625629
v 2.591173666250546 -23.07144411922863 18.50143483860164
v 3.296267642356757 22.73012318941988 18.36763621358554
v -1.911047746871881 7.25 13.32396722952725
v 3.435284530083265 -22.14652239532097 2.913216987560832
v 5.127892469206996 -22.01810374601792 18.29800216288189
v 2.978912056858034 -7.247848525871635 11.51571734491653
v 4.18579 7.25 7.120142445609932
v 4.987066184928783 5.862147994031972 19.14504899228967
v 6.736245379872571 -21.61978328652768 4.493992862230173
v 6.639494307322846 -21.69685791680195 15.70454414399958
v 4.163286533661101 7.25 1.929049827426376
v 4.18579 -7.25 1.292230314356125
v 4.18579 -7.25 11.44544389925552
v 3.864259117688642 7.273184010758131 10.03993905577376
v 4.780899355110201 22.11835655339758 15.17428296731186
v 6.499977884940805 21.49565675243475 14.18592944425001
v 5.81030144919108 4.436264831580475 11.35129307642996
v 7.308409575847185 21.36803354252055 4.44757466216333
v 6.782504960577257 21.80941756016945 5.581906552175011
v 7.112473276911984 21.99624030235814 14.75777148409266
v 7.948593631938088 -20.87492731751194 6.859287178920253
v 6.218202255168699 -21.78654848413778 7.663911300495442
v 8.354034577602704 -20.95973669968435 12.55040040225165
v 7.809094262348858 0.9742516100178361 9.446081265399163
v 8.761482057821187 -20.92986615308543 8.103065353389326
v 9.054222242049718 -21.02611769917741 11.58100195698826
v 8.504143897148959 21.09260759937442 8.294464887915082
v 6.012134856678158 -4.086676492493742 2.935613882345267
v 8.361771084859003 -0.0169882201288581 19.19619700198313
v 7.830902780588488 -0.9364668526365192 19.98583961221944
v 8.154409372940762 -0.3761463802870991 11.30709356926817
v 8.37158 0 20.08153500231732
v 8.37158 0 9.782097128818657
v 10.49391248704051 19.97321831156361 11.44593788739545
v 9.821085812319559 -21.06257284443995 16.10171506610618
v 10.62401921416467 -20.32579067591519 18.73258447949462
v 10.22279241476224 19.91106275326921 4.847382106840425
v 11.95412818586051 19.14422337753061 5.712967339131106
v 12.57079001856623 -20.21261513014046 3.753497898301316
v 12.87318593918019 -20.49908885646163 16.33690428118119
v 12.64791058245617 18.71878680814531 4.345611291197425
v 13.3851463304533 -19.04572524401852 6.147096089898613
v 11.89841217814757 -19.21805083205364 15.86236812472762
v 12.47545259137057 -19.66663232638346 15.67063031848057
v 13.93783110325278 17.91463404568973 1.792908945907698
v 14.36474142446952 18.13391071086126 18.40972688872911
v 13.72210713340319 17.76737736245948 18.08951661669101
v 14.26720354896805 -17.31625103488204 3.357286043826561
v 14.24195905965997 -17.47618651711436 16.85110202644311
v 15.60128317020311 -16.48842192615081 1.895223691233521
v 16.28270977704018 -17.57062183658585 6.133992744206989
v 17.16653204929334 -15.76587336507949 4.351180813042827
v 16.71508158759865 -15.42652189922508 15.53731182279137
v 16.47954257451107 15.19845762348451 5.489365918665426
v 16.15621011387663 16.02005004477722 13.09244361962052
v 17.41427313008297 16.3929367847528 13.58987317034187
v 17.45191096848512 14.08344407975053 17.02879513587376
v 17.19450959026203 -14.81065644109586 5.790958972493013
v 17.68608310729298 13.98549819978067 2.587884873476685
v 18.51996358762101 13.95606808280096 18.12389791838878
v 18.18315032981005 14.39792026981281 8.369180259436652
v 18.08534005093881 14.52325075092947 11.37034229232139
v 19.89530703629553 12.2160383876376 11.68101075174433
v 18.79736955564802 13.04894380068971 6.073802667596016
v 19.53250310274877 12.52764184896012 4.563768519246714
v 18.81113718791451 12.25373962274862 5.019056672776422
v 19.73159798994656 13.33871720330708 5.200657318618623
v 19.06786685553095 11.80152888109124 15.8615669185282
v 19.58508765394168 -12.4877083529199 5.550883437146749
v 20.17783474766193 -10.5524738454712 15.48294066195988
v 19.85769627053772 -10.62450301474389 8.26658245284089
v 20.09767385160323 10.54100030829438 1.402204283219699
v 20.14801590766713 10.94484175428136 18.1113741707087
v 20.63494141624784 12.63069920413551 3.223334044618053
v 20.92924184637443 7.989274032008582 6.893429757845375
v 20.62218207091461 8.931977218680673 8.580849209113085
v 20.90836293905492 8.227454084195594 12.71442893327563
v 21.42244997352999 -6.868669658252045 5.179848240725391
v 22.20517551740705 -7.203815145209813 5.312619231142774
v 21.64997895988112 6.805455543715524 15.41512861340451
v 22.01399114470428 3.925973689537923 3.771596981971034
v 22.31275157062543 3.006289414031756 2.147312634975471
v 21.82288712245668 5.459091903907209 2.332562795553953
v 22.19040312494059 -2.145872321397415 3.354576272629131
v 22.31395121963134 -2.938504671302392 2.029265411165703
v 22.45906237279419 -2.1727580018226 16.648270932455
v 23.03609755185871 -3.674234600773512 18.75596942991176
v 22.35598983559519 2.911003064483094 18.02541888279648
v 22.26018741466436 2.963640642130184 11.97413417637736
v 23.60312993255923 1.984598884697002 5.756241579094692
v 23.08419549062978 1.295065020438071 15.03647193891238
v 22.72833281129657 0.7289203611336394 8.287388643007528
v 22.64319270361244 0.543119962325286 12.04140483734588
v -4.18579 7.25 5.251460110415577
v 4.18579 -7.25 17.86460139889232
v -22.48987708916976 0.8344126841532239 1.550810576496297
v -24.07443792807332 0.09802285240364908 2.174236142717066
v -22.93076833260872 0.7202203183527361 18.32635344321271
v -23.84208330235917 1.691370751869422 15.14803339762186
v -22.69321693476014 -1.632360244639678 5.675318114797149
v -23.22580214104315 -1.086728387614542 4.540780635697192
v -23.87469459955046 -1.535440322636678 15.12063238816807
v -23.8267076305815 -2.579060824451818 1.722925681062611
v -23.80234609727643 3.592083637357811 1.941704022967795
v -22.38106167298249 3.186213935167805 18.36278661806458
v -22.87193899551215 -0.9719004537201876 11.26215069937982
v -22.52815167203814 2.552678180039761 11.35656556921
v -22.83460272639534 -5.219852011140408 18.74633363332133
v -21.93673706598669 7.473209141119314 15.3397963516276
v -20.93270958574611 8.330451519943578 11.49612067124662
v -20.98799955879958 9.108758631809266 18.5292613382109
v -21.16662289261615 -9.33110267585946 8.679964279509326
v -20.70075382187835 12.32886104392037 7.176457498350898
v -19.98248905624372 9.945865857122733 14.68227670543232
v -20.37228356687425 12.66006441704774 13.62866130173068
v -20.27464078061065 -10.16671036434604 4.802400813811049
v -18.86330344088863 -11.9754835071573 4.571056923828513
v -18.74534170344712 -12.84754337515338 5.893589159113174
v -18.45460201778285 -12.8446650701551 13.80523931863483
v -19.81062490791302 -13.27099203418083 14.97188426538001
v -19.13449570888743 -12.74934841333069 14.69647631925701
v -19.20059975251233 -11.94139204011227 8.291503998559046
v -19.29267739918463 -12.01486330562216 11.6653072251609
v -18.75860461841467 -15.42853545115908 8.475992846184868
v -18.05693034788498 13.68500814869055 8.184051067737201
v -17.61582729433318 14.0340870094463 18.66515503013017
v -16.64899800957734 -16.23511913961625 6.763017222989819
v -16.62247546187297 -15.58378622798399 14.1541114228787
v -16.61139628951005 -16.49549664340692 12.80420794823796
v -16.03943036735697 16.58745893694622 6.524756585668928
v -16.46234783659247 15.20618834612699 4.481257348211079
v -15.98394339440248 16.3137917982171 13.29257650260293
v -13.65186411794061 -18.06888846750034 11.75818074886354
v -12.88858319567451 18.61232155705853 6.092892513962067
v -13.19443591378139 19.85797053772894 15.11418579836667
v -11.77737573932917 19.28524082756848 12.02250477795018
v -10.2569328834544 -19.80882308152347 4.714075372066335
v -10.67062871788622 -19.93461227547905 15.81081100520251
v -10.39862846206674 19.94902905601831 14.61438045133138
v -8.457317084540017 20.9997534977803 18.33326248963609
v -8.331480555604383 -21.08072288530575 11.4226307174476
v -9.057745037123382 20.7349666919417 11.31054131102872
v -8.37158 0 9.072365594765268
v -7.830245795929094 0.9376187512290681 19.92653921194963
v -8.362308054171603 -0.0160582342176961 19.67291846948617
v -5.23976608309607 -22.30702913310882 11.69439188383527
v -4.200024723303645 -7.225343933885889 19.51331548021011
v -2.596757201782306 22.58661841160146 1.436636630176092
v -2.780527258609062 23.63389990188888 1.965201138051459
v -2.972961490860298 22.5752634788748 17.92762534043836
v -2.677949661557101 -23.04963157923734 11.63716848051422
v -0.3896616876943301 -22.50626977459435 2.308566848226452
v -0.5290183924645526 -22.80879926923539 17.91100460747729
v -0.6095511080010336 -23.92567056116877 18.54998982557622
v -1.410813465698268 -23.67048672843817 14.81347224800646
v -1.782519913410432 22.74711362845401 5.901268487700395
v -1.447638382119792 22.87697167152519 14.71202821642719
v 1.5020715208376 23.70595906241206 14.93849685861188
v 2.196185101103597 -23.42921149006231 6.198034255801465
v 1.628709577698804 -23.98923034897064 15.06930613582918
v 0.3939151449279633 22.54803786012382 17.6976426355417
v 2.664944443917791 -22.42169206458647 1.554222073791639
v 3.017539055784673 -22.25786088373254 17.81829297724771
v 2.652362286087495 22.47896631321563 11.5286445078081
v 5.250272317133941 21.77882176125737 7.993949856712085
v 5.496772844105917 22.35071572651045 7.933572833112589
v 5.088628371965154 22.27786476877765 8.547301300931093
v 6.0473486158083 22.48638293945982 12.77204793849903
v 4.688492454968157 -23.4359003984955 14.9008011334528
v 4.18579 -7.25 8.920635143499107
v 4.18579 -7.25 6.919277328869667
v 3.627420495861503 -7.25 11.48938297994419
v 4.18579 -7.25 9.735102532084351
v 4.18579 -7.25 20.19287195518697
v 5.064100657567392 5.784911748083552 9.683668152872338
v 9.007108482206325 20.92970935551207 18.43968463295239
v 8.452444050379706 21.16943513812051 11.59573355785239
v 7.840196352876893 -0.9203843386170685 9.374273285306286
v 8.223794668451063 0.2559634339891215 20.44699811166362
v 10.46309601802859 -19.8702132953469 14.45474030946388
v 10.32658997941001 20.15028167937431 15.13359177372627
v 12.53711803319525 -18.91631596914305 5.307998861723565
v 11.91391320795417 -19.40737345046683 3.959325202587107
v 13.10403432929131 -19.8811994010049 15.25607957333208
v 13.75372421173195 18.65293968466579 8.527588522512517
v 13.67495346351667 18.10968391669545 11.75315487932797
v 15.36406713739439 16.43127983578501 4.250859608357491
v 15.75579210290815 -16.61308815421559 13.90232314518983
v 16.42043862710061 -15.73344650192545 12.12024119063945
v 16.89979291317079 15.0856483507391 15.11831309722659
v 16.32639830933478 -15.51884369423509 3.935943697549305
v 16.58083070126584 16.37366755854297 7.030962888032585
v 18.10395439793169 -13.56044810636257 8.403072355754812
v 18.16901308296837 -13.65094385775477 11.67246084714057
v 18.00734136325974 13.3884466059389 18.54655059723523
v 17.74732111949761 -13.73880693890688 18.13266120263519
v 18.93239146892419 14.69956391982562 7.618715906322954
v 18.74465745047111 15.15108866264887 11.72636017701031
v 18.98152191008089 12.0684290007983 11.33452664570609
v 20.24436855533538 13.30840976783822 15.56241630187722
v 20.42177016491051 10.28023367894743 15.07871100371222
v 20.91926137606319 -8.808377083459886 18.17301412515185
v 21.34510136795977 8.977279059067339 11.98188880996826
v 20.61226108959566 8.764705644628856 11.67444488914038
v 20.81107191537277 8.14135017148809 18.71986741751619
v 22.15553451308216 -6.815654044391658 18.60383908389501
v 22.56028116105138 5.115123170370055 18.66386909137325
v 23.65306027246921 -3.719928186137072 1.629348697504171
v 22.36269919117133 -3.09334283656163 18.21614673994285
v 22.47352469602663 -2.558059271492971 8.629561073461987
v 22.52549858472633 -2.80052222020873 11.77420046194107
v 23.56679841632172 4.834783121939194 14.60031852817992
v 22.79850039307174 2.079376958624574 6.361429287332912
v 22.71940029139887 1.814382076283501 14.03366117236817
v 24.0705610800803 1.676044158038679 15.06217283812926
v 22.89137403356035 -0.6325166505888441 18.16710017589981
v 23.74420770306269 -1.517142227131213 14.94239447063891
v -4.18579 7.25 14.57941861751535
v 5.523687105256776 -4.932694484101279 17.83277445098587
v -22.90298896131677 -2.748122483236765 1.722414728161962
v -23.51078829385161 -4.824846609200374 5.36112111202265
v -22.69368556929287 3.221671369948845 1.73233708242568
v -22.17892102781165 4.294721860222255 5.650734908784516
v -21.71513843565342 6.733151519446817 1.452914873468359
v -21.22507480489004 7.321193432801975 15.65041815262183
v -20.28770626065375 -10.12202673501644 15.27529204901951
v -19.90217734986384 -13.42359575957325 5.035221774832617
v -18.66574241132562 -12.42677925047217 14.60213392226388
v -17.6267704905023 -13.93239892963789 8.516806006997545
v -16.4009460031716 -15.38775299719316 1.747985316080273
v -17.67107351721647 -16.35216758885759 6.187191892398832
v -15.37065997365116 16.62096136225253 14.44924673594183
v -14.67764981197117 -16.99338151780847 5.750205697228355
v -13.47117013527266 18.12716944520528 7.375461571793873
v -13.87687653498111 18.45040766639967 1.79717787829009
v -13.10728680714941 19.91828853417811 4.715388838438168
v -9.801680192294176 20.16937424527734 15.6816611360396
v -7.317043709089054 -21.32006260185084 15.59788361141028
v -4.722255309426259 23.24611067875697 5.120346715820591
v -8.37158 0 10.18063434888917
v -4.204509455843198 7.21757669136773 19.41300524257844
v -3.469733745520993 -22.95628323382016 1.496279565931742
v -1.521495919515613 -23.79873084404495 5.080173102642217
v 1.524911534777874 23.89040404501902 5.149585350655391
v 0.6063875821822249 23.79657634723685 1.526684390827165
v 4.18579 7.25 17.7132588922643
v 7.324413254328997 21.18208421221728 15.6765833070522
v 6.690914542599614 -2.910995138909076 7.084241032252293
v 7.549796454256451 -1.450403380219865 9.614098601707013
v 9.803411488717048 -20.22370195433977 15.7229021314562
v 13.18970939268143 -19.76983468488748 4.989286684378366
v 13.55643770649377 -17.88632889845861 7.734363914864724
v 14.80889322098482 16.87069002481739 5.445796320906544
v 16.40928860279265 -16.61126205522552 7.062346504048095
v 17.72825744271975 16.13212216848835 5.804302239159989
v 18.49808226687241 14.18069998811279 2.247886495950664
v 17.70759757934514 13.79895874741558 8.254084901906021
v 17.5775331674438 14.0627447945738 11.25726271667475
v 19.05202019845121 12.78103154710707 14.55922825222794
v 21.31129321802139 -8.010527955422983 16.65714561591123
v 21.68979622379707 -6.370349922577851 2.04660198613136
v 22.336904265651 -4.561806561621125 5.220442295042617
v 22.93844428077642 -3.445399913895434 1.519673800300246
v 23.16508159267377 2.602751249678196 1.550755700803935
v 23.48742080410535 4.653239445520306 5.058785748728408
v 23.66590445468849 -1.626558813766749 4.845219381751495
v -4.18579 -7.25 3.728488484096136
v -8.081398382638861 -0.5026106656553065 20.02449633361357
v -2.180020058566329 -7.25 17.59809459993273
v 22.80619423074669 1.166304729924659 4.851427625860052
v 22.09038189656317 6.018635653361057 20
v -11.19602583875657 -6.012012110430557 20
v -15.01617170127975 -3.963564176304478 20
v -3.682457360488078 -16.19540700100594 20
v -3.679697576223887 -12.75539352966401 20
v 0.05104284516504087 11.9303012703359 20
v 5.111418977799561 14.33576695689102 20
v 2.830614234215957 18.70972125674283 20
v -12.31576857545768 19.8078336412445 8.476191779849545
v -6.695344053510514 -22.21345663069148 18.35596174501274
v 2.530901380998489 22.30822632005003 8.652713202575004
v 1.844376587640946 -7.25 6.136105884828057
v 13.32592974229126 17.97910909157175 8.601729994990842
v 20.35682614938438 12.44187761046833 8.479422275751295
v -22.28810977301306 -3.196107177443037 2.471200082079781
v -20.8661210333907 8.697139298952854 7.878761306454575
v -8.770971740600809 -20.75846069783306 7.700106954338847
v -8.817212263808916 20.85424011587878 8.237141867164777
v 10.45946821227638 19.01006198828042 5.867073013366612
v 19.09738783341092 -10.25884060098832 5.82786457894414
v 20.95804696099453 -8.419848794859513 8.37240483579491
v 20.91538922894766 -8.89500482534708 12.41945843167959
v 21.650871001661 8.041117211100033 19.22732257281287
v 22.51823084980997 -4.944229409877009 11.15389062925825
v -22.76298984178466 -0.1344406783210678 3.151727823366583
v -22.40725662744228 -1.103532128409209 15.15420621460367
v -23.23642832674067 0.8889537180005043 1.296685734940296
v -21.57180692520739 -6.901608750232726 11.12707412192232
v -16.04223354227528 -15.63545920291777 6.549418507430649
v -8.911452953770462 -20.82799505793435 18.39778785349479
v -2.136256954503928 22.34893968828771 13.39214943865811
v 12.15281882678762 -19.21978508500105 8.601072875981798
v 13.61572477291389 -17.9266325844356 18.15764182078432
v 14.27003067148758 -18.43207193801228 17.56653032279039
v 16.3533263531239 15.69914841066709 6.267314435156096
v 2.12944227469434 7.25 14.69516314555829
v 8.37158 0 12.06111477491433
v -4.406030712751138 6.868525986564951 20.14080552351015
v 5.161645795634692 5.559766411704416 3.590465002310832
v 10.69051241666876 -20.15809153700698 1.537245169937562
v -7.261423019480084 -1.922841860004576 7.324495144038466
f 9 5 1
f 1 5 57
f 11 9 1
f 57 11 1
f 2 6 10
f 62 6 2
f 2 10 12
f 2 12 58
f 2 58 62
f 3 4 13
f 14 4 3
f 13 7 3
f 3 7 53
f 3 8 14
f 54 8 3
f 3 53 59
f 59 54 3
f 60 13 4
f 4 14 60
f 5 9 55
f 5 55 61
f 61 57 5
f 56 10 6
f 62 56 6
f 7 13 15
f 7 15 63
f 63 53 7
f 16 14 8
f 64 16 8
f 8 54 64
f 9 11 17
f 9 17 65
f 65 55 9
f 20 12 10
f 10 18 20
f 66 18 10
f 10 56 66
f 19 17 11
f 67 19 11
f 11 57 67
f 12 20 3482
f 3482 58 12
f 21 15 13
f 68 21 13
f 13 60 68
f 14 16 22
f 14 22 69
f 69 60 14
f 15 21 23
f 15 23 70
f 70 63 15
f 24 22 16
f 71 24 16
f 16 64 71
f 17 19 27
f 27 25 17
f 17 25 72
f 72 65 17
f 26 20 18
f 73 26 18
f 18 66 73
f 74 27 19
f 19 67 74
f 20 26 28
f 20 28 75
f 20 75 3482
f 29 23 21
f 76 29 21
f 21 68 76
f 22 24 30
f 22 30 77
f 77 69 22
f 23 29 32
f 23 32 86
f 86 70 23
f 33 30 24
f 87 33 24
f 24 71 87
f 25 27 31
f 25 31 88
f 88 72 25
f 3648 28 26
f 26 73 89
f 26 89 3648
f 34 31 27
f 90 34 27
f 27 74 90
f 91 75 28
f 3503 91 28
f 3928 3503 28
f 28 3648 3928
f 35 32 29
f 92 35 29
f 29 76 92
f 30 33 36
f 30 36 93
f 93 77 30
f 31 34 41
f 31 41 98
f 98 88 31
f 32 35 39
f 32 39 94
f 94 86 32
f 48 36 33
f 33 40 48
f 95 40 33
f 33 87 95
f 43 41 34
f 108 43 34
f 34 90 108
f 47 39 35
f 110 47 35
f 35 92 110
f 36 48 111
f 111 93 36
f 96 45 37
f 37 45 4053
f 4861 96 37
f 37 4053 4712
f 37 4712 4861
f 50 46 38
f 38 46 97
f 113 50 38
f 38 97 113
f 39 47 94
f 95 48 40
f 41 43 3503
f 41 89 98
f 3648 89 41
f 41 3503 3928
f 3928 3648 41
f 42 44 51
f 52 44 42
f 42 51 114
f 99 52 42
f 114 99 42
f 43 108 133
f 133 109 43
f 43 109 3503
f 78 51 44
f 44 52 79
f 134 78 44
f 44 79 134
f 45 96 135
f 45 135 4711
f 4713 4053 45
f 45 4711 4713
f 46 50 81
f 46 81 136
f 136 97 46
f 137 94 47
f 47 110 137
f 48 95 138
f 138 111 48
f 49 80 82
f 4053 80 49
f 49 82 112
f 49 112 4712
f 4712 4053 49
f 83 81 50
f 140 83 50
f 50 113 140
f 51 78 84
f 51 84 141
f 141 114 51
f 85 79 52
f 3691 85 52
f 52 99 115
f 52 115 3691
f 121 59 53
f 53 63 116
f 53 116 167
f 167 121 53
f 54 59 121
f 117 64 54
f 121 117 54
f 123 61 55
f 55 65 5321
f 5321 123 55
f 56 62 124
f 118 66 56
f 124 118 56
f 57 61 4321
f 119 67 57
f 4321 119 57
f 120 62 58
f 3482 120 58
f 122 68 60
f 60 69 122
f 61 123 4321
f 62 120 124
f 63 70 4066
f 4066 116 63
f 5323 71 64
f 64 117 5323
f 65 72 4069
f 65 4069 5119
f 65 5119 5321
f 5326 73 66
f 66 118 5121
f 66 5121 5326
f 129 74 67
f 67 119 5327
f 5327 129 67
f 181 76 68
f 68 122 131
f 68 131 181
f 69 77 132
f 132 122 69
f 70 86 125
f 70 125 4066
f 126 87 71
f 5323 126 71
f 72 88 127
f 72 127 4069
f 128 89 73
f 5120 128 73
f 5326 5120 73
f 5445 90 74
f 74 129 5445
f 75 91 158
f 180 130 75
f 75 130 3482
f 75 158 180
f 142 92 76
f 4678 142 76
f 76 181 4678
f 77 93 143
f 182 132 77
f 77 143 182
f 100 84 78
f 159 100 78
f 78 134 159
f 79 85 101
f 79 101 160
f 160 134 79
f 102 82 80
f 161 102 80
f 4094 161 80
f 80 4053 4713
f 4711 4094 80
f 4713 4711 80
f 81 83 103
f 81 103 162
f 162 136 81
f 82 102 104
f 82 104 139
f 139 112 82
f 147 103 83
f 83 105 147
f 164 105 83
f 83 140 164
f 84 100 106
f 84 106 165
f 165 141 84
f 107 101 85
f 166 107 85
f 3356 166 85
f 3691 3356 85
f 86 94 152
f 5328 125 86
f 86 152 5328
f 153 95 87
f 87 126 3528
f 3528 153 87
f 88 98 154
f 154 127 88
f 5122 98 89
f 89 128 5122
f 5445 108 90
f 91 109 158
f 3503 109 91
f 4296 110 92
f 92 142 4296
f 93 111 178
f 3275 143 93
f 93 178 3275
f 94 137 152
f 223 138 95
f 95 153 3973
f 3973 223 95
f 96 112 171
f 4861 112 96
f 3981 135 96
f 171 156 96
f 96 156 3981
f 172 113 97
f 97 136 157
f 97 157 172
f 5122 154 98
f 99 114 169
f 170 115 99
f 169 155 99
f 99 155 170
f 144 106 100
f 203 144 100
f 100 159 203
f 101 107 145
f 101 145 204
f 204 160 101
f 146 104 102
f 255 146 102
f 102 161 3912
f 3912 255 102
f 103 147 205
f 205 162 103
f 163 139 104
f 104 146 148
f 104 148 209
f 209 163 104
f 149 147 105
f 210 149 105
f 105 164 210
f 106 144 150
f 106 150 211
f 211 165 106
f 186 145 107
f 107 151 186
f 212 151 107
f 107 166 212
f 221 133 108
f 226 221 108
f 5445 226 108
f 109 133 221
f 227 158 109
f 109 221 227
f 3776 137 110
f 110 228 3776
f 4296 228 110
f 111 138 178
f 112 139 4075
f 4075 171 112
f 4861 4712 112
f 172 140 113
f 114 141 169
f 115 170 4621
f 4621 3691 115
f 206 167 116
f 4066 206 116
f 117 121 168
f 117 168 207
f 117 207 5323
f 118 124 5322
f 118 208 5121
f 5322 208 118
f 4321 217 119
f 119 217 5327
f 174 124 120
f 120 130 174
f 3482 130 120
f 121 167 5123
f 5330 168 121
f 5123 173 121
f 121 173 5330
f 175 131 122
f 122 132 175
f 123 215 4321
f 5521 215 123
f 123 5321 5521
f 124 174 216
f 124 216 5322
f 125 176 4066
f 5446 176 125
f 125 5328 5446
f 126 177 3528
f 5323 177 126
f 127 154 183
f 127 183 4069
f 4074 184 128
f 128 184 5122
f 5120 4074 128
f 5327 179 129
f 129 179 5445
f 180 174 130
f 131 175 4884
f 5125 181 131
f 131 4884 5125
f 5331 175 132
f 132 182 5331
f 247 159 134
f 134 160 248
f 271 247 134
f 134 248 271
f 3981 224 135
f 135 224 4094
f 135 4094 4711
f 225 157 136
f 136 162 225
f 222 152 137
f 3776 222 137
f 223 178 138
f 139 163 197
f 139 197 4075
f 198 164 140
f 140 172 198
f 141 165 195
f 195 169 141
f 4678 4113 142
f 142 4113 5126
f 5126 4296 142
f 5129 182 143
f 143 3275 5128
f 143 5128 5129
f 185 150 144
f 306 185 144
f 144 203 3577
f 3577 306 144
f 145 186 254
f 254 204 145
f 187 148 146
f 255 187 146
f 147 149 188
f 147 188 256
f 256 205 147
f 148 187 189
f 148 189 259
f 259 209 148
f 189 188 149
f 259 189 149
f 149 210 259
f 150 185 191
f 150 191 261
f 261 211 150
f 192 186 151
f 262 192 151
f 151 212 262
f 152 222 3689
f 3689 237 152
f 152 237 5446
f 5446 5328 152
f 3528 202 153
f 153 202 3973
f 199 183 154
f 5122 199 154
f 155 169 200
f 4608 170 155
f 155 200 4608
f 156 171 201
f 156 201 3981
f 5332 172 157
f 157 225 3622
f 3622 236 157
f 157 236 5332
f 232 180 158
f 158 227 232
f 247 203 159
f 160 204 248
f 161 249 3112
f 4094 249 161
f 161 3112 3912
f 162 205 250
f 250 225 162
f 274 197 163
f 163 209 269
f 163 269 274
f 164 198 275
f 270 210 164
f 275 270 164
f 267 195 165
f 165 211 267
f 268 212 166
f 273 268 166
f 4448 273 166
f 166 3356 4448
f 167 206 3115
f 167 3115 5123
f 4128 207 168
f 5124 4128 168
f 5330 5124 168
f 169 195 4111
f 4133 200 169
f 169 4111 4133
f 4608 4136 170
f 170 4136 4971
f 4971 4621 170
f 4138 201 171
f 4075 233 171
f 171 233 4138
f 234 198 172
f 5332 234 172
f 5123 213 173
f 173 213 5330
f 174 180 4145
f 286 216 174
f 174 218 286
f 4145 218 174
f 175 214 4884
f 5331 214 175
f 176 206 4066
f 5131 206 176
f 5446 5131 176
f 5329 3528 177
f 4511 4148 177
f 177 4148 5329
f 5323 4511 177
f 178 223 3613
f 3613 258 178
f 178 258 5128
f 5128 3275 178
f 4153 231 179
f 179 231 5445
f 5509 4153 179
f 179 5327 5444
f 179 5444 5509
f 180 232 4158
f 4158 4145 180
f 181 229 4113
f 5125 229 181
f 181 4113 4678
f 5129 230 182
f 182 230 5331
f 183 199 239
f 239 219 183
f 183 219 4069
f 239 199 184
f 184 199 5122
f 4074 220 184
f 184 220 5132
f 5132 239 184
f 241 191 185
f 3860 241 185
f 185 306 3860
f 186 192 242
f 186 242 307
f 307 254 186
f 243 189 187
f 308 243 187
f 187 255 308
f 188 189 243
f 188 243 309
f 309 256 188
f 252 244 190
f 190 244 4198
f 190 251 260
f 4198 251 190
f 310 252 190
f 190 260 310
f 191 241 361
f 361 261 191
f 362 242 192
f 192 262 362
f 263 245 193
f 193 245 3336
f 311 263 193
f 3336 311 193
f 253 246 194
f 194 246 264
f 312 253 194
f 194 264 312
f 195 267 331
f 195 331 5133
f 5133 4111 195
f 196 3356 3691
f 4448 3356 196
f 196 3691 4621
f 4414 4308 196
f 196 4308 5333
f 4621 4414 196
f 5333 4448 196
f 274 265 197
f 197 265 4075
f 198 234 4173
f 198 266 275
f 4173 266 198
f 4133 240 200
f 200 240 4608
f 201 235 3981
f 5130 235 201
f 201 4138 5130
f 202 238 4082
f 5329 238 202
f 202 3528 5329
f 4082 3973 202
f 203 247 317
f 317 292 203
f 203 292 3577
f 318 248 204
f 204 254 293
f 204 293 318
f 320 250 205
f 205 256 295
f 205 295 320
f 296 282 206
f 206 282 3115
f 5131 296 206
f 207 283 4085
f 4128 283 207
f 4085 297 207
f 207 297 4602
f 4602 4511 207
f 207 4511 5323
f 208 277 279
f 5322 277 208
f 208 279 5520
f 5520 5121 208
f 209 259 337
f 4596 269 209
f 209 337 4596
f 337 259 210
f 210 270 337
f 211 261 335
f 4238 267 211
f 211 335 4238
f 336 262 212
f 212 268 336
f 213 280 291
f 5123 280 213
f 291 281 213
f 213 281 5330
f 214 284 4884
f 5331 284 214
f 215 276 285
f 5320 276 215
f 215 285 3603
f 215 3603 4321
f 5521 5320 215
f 286 277 216
f 216 277 5322
f 4321 289 217
f 217 289 4505
f 217 4505 5444
f 5444 5327 217
f 290 286 218
f 303 290 218
f 4145 303 218
f 219 239 300
f 300 287 219
f 219 287 5324
f 5324 4069 219
f 220 288 301
f 4071 288 220
f 220 301 5132
f 5120 4071 220
f 220 4074 5120
f 221 226 5134
f 5522 227 221
f 5134 329 221
f 221 329 5522
f 222 327 3689
f 5448 327 222
f 222 3776 3877
f 222 3877 5448
f 223 328 3613
f 4082 328 223
f 223 3973 4082
f 323 249 224
f 224 249 4094
f 3981 323 224
f 225 250 324
f 225 324 3622
f 226 231 4185
f 5445 231 226
f 226 4185 5134
f 4172 232 227
f 5135 4172 227
f 5522 5135 227
f 4110 257 228
f 228 257 5448
f 3877 3776 228
f 5448 3877 228
f 5126 4110 228
f 228 4296 5126
f 229 298 339
f 5125 298 229
f 229 339 5447
f 5447 4113 229
f 4619 299 230
f 230 299 5331
f 230 340 4619
f 5129 340 230
f 231 341 351
f 4153 341 231
f 231 351 4185
f 352 342 232
f 232 342 4158
f 4172 352 232
f 4075 265 233
f 233 265 4188
f 4151 4138 233
f 4188 4151 233
f 234 4156 4173
f 5332 4156 234
f 235 344 3681
f 5130 344 235
f 235 3681 3981
f 236 345 354
f 3622 345 236
f 236 354 4156
f 236 4156 5332
f 347 304 237
f 237 304 4432
f 3689 347 237
f 237 4432 5446
f 238 348 4082
f 5329 348 238
f 343 300 239
f 239 301 343
f 5132 301 239
f 355 346 240
f 240 346 356
f 4133 355 240
f 240 356 4608
f 3860 361 241
f 362 307 242
f 243 308 363
f 363 309 243
f 244 252 314
f 364 313 244
f 244 313 4198
f 244 314 364
f 245 263 365
f 365 315 245
f 245 315 3336
f 246 253 316
f 366 264 246
f 246 316 366
f 247 271 330
f 4203 317 247
f 247 330 4203
f 330 271 248
f 248 318 4252
f 5334 330 248
f 248 4252 5334
f 249 319 3112
f 3858 319 249
f 249 323 3858
f 250 320 5136
f 5136 324 250
f 3347 260 251
f 251 313 321
f 4198 313 251
f 251 321 378
f 251 378 3347
f 252 310 379
f 383 314 252
f 379 322 252
f 252 322 383
f 253 312 381
f 385 316 253
f 381 326 253
f 253 326 385
f 4208 293 254
f 254 307 4208
f 3112 294 255
f 255 294 4209
f 4209 308 255
f 3912 3112 255
f 393 295 256
f 256 309 393
f 257 349 367
f 4110 349 257
f 257 367 5448
f 368 350 258
f 258 350 4463
f 3790 368 258
f 258 3613 3790
f 258 4463 5128
f 377 310 260
f 260 338 377
f 414 338 260
f 5337 414 260
f 260 3347 5337
f 4239 335 261
f 261 361 4239
f 262 336 3983
f 3154 362 262
f 3983 3154 262
f 263 311 333
f 263 333 3786
f 441 365 263
f 3786 441 263
f 3771 312 264
f 264 334 3771
f 4247 334 264
f 264 366 4247
f 265 274 5137
f 400 372 265
f 265 372 4188
f 5137 400 265
f 4213 275 266
f 266 373 401
f 4173 373 266
f 266 401 4213
f 3998 331 267
f 4238 3998 267
f 268 273 5335
f 409 336 268
f 5335 409 268
f 5336 274 269
f 269 4596 5336
f 270 275 4192
f 371 337 270
f 4192 371 270
f 3260 1287 272
f 272 1287 3385
f 3385 3202 272
f 272 3202 3934
f 3954 3260 272
f 272 3934 3953
f 272 3953 4031
f 4031 3954 272
f 3923 332 273
f 273 332 5335
f 4448 3923 273
f 274 4218 5137
f 5336 4218 274
f 5138 4192 275
f 275 4213 5138
f 276 278 4219
f 5519 278 276
f 4226 285 276
f 4219 304 276
f 276 304 4226
f 276 5320 5519
f 4079 279 277
f 277 286 4084
f 277 305 4079
f 4084 305 277
f 4127 287 278
f 278 287 4220
f 278 296 4219
f 4220 296 278
f 5519 4127 278
f 4221 288 279
f 279 288 5520
f 4079 297 279
f 279 297 4221
f 3115 282 280
f 280 282 4222
f 4229 291 280
f 4222 300 280
f 280 300 4229
f 5123 3115 280
f 301 283 281
f 281 283 5124
f 281 291 4223
f 4223 301 281
f 281 5124 5330
f 4220 287 282
f 282 287 4222
f 282 296 4220
f 301 288 283
f 283 288 4221
f 4221 4085 283
f 283 4128 5124
f 4794 4782 284
f 284 4782 4796
f 5331 4794 284
f 284 4796 4884
f 285 347 3816
f 4226 347 285
f 285 434 3603
f 3816 434 285
f 286 290 3144
f 3147 348 286
f 286 348 4084
f 286 3144 3147
f 287 300 4222
f 287 4127 5324
f 288 4071 5520
f 4227 302 289
f 289 302 4505
f 3545 344 289
f 289 344 4227
f 289 434 3400
f 3603 434 289
f 289 3400 3545
f 4321 3603 289
f 290 303 4228
f 290 345 3144
f 4228 345 290
f 291 343 4223
f 4229 343 291
f 410 306 292
f 292 306 3577
f 292 317 359
f 292 359 4230
f 4232 410 292
f 292 4230 4232
f 4237 318 293
f 4208 411 293
f 293 411 4237
f 3112 319 294
f 294 319 5340
f 294 412 4209
f 5340 412 294
f 5450 320 295
f 295 393 5450
f 296 304 4219
f 5131 304 296
f 4079 305 297
f 297 305 4148
f 297 4085 4221
f 297 4148 4602
f 4243 339 298
f 4224 355 298
f 298 355 4243
f 4796 4224 298
f 5125 4796 298
f 299 356 4225
f 4244 356 299
f 299 4225 4794
f 4619 4244 299
f 299 4794 5331
f 300 343 4229
f 4223 343 301
f 4878 4153 302
f 302 4153 5509
f 302 4227 4845
f 5509 4505 302
f 302 4845 4878
f 303 342 373
f 4158 342 303
f 373 354 303
f 303 354 4228
f 303 4145 4158
f 304 347 4226
f 5131 4432 304
f 4084 348 305
f 305 348 5329
f 5329 4148 305
f 410 390 306
f 306 390 3860
f 307 362 391
f 307 391 4208
f 392 363 308
f 412 392 308
f 4209 412 308
f 309 363 444
f 444 393 309
f 310 377 379
f 311 325 380
f 3336 325 311
f 416 333 311
f 311 380 5143
f 5143 416 311
f 4102 381 312
f 3771 417 312
f 312 417 4102
f 382 321 313
f 313 364 419
f 419 382 313
f 420 364 314
f 314 383 420
f 384 325 315
f 315 325 3336
f 315 365 421
f 421 384 315
f 3804 366 316
f 316 385 475
f 316 475 3804
f 5510 359 317
f 317 4203 5510
f 4237 360 318
f 318 360 4252
f 3858 357 319
f 319 357 5340
f 320 358 5136
f 5450 358 320
f 430 378 321
f 321 382 386
f 321 386 430
f 322 379 431
f 387 383 322
f 431 387 322
f 323 397 424
f 3681 397 323
f 323 424 3858
f 3981 3681 323
f 324 398 3622
f 5136 398 324
f 432 380 325
f 325 384 388
f 325 388 432
f 326 381 433
f 389 385 326
f 433 389 326
f 327 394 3689
f 5448 394 327
f 395 368 328
f 328 368 3790
f 4082 395 328
f 3790 3613 328
f 5134 399 329
f 329 399 5522
f 330 396 422
f 5334 396 330
f 330 422 5510
f 5510 4203 330
f 428 402 331
f 331 402 5133
f 3998 428 331
f 4541 429 332
f 332 429 5335
f 332 3923 5449
f 5449 4541 332
f 333 406 3786
f 3881 406 333
f 333 416 3881
f 4142 407 334
f 334 407 5148
f 5148 3771 334
f 4247 4142 334
f 4177 408 335
f 335 408 4238
f 4239 4177 335
f 336 409 4135
f 4135 3983 336
f 337 371 4596
f 415 377 338
f 414 405 338
f 338 405 415
f 4256 349 339
f 339 349 5447
f 4243 374 339
f 339 374 4256
f 340 350 4259
f 5129 350 340
f 340 375 4244
f 4259 375 340
f 340 4244 4619
f 3533 351 341
f 4833 3533 341
f 341 4153 4878
f 341 4245 4833
f 4878 4245 341
f 342 352 4257
f 4257 373 342
f 344 353 4227
f 5130 353 344
f 3545 466 344
f 344 466 3681
f 4228 354 345
f 345 1880 3144
f 3622 1880 345
f 346 355 4224
f 4225 356 346
f 346 4224 4782
f 4782 4225 346
f 3689 468 347
f 347 468 3816
f 348 3147 3352
f 348 3352 4082
f 4263 367 349
f 4256 402 349
f 349 402 4263
f 349 4110 5447
f 350 368 4258
f 4258 3735 350
f 350 3735 4259
f 5129 4463 350
f 351 369 4185
f 4260 369 351
f 3533 400 351
f 351 400 4260
f 352 370 4261
f 5135 370 352
f 352 401 4257
f 4261 401 352
f 352 4172 5135
f 353 4151 4852
f 5130 4151 353
f 4845 4227 353
f 353 4245 4845
f 4852 4245 353
f 354 373 4156
f 4133 374 355
f 355 374 4243
f 4531 4136 356
f 356 4136 4608
f 356 4244 4531
f 357 424 458
f 3858 424 357
f 357 458 5340
f 4816 425 358
f 358 425 5136
f 358 459 4816
f 5450 459 358
f 359 422 456
f 5510 422 359
f 359 456 4230
f 457 423 360
f 360 423 4252
f 5338 457 360
f 360 4237 5338
f 361 390 443
f 3860 390 361
f 361 443 4239
f 3154 391 362
f 363 392 4276
f 4276 444 363
f 445 419 364
f 364 420 445
f 441 421 365
f 3804 442 366
f 366 442 4247
f 4262 394 367
f 367 394 5448
f 367 428 4262
f 4263 428 367
f 368 395 4264
f 368 429 4258
f 4264 429 368
f 4280 399 369
f 369 399 5134
f 4260 426 369
f 369 426 4280
f 5134 4185 369
f 370 399 4265
f 5522 399 370
f 370 427 4261
f 4265 427 370
f 370 5135 5522
f 4192 404 371
f 371 404 5336
f 5336 4596 371
f 372 400 3533
f 372 3533 4833
f 4852 4188 372
f 372 4833 4852
f 4257 401 373
f 4173 4156 373
f 374 402 4256
f 5133 402 374
f 4133 4111 374
f 374 4111 5133
f 4259 3880 375
f 375 3880 5127
f 375 4115 4880
f 5127 4115 375
f 4531 4244 375
f 4880 4531 375
f 3205 3081 376
f 376 3081 3364
f 3473 3205 376
f 3364 3231 376
f 376 3231 4549
f 3718 3473 376
f 4549 3718 376
f 5339 379 377
f 377 415 5339
f 430 418 378
f 378 418 5337
f 5337 3347 378
f 455 431 379
f 5339 455 379
f 380 432 5451
f 5451 5143 380
f 5344 433 381
f 381 4102 5344
f 446 386 382
f 382 419 472
f 472 446 382
f 383 387 447
f 473 420 383
f 383 447 473
f 448 388 384
f 384 421 474
f 526 448 384
f 384 474 526
f 385 389 449
f 385 449 475
f 476 430 386
f 386 446 450
f 386 450 476
f 387 431 477
f 451 447 387
f 477 451 387
f 478 432 388
f 388 448 452
f 388 452 478
f 389 433 479
f 453 449 389
f 479 453 389
f 390 410 471
f 471 443 390
f 391 411 4208
f 4255 411 391
f 3154 480 391
f 391 480 4255
f 392 412 4276
f 5347 436 393
f 393 436 5450
f 393 444 5347
f 394 3365 4009
f 4728 3365 394
f 4009 3689 394
f 394 4262 4780
f 4780 4728 394
f 4423 3294 395
f 395 3294 4779
f 395 4082 4423
f 4779 4264 395
f 4005 422 396
f 396 423 4277
f 5334 423 396
f 396 463 4005
f 4277 463 396
f 4278 424 397
f 542 460 397
f 397 460 4278
f 3390 542 397
f 3681 3390 397
f 3555 1880 398
f 398 1880 3622
f 4778 3555 398
f 4817 4778 398
f 5136 4817 398
f 399 462 4265
f 4280 462 399
f 400 426 4260
f 5137 426 400
f 401 427 4213
f 4261 427 401
f 402 428 4263
f 403 3735 4258
f 4259 3735 403
f 4001 3880 403
f 403 3880 4259
f 5449 4001 403
f 403 4258 4541
f 403 4541 5449
f 462 426 404
f 404 426 4218
f 404 427 462
f 5138 427 404
f 404 4192 5138
f 404 4218 5336
f 405 414 5146
f 5147 415 405
f 491 463 405
f 405 463 492
f 5146 491 405
f 405 492 5147
f 489 460 406
f 406 460 3754
f 3881 489 406
f 406 3754 3786
f 407 461 490
f 4142 461 407
f 407 490 5148
f 4177 464 408
f 408 464 4819
f 408 3998 4238
f 4819 3998 408
f 409 465 4135
f 4682 465 409
f 5335 4682 409
f 5140 471 410
f 410 4232 5140
f 5142 4237 411
f 411 4255 4285
f 411 4285 5142
f 5346 4276 412
f 5340 5145 412
f 412 5145 5346
f 413 2001 3137
f 4991 2001 413
f 413 3137 3722
f 413 3210 3238
f 3722 3210 413
f 413 3238 3548
f 413 3548 4991
f 5139 437 414
f 414 437 5146
f 5337 5139 414
f 415 438 5141
f 5147 438 415
f 415 5141 5339
f 416 439 3881
f 5144 439 416
f 416 5143 5144
f 417 440 4941
f 5148 440 417
f 417 3771 5148
f 4937 4102 417
f 4941 4937 417
f 418 430 454
f 418 454 5150
f 5150 5139 418
f 418 5139 5337
f 419 445 483
f 483 472 419
f 484 445 420
f 420 473 484
f 421 441 482
f 482 474 421
f 4290 456 422
f 4005 491 422
f 422 491 4290
f 423 457 523
f 523 492 423
f 423 492 4277
f 5334 4252 423
f 4293 458 424
f 4278 489 424
f 424 489 4293
f 425 490 4279
f 4294 490 425
f 425 4279 4817
f 4816 4294 425
f 425 4817 5136
f 426 462 4280
f 5137 4218 426
f 4265 462 427
f 5138 4213 427
f 428 3998 4819
f 4819 4262 428
f 4541 4258 429
f 429 4264 4818
f 4818 4682 429
f 429 4682 5335
f 511 454 430
f 430 476 511
f 431 455 4275
f 4275 477 431
f 432 478 493
f 432 493 5451
f 433 470 479
f 494 470 433
f 5344 494 433
f 434 3176 3313
f 3816 3176 434
f 434 3313 3743
f 3743 3400 434
f 3313 3176 435
f 435 3176 3815
f 435 3241 3242
f 3815 3241 435
f 435 3242 3817
f 3479 3313 435
f 3817 3479 435
f 519 488 436
f 436 488 5450
f 5347 519 436
f 522 491 437
f 437 491 5146
f 4235 522 437
f 5150 4235 437
f 437 5139 5150
f 438 492 523
f 5147 492 438
f 438 523 4289
f 438 4289 5141
f 520 489 439
f 439 489 3881
f 5341 520 439
f 439 5144 5341
f 440 490 521
f 5148 490 440
f 440 521 4941
f 507 482 441
f 3754 507 441
f 3786 3754 441
f 442 508 4142
f 4313 508 442
f 442 3804 4313
f 442 4142 4247
f 443 471 509
f 443 509 4177
f 443 4177 4239
f 4276 505 444
f 444 505 5347
f 445 481 483
f 484 481 445
f 495 450 446
f 446 472 524
f 524 495 446
f 447 451 496
f 525 473 447
f 447 496 525
f 497 452 448
f 526 497 448
f 449 453 498
f 527 475 449
f 449 498 527
f 534 476 450
f 450 495 499
f 450 499 534
f 451 477 535
f 562 496 451
f 535 500 451
f 451 500 562
f 536 478 452
f 452 497 503
f 452 503 536
f 453 479 536
f 503 498 453
f 536 503 453
f 454 511 5151
f 454 512 5150
f 5151 512 454
f 455 513 4275
f 4289 513 455
f 5141 4289 455
f 5339 5141 455
f 456 485 4230
f 4316 485 456
f 4290 522 456
f 456 522 4316
f 457 486 4299
f 5338 486 457
f 4299 523 457
f 4300 487 458
f 458 487 5340
f 4293 520 458
f 458 520 4300
f 459 488 4301
f 5450 488 459
f 459 521 4294
f 4301 521 459
f 459 4294 4816
f 460 489 4278
f 460 542 3395
f 460 3395 3754
f 4279 490 461
f 3711 3555 461
f 461 3555 4778
f 4142 3711 461
f 4778 4279 461
f 463 491 4005
f 4277 492 463
f 3812 544 464
f 464 544 4728
f 4177 3812 464
f 464 4728 4780
f 464 4780 4819
f 3294 3117 465
f 465 3117 4135
f 4779 3294 465
f 465 4682 4818
f 4818 4779 465
f 466 3175 3310
f 3400 3175 466
f 466 3310 4012
f 466 3390 3681
f 4012 3390 466
f 3545 3400 466
f 3280 1198 467
f 467 1198 3808
f 467 3164 3310
f 3808 3164 467
f 3310 3175 467
f 467 3175 3817
f 467 3242 3280
f 3817 3242 467
f 468 3163 3309
f 3365 3163 468
f 3309 3176 468
f 468 3176 3816
f 4009 3365 468
f 468 3689 4009
f 469 545 1204
f 3163 545 469
f 469 1204 3241
f 3309 3163 469
f 469 3176 3309
f 3815 3176 469
f 469 3241 3815
f 536 479 470
f 470 494 5153
f 550 536 470
f 581 550 470
f 5153 581 470
f 516 509 471
f 4555 516 471
f 5140 4555 471
f 472 483 528
f 540 524 472
f 472 528 540
f 529 484 473
f 473 525 541
f 541 529 473
f 474 482 4307
f 538 526 474
f 4307 538 474
f 475 527 539
f 475 539 4302
f 4313 3804 475
f 475 4302 4313
f 554 511 476
f 476 534 554
f 555 535 477
f 4275 555 477
f 5348 493 478
f 478 536 5348
f 4135 510 480
f 480 510 4255
f 480 3154 3983
f 480 3983 4135
f 506 483 481
f 481 484 506
f 482 507 3626
f 482 3626 4307
f 483 506 5349
f 5349 528 483
f 5154 506 484
f 484 529 5154
f 485 570 4315
f 4316 570 485
f 5140 4230 485
f 485 4315 4555
f 485 4555 5140
f 4285 517 486
f 486 517 4317
f 486 571 4299
f 4317 571 486
f 5142 4285 486
f 5338 5142 486
f 4318 518 487
f 487 518 5145
f 4300 568 487
f 487 568 4318
f 487 5145 5340
f 488 519 4320
f 488 569 4301
f 4320 569 488
f 489 520 4293
f 4294 521 490
f 491 522 4290
f 5152 514 493
f 493 514 5342
f 5348 5152 493
f 493 5342 5451
f 494 515 5153
f 5343 515 494
f 5345 5343 494
f 494 5344 5345
f 561 499 495
f 495 524 576
f 576 561 495
f 577 525 496
f 496 562 577
f 563 503 497
f 497 526 578
f 578 563 497
f 498 503 563
f 622 527 498
f 498 563 622
f 561 534 499
f 500 535 562
f 582 532 501
f 501 532 615
f 501 559 572
f 615 559 501
f 501 572 582
f 502 533 583
f 616 533 502
f 573 560 502
f 502 560 616
f 583 573 502
f 574 537 504
f 504 537 584
f 504 564 574
f 575 564 504
f 584 575 504
f 505 518 567
f 5346 518 505
f 567 519 505
f 505 519 5347
f 505 4276 5346
f 506 556 4799
f 5154 556 506
f 506 4799 5349
f 3754 565 507
f 507 565 4811
f 3655 3626 507
f 4811 3655 507
f 588 566 508
f 508 566 4142
f 4313 588 508
f 509 516 557
f 509 557 4177
f 4135 558 510
f 510 558 4868
f 4868 4255 510
f 511 554 5155
f 5155 5151 511
f 512 570 4235
f 4612 570 512
f 512 597 4612
f 5155 597 512
f 512 4235 5150
f 512 5151 5155
f 513 571 598
f 4289 571 513
f 513 598 5350
f 5350 4275 513
f 595 568 514
f 514 568 5342
f 5453 595 514
f 514 5152 5453
f 3955 596 515
f 515 596 5153
f 5343 3955 515
f 4326 557 516
f 4315 597 516
f 516 597 4326
f 4555 4315 516
f 4285 4255 517
f 517 4255 4868
f 4841 4317 517
f 4868 4841 517
f 4346 567 518
f 4318 595 518
f 518 595 4346
f 5346 5145 518
f 519 567 4328
f 519 596 4320
f 4328 596 519
f 520 568 4300
f 5341 568 520
f 4301 569 521
f 521 569 5149
f 5149 4941 521
f 4235 570 522
f 522 570 4316
f 523 571 4289
f 4299 571 523
f 524 540 3824
f 3824 576 524
f 624 541 525
f 525 577 624
f 526 538 5455
f 5455 578 526
f 5157 539 527
f 527 622 5157
f 5159 540 528
f 528 546 5159
f 5349 546 528
f 529 541 547
f 529 547 5154
f 548 538 530
f 530 538 4307
f 4309 548 530
f 530 4307 4309
f 531 539 549
f 4302 539 531
f 531 549 4313
f 4313 4302 531
f 599 552 532
f 532 552 673
f 532 582 599
f 673 615 532
f 533 553 600
f 674 553 533
f 600 583 533
f 533 616 674
f 617 554 534
f 534 561 617
f 535 555 618
f 618 562 535
f 536 550 5348
f 537 551 601
f 4334 551 537
f 537 574 3611
f 601 584 537
f 537 3611 4334
f 538 548 5156
f 538 5156 5455
f 5352 549 539
f 539 5157 5352
f 5160 3824 540
f 540 5159 5160
f 5161 547 541
f 541 624 4338
f 541 4338 5161
f 3303 3168 542
f 542 3168 3395
f 3862 3303 542
f 542 3390 3862
f 543 1198 3286
f 3808 1198 543
f 3303 3164 543
f 543 3164 3808
f 543 3168 3303
f 3393 3168 543
f 3286 3251 543
f 543 3251 3393
f 3301 3163 544
f 544 3163 3365
f 3865 3301 544
f 544 3365 4728
f 544 3812 3865
f 3285 1204 545
f 545 3163 3301
f 3725 3285 545
f 545 3301 4131
f 545 3394 3725
f 4131 3394 545
f 546 585 629
f 5349 585 546
f 546 629 5159
f 630 586 547
f 547 586 5154
f 5161 630 547
f 548 631 665
f 4309 631 548
f 548 665 5156
f 666 632 549
f 549 632 4313
f 5352 666 549
f 550 581 5348
f 611 594 551
f 551 594 612
f 612 601 551
f 4334 611 551
f 552 589 3688
f 4310 589 552
f 552 599 4310
f 3688 673 552
f 553 580 600
f 3733 580 553
f 553 674 3733
f 3699 591 554
f 554 591 5155
f 554 617 3699
f 555 592 4141
f 4275 592 555
f 676 618 555
f 4141 676 555
f 556 586 4345
f 5154 586 556
f 556 4345 4966
f 4966 4799 556
f 557 650 3812
f 4788 650 557
f 557 3812 4177
f 557 4326 4788
f 558 3117 3608
f 4135 3117 558
f 558 3608 4790
f 4790 4327 558
f 558 4327 4868
f 602 572 559
f 615 602 559
f 560 573 603
f 560 603 616
f 561 576 617
f 618 577 562
f 563 578 619
f 563 619 622
f 604 574 564
f 564 575 605
f 620 604 564
f 564 605 620
f 3395 648 565
f 565 648 4727
f 3754 3395 565
f 565 4727 4771
f 565 4771 4811
f 566 588 4028
f 566 634 3101
f 4028 634 566
f 566 3101 3711
f 566 3711 4142
f 567 635 4328
f 4346 635 567
f 568 595 4318
f 568 5341 5342
f 4320 3955 569
f 569 3955 5343
f 5452 5149 569
f 569 5343 5452
f 4612 4315 570
f 4317 598 571
f 625 582 572
f 572 602 606
f 572 606 625
f 573 583 626
f 607 603 573
f 626 607 573
f 574 604 608
f 574 608 627
f 574 627 3611
f 575 584 628
f 4352 605 575
f 628 609 575
f 575 609 4352
f 576 610 623
f 3824 610 576
f 623 617 576
f 577 618 624
f 621 619 578
f 5455 621 578
f 579 1639 2675
f 3099 1639 579
f 579 2675 3240
f 3157 3089 579
f 579 3089 3278
f 3278 3099 579
f 3240 3157 579
f 3733 590 580
f 580 590 4312
f 4312 600 580
f 5153 593 581
f 581 593 5453
f 581 5152 5348
f 5453 5152 581
f 625 599 582
f 583 600 626
f 584 601 628
f 4347 629 585
f 4799 4344 585
f 585 4344 4836
f 4836 4347 585
f 5349 4799 585
f 586 630 3615
f 3615 670 586
f 586 670 4345
f 587 631 4309
f 4348 631 587
f 3932 667 587
f 587 667 4348
f 4309 3655 587
f 587 3655 4811
f 4811 3932 587
f 4313 632 588
f 588 632 4349
f 588 668 4028
f 4349 668 588
f 589 633 3688
f 5454 633 589
f 589 4310 5454
f 590 634 668
f 3733 634 590
f 590 668 4312
f 3699 637 591
f 591 637 4812
f 591 4812 5155
f 592 638 4141
f 5350 638 592
f 592 4275 5350
f 593 596 635
f 5153 596 593
f 593 635 5453
f 594 611 4339
f 4340 612 594
f 594 636 670
f 4856 636 594
f 594 670 4340
f 594 4339 4856
f 595 635 4346
f 5453 635 595
f 4328 635 596
f 596 3955 4320
f 597 4315 4612
f 4812 4326 597
f 5155 4812 597
f 4327 638 598
f 598 638 5350
f 598 4317 4841
f 4841 4327 598
f 3657 613 599
f 599 613 4310
f 599 625 3657
f 4312 614 600
f 600 614 4331
f 4331 626 600
f 601 612 5356
f 4337 628 601
f 5356 4337 601
f 653 606 602
f 602 615 677
f 677 653 602
f 603 607 654
f 678 616 603
f 603 654 678
f 655 608 604
f 604 620 679
f 679 655 604
f 680 620 605
f 605 656 680
f 4352 656 605
f 681 625 606
f 606 653 659
f 606 659 681
f 607 626 682
f 660 654 607
f 682 660 607
f 683 627 608
f 608 655 661
f 608 661 683
f 609 628 684
f 662 656 609
f 609 656 4352
f 684 662 609
f 5162 623 610
f 610 639 5162
f 5355 639 610
f 610 3824 5160
f 610 5160 5355
f 611 4333 4339
f 5354 4333 611
f 611 4334 5354
f 612 4340 5356
f 5158 641 613
f 613 641 5454
f 3657 644 613
f 613 644 4364
f 5454 4310 613
f 613 4364 5158
f 614 645 4331
f 5164 645 614
f 614 4312 4341
f 4341 4332 614
f 614 4332 5164
f 615 673 677
f 678 674 616
f 617 623 675
f 617 675 3699
f 676 624 618
f 619 621 652
f 671 622 619
f 619 652 671
f 3207 672 620
f 620 672 4377
f 4377 679 620
f 620 680 3207
f 5351 652 621
f 5455 5351 621
f 622 671 3195
f 622 3195 5353
f 5353 5157 622
f 5162 675 623
f 624 640 4355
f 5163 640 624
f 624 676 5163
f 4355 4338 624
f 681 644 625
f 625 644 3657
f 626 645 682
f 4331 645 626
f 683 646 627
f 627 646 4334
f 4334 3611 627
f 628 647 684
f 4337 647 628
f 4358 663 629
f 629 663 5355
f 4347 693 629
f 629 693 4358
f 5355 5159 629
f 630 664 4359
f 5161 664 630
f 630 694 3615
f 4359 694 630
f 4360 665 631
f 4348 691 631
f 631 691 4360
f 632 666 4376
f 632 692 4349
f 4376 692 632
f 633 667 3932
f 5454 667 633
f 3823 3688 633
f 4727 3823 633
f 633 3932 4771
f 4771 4727 633
f 4028 668 634
f 3448 3101 634
f 3733 3448 634
f 4345 670 636
f 4856 4344 636
f 636 4344 4966
f 4966 4345 636
f 3409 650 637
f 637 650 4788
f 3699 3409 637
f 637 4788 4812
f 638 3608 3660
f 4790 3608 638
f 638 3660 4141
f 638 4327 4790
f 639 663 687
f 5355 663 639
f 639 687 5162
f 688 664 640
f 640 664 4355
f 5163 688 640
f 691 667 641
f 641 667 5454
f 5158 691 641
f 642 646 657
f 5354 646 642
f 642 657 4361
f 738 693 642
f 642 693 5354
f 4361 738 642
f 658 647 643
f 643 647 5456
f 4362 658 643
f 643 739 4362
f 4766 739 643
f 5456 4766 643
f 644 681 3927
f 644 3927 4364
f 696 682 645
f 711 696 645
f 5164 711 645
f 727 657 646
f 646 683 727
f 5354 4334 646
f 647 658 3203
f 3203 684 647
f 647 4337 5456
f 3323 3182 648
f 648 3182 3823
f 3864 3323 648
f 648 3395 3864
f 648 3823 4727
f 3251 3094 649
f 649 3094 3408
f 3323 3168 649
f 649 3168 3393
f 3393 3251 649
f 4137 3323 649
f 649 3408 4137
f 650 3322 4004
f 4250 3322 650
f 650 3409 4250
f 4004 3812 650
f 3096 1799 651
f 651 1799 3394
f 3407 3096 651
f 3322 3181 651
f 651 3181 3407
f 4314 3322 651
f 651 3394 4314
f 702 671 652
f 4368 702 652
f 652 4365 4368
f 5351 4365 652
f 706 659 653
f 653 677 717
f 717 706 653
f 654 660 707
f 718 678 654
f 654 707 718
f 708 661 655
f 655 679 719
f 751 708 655
f 655 719 5172
f 5172 751 655
f 656 662 709
f 720 680 656
f 656 709 720
f 657 727 5459
f 5165 4361 657
f 5459 5165 657
f 658 728 3203
f 4370 728 658
f 658 4362 4380
f 4380 4370 658
f 721 681 659
f 659 706 755
f 755 721 659
f 660 682 722
f 712 707 660
f 722 712 660
f 723 683 661
f 661 708 713
f 661 713 723
f 662 684 724
f 714 709 662
f 724 714 662
f 4379 687 663
f 4358 738 663
f 663 738 4379
f 664 688 4374
f 664 739 4359
f 4374 739 664
f 5161 4355 664
f 4360 736 665
f 665 736 4383
f 665 4383 4590
f 665 4590 5523
f 5523 5156 665
f 4369 690 666
f 666 690 4375
f 4375 737 666
f 666 737 4376
f 5352 4369 666
f 667 691 4348
f 668 692 4312
f 4349 692 668
f 4333 693 669
f 669 693 4347
f 4339 4333 669
f 4856 4339 669
f 669 4347 4836
f 669 4836 4970
f 4970 4856 669
f 3615 694 670
f 670 694 4340
f 671 702 3195
f 3207 685 672
f 672 685 4377
f 698 677 673
f 704 698 673
f 3688 704 673
f 674 678 699
f 674 699 705
f 674 705 3733
f 675 700 3699
f 5162 700 675
f 4141 701 676
f 676 701 5163
f 677 698 717
f 718 699 678
f 4377 719 679
f 720 697 680
f 680 697 3207
f 681 721 725
f 681 725 3927
f 682 696 726
f 726 722 682
f 683 723 727
f 728 724 684
f 3203 728 684
f 685 703 5167
f 5168 703 685
f 685 3207 5168
f 5166 4377 685
f 5167 5166 685
f 3131 715 686
f 686 715 3242
f 3241 716 686
f 686 716 3345
f 686 3123 3131
f 3345 3123 686
f 3242 3241 686
f 730 700 687
f 687 700 5162
f 4381 730 687
f 687 4379 4381
f 688 701 731
f 5163 701 688
f 688 731 3961
f 3961 780 688
f 688 780 4374
f 733 702 689
f 689 702 4368
f 4400 733 689
f 4383 777 689
f 689 777 4400
f 4368 4365 689
f 689 4365 5523
f 4590 4383 689
f 5523 4590 689
f 690 702 733
f 4543 702 690
f 690 733 4384
f 690 778 4375
f 4384 778 690
f 690 4369 4543
f 691 736 4360
f 5158 736 691
f 692 737 4332
f 4376 737 692
f 4341 4312 692
f 692 4332 4341
f 693 738 4358
f 693 4333 5354
f 5356 4340 694
f 694 4359 4766
f 694 4766 5456
f 5456 5356 694
f 3211 710 695
f 695 710 3927
f 695 725 3211
f 3927 725 695
f 696 711 5357
f 5357 726 696
f 697 720 3405
f 5168 3207 697
f 697 3405 4393
f 697 4393 5168
f 698 704 5170
f 729 717 698
f 5170 729 698
f 4388 705 699
f 699 718 743
f 699 743 4388
f 700 730 3699
f 4141 731 701
f 4543 3195 702
f 703 732 769
f 770 732 703
f 703 769 5167
f 5168 770 703
f 704 734 775
f 3688 734 704
f 704 775 5169
f 704 5169 5170
f 776 735 705
f 705 735 3733
f 5171 776 705
f 705 4388 5171
f 706 717 749
f 706 749 791
f 795 755 706
f 706 791 795
f 707 712 746
f 750 718 707
f 707 746 750
f 747 713 708
f 751 747 708
f 709 714 748
f 752 720 709
f 709 748 3371
f 3371 752 709
f 777 736 710
f 710 736 5457
f 3787 777 710
f 710 3211 3787
f 4364 3927 710
f 5457 4364 710
f 711 737 778
f 5164 737 711
f 711 778 5357
f 712 722 761
f 755 746 712
f 761 755 712
f 763 723 713
f 713 747 796
f 713 757 763
f 796 757 713
f 714 724 764
f 758 748 714
f 764 758 714
f 715 744 1198
f 3128 744 715
f 715 1198 3280
f 3131 3128 715
f 3280 3242 715
f 1204 745 716
f 716 745 3124
f 3241 1204 716
f 716 3124 3132
f 716 3132 3345
f 717 729 742
f 717 742 749
f 750 743 718
f 719 4377 5166
f 719 5166 5173
f 5173 5172 719
f 720 752 5359
f 5359 3405 720
f 771 725 721
f 721 755 761
f 721 761 771
f 722 726 771
f 771 761 722
f 773 727 723
f 723 763 773
f 724 728 774
f 774 764 724
f 725 771 3211
f 782 771 726
f 784 782 726
f 5357 784 726
f 727 773 785
f 727 785 5459
f 4370 774 728
f 5170 740 729
f 729 740 5174
f 5174 742 729
f 817 767 730
f 730 767 3699
f 4381 817 730
f 3106 818 731
f 731 818 3961
f 3660 3106 731
f 4141 3660 731
f 3741 769 732
f 732 770 4399
f 732 816 3741
f 4399 816 732
f 733 815 4384
f 4400 815 733
f 3688 765 734
f 734 765 3825
f 3220 775 734
f 734 813 3220
f 3825 813 734
f 735 776 4401
f 735 814 3086
f 4401 814 735
f 735 3086 3269
f 735 3269 3448
f 735 3448 3733
f 736 777 4383
f 736 5158 5457
f 4375 778 737
f 5164 4332 737
f 4361 779 738
f 738 779 4379
f 739 780 4362
f 4374 780 739
f 4766 4359 739
f 740 775 811
f 5169 775 740
f 740 811 5174
f 5170 5169 740
f 812 776 741
f 741 776 5171
f 4406 812 741
f 741 4388 4396
f 5171 4388 741
f 741 4396 4406
f 837 749 742
f 4405 837 742
f 5174 4405 742
f 743 750 838
f 743 838 4409
f 4396 4388 743
f 4409 4396 743
f 3128 824 744
f 744 824 3251
f 3286 1198 744
f 744 3251 3286
f 1799 825 745
f 745 825 3124
f 745 1204 3285
f 3285 1799 745
f 792 750 746
f 746 755 795
f 795 792 746
f 747 751 793
f 747 793 796
f 748 758 797
f 797 794 748
f 748 794 3371
f 837 791 749
f 750 792 838
f 5460 793 751
f 751 5172 5460
f 3612 790 752
f 752 790 5359
f 752 3371 3612
f 753 759 799
f 4545 759 753
f 753 799 801
f 753 801 4545
f 800 760 754
f 754 760 806
f 802 800 754
f 806 802 754
f 756 762 804
f 807 762 756
f 756 798 803
f 804 798 756
f 756 803 807
f 796 763 757
f 758 764 852
f 852 797 758
f 849 799 759
f 759 820 4039
f 4545 820 759
f 3724 849 759
f 4419 3724 759
f 759 4039 4419
f 760 800 850
f 3222 806 760
f 760 850 3222
f 762 772 819
f 5503 772 762
f 808 804 762
f 762 807 5503
f 819 808 762
f 851 773 763
f 763 796 851
f 764 774 852
f 3319 3186 765
f 765 3186 3825
f 3823 3319 765
f 765 3688 3823
f 766 3094 3095
f 3408 3094 766
f 766 3095 3411
f 766 3319 3408
f 3411 3319 766
f 767 817 901
f 767 901 3185
f 767 3185 3318
f 767 3318 3409
f 767 3409 3699
f 768 2803 3287
f 3410 2803 768
f 3287 3096 768
f 768 3096 3407
f 3318 3185 768
f 768 3185 3410
f 3407 3318 768
f 3582 809 769
f 769 809 5458
f 769 845 3582
f 3741 845 769
f 5458 5167 769
f 4393 810 770
f 770 810 4416
f 770 846 4399
f 4416 846 770
f 5168 4393 770
f 771 782 3211
f 772 783 819
f 5503 783 772
f 872 785 773
f 773 851 872
f 774 786 3702
f 4370 786 774
f 873 852 774
f 917 873 774
f 3702 917 774
f 4417 811 775
f 775 3220 4842
f 4842 4417 775
f 776 812 4418
f 776 844 4401
f 4418 844 776
f 777 784 815
f 3787 784 777
f 777 815 4400
f 4384 815 778
f 778 815 5357
f 779 785 817
f 5165 785 779
f 779 817 4381
f 779 4361 5165
f 4381 4379 779
f 818 786 780
f 780 786 4380
f 3961 818 780
f 4380 4362 780
f 3723 789 781
f 781 789 4421
f 781 821 3222
f 4421 821 781
f 781 3222 3723
f 782 784 3211
f 783 787 3216
f 4402 787 783
f 4832 819 783
f 783 3216 4832
f 5503 4402 783
f 5357 815 784
f 3787 3211 784
f 932 817 785
f 785 872 916
f 785 916 932
f 785 5165 5459
f 786 818 3702
f 786 4370 4380
f 845 816 787
f 787 816 3216
f 4402 845 787
f 788 813 3684
f 4764 813 788
f 788 3684 3724
f 788 3724 4419
f 788 4419 4764
f 3683 814 789
f 789 814 4421
f 3723 3683 789
f 790 3612 4319
f 790 4319 5177
f 790 5177 5359
f 847 795 791
f 791 837 847
f 792 795 847
f 847 838 792
f 851 796 793
f 793 822 872
f 5460 822 793
f 872 851 793
f 794 797 852
f 794 823 3612
f 4195 823 794
f 794 852 873
f 794 873 4195
f 3612 3371 794
f 853 803 798
f 798 804 854
f 798 848 853
f 854 848 798
f 855 801 799
f 799 849 855
f 800 802 856
f 856 850 800
f 861 805 801
f 801 805 4545
f 801 855 861
f 802 806 860
f 906 856 802
f 802 860 862
f 802 862 906
f 857 807 803
f 803 853 863
f 863 857 803
f 804 808 858
f 864 854 804
f 804 858 864
f 4403 820 805
f 805 820 4545
f 861 859 805
f 805 859 4403
f 3222 821 806
f 806 821 4407
f 4407 860 806
f 4392 828 807
f 807 828 5503
f 807 857 4392
f 808 819 4398
f 808 829 858
f 4398 829 808
f 4427 839 809
f 809 839 5358
f 3582 883 809
f 809 883 4427
f 809 5358 5458
f 810 840 4442
f 4443 840 810
f 810 3876 4416
f 4442 3876 810
f 4393 4076 810
f 810 4076 4443
f 4430 841 811
f 811 841 5175
f 4417 881 811
f 811 881 4430
f 5175 5174 811
f 812 842 3964
f 4406 842 812
f 3964 882 812
f 812 882 4418
f 813 897 3684
f 3825 897 813
f 4798 3220 813
f 813 4764 4798
f 4401 844 814
f 814 844 4421
f 3450 3086 814
f 3683 3450 814
f 816 845 3741
f 4722 3216 816
f 816 4399 4722
f 932 901 817
f 818 3106 3189
f 818 3189 3702
f 4832 4398 819
f 820 826 836
f 4403 826 820
f 820 836 4039
f 821 827 4407
f 4421 827 821
f 822 830 872
f 3505 830 822
f 3633 3505 822
f 5460 3633 822
f 823 831 4319
f 5179 831 823
f 4319 3612 823
f 823 4195 5179
f 824 890 3094
f 3212 890 824
f 824 3094 3251
f 824 3128 4411
f 4411 3212 824
f 3096 891 825
f 825 891 3521
f 825 1799 3096
f 825 3122 3124
f 3521 3122 825
f 4429 836 826
f 826 4403 4404
f 826 4404 4429
f 827 870 4407
f 4408 870 827
f 5362 4408 827
f 827 4421 4431
f 827 4431 5362
f 4724 834 828
f 828 834 5503
f 4392 867 828
f 828 867 4435
f 828 4435 4724
f 4398 835 829
f 829 835 5363
f 868 858 829
f 4437 868 829
f 5363 4437 829
f 830 839 877
f 3505 839 830
f 916 872 830
f 830 877 916
f 878 840 831
f 831 840 4319
f 5179 878 831
f 865 837 832
f 832 837 4405
f 832 841 879
f 5175 841 832
f 5180 865 832
f 832 879 5180
f 832 4405 5175
f 880 842 833
f 833 842 4406
f 5176 866 833
f 833 866 5181
f 5181 880 833
f 833 4406 4409
f 833 4409 5176
f 3989 845 834
f 834 845 4402
f 834 883 3989
f 4724 883 834
f 834 4402 5503
f 835 846 884
f 5360 846 835
f 835 884 5363
f 835 4398 5360
f 4429 843 836
f 836 843 4764
f 4764 4039 836
f 865 847 837
f 838 847 866
f 838 866 5176
f 5176 4409 838
f 4440 877 839
f 4427 940 839
f 839 940 4440
f 839 3505 5358
f 840 878 4441
f 4441 4065 840
f 840 4065 4442
f 4443 4319 840
f 3811 879 841
f 841 938 3811
f 4430 938 841
f 842 880 4444
f 842 939 3964
f 4444 939 842
f 843 881 4417
f 4429 881 843
f 843 3220 4798
f 4842 3220 843
f 843 4417 4842
f 4798 4764 843
f 4418 882 844
f 844 882 4431
f 4431 4421 844
f 3989 3582 845
f 4416 884 846
f 846 3216 4722
f 5360 3216 846
f 4722 4399 846
f 847 865 876
f 876 866 847
f 885 853 848
f 848 854 886
f 930 885 848
f 848 886 889
f 848 889 930
f 887 855 849
f 849 874 887
f 3724 874 849
f 850 856 888
f 888 875 850
f 850 875 3723
f 3723 3222 850
f 903 863 853
f 853 885 903
f 854 864 904
f 904 886 854
f 905 861 855
f 855 887 905
f 906 888 856
f 857 863 892
f 892 867 857
f 857 867 4392
f 3277 864 858
f 858 868 3277
f 859 861 894
f 894 869 859
f 859 869 4403
f 895 862 860
f 860 870 895
f 4407 870 860
f 907 894 861
f 861 905 907
f 862 895 908
f 908 906 862
f 909 892 863
f 863 903 909
f 864 893 910
f 3277 893 864
f 910 904 864
f 918 876 865
f 5180 918 865
f 866 876 918
f 866 918 5181
f 867 892 911
f 867 911 4436
f 4436 4435 867
f 868 893 3277
f 4647 893 868
f 868 4437 5178
f 5178 4647 868
f 869 894 913
f 869 913 3237
f 869 3237 4404
f 4404 4403 869
f 4408 871 870
f 870 871 5182
f 3644 895 870
f 5182 3644 870
f 871 882 939
f 5362 882 871
f 871 939 981
f 871 981 5182
f 871 4408 5362
f 873 917 5179
f 5179 4195 873
f 928 887 874
f 874 914 928
f 3724 914 874
f 875 888 929
f 929 915 875
f 875 915 3723
f 932 916 877
f 4462 932 877
f 4440 982 877
f 877 982 4462
f 878 917 933
f 5179 917 878
f 878 933 4450
f 878 983 4441
f 4450 983 878
f 4467 935 879
f 879 935 5180
f 3811 980 879
f 879 980 4467
f 4191 4166 880
f 880 4166 4444
f 5181 4191 880
f 881 938 4430
f 5361 938 881
f 881 4429 5361
f 3964 939 882
f 5362 4431 882
f 883 940 4427
f 4435 940 883
f 883 3582 3989
f 4724 4435 883
f 4416 3876 884
f 884 3876 4442
f 4442 3938 884
f 884 3938 5363
f 948 903 885
f 885 930 948
f 931 889 886
f 886 904 949
f 949 931 886
f 950 905 887
f 887 928 950
f 888 906 951
f 951 929 888
f 889 919 930
f 4663 919 889
f 889 931 4663
f 890 1083 3095
f 3127 1083 890
f 890 1800 3127
f 3212 1800 890
f 3095 3094 890
f 2803 1084 891
f 891 1084 3121
f 3287 2803 891
f 891 3096 3287
f 891 3121 3521
f 892 909 960
f 956 911 892
f 960 956 892
f 961 910 893
f 893 912 957
f 4647 912 893
f 893 957 961
f 894 907 962
f 958 913 894
f 962 958 894
f 971 908 895
f 3760 971 895
f 895 3644 3760
f 896 3209 3777
f 4030 3209 896
f 896 3536 3782
f 4389 3536 896
f 3777 3567 896
f 896 3567 4389
f 896 3782 3917
f 896 3917 4030
f 3402 936 897
f 897 936 3684
f 4124 3402 897
f 897 3825 4335
f 4572 4124 897
f 897 4335 4572
f 3095 1785 898
f 898 1785 3818
f 3411 3095 898
f 898 3178 3315
f 3818 3178 898
f 3315 3186 898
f 898 3186 3411
f 899 900 3793
f 4930 900 899
f 899 3793 3988
f 899 3988 4152
f 899 4152 4160
f 899 4160 4930
f 900 3792 3793
f 4985 3792 900
f 900 4930 4976
f 900 4976 4985
f 901 932 1148
f 901 1148 3258
f 3314 3185 901
f 901 3258 3314
f 2825 2803 902
f 902 2803 3410
f 3820 2825 902
f 902 3185 3314
f 3410 3185 902
f 3314 3258 902
f 902 3258 3820
f 966 909 903
f 903 948 966
f 904 910 967
f 967 949 904
f 968 907 905
f 905 950 968
f 906 908 969
f 969 951 906
f 970 962 907
f 907 968 970
f 971 969 908
f 972 960 909
f 909 966 972
f 910 961 973
f 973 967 910
f 3727 926 911
f 911 926 4436
f 911 956 3727
f 5178 927 912
f 912 927 5364
f 5364 957 912
f 912 4647 5178
f 913 958 3778
f 5511 3237 913
f 913 3778 5511
f 3791 928 914
f 914 936 978
f 3684 936 914
f 914 978 3791
f 3724 3684 914
f 915 929 5524
f 915 937 3683
f 5524 937 915
f 915 3683 3723
f 3702 933 917
f 918 935 4191
f 5180 935 918
f 918 4191 5181
f 5512 930 919
f 5366 934 919
f 919 934 5512
f 919 4663 5366
f 920 3495 3969
f 4159 3495 920
f 920 3567 3777
f 3969 3567 920
f 920 3643 4159
f 4902 3643 920
f 920 3777 4902
f 3671 943 921
f 921 943 4470
f 3782 3671 921
f 4182 3782 921
f 4470 4182 921
f 3944 923 922
f 922 923 4930
f 922 3108 3614
f 4152 3108 922
f 922 3614 3944
f 4160 4152 922
f 4930 4160 922
f 3944 3861 923
f 923 3861 3971
f 923 3971 4892
f 4892 4385 923
f 923 4385 4930
f 3793 925 924
f 924 925 3795
f 3807 3266 924
f 924 3266 3988
f 3988 3793 924
f 924 3795 3807
f 3793 3792 925
f 925 3792 4905
f 4058 3795 925
f 4905 4058 925
f 982 940 926
f 926 940 4436
f 3788 982 926
f 926 3727 3788
f 927 941 983
f 5461 941 927
f 927 983 5364
f 927 5178 5461
f 952 950 928
f 3791 952 928
f 929 951 953
f 929 953 5524
f 954 948 930
f 5512 954 930
f 931 949 955
f 931 955 5366
f 5366 4663 931
f 932 1112 1148
f 4462 1112 932
f 3387 1113 933
f 933 1113 4450
f 933 3189 3387
f 3702 3189 933
f 4506 976 934
f 934 976 5512
f 934 977 4466
f 5366 977 934
f 4466 1111 934
f 934 1111 4506
f 4451 4191 935
f 4787 4451 935
f 935 4467 4787
f 4468 978 936
f 3402 1109 936
f 936 1109 4468
f 937 979 4510
f 5524 979 937
f 937 1110 1855
f 4510 1110 937
f 937 1855 3450
f 937 3450 3683
f 3237 980 938
f 938 980 3811
f 5361 3237 938
f 4444 981 939
f 940 982 4440
f 940 4435 4436
f 4441 983 941
f 941 3938 4065
f 5461 3938 941
f 941 4065 4441
f 3441 1007 942
f 942 1007 3631
f 4475 3441 942
f 942 3495 4159
f 4163 3495 942
f 4159 3546 942
f 942 3546 4475
f 942 3631 4163
f 3426 1015 943
f 943 1015 4476
f 3670 3426 943
f 3671 3670 943
f 4485 4470 943
f 943 4476 4485
f 944 945 3861
f 4742 945 944
f 944 3614 3827
f 3944 3614 944
f 944 3827 4524
f 944 3861 3944
f 944 4524 4742
f 945 1017 4495
f 4742 1017 945
f 3971 3861 945
f 4495 3971 945
f 3795 947 946
f 946 947 4936
f 946 1018 3276
f 4936 1018 946
f 3276 3266 946
f 946 3266 3807
f 3807 3795 946
f 947 3795 3931
f 947 3931 4494
f 947 4494 4936
f 948 954 993
f 1045 966 948
f 948 993 1045
f 994 955 949
f 949 967 1046
f 1046 994 949
f 950 952 991
f 1047 968 950
f 950 991 1047
f 992 953 951
f 951 969 3449
f 3449 992 951
f 3791 963 952
f 952 963 4500
f 4500 991 952
f 5462 964 953
f 953 964 5524
f 953 992 3293
f 953 3293 5462
f 3673 993 954
f 5184 3673 954
f 5512 5184 954
f 994 965 955
f 955 965 5185
f 955 5185 5366
f 956 960 1060
f 956 1060 1077
f 956 1077 3727
f 1061 961 957
f 1078 1061 957
f 5364 1078 957
f 958 962 3281
f 958 3281 3778
f 959 1065 3760
f 5365 1065 959
f 3760 3644 959
f 959 3644 5182
f 959 5182 5365
f 960 972 1066
f 1066 1060 960
f 1067 973 961
f 961 1061 1067
f 962 970 1070
f 962 1070 3281
f 963 978 1106
f 3791 978 963
f 963 1106 4500
f 1107 979 964
f 964 979 5524
f 5462 1107 964
f 965 994 4515
f 1143 1105 965
f 965 1105 5185
f 4515 1143 965
f 1085 972 966
f 966 1045 4330
f 4330 1085 966
f 967 973 1086
f 1086 1046 967
f 1087 970 968
f 968 1047 1087
f 969 971 1088
f 969 1088 1127
f 969 1127 3449
f 1093 1070 970
f 970 1087 1093
f 3369 1088 971
f 3760 3369 971
f 1095 1066 972
f 972 1085 1095
f 973 1067 1096
f 1096 1086 973
f 974 984 995
f 4457 984 974
f 1001 987 974
f 974 987 4457
f 974 995 3209
f 4030 1001 974
f 974 3209 4030
f 975 990 1006
f 4447 990 975
f 1000 999 975
f 975 999 4460
f 4976 1000 975
f 975 1006 4985
f 4460 4447 975
f 4985 4976 975
f 3850 1104 976
f 976 1104 5184
f 976 1152 3850
f 4506 1152 976
f 976 5184 5512
f 977 1105 4507
f 5185 1105 977
f 977 1153 4466
f 4507 1153 977
f 5366 5185 977
f 4508 1106 978
f 4468 1150 978
f 978 1150 4508
f 979 1107 4509
f 4509 1151 979
f 979 1151 4510
f 980 3237 5511
f 980 3886 4733
f 5511 3886 980
f 4733 4467 980
f 4444 4166 981
f 981 4166 4451
f 981 4451 4804
f 981 4804 5365
f 5365 5182 981
f 982 1077 1112
f 3788 1077 982
f 982 1112 4462
f 4450 1113 983
f 983 1113 5364
f 996 995 984
f 1008 996 984
f 4457 1008 984
f 985 986 997
f 5464 986 985
f 985 997 1009
f 985 1009 5367
f 5367 3431 985
f 985 3431 5464
f 998 997 986
f 1010 998 986
f 4517 1010 986
f 5464 4517 986
f 987 1001 1002
f 987 1002 4459
f 4459 4457 987
f 1003 989 988
f 988 989 5464
f 1012 1003 988
f 5464 1012 988
f 989 1003 1004
f 989 1004 1013
f 989 1013 4517
f 989 4517 5464
f 990 1005 1006
f 1014 1005 990
f 4447 1014 990
f 5187 1047 991
f 991 4500 5189
f 5189 5187 991
f 1127 1121 992
f 992 1121 3293
f 3449 1127 992
f 4513 1045 993
f 993 3673 5191
f 5191 4513 993
f 994 1046 4514
f 4514 3863 994
f 994 3863 4515
f 995 996 1020
f 995 1020 4902
f 4902 3209 995
f 996 1008 1032
f 1021 1020 996
f 1032 1021 996
f 997 998 1022
f 1033 1009 997
f 997 1022 1033
f 998 1010 1023
f 1023 1022 998
f 999 1000 1024
f 999 1024 1035
f 999 1035 5492
f 5492 4460 999
f 1025 1024 1000
f 3625 1025 1000
f 4194 3625 1000
f 4976 4194 1000
f 1026 1002 1001
f 4445 1026 1001
f 1001 4030 4445
f 1002 1026 4210
f 1002 4210 4459
f 1028 1004 1003
f 1003 1012 1028
f 1038 1013 1004
f 1004 1028 1029
f 1004 1029 1038
f 1030 1006 1005
f 1005 1014 5368
f 5368 1030 1005
f 1006 1030 1031
f 1006 1031 4905
f 1006 4905 4985
f 1007 3441 4484
f 4411 3631 1007
f 1007 3638 4038
f 4469 3638 1007
f 1007 4038 4411
f 4484 4469 1007
f 1039 1032 1008
f 3747 1039 1008
f 4387 3747 1008
f 4457 4387 1008
f 1009 1033 3311
f 1009 3311 3417
f 1009 3417 5367
f 1034 1023 1010
f 1040 1034 1010
f 5192 1040 1010
f 1010 4517 5192
f 1011 1036 1043
f 4210 1036 1011
f 1011 1043 3221
f 1011 3221 4520
f 4459 4210 1011
f 1011 4387 4459
f 4520 4387 1011
f 1037 1028 1012
f 1041 1037 1012
f 5367 1041 1012
f 1012 3431 5367
f 5464 3431 1012
f 1013 1038 1044
f 1013 1044 5192
f 5192 4517 1013
f 1014 3990 5368
f 5369 3990 1014
f 1014 4447 5369
f 3641 1115 1015
f 1015 1115 4161
f 3426 3122 1015
f 1015 3122 3641
f 1015 4161 4425
f 1015 4425 4476
f 3605 1017 1016
f 1016 1017 4742
f 3145 1116 1016
f 1016 1116 3605
f 4524 3145 1016
f 4742 4524 1016
f 1017 3605 4453
f 1017 4453 4496
f 4496 4495 1017
f 1018 1019 4932
f 4936 1019 1018
f 3620 3276 1018
f 4554 3620 1018
f 1018 3853 4554
f 4932 3853 1018
f 1019 4497 4932
f 4936 4497 1019
f 1020 1021 1048
f 1020 1048 3452
f 1020 3452 4902
f 1021 1032 1049
f 1049 1048 1021
f 1022 1023 1050
f 1050 1033 1022
f 1023 1034 1051
f 1051 1050 1023
f 1024 1025 1052
f 1052 1035 1024
f 1053 1052 1025
f 3677 1053 1025
f 1025 3625 3677
f 1054 1027 1026
f 1026 1027 4210
f 4204 1054 1026
f 4445 4204 1026
f 1055 1036 1027
f 1027 1036 4210
f 1027 1054 1055
f 1056 1029 1028
f 1028 1037 1056
f 1057 1038 1029
f 1029 1056 1057
f 1058 1031 1030
f 5368 1058 1030
f 1031 1058 1059
f 1031 1059 4891
f 1031 4891 4905
f 1032 1039 1072
f 1072 1049 1032
f 1033 1050 1074
f 1033 1074 3311
f 1034 1040 1073
f 1073 1051 1034
f 5183 1042 1035
f 1035 1042 5492
f 1035 1052 5183
f 1075 1043 1036
f 1036 1055 1075
f 1037 1041 3332
f 3332 1056 1037
f 1076 1044 1038
f 1038 1057 1076
f 4606 1072 1039
f 1039 3747 4284
f 1039 4284 4606
f 4073 1073 1040
f 4605 4073 1040
f 5192 4605 1040
f 4526 3332 1041
f 5367 4526 1041
f 1042 3929 4286
f 5183 3929 1042
f 1042 4286 5492
f 1043 1075 4465
f 4465 3221 1043
f 1044 1076 3911
f 1044 3911 4523
f 1044 4523 5192
f 4831 4330 1045
f 1045 4513 4831
f 1046 1086 1125
f 1046 1125 4514
f 1126 1087 1047
f 5187 1126 1047
f 1048 1049 1097
f 1048 1097 4482
f 4482 3452 1048
f 1049 1072 3271
f 3271 1097 1049
f 1050 1051 1098
f 1098 1074 1050
f 1051 1073 1099
f 1099 1098 1051
f 1052 1053 1089
f 1052 1089 5183
f 1100 1089 1053
f 3664 1100 1053
f 3677 3664 1053
f 1101 1055 1054
f 4353 1101 1054
f 1054 4204 4353
f 1090 1075 1055
f 1101 1090 1055
f 3354 1057 1056
f 1056 3332 3354
f 3354 1076 1057
f 1102 1059 1058
f 3338 1102 1058
f 5368 3338 1058
f 1059 1102 1103
f 1059 1103 4487
f 1059 4487 4891
f 1060 1066 4288
f 3693 1077 1060
f 4288 3693 1060
f 3986 1067 1061
f 1061 1078 3986
f 1062 1068 1138
f 1180 1068 1062
f 1062 1079 3690
f 3775 1079 1062
f 1062 1138 3775
f 1256 1180 1062
f 3690 1256 1062
f 1063 1069 3748
f 5504 1069 1063
f 3748 1080 1063
f 1063 1080 5504
f 1064 1071 1140
f 3568 1071 1064
f 1064 1082 3568
f 3773 1082 1064
f 1064 1140 3773
f 3281 1070 1065
f 1065 1070 3760
f 1065 1081 3778
f 5365 1081 1065
f 3778 3281 1065
f 1066 1095 1154
f 1066 1154 1182
f 1066 1182 4288
f 1183 1096 1067
f 3986 1183 1067
f 1068 1091 1138
f 1180 1091 1068
f 1139 1092 1069
f 1069 1092 1181
f 5504 1139 1069
f 1069 1181 1257
f 1069 1257 3748
f 1070 1093 3369
f 1070 3369 3760
f 1071 1094 1140
f 1141 1094 1071
f 3568 1141 1071
f 4533 3271 1072
f 4606 4533 1072
f 4303 1099 1073
f 1073 4073 4303
f 1074 1098 4287
f 3888 3311 1074
f 4287 3888 1074
f 1075 1090 3663
f 1075 3663 4465
f 1076 3354 4241
f 4241 3911 1076
f 3693 1112 1077
f 3788 3727 1077
f 1078 1113 3682
f 5364 1113 1078
f 1078 3682 3986
f 1150 1109 1079
f 1079 1109 3690
f 1079 1134 1150
f 3775 1134 1079
f 3748 1110 1080
f 1080 1110 4119
f 1080 4119 5504
f 1081 1108 4733
f 4804 1108 1081
f 3886 3778 1081
f 4733 3886 1081
f 5365 4804 1081
f 1152 1111 1082
f 1082 1111 1153
f 3984 1152 1082
f 1082 1153 5186
f 5186 3568 1082
f 1082 3773 3984
f 1083 1260 1785
f 3234 1260 1083
f 1083 1785 3095
f 1083 3127 3234
f 2825 1261 1084
f 1084 1261 3130
f 1084 2803 2825
f 3130 3121 1084
f 1154 1095 1085
f 4330 1124 1085
f 1085 1124 4644
f 4644 1154 1085
f 1086 1096 1155
f 1155 1125 1086
f 1158 1093 1087
f 1087 1126 1158
f 1088 1093 1158
f 3369 1093 1088
f 4106 1127 1088
f 1088 1158 4106
f 1089 1100 4758
f 1089 4758 5183
f 1090 1101 3637
f 1090 3637 3768
f 3768 3663 1090
f 1160 1138 1091
f 1180 1156 1091
f 1091 1156 1244
f 1244 1160 1091
f 1092 1139 1161
f 1092 1157 1181
f 1245 1157 1092
f 1092 1161 1245
f 1162 1140 1094
f 1094 1141 1163
f 1163 1159 1094
f 1094 1159 1246
f 1246 1162 1094
f 1183 1155 1096
f 1097 3271 3758
f 1097 3758 4482
f 1098 1099 5194
f 5194 4287 1098
f 1099 4303 5194
f 3664 3596 1100
f 1100 3596 4061
f 1100 4061 4758
f 4281 3637 1101
f 4353 4281 1101
f 4944 1103 1102
f 1102 3338 4643
f 1102 4643 4944
f 4944 4487 1103
f 4556 1142 1104
f 1104 1142 5191
f 3850 1214 1104
f 1104 1214 4556
f 5191 5184 1104
f 1105 1143 4557
f 1105 1215 4507
f 4557 1215 1105
f 4558 1144 1106
f 1106 1144 5188
f 4508 1205 1106
f 1106 1205 4558
f 5188 4500 1106
f 1107 1145 4559
f 5190 1145 1107
f 1107 1206 4509
f 4559 1206 1107
f 5462 5190 1107
f 4787 4733 1108
f 4804 4787 1108
f 1109 1146 1319
f 3402 1146 1109
f 1109 1150 4468
f 1109 1319 3690
f 1110 1151 4119
f 4510 1151 1110
f 3098 1855 1110
f 3748 3098 1110
f 1111 1152 4506
f 4466 1153 1111
f 3693 1148 1112
f 1113 3387 3645
f 1113 3645 3682
f 4469 3429 1114
f 1114 3429 4900
f 3779 3493 1114
f 1114 3493 4193
f 4038 3638 1114
f 1114 3638 4469
f 4900 3779 1114
f 4193 4038 1114
f 1115 3641 4103
f 1115 3753 3783
f 4103 3753 1115
f 1115 3783 4866
f 4888 4161 1115
f 1115 4866 4888
f 1116 1117 3605
f 4843 1117 1116
f 1116 3145 4092
f 1116 4092 4843
f 4168 3605 1117
f 4843 3763 1117
f 1117 3763 4846
f 4913 4168 1117
f 1117 4846 4913
f 1118 1119 4857
f 4932 1119 1118
f 1118 3327 4554
f 4857 3327 1118
f 4554 3853 1118
f 1118 3853 4932
f 1119 3977 4857
f 4864 3977 1119
f 4926 4864 1119
f 4932 4926 1119
f 1120 1128 1164
f 5188 1128 1120
f 1120 1164 5187
f 1120 5187 5189
f 5189 5188 1120
f 1121 1127 1165
f 1121 1129 5190
f 5370 1129 1121
f 1121 1165 5370
f 5190 3293 1121
f 3772 1124 1122
f 1122 1124 4513
f 4564 3772 1122
f 1122 4513 5191
f 1122 4563 4564
f 5191 4563 1122
f 1123 1125 1183
f 4514 1125 1123
f 1123 1183 1259
f 1123 1259 4567
f 1123 3863 4514
f 4515 3863 1123
f 4566 4515 1123
f 4567 4566 1123
f 1124 3772 4591
f 1124 4330 4831
f 4831 4513 1124
f 1124 4591 4644
f 1125 1155 1183
f 1184 1158 1126
f 1126 1164 1184
f 5187 1164 1126
f 4106 1165 1127
f 1128 1144 1201
f 5188 1144 1128
f 3346 1164 1128
f 1128 1201 5198
f 5198 3346 1128
f 1202 1145 1129
f 1129 1145 5190
f 5370 1202 1129
f 1130 1134 3775
f 4512 1134 1130
f 1130 1138 1178
f 3775 1138 1130
f 1130 1178 4512
f 1131 1135 5197
f 5504 1135 1131
f 3553 1139 1131
f 1131 1139 5504
f 1131 1179 3553
f 5197 1179 1131
f 1132 1136 4503
f 5463 1136 1132
f 3773 1140 1132
f 1132 1140 5463
f 4503 3773 1132
f 1133 1137 3295
f 4504 1137 1133
f 3295 1141 1133
f 1133 1141 3568
f 1133 3568 5186
f 5186 4504 1133
f 1205 1150 1134
f 4512 1205 1134
f 1135 1151 1206
f 4119 1151 1135
f 1135 1206 5197
f 5504 4119 1135
f 1136 1214 4503
f 4546 1214 1136
f 1136 1303 5196
f 5463 1303 1136
f 1136 1327 4546
f 5196 1327 1136
f 1137 1215 1328
f 4504 1215 1137
f 1137 1328 4583
f 4568 3295 1137
f 4583 4568 1137
f 1138 1160 3746
f 3746 1178 1138
f 1203 1161 1139
f 3553 1203 1139
f 1140 1162 4565
f 1140 4565 5463
f 1332 1163 1141
f 5195 1332 1141
f 1141 3295 5195
f 1142 4556 4793
f 4802 4563 1142
f 1142 4563 5191
f 1142 4793 4802
f 4566 1200 1143
f 1143 1200 4574
f 1143 1328 4557
f 4574 1328 1143
f 1143 4515 4566
f 4575 1201 1144
f 4558 1325 1144
f 1144 1325 4575
f 1145 1202 4576
f 1145 1326 4559
f 4576 1326 1145
f 1442 1319 1146
f 3172 1442 1146
f 3306 3172 1146
f 1146 3178 3306
f 3402 3178 1146
f 1147 1785 3243
f 3818 1785 1147
f 1147 3172 3306
f 3814 3172 1147
f 1147 3243 3814
f 1147 3306 4021
f 4021 3818 1147
f 3304 3258 1148
f 4054 3304 1148
f 1148 3457 4054
f 4104 3457 1148
f 1148 3693 4104
f 1149 1794 2825
f 3397 1794 1149
f 1149 2825 3820
f 1149 3258 3304
f 3820 3258 1149
f 1149 3304 3706
f 3706 3397 1149
f 1150 1205 4508
f 4509 1206 1151
f 1152 1214 3850
f 4503 1214 1152
f 1152 3984 4503
f 4507 1215 1153
f 1153 1215 5186
f 4644 1182 1154
f 1156 1180 1244
f 1245 1181 1157
f 1158 1184 4106
f 1159 1163 1358
f 1159 1185 1246
f 1358 1185 1159
f 1160 1244 1356
f 1356 1251 1160
f 1160 1251 3746
f 1161 1203 1252
f 1252 1245 1161
f 1162 1246 1253
f 1162 1253 4565
f 1163 1332 1362
f 1362 1358 1163
f 1254 1184 1164
f 3346 1254 1164
f 1165 1184 1254
f 4106 1184 1165
f 1165 1254 5370
f 1166 1167 1186
f 4045 1167 1166
f 1166 1186 3472
f 1166 3472 4948
f 4948 4045 1166
f 1187 1186 1167
f 3913 1187 1167
f 1167 1207 3913
f 4045 1207 1167
f 1168 1169 1188
f 4646 1169 1168
f 1168 1188 1208
f 1168 1208 3447
f 1168 3447 4646
f 1189 1188 1169
f 4539 1189 1169
f 4325 3527 1169
f 1169 3527 4539
f 4646 4325 1169
f 1170 1171 1190
f 4947 1171 1170
f 1170 1190 1209
f 1170 1209 4702
f 1170 4702 4947
f 1191 1190 1171
f 4453 1191 1171
f 4947 4453 1171
f 1192 1173 1172
f 1172 1173 4949
f 4425 1192 1172
f 4949 4425 1172
f 1173 1192 1193
f 1173 1193 1210
f 1173 1210 4683
f 1173 4683 4949
f 1194 1175 1174
f 1174 1175 4305
f 1211 1194 1174
f 3384 1211 1174
f 1174 3233 3384
f 4305 3233 1174
f 1175 1194 1195
f 1175 1195 1212
f 1175 1212 4881
f 4881 4305 1175
f 1196 1177 1176
f 1176 1177 3869
f 1213 1196 1176
f 3201 1213 1176
f 4698 3201 1176
f 1176 3869 4698
f 1177 1196 1197
f 1177 1197 3810
f 1177 3810 4356
f 4356 3869 1177
f 1329 1301 1178
f 1178 1301 4615
f 3746 1329 1178
f 4615 4512 1178
f 1330 1203 1179
f 1179 1203 3553
f 1305 1302 1179
f 1179 1302 1330
f 5197 1305 1179
f 1321 1244 1180
f 1180 1256 1321
f 1181 1245 1322
f 5203 1257 1181
f 1181 1322 5203
f 1182 1258 4288
f 4591 1258 1182
f 4644 4591 1182
f 3986 1259 1183
f 1323 1246 1185
f 1185 1255 1323
f 1324 1255 1185
f 1358 1324 1185
f 1186 1187 1222
f 1186 1222 3429
f 1186 3429 3472
f 1223 1222 1187
f 3913 1223 1187
f 1188 1189 1225
f 1224 1208 1188
f 1225 1224 1188
f 1235 1225 1189
f 4539 1235 1189
f 1190 1191 1226
f 1226 1209 1190
f 1227 1226 1191
f 4913 1227 1191
f 1191 4453 4913
f 1228 1193 1192
f 4888 1228 1192
f 1192 4425 4888
f 1236 1210 1193
f 1193 1228 1229
f 1193 1229 1236
f 1230 1195 1194
f 1194 1211 1230
f 1238 1212 1195
f 1195 1230 1231
f 1195 1231 1238
f 1232 1197 1196
f 1196 1213 1232
f 1197 1232 1233
f 1197 1233 3919
f 3919 3810 1197
f 1199 1316 4564
f 4581 1316 1199
f 4573 1408 1199
f 1199 1408 4581
f 4564 4563 1199
f 1199 4563 4802
f 4802 4573 1199
f 4567 1317 1200
f 1200 1317 4584
f 1200 1409 4574
f 4584 1409 1200
f 1200 4566 4567
f 4627 1318 1201
f 1201 1318 5198
f 4575 1406 1201
f 1201 1406 4627
f 1202 1295 1318
f 5370 1295 1202
f 1202 1318 4585
f 1202 1407 4576
f 4585 1407 1202
f 1330 1252 1203
f 4512 1325 1205
f 1205 1325 4558
f 4559 1326 1206
f 1206 1326 5197
f 1207 1240 3913
f 3930 1240 1207
f 4428 3930 1207
f 1207 4045 4428
f 1208 1224 1248
f 1208 1248 3916
f 1208 3349 3447
f 3916 3349 1208
f 1209 1226 5200
f 1209 3215 4702
f 5117 3215 1209
f 5200 5117 1209
f 1210 1236 1249
f 1210 1249 3866
f 1210 3866 4683
f 1237 1230 1211
f 1242 1237 1211
f 3738 1242 1211
f 1211 3384 3738
f 1212 1238 1250
f 1212 1250 3601
f 3601 3190 1212
f 1212 3190 4881
f 1239 1232 1213
f 1243 1239 1213
f 3737 1243 1213
f 1213 3201 3737
f 1214 4546 4556
f 4557 1328 1215
f 1215 4504 5186
f 1216 3493 3779
f 4134 3493 1216
f 1216 3779 4266
f 1216 3838 4134
f 4157 3838 1216
f 1216 4046 4157
f 4266 4046 1216
f 4080 3497 1217
f 1217 3497 4155
f 3783 3753 1217
f 1217 3753 4080
f 4067 3783 1217
f 4236 4067 1217
f 1217 4155 4236
f 1374 1219 1218
f 1218 1219 4843
f 1218 1373 1374
f 4035 1373 1218
f 4092 4035 1218
f 4843 4092 1218
f 1219 1374 4987
f 4098 3763 1219
f 1219 3763 4843
f 4987 4098 1219
f 1220 1221 3796
f 4857 1221 1220
f 3375 3367 1220
f 1220 3367 3661
f 3958 3375 1220
f 1220 3661 4857
f 1220 3796 3958
f 4246 3796 1221
f 1221 3977 4077
f 4857 3977 1221
f 1221 4077 4246
f 1222 1223 1262
f 1222 1262 4900
f 4900 3429 1222
f 1223 1234 1263
f 3913 1234 1223
f 1263 1262 1223
f 1224 1225 1264
f 1264 1248 1224
f 1225 1235 1265
f 1265 1264 1225
f 1226 1227 1266
f 1226 1266 4597
f 1226 4597 5200
f 1267 1266 1227
f 4846 1267 1227
f 4913 4846 1227
f 1268 1229 1228
f 4866 1268 1228
f 4888 4866 1228
f 1269 1236 1229
f 1229 1268 1269
f 1270 1231 1230
f 1230 1237 1270
f 1271 1238 1231
f 1231 1270 1271
f 1272 1233 1232
f 1232 1239 1272
f 1233 1272 1273
f 1233 1273 4864
f 4926 3919 1233
f 1233 4864 4926
f 1234 1240 1274
f 3913 1240 1234
f 1274 1263 1234
f 1235 1241 1275
f 4539 1241 1235
f 1275 1265 1235
f 4593 1249 1236
f 1236 1269 4593
f 1237 1242 1276
f 1276 1270 1237
f 1279 1250 1238
f 1238 1271 1279
f 1239 1243 5532
f 5532 1272 1239
f 3224 1274 1240
f 3930 3224 1240
f 3355 1275 1241
f 4539 3355 1241
f 3197 1276 1242
f 3738 3197 1242
f 1243 3737 3921
f 1243 3921 5532
f 1244 1321 1356
f 1245 1252 3957
f 3957 1322 1245
f 1357 1253 1246
f 1246 1323 1357
f 1247 2001 2181
f 3091 2001 1247
f 1247 2172 3091
f 3413 2172 1247
f 1247 2181 3288
f 3288 2306 1247
f 1247 2306 3413
f 1248 1264 1278
f 1248 1278 3523
f 1248 3523 3916
f 4737 3866 1249
f 1249 4593 4737
f 1250 1279 3950
f 3950 3601 1250
f 1359 1329 1251
f 1251 1329 3746
f 1251 1356 1446
f 1446 1359 1251
f 1252 1330 1360
f 1252 1360 1447
f 1252 1447 3957
f 1361 1331 1253
f 1253 1331 4565
f 1253 1357 1361
f 3346 1295 1254
f 1254 1295 5370
f 1255 1282 1367
f 1368 1282 1255
f 1353 1323 1255
f 1255 1324 1354
f 1367 1353 1255
f 1255 1354 1368
f 3690 1297 1256
f 1256 1297 5466
f 4630 1321 1256
f 5466 4630 1256
f 1257 1284 3748
f 5203 1284 1257
f 1258 1299 3693
f 4564 1299 1258
f 1258 3693 4288
f 1258 3772 4564
f 4591 3772 1258
f 3986 1283 1259
f 1259 1283 4567
f 3134 1482 1260
f 1260 1482 3243
f 3243 1785 1260
f 3135 3134 1260
f 3234 3135 1260
f 1794 1483 1261
f 1261 1483 3140
f 2825 1794 1261
f 3138 3130 1261
f 3140 3138 1261
f 1262 1263 1291
f 1262 1291 4266
f 1262 4266 4900
f 1263 1274 1291
f 1264 1265 1285
f 4205 1278 1264
f 1264 1285 4205
f 1265 1275 1286
f 1286 1285 1265
f 1266 1267 1280
f 1266 1280 4597
f 1292 1280 1267
f 4098 1292 1267
f 4846 4098 1267
f 1281 1269 1268
f 1293 1281 1268
f 4067 1293 1268
f 4866 4067 1268
f 1269 1281 4593
f 1288 1271 1270
f 1270 1276 1288
f 1289 1279 1271
f 1271 1288 1289
f 1290 1273 1272
f 5532 1290 1272
f 1273 1290 1294
f 1273 1294 4077
f 1273 4077 4864
f 4589 1291 1274
f 1274 3224 3991
f 1274 3991 4589
f 4397 1286 1275
f 1275 3355 4397
f 5201 1288 1276
f 1276 3197 4688
f 4688 3519 1276
f 1276 3519 5201
f 1277 3146 3297
f 3846 3146 1277
f 1277 3297 3918
f 1277 3355 3527
f 3918 3355 1277
f 1277 3527 4325
f 1277 3549 3846
f 4325 3549 1277
f 4603 3523 1278
f 4205 4037 1278
f 1278 4037 4603
f 1279 1289 4282
f 4604 3950 1279
f 1279 4282 4604
f 1280 1292 4595
f 1280 4595 4597
f 1281 1293 4461
f 1281 4461 4594
f 4594 4593 1281
f 1282 1296 1367
f 1368 1296 1282
f 3986 1300 1283
f 1283 1300 4567
f 1284 1298 3748
f 5204 1298 1284
f 1284 5203 5204
f 1285 1286 4617
f 4617 3890 1285
f 1285 3890 4618
f 4618 4205 1285
f 1286 4397 4617
f 1287 3141 3385
f 4051 3141 1287
f 1287 3260 3993
f 1287 3639 4051
f 4606 3639 1287
f 1287 3993 4606
f 4149 1289 1288
f 5201 4149 1288
f 1289 4149 4282
f 4167 1294 1290
f 5199 4167 1290
f 5532 5199 1290
f 1291 1333 1342
f 4589 1333 1291
f 1342 1341 1291
f 1291 1341 4046
f 1291 4046 4266
f 1346 1308 1292
f 1292 1308 4595
f 4987 1346 1292
f 1292 4098 4987
f 1347 1309 1293
f 1293 1309 4461
f 4236 1347 1293
f 1293 4067 4236
f 1294 1312 1352
f 4167 1312 1294
f 1294 1352 4986
f 4986 4077 1294
f 5198 1318 1295
f 1295 3346 5198
f 1296 1315 4123
f 4623 1315 1296
f 4123 1367 1296
f 1296 1368 4623
f 1297 1319 1404
f 3690 1319 1297
f 1297 1404 5210
f 1297 5210 5466
f 1405 1320 1298
f 1298 1320 3748
f 5206 1405 1298
f 1298 5204 5206
f 1299 1316 3693
f 4564 1316 1299
f 3682 1317 1300
f 1300 1317 4567
f 3986 3682 1300
f 1301 1304 4615
f 5205 1304 1301
f 1301 1329 1419
f 1419 1410 1301
f 1301 1410 5205
f 1302 1305 5375
f 1411 1330 1302
f 5375 1411 1302
f 1303 1313 5373
f 5463 1313 1303
f 5372 5196 1303
f 5373 5372 1303
f 1406 1325 1304
f 1304 1325 4615
f 5205 1406 1304
f 1305 1326 1407
f 5197 1326 1305
f 1305 1407 4008
f 1305 4008 5375
f 1306 1307 1343
f 3890 1307 1306
f 1343 1334 1306
f 1306 1334 4037
f 4618 3890 1306
f 1306 4037 4618
f 1344 1343 1307
f 4174 1344 1307
f 1307 3890 4617
f 4617 4174 1307
f 1345 1336 1308
f 1308 1336 4595
f 1346 1345 1308
f 1348 1337 1309
f 1309 1337 4594
f 1309 1347 1348
f 4594 4461 1309
f 1349 1311 1310
f 1310 1311 4149
f 1310 1338 1349
f 5201 1338 1310
f 1310 4149 5201
f 1311 1349 1350
f 1311 1350 4211
f 4282 4149 1311
f 1311 4211 4282
f 1312 1340 1351
f 5199 1340 1312
f 1312 1351 1352
f 1312 4167 5199
f 1313 1331 1421
f 5463 1331 1313
f 1313 1421 5373
f 1422 1332 1314
f 1314 1332 5195
f 5202 1422 1314
f 5195 4568 1314
f 1314 4568 5202
f 1315 1402 4123
f 4652 1402 1315
f 4623 1403 1315
f 1315 1403 4626
f 4626 1481 1315
f 1315 1481 4652
f 1476 1444 1316
f 1316 1444 3457
f 4581 1476 1316
f 1316 3457 4104
f 4104 3693 1316
f 3229 1477 1317
f 1317 1477 4584
f 3645 3229 1317
f 3682 3645 1317
f 1318 1478 4585
f 4627 1478 1318
f 4628 1404 1319
f 1319 1442 1479
f 1319 1479 4628
f 1320 1405 4629
f 1320 1480 3261
f 4629 1480 1320
f 3261 3098 1320
f 1320 3098 3748
f 1414 1356 1321
f 4630 1414 1321
f 1415 1355 1322
f 1322 1355 5203
f 3957 1415 1322
f 1323 1353 1412
f 1412 1357 1323
f 1413 1354 1324
f 1324 1358 1413
f 1325 1406 4575
f 1325 4512 4615
f 4576 1407 1326
f 1327 1408 4573
f 5196 1408 1327
f 4793 4546 1327
f 1327 4573 4793
f 4574 1409 1328
f 1328 1409 4583
f 1329 1359 1419
f 1420 1360 1330
f 1330 1411 1420
f 1331 1361 1421
f 5463 4565 1331
f 1422 1362 1332
f 1383 1342 1333
f 1333 1363 1383
f 3991 1363 1333
f 4589 3991 1333
f 1334 1343 1384
f 1334 1384 5207
f 1334 3213 4603
f 5207 3213 1334
f 4603 4037 1334
f 1385 1344 1335
f 1335 1344 4174
f 1335 1364 1385
f 4613 1364 1335
f 1335 4174 4397
f 1335 4397 4613
f 1336 1345 1386
f 1336 1386 1387
f 1336 1387 3766
f 1336 3766 5371
f 5371 4595 1336
f 1337 1348 1390
f 1390 1388 1337
f 1337 1388 3630
f 1337 3630 3635
f 1337 3635 4594
f 1395 1349 1338
f 1338 1365 1391
f 4636 1365 1338
f 1338 1391 1395
f 1338 3519 4688
f 5201 3519 1338
f 4688 4636 1338
f 1339 1350 1392
f 4211 1350 1339
f 1392 1389 1339
f 1339 1389 4088
f 1339 4088 4604
f 4604 4211 1339
f 1397 1351 1340
f 1340 1366 1397
f 5465 1366 1340
f 1340 5199 5465
f 1341 1342 1377
f 1341 1377 4960
f 4960 4046 1341
f 1378 1377 1342
f 1383 1378 1342
f 1343 1344 1379
f 1343 1379 1384
f 1380 1379 1344
f 1385 1380 1344
f 1345 1346 1381
f 1345 1381 1386
f 1382 1381 1346
f 4908 1382 1346
f 4987 4908 1346
f 1393 1348 1347
f 4910 1393 1347
f 1347 4236 4910
f 1394 1390 1348
f 1348 1393 1394
f 1395 1350 1349
f 1396 1392 1350
f 1350 1395 1396
f 1397 1352 1351
f 1352 1397 1398
f 1352 1398 4089
f 1352 4089 4986
f 1353 1367 4634
f 5214 1412 1353
f 1353 4634 5214
f 5215 1368 1354
f 1354 1413 5216
f 5216 5215 1354
f 1415 1370 1355
f 1355 1370 5204
f 5204 5203 1355
f 1356 1414 1446
f 1448 1361 1357
f 1357 1412 1448
f 1358 1362 1449
f 1449 1413 1358
f 1457 1419 1359
f 1359 1446 1457
f 1360 1420 1458
f 1458 1447 1360
f 1459 1421 1361
f 1361 1448 1459
f 1362 1422 3997
f 3997 1449 1362
f 1416 1383 1363
f 3828 1416 1363
f 3991 3828 1363
f 3422 1385 1364
f 1364 3363 3422
f 4613 3363 1364
f 1417 1391 1365
f 4636 1417 1365
f 1418 1397 1366
f 3435 1418 1366
f 5465 3435 1366
f 4123 1399 1367
f 1367 1399 4634
f 5525 4623 1368
f 1368 5215 5525
f 5211 1400 1369
f 1369 1400 5467
f 1369 4630 5466
f 5467 4630 1369
f 1369 5210 5211
f 5466 5210 1369
f 1370 1401 5206
f 5379 1401 1370
f 1370 1415 5379
f 5206 5204 1370
f 1371 1500 3721
f 4439 1500 1371
f 1371 3328 4439
f 4960 3328 1371
f 1371 3721 4033
f 4033 3838 1371
f 1371 3838 4157
f 1371 4157 4960
f 3138 1501 1372
f 1372 1501 3191
f 3497 3138 1372
f 1372 3191 4910
f 4155 3497 1372
f 4910 4155 1372
f 4181 1374 1373
f 1373 4035 4036
f 1373 4036 4212
f 4212 4181 1373
f 1374 4181 4491
f 1374 4491 4895
f 1374 4895 4908
f 1374 4908 4987
f 1375 1376 3798
f 3958 1376 1375
f 1375 3375 3958
f 3999 3375 1375
f 1375 3798 4502
f 4502 3999 1375
f 3958 3796 1376
f 1376 3796 4907
f 1376 3797 3798
f 4090 3797 1376
f 4894 4090 1376
f 4907 4894 1376
f 1377 1378 1427
f 1377 1427 4041
f 1377 4041 4960
f 1378 1383 1428
f 1428 1427 1378
f 1379 1380 1429
f 1423 1384 1379
f 1429 1423 1379
f 1380 1385 1430
f 1430 1429 1380
f 1381 1382 1431
f 1431 1386 1381
f 1432 1431 1382
f 4895 1432 1382
f 4908 4895 1382
f 1383 1416 1428
f 1384 1423 5207
f 3422 1430 1385
f 1424 1387 1386
f 1431 1424 1386
f 1387 1424 3526
f 1387 3526 3766
f 1388 1390 1425
f 1388 1425 3518
f 1388 3518 3630
f 1389 1392 1426
f 1389 1426 4088
f 1390 1394 1434
f 1434 1425 1390
f 1435 1395 1391
f 1391 1417 1435
f 1392 1396 1426
f 1433 1394 1393
f 3434 1433 1393
f 4910 3434 1393
f 1394 1433 1434
f 1435 1396 1395
f 1436 1426 1396
f 1396 1435 1436
f 1437 1398 1397
f 1397 1418 1437
f 1398 1437 1438
f 1398 1438 4894
f 4894 4089 1398
f 1399 1402 1469
f 4123 1402 1399
f 1399 1469 5380
f 5380 4634 1399
f 1400 1471 1524
f 5211 1471 1400
f 4648 1508 1400
f 1400 1508 5467
f 1400 1524 4648
f 1525 1472 1401
f 1401 1472 5206
f 4641 1525 1401
f 5379 4641 1401
f 4651 1469 1402
f 1402 1531 4651
f 4652 1531 1402
f 1403 1470 1553
f 5525 1470 1403
f 1553 1532 1403
f 1403 1532 4626
f 1403 4623 5525
f 4653 1471 1404
f 1404 1471 5211
f 4628 1529 1404
f 1404 1529 4653
f 5211 5210 1404
f 1405 1472 4654
f 5206 1472 1405
f 1405 1530 4629
f 4654 1530 1405
f 1406 1465 1478
f 5205 1465 1406
f 1406 1478 4627
f 1478 1465 1407
f 1407 1465 4008
f 4585 1478 1407
f 4632 4581 1408
f 5372 4632 1408
f 1408 5196 5372
f 1477 1464 1409
f 1409 1464 5374
f 4584 1477 1409
f 5374 4583 1409
f 1410 1419 1484
f 1473 1465 1410
f 1410 1465 5205
f 1484 1473 1410
f 1484 1420 1411
f 1411 1473 1484
f 5375 1473 1411
f 1490 1448 1412
f 5214 1490 1412
f 1413 1449 1491
f 1413 1491 4673
f 1413 4673 5216
f 1492 1446 1414
f 5467 1492 1414
f 1414 4630 5467
f 1415 1447 1493
f 3957 1447 1415
f 1415 1493 5379
f 1451 1428 1416
f 4904 1451 1416
f 1416 3828 4904
f 4668 1435 1417
f 1417 3551 3658
f 4636 3551 1417
f 1417 3658 4668
f 1455 1437 1418
f 4499 1455 1418
f 3435 3077 1418
f 1418 3077 4499
f 1419 1457 1494
f 1494 1484 1419
f 1494 1458 1420
f 1420 1484 1494
f 1421 1459 1498
f 1488 1475 1421
f 1421 1475 5373
f 1498 1488 1421
f 1499 1460 1422
f 1422 1460 3997
f 1422 1489 1499
f 5202 1489 1422
f 1423 1429 4667
f 4273 3833 1423
f 1423 3833 5207
f 4667 4273 1423
f 1424 1431 1440
f 1424 1440 3453
f 1424 3453 3526
f 1425 1434 1441
f 1425 1441 3942
f 3942 3518 1425
f 1426 1436 4660
f 5227 4088 1426
f 4660 4363 1426
f 1426 4363 5227
f 1427 1428 1450
f 1427 1450 4002
f 1427 4002 4041
f 1451 1450 1428
f 1429 1430 4667
f 3422 1452 1430
f 1430 1452 4667
f 1431 1432 1440
f 1453 1440 1432
f 4491 1453 1432
f 4895 4491 1432
f 1454 1434 1433
f 4454 1454 1433
f 1433 3434 4454
f 1454 1441 1434
f 4668 1436 1435
f 4668 4660 1436
f 1455 1438 1437
f 1438 1455 1456
f 1438 1456 4490
f 1438 4490 4894
f 3080 2376 1439
f 1439 2376 3284
f 1439 2631 3080
f 3324 2631 1439
f 3284 2632 1439
f 1439 2632 3324
f 1440 1453 4953
f 4953 3453 1440
f 1441 1454 3942
f 3465 1479 1442
f 3321 3170 1442
f 1442 3170 3456
f 1442 3172 3321
f 1442 3456 3465
f 3243 2781 1443
f 1443 2781 3396
f 1443 3170 3321
f 3396 3170 1443
f 3321 3172 1443
f 1443 3172 3814
f 3814 3243 1443
f 1444 1476 3694
f 3547 3320 1444
f 1444 3320 4371
f 1444 3433 3547
f 3694 3433 1444
f 4371 3457 1444
f 3245 1794 1445
f 1445 1794 3397
f 3320 3169 1445
f 1445 3169 3813
f 3813 3245 1445
f 3397 3320 1445
f 1510 1457 1446
f 1446 1492 1510
f 1447 1458 1511
f 1511 1493 1447
f 1512 1459 1448
f 1448 1490 1512
f 1449 1460 1513
f 3997 1460 1449
f 1513 1491 1449
f 1450 1451 4951
f 4954 4002 1450
f 1450 4951 4954
f 4904 4100 1451
f 1451 4100 4951
f 1452 3422 5217
f 5217 4667 1452
f 1453 4491 4953
f 1454 3852 3942
f 4454 3852 1454
f 4367 1456 1455
f 4499 4367 1455
f 1456 4367 4490
f 1516 1494 1457
f 1457 1510 1516
f 1458 1494 1516
f 1516 1511 1458
f 1518 1498 1459
f 1459 1512 1560
f 1560 1518 1459
f 1460 1499 1519
f 1519 1513 1460
f 1461 1469 4670
f 5380 1469 1461
f 1520 1506 1461
f 1461 1506 5218
f 4670 1520 1461
f 5218 5214 1461
f 1461 5214 5380
f 4673 1507 1462
f 1462 1507 5222
f 1462 1521 4625
f 5222 1521 1462
f 1462 4625 5381
f 5381 4673 1462
f 1463 1475 4176
f 5372 1475 1463
f 3694 1476 1463
f 1463 1476 4632
f 4176 3694 1463
f 1463 4632 5372
f 1464 1477 4242
f 4242 1489 1464
f 1464 1489 5202
f 1464 5202 5374
f 1465 1473 5375
f 5375 4008 1465
f 1466 1474 1531
f 4645 1474 1466
f 1531 1481 1466
f 1466 1481 1532
f 1466 1532 4645
f 1467 1479 3651
f 5212 1479 1467
f 4186 1486 1467
f 1467 1486 4639
f 1467 3651 4186
f 1467 4639 5212
f 3506 1480 1468
f 1468 1480 4640
f 1468 1487 3506
f 5213 1487 1468
f 1468 4640 5213
f 4665 1522 1469
f 1469 1522 4670
f 4651 1552 1469
f 1469 1552 4665
f 4625 1523 1470
f 1470 1523 4679
f 4679 1553 1470
f 5525 4625 1470
f 4664 1524 1471
f 4653 1554 1471
f 1471 1554 4664
f 1472 1525 4680
f 1472 1555 4654
f 4680 1555 1472
f 1474 1485 4642
f 4645 1485 1474
f 4642 1531 1474
f 1475 1488 4176
f 1475 5372 5373
f 1476 4581 4632
f 1477 3229 3455
f 1477 3455 4063
f 1477 4063 4242
f 1479 1529 4628
f 5212 1529 1479
f 1479 3465 3651
f 4629 1530 1480
f 1480 1530 4640
f 3370 3261 1480
f 3506 3370 1480
f 1481 1531 4652
f 4626 1532 1481
f 1482 1588 2781
f 3139 1588 1482
f 1482 2781 3243
f 1482 3134 3139
f 1483 1589 3140
f 3245 1589 1483
f 1483 1794 3245
f 1485 1495 1544
f 1545 1495 1485
f 1544 1533 1485
f 1485 1533 4642
f 1485 1534 1545
f 4645 1534 1485
f 1486 1496 1546
f 1582 1496 1486
f 1486 1546 3925
f 1596 1582 1486
f 4186 1596 1486
f 1486 3925 4639
f 1487 1497 1583
f 5378 1497 1487
f 1487 1583 3506
f 1487 5213 5378
f 1488 1498 4176
f 4242 1499 1489
f 1490 1506 1540
f 5218 1506 1490
f 1540 1512 1490
f 1490 5214 5218
f 1541 1507 1491
f 1491 1507 4673
f 1491 1513 1541
f 1542 1510 1492
f 5467 1542 1492
f 1493 1511 1543
f 1493 1543 4267
f 1493 4267 5379
f 1545 1517 1495
f 1495 1517 4671
f 4671 1544 1495
f 1496 1514 1546
f 1572 1514 1496
f 1582 1572 1496
f 1547 1515 1497
f 1497 1515 1557
f 5378 1547 1497
f 1497 1557 1573
f 1497 1573 1583
f 1498 1518 1560
f 1498 1560 1574
f 1498 1574 4176
f 1561 1519 1499
f 1575 1561 1499
f 3704 1575 1499
f 4242 3704 1499
f 3769 3721 1500
f 4150 3769 1500
f 4478 4150 1500
f 1500 4439 4478
f 3378 1571 1501
f 1501 1571 4477
f 1501 3138 3140
f 1501 3140 3378
f 4454 3191 1501
f 4481 4454 1501
f 1501 4477 4481
f 1502 1503 4181
f 4928 1503 1502
f 4036 3446 1502
f 1502 3446 4426
f 4212 4036 1502
f 1502 4181 4212
f 1502 4426 4928
f 4928 1567 1503
f 1503 1567 4942
f 1503 3893 4181
f 4942 3893 1503
f 1504 1505 3492
f 3798 1505 1504
f 1504 3492 3730
f 1504 3730 5500
f 4502 3798 1504
f 5500 4502 1504
f 3894 3492 1505
f 3798 3797 1505
f 1505 3797 4032
f 4032 3894 1505
f 1506 1520 5469
f 5469 1540 1506
f 1507 1541 3712
f 1507 3712 5222
f 3764 1542 1508
f 1508 1542 5467
f 5220 3764 1508
f 1508 4648 5220
f 1509 1543 3952
f 4267 1543 1509
f 1509 3952 4686
f 5379 4267 1509
f 4650 4641 1509
f 1509 4641 5379
f 4686 4650 1509
f 1558 1516 1510
f 1510 1542 1558
f 1511 1516 1558
f 1558 1543 1511
f 1512 1540 1560
f 1513 1519 4610
f 4610 1541 1513
f 1562 1546 1514
f 1572 1556 1514
f 1514 1556 1613
f 1613 1562 1514
f 1515 1547 1563
f 1563 1557 1515
f 1517 1545 1565
f 1565 1559 1517
f 1517 1559 4700
f 4714 4671 1517
f 1517 4700 4714
f 1519 1561 4610
f 1520 1522 3970
f 4670 1522 1520
f 3970 1550 1520
f 1520 1550 5223
f 5223 4699 1520
f 1520 4699 5469
f 1551 1523 1521
f 1521 1523 4625
f 5385 1551 1521
f 1521 5222 5385
f 1522 1599 3649
f 4665 1599 1522
f 1522 3649 3970
f 1523 1551 4694
f 1523 1600 4679
f 4694 1600 1523
f 1524 1548 4648
f 4695 1548 1524
f 4664 1601 1524
f 1524 1601 4695
f 1525 1549 3968
f 4650 1549 1525
f 3968 1602 1525
f 1525 1602 4680
f 1525 4641 4650
f 4672 1533 1526
f 1526 1533 5468
f 1599 1552 1526
f 1526 1552 4672
f 5224 1599 1526
f 1526 1611 5224
f 5468 1611 1526
f 1527 1534 4677
f 5382 1534 1527
f 1527 1553 1600
f 4677 1553 1527
f 1527 1600 4710
f 4710 1612 1527
f 1527 1612 5382
f 1528 1530 1555
f 5377 1530 1528
f 4687 1536 1528
f 1528 1536 5377
f 1528 1555 4687
f 4649 1554 1529
f 1529 1554 4653
f 5376 4649 1529
f 1529 5212 5376
f 4654 1555 1530
f 5377 4640 1530
f 4642 1552 1531
f 1531 1552 4651
f 1532 1553 4677
f 4677 4645 1532
f 1533 1544 5468
f 4672 4642 1533
f 1534 1537 1545
f 5382 1537 1534
f 1534 4645 4677
f 1535 1538 4248
f 5209 1538 1535
f 1535 4248 5219
f 1535 4649 5209
f 5219 4649 1535
f 1536 1539 5377
f 5384 1539 1536
f 4687 4631 1536
f 1536 4631 5384
f 1579 1545 1537
f 5382 1579 1537
f 1538 1546 1580
f 3925 1546 1538
f 1538 1580 4248
f 4639 3925 1538
f 5209 4639 1538
f 1581 1547 1539
f 1539 1547 5378
f 5384 1581 1539
f 5378 5377 1539
f 1574 1560 1540
f 5469 1574 1540
f 4734 3712 1541
f 1541 4610 4734
f 1576 1558 1542
f 3764 1576 1542
f 1543 1558 1576
f 1543 1576 3952
f 1544 1564 1578
f 4671 1564 1544
f 1544 1578 5468
f 1579 1565 1545
f 1546 1562 1580
f 1581 1563 1547
f 1548 1590 1607
f 4715 1590 1548
f 1548 1607 5220
f 4695 1675 1548
f 1548 1675 4715
f 5220 4648 1548
f 1607 1590 1549
f 1549 1590 4703
f 4686 1607 1549
f 1549 1676 3968
f 4703 1676 1549
f 1549 4650 4686
f 1550 1591 1603
f 4705 1591 1550
f 1550 1603 5223
f 3649 1673 1550
f 1550 1673 4705
f 3970 3649 1550
f 1551 1592 4708
f 4709 1592 1551
f 4835 4694 1551
f 1551 4708 4835
f 5385 4709 1551
f 1552 1599 4665
f 1552 4642 4672
f 4679 1600 1553
f 1554 1601 4664
f 5219 1601 1554
f 1554 4649 5219
f 4680 1602 1555
f 1555 1602 4687
f 1556 1572 1613
f 1557 1563 1614
f 1614 1573 1557
f 1559 1565 1616
f 1559 1577 1615
f 1616 1577 1559
f 1559 1615 4700
f 1561 1575 4734
f 4734 4610 1561
f 1627 1580 1562
f 1562 1613 1627
f 1563 1581 1628
f 1628 1614 1563
f 1629 1578 1564
f 1564 1615 4018
f 4700 1615 1564
f 4018 1629 1564
f 1564 4671 4714
f 4714 4700 1564
f 1565 1579 1630
f 1630 1616 1565
f 4117 1567 1566
f 1566 1567 4928
f 1566 3232 3836
f 4426 3232 1566
f 3836 3799 1566
f 1566 3799 4117
f 4928 4426 1566
f 4117 3562 1567
f 1567 3562 4942
f 3730 1569 1568
f 1568 1569 3856
f 5500 3730 1568
f 3856 3837 1568
f 1568 3837 4552
f 1568 4552 5500
f 1569 3492 3544
f 3730 3492 1569
f 1569 3544 4464
f 4464 3856 1569
f 3800 3436 1570
f 1570 3436 3920
f 3920 3769 1570
f 1570 3769 4150
f 4480 3800 1570
f 1570 4150 4480
f 3491 1715 1571
f 1571 1715 4483
f 1571 3378 3491
f 4483 4477 1571
f 1572 1582 1657
f 1657 1613 1572
f 1658 1583 1573
f 1573 1614 1658
f 1574 1584 4176
f 5469 1584 1574
f 3704 1585 1575
f 1575 1585 4734
f 3764 1586 1576
f 1576 1586 3952
f 1577 1587 1659
f 1660 1587 1577
f 1659 1615 1577
f 1577 1616 1660
f 1578 1629 1661
f 1578 1661 5468
f 1662 1630 1579
f 5382 1662 1579
f 1580 1627 1663
f 1580 1663 4248
f 1664 1628 1581
f 5384 1664 1581
f 1582 1596 1657
f 1583 1606 3506
f 5225 1606 1583
f 1583 1658 4731
f 1583 4731 5225
f 1584 1603 4176
f 4699 1603 1584
f 5469 4699 1584
f 4242 1604 1585
f 1585 1604 4709
f 1585 3704 4242
f 4697 3712 1585
f 1585 3712 4734
f 4709 4697 1585
f 3764 1597 1586
f 1586 1597 4686
f 4686 3952 1586
f 1587 1598 1667
f 1668 1598 1587
f 1667 1659 1587
f 1587 1660 1668
f 1588 1815 3092
f 3137 1815 1588
f 3092 2781 1588
f 3139 3137 1588
f 3244 1816 1589
f 1589 1816 3279
f 1589 3133 3140
f 3279 3133 1589
f 3245 3244 1589
f 1590 4059 4703
f 4715 4059 1590
f 4176 1603 1591
f 1757 1633 1591
f 1591 1633 3433
f 4705 1757 1591
f 1591 3433 3694
f 1591 3694 4176
f 1592 1604 4242
f 4709 1604 1592
f 3570 1758 1592
f 1592 1758 4708
f 4063 3570 1592
f 4242 4063 1592
f 1593 1608 5388
f 5505 1608 1593
f 1593 4635 4783
f 5388 4635 1593
f 1593 4783 4795
f 1593 4795 5505
f 1594 1605 3651
f 4607 1605 1594
f 1594 1631 1760
f 3456 1631 1594
f 1594 1760 4718
f 3465 3456 1594
f 3651 3465 1594
f 4718 4607 1594
f 1595 1606 1670
f 3506 1606 1595
f 1595 1670 4719
f 1595 1761 3160
f 4719 1761 1595
f 1595 3160 3370
f 1595 3370 3506
f 4186 1605 1596
f 1596 1605 5386
f 3731 1657 1596
f 5386 3731 1596
f 1597 1607 4686
f 5220 1607 1597
f 1597 3764 5220
f 5388 1608 1598
f 1598 1608 5505
f 4144 1667 1598
f 1598 1668 5388
f 5505 4144 1598
f 1599 1673 3649
f 5224 1673 1599
f 1600 4694 4707
f 1600 4707 4710
f 1601 1609 1675
f 5219 1609 1601
f 1601 1675 4695
f 1676 1610 1602
f 1602 1610 5221
f 3968 1676 1602
f 5221 4687 1602
f 1603 4699 5223
f 4186 3651 1605
f 1605 4607 5386
f 5387 1670 1606
f 1606 5225 5387
f 3485 1675 1609
f 1609 1716 3485
f 5383 1716 1609
f 1609 5219 5383
f 1717 1638 1610
f 1610 1638 4689
f 1610 1676 4704
f 4704 1717 1610
f 1610 4689 5221
f 1611 1635 3619
f 5468 1635 1611
f 1611 3619 5224
f 1612 1636 1662
f 5226 1636 1612
f 1612 1662 5382
f 1612 4710 5226
f 1718 1627 1613
f 1613 1657 1718
f 1614 1628 1719
f 1719 1658 1614
f 1615 1659 4018
f 1616 1630 1721
f 1721 1660 1616
f 1617 1618 1645
f 4914 1618 1617
f 1617 1645 4472
f 1617 4472 4480
f 1617 4480 4950
f 4950 4914 1617
f 1618 1640 1646
f 4898 1640 1618
f 1646 1645 1618
f 4914 4898 1618
f 1619 1620 1647
f 4562 1620 1619
f 1619 1647 3437
f 1619 3437 4093
f 4093 3634 1619
f 1619 3634 4562
f 1620 1641 1648
f 3486 1641 1620
f 1648 1647 1620
f 4562 3486 1620
f 1650 1649 1621
f 1621 1649 3442
f 4424 1650 1621
f 1621 3442 4170
f 1621 4170 4424
f 1622 1651 3444
f 4483 1651 1622
f 1622 3444 4952
f 1622 4378 4483
f 4952 4378 1622
f 1653 1624 1623
f 1623 1624 4592
f 1623 1643 1653
f 3935 1643 1623
f 4592 3935 1623
f 1654 1644 1624
f 1624 1644 4129
f 1624 1653 1654
f 4129 3628 1624
f 1624 3628 4592
f 1655 1626 1625
f 1625 1626 4761
f 3440 1655 1625
f 1625 3350 3440
f 4761 3350 1625
f 1626 1655 1656
f 1626 1656 4464
f 1626 4464 4761
f 1722 1663 1627
f 1627 1718 1722
f 1628 1664 1723
f 1723 1719 1628
f 1724 1661 1629
f 1629 1720 1724
f 4018 1720 1629
f 1630 1662 1725
f 1725 1721 1630
f 1938 1760 1631
f 3174 1938 1631
f 3317 3174 1631
f 3456 3317 1631
f 1632 2781 3092
f 3396 2781 1632
f 1632 3092 3398
f 3317 3170 1632
f 1632 3170 3396
f 3826 3317 1632
f 1632 3398 3826
f 1633 1757 3399
f 3316 3169 1633
f 1633 3169 3433
f 1633 3173 3316
f 3399 3173 1633
f 1634 3169 3316
f 3813 3169 1634
f 1634 3244 3245
f 3458 3244 1634
f 1634 3245 3813
f 1634 3316 3471
f 3471 3458 1634
f 1635 1661 1755
f 5468 1661 1635
f 1635 1755 3785
f 3785 3619 1635
f 1756 1662 1636
f 4010 1756 1636
f 5226 4010 1636
f 1637 1663 1753
f 5383 1663 1637
f 4202 1716 1637
f 1637 1716 5383
f 1637 1753 4202
f 3762 1664 1638
f 1638 1664 4689
f 1638 1717 3710
f 3710 1754 1638
f 1638 1754 3762
f 2743 2675 1639
f 2787 2743 1639
f 3156 2787 1639
f 1639 3099 3196
f 3196 3156 1639
f 1687 1646 1640
f 1692 1687 1640
f 3496 1692 1640
f 4101 3496 1640
f 4898 4101 1640
f 1689 1648 1641
f 1694 1689 1641
f 5230 1694 1641
f 1641 3486 3831
f 1641 3831 5230
f 1642 1652 1700
f 3444 1652 1642
f 1700 1698 1642
f 1642 1698 3676
f 4579 3444 1642
f 1642 3676 4579
f 1706 1653 1643
f 1643 1681 1701
f 4750 1681 1643
f 1643 1701 1706
f 3935 3561 1643
f 1643 3561 4750
f 1644 1654 1702
f 1702 1699 1644
f 1644 1699 4231
f 4231 4129 1644
f 1645 1646 1686
f 1645 1686 4887
f 4887 4472 1645
f 1687 1686 1646
f 1647 1648 1688
f 1647 1688 1693
f 1647 1693 3437
f 1689 1688 1648
f 1649 1650 1690
f 1649 1690 1695
f 1649 1695 3487
f 3487 3442 1649
f 1691 1690 1650
f 4885 1691 1650
f 1650 4424 4885
f 1704 1652 1651
f 1651 1652 3444
f 4903 1704 1651
f 1651 4483 4903
f 1705 1700 1652
f 1652 1704 1705
f 1706 1654 1653
f 1707 1702 1654
f 1654 1706 1707
f 1708 1656 1655
f 1655 1703 1708
f 3440 1703 1655
f 1656 1708 1709
f 1656 1709 4920
f 4920 4464 1656
f 1657 1665 1745
f 3731 1665 1657
f 1745 1718 1657
f 3956 1666 1658
f 1658 1666 4731
f 1658 1719 3956
f 1659 1667 1746
f 1746 1720 1659
f 1659 1720 4018
f 1747 1668 1660
f 1660 1721 1747
f 1661 1724 1755
f 1756 1725 1662
f 1663 1722 1832
f 1832 1753 1663
f 5383 4248 1663
f 3762 1723 1664
f 5384 4689 1664
f 1665 1677 1745
f 3731 1677 1665
f 4620 1678 1666
f 1666 1678 4731
f 3956 1871 1666
f 1666 1871 5393
f 5393 4620 1666
f 1667 1679 1746
f 4144 1679 1667
f 1668 1747 1764
f 1668 1764 4752
f 1668 4752 5388
f 4723 1749 1669
f 1669 1749 5228
f 4718 1875 1669
f 1669 1875 4723
f 1669 4607 4718
f 5386 4607 1669
f 1669 5228 5386
f 4854 4719 1670
f 4889 4854 1670
f 5387 4889 1670
f 4729 1683 1671
f 1671 1683 5505
f 1671 4716 4785
f 4795 4716 1671
f 4738 4729 1671
f 4785 4738 1671
f 5505 4795 1671
f 1672 1752 4741
f 4752 1752 1672
f 1672 1874 4717
f 4741 1874 1672
f 4717 4635 1672
f 1672 4635 5388
f 5388 4752 1672
f 1772 1757 1673
f 1673 1757 4705
f 4656 1772 1673
f 5224 4656 1673
f 4708 1758 1674
f 1674 1758 4721
f 4707 4694 1674
f 1674 4694 4835
f 4710 4707 1674
f 4835 4708 1674
f 4721 4710 1674
f 1675 3485 3943
f 1675 3943 4715
f 1676 4703 4801
f 4801 4704 1676
f 1677 1684 4755
f 5228 1684 1677
f 4755 1745 1677
f 1677 3731 5386
f 5386 5228 1677
f 1678 1685 4582
f 4620 1685 1678
f 1678 4582 5387
f 5225 4731 1678
f 5387 5225 1678
f 4144 1683 1679
f 1679 1683 4492
f 1763 1746 1679
f 4492 1763 1679
f 3080 2585 1680
f 1680 2585 3331
f 3389 3080 1680
f 3331 3109 1680
f 1680 3109 4091
f 1680 3292 3389
f 4091 3292 1680
f 1727 1701 1681
f 4750 1727 1681
f 1728 1703 1682
f 1682 1703 3440
f 4751 1728 1682
f 1682 3440 4657
f 4657 4624 1682
f 1682 4624 4751
f 1683 1751 4492
f 4729 1751 1683
f 1683 4144 5505
f 1684 1749 1866
f 5228 1749 1684
f 1684 1866 4867
f 1684 3889 4536
f 4867 3889 1684
f 1684 4536 4755
f 1685 1750 4582
f 4774 1750 1685
f 1685 4620 5393
f 1685 4740 4774
f 4956 4740 1685
f 5393 4956 1685
f 1686 1687 1733
f 1686 1733 4234
f 1686 4234 4887
f 1687 1692 1734
f 1734 1733 1687
f 1688 1689 1735
f 1729 1693 1688
f 1735 1729 1688
f 1689 1694 1736
f 1736 1735 1689
f 1690 1691 1737
f 1737 1695 1690
f 1738 1737 1691
f 4885 1738 1691
f 1692 1726 1734
f 3496 1726 1692
f 1729 1696 1693
f 1693 1696 3437
f 5396 1736 1694
f 1694 5230 5396
f 1730 1697 1695
f 1695 1697 3487
f 1737 1730 1695
f 1696 1729 4132
f 3709 3437 1696
f 4132 3709 1696
f 1697 1730 4553
f 4553 3487 1697
f 1698 1700 1731
f 1698 1731 5235
f 5235 3676 1698
f 1699 1702 1732
f 1699 1732 4760
f 1699 3563 4231
f 4760 3563 1699
f 1700 1705 1740
f 1740 1731 1700
f 4130 1706 1701
f 1701 1727 4130
f 1702 1707 1732
f 1743 1708 1703
f 1703 1728 1743
f 1739 1705 1704
f 4903 1739 1704
f 1705 1739 1740
f 1741 1707 1706
f 4130 1741 1706
f 1742 1732 1707
f 1707 1741 1742
f 1743 1709 1708
f 1709 1743 1744
f 1709 1744 4855
f 1709 4855 4920
f 1710 3210 3722
f 3784 3210 1710
f 3722 3436 1710
f 1710 3436 3800
f 4234 3784 1710
f 1710 3800 4472
f 4887 4234 1710
f 1710 4472 4887
f 1711 1712 4117
f 4934 1712 1711
f 3836 3477 1711
f 1711 3477 4544
f 1711 3799 3836
f 4117 3799 1711
f 1711 4544 4934
f 1712 3922 4885
f 4934 3922 1712
f 4424 4117 1712
f 4885 4424 1712
f 3856 1714 1713
f 1713 1714 4935
f 3515 3478 1713
f 1713 3478 4552
f 4935 3515 1713
f 1713 3837 3856
f 4552 3837 1713
f 4855 1860 1714
f 1714 1860 4935
f 1714 3856 4464
f 1714 4464 4920
f 4920 4855 1714
f 3761 3424 1715
f 1715 3424 3870
f 1715 3491 3761
f 1715 3870 4903
f 4903 4483 1715
f 1792 1774 1716
f 1716 1774 3485
f 1821 1792 1716
f 4202 1821 1716
f 1717 1792 1821
f 4704 1792 1717
f 1717 1821 3710
f 1824 1722 1718
f 1718 1745 1824
f 1719 1723 1825
f 1719 1825 1871
f 1719 1871 3956
f 1826 1724 1720
f 1720 1746 1826
f 1721 1725 1827
f 1827 1747 1721
f 1722 1824 1832
f 1723 1754 1833
f 3762 1754 1723
f 1925 1825 1723
f 1723 1833 1925
f 1834 1755 1724
f 1724 1826 1926
f 1926 1834 1724
f 1725 1756 1835
f 1835 1827 1725
f 1765 1734 1726
f 5236 1765 1726
f 1726 3496 3529
f 1726 3529 5236
f 5238 4130 1727
f 1727 4750 4769
f 1727 4769 5238
f 1771 1743 1728
f 4770 1771 1728
f 1728 4751 4770
f 1729 1735 1766
f 1729 1766 5397
f 5394 4132 1729
f 5397 5394 1729
f 1730 1737 1748
f 1730 1748 5398
f 1730 3469 4674
f 5398 3469 1730
f 4674 4553 1730
f 1731 1740 1780
f 1731 1780 3975
f 1731 3975 5235
f 1732 1742 1770
f 1732 1770 4827
f 4827 4760 1732
f 1733 1734 1765
f 1733 1765 1778
f 1733 1778 4234
f 1735 1736 1766
f 1767 1766 1736
f 5396 1767 1736
f 1737 1738 1748
f 1779 1748 1738
f 4064 1779 1738
f 4885 4064 1738
f 1780 1740 1739
f 4025 1780 1739
f 4903 4025 1739
f 1769 1742 1741
f 5238 1769 1741
f 1741 4130 5238
f 1742 1769 1770
f 1771 1744 1743
f 1744 1771 1781
f 1744 1781 4040
f 1744 4040 4855
f 4754 1824 1745
f 1745 4536 4754
f 4755 4536 1745
f 1746 1763 3576
f 3576 1826 1746
f 1872 1764 1747
f 1747 1827 1872
f 1748 1779 5398
f 4828 1866 1749
f 1749 4723 4792
f 1749 4792 4828
f 1750 1945 4736
f 4829 1945 1750
f 4889 4582 1750
f 1750 4736 4889
f 1750 4774 4829
f 4830 1868 1751
f 1751 1868 4834
f 4738 1942 1751
f 1751 1942 4830
f 4834 4492 1751
f 1751 4729 4738
f 1752 1869 4876
f 5239 1869 1752
f 1752 1943 4741
f 4876 1943 1752
f 1752 4752 5239
f 1893 1821 1753
f 1753 1821 4202
f 1753 1832 1893
f 1754 1821 1893
f 3710 1821 1754
f 1893 1833 1754
f 1819 1789 1755
f 1755 1789 3785
f 1897 1819 1755
f 1755 1834 1897
f 1756 1820 1898
f 4010 1820 1756
f 1898 1835 1756
f 1757 1772 3749
f 4109 3399 1757
f 1757 3749 4109
f 3692 1773 1758
f 1758 1773 4721
f 1758 3509 3692
f 5502 3509 1758
f 1758 3570 5502
f 1759 1775 3502
f 4753 1775 1759
f 4717 1874 1759
f 1759 1874 4753
f 1759 3502 4822
f 1759 4716 4783
f 4822 4716 1759
f 4783 4717 1759
f 1760 1776 1875
f 3750 1776 1760
f 1760 1875 4718
f 1760 1938 3750
f 1876 1777 1761
f 1761 1777 2004
f 4719 1876 1761
f 2004 1966 1761
f 1761 1966 3107
f 1761 3107 3160
f 3485 1774 1762
f 1762 1774 4801
f 3943 3485 1762
f 4059 3943 1762
f 4801 4059 1762
f 4217 3576 1763
f 4834 4217 1763
f 1763 4492 4834
f 1764 1872 1917
f 1764 1917 5239
f 5239 4752 1764
f 4415 1778 1765
f 5236 4415 1765
f 1766 1767 3539
f 1766 3539 5397
f 5237 3539 1767
f 5396 5237 1767
f 1768 3117 3294
f 4014 3117 1768
f 3214 3159 1768
f 1768 3159 3587
f 3294 3214 1768
f 1768 3587 4014
f 4827 1770 1769
f 4809 3972 1769
f 1769 3972 4827
f 5238 4809 1769
f 4770 1781 1771
f 1772 1789 3749
f 4656 1789 1772
f 3759 1790 1773
f 1773 1790 4721
f 1773 3692 3759
f 1774 1792 4704
f 1774 4704 4801
f 1775 1793 3502
f 4753 1793 1775
f 3750 1817 1776
f 1776 1817 4744
f 4743 1875 1776
f 4744 4743 1776
f 1777 1791 2024
f 5229 1791 1777
f 1777 1876 5229
f 2024 2004 1777
f 1778 1782 1803
f 4415 1782 1778
f 1778 1803 4081
f 4081 3256 1778
f 1778 3256 4234
f 1808 1784 1779
f 1779 1784 5398
f 4988 1808 1779
f 1779 4064 4988
f 1780 1809 1810
f 4029 1809 1780
f 1780 1810 4759
f 4759 3975 1780
f 1780 4025 4029
f 1781 1788 1814
f 4770 1788 1781
f 1781 1814 4040
f 1782 1795 1804
f 4415 1795 1782
f 1804 1803 1782
f 1805 1796 1783
f 1783 1796 5397
f 3539 1805 1783
f 5397 3539 1783
f 1807 1798 1784
f 1784 1798 5398
f 1808 1807 1784
f 1811 1787 1786
f 1786 1787 3972
f 3530 1811 1786
f 4809 3530 1786
f 1786 3972 4809
f 1812 1801 1787
f 1787 1801 4827
f 1787 1811 1812
f 4827 3972 1787
f 1788 1802 1813
f 4770 1802 1788
f 1788 1813 1814
f 1789 1819 3749
f 1789 3619 3785
f 4656 3619 1789
f 3759 1820 1790
f 1790 1820 5226
f 5226 4721 1790
f 1921 1818 1791
f 1791 1818 2024
f 1791 1919 1921
f 5229 1919 1791
f 1923 1822 1793
f 1793 1822 5391
f 4056 1923 1793
f 5391 3502 1793
f 4753 4056 1793
f 1836 1804 1795
f 1795 1823 1836
f 3537 1823 1795
f 5236 3537 1795
f 1795 4415 5236
f 1796 1805 1837
f 1837 1828 1796
f 1796 1828 4522
f 1796 4522 5394
f 1796 5394 5397
f 1845 1806 1797
f 1797 1806 3539
f 1797 1838 1845
f 4768 1838 1797
f 1797 3539 5237
f 1797 4746 4768
f 5237 4746 1797
f 1798 1807 1839
f 1839 1829 1798
f 1798 1829 3578
f 3578 3469 1798
f 1798 3469 5398
f 1799 3285 3725
f 3725 3394 1799
f 3493 3127 1800
f 1800 3212 4411
f 4193 3493 1800
f 1800 4038 4193
f 4411 4038 1800
f 1801 1812 1840
f 1840 1831 1801
f 1801 1831 3494
f 1801 3494 4762
f 4762 4760 1801
f 1801 4760 4827
f 1841 1813 1802
f 3525 1841 1802
f 4751 3525 1802
f 4770 4751 1802
f 1803 1804 1842
f 1803 1842 4850
f 4850 4081 1803
f 1804 1836 1843
f 1843 1842 1804
f 1805 1806 1844
f 3539 1806 1805
f 1844 1837 1805
f 1845 1844 1806
f 1807 1808 1846
f 1846 1839 1807
f 1847 1846 1808
f 4906 1847 1808
f 4988 4906 1808
f 1848 1810 1809
f 4901 1848 1809
f 1809 4029 4901
f 1849 1830 1810
f 1810 1830 4759
f 1810 1848 1849
f 1850 1812 1811
f 3530 1850 1811
f 1851 1840 1812
f 1812 1850 1851
f 1852 1814 1813
f 1813 1841 1852
f 1814 1852 1853
f 1814 1853 4122
f 4122 4040 1814
f 1815 2001 3091
f 3137 2001 1815
f 1815 3091 3283
f 3283 3092 1815
f 1816 2002 3136
f 3248 2002 1816
f 1816 3136 3279
f 1816 3244 3282
f 3282 3248 1816
f 1817 1895 1920
f 2015 1895 1817
f 1817 1920 4744
f 2023 2015 1817
f 3750 2023 1817
f 1921 1896 1818
f 1818 1896 2016
f 1818 2016 2024
f 1819 1897 4233
f 4233 3749 1819
f 2014 1898 1820
f 3759 2014 1820
f 1820 4010 5226
f 1822 1894 1922
f 1923 1894 1822
f 1822 1922 5391
f 1854 1836 1823
f 4269 1854 1823
f 1823 3537 4269
f 1924 1832 1824
f 4754 1924 1824
f 1925 1871 1825
f 4217 1926 1826
f 1826 3576 4217
f 1827 1835 1927
f 1927 1872 1827
f 1828 1837 1862
f 1828 1862 3939
f 1828 3939 4522
f 1829 1839 1863
f 1829 1863 4588
f 4588 3578 1829
f 1830 1849 1888
f 1888 1864 1830
f 1830 1864 4600
f 1830 4600 5235
f 5235 4759 1830
f 1831 1840 1865
f 1831 1865 3617
f 3617 3494 1831
f 1928 1893 1832
f 1832 1924 1928
f 1833 1893 1928
f 1928 1925 1833
f 1930 1897 1834
f 1834 1926 1989
f 1989 1930 1834
f 1835 1898 1931
f 1931 1927 1835
f 1882 1843 1836
f 1836 1854 1882
f 1837 1844 1883
f 1883 1862 1837
f 1884 1845 1838
f 4860 1884 1838
f 1838 4768 4860
f 1839 1846 1885
f 1885 1863 1839
f 1840 1851 1890
f 1890 1865 1840
f 1891 1852 1841
f 3558 1891 1841
f 1841 3525 3558
f 1842 1843 1881
f 1842 1881 4925
f 4925 4850 1842
f 1882 1881 1843
f 1844 1845 1883
f 1884 1883 1845
f 1846 1847 1885
f 1886 1885 1847
f 4911 1886 1847
f 1847 4906 4911
f 1887 1849 1848
f 4912 1887 1848
f 1848 4901 4912
f 1849 1887 1888
f 1889 1851 1850
f 5399 1889 1850
f 3530 3524 1850
f 1850 3524 5399
f 1851 1889 1890
f 1891 1853 1852
f 1853 1891 1892
f 1853 1892 4893
f 4893 4122 1853
f 1903 1882 1854
f 4748 1903 1854
f 1854 4269 4666
f 1854 4666 4748
f 1855 1995 3086
f 3330 1995 1855
f 1855 3086 3450
f 1855 3098 5498
f 5498 3330 1855
f 3238 3210 1856
f 1856 3210 3784
f 3548 3238 1856
f 3784 3256 1856
f 1856 3256 4081
f 3985 3548 1856
f 4081 3985 1856
f 4162 1858 1857
f 1857 1858 4366
f 1857 3559 4336
f 4544 3559 1857
f 4336 4162 1857
f 1857 4366 4934
f 4934 4544 1857
f 4162 3832 1858
f 1858 3832 4988
f 4070 3922 1858
f 1858 3922 4366
f 1858 4064 4070
f 4988 4064 1858
f 1859 1860 1958
f 4935 1860 1859
f 1958 1957 1859
f 1859 1957 3707
f 3707 3515 1859
f 1859 3515 4935
f 4122 1958 1860
f 1860 4040 4122
f 4855 4040 1860
f 1861 3424 3720
f 3870 3424 1861
f 1861 3720 3780
f 1861 3780 4029
f 4025 3870 1861
f 4029 4025 1861
f 1862 1883 4897
f 4003 3939 1862
f 4897 4003 1862
f 1885 1878 1863
f 1863 1878 3198
f 1863 3198 3979
f 1863 3979 4588
f 1888 1879 1864
f 1864 1879 4725
f 1864 4542 4600
f 4725 4542 1864
f 1865 1890 1908
f 1865 1908 5241
f 1865 3584 3617
f 5241 3584 1865
f 4869 1934 1866
f 1866 1934 5246
f 4828 1973 1866
f 1866 1973 4869
f 5246 4867 1866
f 4870 1935 1867
f 1867 1935 4871
f 1867 1974 4829
f 4871 1974 1867
f 4774 4740 1867
f 1867 4740 4870
f 4829 4774 1867
f 1936 1899 1868
f 1868 1899 4834
f 4872 1936 1868
f 4830 1971 1868
f 1868 1971 4872
f 1869 1900 1937
f 5239 1900 1869
f 1869 1937 4875
f 4875 1972 1869
f 1869 1972 4876
f 1870 3113 3423
f 4027 3113 1870
f 3273 3268 1870
f 1870 3268 4027
f 3514 3273 1870
f 1870 3423 3514
f 1947 1915 1871
f 1871 1915 5393
f 1871 1925 1947
f 1949 1917 1872
f 1872 1927 1949
f 1873 1910 1942
f 5389 1910 1873
f 1873 1942 4738
f 4822 3502 1873
f 1873 3502 5389
f 1873 4738 4785
f 1873 4785 4822
f 1943 1911 1874
f 1874 1911 4753
f 4741 1943 1874
f 4803 4723 1875
f 1875 4743 4756
f 1875 4756 4803
f 4736 1945 1876
f 1876 1945 4745
f 1876 4719 4854
f 4854 4736 1876
f 1876 4745 5229
f 1909 1891 1877
f 1877 1891 3558
f 4433 1909 1877
f 1877 3558 4180
f 1877 4180 4433
f 1878 1885 1886
f 1878 1886 1905
f 1878 1905 3978
f 3978 3198 1878
f 1879 1888 1906
f 1879 1906 4725
f 3555 3143 1880
f 1880 3143 5497
f 5497 3144 1880
f 1881 1882 1902
f 1881 1902 4410
f 1881 4410 4925
f 1903 1902 1882
f 1883 1884 4897
f 4860 1904 1884
f 1884 1904 4897
f 4434 1905 1886
f 4911 4434 1886
f 1906 1888 1887
f 4458 1906 1887
f 4912 4458 1887
f 1907 1890 1889
f 5399 1907 1889
f 1890 1907 1908
f 1909 1892 1891
f 1892 1909 3575
f 1892 3575 4893
f 1951 1922 1894
f 1894 1923 1952
f 1894 1929 1951
f 1952 1929 1894
f 1953 1920 1895
f 1895 1932 1953
f 1985 1932 1895
f 2015 1985 1895
f 1896 1921 1954
f 1954 1933 1896
f 1896 1933 1986
f 1896 1986 2016
f 1897 1930 1989
f 1897 1989 2013
f 1897 2013 4233
f 1990 1931 1898
f 2014 1990 1898
f 4095 1916 1899
f 1899 1916 4834
f 1899 1936 4095
f 1900 1917 1950
f 5239 1917 1900
f 3843 1937 1900
f 1900 1950 3843
f 1901 1914 1946
f 3889 1914 1901
f 1901 1946 4754
f 4536 3889 1901
f 4754 4536 1901
f 1902 1903 4984
f 4984 4410 1902
f 1903 4748 4984
f 1904 3473 4097
f 4860 3473 1904
f 1904 4097 4897
f 1905 3703 3978
f 4455 3703 1905
f 1905 4434 4455
f 4458 3901 1906
f 1906 3901 4725
f 4577 1908 1907
f 1907 3499 4577
f 5399 3499 1907
f 1908 4577 5241
f 4489 3575 1909
f 4433 3829 1909
f 1909 3829 4489
f 1910 1922 4199
f 5390 1922 1910
f 5243 1942 1910
f 1910 4199 5243
f 1910 5389 5390
f 1911 1943 5240
f 5392 4753 1911
f 1911 5240 5392
f 1912 1961 2043
f 5233 1961 1912
f 1912 1973 5233
f 5245 1973 1912
f 1912 2043 5245
f 2044 1962 1913
f 1913 1962 5234
f 4720 1974 1913
f 1913 1974 5247
f 5247 2044 1913
f 5234 4720 1913
f 2020 1946 1914
f 5246 2020 1914
f 1914 3889 4867
f 1914 4867 5246
f 1915 1947 3767
f 1915 3767 4870
f 4870 4740 1915
f 1915 4740 4956
f 1915 4956 5393
f 3607 1948 1916
f 1916 1948 4217
f 3802 3607 1916
f 4095 3802 1916
f 1916 4217 4834
f 1917 1949 1950
f 1918 1920 1953
f 4744 1920 1918
f 1918 1953 4821
f 4821 1961 1918
f 1918 1961 5233
f 1918 4743 4744
f 4756 4743 1918
f 5233 4756 1918
f 4823 1921 1919
f 1919 1962 4823
f 5234 1962 1919
f 5229 4745 1919
f 1919 4745 5234
f 4823 1954 1921
f 1922 1951 4837
f 4837 4199 1922
f 1922 5390 5391
f 4839 1952 1923
f 1923 4056 5392
f 5392 4839 1923
f 1987 1928 1924
f 1924 1946 1987
f 4754 1946 1924
f 1925 1928 1987
f 1987 1947 1925
f 1926 1948 1989
f 4217 1948 1926
f 1927 1931 1990
f 1990 1949 1927
f 1991 1951 1929
f 1929 1952 1992
f 1929 1988 1991
f 1992 1988 1929
f 1993 1953 1932
f 1932 1985 4919
f 4919 1993 1932
f 1933 1954 1994
f 1994 1986 1933
f 1934 1967 2007
f 3965 1967 1934
f 1934 2007 2017
f 1934 2017 5246
f 1934 2099 3965
f 4869 2099 1934
f 2007 1967 1935
f 1935 1967 4915
f 4916 2007 1935
f 1935 2100 4871
f 4915 2100 1935
f 1935 4870 4916
f 1936 1968 2005
f 4917 1968 1936
f 1936 2005 4095
f 4872 2097 1936
f 1936 2097 4917
f 1937 1969 3963
f 4601 1969 1937
f 3963 2098 1937
f 1937 2098 4875
f 1937 3843 4601
f 1938 1965 3750
f 3896 1965 1938
f 1938 3174 3296
f 1938 3296 3586
f 1938 3586 3896
f 3283 3091 1939
f 1939 3091 3819
f 1939 3092 3283
f 3398 3092 1939
f 1939 3296 3621
f 4043 3296 1939
f 3621 3398 1939
f 1939 3819 4043
f 1940 1968 3401
f 3749 1968 1940
f 3312 3173 1940
f 1940 3173 3399
f 1940 3177 3312
f 3401 3177 1940
f 1940 3399 4109
f 4109 3749 1940
f 1941 3173 3312
f 3458 3173 1941
f 3282 3244 1941
f 1941 3244 3458
f 1941 3248 3282
f 3821 3248 1941
f 1941 3312 3532
f 1941 3532 3821
f 1942 1971 4830
f 5242 1971 1942
f 5243 5242 1942
f 4876 1972 1943
f 1943 1972 5240
f 1944 1973 4828
f 5233 1973 1944
f 4803 4756 1944
f 1944 4756 5233
f 1944 4792 4803
f 4828 4792 1944
f 4829 4720 1945
f 1945 4720 5234
f 5234 4745 1945
f 2011 1987 1946
f 2020 2011 1946
f 1947 1987 2011
f 1947 2011 2020
f 1947 2020 3767
f 2013 1989 1948
f 3607 2013 1948
f 2014 1950 1949
f 1949 1990 2014
f 1950 2014 2022
f 2022 2019 1950
f 1950 2019 3843
f 1951 1991 2039
f 1951 2039 4837
f 2040 1992 1952
f 4839 2040 1952
f 1953 1993 2112
f 2112 2041 1953
f 1953 2041 4821
f 2042 1994 1954
f 4823 2042 1954
f 3941 1956 1955
f 1955 1956 4162
f 1955 3423 3941
f 4336 3423 1955
f 1955 4162 4336
f 3941 3751 1956
f 1956 3751 4207
f 1956 3832 4162
f 4906 3832 1956
f 1956 4207 4906
f 1957 1958 4933
f 1957 3588 3707
f 4616 3588 1957
f 1957 3794 4616
f 4933 3794 1957
f 1958 4122 4893
f 4893 4171 1958
f 1958 4171 4933
f 1959 3548 3985
f 4306 3548 1959
f 1959 3985 4850
f 4850 4216 1959
f 1959 4216 4927
f 4927 4306 1959
f 3841 2076 1960
f 1960 2076 4458
f 4901 3780 1960
f 1960 3780 4992
f 4992 3841 1960
f 1960 4458 4912
f 4912 4901 1960
f 1961 2041 2127
f 4821 2041 1961
f 2127 2043 1961
f 2128 2042 1962
f 1962 2042 4823
f 1962 2044 2128
f 2045 2009 1963
f 1963 2009 5242
f 1963 2039 2125
f 4837 2039 1963
f 2125 2045 1963
f 5243 4837 1963
f 1963 5242 5243
f 2126 2040 1964
f 1964 2040 4839
f 1964 2046 2126
f 4874 2046 1964
f 1964 4839 5392
f 5244 4874 1964
f 5392 5244 1964
f 2093 2003 1965
f 1965 2003 3750
f 4918 2093 1965
f 3896 2143 1965
f 1965 2143 4918
f 1966 2004 2094
f 1966 2094 4921
f 1966 2144 3107
f 4921 2144 1966
f 3965 2142 1967
f 1967 2142 4915
f 3749 2005 1968
f 1968 2139 3401
f 4917 2139 1968
f 1969 2006 3692
f 4601 2006 1969
f 3102 2140 1969
f 1969 2140 3963
f 3509 3102 1969
f 3692 3509 1969
f 1970 2008 4806
f 5251 2008 1970
f 4922 2095 1970
f 1970 2095 5251
f 4806 4786 1970
f 1970 4786 4922
f 1971 2009 2097
f 5242 2009 1971
f 1971 2097 4872
f 2098 2010 1972
f 1972 2010 5471
f 4875 2098 1972
f 5471 5240 1972
f 1973 2099 4869
f 5245 2099 1973
f 4871 2100 1974
f 1974 2100 5247
f 1974 4720 4829
f 1975 1976 2025
f 4938 1976 1975
f 1975 2025 4471
f 1975 4471 4924
f 4924 4865 1975
f 1975 4865 4938
f 1976 1996 2026
f 4749 1996 1976
f 2026 2025 1976
f 4938 4749 1976
f 1977 1978 2027
f 4571 1978 1977
f 1977 2027 5473
f 3291 3228 1977
f 1977 3228 4571
f 5473 3291 1977
f 2028 2027 1978
f 4858 2028 1978
f 4571 3718 1978
f 1978 3718 4858
f 2030 2029 1979
f 1979 2029 3560
f 4422 2030 1979
f 1979 3560 3851
f 1979 3851 4422
f 2031 1981 1980
f 1980 1981 4386
f 4955 2031 1980
f 4386 3618 1980
f 1980 3618 4955
f 2032 1998 1981
f 1981 1998 4386
f 1981 2031 2032
f 2033 1983 1982
f 1982 1983 4087
f 1982 1999 2033
f 3887 1999 1982
f 4087 3887 1982
f 2034 2000 1983
f 1983 2000 4034
f 1983 2033 2034
f 1983 4034 4087
f 1984 2035 2036
f 3602 2035 1984
f 1984 2036 4438
f 1984 3531 3602
f 3905 3531 1984
f 1984 3895 3905
f 4438 3895 1984
f 1985 2015 2106
f 1985 2106 4919
f 1986 1994 2107
f 2107 2016 1986
f 2108 1991 1988
f 1988 1992 2109
f 1988 2012 2108
f 2109 2012 1988
f 2110 2039 1991
f 1991 2108 2110
f 1992 2040 2111
f 2111 2109 1992
f 1993 2106 2112
f 4919 2106 1993
f 1994 2042 2113
f 2113 2107 1994
f 3199 3086 1995
f 3366 3199 1995
f 1995 3330 3366
f 2047 2026 1996
f 3609 2047 1996
f 4154 3609 1996
f 4749 4154 1996
f 1997 2029 2050
f 3560 2029 1997
f 1997 2050 5254
f 1997 3476 3560
f 4083 3476 1997
f 5254 4083 1997
f 1998 2032 2051
f 1998 2051 3599
f 3599 3226 1998
f 1998 3226 4283
f 1998 4283 4386
f 2052 2033 1999
f 5248 2052 1999
f 1999 3887 5248
f 2000 2034 2053
f 2000 2053 4943
f 2000 3806 3946
f 4943 3806 2000
f 2000 3946 4034
f 4991 2181 2001
f 3247 2182 2002
f 2002 2182 3254
f 2002 3126 3136
f 3254 3126 2002
f 3274 3247 2002
f 2002 3248 3274
f 2123 2023 2003
f 2003 2023 3750
f 2003 2093 3789
f 3675 2123 2003
f 3789 3675 2003
f 2004 2024 2124
f 2104 2094 2004
f 2116 2104 2004
f 2124 2116 2004
f 3749 2021 2005
f 2005 2021 4095
f 2006 2019 3692
f 4601 2019 2006
f 4916 2017 2007
f 2121 2018 2008
f 2008 2018 5401
f 5251 2121 2008
f 5401 4806 2008
f 2009 2045 4050
f 4050 2097 2009
f 5400 2046 2010
f 2010 2046 5471
f 2010 2098 5400
f 2012 2018 2117
f 2118 2018 2012
f 2117 2108 2012
f 2012 2109 2118
f 3607 2021 2013
f 2013 2021 4233
f 3759 2022 2014
f 2015 2023 2119
f 2119 2106 2015
f 2120 2024 2016
f 2016 2107 2120
f 4916 2020 2017
f 2017 2020 5246
f 2121 2117 2018
f 2018 2118 2122
f 2018 2122 5401
f 2019 2022 3759
f 3759 3692 2019
f 4601 3843 2019
f 4916 3767 2020
f 2021 3607 3802
f 2021 3749 4233
f 2021 3802 4095
f 2123 2119 2023
f 2024 2120 2124
f 2025 2026 2055
f 2025 2055 3801
f 2025 3801 4471
f 2026 2047 2055
f 2027 2028 2057
f 2057 2056 2027
f 2027 2056 3845
f 2027 3845 5473
f 2028 2049 2057
f 4858 2049 2028
f 2029 2030 2058
f 2058 2050 2029
f 2059 2058 2030
f 4886 2059 2030
f 2030 4422 4886
f 2060 2032 2031
f 4890 2060 2031
f 4955 4890 2031
f 2061 2051 2032
f 2032 2060 2061
f 2062 2034 2033
f 2033 2052 2062
f 2063 2053 2034
f 2034 2062 2063
f 2064 2036 2035
f 2035 2054 2064
f 3602 2054 2035
f 2036 2064 2065
f 2036 2065 4853
f 4853 4438 2036
f 2037 2049 4858
f 5255 2049 2037
f 2037 3231 3534
f 4549 3231 2037
f 2037 3534 5255
f 4858 4549 2037
f 2038 2054 3602
f 4940 2054 2038
f 2038 3602 3994
f 2038 3994 5253
f 5253 4940 2038
f 2039 2110 2125
f 2126 2111 2040
f 2041 2112 2127
f 2128 2113 2042
f 2043 2127 2145
f 2043 2145 5249
f 5249 5245 2043
f 2146 2128 2044
f 5250 2146 2044
f 2044 5247 5250
f 2045 2125 2185
f 2045 2185 3835
f 2045 3835 4050
f 2147 2126 2046
f 5400 2147 2046
f 2046 4874 5471
f 2079 2055 2047
f 4957 2079 2047
f 2047 3609 4957
f 2048 2056 2080
f 3845 2056 2048
f 2080 2067 2048
f 2048 2067 5402
f 5473 3845 2048
f 2048 5402 5473
f 2081 2057 2049
f 5255 2081 2049
f 2050 2058 2082
f 2082 2068 2050
f 2050 2068 5254
f 2051 2061 2084
f 2084 2069 2051
f 2051 2069 3599
f 2085 2062 2052
f 2052 2066 2085
f 5248 2066 2052
f 2053 2063 2070
f 2053 2070 4943
f 2087 2064 2054
f 4940 2087 2054
f 2079 2078 2055
f 2055 2078 4693
f 4693 3801 2055
f 2056 2057 2080
f 2081 2080 2057
f 2058 2059 2082
f 2102 2082 2059
f 4886 2102 2059
f 2083 2061 2060
f 4890 2083 2060
f 2061 2083 2084
f 2085 2063 2062
f 2086 2070 2063
f 2063 2085 2086
f 2087 2065 2064
f 2065 2087 2088
f 2065 2088 4853
f 2091 2085 2066
f 5257 2091 2066
f 4015 3262 2066
f 2066 3262 5257
f 5248 4015 2066
f 2080 2077 2067
f 2067 2077 5257
f 2067 3262 4373
f 5257 3262 2067
f 2067 4373 5402
f 2068 2082 2102
f 2068 2102 5256
f 2068 5253 5254
f 5256 5253 2068
f 2069 2084 3739
f 3662 3599 2069
f 4959 3662 2069
f 2069 3739 4959
f 2070 2086 2092
f 2070 2092 4452
f 2070 4452 5531
f 2070 4560 4943
f 5531 4560 2070
f 2071 2072 3751
f 4044 2072 2071
f 3941 3423 2071
f 2071 3423 4372
f 2071 3751 3941
f 4372 4044 2071
f 2072 2130 3642
f 4044 2130 2072
f 2072 3642 4240
f 4240 3751 2072
f 2073 2074 2131
f 4933 2074 2073
f 2073 2131 3687
f 2073 3687 4616
f 4616 3794 2073
f 2073 3794 4933
f 2132 2131 2074
f 4877 2132 2074
f 2074 4489 4877
f 4933 4489 2074
f 3522 3206 2075
f 2075 3206 4011
f 4201 3522 2075
f 2075 4011 4927
f 4927 4201 2075
f 3484 2134 2076
f 2076 2134 4474
f 3717 3484 2076
f 3841 3717 2076
f 4474 4458 2076
f 2077 2080 2089
f 2077 2089 3948
f 2077 3948 5257
f 2078 2079 2101
f 2078 2101 4693
f 4957 2101 2079
f 2080 2081 2089
f 2090 2089 2081
f 5255 2090 2081
f 3739 2084 2083
f 2083 2101 3739
f 4692 2101 2083
f 4890 4692 2083
f 2091 2086 2085
f 2086 2091 2092
f 5403 2088 2087
f 2087 4940 5403
f 2088 2102 4096
f 5403 2102 2088
f 2088 4096 4853
f 2089 2090 4961
f 4961 3948 2089
f 5255 4961 2090
f 4961 2092 2091
f 2091 3948 4961
f 5257 3948 2091
f 4961 4452 2092
f 2093 2103 3789
f 4824 2103 2093
f 4939 4824 2093
f 2093 4918 4939
f 2094 2104 2136
f 2094 2136 4964
f 2094 2195 4921
f 4964 2195 2094
f 2095 2137 3636
f 4965 2137 2095
f 4922 2192 2095
f 2095 2192 4965
f 2095 3636 5251
f 2096 2105 2138
f 5401 2105 2096
f 2096 2138 4967
f 4923 4806 2096
f 2096 4806 5401
f 4967 4923 2096
f 2148 2139 2097
f 2097 2139 4917
f 4050 2148 2097
f 3963 2140 2098
f 2098 2140 5400
f 2150 2142 2099
f 2099 2142 3965
f 5249 2150 2099
f 2099 5245 5249
f 2100 2142 2150
f 4915 2142 2100
f 2100 2150 5250
f 5250 5247 2100
f 4959 3739 2101
f 4692 3857 2101
f 2101 3857 4693
f 2101 4957 4959
f 4886 4096 2102
f 5403 5256 2102
f 2103 2115 3675
f 4968 2115 2103
f 4824 2135 2103
f 2103 2135 4968
f 2103 3675 3789
f 2104 2116 5259
f 5474 2136 2104
f 2104 5259 5474
f 2105 2114 2165
f 5401 2114 2105
f 5405 2138 2105
f 2105 2165 5405
f 2160 2112 2106
f 2106 2119 2160
f 2107 2113 2161
f 2161 2120 2107
f 2162 2110 2108
f 2108 2117 2162
f 2109 2111 2163
f 2163 2118 2109
f 2223 2125 2110
f 2110 2162 2223
f 2111 2126 2168
f 2168 2163 2111
f 2169 2127 2112
f 2112 2160 2169
f 2113 2128 2170
f 2216 2161 2113
f 2113 2170 2216
f 2114 2122 2178
f 5401 2122 2114
f 2178 2165 2114
f 2179 2123 2115
f 2115 2123 3675
f 2115 2166 2179
f 4968 2166 2115
f 2116 2124 2180
f 2180 2167 2116
f 2116 2167 5259
f 2117 2121 2177
f 2177 2162 2117
f 2178 2122 2118
f 2118 2163 2178
f 2119 2123 2179
f 2179 2160 2119
f 2180 2124 2120
f 2120 2161 2180
f 3714 2177 2121
f 2121 3636 3714
f 5251 3636 2121
f 2223 2185 2125
f 2126 2147 3264
f 3264 2168 2126
f 2186 2145 2127
f 2127 2169 2186
f 2128 2146 2187
f 2187 2170 2128
f 3695 2130 2129
f 2129 2130 4044
f 2129 2154 3695
f 4179 2154 2129
f 2129 4044 4372
f 4372 4179 2129
f 4493 3642 2130
f 2130 3695 4493
f 2131 2132 2157
f 2157 2156 2131
f 2131 2156 3278
f 3278 3089 2131
f 2131 3089 3687
f 4438 2157 2132
f 2132 3895 4438
f 4877 3895 2132
f 2133 3206 3522
f 3719 3206 2133
f 2133 3522 4420
f 2133 3659 3708
f 4420 3659 2133
f 2133 3708 3719
f 4112 3467 2134
f 2134 3467 4474
f 2134 3484 3512
f 2134 3512 3654
f 2134 3654 4112
f 4973 2188 2135
f 2135 2188 4982
f 2135 4824 4963
f 4963 4826 2135
f 2135 4826 4973
f 4982 4968 2135
f 2136 2189 4049
f 5404 2189 2136
f 4049 2239 2136
f 2136 2239 4964
f 5474 5404 2136
f 4974 2190 2137
f 2137 2190 5261
f 5261 3636 2137
f 2137 4965 5513
f 5513 4974 2137
f 2138 2191 4975
f 5405 2191 2138
f 2138 4659 4967
f 4975 4659 2138
f 2139 2148 3685
f 2139 2175 3401
f 3685 2175 2139
f 3686 2149 2140
f 2140 2149 5400
f 2140 3102 3839
f 3839 3686 2140
f 2141 2151 2192
f 5258 2151 2141
f 2141 2192 4922
f 4923 2193 2141
f 2141 2193 5258
f 4922 4786 2141
f 2141 4786 4923
f 3700 2152 2143
f 2143 2152 5534
f 2143 2171 3700
f 3896 2171 2143
f 2143 2194 4918
f 5534 2194 2143
f 2195 2153 2144
f 2144 2153 2282
f 4921 2195 2144
f 2282 2253 2144
f 2144 2253 3513
f 3513 3107 2144
f 2184 2150 2145
f 2145 2150 5249
f 2196 2184 2145
f 2145 2186 2196
f 2146 2184 2196
f 5250 2184 2146
f 2196 2187 2146
f 2147 2149 2199
f 5400 2149 2147
f 2147 2199 2229
f 2147 2229 3264
f 2148 2198 3451
f 3835 2198 2148
f 2148 3451 3685
f 4050 3835 2148
f 3686 2199 2149
f 2150 2184 5250
f 4143 2192 2151
f 2151 2197 2213
f 5258 2197 2151
f 2151 2213 4143
f 3700 2183 2152
f 2152 2183 5534
f 2153 2195 5260
f 2153 2201 2300
f 5260 2201 2153
f 2300 2282 2153
f 2154 2155 3695
f 3936 2155 2154
f 4179 3765 2154
f 2154 3765 4929
f 4929 3936 2154
f 4422 3695 2155
f 2155 3936 4886
f 4886 4422 2155
f 2156 2157 4931
f 2156 2173 4569
f 4931 2173 2156
f 4569 3278 2156
f 2157 4438 4853
f 2157 4853 4931
f 3708 3659 2158
f 2158 3659 3801
f 4848 3708 2158
f 2158 3801 4693
f 2158 3872 4675
f 4693 3872 2158
f 2158 4675 4848
f 3653 3541 2159
f 2159 3541 4692
f 4105 3653 2159
f 2159 3654 4105
f 4112 3654 2159
f 2159 3755 4112
f 4890 3755 2159
f 2159 4692 4890
f 2215 2169 2160
f 2160 2179 2215
f 2216 2180 2161
f 2162 2177 2219
f 2219 2217 2162
f 2162 2217 2223
f 2163 2168 2218
f 2218 2178 2163
f 2219 2177 2164
f 2164 2177 3714
f 2164 2209 4019
f 4977 2209 2164
f 4019 2219 2164
f 3714 3636 2164
f 2164 3636 4977
f 2165 2178 2220
f 4981 2210 2165
f 2165 2210 5405
f 2165 2220 4981
f 2221 2179 2166
f 4982 2207 2166
f 2166 2207 4983
f 4983 2221 2166
f 2166 4968 4982
f 2167 2180 2222
f 2251 2208 2167
f 2167 2208 4969
f 2167 2222 2251
f 2167 4969 5259
f 2268 2218 2168
f 3341 2268 2168
f 2168 3264 3341
f 2224 2186 2169
f 2169 2215 2224
f 2170 2187 2225
f 2225 2216 2170
f 3362 2252 2171
f 2171 2252 3700
f 2171 3308 3462
f 3586 3308 2171
f 3462 3362 2171
f 3896 3586 2171
f 3819 3091 2172
f 2172 3184 3308
f 3413 3184 2172
f 2172 3308 4072
f 4072 3819 2172
f 2173 2174 3936
f 4931 2174 2173
f 2173 3765 4569
f 4929 3765 2173
f 2173 3936 4929
f 4886 3936 2174
f 2174 4096 4886
f 4931 4096 2174
f 2175 2256 3463
f 3685 2256 2175
f 3307 3177 2175
f 2175 3177 3401
f 4304 3307 2175
f 2175 3463 4304
f 2176 3247 3274
f 3412 3247 2176
f 3274 3248 2176
f 2176 3248 3821
f 2176 3307 3412
f 3992 3307 2176
f 2176 3821 3992
f 2178 2218 2220
f 2221 2215 2179
f 2180 2216 2222
f 2181 2244 3253
f 4972 2244 2181
f 2181 3253 3288
f 4991 4972 2181
f 3252 2245 2182
f 2182 2245 3335
f 2182 3247 3252
f 3335 3254 2182
f 3700 2200 2183
f 2183 2200 5534
f 2228 2198 2185
f 2185 2198 3835
f 2185 2223 2228
f 2230 2196 2186
f 2186 2224 2230
f 2187 2196 2230
f 2230 2225 2187
f 2232 2202 2188
f 2188 2202 4982
f 3962 2232 2188
f 2188 2260 3962
f 4973 2260 2188
f 2189 2203 2233
f 5404 2203 2189
f 2189 2233 4993
f 2189 2261 4049
f 4993 2261 2189
f 4990 2234 2190
f 2190 2234 4994
f 4974 2258 2190
f 2190 2258 4990
f 2190 4994 5261
f 4995 3937 2191
f 2191 3937 4996
f 2191 4909 4975
f 4996 4909 2191
f 5405 4995 2191
f 2192 2204 2236
f 4143 2204 2192
f 2192 2236 4965
f 4967 4580 2193
f 2193 4580 5258
f 2193 4923 4967
f 2194 2205 4840
f 5534 2205 2194
f 2194 4840 4963
f 4939 4918 2194
f 4963 4939 2194
f 2239 2206 2195
f 2195 2206 5260
f 4964 2239 2195
f 2240 2213 2197
f 2197 2214 2231
f 5258 2214 2197
f 2197 2231 2240
f 2198 2228 3451
f 3666 2229 2199
f 3686 3666 2199
f 2200 2226 2275
f 4291 2226 2200
f 2200 2275 4175
f 2200 3700 4291
f 2200 4175 5534
f 2201 2212 2276
f 5260 2212 2201
f 2276 2227 2201
f 2201 2227 2300
f 2250 2207 2202
f 2202 2207 4982
f 2202 2232 5526
f 5526 2250 2202
f 2203 2208 2251
f 5404 2208 2203
f 3624 2233 2203
f 2203 2251 3624
f 2204 2213 2240
f 4143 2213 2204
f 5262 2236 2204
f 2204 2240 4978
f 2204 4978 5262
f 2205 2211 5407
f 5534 2211 2205
f 2205 2238 4840
f 5407 2238 2205
f 2206 2212 5260
f 5267 2212 2206
f 2206 2239 5267
f 2207 2250 4983
f 5404 4969 2208
f 2209 2243 2248
f 4994 2243 2209
f 2209 2248 2263
f 2209 2263 4019
f 2209 4977 4994
f 4981 2249 2210
f 2210 2249 4998
f 4998 4995 2210
f 2210 4995 5405
f 4175 2242 2211
f 2211 2242 5263
f 5534 4175 2211
f 2211 5263 5407
f 5264 2276 2212
f 5268 5264 2212
f 2212 5267 5268
f 2241 2231 2214
f 4980 2241 2214
f 5258 4980 2214
f 2215 2221 2262
f 2265 2224 2215
f 2215 2262 2265
f 2266 2222 2216
f 2216 2225 2266
f 2217 2219 2267
f 2267 2223 2217
f 2268 2220 2218
f 2219 2263 2267
f 4019 2263 2219
f 2268 2264 2220
f 2220 2264 4981
f 2221 2250 2262
f 4983 2250 2221
f 3680 2251 2222
f 2222 2266 3680
f 2269 2228 2223
f 2223 2267 2269
f 2271 2230 2224
f 2224 2265 2271
f 2225 2230 2271
f 2271 2266 2225
f 2226 2272 2275
f 2315 2272 2226
f 2226 2309 2315
f 4291 2309 2226
f 2276 2273 2227
f 2227 2273 2316
f 2310 2300 2227
f 2316 2310 2227
f 2228 2269 2313
f 2228 2313 3451
f 2314 2270 2229
f 2229 2270 3341
f 3666 2314 2229
f 3341 3264 2229
f 2277 2240 2231
f 2231 2241 2278
f 2231 2274 2277
f 2278 2274 2231
f 2232 3962 4775
f 2232 4775 4815
f 2232 4815 5526
f 2283 2254 2233
f 2233 2254 5003
f 3624 2283 2233
f 2233 2304 4993
f 5003 2304 2233
f 4765 2243 2234
f 2234 2243 4994
f 2234 2256 4765
f 4989 2256 2234
f 2234 4730 4989
f 4990 4730 2234
f 2235 2298 4996
f 5004 2298 2235
f 2235 3937 4995
f 4996 3937 2235
f 4998 4169 2235
f 2235 4169 5004
f 2235 4995 4998
f 2236 2258 4974
f 5265 2258 2236
f 5513 4965 2236
f 2236 4974 5513
f 2236 5262 5265
f 4975 2259 2237
f 2237 2259 5002
f 2237 4580 4659
f 4980 4580 2237
f 2237 4659 4975
f 5002 4980 2237
f 2238 2260 4973
f 5406 2260 2238
f 2238 4826 4840
f 4973 4826 2238
f 5407 5406 2238
f 4049 2261 2239
f 2239 2261 5267
f 2240 2277 2322
f 2240 2322 4978
f 2323 2278 2241
f 2241 2280 2323
f 4980 2280 2241
f 4175 2275 2242
f 2242 2275 4413
f 4413 2321 2242
f 2242 2321 5263
f 4997 2248 2243
f 2243 4765 4997
f 2244 2327 3249
f 4972 2327 2244
f 2244 3249 3289
f 3289 3253 2244
f 3250 2328 2245
f 2245 2328 5005
f 3252 3250 2245
f 5005 3335 2245
f 2246 2279 3460
f 5265 2279 2246
f 2246 3460 3716
f 2246 3716 5269
f 2246 4184 5265
f 5269 4184 2246
f 3729 2280 2247
f 2247 2280 4979
f 5002 2287 2247
f 2247 2287 5012
f 2247 2374 3729
f 5012 2374 2247
f 2247 4979 5002
f 2313 2263 2248
f 4997 2313 2248
f 2249 2264 2314
f 4981 2264 2249
f 3666 2290 2249
f 2249 2290 4998
f 2249 2314 3666
f 2311 2262 2250
f 2250 2301 2311
f 5526 2301 2250
f 2311 2301 2251
f 2251 2301 3624
f 3680 2311 2251
f 2252 2281 3700
f 5010 2281 2252
f 5006 2293 2252
f 2252 2293 5010
f 3362 2347 2252
f 2252 2347 5006
f 2253 2282 2294
f 2253 2294 4052
f 3672 3513 2253
f 3732 3672 2253
f 4052 3732 2253
f 2254 2283 4815
f 2254 4777 5003
f 5007 4777 2254
f 2254 4815 5007
f 2255 2284 2296
f 5507 2284 2255
f 5008 2295 2255
f 2255 2295 5507
f 2255 2296 5009
f 2255 2345 5008
f 5009 2345 2255
f 3685 2285 2256
f 2256 2285 4765
f 2256 2343 3463
f 4989 2343 2256
f 2257 2286 3686
f 4169 2286 2257
f 3839 3415 2257
f 2257 3415 4791
f 2257 3686 3839
f 5004 4169 2257
f 2257 4791 5004
f 4184 2297 2258
f 2258 2297 4990
f 5265 4184 2258
f 4570 2287 2259
f 2259 2287 5002
f 4996 4570 2259
f 4975 4909 2259
f 2259 4909 4996
f 4825 3962 2260
f 4999 4825 2260
f 5406 4999 2260
f 4993 2304 2261
f 2261 2304 5000
f 2261 5000 5267
f 2317 2265 2262
f 2262 2311 2317
f 2319 2267 2263
f 2263 2313 2319
f 2264 2268 2320
f 2320 2314 2264
f 2317 2271 2265
f 2266 2271 2317
f 2317 2311 2266
f 2266 2311 3680
f 2319 2269 2267
f 2268 2270 2320
f 3341 2270 2268
f 2319 2313 2269
f 2270 2314 2320
f 2324 2275 2272
f 2272 2315 2324
f 2273 2276 3483
f 2367 2316 2273
f 3483 2367 2273
f 2325 2277 2274
f 2274 2278 2326
f 2326 2318 2274
f 2274 2318 3701
f 3701 2325 2274
f 2275 2324 4413
f 3564 3483 2276
f 5264 3564 2276
f 2325 2322 2277
f 2278 2323 2326
f 2279 2322 2356
f 4978 2322 2279
f 2279 2356 3460
f 5265 4978 2279
f 2357 2323 2280
f 3729 2357 2280
f 4980 4979 2280
f 2281 2299 3700
f 4391 2299 2281
f 5010 4391 2281
f 5527 2294 2282
f 2282 2300 3705
f 2282 3705 5527
f 3624 2301 2283
f 2283 2301 5526
f 5526 4815 2283
f 2284 2289 2350
f 5409 2289 2284
f 5410 2296 2284
f 2284 2350 5410
f 5507 5409 2284
f 2285 3685 4997
f 4997 4765 2285
f 2286 2290 3686
f 4998 2290 2286
f 2286 4169 4998
f 4570 2298 2287
f 2287 2298 5271
f 5271 5012 2287
f 2375 2364 2288
f 2288 2364 5013
f 4254 2375 2288
f 2288 4057 4091
f 4847 4057 2288
f 2288 4091 4254
f 5013 4847 2288
f 2289 2302 2350
f 5409 2302 2289
f 2290 3666 3686
f 2291 2333 3855
f 5266 2333 2291
f 2291 3855 4390
f 2291 4390 5476
f 2291 4999 5266
f 5476 4999 2291
f 2292 2334 2355
f 3844 2334 2292
f 2292 2355 5408
f 5011 3844 2292
f 2292 5000 5011
f 5408 5000 2292
f 4114 2339 2293
f 2293 2339 5272
f 2293 2383 4114
f 5006 2383 2293
f 5272 5010 2293
f 2294 2340 5015
f 5273 2340 2294
f 2294 2384 4052
f 5015 2384 2294
f 5527 5273 2294
f 2341 2331 2295
f 2295 2331 5507
f 3508 2341 2295
f 2295 2381 3508
f 5008 2381 2295
f 2296 2332 2342
f 5410 2332 2296
f 2296 2342 5017
f 2296 2382 5009
f 5017 2382 2296
f 2362 2343 2297
f 2297 2343 4989
f 5269 2362 2297
f 2297 4184 5269
f 4989 4730 2297
f 2297 4730 4990
f 2298 4570 4996
f 5004 4813 2298
f 2298 4813 5271
f 2299 2309 4291
f 4473 2309 2299
f 4291 3700 2299
f 2299 4391 4473
f 2300 2310 2351
f 2351 2348 2300
f 2300 2348 3705
f 2352 2312 2302
f 2302 2312 2353
f 2302 2349 2352
f 5409 2349 2302
f 2353 2350 2302
f 2303 4655 4808
f 5476 4655 2303
f 2303 4775 4825
f 5007 4775 2303
f 2303 4808 5007
f 2303 4825 5476
f 2304 2346 2358
f 5003 2346 2304
f 2304 2358 5011
f 5011 5000 2304
f 2305 2347 3362
f 3697 2347 2305
f 3305 3180 2305
f 2305 3180 3406
f 2305 3184 3305
f 3362 3184 2305
f 2305 3406 3697
f 2306 3180 3305
f 3822 3180 2306
f 3305 3184 2306
f 2306 3184 3413
f 3288 3253 2306
f 2306 3253 3822
f 3463 2343 2307
f 2307 2343 3698
f 2436 2430 2307
f 2307 2430 3179
f 3698 2436 2307
f 2307 3179 3302
f 3302 3183 2307
f 2307 3183 3463
f 3252 3247 2308
f 2308 3247 3412
f 3404 3252 2308
f 2308 3302 3404
f 3412 3302 2308
f 4214 2315 2309
f 2309 3542 4214
f 4473 3542 2309
f 2310 2316 2367
f 2367 2351 2310
f 2368 2318 2312
f 2312 2318 2369
f 2312 2352 2368
f 2369 2353 2312
f 4997 3451 2313
f 4214 2324 2315
f 2318 2326 2369
f 2318 2368 3701
f 2321 2324 2370
f 4413 2324 2321
f 2370 2354 2321
f 2321 2354 5475
f 5475 5263 2321
f 2322 2325 2372
f 2372 2356 2322
f 2373 2326 2323
f 2323 2357 2373
f 2324 2366 2370
f 4214 2366 2324
f 3701 2372 2325
f 2373 2369 2326
f 2327 2364 3090
f 4078 2364 2327
f 2327 3090 3249
f 2327 3125 4078
f 4972 3125 2327
f 3093 2365 2328
f 2328 2365 3149
f 3250 3093 2328
f 3149 3129 2328
f 2328 3129 5005
f 2386 2337 2329
f 2329 2337 5272
f 2329 2339 2377
f 5272 2339 2329
f 2329 2377 5020
f 5275 2386 2329
f 2329 5020 5275
f 2330 2338 2387
f 5273 2338 2330
f 2378 2340 2330
f 2330 2340 5273
f 5412 2378 2330
f 2330 2387 5412
f 3290 2335 2331
f 2331 2335 5409
f 2331 2341 5477
f 5021 3290 2331
f 5477 5021 2331
f 2331 5409 5507
f 2332 2336 2389
f 5410 2336 2332
f 5027 2342 2332
f 2332 2389 5027
f 2333 2354 2397
f 5475 2354 2333
f 2333 2397 3855
f 2333 5266 5475
f 2398 2355 2334
f 2334 2385 2405
f 3844 2385 2334
f 2449 2398 2334
f 2334 2405 2449
f 2395 2349 2335
f 2335 2349 5409
f 3290 2395 2335
f 2336 2350 2396
f 5410 2350 2336
f 2396 2389 2336
f 2337 2386 4669
f 2337 4669 5014
f 5014 5010 2337
f 2337 5010 5272
f 2338 2348 2394
f 5528 2348 2338
f 2394 2387 2338
f 2338 5273 5528
f 5018 2377 2339
f 4114 2413 2339
f 2339 2413 5018
f 2340 2378 5025
f 2340 2414 5015
f 5025 2414 2340
f 3538 2379 2341
f 2341 2379 5411
f 2341 3508 3803
f 3803 3538 2341
f 2341 5411 5477
f 2342 2380 5022
f 5027 2380 2342
f 2342 2412 5017
f 5022 2412 2342
f 2343 2362 3698
f 4140 2363 2344
f 2344 2363 4813
f 2344 3415 4351
f 4791 3415 2344
f 4351 4140 2344
f 4813 4791 2344
f 2345 2359 2381
f 2382 2359 2345
f 2345 2381 5008
f 5009 2382 2345
f 4655 2358 2346
f 4808 4655 2346
f 2346 4777 4808
f 5003 4777 2346
f 2347 2360 2383
f 3697 2360 2347
f 2347 2383 5006
f 2348 2351 2394
f 5528 3705 2348
f 2395 2352 2349
f 2350 2353 2396
f 2351 2367 2415
f 2415 2394 2351
f 2416 2368 2352
f 2352 2395 2416
f 2353 2369 2417
f 2417 2396 2353
f 2354 2370 2420
f 2420 2397 2354
f 2421 2371 2355
f 2355 2371 5001
f 2355 2398 2421
f 2355 5001 5408
f 2356 2372 2422
f 2422 2399 2356
f 2356 2399 3460
f 2423 2373 2357
f 2357 2374 2400
f 3729 2374 2357
f 2357 2400 2423
f 4390 2385 2358
f 2358 2385 5011
f 4655 4390 2358
f 4486 2381 2359
f 2359 2382 4055
f 2359 2406 2424
f 2425 2406 2359
f 2359 2424 4486
f 4055 2425 2359
f 5274 2383 2360
f 3697 2401 2360
f 2360 2401 5274
f 3732 2384 2361
f 2361 2384 4197
f 2361 2402 3728
f 4118 2402 2361
f 2361 3728 3732
f 4197 4118 2361
f 2362 2403 3698
f 3716 2403 2362
f 5269 3716 2362
f 4140 2404 2363
f 2363 2404 5270
f 5271 4813 2363
f 2363 5270 5271
f 2364 2375 3334
f 3334 3090 2364
f 2364 4078 5013
f 2365 2376 3149
f 3152 2376 2365
f 2365 3093 3152
f 3945 2370 2366
f 3542 2393 2366
f 2366 2393 3945
f 4214 3542 2366
f 2367 2371 2415
f 3483 2371 2367
f 2416 2372 2368
f 2368 2372 3701
f 2369 2373 2417
f 3945 2420 2370
f 2421 2415 2371
f 2371 3483 3564
f 2371 3564 5001
f 2372 2416 2422
f 2423 2417 2373
f 2404 2400 2374
f 5270 2404 2374
f 2374 5012 5270
f 2375 3109 3334
f 4254 3109 2375
f 2376 3080 3151
f 3151 3149 2376
f 2376 3152 3284
f 3656 2407 2377
f 2377 2407 5031
f 2377 2440 3656
f 5018 2440 2377
f 5031 5020 2377
f 2378 2408 5023
f 5413 2408 2378
f 5023 2441 2378
f 2378 2441 5025
f 2378 5412 5413
f 2409 2390 2379
f 2379 2390 5411
f 5019 2409 2379
f 2379 3538 3650
f 2379 3650 5019
f 2380 2410 3960
f 5028 2410 2380
f 3960 2439 2380
f 2380 2439 5022
f 2380 5027 5028
f 2381 3507 3508
f 5016 3507 2381
f 2381 4486 5016
f 5017 2412 2382
f 2382 2412 5279
f 5279 4055 2382
f 2383 2413 4114
f 5274 2413 2383
f 2414 2392 2384
f 2384 2392 4197
f 5015 2414 2384
f 2384 3732 4052
f 4390 2405 2385
f 2385 3844 5011
f 4116 2393 2386
f 2386 2393 4669
f 2386 2442 4116
f 5275 2442 2386
f 2387 2394 2443
f 2387 2443 3192
f 2387 3192 5412
f 2444 2395 2388
f 2388 2395 3290
f 5021 2418 2388
f 2388 2418 5030
f 5030 2444 2388
f 2388 3290 5021
f 2389 2396 2445
f 2469 2419 2389
f 2389 2419 5027
f 2389 2445 2469
f 2390 2409 2472
f 2468 2418 2390
f 2390 2418 5411
f 2526 2468 2390
f 2390 2472 2526
f 3343 2438 2391
f 2391 2438 4690
f 2492 2456 2391
f 2391 2456 3343
f 5029 2492 2391
f 2391 4690 5278
f 5278 5029 2391
f 2392 2414 5277
f 2392 2427 2446
f 5277 2427 2392
f 2392 2446 4118
f 2392 4118 4197
f 2393 2458 3945
f 4116 2458 2393
f 2393 3542 4669
f 2394 2415 2459
f 2459 2443 2394
f 2460 2416 2395
f 2395 2444 2460
f 2396 2417 2461
f 2461 2445 2396
f 2449 2405 2397
f 2397 2405 3855
f 2397 2420 2462
f 2462 2449 2397
f 2463 2421 2398
f 2398 2449 2463
f 2453 2403 2399
f 2399 2403 3716
f 2399 2422 2464
f 2464 2453 2399
f 3716 3460 2399
f 2400 2404 2454
f 2465 2423 2400
f 2400 2454 2465
f 2451 2426 2401
f 2401 2426 5274
f 2524 2451 2401
f 3697 2524 2401
f 2402 2446 2452
f 4118 2446 2402
f 2402 2452 2525
f 2402 2525 3728
f 2403 2453 2542
f 2542 2526 2403
f 2403 2526 3698
f 2543 2454 2404
f 4140 2543 2404
f 4390 3855 2405
f 2447 2424 2406
f 2406 2425 2448
f 2450 2447 2406
f 2406 2448 2450
f 2407 2434 2470
f 5038 2434 2407
f 2407 2470 5031
f 3656 2484 2407
f 2407 2484 5038
f 2470 2434 2408
f 2408 2434 5032
f 5413 2470 2408
f 2408 2485 5023
f 5032 2485 2408
f 2409 2436 2472
f 3550 2436 2409
f 2409 2482 3550
f 5019 2482 2409
f 2473 2437 2410
f 2410 2437 4042
f 5033 2473 2410
f 4879 3960 2410
f 2410 4042 4879
f 2410 5028 5033
f 3803 3507 2411
f 2411 3507 5016
f 2411 3538 3803
f 4690 3538 2411
f 5278 4690 2411
f 2411 5016 5529
f 5529 5278 2411
f 5022 2439 2412
f 2412 2439 5414
f 5414 5279 2412
f 2413 2440 5018
f 5415 2440 2413
f 2413 5274 5415
f 5025 3805 2414
f 2414 3805 5277
f 2415 2421 2459
f 2460 2422 2416
f 2417 2423 2461
f 2418 2468 2488
f 2418 2488 5030
f 2418 5021 5411
f 2419 2469 5033
f 5028 5027 2419
f 5033 5028 2419
f 2420 2458 2462
f 3945 2458 2420
f 2463 2459 2421
f 2422 2460 2464
f 2465 2461 2423
f 2424 2447 4249
f 2424 4249 5016
f 5016 4486 2424
f 5279 2448 2425
f 2425 4055 5279
f 2426 2451 2498
f 2498 2490 2426
f 2426 2490 5276
f 5415 5274 2426
f 2426 5276 5415
f 2499 2446 2427
f 2547 2499 2427
f 3849 2547 2427
f 5277 3849 2427
f 2428 2432 3406
f 4789 2432 2428
f 3454 2521 2428
f 2428 2521 4789
f 3406 3300 2428
f 2428 3300 3848
f 3848 3454 2428
f 2429 2531 3166
f 3249 2531 2429
f 2429 3166 3300
f 3300 3180 2429
f 2429 3180 3822
f 3289 3249 2429
f 2429 3253 3289
f 3822 3253 2429
f 2430 2436 2513
f 2430 2513 2532
f 2430 2532 3165
f 2430 3165 3299
f 3299 3179 2430
f 3299 3165 2431
f 2431 3165 3809
f 2431 3179 3299
f 3404 3179 2431
f 2431 3250 3252
f 3809 3250 2431
f 2431 3252 3404
f 2432 2474 3697
f 4814 2474 2432
f 3697 3406 2432
f 2432 4789 4814
f 2433 2475 2479
f 3728 2475 2433
f 2433 2479 5037
f 2433 2522 3100
f 5037 2522 2433
f 2433 3100 3268
f 2433 3268 3728
f 2434 4773 5032
f 5038 4773 2434
f 2435 2471 3557
f 4807 2471 2435
f 2435 3557 5040
f 2435 4776 4807
f 5040 4776 2435
f 3698 2472 2436
f 3550 2513 2436
f 2437 2473 4140
f 2437 3265 3924
f 4140 3265 2437
f 2437 3924 4772
f 4772 4042 2437
f 3343 3259 2438
f 2438 3259 5019
f 3650 3597 2438
f 2438 3597 4690
f 5019 3650 2438
f 3960 2483 2439
f 2439 2483 5281
f 2439 5281 5414
f 2440 2476 4622
f 5282 2476 2440
f 4622 3656 2440
f 5415 5282 2440
f 2441 3383 4394
f 5023 3383 2441
f 5024 3805 2441
f 2441 3805 5025
f 2441 4394 5024
f 2501 2458 2442
f 2442 2458 4116
f 2442 2466 2486
f 5275 2466 2442
f 2442 2486 2501
f 2443 2459 2502
f 2487 2467 2443
f 2443 2467 3192
f 2502 2487 2443
f 2503 2460 2444
f 2444 2488 2503
f 5030 2488 2444
f 2445 2461 2489
f 2489 2469 2445
f 2499 2452 2446
f 2447 2450 2496
f 2447 2496 4060
f 2447 4060 4249
f 2497 2450 2448
f 2545 2497 2448
f 5280 2545 2448
f 2448 5279 5280
f 2449 2462 2515
f 2515 2463 2449
f 2516 2496 2450
f 2450 2497 2516
f 2517 2498 2451
f 2569 2517 2451
f 2451 2524 2540
f 2451 2540 2569
f 2452 2499 2518
f 2452 2518 2541
f 2541 2525 2452
f 2453 2464 2519
f 2453 2519 2567
f 2567 2542 2453
f 2520 2465 2454
f 2568 2520 2454
f 2454 2543 2568
f 2528 2466 2455
f 2455 2466 5478
f 2455 2470 2528
f 5031 2470 2455
f 5478 5031 2455
f 2456 2492 3674
f 3674 2584 2456
f 2456 2584 5480
f 5283 3343 2456
f 5480 5283 2456
f 2601 2493 2457
f 2457 2493 5414
f 3501 2601 2457
f 5284 3501 2457
f 2457 5281 5284
f 5414 5281 2457
f 2501 2462 2458
f 2459 2463 2502
f 2503 2464 2460
f 2461 2465 2568
f 2568 2489 2461
f 2462 2501 2515
f 2515 2502 2463
f 2464 2503 2519
f 2465 2520 2568
f 2538 2486 2466
f 2466 2528 2538
f 2466 5275 5478
f 2467 2487 2538
f 2538 2528 2467
f 2467 2528 5413
f 5412 3192 2467
f 5413 5412 2467
f 2542 2488 2468
f 2468 2526 2542
f 2469 2489 2543
f 2469 2543 3552
f 2469 3552 5033
f 5413 2528 2470
f 3884 2494 2471
f 2471 2494 5482
f 5482 3557 2471
f 2471 3871 3884
f 4807 3871 2471
f 3698 2526 2472
f 2473 2527 4140
f 5033 2527 2473
f 2562 2524 2474
f 2474 2524 3697
f 4614 2562 2474
f 4814 4614 2474
f 5420 2479 2475
f 3728 2495 2475
f 2475 2495 5420
f 2476 2484 4622
f 5417 2484 2476
f 5282 2500 2476
f 2476 2500 5417
f 2477 3383 4006
f 4394 3383 2477
f 4006 3914 2477
f 2477 3914 4099
f 2477 4099 4324
f 2477 4324 4394
f 2508 2506 2478
f 2478 2506 4614
f 5035 2508 2478
f 2478 4614 4814
f 2478 4814 5034
f 5034 4851 2478
f 2478 4851 5035
f 2479 2507 2509
f 5420 2507 2479
f 2479 2509 2581
f 2581 2555 2479
f 2479 2555 5037
f 2480 4139 4726
f 5039 4139 2480
f 4726 4382 2480
f 2480 4382 5481
f 2480 4807 5039
f 5481 4807 2480
f 2481 2505 3554
f 5482 2505 2481
f 2481 2553 5040
f 5042 2553 2481
f 2481 3554 5042
f 5040 3557 2481
f 2481 3557 5482
f 2558 2513 2482
f 2482 2513 3550
f 5283 2558 2482
f 5019 3259 2482
f 2482 3259 5283
f 2483 3960 4879
f 2483 4042 4810
f 4879 4042 2483
f 2483 4810 5419
f 5419 5281 2483
f 2484 3656 4622
f 2484 4800 5038
f 5417 4800 2484
f 2485 2523 2560
f 5032 2523 2485
f 2485 2560 5418
f 4006 3383 2485
f 2485 3383 5023
f 5418 4006 2485
f 2565 2501 2486
f 2486 2538 2565
f 2487 2502 2565
f 2565 2538 2487
f 2567 2503 2488
f 2488 2542 2567
f 2568 2543 2489
f 2490 2498 2546
f 2602 2500 2490
f 2490 2500 5282
f 2490 2546 2602
f 5282 5276 2490
f 2491 2603 3940
f 4099 2603 2491
f 3940 3849 2491
f 2491 3849 5026
f 4324 4099 2491
f 5026 4324 2491
f 4547 3674 2492
f 5479 4547 2492
f 2492 5029 5479
f 2601 2545 2493
f 2493 2545 5280
f 2493 5280 5414
f 3498 2529 2494
f 2494 2529 5286
f 3884 3498 2494
f 2494 5286 5482
f 2495 2525 2563
f 3728 2525 2495
f 2495 2563 5044
f 2495 5044 5420
f 2496 2516 2571
f 2496 2571 4767
f 4767 4060 2496
f 2572 2516 2497
f 2497 2545 2572
f 2498 2517 2573
f 2573 2546 2498
f 3353 2518 2499
f 2499 2547 2636
f 2499 2636 3353
f 2602 2582 2500
f 2500 2582 5417
f 2565 2515 2501
f 2502 2515 2565
f 2567 2519 2503
f 4726 2510 2504
f 2504 2510 5288
f 2504 2534 4322
f 5288 2534 2504
f 2504 4322 4382
f 2504 4382 4726
f 2505 2511 3554
f 5483 2511 2505
f 5286 2535 2505
f 2505 2535 5483
f 5482 5286 2505
f 2506 2508 5045
f 2506 2536 4614
f 5045 2536 2506
f 5052 2509 2507
f 5044 2537 2507
f 2507 2537 5052
f 5420 5044 2507
f 2508 2548 5051
f 5514 2548 2508
f 5035 2580 2508
f 2508 2580 5514
f 5051 5045 2508
f 2509 2549 3595
f 4121 2549 2509
f 3595 2581 2509
f 5052 4121 2509
f 2510 4726 5041
f 2510 4849 4883
f 5041 4849 2510
f 2510 4883 5290
f 5290 5288 2510
f 4662 3489 2511
f 2511 3489 5042
f 5042 3554 2511
f 5483 4662 2511
f 5040 2553 2512
f 2512 2553 5423
f 2512 2561 3926
f 5423 2561 2512
f 2512 3926 5039
f 5039 4776 2512
f 2512 4776 5040
f 2614 2532 2513
f 2513 2558 2614
f 3604 2559 2514
f 2514 2559 4810
f 3579 3565 2514
f 2514 3565 3604
f 3924 3579 2514
f 4772 3924 2514
f 4810 4772 2514
f 2572 2566 2516
f 2516 2566 5043
f 5043 2571 2516
f 2517 2569 2573
f 2570 2541 2518
f 3353 2570 2518
f 2596 2554 2521
f 2521 2554 5034
f 2521 2556 2596
f 4178 2556 2521
f 2521 3454 4178
f 5034 4789 2521
f 5037 2555 2522
f 2522 2555 5061
f 2522 2557 2662
f 5061 2557 2522
f 2662 2611 2522
f 2522 2611 3087
f 2522 3087 3100
f 4800 2560 2523
f 2523 4773 4800
f 5032 4773 2523
f 2594 2540 2524
f 2524 2562 2594
f 2525 2541 2595
f 2595 2563 2525
f 3552 2543 2527
f 2527 2543 4140
f 5033 3552 2527
f 2592 2539 2529
f 2529 2539 2593
f 3498 2592 2529
f 2529 2593 5422
f 5422 5286 2529
f 2530 2606 2677
f 3162 2606 2530
f 2677 2610 2530
f 2530 2610 3454
f 3298 3162 2530
f 3629 3298 2530
f 2530 3454 3629
f 3249 3090 2531
f 2531 3090 3391
f 2531 3162 3298
f 3391 3162 2531
f 3298 3166 2531
f 2674 2608 2532
f 2532 2608 3161
f 2532 2614 2674
f 2532 3161 3342
f 3342 3165 2532
f 2533 3093 3250
f 3392 3093 2533
f 3342 3161 2533
f 2533 3161 3392
f 2533 3165 3342
f 3809 3165 2533
f 2533 3250 3809
f 2534 3736 4024
f 5288 3736 2534
f 2534 4024 5421
f 5285 4322 2534
f 5421 5285 2534
f 2535 2564 2645
f 5422 2564 2535
f 2535 2645 4757
f 2535 4757 5483
f 2535 5286 5422
f 2604 2562 2536
f 2536 2562 4614
f 5045 2604 2536
f 2537 2563 2647
f 5044 2563 2537
f 2647 2605 2537
f 2537 2605 5052
f 2622 2566 2539
f 2539 2566 2623
f 2539 2592 2622
f 2623 2593 2539
f 2624 2569 2540
f 2540 2594 2624
f 2541 2570 2595
f 2544 2571 2633
f 4767 2571 2544
f 2544 2633 4547
f 2544 4547 5479
f 5479 4767 2544
f 2634 2572 2545
f 2545 2601 2634
f 2546 2573 2635
f 2635 2602 2546
f 3940 2636 2547
f 2547 3849 3940
f 2548 2574 2590
f 5514 2574 2548
f 2548 2590 5051
f 2591 2575 2549
f 2549 2575 4023
f 4121 2591 2549
f 2549 2619 3595
f 4023 2619 2549
f 2550 2576 2588
f 5048 2576 2550
f 2550 2588 5290
f 5036 2616 2550
f 2550 2616 5048
f 2550 4883 5036
f 5290 4883 2550
f 2589 2577 2551
f 2551 2577 5054
f 5292 2589 2551
f 5054 3572 2551
f 2551 3572 5055
f 5055 4662 2551
f 2551 4662 5292
f 2552 3598 4611
f 4676 3598 2552
f 4139 3926 2552
f 2552 3926 4676
f 5041 4139 2552
f 2552 4611 5041
f 2553 2579 2599
f 5042 2579 2553
f 2553 2599 5423
f 2554 2580 5035
f 5060 2580 2554
f 2554 2596 5060
f 2554 4851 5034
f 5035 4851 2554
f 2555 2581 5061
f 2641 2596 2556
f 4178 2641 2556
f 2751 2662 2557
f 3868 2751 2557
f 5057 3868 2557
f 5061 5057 2557
f 2558 2584 2642
f 5480 2584 2558
f 2663 2614 2558
f 2558 2642 2752
f 2752 2663 2558
f 2558 5283 5480
f 3623 2643 2559
f 2559 2643 5284
f 2559 3604 3623
f 5419 4810 2559
f 2559 5284 5419
f 2586 2583 2560
f 2560 2583 5418
f 4661 2586 2560
f 5417 4661 2560
f 2560 4800 5417
f 2561 2587 4676
f 5423 2587 2561
f 4676 3926 2561
f 2646 2594 2562
f 2562 2604 2646
f 2563 2595 2685
f 2685 2647 2563
f 2564 2593 2645
f 5422 2593 2564
f 2566 2572 2623
f 2566 2622 5043
f 2624 2573 2569
f 2625 2595 2570
f 3353 2625 2570
f 2571 2622 2633
f 5043 2622 2571
f 5049 2623 2572
f 2572 2634 5049
f 2573 2624 2635
f 5295 2590 2574
f 2574 2612 2665
f 5065 2612 2574
f 2574 2654 5065
f 5514 2654 2574
f 2574 2665 5295
f 2575 2591 4196
f 2575 2655 4023
f 5058 2655 2575
f 2575 4196 4200
f 2575 4200 5058
f 5296 2588 2576
f 2576 2614 2663
f 5047 2614 2576
f 2576 2652 5047
f 5048 2652 2576
f 2576 2663 5296
f 2577 2589 5297
f 2664 2615 2577
f 2577 2615 5059
f 2577 2653 5054
f 5059 2653 2577
f 5297 2664 2577
f 4611 2598 2578
f 2578 2598 5053
f 2578 2616 5036
f 5053 2616 2578
f 5041 4611 2578
f 5036 4849 2578
f 2578 4849 5041
f 5056 2599 2579
f 5055 2617 2579
f 2579 2617 5056
f 5042 3489 2579
f 2579 3489 5055
f 5050 2618 2580
f 2580 2618 5514
f 5060 5050 2580
f 3595 2619 2581
f 2581 2619 5294
f 5294 5061 2581
f 2582 2602 2657
f 2657 2639 2582
f 2582 2639 4661
f 2582 4661 5417
f 2583 2586 2639
f 2583 2639 2658
f 2583 2658 4099
f 4099 3914 2583
f 2583 3914 5418
f 2584 2600 2656
f 3674 2600 2584
f 2656 2642 2584
f 2631 2629 2585
f 2585 2629 3331
f 3080 2631 2585
f 4661 2639 2586
f 5287 2640 2587
f 2587 2640 5508
f 5508 4676 2587
f 5423 5287 2587
f 2588 2620 5289
f 5296 2620 2588
f 2588 5289 5290
f 5292 2621 2589
f 2589 2621 5297
f 2590 2659 2694
f 5295 2659 2590
f 2590 2694 5293
f 5293 5051 2590
f 2695 2660 2591
f 2591 2660 4196
f 5052 2695 2591
f 2591 4121 5052
f 3339 2622 2592
f 5421 3339 2592
f 2592 3498 3854
f 2592 3854 5421
f 2593 2623 2683
f 2683 2645 2593
f 2684 2624 2594
f 2594 2646 2684
f 2595 2625 2685
f 2680 2628 2596
f 2596 2628 5060
f 2596 2641 2680
f 2597 3073 3141
f 3340 3073 2597
f 2597 3141 4051
f 3358 3340 2597
f 4274 3358 2597
f 2597 4051 4189
f 2597 4189 4465
f 4465 4274 2597
f 2598 2626 5053
f 5508 2626 2598
f 4611 3598 2598
f 2598 3598 5508
f 2599 2627 2679
f 5425 2627 2599
f 2599 2679 5287
f 2599 5056 5425
f 2599 5287 5423
f 2686 2656 2600
f 4547 2686 2600
f 2600 3674 4547
f 2687 2634 2601
f 3501 2687 2601
f 2602 2635 2688
f 2688 2657 2602
f 2603 2658 2689
f 4099 2658 2603
f 2603 2689 3898
f 2603 3898 3940
f 2692 2646 2604
f 2694 2692 2604
f 5293 2694 2604
f 2604 5045 5293
f 2605 2647 2693
f 2605 2693 3859
f 2605 3859 5052
f 2606 2629 2739
f 3325 2629 2606
f 2739 2677 2606
f 2606 3162 3200
f 2606 3200 3325
f 2607 2630 3325
f 3334 2630 2607
f 2607 3090 3334
f 3391 3090 2607
f 3325 3200 2607
f 2607 3200 3391
f 2742 2631 2608
f 2608 2631 3326
f 2608 2674 2742
f 3326 3161 2608
f 2609 2632 3152
f 3326 2632 2609
f 3152 3093 2609
f 2609 3093 3392
f 2609 3161 3326
f 3392 3161 2609
f 2610 2648 2661
f 5046 2648 2610
f 2610 2661 4178
f 2610 2677 5046
f 4178 3454 2610
f 2662 2649 2611
f 2611 2649 5071
f 2611 2678 3511
f 5071 2678 2611
f 3511 3087 2611
f 4200 2665 2612
f 2612 4086 5058
f 5065 4086 2612
f 5058 4200 2612
f 5074 2650 2613
f 2613 2650 5300
f 2613 2651 5066
f 5428 2651 2613
f 2613 2666 4844
f 5300 2666 2613
f 5066 2673 2613
f 2613 2673 5074
f 2613 4844 5428
f 5047 2674 2614
f 2615 2664 3604
f 3240 2675 2615
f 2615 2675 5059
f 3565 3240 2615
f 3604 3565 2615
f 2667 2652 2616
f 2616 2652 5048
f 5053 2667 2616
f 2617 2653 2668
f 5054 2653 2617
f 2617 2668 5425
f 2617 3572 5054
f 5055 3572 2617
f 5425 5056 2617
f 2618 2637 2654
f 5050 2637 2618
f 2618 2654 5514
f 2655 2638 2619
f 2619 2638 5294
f 4023 2655 2619
f 2620 2752 2762
f 5296 2752 2620
f 2620 2762 5298
f 5298 5289 2620
f 2621 2763 3770
f 4329 2763 2621
f 2621 3770 5297
f 4732 4329 2621
f 5292 4732 2621
f 2682 2633 2622
f 3339 2682 2622
f 5049 2683 2623
f 2684 2635 2624
f 2625 2636 2685
f 3353 2636 2625
f 2626 2766 4187
f 5508 2766 2626
f 2626 4187 5053
f 2767 2679 2627
f 2627 2719 2816
f 5425 2719 2627
f 2816 2767 2627
f 2628 2680 2768
f 2768 2720 2628
f 2628 2720 5050
f 2628 5050 5060
f 2629 2631 2790
f 2790 2739 2629
f 2629 3325 3331
f 3334 3325 2630
f 2631 2742 2786
f 2631 2786 2790
f 2631 3324 3326
f 3284 3152 2632
f 3326 3324 2632
f 2633 2682 2686
f 2633 2686 4547
f 2687 2683 2634
f 2634 2683 5049
f 2635 2684 2688
f 3898 2685 2636
f 3940 3898 2636
f 5515 2654 2637
f 2720 2716 2637
f 2637 2716 5515
f 5050 2720 2637
f 2638 2655 5516
f 2638 2717 2721
f 5516 2717 2638
f 2638 2721 5294
f 2639 2657 2710
f 2710 2658 2639
f 2640 2679 2711
f 5287 2679 2640
f 2640 2711 5508
f 2712 2680 2641
f 4292 2712 2641
f 2641 4178 4292
f 2642 2656 2708
f 2642 2708 2809
f 2809 2752 2642
f 2810 2709 2643
f 2643 2709 3501
f 2643 2753 2810
f 3623 2753 2643
f 2643 3501 5284
f 2754 2682 2644
f 2644 2682 3339
f 2644 2690 2754
f 5291 2690 2644
f 2644 3339 4024
f 4024 3736 2644
f 2644 3736 5291
f 2645 2683 2755
f 2645 2755 3947
f 2645 3947 5424
f 5424 4757 2645
f 2756 2684 2646
f 2646 2692 2756
f 2647 2685 2757
f 2757 2693 2647
f 5069 2661 2648
f 2648 2669 2696
f 3996 2669 2648
f 2648 2696 5069
f 2648 2706 3996
f 5046 2706 2648
f 2649 2662 5426
f 2649 2670 5070
f 5426 2670 2649
f 5070 2707 2649
f 2649 2707 5071
f 5073 2671 2650
f 2650 2671 5299
f 2650 2704 5073
f 5074 2704 2650
f 2650 5299 5300
f 2651 4535 4838
f 5301 4535 2651
f 2651 4838 5066
f 5428 5301 2651
f 2652 2667 5076
f 3897 2674 2652
f 2652 2674 5047
f 5076 3897 2652
f 5429 2668 2653
f 5059 2675 2653
f 2653 2675 5429
f 2654 3640 5065
f 5515 3640 2654
f 4805 4637 2655
f 2655 4637 5516
f 5058 4805 2655
f 2656 2686 2758
f 2758 2708 2656
f 2657 2688 2760
f 2760 2710 2657
f 2761 2689 2658
f 2658 2710 2761
f 2659 2665 2749
f 5295 2665 2659
f 2749 2694 2659
f 2749 2665 2660
f 2660 2665 4196
f 2660 2695 2749
f 3600 2750 2661
f 2661 2750 4292
f 5069 3600 2661
f 4292 4178 2661
f 2662 2751 2808
f 2662 2808 5426
f 2663 2752 5296
f 2664 2753 3623
f 5297 2753 2664
f 3623 3604 2664
f 4200 4196 2665
f 2666 2703 4844
f 5072 2703 2666
f 5300 5072 2666
f 5053 2714 2667
f 2667 2714 5076
f 2668 2715 2719
f 5517 2715 2668
f 2668 2719 5425
f 2668 5429 5517
f 5302 2696 2669
f 5062 2699 2669
f 2669 2699 5302
f 3996 2728 2669
f 2669 2728 5062
f 2670 2700 5077
f 5086 2700 2670
f 2670 2729 5070
f 5077 2729 2670
f 5484 5086 2670
f 2670 5426 5484
f 2701 2697 2671
f 2671 2697 5299
f 3949 2701 2671
f 2671 2726 3949
f 5073 2726 2671
f 4535 2698 2672
f 2672 2698 5304
f 2672 2702 5080
f 5304 2702 2672
f 2672 4147 5075
f 5080 4147 2672
f 5075 4535 2672
f 2673 2704 5074
f 5089 2704 2673
f 2673 2705 4498
f 5066 2705 2673
f 4498 2731 2673
f 2673 2731 5089
f 3897 2742 2674
f 2675 2734 5429
f 5495 2734 2675
f 2675 2743 5495
f 2676 2730 4805
f 5515 2730 2676
f 4086 3640 2676
f 2676 3640 5515
f 4805 4086 2676
f 2732 2706 2677
f 2677 2706 5046
f 2833 2732 2677
f 2677 2739 2833
f 2678 2707 2733
f 5071 2707 2678
f 2678 2733 2834
f 2834 2740 2678
f 2678 2740 3155
f 2678 3155 3511
f 2767 2711 2679
f 2680 2712 2768
f 2769 2713 2681
f 2681 2713 3868
f 2818 2769 2681
f 3382 2818 2681
f 5294 3382 2681
f 2681 3868 5057
f 2681 5057 5061
f 2681 5061 5294
f 2754 2686 2682
f 2683 2687 2755
f 2756 2688 2684
f 2685 2689 2757
f 3898 2689 2685
f 2686 2754 2758
f 2759 2755 2687
f 3501 2759 2687
f 2688 2756 2760
f 2761 2757 2689
f 2819 2754 2690
f 2690 2762 2819
f 5298 2762 2690
f 2690 5291 5298
f 2691 2755 2820
f 3947 2755 2691
f 2820 2763 2691
f 2691 2763 4329
f 5424 3947 2691
f 2691 4329 5424
f 2692 2694 2764
f 2821 2756 2692
f 2692 2764 2821
f 2765 2695 2693
f 2693 2695 3859
f 2693 2757 2822
f 2822 2765 2693
f 2694 2749 2813
f 2813 2764 2694
f 2813 2749 2695
f 2695 2765 2813
f 5052 3859 2695
f 2853 2737 2696
f 2696 2737 5069
f 5303 2853 2696
f 2696 5302 5303
f 2697 2701 5087
f 2851 2735 2697
f 2697 2735 5299
f 5087 2823 2697
f 2697 2823 5109
f 5109 2851 2697
f 2698 2736 2852
f 5301 2736 2698
f 2698 2852 5304
f 2698 4535 5301
f 5083 2722 2699
f 2699 2722 5084
f 5062 2747 2699
f 2699 2747 5083
f 2699 5084 5302
f 2778 2723 2700
f 2700 2723 5085
f 2700 2748 5077
f 5085 2748 2700
f 5086 2778 2700
f 5064 2724 2701
f 2701 2724 5087
f 3949 2745 2701
f 2701 2745 5064
f 2702 2725 5088
f 5093 2725 2702
f 2702 2746 5080
f 5088 2746 2702
f 5304 5093 2702
f 2703 2806 2814
f 5072 2806 2703
f 2814 2807 2703
f 2703 2807 4844
f 2704 3915 4449
f 4598 3915 2704
f 2704 4449 5073
f 5089 4598 2704
f 5078 4498 2705
f 5075 4658 2705
f 2705 4658 5078
f 5066 4838 2705
f 2705 4838 5075
f 2706 2728 3996
f 5485 2728 2706
f 2706 2732 5081
f 2706 5081 5485
f 2707 2729 2782
f 5070 2729 2707
f 2782 2733 2707
f 2708 2758 2838
f 2838 2809 2708
f 2839 2759 2709
f 2709 2759 3501
f 2709 2810 2839
f 2710 2760 2840
f 2840 2761 2710
f 2841 2766 2711
f 2711 2766 5508
f 2711 2767 2841
f 2842 2768 2712
f 2712 2811 2883
f 4292 2811 2712
f 2883 2842 2712
f 2713 2769 2843
f 2884 2812 2713
f 2713 2812 3868
f 2713 2843 2884
f 2714 2718 2872
f 5053 2718 2714
f 2872 2827 2714
f 2714 2827 3882
f 2714 3882 5076
f 2828 2719 2715
f 5517 2828 2715
f 2716 2720 2817
f 2716 2817 3419
f 3419 2829 2716
f 2716 2829 5515
f 2874 2721 2717
f 2717 2830 2874
f 5516 2830 2717
f 2718 2815 2872
f 4187 2815 2718
f 5053 4187 2718
f 2873 2816 2719
f 2719 2828 2873
f 2720 2768 2817
f 2874 2818 2721
f 2721 2818 3382
f 2721 3382 5294
f 4599 3593 2722
f 2722 3593 5084
f 4820 4599 2722
f 2722 4784 4820
f 5083 4784 2722
f 2723 2741 5091
f 5518 2741 2723
f 2723 2777 5085
f 5091 2777 2723
f 2723 2778 5518
f 2724 2742 2835
f 5063 2742 2724
f 2724 2772 5063
f 5064 2772 2724
f 2724 2835 2875
f 2724 2875 5307
f 5307 5087 2724
f 2836 2743 2725
f 2725 2743 3966
f 3966 2773 2725
f 2725 2773 5088
f 5093 2836 2725
f 2779 2745 2726
f 2726 2745 3949
f 3915 2779 2726
f 4449 3915 2726
f 5073 4449 2726
f 2727 2746 2780
f 5080 2746 2727
f 2727 2780 5079
f 5075 4147 2727
f 2727 4147 5080
f 2727 4658 5075
f 5079 4658 2727
f 2728 2747 5062
f 5486 2747 2728
f 5485 5094 2728
f 2728 5094 5486
f 5077 2748 2729
f 2729 2748 5095
f 5095 2782 2729
f 2829 2804 2730
f 2730 2804 2830
f 5515 2829 2730
f 2730 2830 4637
f 2730 4637 4805
f 4498 2805 2731
f 2731 2805 5089
f 3652 2801 2732
f 2732 2801 5081
f 2732 2833 3652
f 2733 2782 5430
f 2924 2834 2733
f 2733 2865 2924
f 5430 2865 2733
f 5495 2863 2734
f 2734 2863 5517
f 5517 5429 2734
f 2911 2806 2735
f 2735 2806 5072
f 2735 2851 2911
f 2735 5072 5300
f 5300 5299 2735
f 2736 2807 2912
f 5427 2807 2736
f 2912 2852 2736
f 2736 5301 5427
f 2737 2853 2909
f 2909 2868 2737
f 2737 2868 3627
f 3627 3600 2737
f 2737 3600 5069
f 2738 2808 2910
f 5426 2808 2738
f 2910 2854 2738
f 2738 2854 5086
f 2738 5086 5484
f 5484 5426 2738
f 2739 2770 2833
f 5067 2770 2739
f 2739 2790 5067
f 2740 2771 5096
f 5433 2771 2740
f 2740 2791 3142
f 5096 2791 2740
f 2740 2834 5433
f 2740 3142 3155
f 2741 2831 4599
f 5518 2831 2741
f 2741 4599 4820
f 2741 4781 5091
f 5097 4781 2741
f 2741 4820 5097
f 5063 2786 2742
f 3897 2835 2742
f 2743 2787 3966
f 2743 2836 5495
f 5098 2785 2744
f 2744 2785 5100
f 3951 2832 2744
f 2744 2832 4412
f 4540 3951 2744
f 2744 4412 4527
f 2744 4527 5098
f 5100 4540 2744
f 2745 2772 5064
f 5305 2772 2745
f 2745 2779 5305
f 5092 2780 2746
f 5088 4007 2746
f 2746 4007 5092
f 3933 2776 2747
f 2747 2776 5083
f 5486 3933 2747
f 2748 2777 2837
f 5085 2777 2748
f 2748 2837 5095
f 4022 2811 2750
f 2750 2811 4292
f 2750 3600 3627
f 2750 3627 4022
f 2869 2808 2751
f 2751 2812 2869
f 3868 2812 2751
f 2809 2762 2752
f 2753 2763 2810
f 3770 2763 2753
f 5297 3770 2753
f 2819 2758 2754
f 2755 2759 2820
f 2821 2760 2756
f 2757 2761 2822
f 2758 2819 5090
f 5090 2838 2758
f 2839 2820 2759
f 2760 2821 2840
f 2840 2822 2761
f 2762 2809 2881
f 2881 2819 2762
f 2882 2810 2763
f 2763 2820 2882
f 2764 2813 2885
f 2885 2821 2764
f 2885 2813 2765
f 2765 2822 2885
f 2887 2815 2766
f 2766 2815 4187
f 2766 2841 2887
f 2767 2816 2888
f 2888 2841 2767
f 2889 2817 2768
f 2768 2842 2889
f 2769 2818 2890
f 2890 2843 2769
f 5099 2783 2770
f 2770 2783 5308
f 5067 2799 2770
f 2770 2799 5099
f 5309 2833 2770
f 2770 5308 5309
f 2771 2784 4108
f 5310 2784 2771
f 4108 2800 2771
f 2771 2800 5096
f 5433 5310 2771
f 2857 2786 2772
f 2772 2786 5063
f 5306 2857 2772
f 2772 5305 5306
f 2773 2787 2858
f 3966 2787 2773
f 2773 2858 5312
f 2773 4007 5088
f 5092 4007 2773
f 5312 5092 2773
f 2774 2788 2847
f 5101 2788 2774
f 2774 2847 3951
f 2774 3951 4540
f 5100 4146 2774
f 2774 4146 5101
f 2774 4540 5100
f 2848 2789 2775
f 2775 2789 3883
f 3883 2796 2775
f 2775 2796 5098
f 5313 2848 2775
f 4527 4412 2775
f 2775 4412 5313
f 5098 4527 2775
f 2776 3933 5434
f 2776 4784 5083
f 5097 4784 2776
f 2776 4797 5097
f 5434 4797 2776
f 5091 2792 2777
f 2777 2792 5435
f 5435 2837 2777
f 5086 2826 2778
f 2778 2826 5518
f 2779 2879 5305
f 5489 2879 2779
f 2779 3915 4550
f 2779 4550 5489
f 5092 2880 2780
f 2780 2880 5102
f 2780 4206 5079
f 5436 4206 2780
f 2780 5102 5436
f 5095 2896 2782
f 2782 2896 5430
f 2783 2793 2849
f 5068 2793 2783
f 2783 2797 5068
f 5099 2797 2783
f 2783 2849 5308
f 2850 2794 2784
f 2784 2794 5103
f 5310 2850 2784
f 4859 4108 2784
f 5103 4859 2784
f 2860 2795 2785
f 2785 2795 5100
f 2785 2796 2860
f 5098 2796 2785
f 2855 2790 2786
f 2857 2855 2786
f 3756 2858 2787
f 2787 3156 3756
f 5437 2847 2788
f 5068 4532 2788
f 2788 4532 5494
f 2788 4862 5068
f 5101 4862 2788
f 5494 5437 2788
f 2789 2794 3883
f 5103 2794 2789
f 2789 2798 5103
f 5107 2798 2789
f 2789 2848 5438
f 5438 5107 2789
f 2855 2799 2790
f 2790 2799 5067
f 2791 2800 4685
f 5096 2800 2791
f 2791 2856 3756
f 4685 2856 2791
f 3156 3142 2791
f 3756 3156 2791
f 5434 2859 2792
f 2792 2859 5435
f 2792 4781 4797
f 5091 4781 2792
f 2792 4797 5434
f 5101 2795 2793
f 2793 2795 5104
f 5104 2849 2793
f 5068 4862 2793
f 2793 4862 5101
f 2794 2796 3883
f 5317 2796 2794
f 2794 2850 5106
f 2794 5106 5317
f 2795 2860 5316
f 2795 4146 5100
f 5101 4146 2795
f 5316 5104 2795
f 5317 2860 2796
f 5099 2799 2797
f 2797 2799 5105
f 2797 4532 5068
f 5105 4532 2797
f 2798 2861 4899
f 5107 2861 2798
f 4899 4859 2798
f 2798 4859 5103
f 2799 2855 5105
f 4899 2861 2800
f 2800 2861 5440
f 2800 4108 4899
f 5440 4685 2800
f 2801 2864 2895
f 3652 2864 2801
f 2801 2895 5082
f 5082 5081 2801
f 3075 3074 2802
f 2802 3074 3227
f 4179 3075 2802
f 2802 3227 3646
f 3646 3255 2802
f 2802 3255 3765
f 2802 3765 4179
f 2804 2829 2866
f 2866 2830 2804
f 2805 2867 4190
f 4311 2867 2805
f 2805 4190 5089
f 4498 4311 2805
f 2870 2814 2806
f 2911 2870 2806
f 2807 2814 2871
f 2807 2871 2912
f 5427 4844 2807
f 2808 2869 2910
f 2809 2838 2881
f 2882 2839 2810
f 3879 2883 2811
f 4022 3879 2811
f 2926 2869 2812
f 2812 2884 2926
f 2814 2870 2927
f 2928 2871 2814
f 2927 2886 2814
f 2814 2886 2928
f 2929 2872 2815
f 2815 2887 2929
f 2816 2873 2930
f 2930 2888 2816
f 2817 2889 2931
f 2817 2931 2972
f 2817 2972 3419
f 2818 2874 2932
f 2932 2890 2818
f 2819 2881 5090
f 2820 2839 2882
f 2885 2840 2821
f 2822 2840 2885
f 3744 2903 2823
f 2823 2903 5109
f 5307 3744 2823
f 2823 5087 5307
f 2824 2852 5110
f 5304 2852 2824
f 5110 2904 2824
f 2824 2904 5431
f 2824 5093 5304
f 5431 5093 2824
f 2826 2854 2960
f 5086 2854 2826
f 2960 2906 2826
f 2826 2906 5518
f 2913 2862 2827
f 2827 2862 3882
f 2827 2872 2913
f 2828 2863 2914
f 5517 2863 2828
f 2914 2873 2828
f 2915 2866 2829
f 3419 2915 2829
f 2830 2866 2916
f 2916 2874 2830
f 5516 4637 2830
f 2831 2876 4599
f 5518 2876 2831
f 4681 2877 2832
f 2832 2877 4896
f 2832 3951 4681
f 4896 4412 2832
f 2833 2923 3652
f 5487 2923 2833
f 2833 5309 5487
f 2834 2924 5311
f 2834 5311 5433
f 3897 2875 2835
f 5431 2920 2836
f 2836 2920 5495
f 2836 5093 5431
f 3669 2918 2837
f 2837 2918 5095
f 5435 3669 2837
f 5090 2881 2838
f 2841 2886 2887
f 2888 2886 2841
f 2842 2883 2889
f 2890 2884 2843
f 2844 2895 2963
f 5082 2895 2844
f 2963 2917 2844
f 2844 2917 5486
f 5485 5082 2844
f 2844 5094 5485
f 5486 5094 2844
f 4190 2897 2845
f 2845 2897 4550
f 4550 3915 2845
f 2845 3915 4598
f 5089 4190 2845
f 2845 4598 5089
f 2846 2898 2965
f 4206 2898 2846
f 2846 2965 4311
f 5079 4206 2846
f 2846 4311 5078
f 2846 5078 5079
f 2847 2893 3951
f 5437 2893 2847
f 2848 2894 5112
f 5313 2894 2848
f 2848 5112 5438
f 2849 2891 5308
f 5490 2891 2849
f 5104 2907 2849
f 2849 2907 5490
f 5310 2892 2850
f 2850 2892 5441
f 2850 2908 5106
f 5441 2908 2850
f 2936 2911 2851
f 5109 2936 2851
f 2852 2912 2937
f 2852 2937 5110
f 2935 2909 2853
f 5111 2935 2853
f 5303 5111 2853
f 2854 2910 3581
f 3581 2960 2854
f 2855 2857 2950
f 2855 2950 5105
f 2856 2951 3987
f 4706 2951 2856
f 3987 3756 2856
f 2856 4685 4706
f 3012 2950 2857
f 2857 2954 3012
f 5488 2954 2857
f 2857 5306 5488
f 3987 2901 2858
f 2858 2901 5312
f 2858 3756 3987
f 2948 2900 2859
f 2859 2900 2949
f 5434 2948 2859
f 2859 2949 5435
f 2860 2953 5316
f 5317 2953 2860
f 2861 2899 2957
f 5107 2899 2861
f 2861 2957 5440
f 2862 2913 2944
f 2944 2919 2862
f 2862 2919 3897
f 3897 3882 2862
f 2945 2914 2863
f 2863 2920 2945
f 5495 2920 2863
f 2942 2895 2864
f 2864 2923 2978
f 3652 2923 2864
f 2978 2942 2864
f 2865 2896 2943
f 5430 2896 2865
f 2979 2924 2865
f 2865 2943 2979
f 2866 2915 2946
f 2946 2916 2866
f 2867 2947 4190
f 4311 2947 2867
f 2868 2909 2966
f 2966 2925 2868
f 2868 2925 4022
f 4022 3627 2868
f 2967 2910 2869
f 2869 2926 2967
f 2870 2911 2968
f 2968 2927 2870
f 2969 2912 2871
f 2871 2928 2969
f 2970 2913 2872
f 2872 2929 2970
f 2873 2914 2971
f 2971 2930 2873
f 2874 2916 2973
f 2973 2932 2874
f 2919 2903 2875
f 2875 2903 3744
f 3897 2919 2875
f 2875 3744 5307
f 2921 2905 2876
f 2876 2905 4633
f 2876 2906 2921
f 5518 2906 2876
f 4633 4599 2876
f 4586 2922 2877
f 2877 2922 4882
f 4681 4586 2877
f 2877 4882 4896
f 2878 2917 2996
f 5486 2917 2878
f 2996 2948 2878
f 2878 2948 5434
f 5434 3933 2878
f 2878 3933 5486
f 2879 2933 5488
f 5489 2933 2879
f 5306 5305 2879
f 5488 5306 2879
f 2880 2901 2934
f 5312 2901 2880
f 2880 2934 5102
f 2880 5092 5312
f 3879 2889 2883
f 2884 2890 2926
f 2927 2887 2886
f 2886 2888 2928
f 2887 2927 2929
f 2930 2928 2888
f 2889 2925 2931
f 3879 2925 2889
f 2932 2926 2890
f 2891 2940 5432
f 5490 2940 2891
f 5309 5308 2891
f 5487 5309 2891
f 2891 5432 5487
f 5311 2941 2892
f 2892 2941 5441
f 2892 5310 5433
f 5433 5311 2892
f 2893 2938 4586
f 5437 2938 2893
f 4681 3951 2893
f 2893 4586 4681
f 4882 2939 2894
f 2894 2939 5112
f 4896 4882 2894
f 5313 4896 2894
f 2895 2942 2963
f 3027 2943 2896
f 2896 2981 3263
f 3574 2981 2896
f 3263 3027 2896
f 5095 3574 2896
f 2897 2964 2982
f 4190 2964 2897
f 2897 2982 5489
f 5489 4550 2897
f 2983 2965 2898
f 5436 2983 2898
f 2898 4206 5436
f 5108 2957 2899
f 2899 5107 5315
f 5315 5108 2899
f 2900 2948 2952
f 2952 2949 2900
f 2955 2934 2901
f 3987 2955 2901
f 2902 3078 3490
f 3632 3078 2902
f 3591 3464 2902
f 2902 3464 5506
f 2902 3490 4273
f 4273 3591 2902
f 5506 3632 2902
f 2903 2919 2976
f 2976 2961 2903
f 2903 2961 5109
f 2977 2920 2904
f 2904 2920 5431
f 2904 2962 2977
f 5110 2962 2904
f 2905 2921 2974
f 2974 2959 2905
f 2905 2959 5111
f 2905 3593 4633
f 5084 3593 2905
f 5111 5084 2905
f 2974 2921 2906
f 2906 2960 3875
f 3875 2974 2906
f 3439 2958 2907
f 2907 2958 5490
f 5316 3439 2907
f 2907 5104 5316
f 2908 3021 3774
f 5441 3021 2908
f 2908 3774 5317
f 5317 5106 2908
f 2909 2935 2988
f 2988 2966 2909
f 2910 2967 2989
f 2910 2989 3581
f 2911 2936 2968
f 2991 2937 2912
f 2912 2969 2991
f 2992 2944 2913
f 2913 2970 2992
f 2914 2945 2993
f 2993 2971 2914
f 2994 2946 2915
f 2915 2972 2994
f 3419 2972 2915
f 2916 2946 2995
f 2995 2973 2916
f 2917 2963 2980
f 2917 2980 2996
f 2997 2981 2918
f 2918 2981 3574
f 3606 2997 2918
f 2918 3574 5095
f 3669 3606 2918
f 2919 2944 2976
f 2977 2945 2920
f 2922 2975 2985
f 4735 2975 2922
f 2922 2985 4882
f 2922 4586 4735
f 2986 2978 2923
f 5432 2986 2923
f 5487 5432 2923
f 2987 2941 2924
f 2924 2941 5311
f 2924 2979 2987
f 2966 2931 2925
f 2925 3879 4022
f 2926 2932 2967
f 2968 2929 2927
f 2928 2930 2969
f 2929 2968 2970
f 2971 2969 2930
f 2931 2966 2972
f 2973 2967 2932
f 2933 2998 3006
f 5489 2998 2933
f 2933 3006 5488
f 2934 2955 3007
f 3007 2999 2934
f 2934 2999 5102
f 2935 2959 3022
f 5111 2959 2935
f 3022 2988 2935
f 2936 2961 3024
f 5109 2961 2936
f 2990 2968 2936
f 3024 2990 2936
f 3025 2962 2937
f 2937 2962 5110
f 2937 2991 3025
f 3000 2984 2938
f 2938 2984 4586
f 5314 3000 2938
f 5437 5314 2938
f 2939 2985 4446
f 4882 2985 2939
f 4446 3001 2939
f 2939 3001 5113
f 5113 5112 2939
f 3002 2986 2940
f 2940 2986 5432
f 5490 3002 2940
f 2941 2987 3003
f 2941 3003 5441
f 3026 2963 2942
f 2942 2978 3026
f 3027 2979 2943
f 3028 2976 2944
f 2944 2992 3028
f 2945 2977 3037
f 3029 2993 2945
f 3037 3029 2945
f 2946 2994 3030
f 3030 2995 2946
f 3031 2964 2947
f 2947 2964 4190
f 2947 2965 3031
f 4311 2965 2947
f 3004 2952 2948
f 2948 2996 3004
f 2949 2952 3005
f 3005 2997 2949
f 2949 2997 3606
f 2949 3606 5435
f 3018 2956 2950
f 2950 2956 5105
f 2950 3012 3018
f 3713 3013 2951
f 2951 3013 3987
f 4706 3713 2951
f 2952 3004 3014
f 3014 3005 2952
f 2953 3015 3020
f 3021 3015 2953
f 2953 3020 3439
f 3774 3021 2953
f 2953 3439 5316
f 5317 3774 2953
f 2954 3006 3016
f 5488 3006 2954
f 3016 3012 2954
f 3017 3007 2955
f 2955 3013 3017
f 3987 3013 2955
f 3018 3008 2956
f 2956 3008 3967
f 2956 3967 5314
f 5494 5105 2956
f 2956 5314 5494
f 2957 3009 3019
f 5108 3009 2957
f 2957 3019 3713
f 2957 3713 5440
f 3020 3010 2958
f 2958 3010 5490
f 3439 3020 2958
f 2959 2974 3032
f 3032 3022 2959
f 2960 2989 3023
f 3581 2989 2960
f 2960 3023 3875
f 2961 2976 3036
f 3036 3024 2961
f 3037 2977 2962
f 2962 3025 3037
f 3044 2980 2963
f 2963 3026 3038
f 2963 3038 3044
f 3039 2982 2964
f 2964 3031 3039
f 2965 2983 3416
f 3416 3031 2965
f 2988 2972 2966
f 2967 2973 2989
f 2990 2970 2968
f 2969 2971 2991
f 2970 2990 2992
f 2993 2991 2971
f 2972 2988 2994
f 2995 2989 2973
f 2974 3023 3032
f 3875 3023 2974
f 3033 2985 2975
f 3042 3033 2975
f 4735 3042 2975
f 2976 3028 3036
f 2978 2986 3040
f 3034 3026 2978
f 3040 3034 2978
f 3041 2987 2979
f 2979 3027 3035
f 2979 3035 3041
f 3044 2996 2980
f 2981 2997 3045
f 2981 3045 3263
f 3046 2998 2982
f 2982 2998 5489
f 2982 3039 3046
f 2983 2999 3047
f 5436 2999 2983
f 2983 3047 3416
f 2984 3000 3048
f 3048 3042 2984
f 2984 3042 4735
f 4735 4586 2984
f 2985 3033 3043
f 2985 3043 4446
f 2986 3002 3050
f 3050 3040 2986
f 3051 3003 2987
f 2987 3041 3051
f 3022 2994 2988
f 2989 2995 3023
f 3024 2992 2990
f 2991 2993 3025
f 2992 3024 3028
f 5114 3025 2993
f 2993 3029 5114
f 2994 3022 3030
f 3030 3023 2995
f 3052 3004 2996
f 2996 3044 3052
f 2997 3005 3053
f 3053 3045 2997
f 3054 3006 2998
f 2998 3046 3054
f 2999 3007 3055
f 3055 3047 2999
f 5436 5102 2999
f 3967 3048 3000
f 5314 3967 3000
f 3057 3009 3001
f 3001 3009 5439
f 3001 3049 3057
f 4446 3049 3001
f 5439 5113 3001
f 3002 3010 3050
f 5490 3010 3002
f 3059 3011 3003
f 3003 3011 5441
f 3003 3051 3059
f 3060 3014 3004
f 3004 3052 3060
f 3005 3014 3061
f 3061 3053 3005
f 3062 3016 3006
f 3006 3054 3062
f 3007 3017 3063
f 3063 3055 3007
f 3008 3018 3064
f 3064 3056 3008
f 3008 3056 3967
f 3065 3019 3009
f 3009 3057 3065
f 3009 5108 5439
f 3010 3020 3058
f 3058 3050 3010
f 3066 3021 3011
f 3011 3021 5441
f 3011 3059 3066
f 3012 3016 3067
f 3067 3018 3012
f 3068 3017 3013
f 3013 3019 3068
f 3713 3019 3013
f 3014 3060 3069
f 3069 3061 3014
f 3070 3020 3015
f 3015 3021 3070
f 3016 3062 3071
f 3071 3067 3016
f 3072 3063 3017
f 3017 3068 3072
f 3067 3064 3018
f 3019 3065 3068
f 3070 3058 3020
f 3021 3066 3070
f 3032 3030 3022
f 3023 3030 3032
f 3036 3028 3024
f 5114 3037 3025
f 3026 3034 5115
f 5115 3038 3026
f 3041 3035 3027
f 3386 3041 3027
f 3027 3263 3386
f 3029 3037 5114
f 3031 3033 3039
f 3416 3033 3031
f 3042 3039 3033
f 3416 3043 3033
f 3034 3040 5115
f 3038 3040 3044
f 5115 3040 3038
f 3039 3042 3048
f 3048 3046 3039
f 3050 3044 3040
f 3041 3045 3051
f 3386 3045 3041
f 3043 3047 3049
f 3416 3047 3043
f 3043 3049 4446
f 3044 3050 3052
f 3059 3051 3045
f 3045 3053 3059
f 3386 3263 3045
f 3046 3048 3054
f 3055 3049 3047
f 3056 3054 3048
f 3967 3056 3048
f 3049 3055 3057
f 3058 3052 3050
f 3052 3058 3060
f 3061 3059 3053
f 3054 3056 3062
f 3063 3057 3055
f 3064 3062 3056
f 3057 3063 3065
f 3070 3060 3058
f 3059 3061 3066
f 3070 3069 3060
f 3069 3066 3061
f 3062 3064 3067
f 3062 3067 3071
f 3072 3065 3063
f 3072 3068 3065
f 3066 3069 3070
f 4120 3141 3073
f 3073 3340 3459
f 3073 3459 3520
f 3073 3520 4526
f 4526 4120 3073
f 3074 3075 4027
f 3074 3087 3511
f 4027 3087 3074
f 3074 3155 3227
f 3511 3155 3074
f 3075 3113 4027
f 4179 3113 3075
f 3076 3150 4323
f 5395 3150 3076
f 3842 3535 3076
f 3076 3535 4271
f 4323 3842 3076
f 3076 4271 5395
f 3077 3374 3556
f 5208 3374 3077
f 3556 3380 3077
f 3077 3380 4499
f 3077 3435 5208
f 3078 3120 3490
f 5491 3120 3078
f 3373 3158 3078
f 3078 3158 3828
f 3632 3373 3078
f 3078 3828 5491
f 3079 3102 3217
f 3839 3102 3079
f 3079 3217 3516
f 3079 3265 3415
f 3589 3265 3079
f 3079 3415 3839
f 3079 3516 3589
f 3653 3151 3080
f 3080 3389 3653
f 3081 3188 3364
f 4083 3188 3081
f 3081 3205 5443
f 3081 3476 4083
f 5443 3476 3081
f 3364 3188 3082
f 3082 3188 3994
f 3403 3364 3082
f 3592 3403 3082
f 3082 3500 3573
f 3830 3500 3082
f 3082 3573 3592
f 3994 3830 3082
f 3083 3340 3358
f 4587 3340 3083
f 3083 3358 4000
f 3083 3420 3757
f 5318 3420 3083
f 4000 3745 3083
f 3083 3745 5318
f 3083 3757 4587
f 3084 3159 3218
f 3587 3159 3084
f 3084 3218 3257
f 3084 3257 3988
f 3084 3266 3587
f 3988 3266 3084
f 3160 3107 3085
f 3085 3107 3187
f 4016 3160 3085
f 3085 3187 3232
f 3085 3232 3696
f 3085 3696 4016
f 3086 3199 3269
f 4027 3100 3087
f 3088 3106 3414
f 3421 3106 3088
f 3088 3327 3367
f 3620 3327 3088
f 3088 3367 3421
f 3088 3414 4014
f 4014 3620 3088
f 3089 3157 3589
f 3589 3272 3089
f 3089 3272 3687
f 3097 3104 3337
f 3999 3104 3097
f 3097 3337 3421
f 3097 3421 3999
f 3098 3261 5498
f 3646 3196 3099
f 3278 3255 3099
f 3099 3255 3646
f 4027 3268 3100
f 3269 3199 3101
f 3101 3199 3360
f 3448 3269 3101
f 3101 3360 3711
f 3509 3204 3102
f 3102 3204 5501
f 5501 3217 3102
f 3103 3116 3715
f 4548 3116 3103
f 4241 3466 3103
f 3103 3466 4881
f 3103 3715 3911
f 3103 3911 4241
f 4881 4548 3103
f 3104 3111 3455
f 5500 3111 3104
f 3104 3229 3337
f 3455 3229 3104
f 3104 3999 5500
f 3488 3357 3105
f 3105 3357 4516
f 3878 3488 3105
f 4020 3878 3105
f 5319 4020 3105
f 3105 4516 4553
f 3105 4553 5319
f 3106 3148 3414
f 3660 3148 3106
f 3421 3189 3106
f 3513 3187 3107
f 4152 3257 3108
f 3108 3257 5497
f 5496 3614 3108
f 5497 5496 3108
f 3331 3325 3109
f 3109 3325 3334
f 4254 4091 3109
f 3427 3153 3110
f 3110 3153 3891
f 3110 3351 3427
f 3499 3351 3110
f 3667 3499 3110
f 3887 3667 3110
f 4125 3887 3110
f 3110 3891 4125
f 5501 3204 3111
f 3111 3204 5502
f 5502 3455 3111
f 5500 3478 3111
f 3111 3478 5501
f 4372 3423 3113
f 3113 4179 4372
f 3114 3118 3571
f 3658 3118 3114
f 3571 3461 3114
f 3114 3461 4750
f 3114 3561 4534
f 4750 3561 3114
f 4534 3658 3114
f 3116 3540 3892
f 4548 3540 3116
f 3892 3616 3116
f 3116 3616 4295
f 4295 3715 3116
f 3117 3148 3608
f 4014 3148 3117
f 3658 3551 3118
f 3118 3551 4636
f 3665 3571 3118
f 3118 3583 3665
f 4636 3583 3118
f 3267 3208 3119
f 3119 3208 3610
f 5472 3267 3119
f 3119 3610 4638
f 3119 3726 3734
f 3873 3726 3119
f 3119 3734 5472
f 4638 3873 3119
f 3329 3213 3120
f 3120 3213 3490
f 4538 3329 3120
f 4031 3953 3120
f 3120 3953 4538
f 5491 4031 3120
f 3121 3122 3521
f 3641 3122 3121
f 3121 3130 3753
f 4103 3641 3121
f 3121 3753 4103
f 3426 3124 3122
f 3567 3131 3123
f 3345 3132 3123
f 3123 3132 3536
f 3123 3536 4389
f 4389 3567 3123
f 3670 3132 3124
f 3124 3426 3670
f 3708 3388 3125
f 3125 3388 5013
f 3719 3708 3125
f 4011 3719 3125
f 4972 4011 3125
f 5013 4078 3125
f 3424 3136 3126
f 3126 3254 4992
f 3720 3424 3126
f 4992 3720 3126
f 3127 3135 3234
f 4134 3135 3127
f 3127 3493 4134
f 3128 3131 3495
f 3128 3495 4163
f 4163 3631 3128
f 3128 3631 4411
f 3129 3149 3654
f 3512 3484 3129
f 3129 3484 5005
f 3654 3512 3129
f 3130 3138 3497
f 3130 3497 4080
f 4080 3753 3130
f 3969 3495 3131
f 3131 3567 3969
f 3671 3536 3132
f 3132 3670 3671
f 3279 3136 3133
f 3133 3136 3761
f 3378 3140 3133
f 3491 3378 3133
f 3761 3491 3133
f 3134 3135 3721
f 3721 3139 3134
f 4033 3721 3135
f 4134 4033 3135
f 3136 3424 3761
f 3137 3139 3436
f 3137 3436 3722
f 3920 3436 3139
f 3139 3721 3920
f 5535 3385 3141
f 3141 4120 5535
f 3227 3155 3142
f 3142 3156 3196
f 3142 3196 3646
f 3646 3227 3142
f 3360 3236 3143
f 3143 3236 5497
f 3711 3360 3143
f 3143 3555 3711
f 3218 3147 3144
f 5497 3218 3144
f 3360 3199 3145
f 3145 3199 3366
f 5496 3360 3145
f 3145 3366 4092
f 3145 4524 5496
f 3781 3297 3146
f 3146 3517 3781
f 3976 3517 3146
f 3146 3846 3976
f 3147 3159 3214
f 3218 3159 3147
f 3147 3214 3352
f 4014 3414 3148
f 3660 3608 3148
f 3149 3151 4105
f 4105 3654 3149
f 3150 3594 4525
f 5395 3594 3150
f 3150 3734 4323
f 4525 3734 3150
f 3151 3653 4105
f 3153 3270 3510
f 5533 3270 3153
f 3153 3381 3891
f 4272 3381 3153
f 3153 3427 5533
f 3153 3510 4272
f 3157 3240 3840
f 3840 3589 3157
f 3158 3373 4342
f 4904 3828 3158
f 4342 4164 3158
f 3158 4164 4904
f 4016 3370 3160
f 3391 3200 3162
f 3164 3303 3862
f 4012 3310 3164
f 3862 3390 3164
f 3164 3390 4012
f 3166 3298 3629
f 3848 3300 3166
f 3629 3454 3166
f 3166 3454 3848
f 3167 3301 3865
f 4131 3301 3167
f 4004 3322 3167
f 3167 3322 4314
f 3167 3394 4131
f 4314 3394 3167
f 3865 3812 3167
f 3167 3812 4004
f 3168 3323 3864
f 3864 3395 3168
f 3169 3320 3547
f 3547 3433 3169
f 3170 3317 3456
f 3706 3304 3171
f 3171 3304 4054
f 3171 3320 3397
f 4371 3320 3171
f 3171 3397 3706
f 4054 3457 3171
f 3171 3457 4371
f 3471 3316 3173
f 3173 3458 3471
f 3621 3296 3174
f 3174 3317 3826
f 3174 3398 3621
f 3826 3398 3174
f 3175 3313 3479
f 3743 3313 3175
f 3175 3400 3743
f 3175 3479 3817
f 3177 3307 3992
f 3532 3312 3177
f 3821 3532 3177
f 3992 3821 3177
f 4021 3306 3178
f 4124 3315 3178
f 3178 3402 4124
f 3178 3818 4021
f 3404 3302 3179
f 3180 3300 3406
f 3181 3318 3407
f 3409 3318 3181
f 3181 3322 4250
f 4250 3409 3181
f 3408 3319 3182
f 3182 3319 3823
f 3182 3323 4137
f 4137 3408 3182
f 3183 3302 3412
f 3412 3307 3183
f 3183 3307 4304
f 4304 3463 3183
f 3462 3308 3184
f 3184 3362 3462
f 3186 3315 4335
f 3186 3319 3411
f 4335 3825 3186
f 3477 3232 3187
f 3187 3273 3425
f 3513 3273 3187
f 3187 3425 3477
f 5253 3994 3188
f 3188 4083 5253
f 3189 3337 3387
f 3421 3337 3189
f 3190 3601 4548
f 3190 4548 4881
f 4454 3434 3191
f 3191 3434 4910
f 3297 3215 3193
f 3193 3215 5117
f 5116 3297 3193
f 5118 5116 3193
f 3193 5117 5118
f 3194 3466 4551
f 4881 3466 3194
f 4551 4305 3194
f 3194 4305 4881
f 4543 4369 3195
f 3195 4369 5353
f 3757 3420 3197
f 3197 3420 4688
f 3197 3738 3757
f 3198 3978 4107
f 4107 3979 3198
f 4561 3737 3201
f 4698 4561 3201
f 3202 3385 5535
f 5535 3934 3202
f 3204 3509 5502
f 4020 3418 3205
f 3205 3418 5443
f 3473 3428 3205
f 3205 3428 4020
f 3206 3719 4011
f 3208 3267 3504
f 3208 3504 4958
f 4958 3610 3208
f 4902 3777 3209
f 3213 3329 4603
f 3833 3490 3213
f 5207 3833 3213
f 3214 3294 4423
f 4423 3352 3214
f 3215 3297 3781
f 3874 3379 3215
f 3215 3379 4702
f 3215 3781 3874
f 5360 4832 3216
f 5501 3516 3217
f 5497 3257 3218
f 3219 3350 3380
f 4657 3350 3219
f 3219 3380 3556
f 3219 3480 5470
f 5530 3480 3219
f 3219 3556 5530
f 3219 4624 4657
f 5470 4624 3219
f 4465 4189 3221
f 3221 4189 4520
f 3223 3361 3878
f 5217 3361 3223
f 3878 3486 3223
f 3223 3486 4562
f 3223 4562 5217
f 3224 3930 4501
f 4501 3991 3224
f 3676 3235 3225
f 3225 3235 5231
f 3571 3438 3225
f 3225 3438 3676
f 3225 3461 3571
f 5231 3461 3225
f 3226 3599 4013
f 3226 4013 4272
f 3226 4272 4283
f 3228 3291 4518
f 4518 4479 3228
f 3228 4479 4571
f 3645 3337 3229
f 4048 3430 3230
f 3230 3430 5227
f 3230 3445 3628
f 4363 3445 3230
f 3230 3628 4048
f 5227 4363 3230
f 3231 3364 4696
f 5531 3534 3231
f 3231 4696 5531
f 3446 3359 3232
f 3232 3359 3696
f 4426 3446 3232
f 3232 3477 3836
f 4350 3384 3233
f 3233 4305 4551
f 4551 4350 3233
f 3235 3481 5231
f 5533 3481 3235
f 3235 3676 5235
f 3235 5235 5533
f 3236 3360 5496
f 3236 5496 5497
f 5361 4404 3237
f 5193 3338 3239
f 3239 3338 5368
f 3239 3867 5193
f 5368 3867 3239
f 3240 3565 3840
f 3246 3569 4251
f 4270 3569 3246
f 3246 3834 3873
f 4251 3834 3246
f 3246 3873 4270
f 3254 3335 5005
f 5005 4992 3254
f 3255 3278 4569
f 4569 3765 3255
f 3256 3784 4234
f 4152 3988 3257
f 3259 3343 5283
f 3260 3468 3993
f 4428 3468 3260
f 3260 3954 4428
f 3261 3370 4016
f 3261 4016 5498
f 3262 4015 4519
f 4519 4373 3262
f 4351 3415 3265
f 3265 3589 3840
f 3265 3840 3924
f 3265 4140 4351
f 3266 3276 3587
f 5472 3504 3267
f 3268 3273 3513
f 3268 3513 3672
f 3268 3672 3732
f 3732 3728 3268
f 4283 3510 3270
f 3270 3543 4283
f 4542 3543 3270
f 5533 4542 3270
f 4533 3758 3271
f 3589 3588 3272
f 3272 3588 3687
f 3514 3425 3273
f 4014 3587 3276
f 3276 3620 4014
f 3291 3959 4518
f 5473 3959 3291
f 3541 3389 3292
f 4675 3541 3292
f 4057 3580 3292
f 3292 3580 4675
f 4091 4057 3292
f 3293 5190 5462
f 3295 4568 5195
f 4043 3586 3296
f 5116 3918 3297
f 3308 3586 4072
f 3888 3417 3311
f 3315 4124 4572
f 4572 4335 3315
f 3661 3367 3327
f 3327 3620 4554
f 4857 3661 3327
f 3328 4002 4439
f 4960 4002 3328
f 3329 4538 4603
f 5499 3366 3330
f 3330 5498 5499
f 4297 3354 3332
f 3332 3520 4297
f 4526 3520 3332
f 3333 3432 3438
f 4579 3432 3333
f 3333 3438 3518
f 3333 3518 3942
f 3333 3852 3907
f 3942 3852 3333
f 3333 3907 4579
f 3645 3387 3337
f 5193 4643 3338
f 5421 4024 3339
f 4587 3459 3340
f 3892 3540 3344
f 3344 3540 5208
f 3921 3737 3344
f 3344 3737 4561
f 4561 3892 3344
f 5208 3921 3344
f 3348 3358 4274
f 4683 3358 3348
f 4863 3906 3348
f 3348 3906 4949
f 3348 4274 4684
f 4949 4683 3348
f 3348 4684 4863
f 3934 3447 3349
f 3349 3916 4538
f 3953 3934 3349
f 4538 3953 3349
f 4499 3380 3350
f 4657 3440 3350
f 3350 3908 4499
f 4761 3908 3350
f 3481 3427 3351
f 5231 3481 3351
f 3351 3499 4747
f 3351 4747 5231
f 4423 4082 3352
f 4298 4241 3354
f 3354 4297 4298
f 4539 3527 3355
f 3355 3918 3982
f 3355 3982 4613
f 4613 4397 3355
f 3453 3377 3357
f 3357 3377 4516
f 3526 3453 3357
f 3357 3488 5493
f 5493 3526 3357
f 3358 3866 4000
f 4683 3866 3358
f 3359 3446 5499
f 4016 3696 3359
f 5498 4016 3359
f 5499 5498 3359
f 3361 3363 3982
f 5217 3363 3361
f 3361 3488 3878
f 5493 3488 3361
f 3361 3982 5116
f 3361 5116 5493
f 5217 3422 3363
f 4613 3982 3363
f 3364 3403 4560
f 3364 4560 4696
f 3366 4035 4092
f 5499 4035 3366
f 3367 3375 3999
f 3999 3421 3367
f 3368 3594 4003
f 4525 3594 3368
f 3368 4003 4479
f 3368 4479 5472
f 5472 4525 3368
f 3372 3892 4561
f 4643 3892 3372
f 4698 3903 3372
f 3372 3903 4944
f 3372 4561 4698
f 4944 4643 3372
f 3590 3474 3373
f 3373 3474 4342
f 5506 3590 3373
f 3373 3632 5506
f 5227 3556 3374
f 3374 5208 5442
f 5442 5227 3374
f 3376 3831 3878
f 5230 3831 3376
f 3376 3878 4343
f 3376 4343 4746
f 3376 4746 5396
f 5396 5230 3376
f 3377 3453 4953
f 3377 3910 4516
f 4953 3910 3377
f 3379 3874 4758
f 4758 3899 3379
f 3379 3899 4947
f 4947 4702 3379
f 3381 3610 3891
f 4270 3610 3381
f 3381 4268 4270
f 4272 4268 3381
f 4350 3738 3384
f 3388 3580 4847
f 4848 3580 3388
f 3388 3708 4848
f 3388 4847 5013
f 3389 3541 3653
f 3403 3592 3647
f 3403 3647 3678
f 3403 3678 3946
f 3946 3806 3403
f 3403 3806 4560
f 3405 4076 4393
f 5359 4076 3405
f 3417 3888 5535
f 3417 4120 5367
f 5535 4120 3417
f 3418 4020 5319
f 5319 4588 3418
f 3418 4588 5443
f 3420 3583 4636
f 5318 3583 3420
f 3420 4636 4688
f 4336 3514 3423
f 3559 3477 3425
f 3425 3514 3559
f 3427 3481 5533
f 3428 3473 4860
f 4343 4020 3428
f 4746 4343 3428
f 4768 4746 3428
f 4860 4768 3428
f 4469 3472 3429
f 3430 3556 5227
f 5530 3556 3430
f 3430 4048 5530
f 3676 3438 3432
f 4579 3676 3432
f 5465 5208 3435
f 3437 3709 4093
f 3665 3518 3438
f 3438 3571 3665
f 3441 4475 4484
f 3442 3487 4516
f 4516 4170 3442
f 3679 3616 3443
f 3443 3616 5193
f 4530 3679 3443
f 3443 3867 4530
f 5193 3867 3443
f 3444 4579 4952
f 4592 3628 3445
f 4363 4068 3445
f 3445 4068 4534
f 3445 4534 4592
f 3446 4036 5499
f 3934 3752 3447
f 3447 3752 4646
f 4997 3685 3451
f 4482 3643 3452
f 3452 3643 4902
f 5502 4063 3455
f 4297 3520 3459
f 4298 4297 3459
f 4551 4298 3459
f 3459 4350 4551
f 4587 4350 3459
f 5231 4750 3461
f 3464 3591 3634
f 3464 3634 4093
f 4093 3709 3464
f 3464 3709 5506
f 3466 4241 4298
f 3466 4298 4551
f 4112 3755 3467
f 3467 3755 4955
f 4955 4474 3467
f 3468 3902 4533
f 4948 3902 3468
f 4533 3993 3468
f 4428 4045 3468
f 3468 4045 4948
f 3469 3578 4674
f 3470 3904 4748
f 4865 3904 3470
f 3470 4165 4253
f 4748 4165 3470
f 3470 4253 4749
f 3470 4749 4938
f 4938 4865 3470
f 3472 4469 4484
f 3472 4484 4948
f 3718 3566 3473
f 3473 3566 4097
f 3535 3529 3474
f 3474 3529 4101
f 4271 3535 3474
f 3474 3590 4271
f 3474 4101 4691
f 4691 4342 3474
f 4017 3500 3475
f 3475 3500 4180
f 5232 4017 3475
f 3475 4180 5232
f 3851 3560 3476
f 3900 3851 3476
f 4107 3900 3476
f 5443 4107 3476
f 3477 3559 4544
f 3478 3515 5501
f 5500 4552 3478
f 3480 3573 4017
f 4026 3573 3480
f 3480 4017 5470
f 4763 4026 3480
f 5530 4763 3480
f 3484 3717 5005
f 3878 3831 3486
f 4553 4516 3487
f 3489 4662 5055
f 3490 3833 4273
f 3894 3544 3492
f 3494 3617 4026
f 3494 4026 4763
f 4763 4762 3494
f 4101 3529 3496
f 5285 3854 3498
f 3498 3884 5285
f 3499 3524 4747
f 5399 3524 3499
f 3499 3667 4577
f 4017 3573 3500
f 3500 3830 4433
f 4433 4180 3500
f 5391 5389 3502
f 3504 3959 4373
f 4518 3959 3504
f 3504 4373 4519
f 5472 4518 3504
f 3504 4519 4958
f 3505 3633 5358
f 3803 3508 3507
f 4283 4272 3510
f 4336 3559 3514
f 3707 3516 3515
f 3515 3516 5501
f 3516 3588 3589
f 3707 3588 3516
f 3874 3781 3517
f 3980 3874 3517
f 3517 3976 4062
f 4578 3980 3517
f 3517 4062 4578
f 4701 3630 3518
f 3518 3665 4739
f 4739 4701 3518
f 3522 4201 4521
f 4521 4420 3522
f 4538 3916 3523
f 4603 4538 3523
f 3524 3530 4769
f 4769 4747 3524
f 5232 3558 3525
f 4751 3847 3525
f 3525 3847 5232
f 5493 3766 3526
f 3529 3535 3842
f 3529 3842 5236
f 4809 4769 3530
f 3994 3602 3531
f 3905 3830 3531
f 3531 3830 3994
f 3534 4452 5255
f 5531 4452 3534
f 3536 3671 3782
f 3537 3842 4323
f 5236 3842 3537
f 4323 4269 3537
f 3538 3597 3650
f 4690 3597 3538
f 3540 4548 5442
f 5442 5208 3540
f 3541 3857 4692
f 4693 3857 3541
f 4675 3872 3541
f 3541 3872 4693
f 3542 4473 5014
f 5014 4669 3542
f 3901 3618 3543
f 3543 3618 4386
f 4725 3901 3543
f 4386 4283 3543
f 3543 4542 4725
f 3544 3894 4609
f 4609 4464 3544
f 4159 3643 3546
f 3546 3643 4482
f 4482 4475 3546
f 3548 4306 4991
f 4073 3846 3549
f 4325 4047 3549
f 3549 4047 5194
f 4303 4073 3549
f 5194 4303 3549
f 5232 4180 3558
f 3561 3935 4534
f 3562 4117 4424
f 4424 4215 3562
f 3562 4215 4942
f 3563 3974 4231
f 4763 3974 3563
f 3563 4760 4762
f 3563 4762 4763
f 5264 5001 3564
f 3565 3579 3840
f 3566 3718 4571
f 3566 4003 4097
f 4479 4003 3566
f 4571 4479 3566
f 4268 4251 3569
f 4270 4268 3569
f 3570 4063 5502
f 4026 3592 3573
f 3575 4489 4893
f 3578 4588 4674
f 3924 3840 3579
f 3580 4057 4847
f 4848 4675 3580
f 5318 3665 3583
f 4026 3617 3584
f 3584 3647 4026
f 5241 3647 3584
f 3585 3591 4273
f 4562 3591 3585
f 3585 4273 4667
f 5217 4562 3585
f 3585 4667 5217
f 4043 3819 3586
f 3586 3819 4072
f 4616 3687 3588
f 5506 4271 3590
f 4562 3634 3591
f 4026 3647 3592
f 3593 4599 4633
f 3594 3939 4003
f 4522 3939 3594
f 5395 4522 3594
f 3596 3664 4488
f 4183 4061 3596
f 4488 4183 3596
f 3598 4676 5508
f 3599 3662 4013
f 3601 3950 4537
f 3601 4537 4548
f 3605 4168 4453
f 3606 3669 5435
f 3609 3834 3885
f 4154 3834 3609
f 3609 3885 4957
f 4958 3891 3610
f 3610 4270 4638
f 5496 3827 3614
f 3616 3679 4295
f 3616 3892 5193
f 3618 3901 4474
f 3618 4474 4955
f 3619 4656 5224
f 4892 3677 3625
f 3625 4194 4892
f 3626 3655 4309
f 4309 4307 3626
f 4129 4048 3628
f 4701 3635 3630
f 5460 5358 3633
f 4962 4594 3635
f 3635 4701 4962
f 5261 4977 3636
f 4863 3768 3637
f 3637 4281 4946
f 4946 4863 3637
f 4520 4051 3639
f 3639 4284 4520
f 4606 4284 3639
f 3640 4086 5065
f 3900 3703 3642
f 3642 3703 4455
f 4493 3900 3642
f 4455 4240 3642
f 5241 3678 3647
f 4534 4068 3658
f 3658 4068 4668
f 4471 3801 3659
f 3659 4420 4471
f 4126 4013 3662
f 4959 4126 3662
f 3663 3768 4684
f 3663 4274 4465
f 4684 4274 3663
f 3664 3677 4892
f 4892 4488 3664
f 5318 4739 3665
f 3667 3887 4087
f 3667 4087 4577
f 3668 3909 4100
f 4914 3909 3668
f 3668 4100 4164
f 3668 4164 4342
f 3668 4342 4691
f 3668 4691 4898
f 3668 4898 4914
f 3673 5184 5191
f 3678 3742 4034
f 5241 3742 3678
f 4034 3946 3678
f 4062 3976 3679
f 3679 3976 4529
f 4530 4062 3679
f 4529 4295 3679
f 3695 4422 4493
f 3703 3900 3978
f 5528 5527 3705
f 4132 3740 3709
f 3709 3740 5506
f 3712 4697 5222
f 3713 4706 5440
f 4523 3911 3715
f 3715 4295 4529
f 4529 4523 3715
f 3717 3841 4992
f 3717 4992 5005
f 3718 4549 4858
f 4992 3780 3720
f 3721 3769 3920
f 5252 3734 3726
f 3726 3873 4253
f 3726 4253 5252
f 5252 4323 3734
f 3734 4525 5472
f 3736 5288 5291
f 4587 3757 3738
f 3738 4350 4587
f 4132 3995 3740
f 3740 3995 5395
f 3740 5395 5506
f 4087 4034 3742
f 4577 4087 3742
f 5241 4577 3742
f 3745 4000 4737
f 3745 4701 4739
f 4962 4701 3745
f 3745 4737 4962
f 3745 4739 5318
f 4520 4284 3747
f 3747 4387 4520
f 4240 4207 3751
f 3752 3934 4287
f 3752 4287 5194
f 5194 4646 3752
f 3755 4890 4955
f 3758 4475 4482
f 4945 4475 3758
f 3758 4533 4945
f 3763 4098 4846
f 3766 5118 5371
f 5493 5118 3766
f 4916 4870 3767
f 4863 4684 3768
f 4503 3984 3773
f 3778 3886 5511
f 4900 4266 3779
f 4901 4029 3780
f 4182 3917 3782
f 3783 4067 4866
f 4985 4905 3792
f 4058 3931 3795
f 3796 4246 4907
f 4090 4032 3797
f 4480 4472 3800
f 3805 5024 5277
f 4943 4560 3806
f 3810 3919 4456
f 4456 4356 3810
f 5496 4524 3827
f 3828 3991 4501
f 3828 4501 5491
f 4433 3905 3829
f 3829 3905 4528
f 4528 4489 3829
f 3830 3905 4433
f 3832 4906 4988
f 4154 3873 3834
f 4251 3885 3834
f 3838 4033 4134
f 4605 3976 3846
f 3846 4073 4605
f 3847 4017 5232
f 5470 4017 3847
f 3847 4751 5470
f 5277 5026 3849
f 3851 3900 4493
f 4493 4422 3851
f 4481 3907 3852
f 3852 4454 4481
f 3854 5285 5421
f 4737 4000 3866
f 3867 3990 4530
f 5368 3990 3867
f 4356 3903 3869
f 3869 3903 4698
f 3870 4025 4903
f 5481 3884 3871
f 3871 4807 5481
f 3873 4154 4253
f 4638 4270 3873
f 3874 3980 4758
f 3878 4020 4343
f 3880 4001 5127
f 3882 3897 5076
f 5481 5285 3884
f 4251 4126 3885
f 3885 4126 4959
f 4959 4957 3885
f 4125 4015 3887
f 3887 4015 5248
f 3888 4287 5535
f 4958 4125 3891
f 3892 4643 5193
f 4215 3910 3893
f 3893 3910 4953
f 4491 4181 3893
f 4942 4215 3893
f 4953 4491 3893
f 4490 3908 3894
f 3894 3908 4609
f 3894 4032 4490
f 4528 3905 3895
f 4877 4528 3895
f 3899 4061 4183
f 4758 4061 3899
f 3899 4183 4495
f 3899 4495 4496
f 3899 4496 4947
f 4107 3978 3900
f 3901 4458 4474
f 4484 4475 3902
f 3902 4475 4945
f 4948 4484 3902
f 4945 4533 3902
f 3903 4356 4497
f 4497 4494 3903
f 3903 4494 4944
f 3904 4420 4521
f 4865 4420 3904
f 3904 4521 4984
f 4984 4748 3904
f 4485 4476 3906
f 3906 4476 4949
f 4946 4485 3906
f 3906 4863 4946
f 4481 4477 3907
f 3907 4477 4952
f 4952 4579 3907
f 4490 4367 3908
f 3908 4367 4499
f 4761 4609 3908
f 4951 4100 3909
f 4480 4478 3909
f 3909 4478 4951
f 4950 4480 3909
f 3909 4914 4950
f 4215 4170 3910
f 3910 4170 4516
f 3914 4006 5418
f 4445 4030 3917
f 3917 4182 4445
f 5116 3982 3918
f 4926 4456 3919
f 3921 5208 5465
f 3921 5465 5532
f 3922 4070 4885
f 4934 4366 3922
f 3923 4448 5333
f 3923 5333 5449
f 3926 4139 5039
f 4578 4286 3929
f 4873 4578 3929
f 5183 4873 3929
f 4428 3954 3930
f 3930 3954 4501
f 3931 4058 4487
f 3931 4487 4494
f 4811 4771 3932
f 5535 4287 3934
f 4592 4534 3935
f 4442 4065 3938
f 5461 5363 3938
f 3943 4059 4715
f 4604 4537 3950
f 3954 4031 5491
f 5491 4501 3954
f 5402 4373 3959
f 5473 5402 3959
f 4825 4775 3962
f 3971 4183 4488
f 4495 4183 3971
f 3971 4488 4892
f 3974 4048 4129
f 5530 4048 3974
f 3974 4129 4231
f 3974 4763 5530
f 3975 4759 5235
f 4605 4529 3976
f 4864 4077 3977
f 3979 4107 5443
f 5443 4588 3979
f 3980 4578 4873
f 4873 4758 3980
f 3985 4081 4850
f 5369 4530 3990
f 3993 4533 4606
f 3995 4132 5394
f 5394 4522 3995
f 3995 4522 5395
f 3999 4502 5500
f 4001 4308 5127
f 5333 4308 4001
f 5449 5333 4001
f 4960 4041 4002
f 4954 4439 4002
f 4897 4097 4003
f 4011 4306 4927
f 4991 4306 4011
f 4011 4972 4991
f 4013 4126 4251
f 4013 4251 4268
f 4013 4268 4272
f 4015 4125 4519
f 4032 4090 4490
f 5499 4036 4035
f 4037 4205 4618
f 4764 4419 4039
f 4042 4772 4810
f 4960 4157 4046
f 4047 4325 4646
f 4047 4646 5194
f 4520 4189 4051
f 4056 4753 5392
f 4891 4487 4058
f 4905 4891 4058
f 4801 4703 4059
f 5416 4249 4060
f 4060 4767 5416
f 4062 4530 4578
f 4885 4070 4064
f 4068 4363 4660
f 4068 4660 4668
f 5325 5119 4069
f 4069 5324 5325
f 4071 5120 5326
f 5326 5121 4071
f 4071 5121 5520
f 5177 4443 4076
f 5359 5177 4076
f 4986 4246 4077
f 5254 5253 4083
f 4086 4805 5058
f 4088 4537 4604
f 5442 4537 4088
f 4088 5227 5442
f 4089 4894 4907
f 4089 4907 4986
f 4894 4490 4090
f 4931 4853 4096
f 4904 4164 4100
f 4898 4691 4101
f 4102 4937 5344
f 4108 4859 4899
f 4110 5126 5447
f 5447 5126 4113
f 4115 4308 4414
f 5127 4308 4115
f 4115 4414 4621
f 4115 4621 4971
f 4971 4880 4115
f 4120 4526 5367
f 4958 4519 4125
f 5325 5324 4127
f 5519 5325 4127
f 4136 4531 4880
f 4136 4880 4971
f 4138 4151 5130
f 5041 4726 4139
f 4148 4511 4602
f 4150 4478 4480
f 4151 4188 4852
f 4749 4253 4154
f 4910 4236 4155
f 4888 4425 4161
f 5252 4253 4165
f 4748 4666 4165
f 4165 4666 5252
f 4166 4191 4451
f 4913 4453 4168
f 4170 4215 4424
f 4893 4489 4171
f 4171 4489 4933
f 4617 4397 4174
f 4182 4204 4445
f 4470 4204 4182
f 4194 4385 4892
f 4930 4385 4194
f 4976 4930 4194
f 4199 4837 5243
f 4201 4216 4410
f 4927 4216 4201
f 4201 4410 4521
f 4470 4353 4204
f 4207 4240 4455
f 4455 4434 4207
f 4207 4434 4911
f 4911 4906 4207
f 4604 4282 4211
f 4925 4410 4216
f 4216 4850 4925
f 4796 4782 4224
f 4225 4782 4794
f 5140 4232 4230
f 4237 5142 5338
f 4852 4833 4245
f 4878 4845 4245
f 4986 4907 4246
f 5383 5219 4248
f 5416 5016 4249
f 4819 4780 4262
f 4264 4779 4818
f 4269 4323 4666
f 5506 5395 4271
f 4279 4778 4817
f 4281 4353 4470
f 4281 4470 4485
f 4281 4485 4946
f 4578 4530 4286
f 4286 4530 5369
f 4286 5369 5492
f 4311 4498 5078
f 4319 4443 5177
f 5481 4382 4322
f 4322 5285 5481
f 5252 4666 4323
f 5024 4394 4324
f 5026 5024 4324
f 4812 4788 4326
f 4327 4841 4868
f 4329 4732 5424
f 4337 5356 5456
f 4338 4355 5161
f 4344 4799 4966
f 4970 4836 4344
f 4344 4856 4970
f 4732 4395 4354
f 4354 4395 5483
f 5424 4732 4354
f 4354 4757 5424
f 5483 4757 4354
f 4356 4456 4497
f 5416 4767 4357
f 4357 4767 5479
f 5479 5029 4357
f 4357 5029 5529
f 5529 5416 4357
f 5457 5158 4364
f 4365 5351 5523
f 4369 5352 5353
f 4378 4477 4483
f 4952 4477 4378
f 4387 4457 4459
f 4390 4655 5476
f 5014 4473 4391
f 4391 5010 5014
f 5292 4662 4395
f 4395 4662 5483
f 4395 4732 5292
f 4409 4406 4396
f 4398 4832 5360
f 5361 4429 4404
f 4405 5174 5175
f 4984 4521 4410
f 4412 4896 5313
f 4924 4471 4420
f 4420 4865 4924
f 4949 4476 4425
f 4432 5131 5446
f 5461 5178 4437
f 4437 5363 5461
f 4954 4478 4439
f 4447 4460 5492
f 5492 5369 4447
f 4451 4787 4804
f 4452 4961 5255
f 4947 4496 4453
f 4932 4497 4456
f 4456 4926 4932
f 5129 5128 4463
f 4464 4609 4761
f 4467 4733 4787
f 4954 4951 4478
f 4479 4518 5472
f 4944 4494 4487
f 4489 4528 4877
f 4494 4497 4936
f 4500 5188 5189
f 5509 5444 4505
f 4523 4529 5192
f 4529 4605 5192
f 4532 5105 5494
f 5075 4838 4535
f 5442 4548 4537
f 5533 4600 4542
f 4793 4556 4546
f 4553 4674 5319
f 5531 4696 4560
f 4568 4583 5374
f 5374 5202 4568
f 4802 4793 4573
f 4967 4659 4580
f 4580 4980 5258
f 4582 4889 5387
f 5319 4674 4588
f 4593 4594 4737
f 4962 4737 4594
f 5371 4597 4595
f 4597 5117 5200
f 5371 5117 4597
f 5533 5235 4600
f 5470 4751 4624
f 5525 5381 4625
f 4631 4687 5221
f 4631 5221 5384
f 5380 5214 4634
f 4635 4717 4783
f 4639 5209 5376
f 5376 5212 4639
f 5377 5213 4640
f 5376 5209 4649
f 5079 5078 4658
f 5381 5216 4673
f 5440 4706 4685
f 5384 5221 4689
f 4697 4709 5222
f 5385 5222 4709
f 4710 4721 5226
f 4795 4783 4716
f 4822 4785 4716
f 4803 4792 4723
f 4736 4854 4889
f 4746 5237 5396
f 4747 4769 5231
f 5231 4769 4750
f 4758 4873 5183
f 4769 4809 5238
f 5038 4800 4773
f 5007 4815 4775
f 5039 4807 4776
f 5007 4808 4777
f 5097 4797 4781
f 5097 4820 4784
f 4786 4806 4923
f 5034 4814 4789
f 4791 4813 5004
f 5125 4884 4796
f 4824 4939 4963
f 4825 4999 5476
f 4963 4840 4826
f 4844 5427 5428
f 5036 4883 4849
f 4874 5244 5471
f 4937 4941 5149
f 4937 5149 5345
f 5345 5344 4937
f 4940 5253 5256
f 4940 5256 5403
f 5474 5259 4969
f 4969 5404 5474
f 5261 4994 4977
f 5265 5262 4978
f 4979 4980 5002
f 5406 5266 4999
f 5268 5267 5000
f 5408 5268 5000
f 5001 5264 5408
f 5271 5270 5012
f 5016 5416 5529
f 5020 5031 5478
f 5478 5275 5020
f 5477 5411 5021
f 5024 5026 5277
f 5029 5278 5529
f 5045 5051 5293
f 5081 5082 5485
f 5084 5111 5303
f 5303 5302 5084
f 5438 5315 5107
f 5108 5315 5439
f 5112 5113 5438
f 5113 5315 5438
f 5439 5315 5113
f 5116 5118 5493
f 5371 5118 5117
f 5519 5321 5119
f 5119 5325 5519
f 5451 5144 5143
f 5342 5341 5144
f 5451 5342 5144
f 5452 5345 5149
f 5156 5351 5455
f 5523 5351 5156
f 5353 5352 5157
f 5355 5160 5159
f 5166 5167 5458
f 5458 5173 5166
f 5172 5173 5460
f 5458 5358 5173
f 5173 5358 5460
f 5532 5465 5199
f 5213 5377 5378
f 5215 5216 5381
f 5215 5381 5525
f 5240 5244 5392
f 5471 5244 5240
f 5263 5406 5407
f 5475 5406 5263
f 5264 5268 5408
f 5266 5406 5475
f 5273 5527 5528
f 5276 5282 5415
f 5414 5280 5279
f 5419 5284 5281
f 5290 5289 5288
f 5288 5289 5291
f 5298 5291 5289
f 5428 5427 5301
f 5314 5437 5494
f 5521 5519 5320
f 5321 5519 5521
f 5343 5345 5452
f 5391 5390 5389
