# Blender 4.0.2
# www.blender.org
o 44234_sf
v -3.388934 -20.091955 9.677990
v -2.971159 -20.062531 9.634438
v -4.042319 -19.867851 9.649317
v -3.577371 -19.865507 9.649937
v -2.743570 -19.881542 9.576858
v -3.115379 -19.744600 9.620740
v -3.240322 -20.399771 9.593364
v -3.768063 -20.315207 9.605857
v -4.255474 -19.817493 9.561250
v -4.285551 -20.107168 9.610550
v -2.854503 -20.374031 9.563450
v -2.598872 -20.110579 9.556376
v -3.950269 -19.699400 9.534419
v -4.752536 -19.996700 9.456348
v -4.777549 -20.210186 9.466002
v -4.560708 -20.383305 9.489415
v -2.288884 -19.885677 9.460208
v -2.452958 -19.699850 9.447955
v -3.124411 -19.367277 9.321814
v -2.515661 -20.502625 9.430094
v -4.272707 -20.607460 9.375282
v -4.988574 -20.365797 9.335708
v -2.219217 -20.249823 9.421892
v -3.582033 -19.513031 9.395761
v -3.046984 -20.643511 9.356997
v -2.076859 -19.750799 9.335135
v -2.395023 -19.390278 9.209862
v -4.121704 -19.533199 9.298605
v -5.092371 -20.180538 9.317084
v -3.946139 -19.351500 9.282840
v -1.888813 -19.991852 9.313380
v -3.751828 -18.736820 9.253364
v -3.398590 -18.964314 9.259945
v -4.989168 -19.966429 9.261479
v -4.183283 -18.755157 9.236608
v -1.898128 -20.378063 9.257806
v -4.560517 -19.660078 9.220469
v -4.329238 -19.056601 9.231660
v -3.025871 -18.669264 9.185872
v -5.076077 -20.609955 9.204140
v -1.627667 -20.216452 9.196274
v -2.637868 -18.988111 9.161073
v -1.642254 -19.767670 9.129932
v -2.207488 -20.681900 9.181800
v -3.967421 -18.393553 9.184994
v -4.527411 -19.347109 9.182538
v -4.724078 -18.751621 9.103943
v -3.556014 -20.737873 9.198750
v -3.556607 -18.421024 9.196252
v -5.091022 -19.855776 9.076337
v -1.948986 -19.463526 9.091371
v -2.819085 -20.804327 9.095891
v -3.043464 -18.249081 9.088273
v -2.115382 -19.030397 9.028296
v -5.371142 -20.362469 9.127269
v -5.396757 -19.894711 8.878353
v -4.349407 -18.318403 9.081351
v -5.055022 -20.785807 8.970602
v -4.972162 -19.383360 9.045138
v -3.932585 -18.087582 9.050442
v -3.467275 -18.113289 9.084775
v -4.582405 -20.802248 9.039224
v -4.865751 -19.104715 9.102651
v -2.306714 -18.487150 9.014755
v -2.649383 -18.224123 9.006957
v -5.416741 -20.126183 9.023196
v -1.538256 -20.460463 8.980840
v -5.409080 -20.692373 8.973820
v -1.785168 -20.629999 8.996300
v -3.640904 -17.849556 8.926825
v -3.288544 -17.912004 8.950919
v -5.644745 -20.535931 8.958439
v -5.694924 -20.351801 8.935915
v -1.300934 -19.975365 8.975485
v -1.613959 -19.306759 8.884424
v -4.755991 -18.123777 8.881433
v -1.923444 -18.455999 8.859125
v -4.899659 -18.512579 8.973873
v -5.239239 -19.684900 8.922520
v -5.348391 -19.019140 8.894421
v -2.853478 -17.922218 8.857641
v -2.088706 -18.202326 8.831404
v -5.738145 -20.720325 8.821336
v -1.205837 -20.273861 8.803727
v -4.498321 -17.899700 8.827432
v -5.617353 -19.602816 8.706368
v -5.909090 -20.542179 8.776840
v -5.136548 -18.208292 8.770051
v -5.083154 -20.954456 8.662107
v -3.345438 -17.625740 8.639159
v -1.277156 -19.495586 8.739509
v -2.280482 -17.957571 8.743718
v -4.356225 -17.632689 8.597094
v -2.875233 -20.993484 8.632590
v -5.043108 -17.931038 8.694640
v -6.014930 -20.365864 8.628258
v -5.748959 -20.028049 8.604740
v -4.831626 -17.750660 8.646719
v -5.969793 -20.769680 8.642474
v -1.114015 -19.825838 8.783501
v -0.950714 -20.065289 8.691340
v -0.086660 -5.472101 8.624509
v -3.769421 -17.579260 8.587302
v -0.218547 -5.113392 8.606833
v -5.782776 -20.908268 8.625371
v 0.267069 -5.755995 8.610366
v -1.789449 -18.061674 8.591189
v 0.121751 -5.446537 8.597311
v 0.381804 -6.007295 8.602004
v -1.523312 -18.471737 8.631934
v -0.791784 -19.840311 8.571343
v -0.632985 -4.896160 8.554504
v 0.246171 -6.000490 8.562395
v -6.097722 -20.608068 8.578690
v 0.616562 -5.859736 8.498812
v -5.487473 -18.149136 8.532815
v -0.320026 -4.841134 8.512736
v -1.358614 -20.637651 8.528058
v -5.339856 -17.927269 8.538562
v 0.711356 -6.207964 8.495999
v -2.325125 -17.657846 8.442370
v 0.051249 -5.036174 8.496642
v -1.905896 -17.773741 8.422066
v -0.204711 -5.585207 8.420285
v -5.946577 -19.311150 8.494959
v -0.637811 -4.752600 8.496860
v 0.431995 -5.311450 8.432352
v -0.955798 -19.590382 8.525969
v -3.817484 -21.035114 8.586323
v -5.781075 -18.790630 8.505020
v -5.136966 -17.684977 8.495286
v -0.781390 -20.395638 8.311857
v 0.752226 -6.425930 8.465670
v -6.021756 -20.915648 8.469517
v -5.383547 -17.739986 8.379692
v -0.924841 -19.306757 8.368754
v -2.967543 -17.388111 8.219845
v -1.329696 -18.379475 8.454836
v -4.443083 -17.351812 8.209198
v -5.939993 -19.849886 8.437552
v -6.061857 -20.202553 8.389702
v -0.643209 -20.114100 8.404810
v 0.949571 -6.263536 8.392933
v 0.393355 -6.353440 8.400745
v -6.211785 -20.747276 8.400607
v -0.842404 -4.756900 8.391670
v -2.053151 -20.927187 8.426268
v 0.666193 -6.558930 8.385340
v -6.259939 -20.497801 8.381360
v -4.884238 -17.504520 8.328754
v -0.856085 -4.655697 8.336448
v -0.667992 -19.661119 8.257655
v -0.111593 -4.642023 8.344764
v -4.521913 -21.094851 8.419859
v -5.593632 -17.976812 8.306573
v -0.641431 -19.892818 8.393310
v 0.861685 -6.611350 8.339300
v -5.806572 -21.035978 8.298379
v 0.281482 -4.795183 8.303324
v -1.560865 -17.946341 8.353173
v -5.265512 -17.532572 8.158979
v -0.498740 -20.014891 8.255754
v 1.084337 -6.397730 8.282206
v -5.846245 -18.387758 8.259646
v -0.228585 -4.439490 8.174568
v 0.044757 -6.110941 8.195007
v 1.155694 -6.069688 8.239137
v -6.376648 -20.602699 8.208920
v -6.241569 -19.390800 8.208060
v 1.130681 -6.554578 8.152419
v -6.128630 -20.971588 8.154915
v -1.029266 -18.885397 8.367030
v -3.777431 -17.272739 8.131262
v 0.179262 -4.412595 8.122450
v -0.488992 -20.221716 8.160189
v 0.947223 -2.709249 8.154561
v 0.666013 -6.697533 8.220238
v 0.722088 -2.487392 8.157457
v -5.359028 -21.159006 8.112436
v 1.025940 -2.487830 8.165630
v 0.910379 -5.449107 8.266260
v -1.026095 -18.397999 8.176650
v 0.554516 -2.710952 8.103920
v 0.973729 -6.734430 8.090716
v -0.600549 -4.460318 8.100415
v 0.866416 -2.906185 8.105635
v 0.423102 -4.484520 8.122090
v -6.329659 -20.805309 8.083306
v 0.749037 -2.240870 8.087029
v -6.291799 -18.947149 8.071125
v -1.705942 -17.592764 8.117345
v 0.793033 -6.794930 8.111290
v 1.257495 -2.827328 8.082481
v -1.291848 -18.054955 8.211957
v 0.387448 -2.279615 8.100693
v -0.993919 -20.610821 8.183280
v -4.822871 -17.221012 7.906989
v 1.291479 -5.598870 8.106683
v -0.582647 -19.379978 7.996507
v -5.929225 -18.011408 7.844326
v -3.227898 -21.193501 8.036630
v -0.226158 -2.111628 7.989388
v 0.031760 -2.558101 7.996010
v 1.394650 -6.223300 8.011490
v -6.312704 -20.232788 8.057808
v 1.000980 -4.679186 7.997336
v 0.955713 -3.198040 8.004130
v 1.138521 -6.657685 7.993107
v 0.444209 -3.068168 7.934518
v 0.443913 -6.694749 8.016548
v -6.472286 -19.275600 7.886656
v -0.333738 -20.115856 7.995863
v -0.394594 -19.870625 8.014077
v 1.591079 -5.649226 7.894281
v -6.012668 -21.103983 7.813664
v 0.452854 -1.952729 7.951458
v -0.442481 -20.382887 7.958040
v 0.981933 -2.176690 7.984049
v 0.032082 -1.971429 7.962690
v -0.808801 -4.429448 7.927448
v -1.343072 -17.785872 8.019252
v 1.862749 -3.070013 7.912244
v 1.550828 -2.606934 7.975567
v -0.413688 -4.304733 7.984476
v -1.112964 -2.165015 7.931141
v -0.563263 -2.399127 7.930719
v -6.471204 -20.547857 7.853146
v -0.971379 -18.093218 7.911852
v -1.051355 -4.744145 7.927505
v -1.027340 -4.591890 7.911440
v 1.370618 -6.408121 7.822670
v -0.528650 -1.736036 7.899546
v -4.399281 -17.036972 7.718718
v 1.584909 -3.430110 7.862695
v -0.213198 -4.191441 7.884089
v 0.065463 -4.179595 7.820797
v -1.564341 -17.477818 7.863183
v 0.978750 -6.779414 7.761713
v -0.230889 -2.700190 7.888181
v -1.043825 -2.453614 7.865896
v -0.683952 -18.765259 7.927472
v 2.224711 -3.491529 7.848022
v -1.065909 -1.787718 7.853428
v -2.163076 -17.417896 8.065266
v 2.258233 -2.949070 7.802247
v 1.530356 -5.150440 7.879718
v 0.382391 -4.226891 7.857865
v -6.304817 -20.899139 7.814300
v 2.685993 -3.529896 7.794007
v 0.618806 -6.844360 7.818840
v 1.599513 -2.410236 7.859995
v -0.986404 -4.940621 7.837593
v -6.313750 -18.565464 7.691683
v 0.802524 -6.847238 7.777204
v 0.252365 -6.598189 7.765937
v -0.242278 -20.267700 7.797930
v -0.765623 -1.432612 7.687424
v -1.444352 -2.401859 7.804236
v 2.241724 -3.781309 7.764785
v -6.485624 -20.191019 7.741177
v -0.591205 -20.588600 7.776980
v 2.684516 -3.841374 7.766754
v -1.646115 -1.922810 7.746075
v -0.754229 -18.317377 7.769280
v -1.629138 -2.119107 7.783054
v 1.013570 -4.283737 7.788424
v -0.466491 -4.217593 7.748230
v -2.385074 -21.112501 7.782683
v -6.581596 -18.962162 7.606383
v 1.068611 -1.982824 7.769598
v -1.484522 -20.937189 7.722840
v -0.839994 -2.745040 7.761522
v 3.128844 -3.892240 7.746077
v -0.215675 -20.012150 7.722810
v 3.052197 -3.464772 7.699414
v -1.261195 -2.605134 7.761534
v -0.352847 -5.817990 7.880146
v -0.076970 -1.599911 7.790491
v -0.455885 -2.925962 7.717087
v -0.721662 -4.339648 7.507386
v 0.323509 -1.549388 7.680151
v -1.068030 -4.649900 7.738740
v 1.606562 -6.024869 7.709456
v -0.358150 -19.626928 7.752373
v -0.379497 -20.480446 7.706720
v 2.967886 -4.113860 7.694428
v -1.104100 -4.770430 7.724990
v -1.739188 -2.305159 7.729000
v 1.381938 -4.541056 7.773779
v 1.835802 -5.643035 7.596313
v 2.402404 -4.031718 7.630629
v 2.259459 -2.722168 7.672246
v 1.790033 -3.870693 7.674604
v -0.852035 -17.971275 7.551615
v 0.930123 -3.785950 7.670110
v 0.420967 -4.027799 7.692552
v 0.382665 -3.529224 7.683968
v -0.015098 -3.151024 7.717527
v -6.697241 -19.276424 7.477278
v -5.558000 -17.521660 7.774080
v 3.228880 -4.104532 7.694091
v -0.169212 -20.200500 7.676670
v 1.288271 -4.220284 7.656050
v 0.159527 -4.044828 7.687557
v 1.956080 -2.394925 7.619565
v 2.820357 -3.057270 7.565946
v -1.846989 -2.047230 7.655104
v -0.943567 -20.768639 7.718240
v 3.523433 -3.927059 7.639045
v -1.175387 -17.637756 7.638698
v -1.666053 -2.563499 7.659953
v 0.924190 -4.016726 7.647850
v -0.429167 -18.971298 7.622315
v 3.487421 -3.644176 7.620217
v 2.719387 -4.215399 7.591248
v -5.195880 -17.232067 7.732956
v 1.346359 -3.985229 7.644381
v -1.324939 -1.587111 7.679158
v 0.448892 -3.813701 7.627468
v -1.674521 -17.243826 7.572002
v -1.242904 -2.840696 7.579300
v 0.181670 -3.899265 7.585440
v 1.009542 -1.785088 7.562986
v -0.291882 -1.289830 7.581415
v -0.844131 -5.268122 7.627512
v 0.417742 -6.756263 7.503122
v -0.246555 -19.444601 7.343398
v 1.224274 -6.564298 7.519896
v -1.815688 -1.735269 7.539269
v -4.035999 -21.294415 7.658943
v 1.880227 -5.040021 7.633917
v 0.112165 -3.508006 7.570240
v -5.926424 -17.719719 7.408182
v 3.468650 -4.255440 7.598440
v -3.294158 -17.039167 7.720465
v -2.081020 -17.147657 7.597231
v -6.225740 -18.148129 7.414966
v -0.950913 -1.251518 7.511736
v -0.219975 -20.353918 7.566889
v 0.595464 -6.834445 7.437548
v 2.046549 -4.097246 7.540317
v 1.578709 -4.301923 7.591951
v -0.042080 -4.026839 7.614635
v 0.826085 -6.834825 7.486806
v 2.660160 -2.792164 7.374549
v -1.048675 -4.967050 7.559306
v 0.097859 -1.323240 7.527235
v 0.224136 -3.709018 7.581981
v 1.494718 -6.245607 7.459551
v -0.144336 -20.032501 7.374375
v -1.074110 -4.767832 7.513015
v 1.789245 -4.219519 7.512504
v 3.140478 -4.430802 7.516496
v -1.962797 -2.264376 7.551885
v 1.913315 -2.237729 7.336550
v 1.773456 -4.491747 7.550382
v 0.044681 -3.847658 7.481123
v -1.671748 -2.770144 7.437650
v -6.416013 -20.865997 7.497976
v 1.005114 -6.710331 7.261487
v 3.332799 -3.353981 7.532771
v 1.968475 -5.329516 7.531116
v 3.918273 -3.860313 7.521338
v -0.641430 -3.157329 7.411458
v -0.559514 -18.482903 7.509036
v -6.559446 -20.610138 7.481861
v 0.582838 -1.539469 7.521803
v -6.606586 -18.676489 7.333688
v 2.023557 -4.769441 7.455222
v -1.324880 -1.312600 7.478690
v -2.724700 -0.770516 7.464200
v 0.046228 -6.452600 7.304451
v 3.883671 -4.124623 7.504888
v -0.366763 -20.530922 7.384427
v -1.641463 -1.487281 7.469234
v 1.853454 -5.761512 7.313742
v -5.646979 -21.267498 7.446132
v -1.955860 -2.503090 7.448120
v 3.944521 -3.646806 7.467557
v -2.704948 -0.558663 7.444239
v -2.327642 -0.464101 7.342615
v -2.795265 -0.704613 7.430395
v -2.567769 -0.457078 7.431468
v 3.578660 -4.625784 7.365214
v 1.992720 -4.292691 7.423227
v -2.463167 -0.302338 7.424005
v -2.899236 -1.030622 7.422253
v -0.083879 -3.940983 7.430281
v 2.457446 -2.522382 7.151023
v 2.133030 -5.039311 7.347525
v -0.074831 -3.466681 7.439385
v 3.751630 -3.391800 7.418100
v -6.574768 -20.299637 7.349073
v 4.203134 -3.999163 7.399047
v -1.437069 -2.927725 7.391132
v 1.389057 -1.942795 7.343936
v -2.511245 -0.250636 7.363255
v -0.100264 -1.175378 7.393059
v -2.362650 -0.203895 7.398300
v -2.264020 -0.062178 7.397150
v -2.053792 -0.165367 7.347745
v -0.650756 -5.643410 7.489928
v -6.669734 -19.720329 7.473435
v 0.030124 -3.737990 7.392360
v 3.848891 -4.489508 7.383744
v -0.359538 -18.819569 7.336499
v 3.315137 -3.131496 7.326714
v -4.962343 -21.333660 7.436818
v -0.738060 -1.111095 7.375984
v 2.026715 -4.436455 7.365485
v 2.742030 -4.501425 7.369666
v -1.889396 -1.512802 7.306791
v 0.374632 -1.331010 7.299750
v -6.177085 -21.083853 7.439877
v -3.993539 -16.881001 7.478622
v -1.039324 -4.882593 7.338871
v -3.399253 -16.803974 7.279652
v 4.269423 -3.738301 7.316447
v -4.819995 -16.958858 7.468158
v -1.359110 -17.349358 7.416630
v -5.541177 -17.265043 7.359568
v -3.047992 -1.486129 7.304248
v -0.443864 -4.192855 7.407643
v -2.977269 -1.232416 7.325895
v -6.744633 -18.958111 7.320288
v -0.320455 -3.438949 7.217611
v -2.941477 -0.944295 7.247545
v -1.973020 0.052405 7.328366
v -2.817220 -1.313140 7.319580
v -0.307487 -6.061674 7.415984
v 4.169274 -4.284595 7.348062
v -2.376826 -0.078668 7.276075
v -2.202800 0.039209 7.305710
v -0.219916 -4.058530 7.228831
v -0.176909 -20.295727 7.254513
v -0.020369 -3.843269 7.244252
v 2.985226 -4.803290 7.130785
v -1.698320 0.115548 7.291040
v -2.672530 -0.413517 7.284180
v -3.041620 -1.712090 7.277730
v -4.418526 -16.809301 7.296426
v 2.256770 -4.418080 7.271930
v -0.950180 -17.710503 7.250184
v -0.150561 -1.107468 7.123663
v 2.194630 -4.586170 7.263500
v -0.077974 -3.617881 7.187648
v -1.883145 -0.259665 7.231424
v -0.448451 -1.051390 7.217062
v -2.426697 -0.925389 7.269819
v -1.635482 -0.095912 7.214008
v 2.529900 -4.626640 7.255610
v -2.080245 -1.826407 7.300875
v 2.873706 -2.808180 7.056273
v 4.147763 -3.442457 7.240938
v -3.127458 -1.702559 7.230875
v 0.863181 -1.604396 7.294152
v 2.334529 -4.769545 7.207129
v -0.859615 -4.564700 7.221840
v 1.511492 -2.013658 7.021287
v -0.836460 -5.431804 7.240578
v -0.704526 -18.077862 7.242428
v 3.125633 -2.919065 7.121064
v -0.458412 -18.464352 7.082404
v 3.393973 -4.875338 7.137992
v 4.479445 -4.111939 7.188192
v -2.142056 -1.625439 7.185836
v -2.511848 -1.253033 7.213101
v -5.191116 -16.988785 7.278728
v -1.609744 -2.982139 7.134698
v -1.410480 0.117377 7.155960
v -3.068447 -1.891915 7.189364
v -2.927915 -1.940095 7.145440
v -1.777404 -17.039101 7.240447
v -6.596758 -20.730471 6.977059
v -0.772168 -20.784719 7.141302
v -1.901096 -2.745497 7.181890
v -2.226323 -1.128337 7.160077
v 3.562541 -2.963333 7.054078
v -6.818776 -19.427195 7.199162
v -3.158310 -1.599280 7.164250
v -6.396494 -20.994173 7.125653
v -1.185047 -3.129962 7.189146
v -2.012248 -1.323724 7.154089
v -0.956654 -5.187919 7.181539
v -1.720553 0.169014 7.070484
v -1.675022 -1.235669 7.210508
v 4.196360 -4.663941 7.153816
v 4.487203 -3.836988 7.159822
v -0.586042 -5.774888 7.195953
v 4.469625 -4.378175 7.125053
v -0.981847 -4.936800 7.147810
v -6.616514 -20.475481 7.041851
v -2.243753 -1.432625 7.127902
v -2.118979 -0.733456 7.133753
v -1.223221 -0.004874 7.100400
v -1.360000 -0.080682 7.126900
v 0.202475 -6.559153 6.910883
v -0.250638 -18.967100 7.117620
v -1.179482 -1.011304 7.177171
v -0.489556 -4.311509 7.126849
v -0.851786 -4.698540 7.093695
v -2.202178 -21.165380 6.847054
v -4.822343 -16.790613 7.082536
v -1.560440 -17.106474 7.174045
v -3.041407 -1.215631 7.071386
v -6.181846 -17.849922 6.988705
v 4.421715 -3.426798 7.009941
v -2.125145 -16.943768 7.166208
v 1.633662 -6.066150 7.098217
v 2.234285 -5.183773 7.143850
v 2.668549 -2.655324 7.038247
v -2.438384 -1.572160 7.067418
v 0.448915 -6.679943 6.596154
v -3.164197 -1.744478 7.066806
v -6.843719 -19.111412 7.083504
v -1.863847 -1.118177 7.093824
v -1.391194 0.180248 7.023538
v -1.995059 -0.936581 7.079928
v -3.167059 -1.950308 7.038018
v -2.292700 -2.080405 7.077827
v -6.789011 -18.777012 7.015169
v -2.554848 -0.212954 7.136619
v -3.079580 -2.144280 7.044620
v -0.897071 -3.367210 7.044150
v 0.013076 -3.775816 7.061118
v -2.162324 -2.366328 7.148069
v 0.642286 -1.497695 6.995005
v -6.810847 -19.779270 6.947590
v -0.950192 -0.137428 6.968235
v -0.781782 -0.966129 7.124690
v -2.649370 -1.867020 7.024389
v 4.003851 -5.023415 6.987107
v -1.156576 0.082135 7.028700
v -5.840395 -17.393606 6.993398
v -2.011743 0.090572 7.049210
v 2.106118 -5.514000 7.056469
v -1.229684 -17.304939 7.052637
v 2.683096 -4.935780 6.990994
v -2.347078 -1.746117 7.046551
v -3.922203 -16.694637 7.013805
v 4.684603 -3.905119 6.950556
v -5.940501 -21.222227 7.100683
v -6.679975 -20.181425 6.715053
v -2.092307 -2.584024 7.063255
v -0.133718 -6.244967 6.783561
v -4.484259 -16.705099 6.995940
v -0.284206 -3.571759 6.967978
v 2.132113 -2.296788 7.014246
v -2.533959 -1.977607 6.969254
v -1.527090 0.189004 6.979630
v 4.522351 -4.667409 6.935017
v -3.122258 -1.501002 6.921589
v -1.645176 -0.781955 6.940914
v -0.251085 -20.449200 6.964330
v 1.273296 -6.434883 6.994833
v -1.019571 -3.357125 6.891115
v 2.416927 -5.102853 6.994145
v -0.830125 -0.081901 6.910397
v -2.806582 -0.371013 6.855946
v -5.477287 -17.050745 6.947852
v -1.426991 -0.882399 6.977518
v -6.687352 -18.536528 6.970596
v -0.596692 -0.927750 6.896919
v 4.149778 -3.119186 6.983480
v -5.184592 -16.887077 6.894656
v 3.956691 -2.872185 6.856967
v 4.364104 -4.973462 6.845022
v -0.671779 -5.615860 6.918486
v 1.935461 -5.747589 6.877088
v -2.371413 -2.267507 6.917252
v -6.170536 -21.152784 6.698543
v -3.016179 -2.404229 6.822035
v -0.006747 -3.703045 6.801630
v -2.526603 -2.198027 6.906938
v -6.426617 -18.232132 7.049494
v -2.316201 -0.024926 7.038218
v -0.082923 -3.989400 6.937684
v 0.762067 -6.792112 7.003251
v 3.261269 -5.120389 6.816916
v -2.276600 -2.418150 6.896290
v -1.797232 -16.955570 6.944667
v -1.033587 -17.463013 6.871787
v -0.158424 -19.329069 6.837396
v -2.770047 -2.347983 6.875151
v -0.910610 -0.823532 6.855430
v -0.456161 -5.891847 6.843269
v -3.299598 -16.689026 6.871132
v -0.347961 -1.014620 6.849606
v -3.148949 -2.187976 6.825695
v 2.255228 -5.431590 6.840304
v -6.897017 -19.411701 6.852007
v -0.957601 0.076632 6.819948
v 3.748888 -5.174285 6.805344
v -0.831581 -17.775227 6.869871
v -0.268766 -18.878862 6.793350
v 3.388982 -2.832425 6.839571
v -4.804772 -16.780390 6.701101
v -1.440477 -0.532569 6.881407
v 4.360229 -3.188371 6.850192
v -0.640489 -3.504896 6.880340
v -3.210693 -21.321850 6.766227
v 4.644783 -3.639604 6.899911
v 2.903716 -5.137616 6.774015
v -0.343071 -4.320500 6.891984
v -1.107539 -0.375860 6.890472
v -1.751134 0.156454 6.770331
v -2.089315 -2.696687 6.870523
v 2.525086 -5.321704 6.704560
v -3.095380 -1.132042 6.787848
v -1.219794 0.152050 6.800761
v -2.476872 -2.483756 6.770051
v 2.844887 -2.746235 6.852920
v 1.657139 -2.106547 6.821993
v -0.702643 -0.053325 6.809890
v -2.959916 -0.717043 6.878586
v -6.509330 -20.933762 6.570368
v -0.700842 -5.217759 6.652719
v -2.800597 -2.625418 6.700012
v 2.195351 -2.229744 6.802674
v 1.875370 -2.166625 6.713385
v 4.777047 -4.179761 6.819203
v -0.000637 -1.219163 6.885889
v 2.722648 -2.506942 6.754412
v -1.417115 -17.110037 6.867044
v -1.096340 -0.645715 6.785753
v -0.694865 -4.889338 6.808641
v -2.311500 -2.510250 6.765800
v 2.520191 -2.373314 6.764239
v -4.285225 -16.669273 6.715271
v -0.090810 -19.802620 6.605589
v -1.487314 -3.107667 6.720404
v 0.937565 -6.631375 6.563013
v -0.601199 -0.291573 6.739409
v 4.298803 -2.987006 6.707522
v 4.702553 -3.450856 6.692385
v -3.527410 -16.676727 6.606109
v 3.106650 -2.803990 6.708510
v 2.647824 -2.149376 6.603347
v 2.391305 -2.082762 6.687937
v -3.214875 -1.541706 6.535351
v 4.796395 -4.708909 6.571798
v -1.568289 -16.990252 6.604020
v -0.165540 -4.183118 6.749179
v -6.371353 -8.090544 6.677248
v -6.798880 -18.655157 6.676052
v -0.804705 -0.460169 6.758323
v -6.877797 -18.999523 6.716123
v 4.221080 -2.806320 6.683110
v 2.201915 -1.939090 6.646655
v -5.323581 -16.965372 6.592853
v -6.597091 -18.330208 6.674310
v -2.726047 -16.717777 6.778723
v -6.366660 -7.658491 6.667430
v 0.981977 -1.818850 6.727824
v 4.389582 -3.132900 6.682052
v 2.952002 -2.424970 6.605504
v -6.724490 -7.884440 6.663880
v -6.622593 -20.360136 6.440734
v -6.531052 -7.367002 6.654618
v -0.248773 -1.047254 6.602906
v 3.480647 -2.707615 6.558135
v -6.538596 -8.245795 6.657688
v 4.875192 -3.717459 6.676025
v -2.291147 -2.698113 6.653008
v 2.920774 -2.667236 6.680698
v 2.118188 -5.669226 6.507493
v -6.017329 -8.086595 6.615815
v 2.780517 -5.318061 6.559662
v -0.491077 -0.864530 6.675783
v 0.228436 -1.443584 6.575007
v -0.921894 -17.617117 6.551034
v 4.684200 -5.037994 6.579270
v -0.414103 -4.644007 6.659693
v -1.141412 -17.322577 6.649759
v -0.722393 -0.691132 6.661799
v -6.104037 -8.305112 6.622630
v -6.641446 -20.594120 6.705843
v -4.299272 -21.393845 6.798184
v -2.521169 -2.744828 6.597083
v -6.687109 -7.081660 6.617830
v -6.259429 -8.466600 6.605419
v -0.832410 0.034849 6.618771
v 2.079818 -2.138762 6.656446
v -6.816989 -7.437771 6.606539
v -1.398481 -21.004381 6.586965
v -6.748629 -8.229156 6.593423
v 2.434462 -1.756926 6.562819
v 3.930405 -2.603780 6.515725
v -6.523015 -8.500611 6.560534
v -6.912949 -7.915291 6.562030
v -0.579179 -5.628479 6.560843
v -6.858730 -19.658707 6.620667
v 4.994572 -4.037705 6.471129
v 4.929030 -4.429521 6.532970
v -3.191837 -1.945391 6.669598
v 4.804656 -3.405647 6.376197
v -0.472234 -0.622079 6.567090
v -0.512391 -0.186826 6.599411
v -2.083537 0.058539 6.643689
v 3.081311 -2.157149 6.477345
v 0.637287 -6.725013 6.395849
v -0.140564 -20.141926 6.898870
v -5.549880 -21.344820 6.627667
v -3.282850 -1.098672 6.397209
v -0.865632 -3.451218 6.580252
v -0.308269 -0.389333 6.503430
v -6.632580 -20.732822 6.427226
v -5.802236 -8.547753 6.494924
v -6.856376 -7.075965 6.467415
v -6.092879 -6.956328 6.542581
v 3.124171 -5.376837 6.422183
v -5.670502 -7.377990 6.453336
v 3.210070 -2.677780 6.520120
v -0.576214 -3.564559 6.585464
v -0.024795 -1.270268 6.562936
v 5.034397 -3.743772 6.405589
v -0.079273 -3.675805 6.580925
v 4.355523 -3.025610 6.457192
v -5.986669 -8.792988 6.428956
v -2.786731 -16.726562 6.426564
v -0.607701 -18.246429 6.371706
v -0.538049 -4.933649 6.553322
v -6.339988 -17.971424 6.598423
v 2.294307 -1.562254 6.460789
v 4.924124 -3.550878 6.453017
v 4.181836 -5.311820 6.550218
v 2.142860 -1.674010 6.497170
v -2.732235 -0.191187 6.547090
v 1.144214 -1.961452 6.506894
v -1.310746 -17.175879 6.434095
v 0.046401 -3.794422 6.504241
v -0.310130 -0.881685 6.487730
v -0.284847 -18.922462 6.416809
v -0.348004 -0.580232 6.497501
v -7.053757 -7.467977 6.407015
v -6.394129 -6.330195 6.457540
v 0.020561 -3.969714 6.595443
v -4.668626 -16.830200 6.193497
v -1.722920 -3.024140 6.478680
v -6.723160 -6.686844 6.378015
v 1.715606 -2.068269 6.385667
v -0.284790 -3.630919 6.493619
v -2.025831 -2.870756 6.575010
v -0.043087 -4.179212 6.562962
v -7.055572 -8.135557 6.386500
v 2.905800 -1.881750 6.402116
v 0.490019 -1.606561 6.508899
v -3.978083 -16.709978 6.294393
v -6.354321 -8.796966 6.400737
v 4.446257 -3.211466 6.349113
v -6.818556 -8.394495 6.458926
v -5.677930 -17.183296 6.557522
v -0.356861 -5.987108 6.494175
v -2.719737 -2.920302 6.464618
v -6.687900 -18.477852 6.351379
v -6.157168 -17.639000 6.435930
v -0.315601 -0.310371 6.366730
v 1.316745 -6.330615 6.470034
v -6.238699 -6.177721 6.432280
v -0.148160 -19.387087 6.373186
v 2.015947 -1.941724 6.478865
v -2.108243 -16.893032 6.269817
v 2.589239 -1.559139 6.409404
v -6.891786 -19.171629 6.359150
v -3.145394 -0.633470 6.472679
v 4.656040 -3.321694 6.218661
v 2.240778 -5.744296 6.197608
v -2.208062 -2.914274 6.417442
v 0.782458 -1.767314 6.437746
v 2.955360 -1.505782 6.269821
v 3.594075 -2.533113 6.292248
v -3.061661 -16.812262 6.003049
v -0.610389 -0.103306 6.363451
v -3.014735 -2.893741 6.384962
v 4.949708 -5.011674 6.294603
v -5.814015 -6.487070 6.422700
v -0.670128 -20.720633 6.410067
v -3.144939 -2.675111 6.355020
v -0.498640 -5.828881 6.223071
v -0.616067 -5.361560 6.419123
v 1.745786 -6.017147 6.286375
v 2.251127 -1.464120 6.267556
v 2.673557 -5.486801 6.298214
v -1.184450 -3.240010 6.350010
v -6.826761 -18.791296 6.301164
v 2.487966 -1.363565 6.258706
v 3.711803 -5.388362 6.441343
v -1.103390 -17.435455 6.269130
v 1.388270 -2.059437 6.422635
v -5.842340 -6.083927 6.369234
v 4.778440 -5.210748 6.346707
v 4.131049 -5.475690 6.329148
v -0.093231 -4.443737 6.364958
v 2.066393 -1.570414 6.188087
v -0.329603 -4.739143 6.358998
v -0.109510 -1.192902 6.280807
v -6.005720 -5.792446 6.284580
v 0.077589 -3.937726 6.331263
v -0.520758 -5.091454 6.312958
v 4.324924 -2.597826 6.352963
v -0.080589 -3.741160 6.324807
v 0.049927 -4.148545 6.356785
v -5.235924 -8.812842 6.247725
v -6.877984 -19.535250 6.304345
v -0.687681 -3.639867 6.245590
v -0.206779 -20.267971 6.335877
v -0.947153 -3.473855 6.249924
v -0.156688 -0.801567 6.323809
v -6.725704 -8.610599 6.359851
v -1.737286 -17.025173 6.106041
v -6.132989 -8.973250 6.292590
v 4.578246 -5.334590 6.368017
v -5.201385 -8.391999 6.269831
v -7.018736 -8.433115 6.246212
v -2.379486 -3.057657 6.300841
v -5.489543 -8.969540 6.270548
v 4.431990 -2.725580 6.268040
v -5.230277 -6.702202 6.244178
v 4.186764 -2.493687 6.292873
v -6.211405 -5.861561 6.260921
v -1.258681 -17.377207 5.971893
v -4.965963 -21.399069 6.442037
v -2.015673 0.096768 6.257094
v -0.089126 -6.292809 6.276242
v -0.591516 -5.546546 6.214911
v -6.423279 -6.065431 6.242980
v -5.761869 -9.091742 6.181856
v -2.428401 0.013283 6.258995
v -1.414527 -3.151047 6.276179
v -0.915726 -17.826044 5.961892
v -1.468569 -17.104401 6.232860
v -1.824645 -3.112750 6.161548
v 1.857721 -1.834089 6.211812
v 4.311996 -5.581949 6.190995
v 0.261077 -6.547352 6.214345
v -7.234473 -7.767818 6.250438
v -2.835356 -3.111621 6.236309
v 0.567760 -1.711504 6.223776
v 1.404456 -2.034887 6.194646
v -5.240528 -17.012156 6.125266
v -5.134616 -5.835102 6.101304
v 3.255283 -1.614810 6.149212
v -0.076489 -0.672446 6.193430
v -3.382595 -1.847206 6.167582
v -0.365311 -3.723419 6.225373
v -6.337461 -9.001330 6.096765
v 2.479264 -1.252324 6.027846
v -0.150463 -4.531330 6.183240
v 0.037913 -4.046660 6.175880
v -0.040835 -3.887124 6.161594
v 0.243367 -1.596955 6.218090
v -5.512177 -5.638970 6.185315
v 4.909568 -5.171902 6.138940
v -1.205152 0.111779 6.466699
v -1.209271 -3.297982 6.099980
v 0.891299 -1.803222 6.214042
v 3.931980 -5.685790 6.160720
v -0.068951 -1.055107 6.131318
v -0.909947 -0.015650 6.216346
v -0.276546 -19.124096 5.977878
v -6.048688 -21.178417 6.038095
v 0.057803 -1.448902 6.235298
v -0.316062 -6.122017 6.077065
v 3.950641 -2.443528 6.154435
v 4.399007 -2.559782 6.129278
v -0.273006 -0.352098 6.112077
v -0.591333 -5.309837 6.150978
v -2.832515 -0.142556 6.200211
v 4.734340 -5.379305 6.164819
v -3.034860 -3.023465 6.071645
v -5.619623 -17.186554 6.100640
v 5.029208 -4.695504 6.190494
v -6.749370 -8.779731 6.123670
v -0.048255 -4.282669 6.136014
v 2.477110 -5.749871 5.991584
v 5.087256 -3.632376 6.178515
v -3.399562 -0.562366 6.062613
v -0.940189 -3.629560 6.033957
v -0.419681 -4.897239 6.141748
v -0.027865 -0.882917 6.099530
v -5.338860 -9.200138 6.045317
v -0.619970 -3.803586 6.023725
v -7.313682 -8.054553 6.137885
v 5.135676 -3.928001 6.118816
v -7.827195 -7.278650 6.088345
v 5.015190 -3.500189 6.073771
v 4.489496 -5.619382 6.007017
v 1.121382 -1.904797 6.150190
v 5.122746 -4.319443 6.090155
v 4.342581 -3.093596 6.220723
v -3.123572 -0.344536 6.221761
v -5.798271 -5.467992 6.045896
v 4.202231 -5.715331 6.006403
v 2.853364 -5.669828 5.955673
v 3.540309 -1.888471 6.209054
v -6.315012 -17.926748 6.154896
v -7.987219 -7.287651 6.073740
v -4.909629 -8.892688 6.100279
v 3.919979 -2.247142 6.060080
v -1.555701 0.104313 6.232975
v 4.887455 -3.411330 5.952200
v -5.043043 -9.121980 6.060746
v -7.415771 -7.690113 6.037174
v -0.188354 -19.556955 5.886395
v -1.281511 -3.499832 5.864347
v -2.817660 -3.262660 5.977795
v 0.946574 -0.521801 6.042710
v -3.504025 -0.959377 6.047223
v -7.600584 -6.871432 6.025362
v -3.333854 -2.191307 6.056817
v 0.750702 -1.704109 6.031116
v -4.659645 -6.876133 6.031834
v -6.503101 -18.380119 5.785485
v -0.554173 -0.199045 5.977872
v -7.600550 -6.143071 6.048260
v -7.885752 -6.991892 6.044837
v -4.582505 -7.709521 6.026330
v 2.959443 -1.192675 6.110075
v -1.468550 -3.206970 6.036160
v -0.147383 -4.092794 5.986294
v -7.277160 -7.230280 6.032890
v -6.716173 -19.732153 5.773797
v -0.081386 -0.687567 5.976118
v -7.322869 -5.846325 6.013345
v -7.567077 -5.926943 6.012548
v -7.827882 -7.546685 6.027304
v -6.651699 -20.540846 6.124895
v -7.733793 -6.160826 5.992913
v -2.117453 0.188694 5.996980
v 0.925871 -0.340794 6.020319
v -6.531898 -20.865900 6.018990
v -5.442837 -9.343081 5.816592
v -0.564478 -5.110815 6.009104
v 0.944702 -0.775714 5.992645
v 1.139092 -0.735224 5.976876
v 5.157888 -3.709576 5.951348
v 1.407369 -1.949647 6.005318
v 0.725364 -0.413358 6.015464
v 0.763875 -0.615610 6.015190
v 0.003227 -1.394890 6.012360
v -4.757052 -9.142489 5.922717
v -0.609711 -5.693141 6.007118
v 1.024160 -1.748470 6.009750
v 1.198236 -6.472807 5.911589
v -8.095832 -7.299189 5.974980
v -0.260128 -4.598937 6.013981
v -3.229766 -2.619853 5.981715
v -6.824687 -19.389824 5.941787
v 4.435516 -2.722762 6.055299
v -5.054790 -5.348431 5.994766
v -4.012899 -5.958972 5.992452
v -5.968763 -9.213701 5.848294
v -7.529111 -7.935952 5.996921
v 1.266591 -0.502042 5.948544
v -4.147815 -6.149379 5.982586
v 0.787764 -6.644065 6.018150
v -7.705123 -7.824763 5.977568
v 1.575347 -1.970144 6.067423
v -3.865499 -6.136921 5.969065
v 3.937238 -1.920196 6.009627
v -3.830428 -21.408300 5.988660
v 4.376951 -2.542363 6.001995
v -8.030462 -7.569314 5.973910
v -4.631815 -6.463573 5.950011
v -7.076519 -6.771020 5.987040
v 4.458251 -3.284390 5.986890
v -3.933155 -6.337770 5.961790
v -7.549475 -6.472116 5.975385
v -5.887709 -17.404699 5.980700
v -6.080870 -5.518699 5.923551
v -7.931795 -7.834960 5.948245
v -4.802295 -5.521847 5.931184
v 0.608485 -6.726060 5.970380
v -7.485845 -7.289300 5.961960
v 5.051478 -4.939870 5.926392
v -2.278421 -3.327763 6.018723
v -7.413840 -5.739566 5.965834
v 4.782369 -5.397546 5.947204
v 3.501513 -1.366550 5.980291
v 0.619638 -0.588665 5.889332
v 2.914223 -1.044921 5.916104
v 3.201408 -5.709774 5.908104
v -7.608129 -8.130212 5.875796
v 4.214930 -2.393290 5.958750
v -0.177457 -20.009882 5.999942
v 0.607187 -0.294800 5.906115
v -2.571164 -3.381770 5.980799
v -0.123357 -4.265560 5.952370
v 0.135494 -6.496166 5.939873
v 5.161148 -4.198118 5.855069
v -0.473155 -20.532719 5.916082
v 0.405872 -1.655088 5.960784
v -3.999789 -5.714675 5.901445
v -3.816644 -5.735021 5.905265
v -7.274896 -7.003882 5.939377
v 1.265415 -1.839047 5.922389
v 4.388862 -2.896316 5.971295
v 1.348665 -0.773090 5.885072
v 0.696917 -0.174463 5.934590
v 0.150690 -1.553332 5.967029
v -7.465425 -6.974381 5.941181
v -2.816901 0.052690 5.833126
v -1.239688 0.080689 6.021868
v -7.787072 -6.019556 5.859466
v 0.835635 -1.545732 5.922490
v -4.180634 -5.935651 5.900628
v 3.957290 -1.491780 5.924250
v -6.589041 -20.381979 5.941658
v 3.392052 -1.116377 5.938803
v -6.561453 -5.946816 5.942204
v -4.234783 -6.356680 5.920110
v -6.494727 -9.051694 5.755240
v 0.999270 -0.172516 5.923710
v -1.512686 -3.355489 5.860880
v 1.801585 -0.309836 5.895870
v -7.672126 -5.780787 5.785958
v -7.285290 -6.749371 5.896540
v -7.730730 -6.535281 5.905980
v -0.676138 -5.387939 5.920961
v -0.441708 -4.769536 5.890544
v 0.713331 -0.838275 5.894978
v 2.347450 -1.288294 5.855550
v -7.842005 -6.743702 5.893216
v -5.340123 -5.241803 5.907288
v 0.005200 -1.017069 5.871059
v -4.352942 -6.586163 5.879657
v 4.350020 -3.178430 5.891360
v -0.131306 -6.345909 5.896196
v -0.528371 -5.993687 5.850682
v 0.925394 -1.097765 5.881537
v 1.953423 -1.646911 6.009124
v 1.626045 -0.360258 5.886661
v -4.337646 -6.093959 5.867097
v -0.715818 -5.778104 5.775086
v 0.521331 -6.679010 5.875250
v 1.345587 -0.300008 5.880219
v 4.453610 -2.643853 5.896273
v 4.296449 -2.194899 5.831323
v 1.886769 -0.414251 5.872446
v -5.120355 -9.344135 5.825662
v -7.128079 -5.595030 5.868450
v 0.771869 -1.378233 5.863593
v 4.430727 -2.470510 5.814079
v -1.451709 -17.290304 5.717440
v 1.691920 -0.160560 5.859790
v -3.667584 -6.434660 5.785715
v 1.522374 -1.810607 5.839756
v -4.422504 -8.715618 5.847903
v -6.842712 -6.169710 5.835097
v -3.802594 -5.351010 5.778666
v 1.761708 -6.312393 5.718059
v -4.104670 -6.580553 5.825948
v 5.131787 -4.572762 5.874777
v -7.297077 -5.556702 5.811654
v 1.322299 -1.683281 5.792060
v -1.774579 -3.298705 5.860029
v 1.046423 -1.418957 5.852126
v 4.511143 -2.816824 5.775546
v -1.523209 0.212905 5.836836
v -4.866524 -5.040479 5.813622
v 1.114920 -1.025872 5.837486
v -4.584970 -6.122960 5.869740
v -0.196284 -0.552536 5.821702
v 1.473460 -0.163989 5.827017
v 0.719309 -1.155760 5.836950
v -8.130892 -7.076264 5.797454
v 1.627493 -0.571354 5.839324
v -4.576747 -5.084343 5.795778
v -0.634289 -5.000297 5.820993
v 3.212236 -0.923920 5.853580
v -7.120860 -6.462660 5.826430
v -0.304008 -4.399459 5.825067
v -4.168426 -8.222729 5.732175
v -2.415441 -3.610932 5.699141
v -8.102975 -7.916151 5.809870
v -3.582230 -6.284501 5.813870
v 0.819455 -0.002514 5.812010
v 2.013747 -0.330449 5.816642
v 5.161640 -3.861637 5.787724
v -8.211004 -7.424444 5.802231
v 1.987789 -0.116222 5.783589
v 3.803559 -1.166505 5.747535
v -6.992060 -6.165580 5.799765
v 1.224004 -0.101758 5.822512
v -7.848118 -6.407293 5.775406
v -2.162175 -3.636981 5.737226
v 0.547138 -1.552441 5.825304
v -6.598596 -20.732338 5.723730
v -0.644747 -4.016408 5.800100
v 4.205087 -1.459810 5.702994
v -6.456626 -5.682276 5.776837
v 0.783737 -6.669589 5.779871
v -3.501079 -1.410956 6.003222
v -0.910532 -0.061135 5.749325
v -2.428602 0.331646 5.689520
v -3.590909 -5.244270 5.777930
v 4.589060 -2.644844 5.749175
v -4.505079 -5.498479 5.773327
v 3.526606 -0.872351 5.763721
v -7.519330 -5.591751 5.708171
v -6.950939 -5.876704 5.789588
v 0.537466 -6.828023 5.672018
v 0.598020 -0.061589 5.787413
v -2.208053 -17.036144 5.579412
v 5.135178 -3.609374 5.804735
v 0.005031 -6.569728 5.623016
v 0.107585 -1.405401 5.771572
v 4.999209 -3.475440 5.810338
v 1.471550 -0.938749 5.755546
v 2.121083 -0.654505 5.629072
v -3.443063 -2.276709 5.661496
v -6.761456 -5.858687 5.743428
v -0.457108 -4.246484 5.738624
v -5.412447 -21.344084 5.811520
v -7.475365 -8.419648 5.716343
v -8.186975 -7.650486 5.825046
v -7.912419 -6.199521 5.750760
v 1.752714 -1.741317 5.828655
v 3.676853 -5.903199 5.677790
v -8.017388 -6.730824 5.620784
v -7.872896 -8.180022 5.656675
v -0.436301 -0.379576 5.635621
v -1.576297 -3.518377 5.716167
v -0.833120 -5.549963 5.708485
v 0.267885 -6.620184 5.751256
v -4.165149 -6.856808 5.799791
v 2.158597 -0.339803 5.686502
v 2.644797 -6.053447 5.475784
v -0.033929 -0.828497 5.711495
v 1.978659 -1.591981 5.795047
v 4.491890 -3.280870 5.729640
v 4.404250 -3.090480 5.728990
v -4.275374 -5.661126 5.695605
v -4.502014 -4.892272 5.699385
v -1.854648 -3.638757 5.684378
v -0.526232 -4.541577 5.716193
v 0.274957 -1.523014 5.744175
v -1.734750 -4.610120 5.724740
v 1.805435 0.010252 5.663084
v 2.206723 -1.391437 5.775667
v 1.795549 -0.800824 5.687264
v 0.495760 -6.705860 5.716000
v 4.336356 -1.865284 5.779056
v -5.067201 -4.946981 5.645520
v -7.051745 -5.533274 5.653170
v 1.363488 -1.235818 5.664901
v -3.869552 -6.715264 5.682551
v -5.529669 -17.320787 5.544381
v -0.977073 -3.845856 5.749755
v -6.552190 -19.996437 5.350433
v -6.697041 -19.161261 5.508584
v -0.754466 -4.809907 5.674727
v -3.331496 -2.580608 5.314104
v 0.508251 -0.784534 5.695465
v -6.925103 -5.686677 5.728707
v -0.808474 -5.200967 5.738941
v -1.788800 -5.100190 5.696760
v -3.923419 -16.912882 5.463239
v 0.459208 -0.238795 5.648122
v 0.663607 -6.786080 5.685010
v -5.027869 -17.091675 5.539308
v -4.280856 -8.993465 5.674167
v -1.843765 -4.391270 5.655810
v -5.894742 -5.251621 5.583592
v -1.530757 -4.401566 5.613871
v -3.320672 -0.202397 5.731221
v -6.107638 -17.763000 5.675640
v 0.528940 -0.000181 5.652055
v 4.814065 -2.583764 5.612956
v -2.851282 -3.253951 5.696305
v -3.463532 -6.429885 5.606482
v -3.277135 -5.943956 5.657185
v 1.327382 -1.455070 5.684089
v -2.007630 -4.784920 5.665290
v -8.207658 -7.869103 5.750452
v 0.074322 -1.158720 5.678637
v -1.891500 0.327999 5.733556
v -2.640140 -3.501964 5.677419
v -3.346084 -4.756395 5.646070
v -1.211975 0.130923 5.745963
v -7.300018 -5.470843 5.651278
v -3.863415 -5.220425 5.623025
v 3.338600 -0.747925 5.659736
v -6.694576 -5.707917 5.659470
v 4.745577 -2.799312 5.593941
v -2.129020 -5.067288 5.604696
v -4.074441 -5.252699 5.601935
v 1.229353 -6.648960 5.627637
v 3.880881 -0.815846 5.586205
v 2.079057 -0.024958 5.583336
v -3.517070 -4.862370 5.640400
v 0.458117 -1.357437 5.661248
v 3.541840 -0.676512 5.637980
v -6.631834 -20.502434 5.614934
v 1.496850 0.022792 5.646337
v 1.673021 -1.616817 5.670599
v -4.714769 -9.379573 5.621747
v -3.812876 -1.121205 5.548858
v -4.344979 -9.253010 5.570850
v 4.452755 -1.664819 5.593801
v -4.088089 -5.437601 5.626390
v 4.632320 -5.576611 5.640097
v 4.082050 -1.173362 5.577746
v -4.620009 -4.823771 5.577750
v 4.601541 -2.952455 5.596334
v -0.141845 -0.653590 5.610871
v -1.321025 0.322371 5.584747
v 2.795999 -1.040820 5.694081
v 0.733689 0.101886 5.575416
v -1.013006 -5.298586 5.607026
v 3.198460 -0.759095 5.517150
v 0.690003 -6.909617 5.555607
v -3.197415 -4.409386 5.575248
v 0.510089 -7.021147 5.412549
v 1.873528 -1.581568 5.620039
v 1.145026 0.115108 5.508177
v -1.966530 -5.314480 5.605270
v -3.698971 -4.965002 5.574480
v 4.826921 -3.379439 5.676089
v -0.850691 -4.444729 5.598296
v -6.810155 -5.612190 5.543257
v -6.489234 -20.903471 5.515625
v -7.877238 -5.919409 5.603446
v -3.103407 -5.001528 5.552604
v -8.435703 -7.729021 5.555135
v -1.653570 -4.210004 5.581343
v -0.337128 -20.310083 5.614072
v -3.918534 -7.184014 5.618494
v 4.349083 -5.744439 5.644586
v -1.043217 -4.956540 5.581705
v -3.290967 -6.208208 5.579526
v -1.492166 -5.146330 5.604886
v -3.055000 -4.361675 5.576865
v -4.357054 -16.993330 5.303408
v 2.319084 -0.515587 5.540858
v -1.371644 -4.873705 5.582480
v -1.223266 -20.954700 5.536829
v -4.271059 -5.071595 5.682625
v 0.122829 9.273600 5.571740
v 1.547498 -1.480353 5.600056
v 0.321567 -6.872312 5.489370
v -1.369576 -3.806672 5.545225
v 0.233512 -1.291894 5.551785
v 2.056415 -1.458790 5.590351
v 0.425026 9.066995 5.552264
v -8.371479 -7.310781 5.579911
v 5.010278 -4.963584 5.442775
v 3.053710 -5.962634 5.535788
v -3.074569 -2.927448 5.625241
v 2.325487 -0.084449 5.427747
v 0.839232 7.686924 5.543724
v -7.797009 -5.613090 5.468426
v 0.490122 7.099548 5.536774
v 4.574934 -3.198860 5.537782
v -1.014419 0.106290 5.545674
v 0.381111 -1.042074 5.543428
v 1.633126 -6.606602 5.474706
v -1.306158 -5.362464 5.531789
v 4.686855 -0.964580 5.224327
v 2.329774 -0.294751 5.518984
v -0.668627 -6.109102 5.564911
v 0.192990 9.082420 5.541820
v 5.102068 -3.509630 5.610004
v -2.971405 -4.091720 5.530173
v 0.362493 9.336810 5.509542
v -3.547480 -6.668986 5.464862
v 5.073827 -2.495913 5.446640
v -4.617244 -21.382292 5.400008
v -1.295628 -4.418881 5.524353
v -0.954601 -5.924077 5.465989
v 0.650861 9.072576 5.505070
v -1.059229 -5.580946 5.544167
v -3.907947 -4.971022 5.551979
v -0.050063 9.503580 5.528433
v -0.203221 9.392860 5.493316
v -2.565647 -3.707525 5.503253
v 0.430925 -0.474391 5.634254
v 0.531944 8.780930 5.523110
v -8.309564 -7.975801 5.511380
v 5.224285 -3.659989 5.507436
v -1.580649 -5.417637 5.522617
v -2.716115 -3.637685 5.472149
v -0.760764 -0.087699 5.388437
v 1.713237 -1.052139 5.567824
v 0.742280 8.786991 5.501397
v -0.328375 7.381020 5.514980
v 5.174134 -4.372808 5.579235
v -7.173703 -5.457901 5.502194
v 5.196442 -4.082027 5.461319
v -3.084623 -4.144883 5.505312
v -3.734684 -1.748594 5.401036
v 1.112513 6.839861 5.470821
v -4.963729 -9.517145 5.458514
v -8.008278 -6.222447 5.540387
v -1.766980 -5.563590 5.421025
v -7.579705 -5.458098 5.424485
v -2.388158 -5.184689 5.497903
v -6.586815 -5.521415 5.405945
v -2.029570 -3.868950 5.497470
v -1.998357 -4.180971 5.516633
v 0.019087 -0.856325 5.523998
v 3.515355 -0.576390 5.489750
v -0.079597 9.158638 5.465104
v -1.146524 -4.060018 5.537447
v 4.276065 -0.910231 5.398570
v -0.251956 -19.945704 5.604841
v -0.206516 6.786343 5.491807
v 0.904023 8.203712 5.464686
v -2.735356 -3.443866 5.444690
v 2.556754 -1.150682 5.479475
v -2.836322 -4.187687 5.475021
v -5.453859 -4.991510 5.487290
v -3.021625 -5.600680 5.485510
v -6.980752 -5.511908 5.423737
v 1.158439 14.681800 5.485280
v -2.418371 -4.895294 5.483007
v 1.871036 -1.446273 5.501426
v 4.622594 -1.463538 5.411846
v 0.549754 6.475476 5.467168
v 4.696805 -1.797857 5.511669
v -1.958596 0.528426 5.433512
v -3.715556 -0.387935 5.461618
v -1.676572 -4.063051 5.470791
v 2.168432 -6.235174 5.530295
v -1.352154 -4.221665 5.487245
v -0.224225 -6.629530 5.404930
v 1.165256 13.795738 5.464492
v -6.875788 -8.998632 5.263143
v -2.905889 -3.926009 5.453210
v -0.305766 -19.544527 5.395211
v -4.075575 -4.803268 5.518873
v 0.064449 8.259776 5.466954
v 4.774034 -3.048213 5.455415
v -4.044827 -9.059809 5.399046
v -5.120302 -4.847780 5.343319
v 0.104746 14.080728 5.459980
v -2.235035 -4.443559 5.496199
v 0.543611 14.674800 5.456215
v -2.021407 -3.953032 5.455119
v 5.000318 -2.840524 5.446439
v -2.797989 -5.174360 5.450025
v 1.389877 7.869355 5.441110
v 3.999157 -5.945901 5.445316
v 0.753086 14.883484 5.400887
v -3.603607 -6.992118 5.389995
v -0.484535 9.744348 5.453333
v -2.709754 -3.835591 5.445050
v 0.882682 8.550510 5.443866
v -0.296834 -0.499422 5.454768
v 3.896911 -0.490813 5.422432
v -3.316947 -16.937998 5.459197
v -1.865002 -4.035263 5.454247
v -3.789858 -4.763398 5.445455
v -0.363939 9.285656 5.410950
v -1.671380 -3.914150 5.439660
v 0.951579 8.909770 5.425304
v -2.260618 -4.056612 5.428442
v -0.668261 7.024610 5.453105
v -0.504115 8.092388 5.445775
v -3.508999 -4.679613 5.463387
v 1.580063 14.370405 5.435341
v -0.239952 6.220055 5.417240
v -1.384248 0.653006 5.413748
v 0.610391 8.505930 5.430934
v 1.183782 8.481877 5.399532
v 0.001902 14.797800 5.429240
v 0.563062 13.296741 5.422822
v -0.882595 7.788252 5.400768
v -1.514851 -4.009548 5.422668
v -6.578967 -20.679958 5.325862
v -7.956504 -5.758431 5.426008
v 0.529917 8.215013 5.445291
v -2.572038 -4.380228 5.403554
v -1.658009 0.568514 5.402889
v -2.458056 -3.900688 5.421972
v 1.864782 -1.238960 5.433912
v -0.544359 14.286364 5.403095
v -0.073765 13.286965 5.382494
v -0.744249 9.622565 5.367920
v 1.144026 14.950044 5.385442
v -3.055180 0.226275 5.507633
v 2.261346 -1.300285 5.441413
v -2.485179 -5.377930 5.405070
v -2.634523 -4.088194 5.403543
v -8.063223 -5.937154 5.371645
v 5.365007 -3.866944 5.367480
v -0.461541 -19.066700 5.337015
v -0.060875 -0.630804 5.397981
v -0.279856 9.944085 5.409565
v -1.327772 -5.761332 5.373827
v 1.916089 14.707136 5.397025
v 4.977942 -3.107967 5.399722
v 0.130078 -0.759807 5.398140
v 5.122276 -3.389935 5.410103
v -0.674064 13.813906 5.348286
v -3.905025 -8.685522 5.447072
v 5.217110 -3.058949 5.394990
v 2.526380 -0.708330 5.393620
v 5.366305 -3.542531 5.386938
v -6.552676 -20.314888 5.478537
v 5.412762 -3.334246 5.387617
v -1.121367 0.545076 5.361629
v -1.547191 0.788786 5.385368
v -0.479212 8.592163 5.365873
v 0.038537 8.862955 5.345583
v 5.144118 -4.719116 5.311514
v -2.810884 -5.441407 5.401072
v 0.283051 14.979401 5.338151
v 0.326332 -0.217691 5.424128
v -6.073578 -21.137844 5.364961
v 0.268681 -0.525402 5.428452
v 5.406712 -4.187877 5.282200
v -8.538812 -7.766128 5.315398
v 1.626330 0.148350 5.348585
v -2.828105 -3.752264 5.374269
v 0.870350 5.892691 5.373683
v 2.122120 0.063773 5.378814
v 0.137054 -7.092871 5.230050
v 1.840852 14.977051 5.370208
v -4.016448 -4.698423 5.247528
v 1.909021 6.704909 5.333241
v 1.742658 13.804107 5.380293
v 1.066564 12.947454 5.378317
v -7.345620 -5.451376 5.331860
v -3.641590 -7.693507 5.412167
v 2.565084 -0.324087 5.377511
v -1.194770 7.100805 5.341845
v -0.176976 9.040330 5.311685
v 1.570257 14.853180 5.377774
v -3.169191 -4.275191 5.308659
v 5.222042 -2.644408 5.309570
v 5.478030 -3.070719 5.351290
v 5.646312 -3.761592 5.327568
v -0.071035 15.030463 5.292424
v 1.148815 9.227677 5.280907
v -0.646289 10.089900 5.340380
v -2.743939 -3.375456 5.213521
v -0.857979 -6.335845 5.220332
v -0.578331 -0.300280 5.338060
v -1.495498 1.046308 5.253870
v -3.360407 -8.068073 5.106240
v 0.621123 15.073446 5.210662
v -3.624586 0.033732 5.180117
v 1.734122 13.128931 5.311073
v 2.142690 14.224736 5.324244
v -0.304813 14.918000 5.326730
v 2.344745 -0.924277 5.336023
v 0.379836 -0.044335 5.351784
v 2.702057 -0.537554 5.268497
v 5.282280 -2.851259 5.319970
v -0.089064 8.672110 5.330537
v -6.285427 -9.246669 5.358326
v -0.838601 14.465450 5.275090
v -0.784359 6.231677 5.325580
v 2.251982 14.782678 5.316355
v 0.040141 -0.466085 5.283458
v 1.685454 5.966749 5.329361
v 2.051402 -6.505951 5.333303
v -8.552094 -7.490345 5.363196
v -1.728180 0.776592 5.260315
v 1.154582 12.356004 5.280224
v 0.919552 -7.065453 5.350567
v 1.845189 15.205860 5.240786
v 2.128011 -1.250583 5.330820
v -2.781610 -3.641110 5.304290
v 2.789670 -0.969171 5.302370
v 5.228963 -4.451567 5.337256
v 2.102184 7.709093 5.292459
v -3.339016 -7.205732 5.128917
v 2.550063 -0.084551 5.291899
v 1.637620 5.394150 5.299190
v -2.988083 -4.015334 5.262247
v 2.160420 -1.107340 5.295890
v 2.085150 15.099691 5.308988
v -1.684720 0.998614 5.294090
v -0.157666 -0.439753 5.266472
v 3.803730 -0.325437 5.222353
v -0.860183 8.485304 5.314910
v 2.381636 15.097260 5.293215
v -3.050605 -6.120590 5.210324
v -2.879223 -5.753351 5.249982
v 5.260784 -2.251206 5.296133
v 5.016639 -5.080442 5.279135
v -0.969136 9.919585 5.298840
v 1.506867 12.595495 5.304901
v -0.351939 5.458623 5.220641
v -0.737908 -6.741869 5.062045
v -6.761234 -5.512384 5.262068
v -7.705085 -8.489184 5.292397
v 4.184523 -0.420311 5.289081
v -0.364668 -0.351081 5.248657
v -0.300944 8.888725 5.261867
v -4.127295 -9.306457 5.222048
v -1.117385 10.241400 5.186463
v -7.660470 -5.390555 5.117912
v 4.412585 -0.560869 5.236247
v 3.060510 -0.804183 5.283590
v 6.076635 -3.882280 5.197408
v 1.056071 4.979176 5.193121
v 4.785231 -5.485108 5.316026
v 2.007747 5.268750 5.238287
v -1.074469 9.692972 5.229816
v -1.747870 1.217700 5.267000
v -2.898547 -3.104971 5.314403
v -2.258887 0.752461 5.148551
v 2.378508 -1.146218 5.276089
v -0.826093 0.333295 5.249830
v -3.398377 -4.512174 5.265254
v 1.523163 15.078851 5.263356
v -3.232187 -17.028315 4.997700
v 0.197237 12.463613 5.263493
v -1.906589 0.737716 5.192333
v -8.132582 -6.135280 5.293740
v 2.315738 15.295972 5.223399
v 4.155204 -0.174269 5.130912
v 0.132263 10.272631 5.213611
v -6.517042 -18.844143 5.149162
v 2.561627 14.846978 5.216282
v 0.537762 0.094197 5.295488
v -0.658127 13.021700 5.233570
v -2.355294 -21.248123 5.429147
v 2.716023 -0.805881 5.218035
v 4.436779 -5.826137 5.166190
v 1.574167 4.941998 5.182796
v 0.735938 12.218756 5.216228
v 0.089119 -0.274967 5.233854
v -0.571158 9.243093 5.254423
v -7.860765 -5.442858 5.180718
v -2.212434 -5.560858 5.278861
v 2.438047 -6.392322 5.164408
v -1.751427 -6.003891 5.059981
v 0.650602 9.999208 5.190604
v -8.194986 -6.393131 5.126503
v -1.232026 8.379079 5.252211
v 6.066885 -4.656565 5.119710
v -1.608379 7.393484 5.172153
v -2.841372 -3.858589 5.199386
v 2.565380 -0.939934 5.206900
v 2.275718 13.469845 5.170825
v 2.543756 15.284521 5.218735
v 2.064339 12.475200 5.202620
v -0.359490 -6.904273 5.153278
v 6.230588 -4.367882 5.165595
v 2.096087 15.322107 5.143717
v -0.598791 14.970966 5.201796
v 5.336341 -4.766943 5.160535
v 2.621270 -1.005240 5.197900
v 5.637779 -2.781460 5.140304
v 2.338979 5.968234 5.193408
v 0.214676 -0.108097 5.211931
v 3.287841 -0.613538 5.202360
v -1.797343 1.413877 5.187269
v 2.148491 -6.807658 5.128486
v -2.898368 0.615105 5.176290
v 2.565313 6.937710 5.179640
v -3.578737 -4.633626 5.227479
v -0.333156 15.129354 5.173928
v -8.597692 -7.092745 5.025085
v 2.763650 -0.310218 5.185990
v -6.167689 -5.157568 5.088736
v -4.366876 -9.573446 5.132477
v -0.428346 9.019225 5.200013
v -3.872522 -0.311918 5.102045
v 5.644593 -4.533551 5.189687
v -2.028706 1.410752 5.150121
v -0.385415 10.476445 5.170565
v 2.527298 0.085697 5.186218
v -1.305522 -6.043820 5.175292
v -2.831311 -17.023197 5.204206
v -6.459926 -20.238626 5.048265
v -1.545549 6.654087 5.154110
v 0.581163 -7.320996 5.157872
v -5.655263 -4.923600 5.053358
v 1.472859 -6.953158 5.290001
v 1.480444 4.365090 4.945076
v 2.254668 0.179351 5.104259
v 6.047455 -3.352353 5.061096
v 1.673424 15.271452 5.120223
v -0.917963 9.465566 5.196455
v -8.082862 -5.552029 5.172228
v -1.470336 8.012000 5.206399
v -0.613474 8.950430 5.152560
v 0.978536 15.147038 5.100344
v -1.254743 8.845629 5.138560
v 2.531408 5.316786 5.052860
v -0.030682 15.210332 5.053494
v 5.952846 -2.492697 4.920559
v -0.564873 -20.531900 5.145250
v -1.320628 5.967012 5.111780
v -6.537446 -20.793676 5.100299
v 1.711323 12.053926 5.164160
v -8.303360 -5.767880 5.140470
v -1.857462 0.993801 5.124554
v 2.726331 -0.093531 5.136505
v -0.161158 -0.179175 5.089853
v -0.580020 -0.181214 5.133810
v -1.225968 13.994486 5.121441
v -1.294848 9.203153 5.122396
v -4.145210 -0.838337 4.910585
v -0.738574 9.158130 5.124650
v -1.954568 -17.239033 5.001035
v 2.007740 4.945860 5.122420
v -3.916455 -1.832908 4.856899
v 5.525060 -1.922323 5.064723
v -2.739863 -5.903112 5.082160
v 5.089629 -5.221764 5.063655
v -0.972615 8.984264 5.112161
v -1.249795 9.495889 5.089352
v 2.578323 14.250339 5.117999
v -1.024542 5.499453 5.103167
v -2.584059 -5.727060 5.111140
v -0.654494 0.170568 5.086674
v -5.222650 -9.628153 5.121472
v -1.019344 9.249560 5.103192
v 2.822309 15.196717 5.008032
v 2.688834 -6.777295 4.931277
v 1.304593 15.206076 5.069600
v -1.525231 1.248266 5.143035
v -1.082184 0.910823 5.094836
v -2.189568 -5.845802 5.109735
v -4.523676 -4.775257 5.172239
v -2.040201 1.635491 5.099095
v 2.862611 -0.757111 5.107485
v 0.743039 0.177401 5.128110
v 1.789036 -7.272700 5.056133
v -1.632092 8.852218 5.080914
v -0.584881 15.122600 5.095630
v 0.459041 11.910234 5.077855
v 3.779760 -6.217461 5.061923
v -3.684589 -10.028000 5.092680
v -3.219501 -4.376165 5.145564
v 2.742183 -6.323009 5.087410
v 6.536134 -4.596171 5.064396
v -7.157499 -5.507702 5.166353
v 5.210093 -1.324906 5.117497
v -0.900258 14.763865 5.128119
v -1.554299 9.772876 5.009101
v -8.700873 -7.537801 5.052431
v -3.468865 -8.493399 5.051580
v -0.405761 0.080072 4.973157
v 5.493823 -2.429308 5.088514
v 4.658303 -0.019019 4.906781
v -3.718742 -10.153904 5.047049
v 0.038121 12.027721 5.070385
v -2.732227 -3.637218 5.143220
v 4.790985 -5.634537 5.015161
v -0.529398 -19.292252 4.942310
v 2.725326 7.616634 5.081259
v 2.888871 14.831382 5.066457
v 2.605529 15.445600 5.064020
v -1.351072 13.486512 5.070164
v -1.703901 1.591865 4.942927
v -0.907199 10.761438 5.059274
v -3.879099 -10.123900 5.061110
v -4.437049 -11.759100 5.059620
v -7.776666 -5.345269 4.754334
v 1.112217 11.917384 5.124284
v -3.303118 -6.720923 5.152558
v -1.540808 -17.503525 4.955450
v -5.229303 -4.833000 4.836717
v -1.269737 14.441595 5.050035
v -0.373532 12.294337 5.050871
v 3.049873 -0.748457 5.064197
v 3.090148 -6.286152 5.073159
v -3.429994 -4.555257 5.066097
v -0.183573 10.955635 5.050792
v -4.422997 -11.958858 5.024895
v -3.775864 -4.640794 5.013703
v -1.152757 -17.807901 5.274917
v 2.309551 8.329552 5.117723
v -8.386322 -6.693642 5.006986
v -4.625979 -11.946300 5.036170
v 2.502009 15.514200 5.032750
v -3.812706 -9.903114 5.000088
v -1.582941 10.091500 5.031440
v -2.048526 7.978734 4.922585
v -1.991834 1.217964 5.058716
v -2.763718 -3.843087 5.045948
v 2.429290 0.192197 4.961328
v -0.411676 -20.105844 5.146723
v 3.005615 14.250236 4.972750
v 1.229030 10.136565 5.011331
v 0.454158 10.910217 5.024671
v -4.038019 -10.049800 5.024770
v -6.646109 -5.321169 4.857561
v -0.003176 4.743368 5.045215
v -4.195415 -11.786454 5.014462
v -4.710061 -11.733801 4.992334
v -2.911460 -4.036980 5.022200
v -0.466770 -7.373394 4.905001
v 1.239462 0.224292 5.068590
v 3.132757 -0.637151 4.994671
v -0.396204 15.253131 4.901950
v 2.885587 -0.505087 5.029058
v -2.832326 -3.240116 4.977880
v -2.986588 -6.510550 4.961730
v 2.983186 6.335569 5.002960
v 0.385762 0.088301 5.082598
v -2.478144 -6.098657 4.936101
v -4.013229 -1.392308 5.002256
v -2.320860 1.687550 5.003860
v -2.447980 -17.115074 4.947672
v 0.092284 -0.036463 5.046991
v -7.456427 -5.429284 5.013033
v 0.488120 11.497394 4.998281
v -6.602900 -19.580828 5.241426
v 1.443310 11.701467 5.057846
v 4.000829 -0.082802 4.908575
v -2.113263 -6.062178 4.955636
v 2.260858 -7.465820 4.936095
v -4.231465 -11.463069 4.981564
v -8.469694 -7.926900 4.904161
v 2.640038 0.088429 4.973319
v 6.269396 -4.949474 4.994615
v -2.008630 0.965253 4.985880
v 1.161015 -7.431334 5.054378
v -5.753608 -17.734497 4.981455
v -3.549808 -10.120192 4.963799
v -6.592512 -20.403463 5.031586
v 6.607563 -4.933184 4.968228
v 2.007962 15.413933 4.939795
v -4.845484 -4.829735 5.097363
v 5.777918 -2.123731 4.911845
v 4.703768 -0.669565 5.095019
v 5.061502 -1.048209 5.048995
v -4.517050 -12.106898 4.937425
v 6.460515 -3.574111 4.831364
v -0.861998 4.705699 4.904059
v -4.131010 -4.564044 4.938522
v -8.069263 -5.408456 4.771097
v -5.825829 -9.496326 5.024954
v -2.760759 0.867533 4.897806
v 2.395618 -7.119142 4.998757
v -0.107941 11.592133 4.954677
v 2.947463 -0.573805 4.969433
v -4.079685 -10.186705 4.947626
v -0.850590 15.052835 4.991801
v 1.182897 10.809608 4.956848
v 0.141879 -7.641839 4.907342
v 3.212781 -0.513377 4.944615
v 2.613414 -6.490047 5.014534
v -3.413889 -9.912590 4.955050
v -1.611988 9.370348 4.989992
v 6.823597 -4.508171 4.916724
v 2.811241 -0.237814 4.961253
v -4.130424 -9.506363 5.025161
v -4.862358 -11.895089 4.947944
v -3.924444 -9.300143 4.947827
v 2.815788 15.407296 4.828797
v 1.402721 -7.772151 4.838609
v -5.522671 -21.251743 4.953019
v 1.372857 11.285758 4.940888
v 3.726421 -0.253561 4.873186
v -4.277169 -12.070100 4.942070
v 5.950762 -1.519992 4.800798
v -2.196053 6.935805 4.833225
v -3.750969 -10.243500 4.937200
v -4.082580 -9.951355 4.955952
v -4.716465 -12.052392 4.948206
v -4.446586 -4.692533 4.892115
v -7.065855 -5.468525 4.812935
v -2.688760 -3.539450 4.932700
v -4.100756 -11.129772 4.913624
v 2.878541 13.348844 4.963274
v 1.803643 0.212182 4.946997
v -8.219281 -5.555496 4.948092
v 2.729431 -7.173010 4.872683
v 5.094570 -0.721536 4.936234
v -2.243391 1.874275 4.918403
v -3.249118 -4.412158 4.948823
v 5.499630 -0.986813 4.889400
v -1.159446 -6.971835 4.841256
v 2.866720 8.531787 4.911312
v 2.497829 11.829100 4.916280
v 0.625759 -7.795081 4.861681
v 1.151826 0.350092 4.745074
v 3.131066 14.905331 4.870635
v 2.216118 0.224765 4.809068
v -0.753589 11.848599 4.878987
v -1.063884 12.445009 4.877553
v -0.534143 11.348618 4.958287
v 4.153222 -6.175797 4.782876
v -4.084434 -11.962749 4.902740
v -1.929836 13.479263 4.880942
v -3.063952 -6.912191 4.879094
v -2.910441 -3.888591 4.868122
v -3.845397 -11.143444 4.856303
v -1.624177 10.823690 4.851792
v 0.477359 15.321132 4.704885
v -0.089831 0.187524 4.887418
v -1.720412 14.734273 4.816253
v 1.882445 11.552498 4.914007
v 4.975502 -0.342517 4.882273
v -4.018878 -9.801869 4.900703
v -5.088487 -11.718584 4.807000
v -1.861886 13.937563 4.871542
v -0.629089 0.494282 4.899444
v 2.886474 -0.384741 4.860499
v -1.660124 13.010705 4.917395
v -1.496784 -20.998949 4.865042
v -1.803690 5.428502 4.806439
v -2.214183 6.072949 4.720911
v 0.573914 0.308183 4.825055
v -6.435858 -20.189148 4.751163
v -2.052647 1.075598 4.883195
v -4.314489 -9.734422 4.924388
v -4.204607 -9.843689 4.880354
v -1.337781 -6.366862 4.854555
v -4.667476 -4.809524 4.749304
v 6.964996 -4.900756 4.911719
v 3.030813 -0.486445 4.887873
v 3.475132 -0.379590 4.927928
v -4.377590 -11.068454 4.856803
v -3.433944 0.571610 4.943495
v -1.969084 1.810547 4.884937
v 2.044101 9.823858 4.868162
v -7.297671 -5.481168 4.846250
v -1.312492 1.308097 4.901425
v -3.484260 -4.546141 4.866950
v -4.041512 -9.630128 4.891820
v -3.447449 -9.682374 4.873781
v 3.372957 7.064719 4.817988
v 6.899216 -5.159136 4.817737
v -1.746825 14.317937 4.877475
v 1.770308 10.460131 4.856181
v -0.677305 15.203780 4.860594
v 2.373354 15.562285 4.797860
v 1.802302 10.985528 4.844337
v 3.179646 8.027780 4.796183
v 5.428851 -5.280560 4.857490
v -1.390932 5.077960 4.874092
v -2.509391 13.585000 4.836965
v 1.574846 15.355048 4.839846
v 2.897145 4.984745 4.790685
v -2.739521 -3.743188 4.917341
v 2.846401 12.435426 4.882050
v -1.101655 11.367352 4.869762
v -7.590350 -8.689610 4.845160
v -4.686266 -9.685815 5.062406
v 4.245759 0.055327 4.842782
v 2.910954 -6.502600 4.884955
v -3.246036 -9.687808 4.772953
v -3.119516 -14.383846 4.830421
v 2.604660 -7.477625 4.866756
v 3.283648 13.798049 4.804858
v -3.722233 -9.686790 4.852655
v -4.324769 -9.945568 4.819973
v -4.603127 -17.143061 4.936767
v 5.417300 -0.375084 4.835210
v -3.147455 -4.115181 4.842092
v -3.921601 -10.892380 4.823608
v -3.505206 -8.809216 4.823452
v 2.508642 0.173181 4.791367
v 1.131048 2.098720 4.813101
v -4.400133 -12.212578 4.758534
v 0.944937 3.871205 4.806130
v 5.100268 -5.518671 4.824608
v 2.640670 4.759210 4.821030
v -2.160721 1.187692 4.805137
v -2.583850 1.978480 4.819020
v -8.760296 -7.622896 4.767528
v -3.375103 -14.193965 4.802677
v -3.414339 -4.354828 4.782831
v -3.682009 -14.389980 4.802361
v -4.698841 -12.187137 4.752746
v -3.766224 -11.433953 4.761008
v -2.419965 13.272344 4.789490
v 3.104222 8.306305 4.832745
v -0.243501 3.994314 4.738865
v 5.372996 -0.166945 4.705378
v -4.907319 -12.091400 4.806240
v 3.251219 13.006100 4.802240
v 4.514042 0.095273 4.834120
v -3.292520 0.807751 4.801450
v -0.828992 0.947535 4.709843
v -5.076939 -11.965500 4.799630
v 0.252069 0.237155 4.849693
v -4.528887 -9.849909 4.784626
v 3.269261 8.567756 4.817714
v 1.229428 1.853172 4.785859
v -4.243123 -10.185848 4.792473
v 1.465325 2.050555 4.782820
v 1.398780 3.799906 4.750916
v 3.176535 8.840830 4.792891
v 2.779156 9.287645 4.778775
v -3.610018 -14.624629 4.793245
v -2.328560 1.014420 4.788880
v 3.398295 14.448861 4.754129
v -3.837322 -9.496586 4.803979
v 0.667014 2.105894 4.776825
v 3.429840 -6.443798 4.823190
v -8.435738 -5.847984 4.619665
v 0.923551 2.313180 4.762606
v -3.770501 -9.223836 4.778432
v -6.401918 -20.952400 4.777700
v -2.352782 14.005474 4.792769
v 3.092331 15.114462 4.692711
v -3.436399 -2.478163 4.777202
v -2.565749 -14.253543 4.746947
v -2.146784 10.205539 4.734931
v 2.885806 -7.416740 4.697202
v 2.726307 -0.029795 4.803672
v 2.581940 -7.757586 4.789219
v -2.812283 -14.547503 4.778644
v 3.185944 -0.399170 4.756417
v -8.721603 -6.995944 4.712564
v -1.714336 14.886050 4.723370
v 2.722618 15.577157 4.723842
v -8.764329 -7.336527 4.895870
v -2.649476 13.784848 4.745285
v -2.749366 -3.377056 4.733675
v 2.973903 -0.372613 4.736127
v 5.047153 -0.109628 4.771922
v -3.851750 -17.001934 5.056299
v -3.765940 0.540756 4.722144
v -1.874576 -6.204643 4.809643
v 0.557274 2.337999 4.726331
v -3.535390 -17.018410 4.767688
v -3.759660 -10.475702 4.744879
v 2.281425 11.523582 4.797677
v -0.127239 15.393610 4.557748
v 0.913278 1.899190 4.737263
v -4.293639 -17.075541 4.858801
v 1.668340 1.841400 4.747610
v -6.588001 -20.604538 4.739702
v -4.946649 -11.445419 4.788911
v -2.831258 -13.968873 4.770126
v -3.955306 -14.171300 4.728942
v -2.762441 13.419700 4.742400
v -2.243242 14.397990 4.731246
v -1.694174 12.403427 4.695526
v -1.601174 -6.349095 4.721205
v -2.741022 -3.539475 4.735359
v 3.327348 14.864823 4.745915
v -3.735059 -10.714057 4.743585
v -2.470119 2.089223 4.701579
v -8.426290 -6.114125 4.722824
v -3.013454 -14.779036 4.721578
v -3.902112 0.279319 4.769540
v -4.083565 -14.446593 4.746087
v -3.953816 -10.621208 4.720345
v 1.895210 1.960250 4.704900
v -5.173802 -17.364338 4.941299
v 1.892553 3.914038 4.685665
v -3.126141 -13.728849 4.696210
v -3.048535 -8.183273 4.755768
v -2.994721 -7.635642 4.792625
v -3.558471 -10.378923 4.757398
v 3.033524 -7.097742 4.731455
v 3.536336 8.618910 4.722881
v 1.483936 1.652371 4.637621
v -5.815399 -4.828713 4.386435
v 7.415029 -5.201996 4.706338
v -5.355854 -11.730501 4.612278
v 2.270782 11.086643 4.702939
v -4.036396 -12.210210 4.602439
v 0.239739 2.275870 4.696896
v -4.034026 -10.379640 4.728520
v 3.064011 -6.796075 4.709784
v -3.015841 -21.315422 4.545189
v 1.266596 2.297582 4.727102
v -7.529868 -5.354669 4.620526
v 3.336272 8.249227 4.701662
v 4.130085 0.042135 4.698090
v -2.284270 1.309210 4.699200
v -2.138045 -6.290329 4.737626
v 0.715181 2.515765 4.637332
v 6.329142 -5.449508 4.619216
v -4.895265 -10.973413 4.505179
v 5.479506 -5.557514 4.678105
v 3.190256 -6.627032 4.703984
v 4.468857 0.201394 4.681730
v -3.849190 -4.487982 4.765185
v 2.873415 -7.713958 4.669800
v 1.910029 1.760065 4.648164
v -0.864536 -20.613665 4.712355
v -2.299078 -13.628588 4.693601
v 3.196366 9.157093 4.664824
v -2.627849 -13.413500 4.689300
v -3.374959 -10.280600 4.688430
v 3.494811 -0.344625 4.578721
v -1.916334 -13.109838 4.683225
v -4.470212 -10.030277 4.654991
v -4.412079 -14.368200 4.684280
v 3.599429 8.794140 4.684080
v -2.558483 -6.778292 4.641951
v -8.305336 -5.601868 4.643796
v -4.293375 -4.494947 4.642931
v -3.138244 -3.818518 4.663730
v -4.370009 -14.579900 4.679510
v -3.683339 -9.360020 4.678420
v -3.500866 -10.655755 4.674753
v -2.147194 9.484014 4.749166
v -1.088606 4.151277 4.619067
v -1.595251 11.842200 4.675300
v -0.559413 -19.983700 4.675220
v 7.241924 -4.292058 4.536908
v -4.617530 -17.158794 4.678195
v -2.641256 7.625837 4.585781
v -2.074492 -12.588858 4.670518
v 2.575001 9.992788 4.676103
v -2.602629 -14.770400 4.667910
v -1.554730 -6.497555 4.700078
v 3.572801 13.053373 4.591179
v -2.346320 -13.072269 4.653839
v 2.844924 -0.236787 4.701825
v -2.893381 13.589700 4.664490
v -4.189852 -10.749961 4.717420
v -2.704870 2.124760 4.662150
v -1.912633 4.759833 4.579815
v 3.529651 6.215536 4.707896
v 2.339920 10.507539 4.692361
v -3.474297 -4.076195 4.658627
v -2.100620 1.986783 4.677719
v -1.632160 -12.331389 4.602585
v 2.367624 -8.037563 4.607134
v 7.207556 -5.372216 4.553463
v 6.352211 -1.396731 4.560742
v 0.296942 2.032733 4.646018
v -2.515097 1.515385 4.683553
v -4.089518 -0.056736 4.713186
v 3.804651 -6.499716 4.618895
v -2.355024 1.135441 4.635199
v 3.414556 -6.675506 4.648005
v 2.662357 0.081852 4.617147
v -1.957771 -13.831992 4.621065
v -1.677505 11.330641 4.710953
v -4.336982 -13.997940 4.596394
v 0.505382 3.679065 4.714486
v -2.770361 1.979725 4.652246
v -1.697403 -6.663036 4.625885
v -0.643970 -20.285839 4.653306
v 5.275097 0.236297 4.537123
v 0.415466 2.547159 4.589144
v -0.980490 -7.656430 4.672967
v -0.421252 0.916115 4.580380
v -5.312865 -11.942478 4.608939
v -1.444489 1.632106 4.572477
v -2.650590 1.651840 4.638420
v -8.458628 -6.394811 4.643138
v -2.166024 -14.323106 4.625609
v -3.147225 -8.541938 4.695788
v -1.544060 -13.010194 4.601894
v 0.510396 1.874490 4.600271
v -4.077009 -14.712263 4.670315
v -3.744832 -4.310868 4.621842
v -2.830130 -3.590560 4.631440
v 3.304403 -6.927421 4.630091
v -8.904160 -7.438149 4.507966
v -4.163884 -10.465830 4.635491
v -3.828321 -13.750531 4.593709
v 4.169166 0.547131 4.626560
v -1.626472 -13.337792 4.598879
v -4.226799 -12.319405 4.494033
v 1.785630 1.542094 4.507333
v 2.433636 0.197565 4.620444
v -2.743220 -17.092953 4.637090
v -2.399664 1.422255 4.689386
v -0.065466 2.219545 4.599047
v -0.129162 -8.323792 4.596875
v -1.824813 -6.442664 4.644564
v -3.477530 -3.835765 4.546995
v -1.809117 1.902897 4.575111
v -0.666651 -8.037737 4.622031
v -1.964517 -11.970540 4.592979
v 1.924017 0.313889 4.489516
v -3.111565 -9.521600 4.588063
v -2.280614 -6.559126 4.617848
v -6.586982 -20.287630 4.721696
v -4.518496 -10.801740 4.591691
v -2.211523 14.687181 4.576936
v -4.009065 -17.025906 4.595479
v -2.340587 -12.250118 4.565573
v 3.989412 -0.056541 4.560967
v 6.258097 -1.703438 4.574791
v 1.612832 2.184930 4.659424
v 3.480607 5.628782 4.646055
v -4.799548 -9.906057 4.499671
v -2.733646 14.067794 4.604999
v 4.306422 0.694361 4.597353
v 1.116810 1.630352 4.565448
v -3.436511 -9.024126 4.605053
v -2.282431 -17.167864 4.684254
v 3.080735 -0.338184 4.577632
v -1.478701 15.175133 4.429810
v -4.430121 -17.085909 4.606104
v -3.334988 -10.695932 4.568860
v -6.032251 -18.176348 4.648311
v -4.014202 -4.396837 4.617007
v 0.982454 2.557517 4.555634
v -5.150749 -12.083900 4.587780
v 2.812760 -0.107182 4.507440
v -2.831077 0.983422 4.652154
v 4.968123 0.348390 4.549223
v 4.377090 0.342280 4.583200
v -5.426955 -9.730975 4.690014
v 3.183382 12.139602 4.617338
v 3.526027 14.982950 4.547791
v -8.558376 -5.911746 4.376871
v -0.614017 3.552734 4.455654
v 4.241419 0.198823 4.582782
v 2.687233 11.505667 4.627226
v -7.262929 -5.383786 4.546319
v 3.164247 9.646537 4.495865
v 3.707716 8.654773 4.563714
v 0.731070 3.201801 4.548780
v 2.116431 1.832236 4.544013
v -2.547892 1.123563 4.545263
v -2.745543 1.388899 4.563749
v 3.662936 7.682970 4.570251
v 2.221949 0.231870 4.562847
v 0.292893 0.650990 4.547462
v 3.719936 -0.263046 4.476289
v -2.787000 1.782040 4.564690
v 5.816703 -0.128428 4.537220
v 4.129047 0.325438 4.526484
v -2.415800 1.222940 4.563720
v -4.336387 -10.245285 4.611032
v -2.810108 -13.072943 4.568993
v 3.744765 13.583992 4.479616
v 4.612752 -5.903959 4.673471
v -3.384291 -9.255329 4.572102
v -2.852572 -3.334418 4.499253
v 5.503567 0.065000 4.495551
v 4.144699 0.816814 4.555369
v 1.798022 -8.304749 4.477052
v 1.382810 2.452874 4.511773
v -1.503993 -11.752677 4.553665
v 3.824515 8.941860 4.559151
v -4.877184 -17.297739 4.658689
v -6.210979 -4.991906 4.600435
v -2.902050 2.111520 4.551900
v 3.414542 -7.224476 4.511162
v -1.446016 -7.319168 4.612254
v -4.332764 -10.556381 4.530769
v 3.593643 -6.765593 4.545647
v -3.090404 -17.048285 4.513552
v -2.566650 1.296590 4.542350
v -3.032621 13.206000 4.542060
v -2.802959 -15.009260 4.541650
v 6.621958 -5.570013 4.344244
v 7.549501 -5.310845 4.511967
v -2.713917 2.231388 4.490221
v -1.657549 -17.484907 4.588803
v -3.024889 -9.627460 4.534220
v 3.208479 -7.609058 4.482695
v -1.323837 -11.266787 4.517465
v 6.567440 -2.171180 4.504175
v -3.924269 -14.963600 4.532580
v -1.162983 1.395933 4.596301
v 7.658980 -5.124599 4.530670
v -8.619671 -6.678763 4.576481
v 0.882962 -8.276781 4.606491
v 5.817170 0.181785 4.361371
v -1.922003 -17.304384 4.622921
v -1.805576 -10.354613 4.504001
v -2.022876 -14.620152 4.478067
v 2.837177 0.100555 4.435515
v -1.739447 -11.161614 4.530765
v -2.721397 -8.056864 4.563043
v -1.277717 -9.346213 4.508938
v 1.055980 3.049685 4.442883
v 3.096537 -7.826971 4.481845
v -2.702959 10.331031 4.491714
v 2.639341 0.195841 4.489689
v -1.253017 -8.148625 4.511168
v -5.368879 -11.487700 4.515340
v -3.694364 0.789733 4.524383
v 2.896061 -7.981680 4.511630
v -3.107308 -3.615127 4.472444
v -3.535163 -11.496759 4.505161
v -2.602696 -7.414823 4.542133
v -3.401852 -15.037085 4.526082
v -2.992669 1.477224 4.518423
v -2.068812 -6.851888 4.496101
v -3.251191 -13.357092 4.534142
v -4.712522 -14.027442 4.494653
v -1.367561 -10.653731 4.509260
v 4.509626 0.716043 4.486720
v -4.529735 -14.680899 4.465402
v -3.360996 13.144263 4.320995
v 4.028678 0.561985 4.476438
v 0.270844 -8.797601 4.426322
v -0.944242 -8.532253 4.507681
v -0.701030 2.393040 4.401517
v -2.848680 1.154464 4.472336
v -2.226640 4.966689 4.513173
v -2.167409 14.879081 4.398901
v 4.379205 0.959145 4.475741
v -3.099397 -9.354119 4.413128
v -4.886415 -4.853001 4.471955
v -2.717772 12.748373 4.485913
v -1.457122 -8.641132 4.477263
v -2.459320 10.825060 4.528737
v -4.204102 -14.931435 4.436029
v 1.883161 2.217877 4.461672
v 1.183926 15.426389 4.511134
v -1.546421 -7.856180 4.479476
v -2.753034 -8.474281 4.487758
v -8.521258 -6.146194 4.341587
v -4.505933 -13.744346 4.419907
v 1.607385 3.357250 4.449799
v -0.740907 -19.520838 4.382500
v -1.993330 11.724586 4.494750
v 7.712300 -5.252850 4.473650
v 6.828850 -2.527215 4.437810
v -6.436961 -19.303207 4.569097
v -1.748997 -9.148755 4.456372
v 3.673028 14.996493 4.458063
v -6.375607 -9.357026 4.724370
v -2.081349 -10.884931 4.447304
v 2.912507 11.237953 4.447603
v -1.253296 -12.376676 4.437103
v -0.738775 -8.834734 4.472147
v -3.042799 1.741184 4.381083
v 3.677638 8.140869 4.437996
v 3.764472 14.672629 4.510461
v -3.255195 -9.153844 4.434233
v -3.295457 -2.632474 4.488274
v 2.183225 1.618555 4.446050
v -2.339306 12.429165 4.479940
v -0.503028 2.561635 4.436847
v 2.979825 15.453783 4.446461
v -1.207379 -11.911732 4.464517
v 3.004080 -0.291050 4.452290
v -3.672674 -16.980028 4.472175
v -6.621718 -20.376101 4.451000
v 3.941490 14.212922 4.440806
v -5.332546 -17.633579 4.510440
v -3.911230 -21.329239 3.921679
v 3.515201 9.173586 4.496951
v -4.035322 -16.864088 4.427762
v -8.908844 -7.660482 4.341835
v 7.653340 -5.345193 4.259797
v -8.258842 -5.476391 4.404333
v -3.346823 -17.021351 4.468913
v -3.765609 -13.297463 4.366447
v -4.713215 -14.478056 4.439330
v 1.225416 0.602414 4.401370
v -1.026640 -10.645807 4.440632
v -2.964664 2.243465 4.425185
v 3.090206 10.307744 4.413105
v 4.044931 0.011733 4.300910
v 1.937897 15.527296 4.496450
v 3.974024 7.162247 4.443972
v -4.139432 -4.378889 4.463006
v -4.879560 -17.213409 4.459187
v -2.083985 12.083872 4.445528
v -2.335237 -7.196307 4.464051
v -3.019803 1.082356 4.443548
v -0.988143 15.281785 4.489848
v -8.672215 -7.852057 4.516104
v 7.331501 -5.422179 4.211574
v -2.300614 -8.001350 4.415190
v -1.817355 -7.116644 4.469151
v -1.673576 4.135228 4.374722
v 6.076921 -0.555669 4.467397
v -4.687112 -17.002638 4.412580
v -0.819595 -9.263280 4.421135
v -2.407176 5.439592 4.517776
v -3.165688 10.326443 4.418197
v -6.186613 -18.601120 4.222603
v -1.020778 3.500368 4.310777
v 4.605800 0.979841 4.372535
v 3.873408 14.846212 4.378236
v -3.407495 -11.154786 4.479439
v -2.740402 9.979674 4.463444
v -2.748692 5.915868 4.398274
v -2.919830 -3.130720 4.414730
v 4.136310 0.939358 4.413510
v -3.354525 13.478384 4.313204
v -5.066677 -17.453102 4.478840
v -8.903333 -7.140629 4.419668
v 3.560389 12.338000 4.411080
v -7.041040 -5.289073 4.308499
v 2.836247 15.620637 4.362074
v -0.412087 -8.948549 4.430338
v -2.778728 9.375953 4.383111
v 3.070701 15.250286 4.486486
v -5.528931 -11.837069 4.427721
v 6.183443 0.129361 4.306759
v 3.865826 9.208675 4.372704
v 6.468708 -1.008247 4.388690
v -3.031345 -12.753652 4.414547
v -2.730559 -8.740355 4.387340
v -5.700765 -17.932766 4.384414
v -3.940699 -4.266160 4.466694
v 0.761267 2.944957 4.395689
v -8.000721 -5.351803 4.408356
v 4.365426 -6.357773 4.333545
v 0.728669 0.715010 4.430616
v -2.496697 -8.396232 4.427536
v -4.902448 -14.188327 4.371267
v -3.576957 0.962951 4.294462
v -8.398815 -8.137197 4.417090
v 7.102305 -3.365867 4.403252
v -4.452826 -10.275041 4.418970
v -6.497939 -20.101101 4.397550
v -1.770598 -8.218536 4.411959
v -1.754740 -7.450169 4.431948
v -1.357142 -13.639882 4.405783
v -3.161524 12.713683 4.330973
v -0.898843 1.366437 4.412405
v 0.244864 2.744478 4.427150
v -4.310846 -0.071069 4.386300
v -3.132404 -10.201711 4.448116
v -3.072935 1.180015 4.377630
v 6.707954 -2.274618 4.380829
v -2.066501 -8.816500 4.384405
v -2.036031 -7.249218 4.388277
v 4.617326 0.530262 4.396320
v 5.769318 -5.749243 4.339501
v -2.190130 -8.417120 4.387531
v -3.227482 13.851344 4.300906
v -1.085036 -13.068750 4.333945
v 6.549918 -1.977858 4.374310
v -2.111386 -7.628584 4.385228
v 2.288080 1.745240 4.377180
v -4.453413 -15.032858 4.076289
v -3.208632 1.590862 4.358912
v -2.335402 -11.404534 4.427592
v 4.110210 9.017632 4.355524
v 2.461387 -8.256646 4.320392
v 1.705444 0.449761 4.374491
v 0.796865 2.748436 4.375136
v -3.252159 1.035364 4.393364
v -3.363410 -3.594765 4.334525
v -0.228136 3.364778 4.434294
v -3.159902 -10.713836 4.396097
v 3.792658 8.556145 4.353233
v -0.673966 2.152524 4.315655
v 3.986102 0.739163 4.331581
v 6.279979 -0.243554 4.364235
v 0.448198 2.940410 4.364185
v -3.719005 -12.000776 4.456281
v -2.764359 14.351226 4.444670
v 1.700835 2.384467 4.289684
v -4.187240 0.399793 4.364290
v -5.815697 -9.701367 4.417069
v 0.538118 2.822787 4.372599
v -3.766389 -16.734373 4.338995
v 3.993966 7.785424 4.345081
v -2.951952 -9.950564 4.364167
v -5.644341 -11.622111 4.323456
v -2.405141 -10.106786 4.323042
v -4.707144 -10.582347 4.299612
v -3.465280 -13.035713 4.380447
v -1.239070 1.708794 4.251083
v -2.233920 4.539995 4.332575
v -0.762387 -20.020185 4.302615
v 4.769913 -5.991821 4.370815
v -3.021696 10.850092 4.354259
v -0.752988 -11.716407 4.191953
v 6.575391 -1.704533 4.332090
v -3.212244 1.308706 4.334955
v -3.423225 -11.732334 4.368050
v -2.077688 -17.206902 4.349628
v -1.841182 -17.344900 4.350877
v -4.318735 -16.715231 4.296255
v -2.837394 2.344637 4.244015
v -0.597592 -10.037721 4.270542
v -2.754781 -11.593176 4.328549
v -2.425347 -8.780277 4.351994
v 4.029333 0.151618 4.236299
v -4.007737 -4.035202 4.284740
v 4.503108 1.038914 4.301247
v 3.776704 15.008200 4.304240
v -3.774579 -3.837049 4.386266
v 7.982346 -5.004930 4.293570
v -1.746992 -14.816198 4.221511
v -2.902644 -9.687654 4.349450
v -3.180488 -11.070212 4.337111
v -3.996350 -12.418898 4.308115
v -3.464009 -16.913799 4.335870
v -2.390279 -17.108299 4.335620
v 2.841777 0.384174 4.278488
v 2.360289 0.278154 4.343264
v 2.613391 15.651095 4.470044
v -4.054118 -16.627205 4.300078
v -2.096854 2.127015 4.350034
v -0.200452 3.021688 4.301412
v 3.737510 -6.998310 4.329260
v 2.965206 0.209873 4.323888
v 4.292625 1.028130 4.308200
v 5.557460 0.345322 4.352564
v -1.353828 -17.855743 4.512199
v -2.968526 11.200420 4.234938
v 3.980066 8.810352 4.290190
v -3.140629 -8.990437 4.364758
v 3.683784 5.256293 4.405938
v -4.543530 -12.315920 4.404501
v 4.044580 5.733244 4.293435
v -0.203337 2.888610 4.320930
v 3.295672 4.658677 4.422097
v -1.306742 -14.168394 4.349300
v -4.906618 -17.041069 4.210350
v -3.077905 2.322595 4.231470
v 1.091414 2.783834 4.284317
v -3.010963 9.740196 4.264186
v -7.730307 -5.293392 4.188388
v -3.228849 -12.178718 4.318212
v -3.798609 -12.329300 4.315810
v 0.926052 1.449173 4.323237
v 1.375576 1.438734 4.402375
v -0.017103 1.079126 4.393078
v -3.482341 -12.078606 4.315017
v -6.358473 -20.007128 4.497551
v -4.494229 -10.462790 4.348476
v 4.135717 9.283901 4.304478
v 3.266478 -0.330618 4.337121
v -3.454898 -12.707557 4.311188
v -0.903321 -12.314393 4.197908
v -3.102200 -11.704825 4.305073
v -0.958137 -20.449493 4.195802
v -3.191779 8.385406 4.197809
v 6.907887 -2.542184 4.284240
v 2.231379 1.974349 4.266379
v -2.979395 -10.335035 4.307637
v -2.826094 -17.090200 4.282335
v -2.805263 -11.143722 4.310205
v 7.636409 -3.650973 4.140604
v -2.747421 -10.102163 4.295747
v 3.877816 13.071507 4.284050
v 6.789130 -1.049043 4.277807
v 4.807345 0.978750 4.243730
v -2.270093 -21.180384 4.410728
v 1.167681 2.656969 4.302091
v 5.350224 0.504390 4.347769
v 4.839810 0.549333 4.289780
v 0.307955 1.562790 4.289300
v -0.986746 -18.440243 4.652297
v -2.348994 -9.149694 4.290635
v -4.967799 -13.906500 4.288030
v -3.307439 -16.961245 4.280729
v -2.481706 -10.717535 4.307546
v -5.076104 -17.300526 4.259564
v 3.036550 -0.208537 4.284510
v -3.076752 1.963019 4.280111
v 3.899666 0.517203 4.220976
v 3.856597 -0.157537 4.260941
v -2.855964 -10.695329 4.282053
v -0.674729 -10.894594 4.282875
v -2.253389 -15.008200 4.277600
v -1.079950 2.580695 4.245060
v 4.331940 9.297742 4.211042
v 6.636245 -0.544245 4.245532
v -2.576498 11.924808 4.285970
v 2.638940 0.407824 4.235896
v -3.202470 2.215940 4.274300
v -3.614452 -16.498852 4.267338
v 4.040174 8.312932 4.184921
v -1.327916 -14.514533 4.258971
v -5.435284 -11.997101 4.319128
v -6.003728 -21.080090 4.423600
v 4.041768 14.579464 4.342781
v 8.031212 -4.407532 4.066150
v -4.243911 -12.421661 4.286363
v -3.556393 -12.409889 4.279215
v -2.926277 -9.465862 4.293230
v -0.079480 -9.143312 4.283336
v -3.080983 -17.009987 4.258841
v 1.432513 2.530717 4.279241
v 7.247840 -2.953285 4.230525
v -3.173822 7.525181 4.220893
v -3.064003 12.301750 4.286273
v -2.542590 4.885083 4.299123
v -4.738124 -4.793633 4.346636
v -1.585039 1.879207 4.177584
v -2.690578 -9.736289 4.263953
v -0.383777 -9.273346 4.278840
v -2.702417 -10.378239 4.271959
v -6.362250 -19.666504 4.315742
v -4.462670 -0.815378 4.209145
v -3.383180 1.459260 4.259870
v -8.803641 -6.803801 4.234613
v -8.582244 -6.374811 4.208049
v 3.102135 4.118494 4.264132
v 7.030793 -2.831771 4.045253
v 6.708065 -2.289179 4.207561
v -3.230114 -3.332994 4.240671
v 2.213549 1.305167 4.161138
v -3.327389 -16.580299 4.250110
v -4.123177 -4.268967 4.260307
v 4.203878 6.460918 4.291026
v -2.931074 -9.033142 4.260525
v -3.212708 -16.791874 4.226594
v -0.194756 1.653215 4.222958
v -2.635825 -9.008382 4.264449
v 1.242571 0.869369 4.236680
v -3.045569 -9.225551 4.254918
v -7.361820 -5.300936 4.169560
v -3.959718 -1.968384 4.266458
v 0.495080 1.002262 4.318786
v 1.270735 1.230948 4.218728
v -0.782415 3.157920 4.208767
v 3.962399 -6.713266 4.322485
v 0.994926 -8.936878 4.204829
v 4.032436 9.449126 4.199962
v -9.021770 -7.454111 4.169970
v 3.635156 -0.289257 4.227284
v 1.843000 3.111877 4.086158
v -4.828675 -21.298141 4.399528
v -3.369650 10.005279 4.242363
v 5.848170 0.366628 4.200140
v -5.724269 -11.778800 4.231210
v -3.931528 -12.590581 4.206587
v 0.189729 1.383390 4.228120
v -5.006069 -4.835098 4.046980
v 3.274779 11.630955 4.297914
v -2.452396 -9.576563 4.254197
v -0.728184 1.475563 4.269003
v -5.206603 -10.941483 4.251692
v 3.572928 12.036596 4.265095
v -0.318593 1.463121 4.239727
v 1.376980 3.066960 4.336244
v 3.272594 -7.970966 4.175456
v 6.589333 0.010065 4.107678
v -0.461189 1.890463 4.251127
v -4.327166 0.292340 4.053195
v 3.611031 -7.504789 4.216030
v -1.670936 -17.474903 4.194541
v 5.119695 0.678945 4.151000
v -3.873178 -12.914917 4.198707
v -3.062992 -16.679073 4.187137
v -4.075191 -12.520120 4.209765
v 0.776890 1.269717 4.208671
v -3.084302 -3.063423 4.144266
v -3.575408 10.536142 4.092268
v -0.560840 2.921471 4.233155
v 1.087379 1.087242 4.202858
v -3.183326 -16.480894 4.189882
v -3.489092 10.205145 4.217463
v -2.853911 14.590500 4.204250
v -2.535073 -17.040648 4.208351
v 3.463274 10.993031 4.173072
v 2.396204 1.516428 4.167673
v -6.486000 -20.840212 4.249657
v -4.044682 0.667588 4.240945
v -4.442448 -0.391325 4.218890
v -4.009860 -3.804970 4.198290
v 5.647273 0.566829 4.208560
v 4.055245 8.661192 4.146103
v 4.951512 0.783839 4.153424
v -5.205861 -17.602783 4.218134
v 6.676719 -2.026270 4.152471
v -5.089776 -14.302786 4.105241
v -3.248367 1.088110 4.264106
v 2.242056 -8.571910 4.145172
v 2.378258 1.791410 4.147148
v 8.107740 -5.132770 4.190700
v -4.258780 -4.445870 4.190150
v -1.232177 2.394687 4.131868
v -2.846676 -9.234863 4.190010
v 6.903362 -1.418275 4.145313
v 1.334441 2.763337 4.182903
v -5.701369 -11.368799 4.094575
v -3.081373 8.967980 4.209126
v -4.665206 -16.797695 4.113471
v 2.231880 0.412827 4.185210
v 4.453660 9.272186 4.009953
v 5.238538 -5.855554 4.337711
v 3.873833 -0.025363 4.064860
v -3.902254 -16.400351 4.166499
v -5.351499 -17.713699 4.183660
v -0.995746 -13.866983 4.133604
v 3.737607 15.142339 3.961344
v 3.707357 9.829587 4.179741
v 7.978546 -5.245680 4.157255
v 0.406144 -9.164700 4.177870
v -3.266503 1.816908 4.138459
v 7.400470 -0.828833 4.174950
v 4.708410 1.060700 4.174190
v -3.187454 9.500272 4.096102
v -2.282195 -16.968582 4.149652
v -1.988336 -17.114706 4.129653
v 7.292663 -1.029139 4.154276
v 5.444301 0.674687 4.177359
v -3.373949 9.745715 4.050643
v -2.409120 2.298380 4.169250
v -2.706419 -9.423040 4.167810
v 2.062005 2.167290 4.149950
v -5.478737 -12.032931 3.995963
v -1.483266 -20.873409 4.153713
v -4.178111 -13.227189 4.181931
v -8.289650 -5.414516 4.163187
v -4.159735 -16.528633 4.172982
v -5.164898 -17.249001 4.162420
v 7.515320 -0.982002 4.160430
v 5.851929 0.718933 4.149446
v -0.579564 1.668187 4.164293
v 7.617030 -19.777378 4.156866
v 7.348192 -20.017263 4.147780
v -0.445040 -9.639009 4.203899
v -3.754991 -2.223426 4.150486
v 7.010287 -0.763254 4.120173
v 2.129094 0.610038 4.106741
v -2.892709 -17.017000 4.152210
v 6.779828 -1.717631 4.110318
v -0.366489 -11.106526 3.996716
v 4.295799 14.523100 4.144790
v -2.494461 4.506899 4.126263
v -4.450374 -4.618735 4.007227
v -3.160536 14.202434 4.184324
v 7.039936 -0.990669 4.150382
v 7.876506 -19.949226 4.126399
v 4.176062 0.976031 4.085983
v -3.885427 0.860286 4.110910
v -0.230298 -9.535168 4.068249
v -8.532605 -5.651068 4.186935
v -5.015343 -10.624127 4.176785
v 7.316015 -2.985729 4.131905
v -4.719925 -10.124740 4.162627
v 1.598739 1.106332 4.114520
v -8.969254 -7.220898 4.109840
v 4.205131 14.774326 4.133033
v -3.542046 12.631723 4.095688
v 5.584859 0.854594 4.113067
v -2.724419 -17.015699 4.132130
v -6.319570 -18.982742 3.867038
v -1.108498 3.177165 4.114874
v -4.621665 -10.323877 4.124147
v -3.951936 -3.709068 4.103118
v -3.340719 -16.346962 4.063976
v -0.944246 2.078787 4.119909
v -3.294324 1.236802 4.145535
v -5.090781 -13.699047 4.086102
v 7.581192 -0.800187 4.119475
v -2.886239 5.292302 4.172226
v -4.917862 -12.249167 4.147107
v -5.864526 -11.578678 3.979476
v 5.840663 0.974397 4.115968
v 8.203020 -5.018109 4.121410
v -6.350938 -19.873110 4.082876
v 3.778532 11.605766 3.905411
v -0.828154 1.879528 4.093520
v 3.438905 -0.319987 4.155144
v -3.604342 -16.329897 4.096673
v 6.877373 -20.099302 4.076706
v 7.810928 -19.565483 4.088387
v 7.663558 -3.374958 4.078304
v -4.451519 -12.460900 4.132723
v 4.291318 9.496384 4.146649
v -3.333780 2.152220 4.111560
v 4.250921 -6.724028 4.082055
v 3.285786 15.218454 4.181206
v -4.085034 -12.754707 4.123775
v 8.019923 -19.693024 4.111149
v 7.461421 -3.144938 4.109113
v -2.980119 -16.468100 4.107540
v 7.119236 -19.832596 4.093329
v 4.931015 1.113435 4.085904
v -8.843854 -7.825593 4.086518
v -1.439908 2.623726 4.044698
v 4.388937 7.643078 4.080999
v -3.428012 11.115497 4.136980
v -1.000506 2.934235 4.125501
v -6.447682 -4.921922 4.025078
v -3.414901 1.627110 4.134976
v 1.830296 -8.773731 4.090362
v 7.389102 -0.668168 4.070892
v 7.402565 -20.313030 4.057841
v 1.647040 2.411396 4.012311
v -5.256876 -17.478600 4.107647
v -0.999860 -14.277915 4.153725
v -4.176752 0.595817 3.978016
v -5.734346 -11.851460 4.043916
v -2.758816 -16.820902 4.091515
v -3.363289 2.282184 4.055634
v 4.497881 9.515791 4.041979
v -2.987341 11.596138 4.110023
v -0.893507 1.706138 4.118764
v -1.734394 15.272094 4.029546
v 4.466679 1.031475 4.006050
v -6.605081 -20.231249 4.160676
v -2.832525 -16.575377 4.079336
v 8.227757 -19.723877 4.088574
v -3.529826 -15.417321 4.078897
v 1.386759 2.655796 4.120371
v 3.247667 -0.216304 4.057125
v -3.146166 -15.318907 4.204015
v -3.611072 9.911799 4.021253
v 5.046640 1.027340 4.080370
v 7.683515 -0.963211 4.071720
v -3.918255 -15.235557 4.196432
v -0.595487 15.587070 4.006926
v -3.232850 -2.828490 4.014700
v 1.775509 0.670179 4.163216
v -1.473271 -17.746668 4.029259
v -6.075647 -9.661330 3.989993
v 7.483405 -19.593534 4.053156
v 6.109970 0.910333 4.068820
v 6.103251 0.473536 4.102657
v 5.621079 1.086933 4.057553
v -0.440573 -10.474490 4.116415
v 2.618367 -8.445954 4.023732
v 7.558567 -1.128323 4.070570
v -4.189418 -4.168023 4.104517
v 1.905081 1.105919 4.062742
v -3.711413 10.190349 3.979491
v 3.866750 0.296757 4.065288
v -2.106695 4.103027 4.097229
v -5.201004 -13.963084 4.076886
v 3.920322 -7.032823 4.061170
v 4.342054 13.278891 3.955267
v 8.122698 -20.139843 4.017522
v 1.594823 2.792891 3.997835
v 7.193212 -1.314827 4.053309
v -3.500238 1.383210 4.045001
v -1.022818 -14.548803 4.060937
v -1.381993 -14.840755 4.007994
v -6.603051 -20.507446 4.063785
v 7.242892 -18.292833 4.044151
v 2.467221 1.635790 4.035126
v 4.421278 7.079614 4.106822
v 2.074384 0.804751 4.042316
v -2.656000 2.376350 4.046290
v 7.426128 -18.079094 4.042984
v 5.944760 1.187223 4.014081
v -5.187049 -10.636200 4.041960
v -3.147256 11.924167 4.082240
v -4.106026 -3.886370 4.051562
v -7.173393 -5.184389 3.846648
v 7.701701 -18.377504 4.000605
v -5.444021 -4.809188 4.137385
v 8.369965 -4.856359 3.993210
v 8.343818 -19.922058 4.009014
v 5.363659 0.838964 4.050947
v -4.455741 -13.041389 3.993593
v -9.044130 -7.585586 4.022696
v 8.275717 -19.518045 4.038008
v 6.733603 -2.256253 3.955434
v 4.630192 -6.463032 4.041825
v -3.264687 11.454265 4.046980
v 2.626422 0.567478 3.963574
v 3.744731 4.159781 3.858052
v 1.907260 0.909070 4.023740
v -4.989153 -10.460273 3.964745
v 5.192780 0.904578 4.021930
v 4.197490 8.870040 4.021510
v 7.821272 -20.294615 4.030865
v 3.882340 4.747281 4.063919
v 4.469020 9.720426 3.986637
v 2.113390 1.050654 4.033649
v -0.198194 -10.005383 4.021857
v -5.486887 -21.190794 4.131573
v -3.691423 10.920096 3.994979
v -4.336586 -1.287058 4.059407
v -4.856543 -10.290102 3.893819
v -4.327929 -12.583962 4.072392
v 7.654694 -0.657425 4.015359
v -1.406183 3.354109 4.055316
v 4.437585 8.167109 3.936697
v -3.748148 11.421336 3.982893
v 3.831131 0.509817 4.003527
v 7.125629 -17.875935 4.008769
v -3.640658 -3.508850 4.086415
v -2.016346 2.140898 4.060743
v -3.145685 14.523781 3.954917
v 7.759081 -18.031595 4.005151
v 5.387547 1.017476 4.006396
v 5.191045 1.137764 3.975466
v -2.371890 14.973245 4.074722
v -5.486948 -17.837732 3.950427
v 8.299414 -5.008442 3.998962
v -3.367460 -3.100352 4.056006
v 4.459435 8.559507 3.812752
v 0.472163 15.661845 3.903166
v 4.356403 9.064479 3.943403
v 7.241676 -3.095358 3.918916
v 3.430066 3.766198 3.842192
v -2.558337 -16.576313 3.992477
v 7.003829 -0.438268 3.978229
v 2.325700 1.908649 3.996769
v 6.897173 -18.293367 3.982062
v 7.139345 -20.412367 3.987808
v -3.305851 11.734590 4.002248
v 4.130299 14.948300 3.989470
v -5.983886 -4.788497 3.793753
v -3.788151 13.086200 3.988400
v -2.715227 -15.330029 4.086285
v -5.374858 -17.601299 3.987980
v 3.685324 -0.195424 4.016481
v 4.294429 5.321701 3.952230
v 2.348525 0.929055 3.937167
v 2.518101 1.749169 3.958283
v 7.356115 -17.748186 3.957713
v -3.734452 13.456773 3.927807
v -5.316758 -9.913166 3.963588
v 4.159182 12.395234 3.900795
v -1.163360 -18.694075 3.888509
v -4.740170 -4.820986 3.893630
v 6.911547 -19.593403 3.963439
v -8.674617 -5.778464 4.035768
v 3.934346 10.362164 3.972262
v 5.476383 1.175746 3.953910
v 8.037770 -19.445066 3.989735
v -3.419873 2.034417 3.974548
v -5.951584 -18.287567 3.985244
v -2.867622 4.788963 3.974427
v 0.024864 -9.491880 3.939035
v -3.505640 1.100670 3.969250
v 8.535767 -19.655552 3.964532
v -0.955462 -19.832418 3.757683
v 5.046680 1.158190 3.966610
v -1.301097 2.177432 3.988761
v -3.470639 1.791499 3.966071
v -8.024813 -5.301471 3.891255
v 3.917233 0.718033 4.079186
v -3.674170 12.162836 3.976503
v 4.378197 -6.962017 3.844176
v -1.372790 1.936430 3.963080
v -4.845947 -13.411283 4.036049
v 7.759252 -0.812445 3.967974
v 4.495097 6.020073 3.967606
v 7.912865 -0.585299 3.928010
v 7.866880 -3.458549 3.959770
v 6.560946 -20.285585 3.932648
v 6.803307 -2.554723 3.996063
v 2.851782 3.612325 4.056924
v 7.544600 -0.490389 3.946125
v 5.724860 1.284040 3.954520
v -3.739490 -16.278708 3.964929
v -8.501523 -5.501048 4.007956
v 4.975101 -6.215597 4.030814
v -1.945034 -16.967163 3.756066
v 3.834942 11.887024 3.910883
v 2.310783 1.135076 3.981524
v -3.848329 -15.498004 3.933927
v -4.650311 -12.449780 3.969645
v 6.855132 -18.887241 3.936951
v -1.478390 2.838613 3.960655
v -2.863445 14.778617 3.934229
v -3.595065 11.711821 3.969243
v -4.137722 -16.405218 4.017529
v 3.072541 0.590667 3.932840
v -2.759088 -16.417406 3.897459
v 6.739890 -17.965504 3.899858
v 6.435646 -20.048733 3.961194
v -3.661138 -3.213006 3.905163
v -1.243270 2.021260 3.941320
v -1.015914 -19.328560 3.812210
v -3.643661 -15.599356 3.937079
v -3.630918 1.581816 3.954155
v -3.293961 5.806368 3.934438
v -0.576695 -12.566957 3.938348
v -1.320562 -18.146614 3.950586
v 7.620961 -19.384726 3.936167
v -5.616787 -17.938988 4.092437
v -3.492163 14.049108 3.860281
v 5.279064 1.182423 3.884602
v 8.542906 -19.421581 3.926329
v 6.533935 0.788601 3.801911
v -8.847753 -6.945322 3.891476
v -3.573400 2.221000 3.931300
v 6.823705 -2.024757 3.887655
v 6.985960 -1.770274 3.869736
v -5.121614 -10.069960 3.685385
v -2.939155 2.366783 3.855702
v 7.779930 -0.386067 3.924040
v -3.514292 -16.193346 3.934054
v -4.457699 -0.048509 3.916287
v 7.735830 -3.372420 3.921400
v -5.267177 -13.703169 3.898382
v 7.738441 -1.190191 3.872633
v -6.561885 -20.000250 3.833487
v 8.286299 -19.324179 3.854669
v -3.480720 1.214270 3.916700
v -3.753180 0.997362 3.916690
v 4.125773 -7.070922 3.885007
v 4.345484 14.010538 4.026664
v -3.881583 11.221993 3.855740
v -8.656934 -6.465133 3.905939
v -3.964860 -16.259489 3.928331
v 7.283233 -0.495983 3.919227
v -3.225445 2.336904 3.899727
v -2.313097 -16.626644 3.876470
v -3.366705 -2.900374 3.931706
v -3.816872 -15.778502 3.910560
v 7.065594 -19.247042 3.911385
v 6.609763 -19.360283 3.891889
v -3.516635 2.286795 3.903685
v 4.655027 9.786222 3.863987
v 6.876427 -17.686047 3.881099
v -1.562900 1.980202 3.902711
v 4.587945 6.570056 3.950260
v -3.481786 8.799202 3.984397
v 6.953731 0.691030 3.697480
v -4.176993 -15.343489 3.905747
v -5.563011 -10.961111 3.836025
v -3.816934 -3.565283 3.935812
v -4.423768 -12.782331 3.960951
v -3.762208 -16.133471 3.901432
v -3.836805 11.809553 3.875879
v -8.661281 -5.994445 3.906031
v -1.596138 2.312471 3.897856
v 6.281838 -19.164806 3.803889
v 8.487689 -20.193110 3.825882
v 8.261600 -5.052341 3.839825
v 3.199095 0.390969 3.890075
v -3.983461 -15.601950 3.860717
v 8.083260 -3.696369 3.889780
v 7.496916 -20.573061 3.878087
v 7.830243 -17.681406 3.799714
v 7.507274 -5.402588 3.939105
v 2.633080 1.625587 3.853388
v 5.971525 1.422024 3.854660
v 5.638029 1.336085 3.785663
v -4.059470 -15.913071 3.874668
v 2.513011 0.739312 3.901423
v -3.821447 12.551133 3.920629
v -8.648327 -5.599248 3.906067
v 2.684661 -8.693550 3.844704
v 7.904192 -5.220972 3.693272
v 7.531662 -19.080423 3.887837
v -3.643019 1.321316 3.890582
v -0.439862 -11.986493 3.848343
v -1.505591 2.121489 3.890306
v 8.591334 -19.909691 3.888135
v -4.331253 -4.340328 3.907098
v 2.462000 1.891210 3.841849
v -3.155581 -15.644185 3.880336
v -7.733552 -8.725134 3.760866
v -3.632178 -15.912947 3.891997
v 2.913229 0.672317 3.865569
v -5.007649 -16.953371 3.923918
v -1.030642 -14.815259 3.779742
v 3.434150 -0.215965 3.872330
v -5.369801 -17.335957 3.868227
v 8.123330 -20.370611 3.895400
v 6.518774 -18.519346 3.862991
v 7.212491 -1.553683 3.871560
v 8.074752 -18.195154 3.899389
v 2.546521 1.429598 3.861916
v 7.514977 -1.363473 3.876240
v 3.259427 0.608998 3.855771
v 3.116931 0.753933 3.846280
v -1.590826 3.081727 3.858867
v 3.152156 15.479156 4.021349
v 6.271418 1.290256 3.866287
v 1.573729 15.717769 3.795450
v 2.230640 15.705297 3.948800
v -8.599941 -6.249702 3.899296
v 5.426675 -6.073596 3.919195
v 4.651278 9.529741 3.857839
v -5.145096 -10.342205 3.649516
v -2.087310 2.206240 3.852700
v -3.913095 9.878558 3.796260
v 1.623259 -9.212645 3.697411
v 3.753100 0.214875 3.832136
v -4.197249 -3.956960 3.849600
v 2.423741 -8.900420 3.845290
v 2.690752 15.735308 3.955812
v -3.824414 -3.387625 3.805535
v -3.425204 -15.747409 3.849075
v -4.334974 -16.441641 3.892478
v 7.985041 -19.207779 3.801162
v -3.623402 7.048023 3.770576
v -3.700899 13.749904 3.787516
v -0.715688 -14.499315 3.855583
v -4.159579 -16.226538 3.848326
v 3.892620 -7.391288 3.914273
v 4.461924 8.946277 3.760286
v -0.042205 -10.410234 3.807847
v -8.341050 -5.384536 3.824411
v -1.769480 2.491597 3.824658
v -3.536335 -2.445060 3.786490
v 8.152379 -18.487885 3.832575
v -8.710385 -5.772888 3.859955
v -3.601239 -2.954130 3.863100
v -4.017915 0.834409 3.705772
v -3.556798 1.922816 3.768810
v -2.052066 15.286551 3.713370
v 7.198625 -0.279637 3.816650
v -4.005789 12.652771 3.672272
v -2.564967 4.300366 3.865650
v -5.967905 -11.743668 3.702191
v 2.993521 -8.240690 4.001191
v 7.939861 -18.935925 3.816939
v -3.350066 -16.014271 3.811519
v 3.800558 0.695699 3.827497
v 8.227480 -3.696994 3.780885
v -5.278883 -10.467628 3.667975
v 8.488600 -4.837309 3.820380
v 8.378983 -3.844128 3.735254
v 2.166792 2.046612 3.801726
v -0.571176 -14.218435 3.800459
v 6.785942 -2.428167 3.748748
v -1.911133 2.232308 3.803411
v 3.258803 0.906222 3.790928
v -3.735558 7.749868 3.813636
v -3.969589 13.169250 3.666130
v 7.843241 -20.618505 3.787859
v 3.062617 15.677814 3.741758
v -9.013554 -7.413216 3.774795
v -9.003339 -7.620620 3.808650
v -3.119122 -16.188915 3.819427
v 6.120941 -19.634148 3.769740
v 3.926308 0.820500 3.816652
v 3.401943 0.773707 3.813777
v -2.900016 -16.291710 3.804927
v 4.535634 9.212847 3.716714
v 8.066175 -0.724919 3.801868
v -4.650180 -12.663527 3.850747
v -2.623144 -15.569952 3.782905
v 3.735019 0.535974 3.833253
v 2.793198 0.780920 3.775483
v 7.449883 -0.312990 3.828203
v -6.816537 -9.244740 4.065259
v 7.115249 -17.538708 3.821426
v -5.041656 -12.224003 3.861069
v -8.591191 -5.522602 3.798297
v -4.786626 -12.962751 3.840929
v -3.653271 1.138673 3.817517
v 2.688950 1.892050 3.794380
v -0.603368 -13.466679 3.825414
v -4.760022 -16.634371 3.793200
v 2.778250 1.758760 3.792890
v 6.190310 -20.189106 3.821067
v 6.508345 -5.738368 3.898649
v -1.713422 2.751075 3.847665
v 4.706089 7.649116 3.764360
v 8.070090 -3.600359 3.789800
v 4.819914 9.734481 3.702045
v -3.607674 9.143825 3.829279
v 3.046943 -8.502212 3.702923
v 6.436444 1.689317 3.602844
v 8.146836 -0.198727 3.723774
v -3.793120 1.473670 3.782240
v -3.860674 8.440439 3.778530
v 1.708510 2.345600 3.724360
v -3.983791 12.137700 3.777600
v -6.211245 -18.692543 3.713522
v 7.907588 -0.989321 3.794837
v -4.514742 -4.735780 3.750668
v 8.777554 -19.347752 3.712978
v 3.088382 0.881666 3.762202
v -4.421279 -4.542796 3.755815
v -1.621616 -17.434273 3.847136
v -3.624560 2.189120 3.764030
v -2.986048 -15.897886 3.726805
v 3.643813 -0.054519 3.781070
v 6.701857 1.629758 3.554897
v 1.578354 2.505095 3.845811
v -5.189739 -13.310519 3.749052
v -4.872705 -14.855464 3.838912
v -3.967603 10.124894 3.736875
v 0.166657 -9.923804 3.698494
v -3.956715 10.813644 3.697404
v -8.626663 -6.137558 3.750826
v 3.387716 0.420224 3.759060
v 3.591776 -7.769724 3.917684
v -3.259940 5.103509 3.753130
v -3.496804 -2.671133 3.753463
v -8.791299 -7.900932 3.814086
v 8.671697 -4.502432 3.695557
v 0.399658 -9.706446 3.636676
v -4.359627 -16.204109 3.696857
v 5.960598 1.511067 3.710397
v 6.735267 -2.623675 3.738337
v -5.302130 -17.025932 3.645161
v 3.642941 0.702458 3.749042
v -8.653682 -5.900630 3.729395
v 5.925354 -18.839014 3.575722
v 4.331644 4.651495 3.623065
v -4.003733 -2.848144 3.575988
v -5.260913 -4.820379 3.678344
v -4.255447 0.534185 3.532770
v -4.860349 -12.413886 3.733210
v 5.235029 -6.309243 3.703940
v 3.412090 -0.013405 3.731980
v -3.989295 -3.681695 3.707590
v -8.650596 -5.684170 3.738481
v -4.019045 -3.248107 3.575415
v -2.318634 3.809215 3.622565
v -4.615076 -15.157120 3.757175
v -8.797624 -7.120195 3.672206
v -3.674031 1.713968 3.757101
v 7.476628 -17.421051 3.665864
v 2.403648 1.968559 3.673189
v 4.066600 0.912184 3.686864
v -5.765658 -11.924242 3.692320
v 6.794566 -2.835248 3.765285
v -8.950207 -7.578082 3.716398
v -1.826190 3.311130 3.716450
v -0.709353 -14.700294 3.620937
v -3.744626 1.225825 3.740166
v 2.096877 2.903727 3.695139
v 7.262161 0.008633 3.705974
v 4.209754 -7.392650 3.672190
v 4.663951 5.657340 3.694458
v 3.504660 15.385431 3.678714
v 7.141511 -3.267145 3.569402
v -4.347188 -4.324629 3.620745
v -2.748855 -16.116829 3.675555
v -6.341345 -19.604074 3.461713
v 4.443565 14.776488 3.651313
v -5.612480 -17.804287 3.745832
v 4.672243 14.158410 3.633337
v 4.789550 9.930277 3.640795
v -3.823707 1.000402 3.691535
v 2.722772 3.119392 3.639917
v -5.472099 -13.801200 3.635755
v -8.855805 -7.740670 3.695374
v 2.682962 1.095584 3.694178
v -5.981426 -21.054762 3.761929
v 5.882845 -19.935087 3.702182
v -4.091684 11.598437 3.608242
v 4.600288 10.041263 3.727655
v -2.306202 2.362452 3.664260
v -5.146823 -10.177917 3.544879
v -4.421381 0.147157 3.587643
v -2.620799 -16.332600 3.672795
v 8.364112 -18.861795 3.658851
v 8.964924 -19.511499 3.676781
v 3.559667 0.870957 3.654341
v -8.331508 -8.325038 3.791949
v 4.354480 10.400793 3.702692
v 4.567057 1.004748 3.712172
v -6.640422 -20.266401 3.620183
v -7.801582 -5.292975 3.709658
v -4.492662 -15.449782 3.614496
v 3.579947 0.240184 3.685087
v -3.700473 9.462002 3.718772
v -4.781208 -4.884697 3.574067
v 5.683824 -19.644770 3.571081
v 4.607315 9.150600 3.604315
v -0.069260 -11.291758 3.594096
v 8.080287 0.082702 3.621991
v 6.405210 -17.737343 3.662016
v -4.965268 -12.656137 3.593335
v -3.850997 -2.079168 3.777317
v 7.083815 -20.638672 3.668791
v 3.045793 1.246345 3.620777
v -2.701465 14.981338 3.672542
v 8.496632 -18.127151 3.679885
v 1.727890 2.512630 3.659250
v -8.896839 -7.395990 3.664078
v -6.894326 -4.992040 3.735948
v -5.273234 -14.596066 3.631627
v 5.907341 -20.247578 3.660577
v 4.850160 6.953550 3.654800
v 9.031434 -19.757111 3.604959
v -5.284675 -12.187557 3.416632
v 6.178146 -18.242306 3.635373
v 2.775296 1.895874 3.632767
v -4.661728 -16.353798 3.621796
v -7.432970 -5.224200 3.648490
v -3.995737 9.001641 3.651434
v 7.207245 -1.801779 3.630195
v -5.998899 -11.434900 3.646120
v 6.831134 -2.256808 3.676526
v 2.602950 1.979236 3.617266
v 6.768795 1.370301 3.569957
v 7.581907 -0.120401 3.686038
v -6.526315 -20.729031 3.595186
v -4.377080 -15.821438 3.622884
v -8.603760 -6.362242 3.647247
v 3.722452 0.870282 3.606907
v -2.317230 -16.500692 3.618790
v -3.591558 -2.427295 3.627412
v -8.094354 -5.335861 3.632104
v -3.574328 5.563049 3.596989
v -3.892861 9.238156 3.627618
v -2.043356 2.441017 3.649374
v -3.766750 1.107340 3.629470
v -2.023551 -15.468649 3.633536
v -8.476776 -5.559812 3.646070
v -8.634378 -8.091635 3.593398
v -7.293091 -5.088516 3.333367
v -4.426378 -1.139936 3.565015
v -4.048637 13.426439 3.407421
v 6.611115 -17.394951 3.603539
v -5.479757 -14.163854 3.591679
v -8.527684 -6.003337 3.611912
v 8.529846 -19.112101 3.585060
v -3.720051 2.041269 3.628620
v -3.417160 14.395676 3.534375
v -1.882882 3.049789 3.633436
v 8.666229 -4.187369 3.623738
v 3.925371 -7.677723 3.651060
v -0.341672 -13.018913 3.594958
v -8.335530 -5.446210 3.612020
v -2.347399 -15.741455 3.594831
v 8.388288 -20.474470 3.679016
v -3.180845 4.739616 3.549967
v 8.392051 -0.255306 3.566366
v 5.389890 1.252630 3.604130
v -8.512010 -5.767547 3.603312
v 4.715675 -7.036798 3.548020
v -8.745768 -7.315329 3.591410
v -4.063849 -3.636268 3.518450
v -4.050990 10.442131 3.558409
v 7.898425 -1.366984 3.477675
v 8.362250 -3.791869 3.599680
v 3.438590 3.435750 3.599400
v 8.222826 -0.924460 3.573570
v 8.959443 -19.295734 3.543556
v -2.473417 -16.101828 3.579179
v -3.785387 1.329990 3.577227
v 2.687272 1.330342 3.674089
v 2.761199 1.549629 3.687312
v 6.667665 -5.698121 3.508960
v -5.825444 -18.131329 3.621839
v -3.652220 2.178320 3.589310
v -4.069654 8.119326 3.632097
v -6.064332 -18.439306 3.540687
v -1.695592 -17.259949 3.565599
v 5.667793 1.402926 3.530923
v 7.016311 -2.057660 3.562956
v -3.778720 1.645788 3.565728
v 5.828852 -6.021544 3.685524
v -0.357821 -13.771162 3.557297
v 4.204553 0.873299 3.524891
v -8.604463 -6.693062 3.604346
v 7.521940 0.136396 3.543615
v 4.258430 14.990185 3.534648
v 2.855485 1.637733 3.566500
v -0.409641 -14.395950 3.570905
v 6.681506 -2.805865 3.507463
v 3.261564 1.257547 3.579411
v 3.498546 1.024410 3.530318
v -5.973067 -11.869322 3.470905
v -4.500967 -0.419799 3.814948
v 4.670572 12.838697 3.536978
v -2.117305 -16.710270 3.678805
v -2.641324 2.368512 3.639386
v -3.746913 -2.213844 3.530067
v 3.040568 15.848466 3.280434
v -6.451545 -4.797373 3.616401
v -3.350724 2.266874 3.540827
v -0.362515 -14.099702 3.562680
v -4.142402 8.828492 3.544800
v -8.643679 -7.461791 3.521595
v 4.886911 -6.606993 3.688837
v -3.110511 14.758500 3.552300
v -4.294947 -1.457300 3.668332
v 5.606487 -20.077356 3.571000
v -3.975863 7.569114 3.499815
v -0.122460 -12.436731 3.527882
v 7.522958 -1.572769 3.583953
v 6.758550 -3.002005 3.475215
v -2.248344 2.555890 3.458477
v 8.620137 -3.911711 3.567964
v -8.424086 -6.154661 3.542662
v 6.952393 -17.193718 3.460167
v 4.955680 1.096870 3.530520
v -4.415380 -4.731831 3.505760
v -5.047689 -12.415698 3.502070
v 4.765880 13.446496 3.551287
v -8.708258 -7.898525 3.523282
v 6.468591 1.945608 3.307234
v 4.717998 10.163563 3.469622
v 2.895973 1.399393 3.532810
v 2.341712 2.050510 3.372473
v -4.210220 -4.003741 3.497471
v 7.440359 -20.781923 3.502676
v 3.682549 0.974686 3.403406
v -1.339573 -18.459970 3.436564
v 8.741399 -17.812283 3.530811
v -2.106267 3.366568 3.407283
v -3.817980 -2.340060 3.424180
v -3.739332 1.850790 3.534963
v 3.912518 15.191551 3.562683
v -1.916527 -21.007128 3.721223
v -5.840557 -17.720577 3.517108
v -5.521488 -9.906052 3.561022
v -8.137973 -5.467463 3.515829
v -1.471353 -17.720278 3.417861
v 4.469219 0.859143 3.499473
v 3.068621 -8.835280 3.503420
v -6.080929 -11.567763 3.530236
v -2.129163 -16.552008 3.467967
v 8.631349 -18.498213 3.588476
v -1.312961 15.801900 3.501310
v 7.788529 0.199657 3.509970
v -8.524049 -6.781790 3.500910
v 6.084433 -17.766087 3.431181
v 3.929145 0.913495 3.449921
v 4.718304 14.540088 3.450472
v -4.062436 9.498089 3.528293
v 6.725515 -2.558285 3.487899
v 4.906409 6.323505 3.521357
v 8.809596 -4.065300 3.480340
v -5.642652 -17.429977 3.567755
v 8.209633 0.263235 3.443030
v -7.902013 -5.397384 3.438212
v -4.173708 -2.422186 3.347063
v 1.873390 2.336571 3.477909
v -6.096043 -11.738686 3.465472
v 6.192892 -20.412828 3.618587
v 8.435364 -17.531654 3.517860
v 8.752193 -18.870779 3.481862
v -8.441740 -6.419786 3.487774
v -5.013291 -16.430965 3.401869
v -8.690375 -7.698453 3.524026
v 8.953979 -18.147696 3.451451
v 8.453561 0.134575 3.438956
v 1.959285 2.594362 3.540091
v -3.523451 5.158146 3.470910
v -5.691724 -10.810786 3.436045
v 8.112268 -3.806010 3.412601
v 4.630783 4.989237 3.465565
v -4.526889 -4.831491 3.473490
v 5.363436 -19.484997 3.339737
v -6.082918 -18.246349 3.366992
v 3.335922 1.280240 3.363271
v 5.697721 -20.423100 3.466160
v 5.743227 -18.443008 3.307553
v -4.189678 9.246017 3.424724
v 3.076088 1.371302 3.474629
v -2.210014 3.183897 3.232256
v 8.686650 -3.992309 3.391720
v 9.175678 -19.453297 3.443322
v 4.625315 10.484932 3.436307
v 8.970181 -20.284370 3.466497
v -8.274387 -5.653804 3.501896
v 7.315708 -5.428072 3.473647
v -3.797583 2.048515 3.472466
v 5.221727 -6.556094 3.367655
v 9.153354 -20.010883 3.422496
v 4.955895 9.532027 3.286710
v -8.588263 -7.176018 3.452389
v -1.480134 -15.226321 3.592515
v 3.648791 -8.017286 3.531626
v 0.242283 -10.861082 3.301569
v -8.291891 -6.133057 3.382771
v 8.614887 -0.398508 3.300462
v 5.355691 -19.923700 3.430290
v -5.361696 -13.015294 3.363056
v -2.265752 -16.303240 3.494427
v -3.840715 1.062466 3.462084
v 8.539390 -0.106156 3.407363
v -1.137318 -20.357201 3.427360
v -4.227602 8.457172 3.429166
v -4.245526 8.046650 3.417945
v 4.583031 -7.507279 3.425320
v 8.904330 -4.227560 3.424900
v -6.253328 -18.747322 3.404019
v -5.795501 -11.987224 3.324864
v 3.850381 3.716301 3.467185
v -2.818697 4.166406 3.318800
v 6.977786 -2.255060 3.266782
v 2.773211 1.795662 3.441587
v -4.241061 9.822890 3.418000
v -0.911661 15.912645 3.426632
v 6.710841 -20.740240 3.354972
v 4.844530 8.324441 3.451531
v -2.193568 -16.009892 3.440902
v 7.697395 0.396089 3.367185
v -0.438708 -14.623115 3.348339
v -3.757280 1.674200 3.409720
v -0.239432 -13.427255 3.347699
v -8.179243 -5.835403 3.396241
v -4.381300 12.502565 3.128047
v 5.103756 14.218369 2.969841
v 5.246874 1.170966 3.280196
v -2.249328 2.817664 3.342956
v -1.166285 -19.407846 3.278863
v -8.459132 -6.596799 3.363385
v -3.787595 1.277235 3.360770
v -6.246418 -9.628026 3.363621
v -4.500071 -0.211408 3.331711
v 4.907339 5.524500 3.351315
v -1.965449 -15.758020 3.361085
v 2.934334 1.507455 3.396710
v 8.485498 -0.829050 3.290432
v 6.057707 1.703498 3.279838
v -6.333673 -19.000319 3.495964
v 8.921780 -4.141616 3.373267
v 9.269260 -19.708723 3.383181
v 2.900101 -9.053020 3.381550
v -4.521030 -0.635414 3.380300
v 8.874600 -4.414810 3.379410
v 8.585912 -20.681601 3.378230
v -8.578746 -7.483971 3.352448
v -5.045841 -15.196115 3.368389
v -8.033953 -5.579214 3.367922
v -3.909290 1.936050 3.366950
v 5.497339 -6.312497 3.395062
v -3.890191 -2.078506 3.347927
v 5.088204 9.388236 3.053578
v 8.021362 0.291780 3.368034
v 9.107594 -17.810593 3.295613
v 9.004298 -19.154671 3.388180
v 5.006034 9.974341 3.217169
v 6.973424 1.938078 3.301290
v 4.621039 12.280100 3.356190
v -1.713146 15.612808 3.509349
v -2.438390 2.421631 3.360366
v -2.046395 -16.449022 3.272058
v -3.814813 5.548134 3.292917
v 7.298120 -1.964592 3.259989
v -4.899009 -16.062271 3.357991
v 4.816994 -7.304301 3.273107
v 6.176296 -17.443874 3.346869
v 2.727395 2.702701 3.183109
v -4.439760 -4.723711 3.339640
v 4.549132 0.749743 3.358689
v 4.335624 11.659525 3.409025
v 7.885675 0.356968 3.329046
v -0.023204 -11.847543 3.422989
v 8.573280 0.298049 3.333320
v 2.062180 2.398118 3.303092
v -5.288431 -12.308726 3.218016
v 5.375038 -20.359993 3.325044
v -4.670148 -4.885435 3.355504
v 8.877690 -4.102859 3.327730
v -8.626276 -7.739499 3.308303
v 2.107550 2.152320 3.326310
v 5.783869 -17.989294 3.225651
v -8.566563 -8.160007 3.202999
v -6.153656 -11.638317 3.193548
v 3.921158 -7.922490 3.369919
v 8.354843 0.446588 3.311421
v 7.240782 1.476151 3.214991
v -5.356475 -10.240763 3.297644
v 0.334651 -10.227457 3.448815
v -4.009438 6.878306 3.239626
v 4.348658 -7.702321 3.380514
v -4.364865 -4.008885 3.206785
v 7.991960 -20.836256 3.394113
v 8.846943 -17.473236 3.282397
v -6.496490 -4.717025 3.172220
v 8.707760 0.153359 3.307260
v 8.334502 -1.122863 3.239482
v -1.925367 -16.787802 3.346852
v -7.663345 -5.320989 3.334055
v 5.125849 -6.924391 3.139486
v -8.655800 -7.977157 3.300399
v 4.368134 0.709353 3.295533
v 3.606640 3.235973 3.290869
v 3.482734 1.154487 3.280636
v 3.149992 1.409376 3.308363
v -4.319170 -2.683180 3.297100
v -8.318723 -8.381659 3.208243
v -2.042857 -16.190090 3.264015
v 2.114567 2.240270 3.227110
v 4.785019 0.786497 3.230528
v -5.239508 -12.571778 3.281290
v 4.489789 11.996500 3.288400
v 7.180425 1.816971 3.258915
v 6.850120 -3.260620 3.228331
v -1.127856 -19.911842 3.164165
v 6.670855 -2.953774 3.202650
v 8.334461 -17.227812 3.240933
v 7.443975 -17.141428 3.347593
v -7.012495 -9.135409 3.191520
v 5.104663 9.791382 3.153181
v 6.880353 2.135273 3.172394
v -3.919644 1.573642 3.193681
v 3.416911 15.661353 3.236298
v -2.760667 2.293047 3.388155
v -8.411226 -6.428895 3.248439
v -0.375324 15.928710 3.408116
v -4.314772 7.792831 3.092813
v -3.921360 1.106040 3.221525
v -0.207747 -14.313316 3.225996
v 5.353579 7.059172 2.871774
v 8.570523 0.406925 3.234221
v 4.564761 14.927797 3.206063
v -5.713570 -14.612934 3.126157
v 5.708553 1.470443 3.147054
v -5.821461 -14.165380 3.119243
v 3.831718 0.938037 3.189304
v -3.862200 1.992232 3.248441
v -1.667397 -17.292795 3.191778
v -6.171379 -17.999937 3.100250
v -3.730864 14.127859 3.289878
v -4.945956 -15.597021 3.285795
v -4.883650 -4.894621 3.293072
v 9.072639 -18.920761 3.275276
v -8.593585 -7.191925 3.087308
v 5.350036 -18.842812 3.098125
v -0.143045 -13.955326 3.241593
v 2.990558 1.623755 3.228244
v 1.569416 -9.707027 3.120130
v -5.420224 -10.029686 3.180326
v -1.608429 -15.643887 3.204248
v 3.758591 -8.202970 3.231320
v 6.302345 -17.164921 3.234139
v 8.048178 0.433654 3.249698
v -5.996540 -11.178888 3.229686
v 2.803852 1.779300 3.248153
v -6.063977 -11.841559 3.262150
v 5.077231 -20.192699 3.227850
v -4.329157 -3.489734 3.226049
v -5.462337 -14.913388 3.200423
v -7.907153 -5.478393 3.182028
v 2.371854 15.875576 3.351127
v 2.547989 1.990885 3.226188
v -6.248198 -18.489389 3.214419
v -1.833892 -15.984176 3.117201
v -8.205482 -5.921228 3.155782
v 1.125839 15.914200 3.217140
v -4.071542 0.848922 3.240728
v 3.126996 1.655446 3.210260
v -6.834800 -4.797557 3.203768
v -3.988395 13.799144 3.217383
v -5.698597 -9.849131 3.137859
v -4.544695 8.247575 2.982675
v 7.901649 0.495308 3.238466
v -3.496594 14.540666 3.075068
v -2.429440 2.532089 3.200935
v 4.591128 0.670315 3.169185
v 9.415791 -19.504396 3.223464
v -2.342656 -21.113512 3.183556
v 8.731213 0.242152 3.197218
v 4.667311 -7.656109 3.192870
v -4.618929 10.678654 2.816766
v 3.312252 1.810419 3.178015
v 3.253750 1.588830 3.178460
v -4.006355 1.888708 3.205458
v -5.332624 -16.651871 3.258182
v -6.676197 -20.345387 3.171744
v 4.949778 14.603278 2.931494
v 8.104451 0.610666 3.140183
v 6.765200 -2.536024 3.156855
v -1.596364 -20.804653 3.276635
v 4.123079 0.778659 3.153395
v 4.629299 4.309262 3.020817
v 3.763601 15.452708 3.100460
v 7.887644 0.720455 3.184827
v 9.342230 -19.258560 3.157369
v 9.436679 -19.911787 3.162635
v -5.682546 -4.750021 3.171583
v 8.908423 -4.294898 3.225694
v -6.656796 -19.757935 3.090147
v 5.110252 13.727198 3.073455
v 4.218558 15.192625 3.145006
v 6.605765 -16.987959 3.167043
v 5.587113 -6.430811 2.977288
v -4.469309 -2.155634 3.052463
v 6.666082 -2.744685 3.194669
v 0.620611 -10.023827 3.296505
v 3.172178 1.931603 3.163466
v 3.556425 1.088231 3.078377
v -3.212591 4.426637 2.960812
v -4.029904 -1.837558 3.185964
v 2.309700 2.387255 3.081850
v 2.992637 1.836626 3.164832
v -1.160219 -15.288274 3.227248
v -2.401300 3.538795 3.024050
v 9.120951 -20.350866 3.199630
v 7.849515 1.220038 3.088116
v 9.270442 -18.261143 3.156386
v -5.520865 -10.388843 3.150217
v 3.343162 1.291411 3.159067
v 5.929091 -6.100111 3.156551
v -3.094067 14.978945 2.862741
v -4.066490 -1.967735 3.106445
v -4.692173 -4.869133 3.138405
v 8.836404 0.043813 3.088577
v -2.694755 2.217225 3.065000
v -1.435700 -18.309937 2.542163
v -3.025446 2.146802 3.119027
v -6.464087 -19.639236 3.155090
v -4.155054 -1.611452 3.159582
v 9.062891 -17.485399 3.121770
v -4.500217 8.025900 3.007839
v 7.588785 -20.956974 3.193381
v 6.347910 -16.929586 2.964596
v 8.314512 0.574069 3.128947
v 3.267962 1.463695 3.129427
v 7.162852 -3.503692 3.132149
v -0.295308 -14.618099 2.991487
v -8.495325 -6.652928 3.089391
v -5.160136 -4.838867 3.155721
v 7.433570 1.770741 3.099190
v 0.233366 -12.394357 3.000529
v 5.215579 6.221210 3.034199
v 8.667645 0.312935 3.091278
v 2.821793 1.971121 3.090420
v 8.048225 -16.994299 3.077670
v 4.976121 -19.486429 3.059656
v -4.532191 8.907685 2.896116
v -6.406087 -18.972631 3.041068
v 4.399437 0.672117 3.046547
v -1.870649 -16.635353 3.051306
v -1.209815 -20.325672 3.127251
v 7.256810 2.079097 3.109993
v 7.417991 1.960642 3.061798
v -5.541567 -12.148831 2.987777
v 5.039312 8.892261 3.164047
v -4.532324 -4.358103 3.022239
v 9.307780 -17.665062 3.019593
v 3.091229 2.060230 3.070338
v -0.010666 16.057899 3.069470
v -8.408167 -6.285093 3.010874
v 5.731534 -17.530956 2.941194
v -7.737097 -5.281654 2.923425
v -3.428698 2.032160 3.044082
v 3.348068 2.017788 3.029441
v -4.130560 1.810830 3.061640
v -8.654726 -7.910626 3.006565
v -4.145476 0.832061 2.887077
v 0.566400 -10.650263 2.978171
v 5.046762 -20.502399 3.059150
v 2.467037 2.072597 3.054097
v 9.620520 -19.669752 3.040638
v 8.471189 0.485055 3.030754
v 8.805255 0.077980 2.939305
v -5.997030 -9.686883 2.786050
v 0.254905 -11.963727 3.074896
v 3.375305 1.276679 2.963836
v 3.925662 3.311234 3.071086
v -4.272029 7.444800 2.932255
v -6.130637 -11.792552 3.061891
v 8.785250 -4.491539 3.036310
v -4.095891 1.483537 2.893171
v -5.417198 -12.342338 2.986023
v 7.178524 2.219842 3.050650
v -6.376248 -19.451900 3.031350
v -6.584136 -19.590736 2.942425
v 5.022518 10.409717 3.005845
v -5.281799 -15.501412 3.032661
v -6.039363 -17.289854 2.609050
v -5.283232 -16.310833 3.096713
v 5.262325 5.548746 2.808877
v 0.307207 -11.410512 2.995664
v 7.147322 -2.209007 2.892396
v 4.762732 11.925226 2.952926
v 4.246030 3.712741 3.052499
v 7.114120 -5.416530 3.020060
v 0.074233 -13.045526 2.961199
v -5.295681 -15.938286 2.977240
v 9.592094 -19.456547 3.029502
v 8.040882 -21.008101 3.013500
v 2.357415 2.166398 3.023521
v 8.673930 -0.947494 3.012610
v 8.891252 -0.221464 2.966396
v -4.260380 -1.383830 3.005990
v 6.031030 -17.106188 2.925637
v 9.425691 -17.947256 3.011919
v -5.828675 -13.719913 2.987452
v -5.930004 -11.939936 3.077532
v -8.086693 -5.662036 2.951277
v 4.947943 4.998092 3.047901
v -4.429670 0.033251 3.116604
v -2.634406 2.888721 2.902607
v -4.079413 5.579053 2.943631
v 6.643071 -5.675050 3.048834
v 5.223018 8.047152 3.011921
v 0.008666 -13.992851 2.882795
v -4.609839 -4.697989 3.047402
v 8.603008 -4.614480 2.942722
v -2.550304 2.357397 3.009629
v -3.977683 1.862631 2.942832
v 8.263204 0.697577 2.998255
v 8.158244 0.824645 3.024338
v 5.601477 -20.642433 2.971845
v 2.663549 2.047707 3.002478
v -6.156519 -20.983168 3.118203
v -4.571645 -2.351480 2.956329
v 7.733312 1.540232 3.016799
v 4.670008 0.634221 2.930715
v 8.782875 -4.313109 2.903210
v 0.031666 -13.580850 2.839359
v -4.837409 -4.853850 2.968970
v 8.493562 -1.152630 3.002734
v 6.750336 -3.210440 3.027550
v 2.416981 2.300214 2.954973
v 0.835495 -10.378786 2.893215
v 5.429562 1.249338 2.889572
v 8.163218 1.152844 2.885478
v 6.672588 -3.006431 2.916116
v -1.878743 -16.340542 3.008207
v -4.197500 -1.718200 2.949030
v -4.317085 0.435585 2.893029
v 9.013750 -20.650150 2.973389
v 7.692421 -1.648596 3.197865
v 4.791641 -20.296700 2.945280
v 7.345033 2.247549 2.877689
v 7.534850 1.710506 2.986700
v 7.433309 2.096478 2.958001
v 4.455710 -8.009351 2.936316
v -4.208029 1.653347 2.847465
v -1.758516 -16.915134 2.998159
v 6.694980 -2.772363 2.911012
v 6.887051 -3.458013 2.856967
v -5.202756 -21.229727 3.174779
v 8.377575 0.551241 2.907787
v -6.174768 -11.485652 2.986979
v 5.784528 1.567666 2.818391
v 3.328986 2.901499 3.028054
v 3.393035 1.496774 2.907512
v 9.727793 -19.303843 2.754697
v -2.652196 2.648531 2.880807
v -1.696218 -16.139017 2.841717
v -2.397642 3.332627 2.915676
v -4.436361 13.290900 2.911410
v 3.609723 -8.705577 3.063721
v 6.196878 -5.938562 2.848651
v -1.482942 15.986257 2.897943
v -4.216899 -1.528072 2.961567
v 6.115677 -20.790195 2.930663
v 7.152922 2.337402 2.903836
v 4.945633 0.710890 2.913596
v -5.810416 -14.898919 2.904621
v 5.103708 12.479795 2.746996
v -2.634043 3.153904 2.740238
v 7.472435 -3.712488 2.994423
v 4.179089 -8.431273 2.761695
v 9.414598 -19.018711 2.967565
v -6.418668 -18.538204 2.925299
v 3.411680 2.098192 2.864607
v -6.586568 -20.671400 2.887390
v 8.304120 0.850318 2.883640
v 5.049129 -7.468369 2.773822
v -4.592963 -3.081122 2.822170
v 6.667577 -20.938019 2.887692
v 3.712436 0.938416 2.804983
v 6.904836 2.317699 2.903661
v -6.800390 -19.924915 2.654364
v 2.581070 2.165080 2.868440
v 8.799026 -0.796913 2.873028
v 9.685664 -19.943470 2.858510
v 7.127192 -21.049000 2.866760
v 4.830309 -19.177139 2.797108
v -2.706291 2.154633 2.807368
v -5.622289 -16.653849 2.857340
v 8.024065 1.402226 2.859000
v 8.892536 -0.179472 2.852132
v -1.871697 15.764503 2.939736
v 6.862137 -2.516659 2.794856
v -6.194209 -11.686717 2.893592
v -8.555144 -8.157001 2.859685
v -5.589376 -9.883034 2.882164
v 7.047896 -16.784157 2.868721
v -4.194186 1.152074 2.776441
v 3.575300 1.912090 2.854640
v 6.567411 2.157025 2.910513
v 2.928967 2.153276 2.887353
v -8.342361 -5.906654 2.695329
v -2.608630 2.352070 2.848140
v 4.901835 11.617632 2.791822
v 7.546947 1.920091 2.852896
v 8.497766 -4.231285 2.769920
v 3.507183 1.092280 2.844712
v -6.501688 -19.338814 2.525809
v 6.195699 1.903956 2.900451
v -1.195456 16.053741 2.932111
v -4.555680 -1.698970 2.782172
v 7.698127 1.710331 2.838737
v 9.614143 -18.323942 2.799283
v 8.734040 -4.444240 2.836770
v 9.848281 -19.630135 2.763420
v -3.919208 5.226876 2.903746
v 8.134477 -4.853282 2.870832
v 5.317243 -7.171532 2.685186
v 5.307184 13.151751 2.708240
v -3.198245 1.956639 2.867254
v -4.479787 7.857178 2.779273
v -4.205305 6.028129 2.858350
v 9.499279 -20.244480 2.864285
v 2.694490 2.375170 2.822550
v -5.727549 -10.527731 2.822808
v -4.147078 -21.329617 2.607320
v 9.337811 -17.391806 2.639037
v -5.537121 -10.008520 2.776850
v 4.319477 0.705299 2.721116
v -1.289923 -20.236160 2.556731
v 8.462299 0.380735 2.831315
v 3.144115 -9.475033 2.611512
v 3.126770 2.672948 2.872502
v 8.638124 0.137663 2.789762
v 7.784371 -21.073999 2.808780
v 2.420612 -9.634870 2.804508
v 4.972486 4.458106 2.656202
v -4.662774 -2.571517 2.735746
v -4.423625 13.697519 2.725892
v -7.685790 -5.111691 2.515955
v 3.534618 -9.112916 2.730415
v 7.578665 -16.892939 3.004378
v 3.539772 2.222558 2.778982
v 3.518850 1.234950 2.724145
v 7.507000 2.148330 2.756984
v -3.028568 -21.243959 2.722793
v 6.618355 -3.252588 2.713497
v 8.169529 -1.441583 2.911390
v 3.728763 1.823921 2.764774
v -1.463524 -20.596115 2.816351
v 5.185672 0.649255 2.752625
v -6.034178 -11.860839 2.836712
v -5.676243 -13.122658 2.900197
v -4.360910 -1.010970 2.786780
v 8.921290 -0.488729 2.786770
v -4.324578 -1.460301 2.809734
v 8.474102 -16.956697 2.773898
v -5.826237 -11.980171 2.821745
v 8.766155 -20.844162 2.827944
v 8.697670 -1.036649 2.781120
v -8.052633 -5.475070 2.604710
v -4.649376 -2.011146 2.728061
v 4.038264 0.810670 2.860624
v 5.463588 1.126427 2.698351
v 7.923223 1.570950 2.751519
v 3.197539 2.234005 2.824744
v -0.947633 -15.440874 2.707521
v 5.236296 -18.188116 2.694587
v 3.820430 2.064240 2.767590
v 6.617967 -2.983334 2.684549
v -0.031267 -14.311727 2.671754
v 5.253163 10.081606 2.750813
v -6.176386 -11.445134 2.762833
v -6.926301 -4.693954 2.694597
v -4.203745 1.671190 2.685820
v -0.814458 16.156900 2.760260
v 2.903250 2.337590 2.755160
v -4.322149 6.974616 2.739487
v 4.599186 0.594082 2.703340
v -6.508964 -18.890751 2.740650
v 3.728104 2.346478 2.700971
v 1.125129 -10.087783 2.923350
v 4.233177 3.338409 2.746911
v 9.542314 -17.660042 2.720324
v -6.748133 -19.599489 2.605866
v -2.947870 1.950050 2.741640
v 7.271327 -5.153707 2.577971
v 4.615891 -19.687269 2.705371
v 8.634474 -4.351196 2.749872
v -5.802079 -15.167953 2.730314
v 3.389469 2.748754 2.735682
v 8.167360 -4.132915 2.676335
v 3.247923 2.388701 2.739815
v 8.359137 0.589648 2.710031
v 4.806052 -7.967072 2.638139
v -4.226439 5.475593 2.730728
v 4.719488 -20.515417 2.683701
v 3.104249 2.537713 2.761725
v 4.924486 0.575151 2.776653
v -1.540787 -17.623894 2.827875
v -5.540851 -16.231253 2.717424
v -4.189401 14.031000 2.724790
v -5.643045 -12.106412 2.687919
v 8.578414 -4.520908 2.727640
v 8.817173 -0.814467 2.645376
v -8.731876 -7.324695 2.645776
v 5.529471 -6.743097 2.669332
v -5.270607 -4.850213 2.749473
v -4.406050 -0.346009 2.714235
v 5.663371 -17.223621 2.624054
v 7.411843 2.324868 2.660924
v 4.008699 3.101683 2.707084
v -1.716826 -16.704405 2.679767
v 7.124289 2.388511 2.683104
v -4.281970 5.703500 2.747843
v -6.788351 -20.311733 2.636050
v 3.366032 2.643399 2.676544
v 7.516401 -1.939400 2.847391
v 6.627819 -5.551224 2.597916
v -4.400625 0.071185 2.746606
v -5.738522 -9.793234 2.684380
v 3.825684 1.695061 2.622860
v -4.588723 -1.298462 2.660025
v -8.661782 -6.811625 2.648673
v -4.453343 -0.937595 2.661649
v -4.788038 -4.763070 2.780475
v 7.631066 1.846135 2.692916
v 2.473837 16.012375 2.723114
v 3.964545 2.284194 2.615255
v 3.712751 2.911068 2.680073
v 3.464473 2.474494 2.696502
v -2.808330 3.020570 2.680590
v 4.015095 1.998920 2.660760
v -6.401249 -18.089834 2.578001
v 5.388063 0.876120 2.686646
v -3.919545 1.753713 2.583523
v -4.760575 -4.537420 2.673077
v 8.158620 1.330636 2.710841
v 3.631530 1.495077 2.672620
v 7.582419 2.248440 2.624827
v -6.144949 -11.655800 2.669300
v 8.288906 1.117746 2.632169
v 4.530682 -20.235428 2.613637
v 7.130708 -2.261918 2.449553
v 7.792820 1.690152 2.650182
v 5.032662 12.054883 2.588370
v 5.388164 0.387119 2.660268
v -4.729976 8.133860 2.602865
v 8.862600 -0.237944 2.644035
v -3.634838 14.600921 2.640801
v 5.458508 0.657044 2.659379
v 9.170671 -20.684099 2.655530
v 5.455359 6.262937 2.605726
v -5.594873 -12.268153 2.650411
v 5.479458 9.608809 2.388794
v -6.106768 -14.595301 2.686616
v -1.665585 -17.184811 2.678776
v -5.908619 -10.771600 2.587185
v 6.854775 2.363436 2.639575
v -4.707339 -4.057345 2.660056
v -2.766258 2.267291 2.551810
v -2.821797 3.847711 2.601643
v 5.157580 0.363397 2.632200
v -2.941320 2.830945 2.629840
v 6.457981 -21.034201 2.473890
v -2.899189 2.550642 2.526949
v 8.126090 1.479101 2.610835
v -2.255752 15.578138 2.720509
v 5.560870 0.388729 2.626170
v -5.726812 -11.989710 2.609008
v -2.544608 15.312185 2.817610
v -4.919452 9.944686 2.403008
v 4.584328 3.835324 2.702534
v -4.125624 5.273623 2.632179
v 6.674753 -2.761735 2.482131
v 9.696561 -19.067532 2.657397
v -5.973902 -11.810832 2.615230
v -2.594705 3.352815 2.552902
v -4.930921 5.545619 2.608175
v -6.074039 -11.139300 2.607370
v 4.075725 15.479930 2.421063
v 8.319526 0.915304 2.572709
v -5.623603 -9.882518 2.627183
v -4.491369 5.561903 2.613983
v 7.694619 2.055339 2.560269
v 6.153425 1.881187 2.531587
v 8.462646 -4.417992 2.595159
v -2.647696 3.514704 2.462590
v 3.939599 0.879113 2.615295
v 7.587735 2.393368 2.544981
v 6.612430 2.254961 2.592850
v 8.672700 -0.058967 2.592160
v -2.834317 2.060642 2.557739
v -3.163667 4.134699 2.310390
v 5.915346 1.588859 2.442103
v -5.645201 -10.200924 2.630567
v -4.353070 1.489941 2.615287
v -4.718185 -1.470488 2.530012
v -4.365765 0.786405 2.530051
v -4.487449 -0.188275 2.556364
v 8.372896 1.332067 2.531574
v -4.751363 5.444711 2.576704
v -5.635286 -15.724826 2.517032
v -5.001428 5.455598 2.577562
v 6.630280 -3.417720 2.576250
v 5.301239 0.229625 2.573368
v 4.845151 0.493902 2.634053
v -6.070858 -11.386259 2.548968
v 5.864975 -6.257142 2.644149
v -4.433170 5.863275 2.591387
v 3.710590 1.042150 2.568920
v -4.997550 -4.849071 2.567090
v 8.398095 0.173779 2.593802
v -5.216935 5.514174 2.565442
v 7.317401 2.399827 2.556698
v 3.756742 2.531433 2.552966
v 9.750278 -17.952940 2.605975
v -5.514624 5.720476 2.528916
v 0.380770 -12.598381 2.551884
v 7.394855 -3.883214 2.634129
v 4.195171 2.184740 2.436674
v 5.697639 0.903559 2.501408
v 8.878524 -17.034491 2.556282
v -3.095887 1.905622 2.619303
v 5.599077 0.183352 2.487900
v -5.218461 5.728903 2.544226
v 6.240217 -5.859904 2.432333
v -4.994098 5.762557 2.508895
v 8.846486 -0.686664 2.538960
v 8.319658 0.738647 2.611929
v 5.464045 14.068479 2.396166
v -4.734320 -1.154745 2.466660
v -4.659785 -0.813442 2.515929
v 4.242635 0.779569 2.451550
v -4.415588 5.376051 2.525412
v 5.729290 0.341798 2.537570
v -5.585180 5.569434 2.531053
v 9.834804 -20.162134 2.546025
v -2.780796 3.197053 2.470621
v 7.964198 1.696108 2.512982
v 7.663432 -16.517750 2.445130
v -5.634971 -12.557844 2.575898
v 8.179581 -4.297157 2.502862
v 8.131964 -16.618004 2.399802
v 8.187227 1.769586 2.433826
v 8.648816 -0.416391 2.197090
v 3.617280 2.715200 2.520830
v -4.387140 1.271280 2.520600
v 3.082437 16.000170 2.478815
v 0.591000 -11.743300 2.515590
v -5.913942 -11.635910 2.486422
v 3.851356 1.176698 2.360292
v -5.921164 -10.861900 2.489305
v 7.772257 1.817117 2.501298
v -4.678179 5.753036 2.519529
v -4.484012 7.498444 2.534561
v 7.980678 -1.689614 2.528541
v 8.276903 0.322619 2.511681
v 8.151003 -4.675027 2.524602
v -4.679833 5.363206 2.476410
v -5.754817 -11.809251 2.479870
v -5.877059 -15.327510 2.393962
v 4.976579 14.913200 2.499730
v 4.116134 2.354654 2.484687
v -4.914051 5.366730 2.496830
v 9.975051 -18.398951 2.311438
v -6.551933 -18.606808 2.413184
v -5.803472 -10.517799 2.502131
v 8.233506 -4.485038 2.460763
v 4.608316 -8.546422 2.301256
v 6.491147 -3.201451 2.378767
v 5.265708 4.994996 2.538706
v -1.447344 -16.092684 2.552266
v -6.043720 5.835050 2.488870
v 7.816840 2.383440 2.488600
v -4.460200 6.120230 2.488230
v -3.937118 4.991870 2.434162
v -4.635265 -0.418510 2.456850
v -1.860008 -20.885700 2.485390
v 3.727295 2.796295 2.455315
v -4.293457 5.269861 2.384146
v 3.489439 15.878600 2.481300
v -4.553782 7.167161 2.420096
v -0.524696 -15.156820 2.367744
v 3.887286 1.581532 2.428073
v -4.398413 1.094629 2.458878
v -5.693198 -10.338487 2.459869
v 0.644667 -11.229560 2.526330
v 7.782689 2.501603 2.451020
v -6.507356 -19.054459 2.479477
v -6.217560 5.835705 2.457520
v 4.278073 3.156638 2.450235
v -4.689403 14.049374 2.241237
v -2.861346 2.136813 2.385730
v -3.064772 2.804731 2.439652
v 4.536047 -18.843834 2.306660
v 7.453360 2.465328 2.413260
v -3.496369 1.829301 2.539078
v 5.870638 1.313797 2.360634
v 10.115803 -19.616400 2.371420
v 9.759687 -18.708258 2.565149
v -5.884241 5.589180 2.456100
v -4.949297 12.552169 2.394051
v -4.649161 -0.257540 2.421538
v 7.609270 2.517987 2.410680
v 4.338659 -19.419643 2.287401
v -4.717532 -1.708959 2.502298
v 4.063411 1.774479 2.398407
v -6.303391 6.012269 2.442950
v -5.632029 -12.055100 2.442410
v 8.594172 1.194361 2.369770
v -4.889495 8.593675 2.431425
v 8.355378 0.844812 2.424728
v -6.587348 -20.801201 2.438220
v -1.608284 -16.524729 2.432289
v 7.669701 -4.085085 2.505856
v 5.629944 6.691721 2.308392
v 7.830573 -21.142435 1.897079
v -4.530032 6.617286 2.428838
v -4.657560 6.015604 2.375125
v -5.407405 5.401625 2.429303
v -5.722369 -10.547251 2.407075
v 3.995733 2.985035 2.501698
v -5.570960 -9.994885 2.446665
v 5.392950 0.147968 2.353010
v -6.137954 -14.938197 2.477178
v -4.607990 0.036562 2.415920
v -1.249795 16.167150 2.362719
v -4.808909 13.713574 2.315793
v -1.255421 -19.824902 2.401874
v 5.604299 7.522166 2.374927
v 5.523089 5.473565 2.300815
v -4.803587 -0.949962 2.276862
v -4.739128 -2.281698 2.467042
v 3.805502 1.387727 2.381188
v -5.369141 5.946603 2.386930
v 5.127510 0.256696 2.397900
v 6.823139 2.315103 2.334701
v 4.746563 15.140405 2.197584
v -6.207588 -4.724508 2.468101
v 0.161961 -13.934896 2.389083
v 6.041281 -6.094543 2.195934
v -6.845050 -4.624080 2.245730
v 8.284680 0.664536 2.391070
v -4.474428 0.358819 2.539988
v -1.834250 15.955453 2.335242
v -5.666444 -12.351457 2.354905
v -5.687159 -9.773410 2.379780
v 3.982341 2.671106 2.330413
v -3.076361 1.882753 2.386212
v 8.490481 -16.673601 2.160897
v 4.247293 -20.133657 2.256045
v 5.549957 -7.122125 2.394657
v -4.414751 1.357741 2.340982
v -4.798953 -2.977720 2.216084
v -4.666407 5.292500 2.275067
v -8.690379 -7.877710 2.482525
v -6.379786 5.895895 2.282115
v 8.614011 1.467572 2.386387
v -2.992181 3.081022 2.380291
v -6.059824 6.219203 2.259897
v 7.136927 2.407478 2.394354
v 5.834880 -6.442800 2.263150
v -4.632670 6.200099 2.330410
v 4.768909 -20.644630 2.231925
v 10.134251 -19.845568 2.374403
v -8.776420 -7.554963 2.294558
v 3.928105 2.812365 2.319080
v -4.880578 -4.364323 2.311687
v 9.586407 -20.546160 2.350385
v 7.621828 -4.855719 2.417304
v 8.496050 0.968035 2.331271
v 8.030707 -4.499177 2.361726
v -5.637340 -21.198467 2.094385
v -4.907047 8.341048 2.273139
v 4.494339 3.358907 2.371967
v 8.413758 -0.128328 2.245255
v -6.235103 -13.777365 2.176928
v -8.658592 -6.385873 2.193075
v 8.015285 1.928621 2.322257
v 6.499791 -3.370239 2.343830
v 4.421167 -20.450132 2.289246
v 9.792420 -17.660727 2.352812
v -3.552232 14.797572 2.268162
v -5.588798 -11.883101 2.319549
v 4.688154 0.528967 2.379328
v -2.770252 3.310068 2.243461
v 5.121224 -17.706062 2.272618
v 9.282152 -20.765074 2.323330
v 4.079349 0.973334 2.286106
v -3.142425 2.963694 2.329618
v -4.500820 1.194070 2.322380
v -5.492290 -10.492546 2.317908
v 5.708581 0.041044 2.264853
v 7.857552 -4.339359 2.356931
v -6.421900 6.190849 2.318700
v 8.204690 0.097775 2.373558
v -4.971596 -4.704184 2.272575
v -6.097270 5.661886 2.198423
v 8.696269 2.010994 2.184797
v -5.686861 5.425260 2.310950
v -4.760050 -0.536367 2.252980
v 5.423455 14.460467 2.355516
v 8.091360 2.285881 2.251740
v 4.120009 1.247567 2.031348
v -5.642743 -4.771422 2.441295
v 8.689030 -0.997643 2.290301
v 5.363584 -17.216944 2.158704
v -5.938900 -16.569698 2.275456
v 5.926686 0.159224 2.294386
v 6.346635 -16.534391 2.366276
v -4.485779 0.764025 2.228157
v -5.640839 -12.143022 2.186111
v 1.199259 -10.455521 2.465346
v -4.724557 7.040497 2.255016
v 7.541418 -4.250337 2.288224
v 8.172754 0.423321 2.237639
v 0.935720 -10.816447 2.391626
v -4.220660 1.491079 2.326198
v -6.475061 6.045677 2.367109
v -1.576379 -17.498508 2.245846
v 5.753872 -6.859830 2.159114
v -1.509712 -20.599281 2.250634
v -2.769180 15.317932 2.246580
v 4.267323 2.017024 2.289632
v -5.488761 -10.104950 2.318521
v -2.955598 2.095399 2.231742
v 5.704113 9.128160 1.956874
v -4.084766 14.426931 2.338508
v -6.408276 -14.653672 2.256073
v -3.387203 1.747242 2.240046
v 6.100113 0.469173 2.244416
v 7.689321 -4.653795 2.286980
v -5.050301 6.067989 2.264070
v 4.075747 1.505118 2.033384
v -5.496774 -11.497200 2.255545
v -5.557850 6.175332 2.273466
v -6.486405 -9.347569 2.429338
v -4.811925 6.585106 2.261757
v 8.029230 2.516141 2.253830
v -5.748083 -15.987444 2.334521
v 0.843928 -11.926739 2.112706
v 4.115858 15.647953 1.726324
v 5.907346 -16.693150 2.203825
v -1.610888 -17.009161 2.228625
v -4.893231 6.236549 2.240473
v 6.487419 -5.498266 2.194844
v -3.197811 1.842714 2.062821
v 7.631250 -4.442941 2.252048
v -5.511769 -9.916000 2.312254
v 8.386255 0.810410 2.232201
v -2.947842 2.330489 2.205175
v 8.093480 2.430151 2.233670
v 6.839270 -5.298001 2.335366
v -6.803102 -19.486534 2.165024
v 5.593344 13.576368 2.251735
v 7.860148 2.607109 2.172435
v -5.291800 5.324145 2.171923
v 7.664603 2.600242 2.243132
v 8.859125 -20.945353 2.231473
v -3.217340 2.867780 2.226850
v -5.354588 -10.250101 2.241923
v 5.230764 4.423361 2.133885
v -5.434391 6.570459 2.206060
v -5.164572 -4.810424 2.216520
v -6.375225 -14.320780 2.266839
v 8.226197 -1.520149 2.216176
v 10.008046 -19.208897 2.159456
v -4.884338 -3.900073 2.035160
v 9.917886 -20.359148 2.264201
v -5.119206 6.485069 2.213655
v 8.279257 2.218503 2.097526
v 8.889084 1.419869 2.157339
v -8.815451 -7.124846 2.058489
v 7.021626 -21.148462 2.085216
v -5.461447 -11.160481 2.211199
v 7.879140 -16.439093 2.153158
v 4.178578 2.615856 2.174988
v -7.177299 -4.681780 2.200950
v -5.301941 -10.428505 2.158739
v 6.510153 -3.084837 2.144754
v -6.692349 6.336867 2.218358
v 10.141982 -20.119207 2.217935
v 4.198636 3.013574 2.253042
v -5.797975 6.456730 2.195668
v 7.319911 -4.102780 2.259178
v -6.182364 -15.099397 2.143340
v -5.395349 -10.781688 2.185008
v -3.804062 1.619115 2.252565
v 5.386575 14.698772 2.096122
v -5.917173 -13.164455 2.405723
v 5.307829 4.626940 2.185840
v 7.107175 -16.429836 2.274181
v 5.126351 -8.083384 2.231888
v 8.048510 0.180613 2.128878
v -5.857191 -15.609978 2.176181
v -6.697228 6.195891 2.179109
v 4.404605 2.242212 2.128498
v -4.742104 7.397001 2.131939
v 6.852685 -2.531364 2.204854
v 5.873382 -0.058018 2.141197
v 8.952506 -16.901489 2.101623
v 4.136643 -9.013936 2.321356
v -3.751613 -21.360285 1.482933
v -5.376071 -10.016171 2.218908
v -4.599720 1.112430 2.168580
v 0.659505 -12.572464 2.138778
v -5.430758 -4.768890 1.962237
v -5.443449 -11.457600 2.166380
v 6.613041 -16.375700 2.166330
v 6.627102 2.165221 2.205721
v 8.129920 0.002653 2.165710
v 6.230702 0.071566 2.161848
v -2.803725 3.505150 2.055230
v 5.513978 0.121403 2.049001
v -0.982411 -15.839463 2.034387
v -4.702769 14.321664 1.934598
v 4.816436 0.590806 1.801781
v 10.268376 -19.745888 2.168504
v 8.754789 1.147665 2.146986
v 4.449297 3.156334 2.096237
v 4.107562 2.852108 2.154023
v 6.276646 -16.439001 2.118755
v 4.332458 2.489890 2.104081
v 6.328573 -0.042013 2.150991
v 7.106085 -3.889555 2.349452
v -4.815184 -1.436204 2.159182
v 9.058743 1.866300 2.044497
v 7.084942 2.386758 2.116116
v -6.439415 -14.869654 2.019284
v -5.538335 -11.767200 2.078689
v 5.167951 0.291959 1.950622
v 6.332961 -0.229806 2.128514
v 9.747265 -17.506477 2.166406
v 6.532815 -0.105969 2.113975
v 5.417131 11.660390 2.114691
v 6.349722 0.488865 2.094690
v 5.727051 14.089414 1.957720
v -6.411746 6.399251 2.125017
v 1.645061 -10.413906 2.173183
v -1.364994 -16.367737 2.028382
v -5.375668 -11.079636 1.955578
v 8.709814 -0.770983 2.132142
v -4.412182 1.258972 2.113261
v 3.042443 -9.871174 2.184167
v 7.554689 -1.950967 2.278212
v -4.964023 -4.480309 2.029379
v 7.515534 2.601399 2.067090
v -4.613381 0.956145 2.115712
v -5.932893 6.850185 2.034992
v 7.271633 -4.297839 2.103114
v -1.448221 -18.914000 1.764998
v 10.286832 -19.957146 2.106551
v 7.450789 -16.344751 2.058710
v 5.475437 -7.751934 2.157851
v 8.857290 1.164850 1.832225
v 7.295740 -4.777716 2.135458
v 6.577434 -0.325230 2.099922
v 6.356008 1.904025 2.127594
v -5.822910 -12.647329 2.043465
v 4.160315 -20.342852 2.037712
v -5.404415 -9.823568 2.090637
v 6.184768 1.193277 2.082250
v 0.947233 -11.318942 2.139317
v 5.839499 -6.618947 1.903058
v -4.185112 5.099281 2.007268
v -5.073186 8.599752 1.939512
v 6.992480 -5.033070 2.088290
v -6.633884 6.498775 2.085512
v -6.821059 6.399374 2.072579
v -1.309620 -20.218851 2.077778
v 10.118201 -17.924299 2.079940
v -6.638801 -18.569504 1.890847
v -6.923560 -19.731972 1.868966
v -8.560498 -5.986683 2.120005
v -4.946103 6.959325 2.126804
v -4.804679 -1.999868 2.059678
v 6.139763 -0.174774 2.074212
v -1.521362 -16.722334 2.008842
v 7.293396 -4.522740 2.087315
v 5.458396 -20.797863 2.388037
v 6.504652 0.175612 2.067114
v 4.719479 3.524793 2.013124
v 8.210261 0.658316 2.092536
v 5.704690 -7.364908 2.049570
v -3.327105 2.909830 1.977830
v -4.624671 0.288365 2.056156
v 4.420240 1.997940 1.956715
v -5.256458 6.863258 2.054092
v -5.211259 -10.105000 2.053620
v -5.131956 13.310229 2.107188
v -6.599584 -19.151022 1.904064
v 8.146695 2.449814 2.076845
v -0.716724 16.265150 1.862797
v 5.820595 7.063805 1.845601
v 6.393100 -0.428293 2.041820
v 3.781595 -9.478995 2.195235
v 6.640226 -3.677307 2.091400
v -4.212418 14.580667 1.918254
v -6.443765 -17.742645 2.041547
v 5.362488 12.176462 2.230264
v 8.003253 0.100626 1.984033
v 10.278875 -19.593243 2.011080
v 1.317159 -10.718074 2.096327
v -4.056509 1.433165 2.043018
v -6.781547 -20.663992 2.034959
v -1.295603 -19.784735 1.867626
v 6.888931 2.169872 1.982275
v -4.852633 -0.912904 1.927586
v 6.540840 -0.513135 2.016350
v -4.947848 7.253772 1.992038
v 6.836887 -3.884272 2.048765
v 5.628169 14.428700 2.011570
v 6.300367 1.681552 2.022464
v -7.756997 -5.019832 2.065253
v -2.910365 3.718905 1.933990
v -3.529438 1.577127 1.879832
v 3.956535 -19.877838 1.907614
v 4.275511 2.977706 1.955327
v -6.906850 6.732170 1.988930
v -4.503034 5.255238 1.996599
v 9.389361 -20.811926 1.922835
v 7.840985 -1.819957 1.888703
v -6.930168 -20.152746 1.934016
v 3.138392 -10.069419 1.966333
v 8.035006 0.467883 1.954191
v -3.024598 2.158354 1.990701
v 6.752952 -0.129229 1.960228
v 6.624702 -2.886899 1.991486
v 5.597085 12.532498 2.088000
v -5.122992 -4.762407 1.972666
v -3.117728 2.543293 2.052451
v 6.757236 -0.455344 1.918290
v -6.985920 6.606710 1.953665
v 7.062998 -4.730822 1.977781
v -5.702718 -9.664950 2.014832
v -6.598660 -18.210018 1.975102
v 10.118293 -20.377748 1.966884
v 8.177328 -16.477837 1.939660
v 4.201830 2.823300 1.956770
v -5.472362 5.384524 1.906298
v -6.025081 -15.354247 1.984892
v 8.038149 2.606532 1.930129
v 5.727750 -16.712778 1.719936
v -5.847431 5.520954 1.973918
v 6.624027 1.960222 1.941646
v 6.494810 1.651746 1.868355
v 3.621018 -9.882514 1.939738
v 6.478861 -3.545808 1.983554
v 8.619215 -16.610716 1.624194
v 1.210063 -11.078138 1.997974
v -6.996560 6.834739 1.909505
v 2.661355 -10.188876 1.952059
v -3.274510 3.048210 1.933890
v -8.145378 -8.458144 2.437788
v 8.148046 -1.589869 1.826810
v 8.287953 2.413293 1.912976
v -3.334159 15.023350 1.859651
v 6.256567 -5.673638 1.924661
v -2.936730 3.360110 1.922550
v -5.954649 -15.737507 1.889997
v -5.967305 -16.098110 1.956241
v -4.694379 0.889538 1.931897
v 7.055269 -4.452458 1.931945
v 0.379990 -13.646676 2.044630
v 3.367389 -10.205874 1.898361
v 9.228078 2.330024 1.819836
v 5.943582 -0.102426 1.881912
v 8.739350 2.324502 1.955564
v -5.283241 -10.673017 1.873232
v 6.400314 -3.382057 1.923035
v 3.459176 16.022560 1.817948
v 8.042980 0.661580 1.837765
v 5.321160 -8.211407 1.877124
v -6.922626 6.391317 1.914433
v 8.274951 0.829582 1.819946
v 6.963098 -4.156370 1.929727
v -1.595201 16.117599 1.905130
v 1.754117 -10.557569 1.963512
v 4.461764 2.522714 1.899301
v 6.426932 -0.525621 1.828598
v 8.292529 -0.201385 1.918202
v 5.945647 12.975097 1.688844
v 5.712424 10.013864 1.884142
v 5.268874 14.891675 1.772300
v 8.566006 2.362201 1.893713
v -5.184531 13.743224 1.951271
v 3.121343 -10.473724 1.858494
v 7.901885 -16.355949 1.840125
v -3.166856 1.934397 1.782844
v 4.572085 -17.833113 1.649945
v -6.290486 -15.106679 1.721008
v 7.881612 2.728319 1.835007
v -8.925216 -7.508480 1.792447
v 6.645649 0.618719 1.907614
v 9.154377 2.601263 1.685887
v 9.792266 -20.617674 1.921703
v 6.841425 1.999225 1.867190
v 9.476136 -17.168697 1.831876
v 0.032446 -14.629208 1.762697
v 3.516671 -10.468000 1.860890
v -8.281532 -5.458523 1.921075
v 3.775486 -10.199825 1.816518
v 10.265530 -18.475554 1.864171
v -6.723614 6.074556 1.791285
v 10.409982 -19.855789 1.849158
v -1.406090 -20.522551 1.833473
v -5.202682 7.193925 1.884172
v 6.230465 -0.338579 1.866469
v -2.538960 15.481305 1.681651
v 5.694260 5.390125 1.806095
v 3.968431 -20.215900 1.843370
v 5.806577 -7.110650 1.839984
v 4.523554 -18.335983 1.995764
v 7.055749 -16.276108 1.831347
v -5.053702 14.060829 1.927672
v 2.141448 -10.458749 1.895230
v 2.726531 -10.384500 1.838660
v 4.905352 -17.394501 1.643700
v 7.703118 2.676352 1.780008
v -1.736284 -20.807735 1.913096
v 4.259740 -9.444112 1.909830
v 1.521369 -10.878778 1.866086
v 8.198723 2.633828 1.761848
v -6.997130 7.025869 1.809030
v -6.609561 -14.357887 1.756551
v 2.500545 -11.023199 1.810111
v 10.333885 -20.156738 1.837953
v -5.911258 7.305601 1.818165
v 6.563789 -0.603260 1.789509
v 6.453406 -3.241254 1.822793
v -5.927094 -4.640431 1.644642
v 4.613949 -9.177557 1.825090
v -8.796468 -6.651652 1.895236
v 6.969309 1.919739 1.792613
v 9.410322 2.119227 1.779155
v 4.545434 2.276712 1.778489
v 3.073567 -10.963938 1.784246
v -4.720635 0.485621 1.778068
v 5.770952 -7.624188 1.781913
v -6.592912 6.911359 1.830619
v 9.128112 -16.860277 1.521933
v 7.948459 0.286655 1.839445
v -5.776992 -12.306524 1.681004
v 7.049312 2.144906 1.805500
v 6.562061 -5.283002 1.733800
v 1.171768 -12.041464 1.786750
v -4.808159 7.814025 1.853120
v 4.348525 1.772025 1.654710
v 4.636312 3.286133 1.753061
v 2.094571 -10.668800 1.788800
v 6.732452 1.748273 1.787832
v 5.757694 6.285217 1.934098
v 8.490527 -1.094654 1.824048
v -4.947068 8.288477 1.877586
v -5.487510 7.178090 1.839233
v 6.939793 -0.301770 1.718271
v 6.885304 -4.670797 1.774185
v 8.499959 -0.822125 1.682480
v -6.617866 -14.605032 1.871624
v 1.172203 -11.697399 1.836946
v -3.310612 3.050267 1.683172
v 6.010306 -6.154977 1.689105
v 8.415270 2.514772 1.756452
v 8.921347 1.235489 1.512136
v 0.257482 -14.173463 1.874762
v 8.706400 2.601729 1.766340
v 1.356581 -11.339295 1.786639
v -8.702661 -6.092033 1.868857
v 0.623497 -13.294237 1.851308
v 7.290870 2.460561 1.770690
v -7.100760 6.802318 1.790491
v 9.367654 1.832817 1.802590
v -2.148167 -21.007359 1.840281
v 7.384082 -2.094528 1.815400
v -2.940976 3.519102 1.772167
v -8.504300 -5.682142 1.782790
v 7.033257 1.745688 1.759164
v -8.840888 -7.749558 1.749150
v 8.348114 -1.341189 1.897096
v 8.435281 2.946786 1.716853
v 6.592686 1.190654 1.827298
v 6.617000 -3.025375 1.671923
v 10.263130 -19.253315 1.658685
v 4.358397 2.927274 1.656721
v -5.179928 -10.001460 1.759906
v -7.055346 6.535348 1.752734
v 8.118030 -0.045801 1.648080
v 1.726717 -11.058721 1.760737
v -8.092196 -5.226521 1.778918
v 4.098542 -9.898219 1.770206
v -6.886692 6.274406 1.810596
v 5.930251 13.717494 1.649127
v -4.690230 0.886046 1.744790
v -6.989357 -19.909193 1.469431
v 5.631247 -7.919962 1.677883
v 4.459481 2.716825 1.639489
v 7.255424 1.453105 1.728896
v 5.798244 -6.820912 1.683586
v -8.582692 -8.110468 1.870113
v -7.083041 7.126510 1.732840
v 5.640169 12.076900 1.722070
v 8.413998 -0.531612 1.637419
v 6.838007 -4.315830 1.704534
v 8.507374 0.977208 1.771016
v 6.845754 -4.951317 1.844421
v 6.905480 0.293403 1.766362
v 10.372087 -19.552828 1.632665
v -6.511985 5.901629 1.838026
v 4.203870 -20.535851 1.687585
v -3.093695 3.278450 1.643740
v 7.820217 0.460862 1.692288
v 7.195344 1.965382 1.684708
v 8.628529 3.058866 1.684047
v 8.021330 2.789726 1.697670
v -6.441305 -17.334715 1.742991
v -6.870828 -19.302958 1.416842
v 8.380414 2.689780 1.718673
v -5.344776 -4.740244 1.634429
v -6.619201 -18.914206 1.703746
v 5.617032 14.595724 1.660808
v 7.422935 1.654397 1.674620
v -4.779815 0.081259 1.612128
v -1.559448 -17.849333 1.677940
v 6.878323 1.292055 1.695988
v -4.774523 -0.308300 1.801870
v 6.751123 -2.679862 1.732216
v -3.135224 2.064334 1.550371
v -1.571016 -17.255653 1.753201
v 4.618892 2.265164 1.475292
v 5.635728 0.138319 1.684424
v 7.008600 0.852617 1.696030
v -6.374150 7.406485 1.668445
v -9.007899 -7.307110 1.693020
v -6.673349 -14.804901 1.692430
v 7.895288 0.699692 1.686291
v -4.900264 7.650055 1.718284
v -6.190355 7.616817 1.634511
v 8.965905 2.889559 1.571950
v -1.080415 -16.135794 1.566527
v -3.288991 2.644846 1.808823
v 6.349531 -0.478620 1.602847
v -1.290790 -20.259209 1.702813
v 4.879588 3.671755 1.628706
v 6.725430 -0.715620 1.680547
v 4.136674 -10.452570 1.643055
v 8.293751 3.351498 1.665937
v 5.751001 10.678992 1.768003
v -5.223751 7.445767 1.661941
v -6.968461 7.296370 1.672020
v -6.754154 -18.311354 1.475015
v 3.654106 -10.999755 1.675231
v -7.266512 -4.581857 1.388566
v 1.608651 -11.423400 1.667100
v -5.436836 -11.460213 1.790778
v -3.383665 2.858147 1.712885
v 8.007897 0.170183 1.618170
v 3.280820 -11.476030 1.650153
v -3.994081 1.218929 1.650166
v 7.131647 0.592793 1.618110
v 9.898024 -17.418821 1.494912
v 1.373744 -11.738832 1.681687
v 7.871378 2.792098 1.650186
v 5.857334 8.206544 1.576133
v -5.860611 7.665062 1.620124
v 6.726762 -3.994090 1.680431
v 7.256071 2.309028 1.673574
v 10.359901 -17.985600 1.653410
v 7.522006 2.383590 1.553915
v 2.768114 -11.574432 1.650939
v 5.661766 5.054561 1.502874
v -6.241160 5.703360 1.651080
v 8.241580 3.005848 1.624230
v 8.110480 2.898100 1.608448
v 5.800948 -7.059910 1.518672
v -5.422526 14.045500 1.587570
v 7.481212 0.958342 1.609073
v 3.772588 -20.089520 1.639474
v -8.832685 -6.225628 1.690168
v 5.848151 -6.506902 1.500260
v 7.811055 0.388581 1.547443
v -8.406733 -5.455743 1.664440
v 4.828567 -8.822253 1.860401
v -6.019452 -15.532495 1.606650
v 4.626748 2.512392 1.425973
v -6.565629 -4.641949 1.555467
v 6.620877 -16.325951 1.715573
v 7.672303 -16.268833 1.619666
v 7.652443 2.529150 1.608088
v -5.165091 14.284511 1.638451
v 5.742856 5.801432 1.851901
v -0.294942 -15.180843 1.619607
v 5.918719 12.583500 1.628130
v 8.218261 -1.531659 1.416471
v 5.087923 -8.612391 1.716460
v -4.853639 -0.759848 1.555297
v -4.620680 5.290929 1.621910
v -4.997101 8.196951 1.643921
v -8.800403 -5.999609 1.672787
v 7.725250 0.564877 1.620225
v 6.539612 -3.710618 1.623727
v -6.700846 7.629709 1.605305
v 7.697416 0.749556 1.614399
v 4.615470 -20.757822 1.610728
v 3.248376 -12.168996 1.617620
v -1.390270 -16.654745 1.467825
v 2.631939 -12.354734 1.578344
v -2.991986 3.634566 1.542620
v 1.634813 -11.959800 1.577070
v -3.961892 14.816090 1.487496
v 6.449499 -3.500258 1.640718
v 7.534513 0.714815 1.597304
v -5.474561 13.523269 1.681934
v 9.453970 1.727961 1.604750
v 1.466756 -12.254050 1.574370
v -5.030464 7.898330 1.563226
v -4.728831 14.522870 1.562620
v -4.329535 5.090566 1.530263
v 7.953671 0.840751 1.610437
v -6.674454 -19.153160 1.576822
v -8.683115 -5.790046 1.578840
v 4.495471 -9.789553 1.620821
v -5.044989 7.589461 1.619647
v 7.842629 2.649945 1.546980
v 8.354712 3.699677 1.602889
v 8.112730 3.440439 1.568367
v -3.171431 2.361434 1.651554
v 2.194635 -11.868859 1.583065
v -6.091034 7.922827 1.597901
v 5.978300 -0.034627 1.574706
v 5.918094 9.695176 1.405321
v -1.594207 -20.719385 1.591578
v -5.508066 7.565551 1.623870
v -3.095413 3.862119 1.671708
v 7.306409 2.168082 1.594749
v 4.781199 -9.510152 1.532786
v 4.458358 2.976201 1.448761
v 6.190749 -0.235004 1.532080
v -2.997820 3.431490 1.590680
v 0.943554 -13.034946 1.668109
v 7.110302 0.034818 1.476979
v -7.176673 7.019653 1.561226
v -6.114886 -13.263438 1.854808
v 10.195737 -20.503063 1.531412
v -4.978663 -3.632852 1.459569
v 9.645388 -20.816887 1.479730
v -8.132456 -5.135032 1.517184
v 7.650564 1.305106 1.566405
v -1.383259 -20.540236 1.587839
v 8.149336 0.998204 1.476259
v 6.970350 -0.614458 1.577710
v -8.292809 -5.260536 1.614000
v -6.120620 -15.318460 1.475763
v 6.720041 -4.811549 1.588415
v 4.424360 3.032420 1.574610
v 6.354852 -5.536717 1.514693
v -5.262477 -4.664868 1.356192
v -7.146818 6.738794 1.595000
v 3.656427 -11.733801 1.573553
v -8.977899 -6.466510 1.547549
v -3.429550 2.735140 1.568060
v 3.619457 -19.284016 1.300785
v -6.333843 -21.052895 1.484513
v 5.902208 -7.397819 1.620772
v 3.801861 -12.195200 1.561800
v 4.758087 0.910182 1.327732
v -1.512589 -16.978588 1.551876
v 7.306310 0.745127 1.581685
v 7.939696 2.910563 1.581918
v 7.135665 0.359197 1.529384
v 8.177159 3.734371 1.555955
v 5.385639 -16.860361 1.235333
v -6.811652 7.645474 1.539531
v -6.320589 -16.773737 1.578716
v 6.450508 -0.652568 1.502572
v -9.124440 -7.202904 1.538457
v -8.615250 -5.517264 1.544265
v -5.838159 5.594054 1.510759
v 7.782889 0.997465 1.557134
v -9.060013 -7.485459 1.533804
v 7.630390 -2.080313 1.480895
v 7.910532 -1.922718 1.433720
v 5.898611 14.272620 1.488244
v -4.351745 0.918498 1.492415
v 6.728944 -4.526939 1.524590
v 10.311131 -18.867331 1.615475
v 8.331358 -16.432449 1.286216
v 10.243127 -17.740705 1.552175
v 8.570625 3.843676 1.493588
v 6.924030 -2.449600 1.493580
v -6.417981 7.927175 1.502710
v -6.748844 -14.692051 1.422655
v 7.738674 1.739121 1.464459
v -8.523350 -5.318093 1.529630
v 6.568953 -5.110325 1.493590
v 5.902480 10.151830 1.555761
v 1.273093 -12.767508 1.567897
v -8.970783 -5.914533 1.534250
v 4.375211 1.528418 1.472521
v -3.707201 1.316041 1.336088
v -5.141261 8.564800 1.514490
v -4.592032 0.737689 1.474452
v -6.511055 -14.983495 1.453510
v -6.930876 6.298386 1.500434
v 8.389592 3.942126 1.458134
v -5.204890 7.738979 1.507890
v -5.001538 -4.155952 1.627945
v 10.530342 -20.045380 1.531883
v -5.628782 11.765675 1.607638
v 8.853103 -21.039747 1.551873
v 8.008319 3.164543 1.506608
v -5.563001 7.821725 1.525077
v 9.717675 2.073791 1.486950
v -3.979656 4.725099 1.512597
v -7.087564 6.583169 1.418927
v 7.507260 0.571476 1.482392
v 7.939552 2.821110 1.436154
v -6.462955 -13.771385 1.376404
v -9.139997 -6.949880 1.499388
v -6.898613 -9.044357 1.731550
v 6.634365 -0.920527 1.412927
v 2.042036 -12.776174 1.431269
v -8.889956 -5.609963 1.498830
v 6.070833 13.922144 1.248188
v 6.872550 -0.815389 1.496935
v -5.170762 8.214523 1.484740
v -4.816251 0.456847 1.488322
v 2.900870 -14.358370 1.487316
v 3.335705 -12.833261 1.489457
v 6.522305 -3.363770 1.308579
v -5.250055 5.497642 1.424006
v 2.450303 -14.611339 1.477404
v 0.480673 -14.020669 1.566674
v -5.453636 8.088098 1.466119
v 8.082416 3.750457 1.417373
v -8.876403 -5.323991 1.486481
v 1.631867 -12.733897 1.451336
v -5.407356 14.253950 1.413385
v -5.814538 8.174431 1.446345
v 5.147753 -20.898661 1.700312
v -4.895722 -2.113417 1.123217
v 2.397434 -14.228831 1.423209
v -8.459294 -5.130820 1.486238
v 5.851880 5.643197 1.316489
v -5.114003 -4.448637 1.388318
v 5.268270 -8.485500 1.476640
v -7.014990 7.452980 1.476360
v -8.801967 -5.083079 1.485908
v -4.905200 0.257207 1.475190
v -7.901421 -5.013712 1.587986
v 2.837645 -14.711974 1.453577
v 4.097855 -10.947294 1.517834
v -1.289421 -20.087420 1.508923
v -9.179279 -5.479566 1.461975
v -5.256479 -9.831650 1.463490
v 5.852002 11.222879 1.479897
v 8.764798 3.588842 1.495766
v 3.587525 -19.866026 1.426372
v -3.063051 15.218430 1.404190
v -9.255170 -6.250431 1.420305
v -5.711199 12.643218 1.520800
v 8.229500 3.881435 1.426388
v 7.952557 2.969430 1.462847
v 7.838952 2.421619 1.447201
v 8.486859 1.146726 1.285065
v 2.476146 -14.912571 1.461698
v -6.131560 8.125340 1.452320
v -9.293082 -7.221256 1.448820
v -9.322168 -6.607961 1.452574
v 5.750620 -6.958395 1.389823
v 7.587856 2.164257 1.451667
v 2.204661 -14.850849 1.452199
v 6.909273 -21.219717 1.091019
v 1.514380 16.266371 1.596071
v 8.208456 -0.271520 1.449501
v 8.405427 -1.019329 1.428292
v 10.410827 -18.419422 1.478460
v 2.124833 -14.501761 1.426613
v 2.588659 -13.116849 1.425278
v 9.105007 3.178317 1.418890
v -3.161503 2.115361 1.368809
v 6.810160 -2.659384 1.373860
v -6.987031 -19.611946 1.278445
v 7.320930 0.557124 1.449290
v 7.350969 -16.229170 1.363588
v -5.210061 8.384946 1.446452
v -8.631535 -4.979448 1.415045
v -4.717431 5.413409 1.336285
v -4.970261 -2.893315 1.414454
v 7.721810 0.438535 1.428140
v -2.053991 15.860800 1.427440
v -3.273546 2.413446 1.383196
v 0.281792 -14.516889 1.373812
v 7.930734 0.283259 1.378388
v 2.766709 -13.756764 1.403921
v -6.630708 7.867183 1.402942
v -9.011308 -5.148710 1.425147
v -5.521443 -4.694685 1.305291
v 3.401614 -14.479912 1.371625
v 6.804013 -0.964651 1.341278
v 4.716525 3.349971 1.399372
v 8.075585 -1.802684 1.354445
v 1.866112 -14.724787 1.395385
v -3.411836 1.633685 1.523002
v 7.854436 2.054732 1.381631
v -4.890925 -0.504476 1.364799
v 0.766123 -13.663700 1.491431
v -6.655383 -19.029570 1.272468
v 4.111319 -11.452551 1.438269
v -9.116741 -5.844174 1.393504
v 5.895913 -7.211563 1.470945
v -5.497384 8.263464 1.413987
v 8.289067 -1.273548 1.344673
v -6.185228 5.772192 1.305586
v 5.535698 14.755850 1.358586
v 8.714409 3.956074 1.370222
v -1.370542 -19.795881 1.289515
v 9.680682 1.863985 1.340499
v -1.329420 -20.354694 1.387619
v 3.735153 -14.004423 1.372794
v 5.313055 0.341569 1.436989
v -9.256660 -5.550311 1.386010
v -7.144741 6.950182 1.336717
v 5.912160 6.297645 1.446700
v 5.948945 -7.401218 1.359946
v 2.769320 -14.983569 1.387409
v 2.877856 16.216158 1.364251
v -1.454074 -20.591770 1.373605
v -5.449100 8.917330 1.376070
v 3.814430 -20.415447 1.352448
v 7.276963 0.340335 1.315060
v -4.895330 -0.122635 1.375720
v 10.392985 -19.304392 1.251539
v 5.852486 -7.616949 1.421194
v -6.309565 -4.513558 1.034929
v -6.526289 5.909050 1.543592
v 3.284449 -13.446689 1.410704
v 1.940700 -15.025763 1.323655
v -1.043561 16.226500 1.371540
v 2.550770 -15.126581 1.348207
v -9.117817 -7.566936 1.269173
v 8.177040 3.881654 1.227231
v 2.234615 -15.129513 1.353427
v 5.069316 -9.281996 1.304633
v 4.312681 -12.109359 1.358161
v 7.979100 2.673161 1.358550
v 10.589771 -19.871475 1.393423
v -5.234222 8.623777 1.244109
v -9.432083 -6.561038 1.364061
v 6.346230 -0.416009 1.307288
v 1.083290 -13.552598 1.367499
v 5.131054 -8.879366 1.384681
v -9.154332 -5.228083 1.324765
v 6.905231 -16.258301 1.350750
v 6.482913 -0.831410 1.344793
v -5.569332 8.372357 1.317774
v -2.781775 -21.214294 1.606852
v 8.992700 3.544348 1.388353
v 8.659719 4.144650 1.326395
v -9.326241 -7.382843 1.311427
v -9.457199 -7.151190 1.339010
v 6.650322 -4.217120 1.371362
v 7.964979 3.475134 1.431504
v -6.262530 8.105090 1.284372
v 5.853505 -16.633451 1.248656
v 6.685726 -3.074115 1.322341
v 9.964294 2.403502 1.312564
v 8.759200 4.249711 1.329380
v 7.176023 -2.389752 1.304214
v -9.496613 -6.852966 1.307480
v -1.696722 -20.754519 1.232075
v -5.732685 8.368614 1.226141
v 5.989175 6.953295 1.258230
v 5.802123 -21.132000 1.230320
v 5.730610 -6.788139 1.326130
v 8.057834 2.440501 1.285234
v 5.418972 4.505241 1.348678
v 5.645071 -7.926569 1.323610
v -8.862631 -4.948357 1.293534
v 6.393219 -16.413708 1.315473
v -3.413919 2.662478 1.312958
v -9.266712 -5.381133 1.298206
v -6.741048 -17.921801 1.319660
v -1.575193 -17.449770 1.253696
v 1.710012 -13.950183 1.292585
v -6.738904 -14.425332 1.214372
v -4.517646 5.244915 1.276756
v -5.024344 0.133523 1.298201
v 3.731511 -13.569493 1.354823
v -3.404663 2.925838 1.327284
v 7.908163 3.109276 1.300290
v 9.519645 1.683887 1.305968
v 9.413484 2.996529 1.346624
v 8.896136 3.814370 1.301566
v 4.764374 -10.042235 1.378874
v 3.962519 -13.053972 1.343621
v -9.160924 -5.856625 1.235967
v -2.994680 3.408140 1.281800
v -4.121163 0.889794 1.295804
v -5.622967 14.094372 1.233157
v 4.370482 -12.766031 1.250830
v 8.025796 1.180503 1.361183
v 7.519893 0.510917 1.301630
v -6.475159 7.961640 1.115800
v -6.696801 -14.811110 1.188097
v 6.130561 10.018034 1.243063
v 3.770195 -18.589823 1.168142
v -5.662699 -9.491265 1.138457
v 1.587594 -13.436565 1.310298
v 7.961908 1.397634 1.316327
v -5.348452 8.468452 1.303838
v -5.477386 -11.409584 1.347785
v 3.695196 -14.704482 1.164916
v -5.724605 13.731006 1.267900
v 9.818155 2.727863 1.360630
v -7.108509 7.207370 1.301638
v 9.939604 2.151151 1.218193
v -0.513877 -15.602576 1.223283
v 9.253007 3.282334 1.274887
v -6.806674 7.742978 1.280040
v 6.931276 -2.565145 1.274865
v 8.471682 4.077585 1.281307
v -3.237278 1.857091 1.397915
v -4.788557 0.402137 1.267050
v -4.534646 0.561867 1.232056
v -8.847066 -7.806616 1.441153
v 9.106965 3.595051 1.262000
v -5.704273 -11.961791 1.257038
v 1.563186 -14.455347 1.264282
v 0.902279 -13.948905 1.259012
v -9.470646 -6.448566 1.178554
v 6.270860 -5.709085 1.190645
v -8.628870 -4.893830 1.272020
v 4.577355 -10.767609 1.313849
v 1.292413 -13.825996 1.255136
v 9.562846 -17.101500 1.151985
v 8.902133 1.299192 1.208058
v 7.190167 -0.268156 1.324267
v 0.161126 16.344595 1.391522
v -3.219917 3.882027 1.133603
v -7.774674 -4.910651 1.303480
v 7.731099 0.399043 1.272916
v -6.094250 -15.521178 1.180226
v -6.747392 6.122418 1.348360
v 8.031682 1.773289 1.221162
v 2.122146 -15.260327 1.186829
v -5.249500 8.705570 1.253010
v -6.714529 -18.691008 1.225331
v 10.573602 -20.254700 1.251350
v -8.083265 -4.980803 1.208758
v -6.056508 -12.869055 1.289099
v 8.144564 2.070376 1.187580
v -6.811739 -20.747654 1.260408
v -6.059766 -15.746120 1.436988
v 9.330598 3.164943 1.270583
v -3.024787 3.615473 1.278706
v 8.811033 3.950985 1.226980
v -6.312304 -15.127731 1.265357
v -5.683540 9.052773 1.060616
v 7.953921 3.647675 1.291361
v 6.110467 10.387693 1.320058
v 9.723475 3.045699 1.216674
v 2.504572 -15.305611 1.189022
v 7.385885 0.431192 1.208445
v 6.406672 -0.650873 1.212599
v 8.687260 4.118560 1.229300
v 5.116220 0.597958 1.213406
v 0.539541 -14.304814 1.245468
v -6.470733 -17.311699 1.256799
v -1.384465 -20.175097 1.130700
v -6.974441 6.458749 1.222390
v 6.596876 -4.695139 1.263206
v -9.549311 -6.680898 1.168219
v 5.341384 -8.420014 1.212061
v 8.528592 4.102099 1.193091
v -9.064982 -5.071927 1.182152
v 4.548851 -11.546400 1.216620
v 4.499699 1.745335 1.102125
v 1.346732 -14.154243 1.221436
v -4.999715 -0.419676 1.203021
v 5.869851 14.468299 1.124602
v -5.154770 0.041537 1.207380
v 2.882249 -15.200722 1.163027
v -5.539235 8.873065 1.121045
v 9.933344 2.942486 1.200106
v 4.838288 15.227090 1.251780
v 6.166219 13.439000 1.199750
v 6.727596 -1.072878 1.199083
v -5.183447 14.472322 1.178082
v -9.308711 -5.468106 1.082025
v 0.088100 -14.804348 1.281653
v 3.468752 -20.340023 1.105288
v 3.298086 -20.034849 1.065262
v 8.359555 -0.836506 1.275428
v -7.070230 -4.539690 1.189020
v 6.121590 -0.019187 1.182640
v 9.269388 3.280551 1.135314
v 10.475784 -18.197142 1.117457
v 10.431149 -17.918957 1.178249
v 3.565851 16.053146 1.233005
v 8.064154 -0.114805 1.215297
v 8.227834 -0.540292 1.164093
v 1.574427 -14.835261 1.204829
v 5.875240 -7.418210 1.170850
v 6.404753 -5.344417 1.147627
v 4.583575 1.342302 1.190602
v 6.231317 12.883708 1.128739
v -4.893720 -0.831447 1.137105
v -9.296383 -7.504778 1.004560
v 6.453180 -0.973022 1.166370
v 1.068937 -14.148029 1.176640
v 10.223243 -17.631851 1.141290
v 5.998642 11.957489 1.202207
v 9.496692 3.144039 1.167297
v -5.580611 14.279565 0.998717
v 7.674002 3.570920 1.153085
v 3.387641 -19.719517 1.180715
v -9.529774 -7.227546 1.119677
v -5.098064 0.160638 1.125969
v 10.092136 2.682297 1.198250
v 5.971685 9.300453 1.191252
v 7.189643 -0.558811 1.230904
v 10.643525 -20.079245 1.168505
v -6.545429 -14.926702 0.986291
v -7.052638 6.878661 1.138039
v 7.879101 0.114125 1.128450
v 7.937719 3.685381 1.148380
v 4.706487 -12.496385 1.108522
v 10.598969 -19.793026 1.156353
v 8.223278 -1.201439 1.003748
v 7.571311 0.335770 1.125710
v 8.086383 2.674800 1.138177
v 5.780035 -7.111443 1.173530
v 8.945091 3.722475 1.090490
v -5.345704 -10.832735 1.167272
v 7.753120 0.280150 1.144684
v 7.841382 3.278683 1.108231
v 7.881003 -16.288256 1.141743
v 4.191357 -13.636374 1.211317
v -5.221060 0.085578 1.128320
v -2.525485 15.575879 1.058782
v 6.181279 12.285659 1.109208
v 4.547131 -14.134900 1.124450
v 7.704192 -2.300199 1.091017
v 8.214932 2.382163 1.095133
v 9.110635 3.464931 1.080902
v -8.834941 -4.906189 1.056798
v 5.088530 3.968330 1.117397
v -9.441898 -7.374576 1.082571
v -4.764917 0.321317 1.062847
v 4.785731 -17.255199 1.112700
v 1.805581 -15.192300 1.112550
v 10.067588 2.911077 1.098198
v -5.443767 8.555911 1.123566
v -9.599577 -7.024922 1.021436
v 6.540321 -4.035073 1.115769
v -5.359290 -4.662762 1.050997
v 7.415605 -2.499955 1.058150
v -3.488391 1.364763 0.822695
v 5.093773 -9.769318 1.143486
v -7.041227 -19.840506 0.986129
v 7.996984 2.958961 1.106765
v -3.519268 4.202013 1.313428
v -2.097018 -21.003115 1.105462
v 4.377192 -14.440341 1.118364
v -8.948739 -7.738529 1.033459
v 3.356278 -15.103654 0.976658
v -6.290987 -16.341276 1.208620
v 5.876770 0.100905 1.246506
v 5.299077 -9.054857 0.995176
v 7.824810 3.570900 1.098700
v 9.342134 1.545687 1.198264
v -5.635691 8.461329 1.015984
v 6.547540 -1.186350 1.096380
v 6.840371 -2.838002 1.110608
v 10.190035 2.414008 1.093360
v 9.854209 2.003155 1.060546
v -6.158078 -15.295684 1.127236
v 4.645046 3.224295 1.030791
v 1.253989 -14.566342 1.122007
v -6.989199 -20.300068 1.276616
v 5.446068 -8.177648 1.074415
v 9.383407 3.196371 1.001761
v 6.024329 11.595400 1.081110
v -6.901004 7.508652 1.108668
v -6.966579 7.162435 1.012745
v 6.282876 10.326667 1.043782
v 6.781468 -1.160330 1.061096
v -5.810408 13.974925 0.890208
v 6.128337 9.692515 0.947501
v 4.181177 -20.783772 1.141095
v -3.142744 3.289951 1.115259
v -3.227395 1.912486 1.093778
v -3.022407 3.508627 1.098607
v -6.945710 -19.308773 1.152848
v 0.786431 -14.279817 1.122508
v -1.496170 -19.556553 0.783589
v -6.671206 7.760035 1.018677
v -5.302683 -0.121248 1.060679
v -1.505595 -20.482140 1.065662
v -5.360918 -9.676762 0.952682
v -1.414662 -16.787821 0.926449
v -1.622438 -18.177301 1.029465
v 5.075125 -10.386816 1.057577
v 8.178367 -0.869401 0.945534
v -9.290331 -5.615616 0.999595
v -6.767343 -14.574936 0.945763
v 10.449784 -18.995222 1.105381
v 6.047133 7.792467 0.878292
v 8.286488 1.280586 1.162323
v 7.092232 -0.945947 1.028423
v 5.800443 5.353719 0.877726
v 5.787209 -7.323721 1.042631
v -6.796591 -18.378618 1.126321
v 7.415236 0.105025 1.098604
v 8.312232 3.969307 1.037622
v 8.203782 1.551260 1.052279
v -5.245880 -0.325980 1.098211
v 5.456429 4.559137 0.819391
v -5.353141 8.695309 1.047625
v 7.860871 -0.077347 1.007598
v 10.140541 -20.623066 1.151626
v -4.559870 5.396804 0.682565
v 8.033209 -0.328282 1.004003
v -6.455311 5.960944 1.149517
v -3.333510 1.654679 1.066303
v -4.650800 5.551004 0.914061
v -3.896407 15.025832 0.709802
v 9.803509 3.157016 1.024731
v 6.371080 -0.699756 1.018540
v 7.092530 -2.710673 1.008486
v 10.284650 2.591101 0.999332
v 4.589585 -13.342852 1.023248
v -4.711945 -21.369823 1.225591
v -5.202407 -0.659167 0.971094
v 8.564671 4.085339 1.081625
v 6.263478 -0.182123 1.060148
v -7.929884 -4.890353 0.844408
v -3.064905 -21.297602 0.972355
v 4.309177 -17.656681 1.068070
v 5.597562 0.209657 0.999216
v 5.690905 -7.592639 0.987637
v 7.995451 -2.142263 0.896245
v 4.633360 2.988650 1.002830
v -9.209760 -5.962054 1.059970
v 6.493131 -3.739130 1.061480
v 8.735180 3.959711 0.998384
v -3.287734 2.225005 0.979303
v 7.430829 -0.262383 1.040944
v -0.834292 -16.028866 0.900948
v -6.806458 -18.134001 0.989017
v 7.974425 3.362734 0.961712
v 4.852169 -14.338605 0.920897
v 4.929479 -14.042261 0.846826
v 8.424863 2.236941 0.938488
v 5.144483 0.781568 0.840908
v -1.531134 -17.136770 1.095452
v 6.110768 -5.991210 1.088692
v 3.296451 -20.501106 0.828910
v 6.024556 -16.631458 0.722473
v 5.476159 -7.935672 0.872766
v 10.689651 -19.969900 0.898468
v 6.361530 -0.385558 0.977942
v 10.512888 -20.400200 0.987764
v -6.472085 -16.914082 0.998648
v 5.340348 -8.526731 0.971339
v -5.007460 -0.924284 0.878817
v -5.362706 -0.595755 0.925723
v -6.678632 6.170221 1.079881
v -9.215416 -5.768438 0.968439
v 6.256843 11.274688 0.902824
v -5.220111 -10.470591 0.830347
v 5.410067 0.375015 0.899964
v 6.344705 -1.125253 0.960863
v 5.774458 -7.011338 0.985542
v -5.995879 13.467603 0.782968
v 8.500938 2.505361 0.854136
v 10.134311 2.217037 0.987981
v 8.267298 2.884119 0.912110
v 5.855646 -6.714106 0.848015
v 4.909764 -11.381707 0.980600
v 6.635237 -3.280840 0.945851
v -4.353702 0.437332 0.952445
v 5.997645 6.331971 0.909741
v 0.940271 -14.587048 0.992991
v 8.066877 -0.706117 0.885052
v 6.671170 -1.269449 0.952733
v -5.256014 0.075476 0.959258
v 4.945879 -10.894719 1.006519
v 7.634940 -0.066322 0.945266
v 5.320735 -9.698933 0.856406
v 4.814390 2.443805 0.865744
v 1.247157 -14.918002 0.930205
v 5.656382 4.958327 0.888662
v 6.113130 0.012059 0.942047
v 7.341603 -16.273792 0.860649
v -3.063140 3.460300 0.938968
v 9.538653 -20.946835 0.870744
v -8.559753 -4.851768 0.929822
v 7.423525 -0.609883 0.966645
v 5.670573 14.701350 0.808551
v -5.714211 8.956870 0.930905
v 6.489210 -1.275939 0.930605
v -5.527925 -11.522600 0.922958
v -5.656935 -4.614473 0.873864
v -9.301899 -5.422203 0.820141
v -1.481218 -20.058865 0.748568
v 7.612038 -0.403235 0.915095
v -6.204642 -15.146819 0.895718
v -6.100931 11.062400 0.913069
v -5.159472 -10.132734 0.927728
v 6.508396 -4.360090 0.929242
v 6.329234 10.115651 0.863073
v -5.417761 -0.322193 0.944963
v 8.147980 3.802461 0.910281
v -9.334616 -6.166740 0.990381
v 5.886075 0.104505 0.961466
v 8.329550 1.845621 0.902930
v -4.863977 5.662543 0.924714
v 5.111675 -12.503224 0.789180
v 8.035136 3.597803 0.926174
v -1.197248 -16.461733 0.923947
v -3.082040 3.668360 0.891839
v 8.140185 -1.791485 0.948987
v -6.675494 -14.750339 0.785830
v 0.298682 -14.793978 1.001860
v -6.175070 5.921730 0.887622
v -6.117651 -15.389895 0.813309
v 9.180388 3.243153 0.863342
v 8.443709 4.005239 0.889342
v -5.946976 10.304413 0.989102
v 5.079012 -13.508122 0.612063
v 10.304000 2.387111 0.881586
v 9.921314 3.103361 0.905025
v 5.039682 -12.001082 0.896336
v 4.279768 -14.747787 0.903210
v -5.174600 -9.879641 0.859828
v 6.477495 -4.972424 0.997799
v -8.567096 -8.120689 1.096428
v -9.226516 -5.236292 0.984789
v -5.854001 8.315824 0.815311
v 0.582658 -14.675416 0.937276
v -8.241042 -4.902549 0.909712
v 8.630692 1.456999 0.873587
v 4.697578 -17.200289 0.865723
v -5.077939 0.170672 0.872715
v 4.797711 -12.900771 0.951483
v -6.911160 -19.184395 0.935599
v 0.932213 -14.884645 0.798269
v 10.107144 -17.510279 0.787849
v 10.106025 2.907621 0.862070
v 5.056130 -17.032520 0.933097
v -6.159267 -15.886709 0.955235
v 5.349565 -16.842375 0.800938
v 8.589254 4.010235 0.930996
v 10.341558 2.483703 0.835860
v 7.874819 -0.594731 0.829524
v 8.981815 1.460312 0.864394
v -6.642820 -17.467426 0.890765
v 6.235254 13.867215 0.854286
v 2.710421 -15.484910 0.860698
v -5.454720 -0.166177 0.845866
v 6.359262 12.395638 0.797066
v -5.506710 -0.671392 0.734758
v 7.695071 -0.653930 0.806563
v -5.404251 8.722970 0.836482
v 5.730217 -7.317511 0.830746
v 5.972077 -6.176344 0.831702
v 8.319820 3.922171 0.832268
v -7.018147 -19.445276 0.842254
v 9.474540 3.186102 0.808044
v -6.838602 6.586636 0.912645
v -6.670277 6.321639 0.861807
v 0.670599 -14.924309 0.725276
v -7.685820 -4.809217 0.826320
v -6.757851 7.463059 0.825152
v 9.696689 3.206352 0.824557
v 6.372389 -5.484508 0.705757
v 10.489302 -19.509600 0.822934
v 4.897049 3.640529 0.931107
v 8.509900 1.805456 0.783050
v -6.966389 -20.628752 0.866160
v 7.457362 -0.831493 0.806590
v 5.419429 -8.624389 0.715220
v 10.191400 2.218061 0.812541
v -6.729307 -18.618393 0.785873
v -9.551029 -7.297451 0.854159
v -5.869215 -12.378498 0.815355
v -4.535082 0.281310 0.816311
v 10.667267 -20.213121 0.743916
v -5.530450 8.548990 0.806796
v 6.178518 -0.147323 0.788435
v -9.197176 -5.888107 0.757975
v -1.788355 -20.770456 0.737836
v 8.221950 3.630521 0.793424
v 4.216457 -17.447165 0.713556
v -5.211445 -1.266499 0.498679
v 6.059021 8.719926 0.857272
v -7.124400 -4.500238 0.724642
v -9.074170 -5.050259 0.840533
v -4.129268 0.513030 0.720659
v 3.783776 -18.118126 0.820873
v -6.802726 6.908969 0.763469
v 5.988604 0.006029 0.754839
v -1.348603 16.174271 0.390168
v -5.037146 -3.793100 0.750443
v 6.265740 -0.384449 0.778146
v 6.261106 -1.225832 0.653605
v 4.643880 1.952400 0.777611
v 9.901050 2.018913 0.791578
v 8.292684 3.789950 0.775103
v -6.105661 -15.646419 0.760938
v -5.381166 -0.090543 0.723992
v -4.893327 -1.747273 0.760996
v 6.510040 -3.655100 0.772409
v -6.301301 7.744128 0.614492
v 5.842767 -6.975916 0.714528
v 10.478483 -18.970263 0.682926
v 2.273402 -15.591757 0.746752
v 3.584681 -20.867132 0.769291
v 6.475378 -1.335236 0.650111
v 6.310990 -5.801588 0.632281
v 5.238715 -10.706957 0.746706
v -6.307560 6.078310 0.755149
v -9.639264 -7.168179 0.555224
v 9.542428 1.803844 0.713873
v -6.133828 -15.007838 0.479615
v 2.899489 -19.891281 0.597590
v -5.877485 8.849945 0.568435
v 0.033420 -15.198737 0.782352
v 6.123256 14.182510 0.833488
v -5.192163 0.064804 0.726684
v 10.438454 -17.907034 0.794675
v -5.157288 -1.003675 0.709143
v 8.982435 1.626343 0.693113
v 8.591900 3.808511 0.737878
v -6.019403 8.117099 0.656965
v -6.656528 -18.915199 0.736584
v 5.209370 -14.354682 0.658976
v -6.323456 -13.383341 1.008367
v 4.701592 -21.026022 0.886730
v 4.927126 -16.997150 0.723765
v 4.634873 1.734724 0.750658
v 5.926188 -6.427731 0.693863
v -3.676212 -21.379969 0.559075
v 7.456724 -1.027128 0.501269
v 8.050250 -1.135853 0.665168
v -9.479605 -6.302760 0.640730
v 10.338500 2.473521 0.690679
v -6.717787 -4.548457 0.811100
v -6.253431 12.278200 0.714485
v -9.608089 -6.591492 0.562699
v 6.169620 -0.826345 0.709921
v 8.937048 3.352145 0.677942
v -6.367619 -16.345301 0.706996
v 9.061776 -16.691650 0.657594
v 5.426300 -8.171181 0.684019
v -5.517611 8.677040 0.702531
v -5.242841 5.843730 0.761400
v -4.407391 5.082300 0.701420
v 4.831352 2.224410 0.706989
v -6.690804 7.282213 0.657008
v 4.666277 -16.956877 0.681591
v 5.770750 0.076426 0.735307
v -6.111493 -15.223730 0.648926
v 6.387388 10.855665 0.673065
v 4.375437 -17.044918 0.639588
v 5.134002 -21.225033 0.203696
v 8.666035 3.574651 0.675516
v 1.250593 -15.253972 0.562976
v -7.309995 -8.758837 0.720455
v 3.870269 15.973500 0.684488
v 6.841806 -3.172324 0.690133
v 7.714786 -0.864350 0.639638
v 5.242968 -11.590180 0.659519
v 9.672957 -17.146055 0.656593
v 8.234273 -16.372044 0.662145
v -5.676880 -4.545941 0.459397
v -5.428391 -4.601004 0.700184
v 3.293498 -20.787119 0.581814
v 6.345173 11.834104 0.746141
v 8.555778 3.223268 0.696166
v 10.315033 2.359684 0.698068
v 9.331542 3.129610 0.658523
v -3.518920 2.595318 0.800505
v -3.418297 3.049796 0.798933
v 4.676530 3.145111 0.723732
v -5.927240 9.063200 0.668548
v 5.925449 5.844646 0.682440
v 8.836824 2.584689 0.612807
v 7.539359 -2.733320 0.665184
v 9.828890 3.122221 0.663265
v -5.603805 8.446606 0.578323
v 8.640020 -16.494825 0.638396
v 7.771301 -16.320534 0.608392
v 7.068510 -1.140876 0.705310
v 10.296665 -20.597115 0.625125
v 8.087066 -1.633679 0.604354
v 5.600250 -7.578630 0.664650
v 2.993215 -20.266163 0.616125
v 4.958679 -14.585125 0.774052
v 3.822907 -17.754934 0.639262
v 3.337421 -18.564400 0.650930
v 6.499331 -4.221025 0.525086
v 0.860425 -15.138471 0.505428
v 0.353850 -15.108319 0.603452
v 6.025753 14.361940 0.588171
v -7.064151 -20.159609 0.729473
v 2.975771 -19.480801 0.643145
v -5.945839 9.620378 0.755381
v -6.336043 12.653550 0.406440
v 6.670211 -3.518624 0.560197
v -6.048751 -21.205914 0.556309
v -5.250159 -4.527134 0.797414
v -5.388985 14.520073 0.619076
v 10.468981 -18.122204 0.573709
v -5.034645 -1.472382 0.541747
v 9.021393 1.929072 0.510933
v 5.454171 -9.505460 0.636380
v -3.248612 3.328520 0.666576
v 10.582589 -20.389585 0.598814
v -3.565940 2.853980 0.628395
v 6.314692 13.519943 0.541976
v -6.634259 -21.012760 0.698871
v -3.308106 2.247824 0.614274
v 3.176160 -15.393271 0.749296
v -9.074200 -7.660040 0.391784
v 6.710706 -1.320961 0.624481
v -9.352652 -6.108567 0.363371
v -5.123810 -4.215662 0.579061
v 5.273083 4.317269 0.479981
v -6.667521 -14.495318 0.218268
v 5.125170 -16.907337 0.577514
v 6.277676 9.678834 0.481924
v -9.225530 -5.834701 0.391333
v -6.572789 -14.805301 0.614926
v 4.049477 -20.953764 0.696839
v 8.836373 3.213218 0.603297
v -8.750854 -4.829855 0.489199
v 9.203864 3.112810 0.632843
v -1.524774 -16.951471 0.540561
v -5.341678 -1.042745 0.604726
v 7.922123 -0.951718 0.635591
v -6.060018 -4.465363 0.651105
v -6.556156 6.508410 0.616606
v -9.498321 -7.398196 0.455891
v 3.390766 -18.200401 0.555677
v 5.328961 -12.250800 0.595754
v 4.780868 3.587367 0.626252
v -3.134835 3.583866 0.557265
v 6.112927 -0.998000 0.546007
v -6.264653 6.231161 0.573886
v 2.904762 -19.046186 0.444233
v -6.029381 13.731500 0.420909
v 4.982519 -16.787899 0.487720
v 1.803212 16.406597 0.474104
v -7.000536 -19.156090 0.366664
v -9.209627 -5.204615 0.563014
v -5.049916 -9.938230 0.558330
v -5.770361 6.009236 0.600892
v 6.078425 -0.564167 0.593688
v 5.128480 -12.923454 0.624889
v -3.186586 1.742166 0.624869
v -5.281644 -21.348082 0.435035
v 5.620577 0.158901 0.613586
v -5.248864 -9.714371 0.614085
v -9.668447 -6.924955 0.655497
v -6.614604 6.726948 0.591005
v -6.622219 -17.327900 0.562807
v -1.765732 -18.777344 0.178291
v 4.749712 -16.755501 0.561199
v -5.336863 -10.971105 0.573713
v -6.749707 -14.338175 0.511259
v 6.756734 -16.461975 0.594525
v -5.498980 -0.947459 0.557088
v 5.502605 -8.911121 0.467732
v -6.786963 -18.449316 0.477825
v 1.138288 16.428646 0.661955
v -5.497091 -0.450473 0.504881
v 6.455703 -4.771966 0.645181
v -5.806181 14.170500 0.546991
v 3.720589 -17.326975 0.530554
v 2.860489 -15.720971 0.529185
v -6.054068 -15.522443 0.408173
v -5.593919 8.481184 0.479064
v -3.464972 2.430015 0.553114
v 5.228416 15.019871 0.337233
v -4.794321 5.898260 0.483534
v 10.155580 2.217406 0.548202
v 4.658921 1.960165 0.525996
v -6.780108 -18.636572 0.191649
v 6.472966 12.120035 0.269328
v 5.733465 -7.236828 0.573479
v 8.945253 2.888864 0.552445
v 4.663353 3.415830 0.496835
v -6.725863 -18.055157 0.506653
v 9.036022 3.094262 0.541152
v 5.227190 -14.732651 0.522098
v 5.387710 -14.565569 0.540382
v 10.314003 -17.783834 0.506964
v -6.388243 11.896324 0.465129
v 9.362226 3.053602 0.504675
v 5.996577 6.679374 0.184402
v -4.837155 0.109233 0.496427
v 5.825490 -0.086957 0.517814
v 6.419872 11.377586 0.498956
v 6.120191 9.397038 0.528124
v -3.983953 4.543231 0.440427
v 7.687319 -1.063158 0.391380
v 8.540605 -21.179800 0.590005
v 6.586892 -3.934943 0.389825
v -6.591319 -13.832780 0.771149
v -6.521008 7.058785 0.507852
v 5.552670 -14.210209 0.328181
v 3.591607 -20.963951 0.471974
v -5.627464 14.379488 0.552141
v 10.517644 -19.682438 0.377712
v -2.389759 -21.146719 0.488376
v 10.230485 2.412760 0.495897
v -7.628900 -4.678516 0.489047
v -1.989181 15.939000 0.501446
v 9.194484 2.951087 0.477657
v 4.856930 1.367920 0.494865
v 5.462133 -10.944265 0.340309
v 5.969815 -6.676211 0.531229
v 6.278306 13.957330 0.427903
v 6.190578 -5.946392 0.329970
v 4.444389 -16.686188 0.460536
v 9.290185 1.820166 0.558863
v 4.796929 2.961520 0.558495
v -6.938407 -20.790014 0.446031
v 5.516440 -7.734050 0.422004
v 8.857333 2.102812 0.562462
v -5.620454 -0.750426 0.476255
v -4.939464 -2.438954 0.630484
v -4.991045 -1.778233 0.401731
v -3.121463 1.933160 0.397401
v -5.731839 8.283536 0.462988
v 5.574630 0.314454 0.449893
v 5.505326 -16.813049 0.437665
v 4.896036 2.418875 0.496943
v 10.432129 -19.355848 0.203633
v 10.655401 -20.161900 0.279258
v 3.324042 -17.621986 0.458085
v 5.948338 -6.196687 0.233192
v -7.849532 -4.779674 0.235262
v -5.296320 -0.313019 0.444998
v 4.900119 2.659563 0.421907
v -5.432815 -1.159645 0.397039
v -3.590747 2.672946 0.484950
v -6.098460 -15.907575 0.264218
v 6.962618 -1.294162 0.356989
v 8.033400 -2.169909 0.216335
v -6.169472 -13.122182 0.541802
v 4.773505 2.168508 0.397270
v -7.996373 -8.458058 0.348790
v 4.669222 1.778981 0.379590
v 10.480843 -18.564344 0.532647
v -6.281219 13.108993 0.177473
v -1.586574 -20.348656 0.443540
v 8.009652 -2.357800 0.429645
v -0.528565 -15.753930 0.624398
v 5.913662 -6.942860 0.440475
v -7.047736 -20.482918 0.466217
v -5.026569 -10.164666 0.384360
v -6.751259 -14.044932 0.399520
v -8.186250 -4.841404 0.521673
v 9.939599 2.103664 0.496613
v 5.431509 -11.885614 0.368579
v 9.355158 2.885883 0.337083
v 9.629087 3.124947 0.497557
v 3.332658 -20.923203 0.405754
v -5.701292 8.578404 0.408543
v -5.835680 6.239729 0.373085
v 9.178026 2.743756 0.401914
v 2.659476 -20.132805 0.318455
v 5.869198 -0.259337 0.393098
v 7.593727 -21.244349 0.462571
v -5.804585 8.710428 0.473647
v -6.409132 11.155515 0.336177
v 3.513579 -15.497715 0.389967
v 4.837833 -16.585653 0.397233
v -7.347824 -4.495636 0.489937
v -4.953793 -0.213379 0.311182
v 4.724204 3.226597 0.347303
v 7.823408 -2.732033 0.290747
v 2.783956 -18.482319 0.285304
v -8.410319 -4.797471 0.219257
v 6.218540 8.071857 0.272078
v 6.444770 10.407835 0.430681
v -5.620326 -9.452077 0.409427
v -7.080234 -19.812813 0.421022
v -4.684606 5.808875 0.362486
v 6.326202 -1.310942 0.364666
v -6.327150 6.702789 0.379961
v 9.054326 2.406319 0.395421
v 6.125102 -1.147986 0.369953
v 5.737936 -0.023138 0.368135
v -6.537561 -4.418165 0.381857
v -6.218767 6.496974 0.391312
v 5.517582 -8.291652 0.361394
v 9.744054 2.067906 0.381772
v -5.489732 -0.980808 0.353016
v 9.456398 3.015346 0.377388
v -6.785815 -18.100935 0.342364
v -3.516367 2.969687 0.350751
v 5.395986 -14.767950 0.349793
v 5.406106 -12.644271 0.324082
v 8.954808 -16.656330 0.287829
v 5.749229 14.647702 0.113695
v 2.544077 -15.934350 0.346383
v 10.002439 2.706043 0.428822
v -9.067177 -5.004924 0.333239
v 2.975574 -17.911779 0.350718
v 5.588860 -14.578176 0.335797
v 2.494163 -19.558716 0.207383
v 2.784398 -20.545753 0.280307
v 4.768551 1.595388 0.366775
v 7.492918 -1.181680 0.166229
v 6.150058 8.959642 0.389775
v -6.403846 -14.762211 0.269872
v -5.229743 6.125408 0.379509
v 10.080600 2.277131 0.343702
v 5.965851 -6.473049 0.317453
v 9.589656 2.126183 0.290920
v 5.036842 4.061451 0.249971
v 6.000212 -0.701648 0.358753
v 9.783978 2.942545 0.352452
v 6.594646 -1.364223 0.336218
v 4.501308 -15.064424 0.392175
v -5.445157 -1.154552 0.253854
v -7.011994 -4.449345 0.380039
v 7.942997 -2.034421 -0.204860
v 3.059775 -20.809481 0.259667
v -4.904472 6.147770 0.208121
v 3.217033 -15.699945 0.399175
v 6.230906 8.555669 0.258202
v -6.667326 -17.715734 0.299916
v 4.225099 15.755500 0.309086
v -6.280162 10.335306 0.346508
v 9.412835 -16.966675 0.249121
v 9.775876 -17.290199 0.186334
v -4.986219 -2.086118 0.298100
v 3.507430 -17.034739 0.336260
v -7.062909 -20.315050 0.170414
v 6.222498 9.239364 0.269442
v -5.794261 8.091290 0.299714
v 5.775907 -7.142810 0.317861
v 5.599754 -7.382538 0.274613
v -5.374350 -1.420050 0.296275
v 6.149999 7.646932 0.318329
v -3.369729 1.371474 0.330230
v 9.923290 -20.804722 0.256594
v 6.464998 -4.959455 0.230209
v 9.317575 2.495437 0.253283
v 10.067702 2.450968 0.332094
v 10.609131 -19.913218 0.188040
v -6.774354 -18.864347 0.325445
v 9.245652 2.206851 0.329129
v -4.901129 -9.920235 0.199343
v 7.974475 -1.499479 0.302435
v 5.527955 -9.816433 0.180233
v -1.909688 -20.848600 0.271740
v 3.005349 -15.951633 0.258777
v 6.436157 -16.697742 0.079486
v 9.623560 2.970011 0.268566
v -3.154655 2.105458 0.254299
v -5.782714 14.288441 0.019076
v 8.113777 -16.444227 0.191320
v 10.435492 -18.533583 0.120043
v 6.416610 -5.680860 0.257642
v -5.005984 -9.708835 0.194333
v -4.442077 5.120609 0.188114
v -3.175119 3.725879 0.239945
v 6.990674 -3.390877 0.326616
v 4.849508 2.975305 0.248016
v 6.040895 -0.980409 0.228918
v -5.979703 8.771035 0.173666
v 4.713069 3.697520 0.243938
v 2.152055 -15.864474 0.391898
v -3.576210 2.697595 0.166490
v -5.037280 -3.999831 0.204357
v -5.490036 -0.648332 0.230831
v -3.173781 3.511462 0.288845
v 1.683479 -15.716898 0.333059
v 9.859571 2.196169 0.277469
v 5.947109 -6.707940 0.209620
v 6.502465 10.989325 0.104193
v 3.048775 -17.400578 0.276596
v 6.327584 -5.832974 0.123920
v 7.858628 -1.231412 0.305902
v -3.532191 2.510227 0.200809
v 3.487589 16.107300 0.227726
v 5.617511 -14.717000 0.190553
v 3.788160 -16.746531 0.243686
v 6.032829 14.385584 0.083863
v 5.053502 -16.527922 0.213390
v 4.126913 -21.133011 0.093126
v -6.026518 13.874858 0.060316
v -3.352760 3.249643 0.247365
v 10.341663 -18.133871 0.082748
v -5.944674 -15.064167 0.169575
v 5.544213 -12.206908 0.169600
v -0.185592 -15.608891 0.113725
v 5.876966 6.030078 -0.014499
v -5.748444 8.200675 0.189952
v -4.750960 5.977729 0.103574
v -5.451593 -0.891622 0.204188
v -6.515994 -17.176733 0.146440
v -5.852943 8.506715 0.245943
v 6.500105 13.163585 0.041492
v -4.260564 0.225510 0.271363
v -6.110786 9.327628 0.205540
v 9.364791 2.694828 0.243638
v 2.653507 -16.223566 0.108303
v 6.204297 -1.258712 0.125670
v 6.833328 -3.760238 0.132179
v 9.883163 2.641663 0.225425
v -6.582886 -21.042336 0.177006
v 5.396765 -13.189116 0.279883
v 4.861160 2.433025 0.185617
v -5.504587 -11.484400 0.301903
v -5.550424 14.529717 -0.290164
v 9.722160 2.806931 0.177953
v -6.875932 -18.154064 0.140454
v 6.239972 14.120115 0.001059
v -5.010389 -2.667933 0.208394
v -4.567358 0.010809 0.139336
v 7.391696 -16.476406 0.196555
v 5.562055 -9.306113 0.159116
v -0.915338 -16.167812 0.198141
v 9.894146 2.377730 0.179160
v 9.517980 2.280051 0.168171
v 4.728851 1.708166 0.115612
v -4.985702 -3.130365 0.256554
v -1.714547 -17.608160 0.499229
v -5.514410 6.371035 0.235159
v -3.098633 1.700148 0.130518
v 3.460718 -21.016464 0.140775
v -3.313105 2.301778 0.111435
v -5.786538 6.959414 0.131167
v 7.674258 -1.298440 0.023380
v -6.823159 -17.846701 0.158103
v 0.275296 16.459263 0.174350
v -5.153143 -1.844493 0.143193
v 8.534464 -16.543900 0.138263
v -9.217210 -5.250879 0.131046
v -1.695349 -20.628099 0.153994
v 1.824029 -19.255846 -0.260479
v -3.898028 0.488869 -0.003291
v -5.690022 7.847274 0.084633
v 5.549364 -13.741171 0.201942
v 6.555755 -4.420479 0.172473
v 9.723502 2.345829 0.140830
v 3.501540 -15.885786 0.117833
v 5.838552 -6.915491 0.108599
v -5.253545 6.438333 0.117465
v 4.940830 -16.320068 0.031309
v 4.653872 3.483146 0.164139
v -5.223460 -4.370440 0.143909
v -5.331652 -1.249628 0.109811
v -5.328117 -1.668495 0.134931
v -5.117353 -10.475515 0.197540
v -5.736534 6.634837 0.174655
v 5.790953 0.163595 0.033391
v 3.175886 -16.181158 0.102349
v -9.489552 -7.468559 0.144038
v 5.298904 -16.840988 0.218916
v -5.968939 -4.467234 -0.023360
v 7.247271 -1.200400 0.273989
v -4.660318 5.716399 -0.121357
v 6.370188 13.747369 0.042631
v -5.345729 -1.026577 0.141118
v -1.694924 -17.309372 0.298490
v 9.563662 2.774741 0.176715
v 2.843759 -20.777325 0.061235
v 9.572150 2.552911 0.116074
v 2.455088 -20.371923 0.043014
v -1.609436 -19.880255 0.212297
v 4.968001 1.462512 0.040222
v 9.718940 2.610051 0.112340
v 3.956674 -15.449289 0.174547
v 5.815389 -14.374924 0.108679
v 3.448433 -16.679369 0.132953
v -3.142012 15.574088 -0.204749
v 3.107759 -16.960342 0.158090
v -5.397158 -4.537430 0.275531
v 5.941675 -0.447004 0.046089
v 5.049353 -14.996243 0.162347
v 4.889767 2.727199 0.032750
v 6.356792 8.934024 -0.011044
v -5.231126 14.724500 -0.199143
v -4.862749 -9.769135 0.004187
v 6.407945 -21.274817 -0.147274
v -5.431958 -9.478177 -0.041207
v -3.111095 3.544595 -0.024134
v -9.571404 -6.475891 0.194256
v -5.807031 7.571327 0.156000
v -4.268205 15.077583 -0.005869
v -5.063297 -0.978080 0.049419
v 6.089203 7.306626 -0.045318
v 4.152947 -16.530512 0.165204
v 10.164292 -17.826052 0.061815
v -9.715800 -6.944145 0.089743
v -8.646217 -8.072399 0.256909
v -6.752435 -14.215089 0.053328
v 3.190114 -16.406471 0.066721
v -5.724085 7.257200 0.081974
v -3.420230 3.009710 -0.026627
v 2.184642 -19.921133 -0.047204
v -6.642299 -13.786422 0.135696
v 2.350409 -16.187330 0.111498
v -5.292262 -0.807795 0.077686
v -1.611701 -20.203074 0.117338
v -5.919051 -12.627783 0.223413
v -1.760682 -18.150051 0.326779
v 3.868856 -16.451757 0.061255
v -8.039002 -4.815199 -0.037757
v -9.658269 -7.282406 -0.014743
v -6.926432 -20.736469 0.087559
v -7.046457 -19.372509 0.195290
v 5.702689 -7.102401 0.095275
v -4.319070 0.054798 0.064791
v 9.004663 -16.761057 -0.036579
v -5.476260 -1.485870 0.043718
v 3.093646 -16.660286 0.068290
v 5.608199 -16.848568 0.035424
v -5.458930 6.643217 0.076033
v 2.857607 -16.463409 0.032868
v -3.260228 2.339554 -0.291462
v 5.544958 -9.519348 -0.185502
v -5.938823 8.384923 0.046150
v -5.525132 6.881155 0.012611
v -5.187358 -10.885041 0.017411
v -1.361978 -16.613409 0.188370
v -4.930071 -0.442750 0.003444
v -6.929987 -19.004307 0.034753
v 3.517234 -16.366796 0.033096
v 6.124005 -1.209175 -0.085585
v -6.783699 -18.803221 -0.033306
v -5.199760 -2.190125 -0.079861
v -4.975585 -1.204522 0.028996
v -4.781134 -0.945069 -0.010237
v -7.066636 -19.896950 -0.000631
v -6.252095 13.434382 -0.147395
v -6.857544 -18.380308 0.075491
v 4.520376 -15.365237 -0.038738
v -3.022996 1.920040 0.012411
v -5.072972 -0.654724 -0.000757
v -6.092673 8.837308 -0.195360
v -5.138656 -1.434382 -0.022970
v -5.650587 -4.531612 -0.122275
v -5.467998 -1.692883 0.009205
v 3.574722 -16.146603 0.007764
v -6.312319 -16.654400 -0.008016
v -0.498058 -15.799918 0.215396
v -3.279888 3.283649 -0.073609
v 4.105645 -15.621294 -0.032587
v -6.700579 -17.399216 -0.025071
v -6.814308 -4.322471 0.052734
v 3.934851 -15.943424 -0.040456
v 6.464557 -1.375441 0.077825
v -5.634989 7.527608 0.011174
v -1.675681 -20.443380 -0.056821
v 3.898435 -16.197084 -0.020751
v -4.449337 -0.239956 -0.063983
v 5.762126 5.388525 0.071550
v 6.447341 9.899072 0.097038
v -5.755744 7.978741 -0.057335
v 5.573814 -8.654980 -0.042229
v 4.103335 -16.282892 -0.015808
v 7.897997 -2.797295 -0.088020
v -5.933315 -15.565335 -0.143179
v -7.444930 -4.462164 -0.180766
v 2.202243 -18.329346 -0.088101
v -4.057639 0.185249 -0.070412
v 1.205613 -15.607773 0.129360
v 5.527038 -7.192898 -0.114937
v 6.448776 -5.531700 -0.114632
v -5.000875 -3.058708 -0.146626
v -4.716657 -9.972961 -0.245801
v -9.266675 -5.938890 -0.089076
v -4.855210 -0.750436 -0.050904
v -5.505742 7.114386 -0.098063
v -8.610865 -4.846529 -0.131634
v -3.534420 1.056775 -0.129558
v 4.806184 2.560765 -0.161631
v 4.477061 -16.261400 -0.067266
v -4.752506 -1.194954 -0.069066
v 4.766315 3.952013 -0.090173
v -9.117615 -7.735185 -0.185274
v 2.594056 -16.889400 -0.078359
v -5.128606 -2.379897 -0.024779
v -5.108360 6.486810 -0.073620
v 5.953571 -14.170200 -0.074249
v -6.745569 -14.021401 -0.075064
v 6.018565 -6.072868 -0.042840
v 6.728759 -4.161193 -0.056500
v -1.818818 -20.729565 -0.103089
v -1.134562 -16.333687 -0.155588
v -4.231229 -0.137870 -0.146963
v 4.755257 3.253664 -0.065482
v -6.154020 -14.780891 -0.065860
v 10.486077 -20.414183 -0.050141
v -4.635685 -0.999620 -0.078434
v -3.349098 3.940954 -0.090113
v -3.409521 2.507728 -0.153217
v -4.697691 -0.403189 -0.092451
v 5.373417 1.120413 -0.216098
v -9.078578 -5.096067 -0.448831
v 5.811941 -6.266970 -0.096497
v -4.776623 -0.586729 -0.111157
v -5.543160 -1.652930 -0.097142
v -5.407808 -11.502242 -0.109009
v 6.411510 9.340831 -0.099170
v -8.891001 -4.946140 -0.162208
v 2.067767 -16.265396 -0.042464
v 2.496341 -16.545490 -0.075891
v 6.393054 8.548921 -0.128933
v 10.598793 -20.079214 -0.149493
v 5.016342 15.163581 -0.292165
v -5.376554 -1.545258 -0.084551
v -6.629384 11.898086 -0.283783
v -5.098107 -4.157353 -0.193384
v -0.315569 -15.763679 -0.197635
v 6.347950 8.133951 -0.112977
v -6.088986 -16.105677 -0.105305
v 5.822467 6.458197 -0.492927
v -5.338333 6.720551 -0.098072
v 6.764510 -1.404208 0.119957
v -1.790961 -19.529194 -0.177458
v 5.874986 -14.553162 -0.076634
v 5.518189 4.824760 -0.121896
v 5.985776 -0.733957 -0.100655
v 5.502790 -7.422470 -0.125693
v 2.946387 -20.986902 -0.339452
v -5.512270 -1.853930 -0.128876
v 6.385393 -5.699190 -0.273216
v -6.520503 -13.614311 -0.103335
v 4.227578 -15.922171 -0.113431
v 6.530763 11.649469 -0.132405
v -9.569616 -7.401429 -0.310278
v -4.858705 -10.286545 -0.239735
v -4.849270 -1.438430 -0.137206
v -4.551820 -0.805258 -0.138154
v -9.301474 -5.474964 -0.393248
v 5.780154 -13.346906 -0.166551
v 5.261241 -16.382236 -0.199367
v -9.473230 -6.298872 -0.239753
v -5.709437 -12.143525 0.093997
v -2.027818 -20.909401 -0.146698
v -1.620702 -16.890730 -0.118367
v 2.604782 -20.712099 -0.148466
v 5.561029 -11.651017 -0.026182
v 4.373802 -16.116116 -0.133683
v 4.584005 2.002001 -0.039531
v -5.390900 -4.527552 -0.088483
v -5.090240 -2.784027 -0.135495
v -4.879908 6.232705 -0.226584
v -5.576189 7.523299 -0.186623
v -5.826124 -15.123150 -0.300027
v 0.453195 -15.590217 -0.115796
v -6.353038 -16.730247 -0.359274
v -8.296628 -4.811961 -0.245753
v 5.761501 -14.751182 -0.242012
v -0.064355 -15.697211 -0.237603
v 5.736297 -6.697428 -0.146300
v -6.668118 -20.978268 -0.199601
v -5.943723 8.155526 -0.196143
v 2.251976 16.393274 -0.158565
v -6.596296 12.480933 -0.659602
v -3.087057 3.677291 -0.268877
v 5.313911 -16.659393 -0.092553
v 7.920103 -16.586170 -0.217489
v -3.032540 2.110790 -0.180567
v 8.439034 -16.704130 -0.381986
v 6.966972 -1.451486 -0.202375
v -9.710981 -6.810192 -0.243296
v -5.097639 -9.522835 -0.243549
v -4.586037 -1.235929 -0.240253
v -6.122947 -13.064113 0.030642
v 4.604623 -15.624965 -0.218072
v -6.815176 -18.502684 -0.144051
v -5.210510 -1.639420 -0.195281
v 2.189696 -20.400805 -0.240295
v 10.554128 -20.257097 -0.205965
v -4.674148 -9.713423 -0.370027
v 7.193809 -3.618842 -0.131606
v 4.859169 -15.196609 -0.064097
v -4.390078 -0.592036 -0.210475
v -4.372161 -21.376812 -0.075799
v -3.112776 1.522053 -0.172094
v 5.611526 -12.728228 -0.091947
v -6.993142 -19.167961 -0.101947
v 10.353417 -19.332073 -0.260999
v -6.840749 -18.926325 -0.265328
v 6.068870 -14.275034 -0.300234
v 7.787184 -1.417506 -0.055926
v 5.548111 -6.948424 -0.235040
v 5.591973 -10.531865 -0.191825
v 5.997050 -16.773766 0.060033
v 4.803965 -16.188507 -0.189516
v -5.473220 -1.745150 -0.226379
v 5.661994 -12.046577 -0.216521
v 6.382899 -1.422748 -0.232069
v -5.400408 6.938803 -0.200801
v -4.945546 -3.357797 -0.163703
v 6.614579 -1.468259 -0.160903
v 3.196315 -21.151150 -0.791099
v 6.474281 9.487205 -0.412318
v 1.430463 -16.026266 -0.160633
v 2.174774 -16.629940 -0.259819
v -7.021096 -19.450754 -0.217139
v -6.867918 -18.107000 -0.237094
v 6.423194 9.025726 -0.363556
v -1.742570 -20.100863 -0.264225
v -6.962920 -20.520267 -0.256034
v -9.273507 -5.708612 -0.176447
v -6.688927 -17.420759 -0.352699
v 9.623912 -17.209745 -0.166599
v 1.138527 16.497154 -0.231050
v -4.486494 -0.932065 -0.241287
v -4.082413 -0.192818 -0.394023
v 4.576062 3.691163 -0.118099
v -6.175589 -16.556900 -0.249977
v -5.648096 -1.923497 -0.284787
v 9.254689 -21.005102 -0.208064
v -7.703939 -4.708961 -0.276367
v -7.119007 -4.315805 -0.210005
v -1.856777 -17.557676 -0.139065
v -5.845715 -12.732540 -0.357378
v -4.296158 -0.568803 -0.272099
v 6.154192 -1.302755 -0.297109
v 5.723889 0.785203 -0.348800
v -8.623894 -8.113914 -0.403765
v -5.234887 -4.439042 -0.292443
v 5.595927 -9.972905 -0.192093
v 9.243321 -16.992786 -0.318199
v -5.383431 -2.438344 -0.315327
v -6.687876 -14.251516 -0.229223
v 5.954699 -0.468264 -0.285310
v 8.790597 -16.788223 -0.349556
v 5.841846 -16.829041 -0.274765
v 6.103823 -14.045468 -0.374695
v 6.596254 12.619686 -0.429255
v 5.678400 14.708394 -0.569766
v 6.007927 -0.983806 -0.247770
v 4.588545 2.022225 -0.346376
v -6.725416 11.039854 -0.435340
v 1.791115 -16.398626 -0.274435
v 6.226916 -5.919465 -0.258402
v -7.011718 -20.173943 -0.249235
v 4.911819 -15.400710 -0.384318
v 6.544132 -5.204956 -0.301981
v 4.663983 -16.008118 -0.293793
v -6.559420 -13.763890 -0.455277
v 10.261828 -18.219105 -0.347075
v -5.453160 7.275440 -0.321589
v -6.074679 -16.343468 -0.309558
v -5.476769 -2.163937 -0.243190
v -0.846261 -16.083168 -0.383197
v 6.171298 14.294679 -0.510762
v -9.245459 -5.314160 -0.603843
v -5.193100 -2.674121 -0.293946
v -4.385003 -0.731585 -0.382633
v -4.482594 5.270549 -0.451031
v -2.990592 1.749299 -0.201072
v -6.105183 -21.185528 -0.267206
v 5.617871 -21.276215 -0.950921
v 4.550903 2.200288 -0.357262
v -1.819759 -20.485420 -0.377100
v -5.678638 7.594194 -0.400426
v 7.496964 -1.534514 -0.558978
v -3.571724 -21.310768 -0.374990
v -1.974548 -17.993893 -0.383983
v 7.939028 -2.543659 -0.461699
v 5.994565 -6.051850 -0.540271
v 5.941447 -0.744635 -0.353289
v 6.015411 -13.839942 -0.282688
v 6.380615 8.537851 -0.648489
v -6.843600 -20.777601 -0.268409
v 5.089743 -16.175301 -0.335719
v 6.243605 7.799327 -0.340335
v -1.984084 -20.718613 -0.444217
v -0.597551 16.363785 -0.058134
v -0.599248 -15.919395 -0.217288
v -4.821578 -9.563030 -0.379136
v -5.322386 6.834317 -0.446313
v -6.734035 -18.665289 -0.347384
v -3.665118 0.547111 -0.448095
v 6.511529 10.256488 -0.451660
v 1.549760 -19.705111 -0.460624
v -6.527695 -16.998436 -0.308282
v -6.928944 -19.132088 -0.381323
v 4.539598 3.900408 -0.356383
v 1.849383 -20.142288 -0.363380
v 5.907930 0.423281 -0.373402
v -4.512475 -1.081197 -0.375978
v 5.802054 -6.274333 -0.366134
v -5.440977 -21.298143 -0.415297
v -6.711743 -4.244610 -0.357873
v 5.457358 -16.510187 -0.381536
v -2.980363 3.517861 -0.477691
v -5.629030 -2.095001 -0.387921
v 10.488409 -20.037331 -0.433492
v -4.601935 -1.493220 -0.431365
v -3.842300 0.113753 -0.486410
v -1.840569 -17.183281 -0.330105
v -6.057902 8.452973 -0.500323
v 6.663227 -4.657737 -0.223010
v 5.221375 -15.124773 -0.309579
v 4.915795 -16.054989 -0.433105
v 5.571940 -16.767349 -0.306277
v -2.645018 -21.131800 -0.407229
v -5.896811 7.938965 -0.459204
v -2.200641 15.962553 -0.521996
v 4.807372 -15.868350 -0.403505
v 10.139501 -17.951900 -0.425159
v 4.652699 2.620730 -0.611905
v -5.462505 -4.496132 -0.432105
v -2.925383 2.005320 -0.469005
v -5.081808 -11.480362 -0.566382
v 5.954806 -0.096989 -0.443068
v 5.947861 0.184632 -0.368475
v 10.318696 -18.787132 -0.389207
v -3.106250 3.747030 -0.431412
v 10.403302 -20.364100 -0.431504
v 6.035566 -14.453256 -0.468154
v 10.401037 -19.708633 -0.323648
v 4.007028 15.889065 -0.529878
v -6.140843 -16.487371 -0.438839
v 5.565342 -9.682847 -0.412749
v -5.615992 -12.246028 -0.346348
v -6.606733 10.452362 -0.352338
v 6.314754 -5.748511 -0.576733
v -5.608487 -2.341825 -0.405493
v -4.171769 -0.480577 -0.532864
v 4.750708 2.922662 -0.447558
v -5.392639 -1.977542 -0.456687
v -5.110929 -3.001317 -0.456949
v -9.341166 -5.659297 -0.546244
v 1.834575 -16.819384 -0.460620
v -4.840560 -1.756850 -0.453612
v -6.187828 -4.279917 -0.493427
v -6.597934 -14.252801 -0.532807
v -9.244414 -5.838889 -0.409880
v -6.487606 -14.484001 -0.235908
v 5.593337 -10.931848 -0.386736
v 5.610798 5.102641 -0.447196
v 4.433129 3.747740 -0.462578
v -4.935299 -3.603981 -0.463602
v 7.360280 -16.758160 -0.545090
v -5.849613 -15.810644 -0.446436
v 5.749533 5.650589 -0.376365
v 6.443976 -1.637935 -0.574599
v 6.619120 -1.641150 -0.470925
v -6.949080 -19.782558 -0.461184
v 7.694970 -1.630988 -0.463228
v -9.315558 -6.056729 -0.527162
v -6.881125 -19.394814 -0.593270
v -5.954276 -16.255196 -0.502970
v 5.622475 -9.869174 -0.470639
v -6.200876 -16.496544 -0.621247
v 5.676726 -10.080919 -0.470475
v -6.015628 13.988650 -0.476780
v 7.914133 -2.394864 -0.826862
v 5.669856 -10.327093 -0.421603
v 0.594721 -15.874330 -0.466507
v 5.898683 -1.028666 -0.502754
v 1.900312 -20.491961 -0.542727
v -4.576046 -1.278928 -0.505049
v 1.401767 -16.413507 -0.512528
v -2.264665 -20.911816 -0.526767
v 4.733788 4.219898 -0.658908
v 5.405641 -7.100339 -0.502977
v 5.864061 -12.933758 -0.497653
v -4.502180 -0.908285 -0.439823
v 4.569818 2.366582 -0.556879
v 6.429010 -16.824963 -0.389233
v 5.816463 -0.689608 -0.541096
v -5.635248 -2.541206 -0.512301
v 5.114192 -15.332635 -0.564394
v -2.023274 -19.104111 -0.562440
v 6.548717 13.631045 -0.397882
v 5.380619 4.735566 -0.485052
v 5.494962 -8.288852 -0.603963
v -7.995883 -4.792905 -0.444888
v 4.689579 3.373490 -0.514685
v -5.663392 -4.437289 -0.534242
v -6.782428 -18.358553 -0.425902
v -3.182218 2.765893 -0.716990
v 7.781705 -3.136304 -0.313134
v -6.675559 -20.988501 -0.520186
v 5.482432 -6.830611 -0.537029
v 4.864202 1.706995 -0.401226
v -5.291265 -2.841278 -0.503633
v -4.832936 -10.660113 -0.532088
v 5.611851 -16.346300 -0.639296
v -4.467588 -0.743218 -0.572354
v -3.003385 1.395823 -0.604042
v 7.058387 -4.090269 -0.597950
v -6.665916 -14.064468 -0.465276
v 5.428064 -16.202900 -0.511467
v -0.376516 -15.883415 -0.596470
v -6.704299 -18.820818 -0.504868
v 6.119916 -16.857725 -0.525674
v 6.108971 -13.464900 -0.571494
v -5.726302 -2.350521 -0.545058
v 7.255680 -1.491854 -0.543128
v -4.615580 -1.098581 -0.569510
v -4.882385 -9.442142 -0.545909
v 7.587838 -3.447765 -0.403614
v 6.184765 7.795725 -0.669875
v -6.194145 -13.252934 -0.423588
v -5.655915 -2.217530 -0.581980
v 9.524120 -17.247454 -0.516135
v -4.613363 -10.176947 -0.571192
v 6.264909 -1.495165 -0.474123
v -1.946075 -20.289379 -0.645191
v 5.713750 -10.536409 -0.601689
v 10.239021 -19.211508 -0.644815
v -1.509268 -16.498648 -0.616409
v -5.745789 -15.303370 -0.507248
v 0.034963 -15.853784 -0.570633
v -4.616837 -9.468968 -0.600258
v -1.969278 -19.909834 -0.703681
v 1.380291 -20.199516 -0.706400
v -9.280128 -5.825443 -0.616421
v -6.960096 -4.237060 -0.534238
v -5.189357 -9.296535 -0.743404
v 4.944216 -15.713318 -0.540334
v -6.680591 10.053884 -0.722833
v -2.802555 1.716055 -0.692763
v 4.366640 3.905790 -0.705474
v 5.675034 -6.546397 -0.452050
v 6.470665 13.925403 -0.507088
v 2.222033 -20.725969 -0.580512
v 5.793503 -12.405814 -0.550855
v 6.729737 -4.866480 -0.666330
v -6.784776 11.785733 -0.974906
v 5.617098 -11.303303 -0.593119
v -5.054609 -1.995188 -0.579076
v -2.038854 -18.625282 -0.504869
v 6.486506 -5.342151 -0.637802
v -5.521002 -2.747055 -0.548375
v -6.728412 -17.952459 -0.695371
v 5.873178 -14.674902 -0.611682
v 7.263312 -3.814496 -0.547895
v -6.506668 -4.143441 -0.674045
v -4.341437 -0.621514 -0.665789
v -2.171038 -20.593685 -0.778269
v -6.540634 -17.066372 -0.548696
v -5.729805 14.383407 -0.667896
v 10.246139 -18.472349 -0.601230
v -4.479167 -9.595994 -0.650452
v 4.546350 2.148240 -0.614710
v 7.827948 -1.929259 -0.545088
v -9.697904 -6.788853 -0.612473
v -6.280028 8.935964 -0.645440
v 9.998304 -20.607189 -0.490891
v 7.735331 -3.422130 -0.622074
v -9.475266 -6.324712 -0.555619
v 5.930515 0.379085 -0.644981
v -4.781619 -1.859797 -0.605666
v 5.509914 -9.407136 -0.647303
v 6.036906 7.410769 -0.480053
v -4.688068 -1.694591 -0.638832
v 5.051456 -15.967309 -0.625055
v 5.760093 -11.906417 -0.640003
v 6.871342 -4.428571 -0.575547
v 9.204135 -17.165079 -0.735155
v -5.129200 6.570501 -0.560855
v -3.844221 4.376534 -0.403205
v 5.735573 -9.938013 -0.639307
v 1.782972 -17.270105 -0.524983
v -3.393487 4.018115 -0.705937
v 5.684981 -16.604900 -0.640500
v -4.175865 4.780401 -0.663194
v 5.617221 -9.727756 -0.619942
v -3.052340 3.232522 -0.608008
v 5.932015 -1.258602 -0.603337
v -4.810278 -1.248041 -0.736595
v -4.682428 -1.462473 -0.658099
v 5.241026 1.551648 -0.816795
v -1.108611 -16.180597 -0.634361
v -4.972095 -3.345372 -0.586976
v 10.435002 -20.197800 -0.656493
v -0.686469 -15.976597 -0.644928
v -9.025014 -7.811523 -0.711132
v -6.796051 -19.034161 -0.624898
v -7.232226 -4.280898 -0.698941
v -6.826541 -20.683334 -0.577906
v -6.621756 -18.602373 -0.641434
v -5.052680 -3.197810 -0.662966
v 4.510920 2.309285 -0.802489
v 6.088173 -1.443691 -0.652741
v -5.476726 -2.330748 -0.704400
v 5.702620 -0.407726 -0.747689
v 6.699675 -1.678240 -0.701476
v 0.902786 -16.106611 -0.592244
v -6.369502 -16.755230 -0.667173
v -8.607534 -4.825221 -0.713893
v 10.021501 -17.974501 -0.678375
v 5.463421 -15.052600 -0.679636
v -5.700310 7.458934 -0.693245
v -5.752290 -2.749986 -0.677209
v -4.475173 -9.881330 -0.653895
v -9.726449 -7.058841 -0.685454
v -5.716454 -2.511278 -0.711281
v 10.198292 -19.694002 -0.830026
v 5.079491 -15.577839 -0.707577
v 5.909595 0.724521 -0.690471
v -5.924014 8.071129 -0.790088
v 8.310832 -21.168800 -0.694171
v -5.617424 -12.634120 -0.777931
v 5.736220 -1.051090 -0.696341
v -2.130649 -17.523872 -0.757608
v -5.819555 -16.074175 -0.686441
v 5.691121 -10.814800 -0.698172
v 6.642719 13.463301 -0.700515
v -4.804849 -0.978535 -0.746965
v -6.871503 -20.201981 -0.666806
v -5.315659 -12.107815 -0.675795
v 5.857647 -10.200099 -0.702790
v -6.584188 -18.806000 -0.705516
v -9.428884 -7.491614 -0.624677
v -4.603427 -9.270483 -0.696514
v -9.374330 -5.546710 -0.711660
v -8.089645 -8.405313 -0.965823
v -6.563979 -14.049046 -0.722138
v -5.671051 -15.837061 -0.779361
v -4.862606 -1.970608 -0.730377
v 10.081232 -18.269600 -0.770292
v -4.937770 -2.106740 -0.723571
v -4.852736 -9.250096 -0.754601
v 10.344202 -19.952850 -0.739781
v 6.189500 -13.832080 -0.717085
v -5.537604 -9.333880 -0.553606
v -9.380610 -5.630744 -0.728795
v -6.445693 -13.790126 -0.783252
v -4.354901 -9.340085 -0.717741
v -5.041660 -2.192210 -0.735314
v -4.118032 -0.443154 -0.813216
v -1.799383 -16.771620 -0.707725
v 6.972425 -1.589843 -0.597749
v 5.710825 -11.580662 -0.695049
v -9.327240 -5.722250 -0.741349
v 5.692019 -0.743046 -0.761902
v -3.277843 0.872641 -0.784108
v -4.244734 -9.093548 -0.748070
v -5.710444 -15.044703 -0.766628
v 5.882159 -9.865529 -0.756250
v 1.323080 -16.766418 -0.732099
v 6.554648 11.403768 -0.757712
v -6.256259 -13.519035 -0.832787
v -9.286083 -5.928607 -0.767439
v -2.890421 3.463438 -0.756392
v 1.718624 -20.773157 -1.019052
v 0.282030 16.470089 -0.860250
v -6.425639 -21.074268 -0.777821
v -8.552748 -8.138464 -0.911791
v -6.701680 -20.866865 -0.746565
v -4.280185 -9.488182 -0.806261
v -4.601020 -0.737116 -0.762905
v -8.835771 -4.896330 -0.732377
v -2.499882 -20.972826 -0.751167
v -5.274767 -4.335425 -0.745645
v 4.354400 3.773528 -0.879189
v 5.288731 -15.243688 -0.786029
v 6.145221 -14.218936 -0.692367
v 1.044491 -19.296848 -0.774364
v -5.219810 -3.154056 -0.763429
v -6.204525 -4.106549 -0.774683
v 5.714014 -9.702507 -0.776640
v 6.277223 -1.600332 -0.758318
v -4.660481 5.730021 -0.733825
v -5.107810 -4.251690 -0.783441
v -5.054269 -4.143590 -0.783487
v -4.684133 -9.030712 -0.903962
v -5.797297 -4.272725 -0.746433
v 5.232667 -16.032148 -0.767488
v -5.166630 -2.434295 -0.832541
v 4.660892 3.120748 -0.778005
v -5.805060 -2.735250 -0.790699
v -4.957215 -3.602921 -0.808325
v 5.843298 -1.229612 -0.812602
v -4.469648 -10.390246 -0.823525
v -6.577087 -17.335978 -0.726432
v -5.435198 7.070093 -0.695946
v 5.874956 -10.727411 -0.854362
v -5.687109 -3.056197 -0.784756
v -4.881592 6.193193 -0.691721
v 9.546375 -17.530790 -0.845754
v -5.568856 7.194481 -0.980206
v -4.083194 -9.267359 -0.838260
v -4.881639 -1.573706 -0.878884
v -2.232226 -18.156378 -0.847602
v 1.018671 -18.407047 -0.869254
v 5.583623 1.260665 -0.818670
v -5.329636 14.708188 -0.803305
v -6.148249 -14.525923 -0.818278
v 5.693874 -6.315191 -0.793259
v -6.653592 -18.263979 -0.797952
v -3.985043 -9.052912 -0.836965
v 5.430375 4.950496 -0.780118
v -5.962582 -13.095422 -0.804996
v -5.050680 -3.412030 -0.816768
v 5.751923 -11.075212 -0.829362
v -4.302575 -8.828856 -0.864725
v -5.636897 -15.578168 -0.688253
v 5.116193 -15.839760 -0.820401
v -6.736132 -19.266870 -0.873502
v -9.166688 -5.184455 -0.817822
v 6.157171 -9.945186 -0.831173
v -9.298008 -5.438725 -0.821327
v -6.154133 -16.473351 -0.900567
v 10.120901 -18.622700 -0.835551
v 4.729992 1.918163 -0.714993
v 6.610252 13.714290 -0.844917
v -2.927990 3.659720 -0.841207
v 10.238845 -20.375011 -0.808099
v 5.967027 -9.674022 -0.877275
v -6.620260 -19.024588 -0.896399
v -4.924488 -2.125899 -0.867449
v 6.367541 -16.934500 -0.845634
v -4.068280 -8.855289 -0.851389
v -9.384679 -6.182131 -0.795569
v -5.015839 -2.385882 -0.926646
v -9.581187 -7.262201 -0.853545
v -3.245797 15.619252 -0.901980
v 5.688713 -0.197291 -1.001696
v -6.755788 -19.851151 -0.921288
v -5.042502 -21.265209 -0.952308
v -2.147585 -20.252380 -0.926863
v 1.764376 16.463049 -0.861763
v -2.746740 1.929900 -0.855903
v 5.877920 0.690574 -0.856301
v -6.327567 -14.008982 -1.000897
v -6.085059 -16.328100 -0.856944
v -5.753640 -2.715845 -0.874915
v 6.548080 -1.692050 -0.858874
v -4.897266 -1.914794 -0.924721
v 0.162290 -15.946222 -0.790026
v 6.133980 -10.528260 -0.947195
v 5.490539 -8.862885 -0.645884
v 5.133819 4.609442 -0.785180
v 7.275833 -1.639902 -0.939513
v 7.821067 -2.154211 -0.964964
v 6.121014 -16.838003 -0.859232
v 5.996338 7.699213 -1.015821
v 5.560509 -16.172091 -0.831122
v 8.793990 -17.014040 -0.847047
v -8.992874 -5.022213 -0.823969
v -2.048470 -17.103142 -0.828657
v -4.298638 -0.506865 -0.985616
v -5.989146 14.048800 -0.945132
v -7.973381 -4.781068 -0.769003
v -1.294775 16.228512 -0.918466
v 1.235914 -17.195862 -0.861152
v -8.228562 -4.838099 -0.810533
v 5.843633 -11.609891 -0.892552
v 1.478106 -20.510815 -0.837456
v -5.801403 -3.128938 -0.883214
v -7.500594 -4.465665 -0.862720
v -5.770474 -3.407108 -0.987235
v -6.127127 8.419338 -0.947617
v -6.034279 -4.021821 -0.910979
v -6.694987 -4.027813 -0.940842
v 5.978960 -12.196639 -0.910299
v 8.078576 -16.846128 -0.771778
v -6.723547 -20.532679 -0.894977
v 6.140691 -9.781393 -0.880391
v -7.540654 -8.664816 -0.433464
v 5.728890 -0.983359 -0.892334
v 5.806904 1.010942 -0.845048
v -0.224524 -15.917426 -0.927129
v 0.467590 -16.081553 -0.869990
v -2.779950 3.377155 -0.977791
v -5.453428 -4.246055 -0.900394
v -9.287050 -5.776230 -0.900006
v -8.638660 -4.894727 -0.926040
v -2.721742 1.419845 -1.043617
v -5.195235 -4.187453 -0.914335
v -6.266421 13.499914 -0.890837
v -2.988993 2.997927 -0.989447
v 0.613403 -16.245201 -1.000104
v 6.178143 -1.488268 -0.936139
v -5.807477 -2.943544 -0.910425
v 8.986939 -20.956749 -0.907724
v 10.311702 -20.156700 -0.908513
v -4.095424 15.278998 -0.805933
v 5.917264 -16.586088 -0.897254
v 5.362378 -7.851536 -1.016237
v 5.835756 7.013632 -0.828258
v -6.588063 -17.637918 -0.883571
v -5.530489 -15.312469 -0.845947
v 7.243162 -4.036426 -0.922633
v 5.498011 -9.202770 -0.932428
v -5.097345 -1.126805 -0.960790
v -6.244107 -14.289669 -0.992343
v 5.582909 -9.506019 -0.877234
v 6.671574 -4.967335 -1.038756
v -5.302660 -3.490494 -0.934976
v 5.653670 0.132326 -0.926103
v 5.580007 -6.632416 -0.775179
v -3.843251 -0.309838 -1.087601
v 5.945721 -11.171017 -0.949423
v -5.150556 6.518011 -1.045132
v 7.064945 -21.251377 -1.040836
v 0.975663 -20.010614 -0.939948
v -6.424219 -18.873800 -0.932449
v -9.305634 -5.989935 -0.901474
v 6.291982 -9.888938 -0.928431
v -5.098735 -4.005150 -0.942309
v 4.551664 3.542237 -0.923726
v -5.501123 -15.728427 -0.964192
v 2.486029 -21.004187 -0.881444
v 5.781083 -16.302258 -0.924095
v -5.030191 -3.824708 -0.917709
v 5.602551 5.391473 -0.921996
v 6.234339 8.304902 -1.068614
v -9.289289 -7.504431 -0.986691
v -9.159280 -5.409214 -0.983805
v -4.262431 -9.765426 -0.901375
v 5.814191 -9.574391 -1.011578
v 0.843846 -16.436436 -0.946377
v -5.054507 -0.905277 -0.921401
v 6.233036 -13.999539 -1.019666
v -2.987177 -21.094288 -0.897007
v 5.301441 -16.058800 -0.955345
v 5.334480 -7.315295 -0.980935
v 6.438300 9.378248 -0.867427
v -3.817569 -8.863474 -0.987771
v 6.866259 -1.664695 -0.903390
v -3.072689 2.468951 -0.986845
v 4.555531 2.880847 -1.077326
v -1.392263 -16.165274 -1.009255
v -5.869293 -3.205706 -1.019525
v 6.331025 -1.594391 -0.978344
v -8.846107 -4.999229 -0.984301
v 4.578009 15.521945 -0.600566
v -5.137042 -12.361063 -1.044093
v -4.089479 -8.658290 -0.979883
v 4.315849 4.051146 -1.085225
v 6.363876 -10.076895 -0.955577
v -2.774872 3.558424 -1.038689
v -6.158072 -9.080115 -0.927105
v 6.119099 -10.906271 -1.001203
v -8.383118 -4.898981 -0.978240
v -0.980167 -15.978881 -0.951139
v 5.431283 -15.087256 -1.208218
v 5.229247 -15.935650 -1.065120
v 6.032186 -12.843000 -1.054714
v -3.800975 -9.148967 -0.964336
v -6.334813 -3.928492 -0.952468
v -6.531420 -18.003576 -1.032711
v 6.797999 -16.987837 -0.906352
v -3.942709 -8.723900 -0.991548
v 8.441192 -17.022879 -1.027907
v -5.551948 -3.448153 -0.942367
v -9.653300 -6.809457 -0.917629
v -2.359681 -18.609110 -1.013163
v -9.496329 -6.465821 -0.992972
v -5.124138 -3.690609 -0.990809
v 5.664746 0.482322 -0.995273
v -5.013745 -2.166303 -1.059492
v -3.610860 -0.055429 -0.999379
v -4.579862 -0.571131 -1.018946
v -4.962140 -0.669816 -1.001070
v -5.686019 -4.102028 -0.991887
v 5.509511 5.161148 -0.980370
v -9.039622 -5.178576 -0.987035
v 7.019824 -4.406816 -1.002148
v 6.144194 -11.654025 -1.039771
v 6.162292 -14.259420 -0.932989
v -4.283913 -10.076349 -0.884935
v -6.341759 -18.765699 -1.008770
v -4.063837 -9.590038 -1.021841
v -6.556468 -20.864300 -1.014320
v -9.210526 -5.755329 -1.027361
v -4.655618 -11.245042 -0.968257
v 6.288699 -5.600335 -0.981211
v 4.507259 3.284272 -1.194266
v -9.337800 -6.176701 -1.022500
v -1.778421 -16.419943 -1.062639
v -5.880837 -16.247734 -1.132537
v -5.874292 -3.890475 -1.041355
v 6.906009 -4.694629 -1.211857
v 6.296134 -9.748965 -1.060000
v -5.211178 -3.861166 -1.029018
v -5.423167 -15.508589 -0.913944
v -2.173617 -19.608484 -1.036282
v -2.318469 -19.098072 -1.082962
v -7.787034 -4.670829 -1.006305
v -2.565356 -20.814898 -1.028604
v -5.728281 7.679430 -1.034000
v -8.605020 -5.027455 -1.048826
v -3.203688 3.939717 -1.087694
v -6.197813 -13.762408 -1.093095
v -5.479367 -12.741659 -1.104610
v -5.411472 -4.040770 -1.039966
v -5.707584 -16.000793 -1.010499
v 5.280631 -15.373874 -1.022594
v -5.108300 -0.761686 -1.041770
v 5.267312 4.896784 -1.136157
v 5.997753 -14.512672 -1.014002
v 5.782907 -0.346634 -1.192913
v -6.519758 -19.203444 -1.197383
v 6.560210 -1.660060 -1.046100
v -3.695061 -8.992793 -1.081317
v -3.831570 -9.410252 -1.058056
v -2.304662 -17.260347 -1.107596
v -2.897601 2.218786 -1.093499
v -5.602143 -2.923315 -1.059649
v -6.313028 -21.056200 -1.052880
v 6.559492 -17.043308 -1.085605
v 6.658803 13.410442 -1.134204
v -5.617440 14.467832 -1.268915
v 6.142753 -9.636005 -1.101732
v -4.807223 14.993004 -0.983912
v -5.742065 -13.036423 -1.120839
v -5.223503 -2.705421 -1.024540
v -5.462311 -3.742013 -1.036732
v 10.039799 -19.302710 -1.029327
v 10.040834 -19.792082 -1.122805
v 9.533235 -20.672560 -1.031103
v -4.158747 -10.315770 -1.080768
v 6.486331 -10.408099 -1.061650
v -5.205075 -0.937263 -1.110219
v 5.750822 -16.207300 -1.068340
v 6.209290 -12.049619 -1.084499
v 1.176887 -17.686962 -0.875311
v -8.073651 -4.862377 -1.036528
v -2.865722 3.746715 -1.210270
v -5.423883 -2.775017 -1.024580
v 5.944697 -5.991755 -1.097624
v -5.702129 -3.629063 -1.058387
v 4.269330 3.928239 -1.047653
v 9.383031 -17.695499 -1.135630
v -0.623193 -15.882269 -0.988982
v -7.194447 -4.220717 -1.086306
v -4.409049 -21.253099 -1.079130
v 5.638028 5.501616 -1.178536
v 2.612547 16.303772 -1.147853
v -8.861095 -5.164176 -1.085630
v -5.108830 -1.642575 -1.151015
v 7.864611 -3.235130 -1.082020
v 6.414063 14.040469 -0.957971
v 10.131008 -20.174971 -1.102666
v -8.977560 -5.635908 -1.120494
v -5.912049 -3.692539 -1.099650
v -5.477173 -15.198485 -1.031752
v 6.295517 8.822771 -1.132088
v -8.310760 -5.048591 -1.086980
v 5.586020 5.312080 -1.091540
v 6.437371 -11.357200 -1.108790
v -2.671879 1.997331 -1.171131
v -9.651769 -6.980691 -1.094580
v -5.300308 -15.359592 -1.124716
v -9.241110 -6.043160 -1.095800
v -4.776186 -0.556243 -1.255672
v -5.704297 -9.089410 -1.109760
v -5.639542 -3.901331 -1.095747
v -6.471745 -3.865106 -1.101756
v 9.890923 -20.419298 -1.119404
v 6.278554 -16.883295 -1.094306
v -2.299065 -19.968824 -1.203647
v -2.411779 -17.788750 -1.118606
v 5.611611 0.331252 -1.091985
v 6.513427 -10.159533 -1.115813
v 0.430821 -16.176905 -1.164120
v -6.482601 8.988770 -1.142789
v -5.387841 6.774940 -1.124220
v 0.653263 -19.768442 -1.108708
v -9.534424 -6.733186 -1.098706
v -9.013164 -7.699045 -1.103184
v -5.080131 -2.601413 -1.083668
v 6.184647 -12.463305 -1.148905
v 6.358603 -10.835162 -1.111081
v 4.462316 2.582477 -1.268880
v 4.577304 2.180332 -1.019953
v -9.427069 -7.286719 -1.111078
v 6.402020 -5.263266 -1.172987
v 5.131431 15.052939 -1.058896
v -9.368499 -6.369920 -1.124775
v 7.664145 -1.869272 -0.904932
v -5.839902 -21.161404 -1.133620
v 6.088769 14.371642 -0.991788
v -6.396146 -17.338720 -1.109292
v 5.709660 -6.197337 -1.139261
v -4.356727 -10.787427 -1.032613
v -3.687130 4.267970 -1.131620
v 5.703238 0.061600 -1.198591
v 5.542603 -6.521694 -1.087635
v -5.884730 -3.324600 -1.158980
v -4.823450 6.029673 -1.110200
v -5.085106 -2.450035 -1.143341
v 6.111818 -16.644144 -1.189054
v 6.425661 -9.909899 -1.137000
v 6.060229 -1.155139 -1.127138
v -8.713670 -5.447930 -1.139130
v 6.594199 13.756701 -1.139390
v -6.374701 -17.689457 -1.202016
v -8.509960 -5.341850 -1.141700
v 1.169415 -20.507336 -1.087626
v -5.955046 -3.494297 -1.142878
v 5.680743 -9.443114 -1.316466
v -6.127773 -3.699093 -1.125510
v -6.504219 -20.398136 -1.209913
v -2.565826 1.713591 -1.109880
v -5.769710 -3.173210 -1.150910
v 6.555506 -10.301788 -1.210828
v -5.994121 -13.408961 -1.142234
v -0.377243 -15.866455 -1.206289
v 6.819442 -1.605392 -1.215838
v -3.551930 -9.263576 -1.122991
v -9.120234 -6.235825 -1.186459
v -8.313284 -5.201505 -1.185873
v -5.233315 -9.075673 -1.077172
v -6.273310 -18.424379 -1.188744
v -5.034722 -0.650906 -1.156101
v 0.872820 -16.732260 -1.085574
v -8.759377 -5.766051 -1.194852
v -6.573935 -19.456573 -1.194269
v -4.024992 -9.962613 -1.125661
v 9.020401 -17.391199 -1.176950
v 0.202778 -16.035097 -1.102260
v -2.964619 2.730050 -1.281257
v -5.129170 -15.536135 -1.154822
v 7.888806 -17.109089 -1.190966
v -5.573176 -15.044573 -1.131102
v -4.395315 5.314129 -1.340957
v 5.572497 1.495890 -1.342906
v -6.050944 -16.785414 -1.275811
v 6.406014 -1.489599 -1.247121
v -8.931835 -6.110481 -1.202730
v 5.440941 1.552238 -1.178985
v -9.331199 -6.604513 -1.201571
v 0.883297 -17.172585 -1.144639
v -9.421151 -7.124270 -1.225127
v -6.235121 -18.846169 -1.235799
v 5.622515 6.058076 -1.134735
v 6.492705 -11.712902 -1.188285
v -2.426833 -20.446159 -1.155592
v 6.481973 10.392962 -1.206561
v -5.239979 -15.731658 -1.190764
v -4.408238 -0.487494 -1.299680
v 5.333191 -16.051201 -1.203790
v 9.727674 -18.237423 -1.153892
v 5.455522 5.069374 -1.242502
v -5.195988 -0.780647 -1.229818
v 5.837025 7.466244 -1.084000
v -4.003819 4.642021 -1.210304
v -6.765440 -3.993260 -1.209970
v 6.581345 -11.534200 -1.292324
v 4.935842 4.549509 -1.130577
v 1.090425 16.477823 -1.174845
v 5.357288 -6.876424 -1.124993
v -6.477055 -19.879953 -1.304943
v -3.312374 -9.228510 -1.295095
v -0.055143 -15.935135 -1.308827
v -9.452606 -6.871164 -1.220187
v -6.747826 12.151050 -1.389160
v 7.036218 -1.661719 -1.153972
v -2.173666 -16.783951 -1.191486
v -5.653883 -16.082449 -1.256315
v 6.510171 -10.112008 -1.365427
v -8.574096 -5.557821 -1.220882
v -6.282384 -19.044401 -1.322240
v -3.384759 -9.512820 -1.230590
v -6.743706 9.729106 -1.123685
v -4.336664 -11.408971 -1.289380
v 7.209291 -17.044081 -1.048324
v 0.667668 -17.646624 -1.307296
v 6.401989 -17.036186 -1.232636
v 6.163909 -12.781044 -1.298723
v -9.045429 -6.402071 -1.242870
v 0.635978 -16.519094 -1.245155
v 0.629539 -20.166035 -1.261051
v -5.204733 -2.906531 -1.262463
v 6.487985 -12.095948 -1.225124
v 7.256270 -1.759185 -1.274645
v -0.658460 -13.448812 -1.276204
v 4.190321 3.895466 -1.382449
v 0.443755 -19.475698 -1.258424
v 6.460256 -11.097469 -1.255058
v 6.486168 -5.092803 -1.386743
v -0.775752 -13.183000 -1.261220
v 8.582771 -17.316187 -1.299621
v -4.740141 -15.669564 -1.396255
v -8.132852 -4.982079 -1.263268
v -0.785723 -13.420485 -1.264913
v -6.364277 -20.742357 -1.276863
v 6.677089 12.775601 -1.266610
v 5.580302 0.826037 -1.323539
v -6.264912 -3.829288 -1.273813
v -5.142615 -2.661331 -1.274321
v 6.079430 7.932950 -1.270850
v -5.153465 -1.964005 -1.318270
v -8.405630 -5.381801 -1.271920
v -3.942490 -0.396320 -1.361026
v 7.452893 -1.820276 -1.200785
v -8.927423 -6.239728 -1.289057
v 7.933568 -2.928980 -1.195174
v -5.312082 -1.041601 -1.301920
v -5.807866 -13.746681 -1.384343
v -0.434848 16.367716 -1.289266
v -5.355656 6.631514 -1.588879
v -6.157421 -3.785386 -1.308304
v 5.183727 -7.146245 -1.459360
v 9.813566 -18.787466 -1.279200
v -6.508894 -3.928020 -1.276639
v -9.079439 -6.704061 -1.294430
v -7.246610 -8.731027 -1.256155
v -6.261202 13.505243 -1.423643
v -5.926052 14.066769 -1.434201
v -5.446964 -3.133812 -1.229017
v -4.866990 -8.817470 -1.213688
v -7.000301 10.542799 -1.297340
v -6.084849 -3.645748 -1.297063
v -6.033832 -14.479761 -1.250141
v -9.245575 -7.237789 -1.288268
v 5.624262 5.245474 -1.268789
v 4.343116 3.691664 -1.226040
v -3.792698 -9.666135 -1.210575
v -2.661951 3.572283 -1.346504
v -3.231441 -9.400727 -1.283883
v -5.844927 -3.473705 -1.318033
v -5.262139 -3.167034 -1.362011
v -2.931312 2.481183 -1.351470
v -5.028575 14.875859 -1.595693
v -7.012201 10.947099 -1.374590
v -4.715354 -12.226227 -1.327043
v 9.871950 -20.081680 -1.335836
v 5.744052 5.539668 -1.360087
v 5.699363 1.297707 -1.308292
v 4.751968 2.048076 -1.199059
v 6.353492 -12.595664 -1.340513
v 6.567226 -10.437006 -1.340521
v -8.788958 -6.053080 -1.357039
v 6.522711 -10.677899 -1.311650
v -4.998831 -15.369390 -1.365954
v -1.385511 -15.926489 -1.306742
v 8.160191 -21.063263 -1.398037
v -5.631919 -3.386327 -1.310404
v -9.243312 -7.035510 -1.308708
v -7.880589 -4.753275 -1.382815
v -0.974691 -13.457500 -1.328040
v -0.923855 -13.709750 -1.400085
v 5.429943 -8.924181 -1.181716
v -6.792560 -4.090506 -1.410771
v 6.456000 -10.898742 -1.334214
v 6.198702 -14.150172 -1.344029
v -0.678091 -13.018404 -1.361260
v -3.644142 -0.223442 -1.420426
v -0.625060 -13.213531 -1.367290
v -4.651104 -15.504701 -1.446755
v -8.930868 -7.468790 -1.470676
v 4.546961 -21.224476 -1.652516
v 6.719837 -11.987894 -1.393564
v -8.985219 -6.666131 -1.340830
v -6.066846 -18.581139 -1.385951
v 6.137251 8.187411 -1.346498
v 6.233329 -13.609976 -1.175499
v -2.641046 3.363563 -1.336426
v 6.132666 -13.014741 -1.347493
v -2.716112 2.998227 -1.542545
v -5.347510 -12.935017 -1.400589
v 5.595173 -6.115696 -1.554819
v -1.118648 -15.774351 -1.385830
v -0.794190 -15.775079 -1.309982
v -2.533484 15.865392 -1.569271
v -2.295442 1.756209 -1.442410
v 5.804486 7.758641 -1.436133
v -5.333393 -1.367670 -1.345214
v -2.636085 -18.119249 -1.345881
v 5.536315 1.045698 -1.431920
v -8.678795 -7.978035 -1.251401
v 5.353662 -15.267723 -1.453380
v -7.159184 -4.282826 -1.431411
v -8.609285 -5.747306 -1.381987
v 6.744158 -1.526065 -1.388394
v -1.767699 -16.028450 -1.414841
v 5.638628 5.833542 -1.379878
v -2.570334 -17.162045 -1.431532
v -2.164488 -16.382751 -1.409991
v -2.325120 1.636420 -1.385980
v 5.749459 -14.726672 -1.325923
v 5.600705 5.114184 -1.390318
v -5.066916 -0.656723 -1.354539
v -4.347080 -8.435244 -1.321853
v -5.892715 7.922580 -1.386929
v 0.288636 -16.115723 -1.367106
v -5.320082 -15.140296 -1.361073
v -4.660099 -8.547671 -1.367298
v -0.578227 -13.419701 -1.440820
v 8.881046 -17.625347 -1.424641
v -5.269261 -2.356550 -1.460380
v -3.054136 -9.611565 -1.372497
v -6.266487 -4.002154 -1.401009
v 6.728043 -11.762745 -1.465353
v -5.157485 6.288839 -1.458850
v 7.554678 -3.859249 -1.341308
v -6.233464 8.450980 -1.352412
v -2.614099 2.154305 -1.568169
v -5.146389 -15.897264 -1.421485
v -7.491934 -4.456096 -1.267173
v 7.855062 -2.469307 -1.463134
v 5.897388 -16.379194 -1.425547
v 5.365947 -6.475955 -1.498125
v -5.262106 -0.844726 -1.407698
v 4.502638 2.328702 -1.364131
v -2.495919 -19.147301 -1.394790
v 7.940340 -2.741999 -1.397350
v -5.994440 -3.648330 -1.397850
v -3.891533 -8.455611 -1.375342
v 5.621115 6.193884 -1.401314
v -6.039846 -18.159605 -1.462024
v 1.229885 -20.817236 -1.470035
v 6.421524 9.654566 -1.456545
v 6.235719 -12.871490 -1.496583
v 5.616915 -16.178457 -1.330688
v -6.088971 -14.199865 -1.295546
v 7.045536 -1.645393 -1.441744
v -5.686703 -13.297279 -1.378628
v -2.744955 -17.684933 -1.501373
v 6.387461 -9.744989 -1.413130
v -3.051557 0.556765 -1.402589
v -2.624204 -18.791054 -1.416866
v -8.895497 -6.387920 -1.459413
v -5.768260 -14.866273 -1.258078
v 1.765308 -20.991341 -1.387450
v -5.350051 -3.353014 -1.417629
v -0.748250 -13.720859 -1.387722
v -6.198163 -20.340733 -1.522147
v -6.151389 -8.943555 -1.412992
v 5.787125 5.390202 -1.390130
v 6.503230 13.866274 -1.318536
v 8.938584 -20.759184 -1.444451
v 0.551200 -18.696589 -1.345744
v 7.129871 -4.314891 -1.331548
v 6.105290 -5.745759 -1.424710
v 0.817133 -20.507669 -1.338876
v 6.262609 9.193183 -1.526099
v 6.704874 -4.874819 -1.692257
v -5.315419 -1.652465 -1.465814
v 5.337764 4.928883 -1.393067
v -5.226772 -2.989017 -1.448786
v -2.989239 -9.818075 -1.454920
v 0.596500 -16.961805 -1.413655
v -8.739175 -7.741144 -1.553110
v -6.812630 9.653726 -1.592575
v -5.354858 -16.013100 -1.441980
v -9.044995 -7.123335 -1.458948
v -0.308094 -15.777997 -1.500859
v 6.193094 -13.318510 -1.566388
v 8.170118 -17.412670 -1.501979
v 0.539495 -16.590139 -1.450671
v 5.589053 6.676779 -1.466364
v 0.263133 -19.825317 -1.495252
v -2.782714 2.395990 -1.664817
v 6.551546 -12.611052 -1.501290
v -5.269488 -2.609255 -1.444020
v -1.004199 -12.739926 -1.444843
v 5.083649 4.726678 -1.431013
v 5.708446 7.279403 -1.387383
v -4.043312 -10.978602 -1.326042
v 6.233381 14.187634 -1.420799
v 5.634054 0.631055 -1.453642
v 6.735851 -12.305399 -1.463030
v 5.770962 5.796768 -1.590878
v 0.502154 -16.362844 -1.357096
v -6.303380 -19.182735 -1.458688
v 6.102109 8.690503 -1.635395
v -0.572424 -12.979350 -1.576785
v -1.248235 -12.825809 -1.468774
v -4.736160 5.810541 -1.435032
v -3.500479 -9.939780 -1.472010
v 6.747833 -17.264694 -1.463593
v 3.100185 -21.206142 -1.742361
v -4.240278 -0.448429 -1.679388
v -0.793206 -12.698339 -1.482373
v -2.732032 -18.446957 -1.459237
v -0.632011 -13.636261 -1.489848
v 6.089168 8.347670 -1.543919
v 5.684981 14.640066 -1.450906
v 5.950889 -5.914176 -1.465860
v -3.833271 -6.183771 -1.525587
v 5.346141 -8.529345 -1.539837
v -2.804352 -20.623825 -1.463370
v 6.469050 -10.927194 -1.641418
v 4.418998 15.637342 -1.334937
v -4.044077 -6.589936 -1.508592
v -3.727256 -6.514338 -1.493278
v 0.231572 -19.175589 -1.528309
v 5.929544 -0.290311 -1.443034
v -3.789231 -10.521455 -1.397255
v -0.970110 -12.439781 -1.498959
v -6.206141 -4.288832 -1.628618
v 7.379153 -1.865933 -1.599731
v 4.429309 2.816853 -1.528410
v 5.385037 -15.811107 -1.413385
v 6.223247 -17.068920 -1.651526
v 6.111547 -16.759922 -1.514409
v 9.713819 -19.311831 -1.432471
v -4.101208 -8.208876 -1.494852
v -4.900427 -4.724115 -1.523205
v -6.299547 -19.381618 -1.520833
v 5.473895 -16.037271 -1.469847
v -5.479162 -16.286947 -1.533667
v 9.432982 -18.647902 -1.582947
v 6.368530 -1.223199 -1.506080
v -6.514011 -4.106477 -1.471667
v -6.068443 -17.261581 -1.475235
v -6.684630 -8.865322 -1.439592
v 4.233696 3.576347 -1.559203
v 6.525655 11.379965 -1.592238
v 7.733991 -2.203653 -1.403188
v 4.619744 2.229868 -1.528603
v -1.271771 -12.332727 -1.538411
v -7.077512 10.583548 -1.662828
v -4.083619 -6.211461 -1.524624
v -5.491930 -3.598456 -1.525080
v -2.542321 -16.775009 -1.513548
v -5.381593 -1.213884 -1.498397
v -5.084186 -0.707449 -1.559472
v -5.472746 -13.767527 -1.541912
v -0.974746 -11.978073 -1.534204
v -4.788011 -0.580135 -1.590823
v -3.668252 -8.636400 -1.472705
v -4.930417 -4.895013 -1.533115
v -4.723969 -4.911730 -1.521460
v -7.499055 -4.554073 -1.545460
v 5.477510 -9.267530 -1.311290
v -0.635825 -15.646500 -1.585816
v -5.843584 -14.659700 -1.591865
v -2.569054 -9.965800 -1.558550
v -4.751788 -4.604657 -1.536234
v -4.482141 5.412350 -1.663246
v -5.744469 -16.736849 -1.572757
v 4.795840 4.561346 -1.542799
v -4.435569 -8.235228 -1.517163
v -6.923851 11.485699 -1.538740
v -2.820960 -9.501445 -1.560258
v 9.109921 -18.050203 -1.533629
v -5.733201 -3.811564 -1.580176
v -3.224483 4.027056 -1.568661
v 4.383481 3.135992 -1.543338
v -2.555817 -19.611179 -1.534344
v 6.252363 -13.712060 -1.555744
v -5.198423 -16.197836 -1.622046
v -4.078048 -6.979285 -1.546021
v -2.570733 -9.738894 -1.561635
v 6.027189 8.145173 -1.568036
v -3.957565 -5.879125 -1.553605
v -2.578901 -20.078560 -1.516019
v -2.792335 3.795642 -1.633623
v -0.829831 -12.230169 -1.535415
v 5.962363 5.481314 -1.577961
v -3.711517 -11.262206 -1.583479
v -3.761374 4.455161 -1.552395
v 6.551076 -10.539749 -1.711185
v -4.629419 -4.367771 -1.577930
v -8.081090 -5.049061 -1.576541
v 5.884645 8.077755 -1.715347
v -5.321148 -3.365087 -1.594079
v -4.971847 -15.999929 -1.620299
v -3.886889 -7.044380 -1.586530
v -0.906013 -14.021994 -1.599823
v -0.725392 -13.913295 -1.661841
v -6.017724 -18.818521 -1.504213
v -4.342335 -7.980426 -1.617453
v -3.325418 -20.930401 -1.570410
v 5.761799 0.411505 -1.615417
v -0.624044 -12.714771 -1.592378
v -1.392921 -11.442150 -1.611940
v -2.299149 -9.984610 -1.587935
v -1.450623 -15.618445 -1.647454
v -1.328455 -13.163406 -1.509908
v -6.412811 -4.351469 -1.588756
v -5.845119 -21.019800 -1.577780
v -5.208077 -13.209699 -1.605064
v -6.542330 8.922909 -1.578720
v -5.374250 -2.669441 -1.579640
v 6.154851 -5.373454 -1.500708
v -3.749264 -5.934006 -1.586915
v -4.921432 -4.388008 -1.614777
v -3.602200 -6.795410 -1.749139
v -5.777867 -18.394577 -1.583440
v 9.425730 -19.415293 -1.701876
v -0.727334 -12.466984 -1.571056
v -4.755580 5.595619 -1.807741
v -2.197173 -16.077332 -1.608941
v -3.850586 -8.245971 -1.595755
v -2.573644 -16.457048 -1.623010
v 6.620811 13.458710 -1.460832
v 4.149350 4.060010 -1.588460
v -5.074901 -4.801390 -1.650515
v -4.753018 -5.199839 -1.598054
v -5.257784 -1.890218 -1.608372
v -6.114085 -20.831116 -1.493021
v -8.936522 -6.856961 -1.559112
v -5.318886 -3.164091 -1.572056
v -3.294807 -0.018818 -1.662152
v 0.411474 -20.402010 -1.621342
v -4.324135 -5.893365 -1.623212
v 6.814621 -12.328899 -1.597930
v -5.042527 -15.124961 -1.669965
v 9.566056 -20.013306 -1.594459
v 7.566547 -2.022846 -1.488579
v -7.824424 -4.835154 -1.651091
v -4.934226 -13.636506 -1.682471
v -6.064626 -19.083490 -1.575971
v -1.630386 -12.352256 -1.618757
v 4.852468 2.162665 -1.705756
v -5.009793 -4.570051 -1.619897
v -5.466630 -3.745651 -1.601720
v -5.430069 -8.721039 -1.645411
v -4.342461 -6.994603 -1.653964
v 5.493745 -14.962195 -1.651921
v -5.919861 -14.448772 -1.524754
v -6.685099 -4.370184 -1.642644
v -4.222449 -15.667500 -1.606300
v 5.771970 5.045681 -1.648705
v 6.473782 -10.159899 -1.698957
v -5.403755 -2.561821 -1.648070
v 5.518800 0.926234 -1.639450
v -3.361332 -10.553087 -1.641919
v -2.945721 -9.293944 -1.646281
v -5.257554 -2.178713 -1.660923
v 5.255485 4.835564 -1.601491
v -7.812657 -8.512731 -1.487720
v -4.531298 -4.594074 -1.632446
v 8.461651 -17.763971 -1.682392
v -5.418835 -3.694207 -1.640376
v -6.994070 10.176629 -1.728268
v -3.914117 -7.926191 -1.659409
v 9.457053 -20.367268 -1.589586
v 5.099070 -6.702123 -1.758932
v 5.663194 6.256606 -1.664753
v 0.609972 -20.636400 -1.627200
v -4.367399 -15.773049 -1.574980
v -4.363641 -4.372053 -1.897257
v -5.789576 -14.392049 -1.669106
v 5.162840 -7.699580 -1.627306
v -4.089588 -7.682884 -1.640947
v -5.994243 -4.017176 -1.608081
v -7.265203 -4.529312 -1.696317
v -2.528055 3.570716 -1.622661
v 5.367486 1.747953 -1.659119
v -4.087103 -5.735657 -1.643817
v -3.593695 -6.111226 -1.672203
v 1.650451 16.404966 -1.620663
v -4.645300 -8.112535 -1.691620
v 5.524161 1.273488 -1.578942
v 0.419333 -16.244560 -1.537089
v 7.309148 -4.173895 -1.681941
v 0.448772 -16.780268 -1.659058
v -5.699590 -14.804239 -1.635250
v -4.347751 15.225223 -1.643333
v -1.007842 -15.525208 -1.721150
v 5.657392 7.131592 -1.646842
v 7.033521 -4.545159 -1.648700
v 4.460964 2.593724 -1.601593
v -2.787037 -19.224977 -1.734716
v -5.517389 -3.878371 -1.652580
v -1.078216 -10.465450 -1.670885
v -1.928852 -10.010029 -1.681778
v 1.966297 -21.128799 -1.690025
v -5.449023 -1.542736 -1.646590
v -4.616735 -5.405483 -1.659548
v -1.499339 -10.205950 -1.663395
v -1.361586 -13.632459 -1.629416
v -1.750378 -11.880435 -1.674863
v -4.557799 -5.630008 -1.665279
v -3.836545 -5.717270 -1.670980
v -3.935592 -7.334486 -1.673337
v -5.362615 -14.114513 -1.728615
v -1.080667 -10.964305 -1.659089
v 6.044312 5.268371 -1.716903
v -0.684574 -11.422819 -1.694729
v -4.811293 -5.474197 -1.688052
v 6.831347 -11.959085 -1.619807
v -0.679186 -11.978159 -1.627534
v 5.709660 7.717771 -1.670350
v -0.580634 -13.645955 -1.905065
v 6.416324 13.842958 -1.701170
v -4.226795 -7.348019 -1.696879
v 5.609281 -16.185635 -1.650178
v 6.643281 12.979494 -1.888507
v -4.332404 -5.600091 -1.700127
v -6.993780 -4.518829 -1.739869
v -4.699471 -5.837298 -1.735210
v -0.566636 -12.241428 -1.763060
v 4.431798 6.188007 -4.014903
v 6.309961 -12.949910 -1.708847
v 4.583813 2.391156 -1.687667
v -5.520234 7.003956 -1.754987
v 0.207728 -15.959800 -1.689610
v -8.670819 -5.903626 -1.642492
v 7.123588 -17.480555 -1.693931
v -4.482157 -4.936531 -1.707401
v -5.360198 -21.069599 -1.692300
v 5.375182 -15.551795 -1.624509
v 7.209318 -1.690829 -1.692597
v -5.671422 -18.788080 -1.732389
v 0.440057 -16.435465 -1.700870
v -3.232701 -11.071795 -1.702257
v 5.589232 6.439399 -1.595741
v -5.703737 14.206086 -2.031196
v -3.959769 -15.615987 -1.747310
v -4.082418 -15.805300 -1.698340
v -6.380519 -4.793711 -1.798325
v -1.718543 -12.870918 -1.676226
v -2.959949 -10.131000 -1.700890
v -4.073739 -12.226743 -1.682150
v -4.961252 -14.035569 -1.781657
v 5.522911 4.937253 -1.623369
v -1.851149 -10.262530 -1.720247
v 6.629332 12.227013 -1.731664
v 3.874599 15.920700 -1.703330
v -4.412718 -7.716835 -1.733165
v 0.273031 -18.133221 -1.738020
v 4.046253 3.849859 -1.717224
v -1.597202 -10.754160 -1.716616
v -5.461523 -18.586477 -1.737921
v -3.640635 -5.786090 -1.715180
v -2.957077 -17.256983 -1.733914
v -3.842518 -7.653631 -1.749645
v -4.857715 -4.238740 -1.773925
v -0.843527 -10.545226 -1.707602
v 5.379711 -9.104290 -1.710620
v -8.411410 -5.524384 -1.680981
v 4.904869 15.130900 -1.711320
v -5.786892 -17.227877 -1.711723
v -5.237610 -2.004490 -1.714820
v -5.410881 -3.551605 -1.704477
v -4.469554 -5.302406 -1.733181
v 7.783531 -3.423630 -1.716450
v -2.772536 -16.224325 -1.729449
v -5.724651 -4.169275 -1.726362
v 0.405982 -17.448032 -1.673392
v -1.079774 -10.215805 -1.748014
v -2.812816 -20.366484 -1.696540
v 6.525005 -11.248965 -1.778571
v -2.883103 -16.471569 -1.735542
v -5.001858 -8.402982 -1.677782
v -4.989752 -5.184776 -1.689640
v -5.326975 -2.373495 -1.760465
v -2.121107 -9.763670 -1.740975
v -3.859960 -15.870741 -1.725639
v 6.240132 -9.625451 -1.615599
v 6.590494 -12.763987 -1.739909
v 6.206941 -14.006836 -1.680812
v -5.153664 -4.347735 -1.728296
v -6.549407 -4.754090 -1.725866
v -3.721380 15.474180 -1.543703
v 6.985754 -1.477946 -1.661408
v -1.463066 -9.953481 -1.790751
v 0.347460 16.394325 -1.751757
v -0.812537 -10.994365 -1.708585
v -5.633200 7.361014 -1.488745
v 6.078185 -14.284238 -1.772208
v -1.187083 -14.116651 -1.734071
v -5.744761 -19.176500 -1.844653
v -2.738797 -11.180583 -1.746779
v 5.784798 6.011254 -1.690028
v -6.002803 -4.344562 -1.773592
v 5.413313 1.244626 -1.820612
v 5.785674 -5.810344 -1.931828
v -5.445820 -2.930111 -1.778845
v -2.420420 -9.604233 -1.730383
v -2.096160 1.659180 -1.739340
v -5.476504 -4.052066 -1.723697
v -5.783267 -19.723097 -1.827990
v -3.572059 -15.863671 -1.767645
v 5.970840 8.365445 -1.945356
v -2.528924 -15.934752 -1.792831
v -3.008489 -10.320100 -1.742840
v -1.047146 -14.277884 -1.818703
v 4.307570 2.887548 -1.770612
v -2.978729 -18.686579 -1.751350
v -5.880729 -20.805864 -1.733800
v 5.776272 7.934289 -1.798637
v 0.358003 -16.063450 -1.780035
v -2.492887 2.205036 -1.864556
v -2.102136 -11.088619 -1.754418
v -1.973219 -15.655202 -1.787585
v -2.216121 1.974705 -1.817619
v -5.123656 -4.207248 -1.775582
v -2.389613 3.412653 -1.769030
v 5.452186 1.566594 -1.794557
v -4.556295 -7.478850 -1.847098
v -5.430871 -3.762646 -1.787085
v -3.103615 -16.232273 -1.769521
v -3.006272 -18.196470 -1.709306
v -3.145416 -11.729593 -1.796121
v -2.951527 -16.825802 -1.766090
v -4.685040 -16.028463 -1.750093
v -5.077172 6.078422 -1.854376
v -4.206756 -15.444727 -1.785515
v -5.300041 14.631551 -1.914000
v -3.629378 -16.174681 -1.783054
v 5.543621 -9.298280 -1.769390
v 6.673828 -11.591907 -1.701690
v -8.758581 -6.156334 -1.717556
v -0.671441 -10.670658 -1.770677
v -2.227056 -11.603275 -1.761557
v -5.829882 -17.608770 -1.723916
v -5.438118 -4.261827 -1.765722
v -2.151781 -12.255395 -1.792429
v 4.369508 2.714102 -1.841716
v -5.006683 -5.531890 -1.767453
v -5.667468 -14.660221 -1.795254
v -3.368669 -6.358000 -1.814361
v -5.408519 -2.585733 -1.808896
v 4.077605 3.238908 -1.983377
v -4.375579 -4.610771 -1.776910
v 7.837057 -2.780501 -1.813682
v 6.156826 5.643097 -1.820870
v 5.342880 -15.269047 -1.805731
v -3.248400 -15.991710 -1.790163
v -2.894299 -10.543900 -1.786190
v 5.999402 -5.500169 -1.786036
v -5.195449 -4.662006 -1.779484
v 0.088387 -20.079760 -1.747204
v -8.182388 -8.289806 -1.779107
v 6.249090 5.417730 -1.788080
v -3.703940 -7.903023 -1.878505
v -5.491209 -14.843100 -1.788270
v -2.248949 -10.408500 -1.789000
v 9.146132 -20.246098 -1.787995
v -8.811810 -6.721308 -1.822193
v -4.621208 -4.221112 -1.903823
v -5.289076 -4.474052 -1.803610
v -5.406751 -3.905804 -1.774997
v 5.618529 6.417750 -1.794350
v -8.864435 -7.114680 -1.741648
v -6.154034 -4.558745 -1.869210
v 7.683297 -17.486561 -1.661408
v -7.561656 -4.790702 -1.796515
v -4.397979 -12.551715 -1.708798
v 5.756739 6.305722 -1.877696
v -3.086849 -20.576796 -1.787767
v -2.569067 -9.436499 -1.830880
v 9.200860 -19.870768 -1.846665
v 4.414439 4.306870 -1.791034
v -6.431077 -8.827267 -1.829821
v -5.278716 -4.099003 -1.812644
v -1.286789 16.182322 -1.646472
v -5.147772 -5.063847 -1.785276
v 6.437190 -17.316488 -1.741125
v -4.344179 -20.973499 -1.805430
v -4.010820 -5.576134 -1.812870
v -0.366688 -15.599956 -1.808624
v -2.781934 -20.026434 -1.752379
v 6.712858 -1.301516 -1.821277
v -4.205835 -5.494895 -1.862653
v -4.352448 -16.080475 -1.805930
v -5.378129 -1.337580 -1.785319
v 5.957321 0.034873 -1.714210
v -2.878634 -15.948582 -1.826334
v -0.783652 -10.279498 -1.819118
v 7.332491 -21.143600 -1.816420
v 0.026041 -19.168770 -1.808208
v -5.428130 -3.297740 -1.807581
v 5.971646 5.783326 -1.808433
v 6.222681 -0.388740 -1.726076
v -3.466122 -16.458237 -1.865138
v -2.083914 1.788501 -1.814835
v -3.533368 -12.032925 -1.806413
v -5.867381 -20.289986 -1.792430
v -4.190391 5.063449 -1.820330
v -2.660792 -11.929869 -1.853311
v -3.183993 -16.661818 -1.855017
v -5.260731 -16.614992 -1.825679
v -5.862444 -8.867626 -1.628576
v -2.125595 -10.665290 -1.813189
v -3.399586 -0.180269 -1.886140
v -4.005837 -16.278921 -1.859078
v 4.510378 2.594575 -1.849166
v -4.751004 -6.207930 -1.825549
v 5.210204 -6.335633 -1.843901
v -0.525311 -12.586841 -1.913553
v -4.301834 -4.998951 -1.926214
v 7.433606 -2.030681 -1.856725
v -5.441010 -1.626005 -1.868205
v -6.228899 8.393697 -1.832962
v -0.012683 -19.617971 -1.840220
v -8.548304 -5.856721 -1.844714
v -8.295507 -8.096353 -1.981438
v -0.875933 -14.226700 -1.845540
v -3.648615 -7.405632 -1.935163
v -5.453938 -2.775481 -1.819310
v -4.308507 -5.315876 -1.887438
v -5.486401 -14.422387 -1.875789
v 5.694372 4.963568 -1.909253
v 7.090616 -1.476061 -1.875301
v -5.647439 -20.907200 -1.849080
v -4.388220 -13.838286 -1.867124
v 6.241384 -13.117811 -1.843002
v 6.583328 -1.079377 -1.918622
v -0.579726 -11.100606 -1.829029
v -5.081197 -4.099790 -1.904544
v -1.735882 -13.760933 -1.859506
v -2.640524 3.816661 -2.163098
v 7.800410 -3.278369 -1.858720
v 6.329706 -9.818815 -1.965850
v 8.766660 -18.256575 -1.864253
v -5.202382 -2.169000 -1.885038
v 6.845114 -11.959072 -1.917675
v -3.234643 -15.729629 -1.903850
v -3.616549 -5.637671 -1.867510
v 5.934541 -9.399590 -1.815638
v 5.117877 4.784532 -1.872771
v -4.829427 -6.710968 -1.899122
v -6.212621 13.477700 -1.871330
v 6.174485 -13.521927 -1.900193
v -5.561668 -17.856001 -1.872570
v -3.057498 -9.027493 -1.878208
v -2.236482 -12.954448 -1.871349
v 6.062470 5.163007 -1.944384
v -7.011688 -4.928834 -1.853579
v 5.582565 6.701788 -1.840532
v -5.892719 -8.683012 -2.004877
v -0.472917 -11.508977 -1.867523
v -3.667942 -13.109486 -1.898880
v 6.328609 5.322309 -1.955142
v -5.308781 -4.979773 -1.954932
v -5.429511 -4.538148 -1.868841
v -7.739089 -5.045071 -1.880640
v -8.759382 -6.409104 -1.813733
v -0.508181 -10.757838 -1.888018
v -5.241644 -5.355083 -1.894922
v 0.458374 -20.658852 -1.913001
v -0.947713 -9.830787 -2.199778
v -2.931964 -19.698757 -1.917814
v 6.385572 5.555277 -1.867802
v -5.181387 -6.237092 -1.882843
v 5.755582 7.620998 -1.954307
v 5.925349 6.184510 -1.915250
v -5.135473 -5.775575 -1.836822
v 7.501998 -3.895648 -2.007293
v -4.157399 -12.821202 -1.883707
v -0.851932 -10.067118 -1.944830
v -2.523360 -15.477158 -2.059201
v 6.759318 -12.623871 -1.923336
v -5.415753 -3.821010 -1.942324
v 6.889335 -12.190921 -1.832949
v -6.700051 -5.083193 -1.875623
v -8.043241 -5.317345 -1.912401
v -2.662400 2.418510 -1.940278
v -2.612291 -12.458903 -1.919755
v -1.755035 -9.678241 -1.962567
v -5.502450 -19.425598 -1.956357
v -5.170878 -18.762199 -1.908260
v 6.459363 -12.937357 -1.986714
v 5.357755 1.851863 -1.948546
v -7.454279 -4.960806 -1.916765
v 4.742043 4.598287 -1.907293
v 4.979020 -7.009004 -1.933179
v -7.078538 10.409408 -1.901330
v 7.976025 -17.747028 -1.896921
v -2.741510 2.627936 -1.870033
v -5.213370 -1.949670 -1.914440
v -3.824239 -12.532400 -1.915450
v -3.799878 -13.564749 -1.890388
v -5.495398 -17.199148 -1.888482
v -3.075668 -20.233664 -1.937507
v -4.811604 -18.636126 -1.961726
v 3.909551 4.007727 -1.984770
v 6.432570 -0.501381 -1.981775
v -3.191249 -13.470127 -1.937337
v -2.692306 -13.061528 -1.942997
v -6.599700 12.612149 -1.754474
v 6.055991 -21.232183 -1.855626
v -3.295234 -17.805614 -1.937422
v -8.717404 -7.049855 -1.950245
v 5.483984 -16.075731 -1.992723
v 6.461342 -0.832415 -1.896214
v -8.283094 -5.542283 -1.879734
v -5.064528 -18.502300 -1.925370
v -6.798049 -5.352760 -1.925670
v -8.705109 -7.416470 -1.866423
v 5.148801 -8.429968 -2.036274
v 5.933339 14.371762 -1.891197
v 0.310493 -16.899273 -2.032678
v 9.036461 -18.752600 -1.933150
v 6.108428 -5.237113 -1.947565
v -1.598007 -15.311283 -1.931880
v -5.332329 -14.715700 -1.988120
v -3.563159 -12.742136 -1.952231
v -3.151566 -12.290102 -1.927070
v -5.273967 -1.251951 -1.944932
v 6.761244 -1.282000 -2.041569
v -5.273182 -3.963773 -1.962843
v -8.608336 -7.700772 -1.850334
v 7.244352 -1.643802 -1.951321
v -3.058969 -19.038158 -1.929231
v 0.184143 -20.442451 -1.917581
v -0.555513 -10.277616 -1.954702
v 6.738689 -17.592808 -1.919289
v -5.391657 -4.755219 -1.963702
v -8.598365 -6.146290 -1.951134
v -4.900383 -4.064033 -2.122128
v -4.873469 -7.486523 -1.989524
v -5.523672 -5.993848 -1.944751
v -5.451510 -6.842261 -1.994034
v -2.844727 -15.653829 -1.977349
v -4.804296 5.600365 -2.021360
v 3.849219 3.762220 -1.939849
v -5.491492 -20.473682 -1.969208
v -5.478769 -3.123185 -1.955244
v -5.099433 -0.988198 -1.982970
v -7.536417 -5.292625 -1.972029
v 5.964257 -16.917906 -1.988183
v -2.388745 3.581415 -2.025133
v 5.158556 2.037242 -1.908695
v -3.821629 4.644049 -1.889762
v -3.445230 -8.636299 -1.847224
v 6.536425 -10.440310 -1.987136
v -2.204794 -9.494155 -2.001001
v -3.325051 -5.957995 -2.016767
v -5.871719 -6.406120 -1.966710
v 5.714956 7.214416 -1.944738
v 5.825394 7.908444 -2.043393
v 4.148370 4.259356 -2.037212
v -5.360854 -17.584227 -2.009127
v 6.551517 5.518606 -1.971142
v 6.271310 9.926632 -2.203980
v -5.358948 -19.054489 -2.010804
v 6.548621 5.652553 -1.997598
v -4.877241 -7.899058 -1.898454
v 5.339741 -9.180333 -2.088120
v -5.889821 -6.124734 -1.982926
v -3.366633 -18.399122 -1.948988
v -3.792952 -5.499411 -2.077369
v 5.170693 -8.912331 -2.148937
v -4.324380 -14.190170 -2.054761
v -2.340620 3.125940 -1.977410
v -4.153972 -5.402994 -2.035683
v -0.726148 -14.026086 -1.984467
v 4.887736 2.328994 -1.926456
v 2.365924 16.254021 -2.048083
v -5.053721 -14.964302 -1.972909
v 5.656603 6.556305 -1.977724
v 6.363750 5.736238 -1.993649
v -2.999949 -12.671800 -1.981520
v -5.453475 -19.964113 -1.973392
v 5.699142 -16.408089 -1.859515
v -0.012405 -15.705945 -1.976236
v 5.398139 1.686327 -2.005950
v 0.047635 -18.745050 -1.922940
v 5.797719 0.559146 -1.963734
v -3.325099 -18.891800 -2.024935
v -0.022959 -20.326969 -1.984527
v -7.094491 10.802448 -2.059470
v -4.702675 -18.809763 -2.030885
v -1.265698 -15.282392 -1.936465
v -2.296291 -13.763467 -2.063460
v -0.442938 -10.673252 -2.048982
v -6.847178 -5.756502 -1.991269
v -3.281090 -17.166393 -1.948002
v -5.577351 -8.490095 -2.009322
v -5.239165 6.478751 -2.080991
v -8.354916 -5.839130 -2.011503
v 1.147682 -21.005699 -2.002630
v -3.143826 -6.203205 -2.084685
v 6.972802 -1.440117 -2.065017
v 3.736025 3.565555 -2.185185
v -0.425709 -11.060059 -2.040156
v -4.178689 -5.223555 -2.104651
v -8.612090 -6.607118 -2.003214
v -4.517795 -0.546184 -2.027164
v -7.551861 -8.601099 -1.937936
v -0.894116 -15.248776 -2.047963
v 7.327554 -1.827995 -2.045809
v -5.376792 -5.660590 -1.966998
v -1.244289 -14.438628 -2.044477
v -6.267309 -6.275440 -2.020352
v -7.831885 -8.443908 -2.058309
v 6.362178 5.299034 -2.219100
v -5.094246 -7.240328 -2.061870
v -3.457080 4.292292 -1.935322
v -4.515220 -16.489866 -1.981709
v -6.130299 -5.988556 -2.061853
v 6.124063 6.215182 -2.059572
v -6.839409 -8.764596 -2.092335
v -6.584480 -5.514305 -2.042862
v -3.754357 -14.028894 -2.044966
v -1.944290 1.695314 -2.141588
v -2.981588 0.169336 -1.996573
v -2.241654 3.352411 -2.052248
v 6.427896 -10.172286 -2.178624
v 4.710136 2.568504 -2.082152
v -7.248275 -6.044288 -2.050681
v -3.541859 -16.858900 -2.026650
v -1.592074 -14.236258 -2.018359
v -5.239959 -14.831187 -2.029979
v -3.667959 -18.650036 -2.049448
v 6.169421 -13.905600 -2.033680
v 7.598941 -2.257902 -1.877624
v -7.007089 10.140619 -2.120943
v 7.262607 -17.836336 -2.036185
v -3.348935 -20.381475 -2.018982
v -5.420511 -2.905419 -2.060543
v 6.129568 -9.475850 -2.040294
v 6.226915 -0.079397 -1.983943
v -6.461104 -6.001505 -2.045297
v 8.639247 -19.954350 -2.147080
v -2.804516 -13.746042 -2.061723
v -7.925634 -5.536538 -2.043926
v -3.844509 -16.662340 -2.038768
v 8.387717 -18.605923 -2.136008
v -6.551803 -5.753465 -2.084408
v 8.775877 -19.082199 -2.088470
v 6.547324 13.509951 -2.094925
v -5.613066 -5.021235 -2.110739
v 5.241004 -15.435244 -2.182956
v -2.030299 1.847625 -2.020175
v 5.661221 6.939195 -2.015960
v -5.056822 -20.695379 -2.049888
v -2.275850 2.141896 -2.079337
v 5.359396 1.989525 -2.118483
v 5.823975 8.138634 -1.972692
v 1.881652 -21.156727 -2.190386
v -3.152343 -19.353329 -2.042897
v 7.999844 -18.095909 -2.071542
v -1.004706 -14.386845 -2.032210
v -5.104120 -17.075235 -2.036252
v 6.573139 -11.300328 -2.144721
v -0.446947 -10.315682 -2.132772
v 8.662633 -20.359293 -2.052224
v -4.382320 -18.622923 -2.059897
v 6.085124 -13.460279 -2.370050
v -6.188139 -4.831851 -2.072080
v -6.266599 -8.723755 -2.102351
v 6.590620 5.453331 -2.074220
v -6.436499 -6.748580 -2.089776
v -2.620304 2.615042 -2.052828
v -3.401302 -6.834270 -2.070923
v 6.273736 5.956018 -2.122056
v 6.447676 -10.939207 -2.100464
v -3.903898 -15.385877 -1.992314
v -4.002974 -18.705795 -2.081563
v -7.192443 -8.717730 -1.909838
v 6.902546 -12.409949 -2.134025
v -0.141047 -20.002445 -2.151259
v -3.636404 -0.294936 -1.985314
v 8.282022 -20.725300 -2.083860
v -4.660212 -15.154328 -2.004949
v -3.768641 -18.172373 -2.093437
v -8.142196 -5.919930 -2.102145
v -4.052026 4.902359 -2.067687
v -3.110027 -15.437423 -2.150045
v 6.428725 -17.653826 -2.167114
v 7.699100 -2.547059 -2.029959
v -5.294034 -1.471910 -2.126610
v -4.161076 -18.363964 -2.128492
v -3.440009 -5.524798 -2.323657
v -1.981980 1.515490 -2.096950
v 5.633435 5.018962 -2.260659
v -4.995851 6.046395 -2.162357
v -1.450409 -14.915418 -2.116538
v -2.517252 2.353064 -2.075951
v 5.712900 6.730460 -2.136145
v -7.995964 -8.304935 -2.134460
v -6.042059 -4.848381 -2.103490
v -1.184065 -15.014837 -2.113868
v -4.700868 -16.824787 -2.080740
v -3.921168 -20.577299 -2.105780
v -3.309315 -19.585173 -2.119834
v -8.410967 -7.841553 -2.039103
v -4.956547 -18.960081 -2.117319
v -1.536007 -14.481991 -2.113196
v 6.566536 5.805055 -2.158625
v -3.744665 -17.181236 -2.122609
v -5.023535 -17.940678 -2.071990
v 6.122992 5.192800 -2.337813
v -2.106760 1.245480 -2.116160
v 6.690346 -17.909760 -2.223942
v -8.447049 -7.573352 -2.100514
v 5.313291 1.493464 -2.109745
v -5.085343 -19.303921 -2.099871
v 5.809771 8.227121 -2.208606
v -1.984842 -14.126893 -2.097933
v -4.726127 14.957926 -2.224317
v -4.215905 -18.876894 -2.139086
v -3.636395 -20.394068 -2.136173
v -1.838586 -15.095530 -2.106122
v 6.237137 -13.169648 -2.245155
v 5.510240 -14.862907 -2.044936
v -4.019898 -16.942900 -2.137220
v -5.275980 -7.740270 -2.164497
v 5.295933 -15.153296 -2.099891
v -5.937928 13.820201 -2.198753
v -0.462949 -15.367028 -2.092151
v 4.477202 4.583323 -2.259895
v -5.034953 -17.566769 -2.119508
v 5.885115 7.738935 -2.212620
v -1.330050 -14.604054 -2.136092
v -6.952545 11.409267 -2.200257
v -4.392159 -20.572100 -2.145090
v 5.813130 -9.306130 -2.145160
v 6.045496 0.238858 -2.055174
v 5.337190 -15.788762 -2.191808
v -8.397223 -6.421658 -2.113654
v 0.075653 -15.668756 -2.352674
v -3.490654 -19.277704 -2.153376
v 6.696270 5.612811 -2.150110
v -4.404981 5.125460 -2.151510
v -5.686604 -7.438515 -2.181361
v -4.777843 -19.950750 -2.180578
v -1.521209 -14.699778 -2.166749
v 5.831824 6.498523 -2.118199
v -5.502727 -3.522642 -2.111920
v -1.217987 -14.778902 -2.179797
v -0.583997 -10.008757 -2.139555
v -3.578413 -19.929018 -2.183618
v 5.151973 2.296341 -2.124069
v -2.534112 0.691121 -2.064993
v 5.795013 -14.529573 -2.084342
v 6.143538 14.046240 -2.238067
v -5.771791 7.666729 -2.169250
v 0.159512 -17.382605 -2.199843
v 6.026006 -14.128986 -2.247357
v -6.208092 -5.151175 -2.193909
v -4.814184 -14.881618 -2.190761
v 6.370065 -10.523164 -2.457374
v -5.460926 -3.276304 -2.174099
v -4.859830 -14.667884 -2.175021
v -4.774959 -20.319500 -2.175830
v -0.109587 -19.125082 -2.177614
v -5.764400 -5.818531 -2.178620
v -2.179392 3.487068 -2.272679
v -6.406552 -5.321831 -2.131241
v 4.359904 2.684424 -2.215614
v -0.413960 -10.400251 -2.368917
v -5.583066 7.314199 -2.237073
v -0.084190 -18.453611 -2.207385
v -3.540500 -8.177124 -2.020671
v -4.643054 -14.468377 -2.149004
v -6.123225 -8.552401 -2.269818
v -4.619369 -18.155146 -2.142787
v -2.531369 2.487372 -2.192820
v -0.183592 -19.605156 -2.241703
v -8.076073 -6.861250 -2.245911
v 4.068809 15.744800 -2.187740
v -4.648523 -19.527872 -2.193090
v -4.787769 -0.751837 -2.108772
v -4.702593 -17.294806 -2.185338
v 6.967344 -1.458439 -2.272954
v 4.914615 -6.382826 -2.226006
v -7.087661 10.565949 -2.227930
v 5.885723 7.963475 -2.239753
v 5.099366 4.861524 -2.173177
v -4.556289 -17.786449 -2.212020
v -3.251071 -5.689035 -2.186581
v 0.005609 -18.000694 -2.173146
v 6.388531 6.267301 -2.295445
v 6.370824 10.827869 -2.364014
v 5.771189 7.049865 -2.153268
v -1.762345 -14.820796 -2.211247
v -4.215527 -17.407845 -2.207385
v -6.808255 11.953608 -2.412600
v -0.374195 -11.811794 -2.149056
v -4.546178 -19.003044 -2.200143
v -6.599143 -8.755262 -2.202884
v -1.078498 -14.630656 -2.220849
v 6.034475 6.539530 -2.257370
v -7.615533 -8.534289 -2.156186
v -2.378367 -14.255455 -2.184142
v -6.328700 -5.658801 -2.215540
v -0.952903 -14.488993 -2.231771
v -3.925675 -20.125006 -2.229803
v -3.839978 -19.139057 -2.204572
v -5.597625 -5.592721 -2.209537
v -8.317692 -7.073366 -2.164292
v -0.554962 -9.860331 -2.324530
v -3.889456 -19.577826 -2.222850
v -4.142127 -17.919155 -2.205688
v -5.184258 -1.759743 -2.315208
v 5.455836 -9.257177 -2.405381
v -1.810038 -14.630839 -2.236534
v -4.274881 -20.235985 -2.227710
v -4.716879 -19.200331 -2.197532
v -4.311586 -15.181862 -2.167786
v -4.268857 -19.725143 -2.225447
v 1.008631 16.325405 -2.233006
v -2.470414 -9.229935 -2.240472
v -4.383143 -0.653768 -2.419029
v -1.941080 1.956660 -2.228020
v -0.355220 -10.865990 -2.312625
v 5.401168 1.782421 -2.194893
v -3.382815 -7.849071 -2.307700
v 7.576970 -3.288197 -2.484949
v 6.758715 -4.670714 -2.296550
v 6.179965 -17.396763 -2.281078
v -4.157928 15.275785 -2.125834
v -0.484794 16.254263 -2.099725
v -3.273649 -8.427820 -2.235890
v -3.664235 -15.247109 -2.220108
v 5.319308 1.299765 -2.238256
v 3.503359 15.976500 -2.237400
v -2.012335 3.307702 -2.343529
v -3.534186 -14.515849 -2.259947
v -2.448051 2.704320 -2.212493
v -4.298365 -19.270298 -2.232552
v 4.688972 -7.026441 -2.417686
v -4.544447 5.273511 -2.209829
v 5.909269 -5.354566 -2.198469
v -5.650819 -8.125200 -2.241200
v 5.561627 0.896166 -2.192456
v 7.344211 -1.773251 -2.227837
v -4.520741 -4.147271 -2.192205
v 5.160214 -6.042790 -2.235696
v -8.109556 -8.038906 -2.251596
v 7.103990 -18.206142 -2.325450
v -0.344358 -11.374308 -2.216990
v 4.810423 -6.701655 -2.235992
v -6.277998 -5.469348 -2.249247
v 5.916772 0.548273 -2.336720
v -2.876071 -14.257471 -2.206207
v -4.597709 -15.010900 -2.257300
v -0.986248 -14.851036 -2.264480
v -4.237096 -4.235678 -2.296438
v -4.093632 -0.441953 -2.210695
v -5.989029 -5.717391 -2.259530
v -3.997901 -4.861097 -2.316002
v -5.262950 -1.284080 -2.303995
v -1.764480 1.748942 -2.311038
v 6.849941 -12.214633 -2.397083
v 0.369602 -20.742821 -2.340276
v -3.984655 -15.157868 -2.215961
v -4.083978 -14.432234 -2.217961
v 8.330732 -20.377600 -2.269920
v -5.333215 -3.158740 -2.377542
v 6.277960 0.082329 -2.304370
v 0.102349 3.467362 4.551525
v -0.825023 -14.259027 -2.252202
v 5.736904 -5.615253 -2.263824
v 7.394219 -2.090521 -2.181041
v -3.168256 4.172400 -2.413394
v -3.026184 -5.810489 -2.347806
v 6.621947 6.161062 -2.468915
v -5.974420 -8.115780 -2.313965
v -3.086069 -0.079978 -2.337875
v 5.940274 6.747787 -2.297123
v -1.836024 15.971288 -2.295557
v -3.751504 4.615063 -2.253361
v 6.265975 6.447263 -2.280877
v -5.935180 -8.353062 -2.271504
v -0.434951 -10.101786 -2.267047
v -5.194938 -1.540337 -2.323802
v -4.081047 -4.483394 -2.273040
v 8.520831 -4.679396 3.844383
v 3.906457 3.045227 -2.368811
v 7.250550 -1.602619 -2.298080
v -4.957690 -2.120681 -2.298520
v -2.935612 -6.383712 -2.305891
v -7.790208 -8.354857 -2.286877
v -6.344043 -8.667377 -2.269990
v -4.606289 -14.914108 -2.295425
v -6.018370 -5.541891 -2.300400
v -0.739599 -15.054989 -2.263346
v -5.468329 -3.579591 -2.303940
v -4.218441 -14.978910 -2.309473
v -1.816846 1.507037 -2.316118
v -5.035655 -2.299472 -2.172464
v 5.942710 8.816546 -2.230565
v -8.070184 -7.738126 -2.307506
v -0.037387 -20.358994 -2.355976
v 6.369979 -4.969656 -2.191559
v -4.038334 -5.288693 -2.302342
v 5.913157 7.224566 -2.281467
v -7.189766 -7.080107 -2.217198
v -2.092918 -14.564027 -2.304446
v -3.779004 -15.025680 -2.331336
v -7.307139 -8.624810 -2.322711
v -3.380936 -0.252443 -2.298691
v -6.539119 12.607555 -2.378990
v 6.064617 -5.122968 -2.382841
v -6.924481 -8.637402 -2.334167
v -2.304068 2.318946 -2.294611
v -3.302167 -15.218073 -2.341651
v 6.700107 -1.028888 -2.543893
v 6.083953 -13.753927 -2.288141
v -5.369474 -3.728754 -2.293443
v 5.350445 2.257370 -2.319533
v 7.650726 -2.846207 -2.328874
v 6.598513 12.545467 -2.411972
v 5.437146 2.067354 -2.294470
v -3.834860 -14.808272 -2.348579
v 6.745451 -12.752799 -2.347030
v -2.922993 -15.242140 -2.351277
v -2.068429 -14.817500 -2.351510
v 5.500900 -5.783030 -2.351970
v -0.221202 -15.325592 -2.364580
v -1.609305 1.861044 -2.425472
v -0.117570 -18.757250 -2.569841
v -4.740760 -4.000440 -2.424388
v 7.629807 -20.752487 -2.377437
v 5.850300 7.441719 -2.230400
v -0.510601 -15.096037 -2.381847
v -2.580248 -14.596100 -2.361784
v -3.037406 -14.684840 -2.333514
v 3.423353 3.842878 -2.460457
v 5.199812 2.397452 -2.357732
v -6.331980 -7.644283 -2.273676
v -7.564628 -8.462518 -2.340500
v -0.888190 -14.612905 -2.379965
v 6.378365 -9.992917 -2.417950
v -4.630984 5.435077 -2.333958
v -2.344578 2.574744 -2.367538
v -2.364574 -15.019414 -2.377379
v -6.467810 -8.589681 -2.381870
v -4.760483 -2.213880 -2.488042
v -4.302801 5.031809 -2.383140
v 6.393733 -18.076483 -2.555571
v 6.814883 -1.330090 -2.477788
v 6.843222 5.648537 -2.551031
v 5.389053 -21.162745 -2.454659
v -1.974690 3.141830 -2.391140
v -3.510153 -15.023667 -2.386194
v 6.627974 5.470095 -2.455368
v -3.725106 -0.361504 -2.314062
v 6.544368 13.005193 -2.578924
v 3.863782 4.343376 -2.448356
v -4.749963 5.728862 -2.427508
v -5.310485 6.922292 -2.494778
v 7.414629 -3.985816 -2.387980
v -5.234127 -1.374674 -2.406093
v 6.535249 11.840388 -2.452320
v 5.336957 4.992327 -2.379498
v -6.957360 10.158961 -2.530330
v -3.381274 -14.806720 -2.371561
v -2.201657 2.879654 -2.328524
v -5.119373 -3.893230 -2.288484
v -2.662876 -15.115000 -2.395452
v 6.844350 -12.590497 -2.193093
v -7.660293 -8.190407 -2.402387
v 7.500968 -2.396998 -2.383140
v -0.770085 -14.812524 -2.431165
v -0.085117 -17.912041 -2.537737
v -3.152349 -15.039750 -2.416275
v 6.131621 6.871434 -2.372958
v -0.689888 -13.985405 -2.438200
v -7.478230 -7.921909 -2.416682
v 5.479960 1.936980 -2.418960
v -1.781124 1.239084 -2.458777
v -3.503524 15.505812 -2.289768
v -2.327846 -14.736892 -2.410246
v 4.340727 15.397511 -2.396632
v -6.701053 -8.081078 -2.390072
v -0.218830 -19.384815 -2.602783
v 7.286903 -18.727772 -2.517783
v -3.906111 -4.179017 -2.580922
v -5.005788 -0.985034 -2.341644
v -5.165009 -1.140789 -2.399099
v -7.019732 10.914722 -2.460185
v -2.814260 -6.672861 -2.581722
v -4.178648 -4.045600 -2.563786
v -7.356259 -8.429551 -2.441590
v -0.357743 -9.981063 -2.419080
v 5.852659 -9.374936 -2.500867
v 5.532360 -5.555396 -2.557490
v 6.883781 -12.467699 -2.448650
v 7.811311 -18.921700 -2.398938
v -2.802521 -6.051263 -2.485518
v 6.016155 7.712282 -2.468861
v 6.408736 6.642610 -2.431319
v -1.981635 3.470676 -2.589059
v -6.228431 8.415871 -2.383801
v -1.170169 -9.577662 -2.481862
v -3.054787 -5.561752 -2.494817
v 5.318393 -14.959716 -2.457272
v 4.877870 4.918510 -2.477420
v -2.581919 -14.905100 -2.468030
v 4.849614 2.542231 -2.483469
v -2.821062 -8.800202 -2.380445
v 4.000632 2.808249 -2.318652
v -0.298166 -11.628637 -2.496957
v 6.303535 -13.092467 -2.586526
v -1.724237 2.063709 -2.507676
v -0.805327 -14.377439 -2.518340
v 5.375693 1.738907 -2.453848
v 6.972736 5.862820 -2.553353
v -4.049647 4.872685 -2.525417
v -2.198470 2.439540 -2.486930
v 6.252956 -9.736150 -2.536825
v -4.290339 5.170849 -2.575669
v 5.713311 -5.361200 -2.520652
v -0.467796 -12.405790 -2.401868
v -2.664993 -6.279488 -2.538131
v -3.772964 -4.481046 -2.570930
v 5.294137 1.502401 -2.420178
v -5.178094 -1.225918 -2.504011
v 7.388165 -2.115128 -2.581690
v -6.958476 10.544558 -2.724023
v 6.654046 -11.813869 -2.723613
v -4.819679 -2.010560 -2.546570
v 5.861732 8.472851 -2.427269
v 6.305866 7.154512 -2.583148
v -1.509763 1.976761 -2.551251
v -0.504871 -13.539591 -2.529686
v 5.129203 -9.136698 -2.617414
v 5.369614 1.271912 -2.643072
v -1.849083 2.260388 -2.613073
v -1.518834 1.592781 -2.513375
v 6.773956 -18.397907 -2.538690
v -4.439517 -3.989944 -2.598263
v 5.435731 2.162782 -2.525476
v 5.885927 -5.197475 -2.496263
v 6.417989 6.923095 -2.550330
v -5.061830 -1.527251 -2.511136
v -3.576374 -0.405968 -2.552442
v 7.363299 -1.858668 -2.599514
v 5.953899 0.480275 -2.699268
v 6.091022 7.330204 -2.524261
v -4.798259 -0.949439 -2.537992
v -0.584808 -14.880208 -2.557136
v 7.750317 -20.346977 -2.523468
v 5.909567 8.075806 -2.552055
v 7.105206 -4.330455 -2.477998
v 1.739889 16.207809 -2.582634
v -2.150982 -8.930932 -2.773521
v -6.658805 9.211054 -2.591230
v -1.999618 2.739576 -2.633614
v -5.043539 -1.112113 -2.555466
v -0.776741 -14.568300 -2.567969
v -3.932431 -0.506592 -2.612169
v 6.037380 7.941630 -2.570230
v -4.503867 15.002678 -2.561475
v -4.666534 6.010381 -2.734207
v 3.722257 2.943588 -2.608965
v -0.363546 -10.199335 -2.552809
v -1.786974 3.265249 -2.663906
v 3.779577 -21.163013 -2.575781
v 0.838848 -21.010557 -2.785115
v 5.148599 5.107337 -2.610845
v 1.776141 -21.150967 -2.715522
v 6.057656 -13.379936 -2.646979
v -1.267817 1.829561 -2.647728
v -0.337345 -9.809373 -2.549683
v 6.965240 6.064430 -2.584366
v -4.685718 -2.500384 -2.620100
v 6.374265 13.522234 -2.595996
v 3.708950 3.275150 -2.590780
v -1.827332 -9.310199 -2.546342
v 6.493509 -0.537292 -2.709265
v 5.507530 1.050763 -2.498215
v -4.982236 -1.806706 -2.597814
v -4.475449 -2.069879 -2.722522
v -2.770750 -5.652720 -2.598970
v 5.795108 8.247525 -2.528524
v 5.458860 2.020411 -2.636145
v -3.714740 4.644000 -2.602350
v 5.469880 -16.351170 -2.365158
v 6.765591 -12.681699 -2.608750
v 3.710423 3.109257 -2.630074
v 6.754095 -12.459167 -2.906524
v 0.402979 -20.854383 -2.803439
v 7.254811 -20.714100 -2.613390
v 6.141850 7.568730 -2.705005
v 6.005805 -9.546315 -2.712673
v 3.532659 4.102906 -2.485983
v -2.328337 3.665624 -2.391236
v -3.707880 -5.357070 -2.626130
v -2.773257 -5.526066 -2.743840
v -0.332678 -12.007889 -2.627348
v 6.985564 -1.518434 -2.660737
v -0.127489 -15.294342 -2.768800
v 4.922920 5.181429 -2.697347
v -3.451369 4.389163 -2.611231
v 0.366768 -16.148201 -2.578953
v -5.057084 -1.304489 -2.611193
v -5.384956 14.340600 -2.741260
v 2.605838 -21.160597 -2.712378
v 2.482792 16.070677 -2.703164
v -6.261711 13.004525 -2.791520
v -3.053400 -7.250840 -2.628027
v 5.035237 -5.860051 -2.605348
v 6.337724 -10.278844 -2.638320
v -6.922476 11.223498 -2.729750
v -3.036383 -8.002153 -2.621174
v 3.830161 2.780253 -2.605181
v 6.680438 6.434600 -2.636069
v -5.274440 -3.517451 -2.617411
v 5.496097 5.169773 -2.756478
v -3.205105 -0.329007 -2.712470
v -4.404233 -2.372004 -2.836859
v -2.557948 -5.990283 -2.695968
v -3.682229 -5.193050 -2.671266
v 1.311241 -21.104984 -2.555752
v -1.445302 1.224579 -2.723874
v -4.395720 -0.852154 -2.685871
v 0.026415 -20.605146 -2.918423
v 6.249044 7.827765 -2.738990
v 7.337706 -2.284209 -2.826740
v -4.847804 -1.130995 -2.682762
v -2.779312 -8.475127 -2.630402
v 5.847499 -17.156042 -2.649940
v -0.256199 -11.186323 -2.577682
v -0.224383 -9.973010 -2.684430
v 7.364871 -3.926009 -2.687430
v 4.722478 -6.141002 -2.651639
v -1.089195 16.061892 -2.599447
v 5.825048 8.519019 -2.812910
v 4.939860 -8.958550 -2.695140
v 5.453382 14.626492 -2.433908
v -5.679872 7.667403 -2.816151
v 5.296103 2.337539 -2.716601
v 7.154820 -19.305483 -2.746191
v -3.476083 -0.434984 -2.736471
v 6.987403 6.364739 -2.806755
v 6.268886 -9.992775 -2.786489
v -2.408950 -6.323370 -2.706560
v 4.909251 2.479739 -2.822010
v 5.275040 1.461364 -2.673168
v 7.743383 -19.804039 -2.554901
v 6.729897 -1.321302 -2.894778
v 6.047905 -17.789677 -2.839602
v -1.356205 2.120558 -2.802396
v -0.230571 -10.891463 -2.753242
v 7.378861 -20.376801 -2.715870
v 3.244486 3.708511 -2.736574
v -2.511952 -6.548334 -2.770991
v 6.813357 5.623163 -2.876515
v -0.610754 -14.689080 -2.774634
v -2.287356 0.452222 -2.641837
v 4.645441 5.047469 -2.753570
v -6.801831 11.765849 -2.748690
v -1.122180 1.580060 -2.730275
v -3.450429 -5.350920 -2.807880
v -6.053367 13.462000 -2.647455
v 4.554395 2.576084 -2.780778
v 5.954597 -5.000542 -2.714598
v -4.837636 -1.370535 -2.751594
v 5.905557 8.114523 -2.844832
v 5.379294 2.153733 -2.784436
v 5.741627 0.816731 -2.633152
v 3.730209 15.786800 -2.726850
v -0.776547 -9.408147 -2.824444
v -0.180882 -11.514354 -2.796405
v 5.469197 -9.258271 -2.740434
v -3.733628 -0.576303 -2.781108
v 5.368066 -5.347290 -2.882751
v 5.728020 8.319290 -2.740380
v 0.019715 -17.283983 -2.753517
v -0.301439 -12.183474 -2.931487
v -0.688833 -14.125635 -2.769346
v -2.288660 -6.216640 -2.747630
v 0.242756 16.175543 -2.738895
v -0.356577 -10.298922 -2.787095
v 7.441156 -3.007328 -2.760623
v -2.513494 3.834189 -2.757595
v -1.811899 3.026595 -2.715716
v 5.667179 -9.357253 -2.919277
v -4.820461 -3.834740 -2.767515
v -0.391134 -9.638856 -2.748608
v 7.115121 6.095202 -2.796072
v 5.095710 -15.238995 -2.650008
v -2.639854 15.694056 -2.654332
v -3.952693 5.418884 -3.207634
v 6.853305 -18.942612 -2.783853
v -2.815914 -0.058691 -2.749384
v 3.230881 3.986989 -2.767911
v 6.233921 -10.950536 -2.911472
v 7.280070 -1.769399 -2.766780
v 6.539537 -20.880562 -2.749323
v 3.423470 3.008338 -2.850071
v -0.414693 -14.936167 -2.862992
v -1.688571 2.550567 -2.892740
v 6.117858 7.992273 -2.777299
v -5.077760 -3.700330 -2.781000
v -0.117058 -18.195681 -2.897687
v 4.769584 -8.981436 -2.953749
v -0.923828 1.879055 -2.873190
v -4.071778 15.197308 -2.689338
v 4.451062 -7.199772 -2.793622
v 7.375032 -2.610007 -2.766389
v 4.404378 -6.558365 -2.806092
v -2.518961 -7.780671 -3.047593
v 6.526190 -4.756589 -2.788310
v 5.889153 -13.840429 -2.754474
v 3.460579 3.302193 -2.804015
v -3.193270 4.243841 -2.824398
v -4.051398 -0.719461 -2.828660
v -0.676568 -14.380016 -2.915087
v -0.127424 -9.766108 -2.886222
v -4.578779 -1.119021 -2.797762
v 5.615569 -5.099926 -2.836824
v -0.318404 -10.465825 -2.831383
v 3.879471 2.680440 -2.845748
v 3.535840 2.831405 -2.809879
v 6.506659 -12.895221 -2.713966
v 6.510173 7.102617 -2.847548
v 0.336576 -16.040728 -2.978349
v -0.397837 -13.227001 -2.811505
v 6.186366 -4.867142 -2.821393
v -3.456621 -4.516120 -2.886251
v 6.279700 0.003874 -2.815800
v 7.067518 5.925644 -2.901750
v -0.395596 -12.825777 -2.781168
v 7.158983 -20.233679 -2.829336
v -6.762505 9.620169 -2.802721
v 6.026334 0.287111 -3.031756
v -3.452380 4.539814 -2.863834
v 0.172351 -15.732852 -2.805061
v 6.044701 9.432561 -2.614536
v -0.173601 -20.299925 -2.945456
v 6.273883 7.371349 -2.812564
v -3.550624 -0.525926 -2.879707
v -0.204012 -19.157314 -2.997227
v -0.270157 -19.900101 -2.844700
v -5.023739 6.772119 -2.944716
v 6.421341 13.138648 -3.082831
v 4.911010 5.402946 -2.870010
v 3.084873 3.831180 -2.887099
v 7.337722 -2.032172 -2.902066
v 3.730026 4.603403 -3.045879
v -4.819250 -1.656528 -2.825485
v -0.541819 -13.807956 -2.903692
v -2.520387 -5.690212 -2.814090
v 5.218008 1.374615 -2.972004
v 6.200402 -10.609822 -2.911477
v 5.092709 1.605393 -3.037595
v -2.183963 -6.177006 -2.883253
v -3.592013 -4.927893 -2.733440
v -5.084645 -3.228093 -2.710738
v 5.176315 -9.195681 -2.977465
v 3.020352 2.501722 -2.888241
v 5.743226 8.225233 -2.828303
v 6.369231 7.903682 -2.926122
v -2.355799 -5.902418 -2.864227
v 3.439397 4.328690 -2.937357
v 5.493145 1.110642 -2.897367
v 4.752659 5.389310 -2.889240
v 6.187792 8.028233 -3.087223
v -8.750656 -6.354653 1.870657
v 5.887092 -13.484998 -2.962815
v 6.837883 -4.463017 -2.910046
v 7.075067 -4.254929 -2.874780
v -1.843154 0.690094 -2.841058
v -4.960175 -3.511270 -2.982040
v 6.840065 -20.448473 -2.923748
v 6.499387 -0.898843 -3.081766
v -0.933345 1.330446 -2.947682
v -1.574017 2.906534 -3.023986
v 3.359793 2.679990 -2.905884
v 5.064377 -5.665184 -2.892991
v -0.024629 -9.464657 -3.135835
v -2.336851 -5.626455 -2.915364
v 2.963510 2.619160 -2.919230
v 4.610716 -7.958415 -2.827886
v -3.144989 -5.391329 -2.921874
v 4.972620 -9.155109 -2.906930
v 3.135437 15.901464 -2.905483
v -0.219029 -10.146070 -3.019537
v 6.790246 -19.995649 -3.030810
v 5.016344 -15.558048 -2.878881
v 5.245566 1.731760 -2.801929
v -5.538571 14.117400 -2.937030
v 7.300851 -3.682277 -2.953507
v 3.161522 2.756622 -2.937894
v 5.953512 -4.701273 -3.023524
v 5.264781 1.980538 -2.960483
v -4.633470 -1.725890 -2.943100
v 3.636365 2.650331 -3.018086
v 6.779582 6.923949 -2.972627
v 6.954198 5.802736 -3.128812
v 6.225302 -18.330008 -2.910291
v 4.555480 -5.948179 -3.001345
v 6.351160 7.493180 -2.949470
v -6.612630 9.275109 -2.949790
v -4.317133 6.064842 -3.331969
v -2.172111 -6.427497 -2.946048
v -3.658744 4.943252 -3.039894
v 3.287510 2.450920 -2.956060
v 4.202213 4.848368 -2.924335
v -0.116614 -18.707422 -2.961292
v 7.378395 -3.349953 -2.868531
v -2.876250 4.035690 -2.961190
v 3.083765 2.304286 -3.061414
v -1.993007 3.601438 -3.039320
v -3.419546 -0.405804 -2.947280
v -2.216550 -5.689680 -2.967750
v -1.035467 2.185089 -3.060023
v 6.544509 5.418711 -2.974410
v -4.100810 -2.008340 -2.974760
v -2.369080 -5.506241 -3.040988
v -3.796906 -0.832313 -2.973600
v -4.067606 -3.850652 -3.004922
v -2.176848 -6.042458 -2.993925
v 5.995686 -9.791489 -3.065485
v 5.394040 -16.710577 -2.969097
v -6.314458 8.699839 -2.942810
v 3.291044 3.239806 -2.989470
v -0.129387 -11.839172 -2.984902
v 6.379920 11.436162 -3.103791
v 5.191681 2.150532 -3.077153
v 5.792079 0.737212 -3.010760
v -4.477925 -3.841526 -2.957843
v 4.531020 5.185783 -2.984591
v 6.458526 -18.770329 -2.932949
v 4.284466 -6.228063 -3.071108
v -4.931614 -3.656683 -2.972927
v 2.780950 2.498700 -3.004770
v 5.738178 -4.865789 -3.002019
v -3.591810 -0.741482 -3.075654
v 5.082357 -16.122517 -3.002928
v -2.177143 -8.559784 -3.037837
v -2.560890 -5.524633 -2.966154
v -3.005860 -0.260304 -3.013250
v 6.296721 -4.692890 -3.049040
v -2.484199 -6.910278 -2.986480
v 6.631500 7.615341 -3.069140
v -0.648694 1.525865 -3.033968
v -1.626644 3.188680 -2.957541
v 3.476787 2.526807 -3.046550
v 4.090529 -6.903011 -3.118864
v -2.456364 -8.199568 -2.991278
v -4.794535 -3.132516 -2.957173
v 6.283931 -12.966747 -3.044627
v 5.709798 8.208006 -3.077559
v 6.469588 12.774685 -3.185240
v -3.514950 -3.994930 -3.026920
v 5.706276 8.404743 -3.037713
v 6.213284 13.521806 -3.005211
v -4.527308 14.830604 -2.939496
v 5.107464 -5.389707 -3.160173
v -4.093627 -1.814231 -3.023587
v -0.256270 -15.081432 -3.245501
v 3.120846 4.079339 -2.967550
v -0.635025 1.807305 -3.003696
v 7.175987 6.366477 -2.978721
v -6.743946 11.593699 -3.063800
v 6.430854 -19.326349 -3.140383
v -5.976427 8.233849 -3.109992
v -4.147845 -2.494096 -3.064617
v -3.892926 -1.902793 -3.032212
v -1.676070 3.390960 -3.046180
v 0.105453 -16.736300 -3.048140
v -6.847258 10.952810 -3.056319
v -4.709712 -3.762144 -2.993929
v -2.381729 -7.305677 -3.136443
v 3.267640 2.299240 -3.051300
v 6.189562 -10.267660 -3.071778
v 6.668772 7.285074 -3.081144
v -5.866463 13.466146 -3.142074
v -4.544874 -1.568902 -3.036722
v -3.116899 -4.610218 -3.176068
v 5.382236 -5.083369 -3.123232
v 5.792036 8.781791 -3.152110
v -0.191823 -10.371324 -3.114358
v 2.842957 3.678900 -3.104695
v -4.293971 -1.077164 -2.972692
v 6.609975 7.753709 -3.088410
v 0.226416 -15.662785 -3.275750
v -3.672055 -3.849188 -3.143414
v -3.562768 -1.628191 -3.074572
v 4.775231 -9.174664 -3.101920
v 6.452888 -20.188805 -3.223975
v -3.269351 15.433904 -2.984584
v -4.438551 -2.844403 -3.056892
v 4.758157 5.658586 -3.118911
v 6.449440 5.403821 -3.082600
v 4.509151 15.086160 -2.852954
v -0.095300 -10.766014 -3.040117
v 0.372174 -16.108852 -3.383372
v -0.515447 -14.672728 -3.113824
v -2.377317 3.782057 -3.097615
v -3.866490 -1.632367 -3.105913
v -3.199950 -5.204489 -3.091887
v 5.853418 -20.886354 -3.121927
v -2.126703 -5.808216 -3.148988
v -4.237307 -1.683416 -3.107708
v -3.511971 -1.788057 -3.089264
v 0.322547 -15.898751 -3.144296
v -3.705520 -1.028608 -3.130058
v 7.193397 -2.511220 -3.056144
v -2.978877 4.247710 -3.084524
v 5.496969 14.384600 -3.107570
v 7.229804 6.516741 -3.183028
v -4.414550 -1.403530 -3.110140
v 2.878755 3.928483 -3.078243
v 3.107024 3.132089 -3.120756
v 6.938960 -4.205077 -3.191991
v -3.315980 -0.363997 -3.123900
v 7.213781 -3.017345 -3.098232
v -2.642040 3.905970 -3.183725
v -3.141772 -4.987925 -3.170520
v 7.121523 6.754001 -3.104961
v -1.492724 -8.736260 -3.289005
v 6.583507 -12.695300 -3.082105
v 6.920121 -1.679472 -3.203069
v 5.559770 -17.392317 -3.286324
v -4.022702 -1.071690 -3.084282
v -3.784100 -1.122830 -3.134930
v 5.818022 -9.539612 -3.084160
v 7.148048 -4.036173 -3.030360
v -3.899886 -2.616126 -3.181166
v 2.546750 2.490803 -3.170307
v -4.775597 -3.617891 -3.110297
v -6.849676 10.364869 -3.011820
v 6.503379 12.353501 -3.144820
v 5.644027 8.192937 -3.272192
v -0.336037 -12.486566 -3.162302
v 0.837264 14.292969 5.453422
v -1.983867 -6.512116 -3.195083
v -0.503178 -14.483393 -3.376790
v 6.756540 5.660172 -3.213956
v 6.103389 -18.878525 -3.276612
v 6.571760 7.865657 -3.199578
v -3.614436 -1.500515 -3.154015
v -2.604473 -0.142290 -3.190732
v -0.450797 16.008848 -3.081538
v -3.611178 -2.148681 -3.145830
v -0.372523 1.667971 -3.133680
v 2.995132 3.417021 -3.129771
v 2.609445 3.799176 -3.193843
v -4.315990 -1.558040 -3.165520
v -2.108456 -6.790752 -3.161144
v 4.562569 5.461284 -3.163506
v -4.725500 -3.483810 -3.168400
v 7.265807 -2.272802 -3.136296
v -3.476764 -0.535964 -3.199722
v 2.856521 2.316462 -3.137220
v 5.022846 -9.213708 -3.166560
v -0.606399 2.137135 -3.212184
v -6.357948 12.458988 -3.207868
v 6.939115 7.069461 -3.130281
v 4.503583 -8.946239 -3.252415
v 0.327500 -16.202499 -3.175100
v 4.179064 -7.606077 -3.206304
v 6.202116 -20.523199 -3.286000
v -1.922869 15.711414 -3.213797
v 5.339818 1.166725 -3.228229
v 2.692530 3.505251 -3.241226
v -0.346933 2.063755 -3.208241
v -0.278955 -9.247629 -3.172221
v 6.818986 7.506253 -3.174452
v 5.721318 -4.653540 -3.151231
v -3.840786 -1.465629 -3.193660
v 6.692513 -12.206551 -3.116975
v 4.995607 2.335909 -3.129241
v -2.040128 -5.653678 -3.247647
v 7.157389 -1.916393 -3.213701
v -2.140185 -6.014851 -3.167974
v -3.434968 -1.596554 -3.188234
v 5.394140 -9.206425 -3.172098
v -3.906452 -1.276112 -3.194412
v 5.969773 -13.171910 -3.179942
v 4.826980 -15.312582 -3.232544
v -0.296445 -13.396000 -3.202830
v -0.113364 -9.974710 -3.204450
v -5.274641 14.208300 -3.206030
v -4.189348 -1.324626 -3.196856
v -4.103384 -1.534067 -3.207784
v 2.602479 2.766182 -3.260860
v -3.642945 -2.517980 -3.210960
v -3.821061 15.140000 -3.211230
v 5.899762 -18.119013 -3.253712
v -0.069820 -17.444431 -3.170614
v 5.370320 -14.669516 -3.032573
v 5.134521 -20.989292 -3.204560
v 0.023693 -11.247800 -3.154793
v -0.255947 -19.871464 -3.259619
v 3.579806 2.326534 -3.217314
v -4.117078 -2.818131 -3.216795
v -3.445158 -1.944975 -3.297227
v 2.908263 2.932692 -3.171099
v 2.685580 3.961450 -3.221080
v 5.523415 -4.797762 -3.263061
v 7.115386 -3.571143 -3.248784
v -1.340540 0.842479 -3.058569
v 4.590497 -9.180050 -3.259468
v 3.053094 4.246850 -3.240611
v 5.640524 8.296710 -3.314010
v -3.678450 -1.190942 -3.300746
v -3.295846 4.837500 -3.245125
v 5.909778 8.089852 -3.212831
v -3.389288 -1.753230 -3.269192
v 4.887103 14.749445 -3.226394
v 7.193249 6.232071 -3.170156
v 5.070078 1.397621 -3.263343
v -0.049264 1.946388 -3.225610
v 0.182737 -9.580292 -3.367586
v 5.705984 -13.646465 -3.218346
v -1.676635 3.539284 -3.427606
v 7.918531 -4.109000 2.591095
v 2.241393 2.475849 -3.311841
v -3.190012 -4.234172 -3.195472
v 0.020600 -15.416048 -3.247797
v 0.027821 1.728639 -3.258291
v 3.676199 15.606200 -3.247210
v -3.577060 -2.315350 -3.248710
v -0.521707 -14.074058 -3.277493
v 6.149783 -0.013870 -3.225356
v 4.081820 -5.984109 -3.344610
v 6.953990 7.361170 -3.272853
v -3.670424 -1.357120 -3.247075
v 5.011823 -14.952059 -3.199030
v 0.154605 -20.767252 -3.174056
v -3.496790 -1.473200 -3.258730
v -2.784511 4.410937 -3.296452
v -2.125139 -5.497975 -3.243942
v 0.601736 -20.975451 -3.381745
v 0.249741 -10.808830 -3.423601
v 6.825627 7.623158 -3.316859
v -3.644728 -2.681281 -3.291717
v 4.828266 -9.267667 -3.276900
v 4.811477 -15.654972 -3.296575
v -5.512271 13.941600 -3.268250
v 0.150080 -16.591576 -3.314730
v 7.041103 -3.936597 -3.257862
v 7.056480 -2.734663 -3.284511
v -2.047490 0.204085 -3.203750
v -3.274333 -3.994849 -3.326395
v -2.018482 -6.310638 -3.219886
v -3.888500 -3.706580 -3.273730
v -1.364089 3.143110 -3.250256
v -4.688388 6.701892 -3.458972
v -0.370716 1.209837 -3.374345
v 4.196170 -5.852139 -3.413715
v -0.620317 -9.026383 -3.263701
v 6.747011 -4.295430 -3.277880
v -3.748020 -2.900860 -3.279050
v -2.091500 -5.844424 -3.301037
v 5.618586 -9.420135 -3.273188
v 3.378530 2.148103 -3.292294
v -0.204464 -13.049174 -3.354083
v 1.268930 -21.084932 -3.302816
v -0.086938 -18.264482 -3.338212
v -1.413074 3.367346 -3.381176
v 2.850231 2.087218 -3.483804
v 6.265226 -0.402930 -3.257446
v 5.601522 0.942957 -3.227967
v 4.872019 5.904350 -3.297870
v -3.963221 -3.076710 -3.288565
v 5.768119 -13.323582 -3.291241
v 2.640536 3.217007 -3.379335
v 7.107703 7.102192 -3.287168
v 0.066270 -10.514804 -3.301137
v 4.990718 1.868879 -3.313330
v 7.110535 -2.491797 -3.328221
v 5.945139 13.673778 -3.327708
v 7.252800 6.824060 -3.311590
v 3.944457 -6.574625 -3.247648
v -1.982909 -5.768038 -3.361216
v -4.249489 -3.619030 -3.313550
v 5.829076 -4.409879 -3.263988
v 7.033659 5.986041 -3.315170
v 2.366007 3.580192 -3.340716
v -0.171174 -19.192455 -3.405587
v -3.376440 5.286410 -3.691555
v -0.060312 -18.563999 -3.321710
v 6.043993 -10.342824 -3.335514
v -3.758994 -3.717139 -3.360137
v 2.392591 3.853443 -3.312919
v -6.418611 9.148409 -3.324450
v -0.033108 -10.188649 -3.323376
v -4.339379 -3.519280 -3.328080
v 5.421084 -4.601259 -3.436682
v 5.528722 -14.351759 -3.270500
v -1.836647 -7.828545 -3.486583
v -1.883490 -6.584450 -3.341878
v 6.505157 -4.194616 -3.425008
v -1.506219 -8.555110 -3.408485
v 0.274119 2.009086 -3.326099
v -1.016471 2.442119 -3.300277
v 0.487179 1.831080 -3.342220
v -2.605180 4.033100 -3.345780
v 0.022634 -11.650153 -3.322506
v 1.095404 15.929405 -3.430474
v 3.685675 2.125835 -3.401950
v -3.404544 -1.621240 -3.449754
v 4.670898 -9.423254 -3.377718
v -0.204099 -20.373199 -3.349960
v 2.049050 15.904870 -3.384137
v 6.330842 13.284519 -3.335878
v 1.991239 -21.075151 -3.470613
v 4.673719 5.945585 -3.425715
v -2.461945 3.901753 -3.362042
v 0.411393 -15.876599 -3.443720
v 7.238995 6.519868 -3.368803
v 4.462965 -9.313916 -3.395914
v -2.277245 3.760505 -3.329091
v 4.817231 -5.644020 -3.361820
v 6.999043 -3.055277 -3.333741
v -3.694740 -2.956045 -3.366855
v -2.697557 4.611956 -3.454875
v -3.896922 -3.588274 -3.376874
v 6.168023 -4.344688 -3.349146
v -3.854719 -3.234714 -3.347964
v 4.370615 2.529254 -3.192944
v -6.734577 10.653102 -3.358731
v 2.301785 2.272737 -3.350860
v 5.531080 -13.784924 -3.485649
v -2.068683 -6.088348 -3.321542
v -1.882913 -6.818280 -3.367157
v -4.041587 -3.499244 -3.378072
v 5.171656 6.028269 -3.514973
v 6.164831 -12.844878 -3.404740
v 6.798929 -4.135383 -3.372830
v 6.700163 7.787479 -3.413227
v 4.818054 6.163490 -3.488789
v -1.916798 -7.183752 -3.425882
v 6.195609 -19.775604 -3.402582
v -1.953604 -5.611543 -3.366717
v 6.897820 -3.811419 -3.391580
v 0.590466 2.114700 -3.383220
v 6.846976 5.868434 -3.432322
v -1.835289 -6.368323 -3.391987
v -0.098271 -17.762049 -3.405132
v 4.709901 2.441560 -3.184926
v -3.930334 -3.394845 -3.384983
v -1.955115 -6.233718 -3.398966
v -1.956812 -5.973865 -3.423431
v 6.598181 -12.466699 -3.397220
v -6.442121 11.756634 -3.601240
v 5.932523 -19.259932 -3.487369
v -0.946776 2.737448 -3.446649
v -2.684417 -5.109983 -3.492867
v 5.196237 -9.235214 -3.347659
v 5.542783 -4.381975 -3.385889
v 4.720388 -9.719609 -3.467653
v -3.545079 -1.430910 -3.467297
v 5.983498 -10.584606 -3.334531
v 5.906604 0.339594 -3.385040
v 5.580560 -4.122319 -3.460355
v 2.436360 3.028120 -3.479485
v 4.944604 -9.322692 -3.399599
v -3.302693 -0.568530 -3.467593
v -0.643727 2.506811 -3.510401
v 5.035700 -5.098267 -3.444607
v -6.665491 10.186599 -3.410560
v 5.782900 8.045820 -3.378095
v -1.050372 0.410295 -3.507614
v 2.709789 15.834000 -3.417090
v 6.605490 5.680966 -3.419991
v 0.822868 2.005059 -3.411551
v 2.113904 3.727917 -3.445095
v 5.712137 -9.691416 -3.437944
v 1.858652 2.266242 -3.417727
v -2.565361 -5.333538 -3.407687
v -6.681241 11.134299 -3.423690
v 5.999875 -10.833486 -3.368732
v 6.402439 7.958219 -3.360427
v 2.398266 2.058462 -3.535758
v 5.530661 -14.202400 -3.428930
v -0.030498 -12.003439 -3.387520
v -3.637778 -0.946622 -3.358114
v -2.812236 -4.245429 -3.412606
v 6.255172 -11.307158 -3.449442
v 7.178034 7.043792 -3.408744
v 5.888937 -13.001907 -3.447383
v 3.520509 4.816191 -3.668440
v -3.015580 -0.462406 -3.519075
v 5.010405 6.224746 -3.528160
v 0.061230 -9.168542 -3.422606
v -1.743681 -6.561919 -3.430769
v 3.321728 15.633487 -3.480706
v 1.573077 1.995453 -3.474461
v 3.715761 -7.035144 -3.469296
v 5.953081 -10.117700 -3.443240
v -0.392685 -14.865478 -3.536455
v 4.914573 -5.262898 -3.452124
v -3.827921 -3.491607 -3.453785
v 7.180650 -2.327980 -3.445190
v 4.849148 -5.438093 -3.480715
v 0.048090 2.235018 -3.468382
v 0.012575 -17.271513 -3.519240
v 5.105509 1.232163 -3.471343
v 7.051968 7.295931 -3.426455
v 1.391005 2.168307 -3.453004
v -1.612193 -6.449184 -3.445057
v 6.343969 5.600300 -3.451360
v -2.052591 3.719966 -3.446894
v -1.265191 15.765100 -3.453240
v 0.500630 2.409493 -3.665307
v 4.848733 1.582850 -3.429082
v -1.583362 -6.280103 -3.475942
v -2.790888 -4.784622 -3.420345
v 0.892131 1.778517 -3.496582
v 5.742616 0.642704 -3.423741
v -2.872190 -4.076843 -3.537752
v 5.025443 -16.533504 -3.456990
v -6.018522 8.610521 -3.550638
v 5.425400 -9.355050 -3.466270
v 6.895818 -2.857457 -3.464704
v 5.634769 -13.127083 -3.523348
v 5.023283 -9.598320 -3.534191
v -3.790370 -3.351170 -3.477630
v 2.272770 3.943580 -3.479260
v 1.748544 2.505869 -3.505673
v 1.933864 1.969164 -3.547488
v -1.117722 3.259022 -3.486562
v 4.813973 1.350131 -3.587408
v 3.632985 -21.007246 -3.578954
v -2.409267 4.091498 -3.500590
v 6.614625 -3.891091 -3.512239
v 0.924073 2.259979 -3.517128
v -0.043406 -20.640686 -3.438238
v -1.049623 -6.284378 -3.490227
v -1.268713 -6.119055 -3.501347
v 0.126497 -16.906841 -3.531835
v 6.163419 7.946972 -3.502223
v -0.927584 -6.183945 -3.510485
v 4.923344 -9.966135 -3.519995
v -1.992662 -5.471426 -3.532382
v 4.927980 2.136590 -3.534310
v 5.839197 5.676905 -3.473309
v 7.153481 6.326324 -3.485051
v -3.371868 15.127863 -3.606171
v -3.660993 -3.740866 -3.515773
v 5.432722 1.009664 -3.499804
v 6.399400 -12.663448 -3.440837
v -2.288367 3.870128 -3.482847
v -1.696370 -6.073937 -3.528545
v 1.975955 3.844375 -3.569955
v 5.795409 -20.540010 -3.513530
v -5.025853 7.302958 -3.682951
v 6.813980 -3.209945 -3.473114
v -2.196162 4.244818 -3.631546
v 4.605439 -10.016145 -3.553487
v 5.413689 5.814159 -3.491716
v 5.273883 -4.972016 -3.397077
v 5.525096 -13.412683 -3.514704
v 5.794779 9.266020 -3.522760
v -1.298116 -6.399630 -3.518471
v -3.497855 -0.848166 -3.539075
v 5.910016 -10.347171 -3.500953
v -5.683770 8.053575 -3.531895
v 0.311787 -20.858900 -3.525670
v 7.184165 6.961870 -3.560915
v 4.492251 -9.732750 -3.528780
v -3.584360 -2.447265 -3.580480
v 3.957817 2.210778 -3.532275
v -0.005129 -13.188292 -3.740454
v 0.129396 -11.825540 -3.531487
v -1.555744 -6.616591 -3.518047
v -0.131866 -12.230296 -3.449146
v 5.189628 -9.983591 -3.621938
v -1.482492 0.059978 -3.619509
v 6.390547 13.027822 -3.493845
v 5.647891 7.981467 -3.577734
v 0.287479 -11.106701 -3.528766
v 1.351741 2.381013 -3.567650
v -0.262954 -13.844781 -3.651018
v -1.496157 -5.869495 -3.538751
v -5.649738 13.339127 -3.687897
v 6.590547 7.863604 -3.484296
v 5.307013 -4.221050 -3.582442
v 6.548941 -12.288599 -3.542170
v 5.231106 -14.515907 -3.551823
v 5.757349 8.630910 -3.544820
v 5.786205 -18.523634 -3.572987
v 6.397718 -11.650950 -3.455111
v 5.682849 8.416310 -3.546580
v 0.440111 -10.500686 -3.547951
v -1.686056 -5.625390 -3.520500
v -0.875421 3.042884 -3.534617
v 5.584182 8.184079 -3.518459
v 5.077380 -10.334098 -3.590400
v 5.216760 -9.388983 -3.532790
v -0.784514 -6.345999 -3.558926
v 7.229078 6.667672 -3.513226
v 7.169271 -2.186103 -3.481927
v 2.034666 3.455881 -3.551846
v -2.462662 -4.304664 -3.618617
v 4.792678 -10.452329 -3.608495
v 4.133585 5.212514 -3.526825
v 4.583846 -15.114901 -3.720400
v 5.717246 -12.840329 -3.667158
v 1.454051 1.593023 -3.732714
v -0.466752 2.828604 -3.688135
v 6.867200 7.550022 -3.577493
v 0.336961 -15.659252 -3.594195
v 6.017811 -20.197147 -3.539421
v -2.679301 -0.354662 -3.633190
v 1.699629 3.541259 -3.648865
v 0.146857 -9.841181 -3.504491
v 2.173410 3.158870 -3.604170
v -2.537784 -4.492106 -3.557887
v 2.050383 2.748057 -3.542600
v 4.685211 1.516572 -3.618997
v -2.344688 -0.192955 -3.617990
v -1.078891 -6.456851 -3.592554
v 5.858778 7.921704 -3.554118
v 5.311239 -3.831586 -3.599318
v 6.001208 -11.048347 -3.625901
v 5.781243 -10.476332 -3.579796
v 6.670306 -1.521020 -3.595788
v 6.940465 6.136084 -3.606440
v 4.673714 -5.563440 -3.612467
v 0.231969 -10.092356 -3.533502
v -1.259430 -5.701815 -3.578661
v 6.465877 7.868704 -3.596248
v 3.757112 -8.086174 -3.594028
v 0.654001 1.455887 -3.622766
v 3.518399 -6.590152 -3.605185
v 4.296462 2.451438 -3.520044
v 5.470733 -9.581942 -3.596261
v -0.797742 -8.671855 -3.639050
v -1.312707 -6.615613 -3.646756
v -2.409199 -5.328525 -3.671720
v 6.881377 -2.628964 -3.660396
v 0.179727 -11.577599 -3.596350
v -0.337239 2.503608 -3.639854
v 4.641072 -15.835763 -3.642593
v 5.651164 -18.952269 -3.750250
v 5.299537 -4.777250 -3.535696
v 0.368161 -9.217308 -3.632440
v 4.723040 2.310421 -3.569969
v 4.147226 -8.567001 -3.459109
v 0.037965 -18.639565 -3.603152
v 6.093434 -3.843609 -3.633220
v -3.351779 -1.912089 -3.560293
v -0.112985 -12.739046 -3.624591
v 7.028887 7.294472 -3.616769
v 6.069209 10.451400 -3.624890
v 5.385266 -3.493444 -3.655673
v 3.474311 1.933805 -3.730321
v 5.377200 14.143021 -3.664717
v 4.958036 -10.850600 -3.668090
v 6.668067 7.704031 -3.611655
v 4.095691 2.417513 -3.552276
v 3.735831 -6.304705 -3.531360
v -0.576554 -6.225160 -3.635450
v -1.975740 3.786820 -3.635610
v -3.387272 -2.107404 -3.625585
v 5.263290 -9.705448 -3.638287
v -0.214542 -8.894816 -3.595658
v -2.525299 -5.181930 -3.659863
v 6.706573 -2.881176 -3.628328
v -2.141178 3.983065 -3.616608
v 6.226447 13.251083 -3.689372
v 0.225852 -16.517500 -3.643890
v 7.040000 -2.082999 -3.646210
v -2.622854 15.362995 -3.621807
v 6.835248 7.411688 -3.717000
v 5.628937 -9.882931 -3.633392
v -1.763791 3.664687 -3.648692
v 6.344836 7.687949 -3.745802
v 0.049730 -18.489000 -3.653540
v 6.302493 12.473961 -3.716578
v 5.095755 -4.879447 -3.710024
v 0.473918 -16.092976 -3.702016
v 4.168578 2.068875 -3.670024
v 4.986704 6.477783 -3.659726
v 4.702804 1.731182 -3.641362
v 5.173784 -3.554299 -3.675097
v -1.305198 -8.100275 -3.705251
v -2.507150 -4.121100 -3.663680
v 5.424881 -12.986500 -3.691285
v 4.468563 2.383949 -3.602319
v 4.817100 2.014081 -3.667680
v 0.015232 2.458882 -3.695400
v 6.425408 -12.448143 -3.678826
v 6.026822 -0.243335 -3.613765
v 6.452881 5.825356 -3.644817
v 4.138110 2.256180 -3.672260
v -1.535442 -5.489151 -3.692705
v -0.221299 -20.174835 -3.595244
v -0.117612 -12.425675 -3.659313
v 6.536348 -3.153261 -3.636748
v 7.123159 6.803491 -3.674110
v 3.859105 1.996335 -3.615756
v 5.599349 -10.494319 -3.679344
v 5.466107 -9.790996 -3.676189
v 1.851863 2.931190 -3.708249
v 7.067259 -2.332007 -3.631628
v 5.736388 -10.197104 -3.661706
v 6.356635 -0.932120 -3.593196
v -0.553555 3.114076 -3.686448
v 6.705062 5.958692 -3.652939
v -0.225396 -19.696825 -3.625839
v 1.707598 3.237748 -3.714721
v 4.077652 15.122331 -3.547865
v 0.297318 -11.811100 -3.681730
v -0.885456 -8.431654 -3.783691
v 5.219585 -10.566303 -3.676856
v 5.321232 -20.653902 -3.694553
v 5.649401 -10.700300 -3.685680
v 4.546291 -10.486841 -3.746960
v 5.444351 0.819091 -3.704033
v 0.589768 -10.831306 -3.758323
v 5.334798 -17.852327 -3.819021
v 2.542326 1.840972 -3.766507
v -0.616212 -6.371180 -3.695520
v 6.951600 6.453956 -3.762390
v -3.331223 -1.696098 -3.764920
v -3.336302 -3.843192 -3.701676
v 3.855650 -5.846149 -3.699420
v -1.538405 -6.854581 -3.625696
v 4.726822 -10.950847 -3.758174
v 4.741722 2.156256 -3.716470
v -2.076870 4.471313 -3.788660
v -3.612990 -1.215540 -3.703510
v -0.060376 -17.906370 -3.648204
v 4.157803 1.891423 -3.728308
v 5.696812 0.498080 -3.675168
v 0.286699 -11.351165 -3.660020
v 5.687126 -3.519712 -3.702646
v 0.259067 -12.060444 -3.762584
v 5.624881 -10.310894 -3.703399
v 5.494564 -19.321072 -3.891338
v 3.692649 5.102142 -3.867428
v 2.941269 4.567860 -3.923671
v -0.400196 -6.299055 -3.738140
v 5.429330 -10.564820 -3.710776
v 5.460522 -10.158419 -3.711028
v 1.276549 3.618200 -3.815633
v 5.649968 7.821511 -3.689312
v -0.801517 -5.732712 -3.735889
v 3.408367 -7.584623 -3.755729
v 6.342133 -3.420902 -3.669935
v 5.263989 -13.376106 -3.797676
v 6.378162 -12.222054 -3.803926
v 6.025524 -3.435330 -3.729792
v -3.922700 5.907355 -3.714151
v -0.750418 3.300411 -3.682288
v 4.566980 1.396306 -3.747740
v -3.763832 -3.522447 -3.661940
v 4.542386 1.611026 -3.738914
v 5.366194 6.267560 -3.729027
v 0.607275 -9.378676 -3.790757
v -4.388814 6.755588 -3.935266
v 0.128209 15.824477 -3.629828
v 5.020427 1.135593 -3.697926
v 1.484367 2.670135 -3.729713
v 1.131925 2.471488 -3.680438
v 5.487617 8.164176 -3.749654
v 0.529067 -10.098495 -3.712101
v -0.340079 3.324345 -3.755945
v 3.646650 15.067709 -4.131507
v 4.798474 -5.168793 -3.701161
v 0.450949 -11.498749 -3.861403
v -3.369840 -2.303933 -3.803749
v -6.412853 10.364856 -3.893333
v 0.403429 -9.781834 -3.693592
v 4.879471 -4.563715 -3.953089
v -5.967308 12.920685 -3.556355
v -3.606255 -3.686400 -3.797035
v 4.669210 1.948857 -3.772858
v -1.359944 3.542306 -3.757248
v 1.579915 3.860359 -3.783600
v 5.487600 -20.303320 -3.924160
v 4.317714 2.331969 -3.711349
v -1.080888 -5.532940 -3.764884
v 4.809680 6.439458 -3.727632
v -6.261789 11.471857 -4.029531
v 5.475105 8.541876 -3.873934
v -1.446915 -7.183794 -3.731215
v 2.904136 15.515564 -3.895049
v 4.369653 1.662516 -3.768400
v 5.874821 7.703156 -3.746616
v 6.573090 -2.773631 -3.816312
v 6.880570 -2.442364 -3.893932
v -1.014761 -6.613086 -3.802145
v 3.063522 1.890774 -3.797086
v 4.401726 1.889760 -3.779850
v 5.403440 -3.252909 -3.771750
v -0.893387 0.039765 -3.860295
v -0.848971 -6.462580 -3.723454
v -1.158596 -6.843587 -3.846726
v 4.962117 -11.256512 -3.764182
v 5.126255 6.548428 -3.743731
v 5.439123 7.892374 -3.838806
v -0.144320 -19.270306 -3.787202
v -6.375443 10.951528 -3.989015
v 6.167180 5.910755 -3.725950
v 5.804669 -19.616957 -3.696283
v 6.631239 7.427837 -3.811159
v 4.249145 -10.019756 -3.788814
v 4.553933 1.799099 -3.789104
v -3.563359 -2.714681 -3.750055
v 5.830058 6.030619 -3.754602
v 4.557793 2.233682 -3.781574
v 4.640061 -16.428679 -3.939243
v 3.528840 -6.048825 -3.850502
v 5.152148 -3.337426 -3.792065
v 4.262800 1.446820 -3.802673
v -3.219016 -1.844591 -3.825830
v 4.456110 -15.423850 -3.801393
v 6.191321 -3.027895 -3.814206
v 4.799886 -4.938308 -3.867316
v -1.868929 3.974466 -3.774217
v 5.416446 -18.614374 -3.945858
v 8.495183 -4.814986 3.605907
v 0.086542 -12.273173 -3.808956
v 0.539407 -15.838172 -3.782703
v 0.175973 -17.106157 -3.863689
v 0.058956 3.417305 -3.820685
v 1.346548 3.253054 -3.805744
v -3.674812 -3.045520 -3.743657
v 4.190372 1.717735 -3.801782
v 4.378901 2.132899 -3.794978
v -1.568874 3.673612 -3.813653
v 5.079731 -12.833363 -3.953994
v 5.201267 -11.283223 -3.838943
v 4.679211 -5.371150 -3.811180
v 0.620814 -20.898886 -3.941959
v 6.895639 7.115462 -3.803550
v 0.756424 -10.392479 -3.826383
v 4.747139 1.163304 -3.854342
v -0.148070 -20.484024 -3.749725
v 5.402157 -12.732045 -3.797045
v 1.562785 2.981152 -3.808883
v 3.346881 -6.318876 -3.792690
v 5.493128 7.626946 -3.843850
v 3.734792 -8.957788 -3.834935
v -0.129417 2.674383 -3.825420
v -0.506664 -5.902778 -3.792869
v -6.154261 9.265079 -3.868572
v 4.578390 2.028500 -3.827300
v -0.142498 3.541272 -3.862540
v -2.352842 -5.087746 -3.858190
v 5.439009 -10.806282 -3.809455
v 5.119721 -11.658900 -3.831070
v 5.307051 -3.181030 -3.831280
v 3.847927 -9.612223 -3.888752
v -3.567003 -1.427668 -3.808448
v 6.471961 6.087615 -3.834572
v 5.764799 -3.216397 -3.819452
v 0.002556 3.128425 -3.856233
v 6.222395 -12.553694 -3.745307
v 5.373709 0.588722 -3.901344
v 0.202095 -18.710325 -3.965290
v -0.167088 -20.044451 -3.883770
v 1.083566 2.685581 -3.826603
v 0.819809 2.582185 -3.774276
v -0.237421 2.966065 -3.815319
v -1.141745 -7.618556 -3.894464
v 4.922582 6.626506 -3.788852
v -0.650861 3.455756 -3.862919
v 4.405475 1.256571 -3.902976
v 6.336548 7.394510 -3.884404
v 4.838663 -14.767019 -3.734265
v -2.147650 -5.361630 -3.855690
v 5.185863 -14.189076 -3.867911
v 0.492394 1.060056 -3.822552
v 4.972742 -4.040484 -3.915610
v 0.644101 -16.046400 -3.937255
v -0.535263 -5.670357 -3.895597
v 5.724938 7.454864 -3.887730
v 4.699149 -11.264577 -3.887912
v -1.700922 4.286433 -3.898551
v 0.253021 2.617316 -3.851272
v 5.617290 8.992441 -3.872308
v 5.900744 -2.997956 -3.973333
v 5.206561 6.784528 -3.849859
v 6.735399 6.251801 -3.820306
v 0.623065 -9.045933 -3.881933
v 5.757454 9.797169 -4.058242
v -1.682536 -0.207038 -3.923515
v 5.669390 -19.950544 -3.869535
v 6.196179 13.039700 -3.878850
v 1.003399 3.357584 -3.874073
v 6.544813 7.104576 -3.929005
v -2.941332 -0.556036 -3.792161
v 0.337725 -8.886656 -3.873271
v 4.090325 1.690048 -3.866367
v -0.291326 -6.048157 -3.846231
v 4.851431 -11.612044 -3.877775
v 5.699101 -11.053700 -3.883350
v 4.639655 6.316185 -3.802105
v -0.994923 3.473162 -3.850418
v 4.027721 1.464219 -3.948189
v 0.763483 -9.709923 -3.912138
v 1.259484 3.822022 -3.965467
v 0.418113 3.439845 -3.919103
v 0.498223 3.141606 -3.896924
v 1.179929 2.898726 -3.878876
v 3.041736 -7.167443 -3.918134
v 6.167108 -2.865200 -4.011117
v 5.717191 -12.600462 -3.878486
v -3.195717 -2.146327 -3.893608
v 0.488629 -12.130101 -4.016013
v 5.879220 -0.360721 -3.892090
v 5.368966 -11.149937 -3.892387
v -3.134706 -0.755131 -3.852737
v 6.153371 -12.278357 -4.028384
v 0.397926 2.788938 -3.907101
v 0.651844 -11.809731 -3.890689
v 0.453985 -15.630638 -3.954178
v 6.146824 -11.517128 -3.857346
v -0.233167 -14.610335 -4.145586
v 3.125432 -6.721546 -3.858902
v 5.169885 -12.521287 -3.909926
v -0.186112 -6.398138 -3.963158
v -0.734949 -5.545595 -3.943379
v 0.046304 -5.947062 -3.967826
v 0.097548 2.871706 -3.899306
v 5.451340 -12.500835 -3.925945
v 6.629826 -2.614368 -3.973923
v 0.265518 -18.461815 -4.086595
v 4.999979 0.861565 -3.955524
v -0.278402 -8.520235 -3.957439
v 0.032446 -17.526285 -3.844803
v -2.299322 -5.251972 -3.890899
v -5.342552 7.937297 -3.947912
v 5.468209 7.369052 -3.905051
v 5.942369 -11.483318 -3.970621
v 6.348884 -11.855538 -3.717732
v 6.827714 5.728116 -2.343718
v -3.379064 -1.604784 -3.970188
v -1.233160 3.630387 -3.925799
v 4.951140 -3.373729 -3.915300
v -1.606130 3.977893 -3.910632
v 5.332572 7.102921 -3.917431
v 6.030066 7.446561 -3.894490
v 0.172934 -15.412673 -3.937699
v 6.791153 -1.945361 -3.941013
v 0.207758 -12.561555 -4.043443
v 4.812832 -20.811304 -3.819174
v -0.048028 -6.194241 -3.934607
v 1.875025 15.617095 -3.998688
v 5.211434 8.158854 -4.024617
v 3.148268 -8.124388 -3.928804
v 5.576869 0.219736 -3.907642
v 0.716067 3.445992 -3.945396
v 6.926112 -2.192918 -3.880773
v 6.173408 -0.956325 -3.963980
v 0.951134 3.619405 -3.950880
v 5.444856 -11.476326 -3.949376
v 5.307660 7.465500 -3.939170
v -3.673510 -3.344225 -3.951815
v -0.336752 3.550699 -3.890234
v -1.702698 -5.421548 -3.851811
v 5.178855 -12.340595 -3.943530
v 0.694022 -15.947200 -3.941160
v 6.469229 -1.493130 -4.066818
v -0.192495 -15.110549 -3.936157
v 6.111372 6.260737 -3.913717
v 4.997456 6.786749 -3.905136
v 5.568900 -11.087170 -3.924754
v -2.552903 -0.491960 -3.984776
v -3.362585 -2.604902 -3.969295
v 6.226996 11.504035 -3.662312
v 0.710771 -11.130384 -4.016756
v 1.107859 -10.104554 -4.038149
v 4.999699 -11.934690 -3.915054
v 6.725888 6.624123 -3.944229
v -3.286052 -1.036215 -3.944036
v 4.927378 -14.442300 -3.943599
v 5.606517 6.488284 -3.859785
v 4.994621 -12.221138 -3.976547
v -2.141457 -0.365382 -3.994231
v 4.412045 -5.427295 -4.033460
v 5.646731 -11.335463 -3.957613
v 4.349197 5.871703 -3.822004
v -1.382781 3.853858 -3.962991
v 5.266002 7.738550 -4.018475
v 5.212131 -12.074000 -3.967440
v 5.549946 13.685897 -4.044970
v 5.173364 -3.152338 -4.044701
v 5.877953 13.226605 -4.156598
v 5.377887 -12.261789 -4.031033
v 4.776932 6.635534 -3.965931
v 4.005690 -2.766945 -3.979405
v -2.714444 4.995949 -3.880216
v 5.111198 7.001828 -3.991663
v -0.612945 -8.157947 -4.010610
v -0.149153 -5.772110 -3.987149
v -0.109235 -19.596600 -4.016705
v 5.522364 -3.063433 -3.985232
v -3.025008 -2.052957 -4.014344
v 0.882181 -9.241675 -4.009754
v -1.981263 -5.302556 -4.062792
v 5.711088 6.850496 -3.960251
v 6.109719 7.032994 -4.002644
v 4.957749 -12.439915 -4.020522
v -3.633330 -3.535260 -3.991150
v -0.633383 15.523497 -4.102257
v 6.259404 -12.049336 -3.962181
v -2.546957 -3.960574 -3.995009
v 0.513070 -6.015659 -4.030290
v 5.853270 7.124361 -3.994340
v 5.975935 -12.497780 -3.951230
v 5.195171 -13.811500 -3.996660
v 3.954020 -2.350060 -3.997740
v 4.491892 -5.129459 -4.008214
v 6.534481 6.459742 -3.988817
v 1.275933 -20.939756 -4.043859
v -0.129582 3.841150 -4.059048
v -0.806890 3.618413 -4.011649
v 3.665913 -5.847425 -3.967131
v -5.656883 8.576461 -4.082721
v -5.009641 13.882302 -3.990921
v 0.288893 -6.215117 -4.044297
v -2.022520 -4.559430 -4.008120
v 0.060959 -17.970900 -4.008380
v 1.996728 4.167805 -4.020719
v 4.158582 -2.806207 -4.013169
v 3.730409 -2.264438 -4.048981
v 4.066395 -3.051827 -4.027796
v 6.057173 6.601861 -3.993984
v 0.132083 -17.748850 -4.126210
v -2.141350 -5.196140 -4.015380
v 0.964359 -10.757366 -4.084052
v 0.074759 -20.719400 -4.020980
v -1.335595 -0.163378 -3.939349
v 5.197851 7.260835 -4.009534
v 2.897743 1.600669 -4.030709
v 0.001475 -19.283100 -4.117920
v -2.107080 -4.292838 -3.990434
v 4.878265 -3.670803 -3.972599
v -0.991293 -7.131353 -3.983953
v 3.772386 -2.897966 -4.119901
v 0.540466 -16.317041 -4.110536
v 0.032003 -18.989496 -3.966442
v 0.584208 -8.740687 -4.038165
v 6.054811 11.823667 -4.154864
v 6.356663 6.796552 -4.018918
v 0.383214 -5.828961 -4.094886
v -0.604336 3.715405 -4.041534
v -0.305265 -14.908351 -4.032401
v 5.776357 -11.558595 -4.037051
v -0.033649 -20.551100 -4.036080
v 0.744875 3.735990 -4.138867
v -0.299944 0.346190 -3.861650
v 1.141194 1.175774 -3.977069
v -1.003978 4.203559 -4.101501
v -1.180920 3.789280 -4.043690
v 4.339763 -16.012230 -4.061150
v -3.123160 -1.734360 -4.045900
v 0.560984 -6.333601 -4.117482
v -5.817863 12.566649 -4.133373
v 0.785501 -12.006381 -4.134200
v 4.052594 1.220375 -4.026923
v 0.862543 -8.816922 -4.091729
v 0.040596 -6.435661 -4.062258
v -0.452174 -6.598170 -4.056430
v 6.137901 -11.803800 -4.058860
v -3.048405 -0.736889 -4.044742
v 4.307949 -15.195977 -4.086856
v 5.343252 -19.625891 -4.173340
v -0.729406 -6.793875 -4.036539
v 4.803380 -3.440969 -4.063590
v 2.386116 -6.287920 -4.075400
v 5.739692 -12.419624 -4.080791
v 2.482135 4.449090 -4.171030
v -1.635076 4.679745 -4.189383
v 5.024362 7.212741 -4.191671
v 5.242498 8.836773 -4.317239
v 3.679385 -1.855295 -4.106095
v -2.208087 -4.079281 -4.017490
v -1.728119 15.317004 -4.143640
v 4.923702 -13.220518 -4.167667
v -0.025469 -14.080512 -4.129499
v 5.062592 7.475474 -4.214074
v 4.634167 -12.202593 -4.224989
v 3.219106 -6.138382 -4.075648
v 3.507709 -2.602498 -4.228282
v 2.939049 -6.460370 -4.061229
v 4.199928 -10.628006 -4.028152
v 0.264232 -12.977114 -4.094933
v 4.836836 14.400294 -3.985194
v 4.130589 -15.617261 -4.191640
v 5.754067 -0.705103 -4.123621
v 4.124037 -5.633644 -4.009706
v 2.728514 -6.943091 -4.101829
v 1.157556 -9.505434 -4.090309
v -3.455150 -1.472310 -4.098450
v 4.283604 -3.071526 -4.112409
v 3.130217 -8.974581 -4.106603
v 0.724078 -15.753343 -4.148681
v -5.270736 13.415997 -4.138879
v -0.004042 -5.630400 -4.187160
v 3.847083 -3.172237 -4.163474
v 2.650230 -7.494257 -4.115092
v -4.410152 7.287077 -4.381993
v -0.483713 4.086520 -4.130671
v 2.105976 -6.099356 -4.115269
v 0.287442 -8.532472 -4.114560
v 3.841581 -5.669673 -4.183498
v 4.603731 -14.612820 -4.264144
v 2.446406 -6.083532 -4.131882
v 4.973039 8.387561 -4.327127
v -3.520106 -3.355077 -4.145133
v -1.748750 -5.323620 -4.121690
v 4.891239 6.878081 -4.106165
v 3.685108 -10.165162 -4.133791
v 1.135455 -8.997409 -4.167892
v 2.013420 1.231760 -4.129400
v -3.492868 -3.093641 -4.074918
v 0.835003 -15.912100 -4.131290
v -0.629433 -7.610280 -4.131290
v 4.563612 0.988781 -4.118412
v -2.967970 -3.826620 -4.131890
v 1.488636 -6.164420 -4.145095
v -3.703105 6.049448 -4.085890
v 2.601040 -8.057337 -4.131847
v 3.852668 5.541130 -4.118883
v 5.477830 -0.218774 -4.108073
v 0.258537 -6.590813 -4.167788
v 3.886692 -1.646260 -4.184872
v -4.979370 7.918143 -4.342690
v -0.379680 -5.564560 -4.149540
v 4.718302 6.680002 -4.148748
v 3.505810 -2.002666 -4.192161
v 1.678984 -6.445281 -4.279934
v 6.074683 -12.052471 -4.148031
v 4.140616 -3.288579 -4.168669
v -2.867780 -0.645030 -4.154300
v -0.046090 -8.228795 -4.195173
v 0.133056 -13.499444 -4.087133
v 3.803232 1.207866 -4.145256
v 2.629376 -6.523470 -4.161464
v 5.960648 -11.788642 -4.137150
v 3.540434 1.662428 -4.092822
v -1.640178 -4.368999 -4.206985
v 6.005169 12.826799 -4.287410
v 1.422589 -9.751844 -4.175908
v 1.017912 -6.157554 -4.146591
v 5.508435 -11.820777 -4.123514
v 5.012014 -20.477900 -4.202497
v 3.527185 -0.508001 -4.182355
v 4.882379 -3.273700 -4.200755
v 2.851147 15.222922 -4.387893
v 2.296609 -6.568396 -4.208877
v 5.003080 -18.122227 -4.240966
v -0.793277 4.475475 -4.342380
v -6.121918 10.327879 -4.310494
v 2.794434 -6.292928 -4.199840
v 5.079970 -18.934765 -4.226119
v 1.391319 -5.985415 -4.197571
v 1.737365 -5.954660 -4.205510
v 4.648232 -3.475090 -4.175078
v 3.738327 0.827453 -4.210354
v 4.318160 -2.474027 -4.196959
v -1.901509 -4.195508 -4.161454
v 2.381893 -5.922180 -4.216948
v 6.743390 -2.311465 -4.265465
v 4.147626 0.870623 -4.202179
v 5.943903 -12.273804 -4.148916
v 6.097106 12.449733 -4.155190
v -1.334845 -0.312134 -4.208987
v 3.508210 -0.892060 -4.185420
v 0.060587 0.047003 -4.213391
v 0.172756 3.970975 -4.283952
v 0.092556 -15.255249 -4.272379
v -0.558329 -7.126163 -4.161840
v 1.049560 -5.942304 -4.195968
v -1.826973 -5.134659 -4.191046
v -0.290027 -6.766830 -4.186750
v 0.566928 3.932109 -4.340897
v 4.996469 0.554203 -4.158258
v 5.499526 -12.086900 -4.202505
v 4.894521 -17.351200 -4.188430
v 0.509869 -15.504864 -4.260206
v 3.246749 4.949816 -4.118184
v 4.254445 14.720202 -4.109684
v -2.974889 -1.706622 -4.208448
v 3.461797 -5.821660 -4.182589
v 1.248975 -11.572484 -4.275513
v -0.964539 -0.205083 -4.202308
v 1.001402 4.052171 -4.364255
v 1.186583 -8.609634 -4.236698
v 0.254000 -17.341125 -4.191573
v 4.519912 6.411272 -4.146441
v -2.178650 -3.959770 -4.197040
v -2.858055 -1.845693 -4.155687
v 4.529951 -14.860700 -4.198890
v 3.677657 -0.787753 -4.217134
v 1.567831 -9.144205 -4.203382
v 1.071063 -11.823748 -4.195436
v 0.778247 -11.428970 -4.143617
v 4.380480 -3.287313 -4.210359
v -3.439209 -3.544444 -4.184653
v 1.068931 -6.422602 -4.242113
v 4.177039 -5.007756 -4.276401
v 3.430470 -0.631118 -4.230170
v 5.034559 -0.011048 -4.247142
v 2.315823 15.420765 -4.257149
v 0.865870 -16.095644 -4.325689
v 5.773083 -11.755092 -4.171981
v 5.611217 -12.260595 -4.168288
v 0.409466 -18.390465 -4.346725
v 4.626340 -4.289969 -4.212220
v 5.519289 9.229940 -4.215950
v 3.870607 -3.381840 -4.280906
v 3.347146 -1.286186 -4.336434
v 2.662870 -6.167540 -4.219730
v 3.745590 1.526100 -4.220220
v 0.708290 -20.821512 -4.293958
v 0.631034 -12.259071 -4.295213
v 4.275691 -11.305046 -4.190901
v 5.168645 -19.356426 -4.229805
v 0.822867 -8.460150 -4.215153
v 6.018754 -1.149661 -4.218924
v 3.747535 -0.390831 -4.274190
v 4.751139 0.761824 -4.221560
v -3.093991 -2.443893 -4.131954
v 2.180980 -5.878160 -4.234640
v -1.723025 -0.332364 -4.235651
v 4.529799 -3.622257 -4.264468
v 4.117190 -5.362741 -4.343938
v 2.394992 -6.876153 -4.229337
v 2.568053 -8.728441 -4.207215
v -3.298838 -1.565395 -4.202768
v -2.990440 -0.834488 -4.245000
v -3.220176 -2.921118 -4.276768
v -2.634415 5.382535 -4.302815
v 0.089648 -20.382900 -4.249320
v 0.408303 -12.404825 -4.215119
v 0.697520 -6.591361 -4.242504
v 4.478396 -3.059725 -4.307419
v 4.198082 -1.809050 -4.264806
v 2.026747 -8.100343 -4.280319
v -1.679932 -4.900908 -4.244155
v 5.854146 -12.052501 -4.257346
v 4.403384 0.776449 -4.275347
v 1.964623 -8.753407 -4.262191
v 3.821928 -1.126826 -4.252069
v 4.537516 -3.328465 -4.267351
v 2.207816 -9.260609 -4.313460
v 0.368378 0.340914 -4.133304
v 2.924192 1.229435 -4.285149
v 3.552040 -0.014902 -4.278991
v -1.594755 -4.130647 -4.291407
v -6.019921 9.591040 -4.269720
v -3.187110 -1.224666 -4.189131
v 3.730419 1.370912 -4.267781
v 0.759528 -5.686342 -4.334045
v 4.954332 7.939134 -4.237112
v 5.555175 -1.009441 -4.303291
v 5.665661 -12.007500 -4.275280
v 4.715098 -3.271114 -4.322188
v 1.961161 -6.599868 -4.297940
v 3.997086 -15.374940 -4.303447
v -1.465696 -5.292294 -4.319867
v -3.788347 6.504654 -4.375845
v 1.270001 -5.809183 -4.359826
v 4.375474 -3.446919 -4.316529
v -0.071012 -15.059969 -4.357330
v -2.395647 -0.713351 -4.291205
v 3.750800 0.509336 -4.276506
v 1.040486 -11.290504 -4.359753
v -3.073041 -1.618364 -4.326891
v 2.001760 4.453060 -4.347097
v 2.740671 -9.473085 -4.295145
v -2.759503 -2.059691 -4.235050
v 0.945986 -11.556938 -4.184456
v 1.781993 -9.581100 -4.277021
v -5.857236 11.838721 -4.450607
v 3.575399 1.392489 -4.320131
v -1.992890 5.284841 -4.520646
v -1.463115 -4.682877 -4.325330
v -0.418646 -0.168895 -4.314239
v -3.107641 5.719270 -4.305900
v -0.181768 4.315802 -4.457753
v 4.622700 6.639171 -4.306870
v 3.370918 -0.224751 -4.337650
v 1.748308 -10.007282 -4.329078
v 1.432269 -10.375154 -4.283109
v 3.600444 1.115968 -4.326054
v 3.504395 0.164525 -4.312110
v 0.262365 -18.868414 -4.285043
v 3.751642 0.271395 -4.327577
v -0.018782 -7.799231 -4.316700
v 1.554990 -8.454636 -4.307876
v 2.217445 -7.508680 -4.243575
v -2.720791 -1.712220 -4.345184
v 2.921647 4.848015 -4.313137
v -2.755778 -2.473498 -4.365229
v -2.449170 -1.846745 -4.357940
v 2.965365 -6.088727 -4.266639
v -0.200468 -14.855209 -4.338775
v 3.221371 -1.755966 -4.425776
v 4.864126 -19.197851 -4.425545
v 3.312706 1.390400 -4.285673
v 1.422531 -11.645300 -4.334580
v -1.480722 -0.380068 -4.387814
v 3.817005 -0.009718 -4.373925
v 3.468916 0.502904 -4.357854
v 4.014728 0.246924 -4.401206
v 4.903349 -18.571835 -4.387794
v -3.148520 -1.461100 -4.343840
v 0.363024 -18.013359 -4.425814
v 4.573570 0.617489 -4.326875
v 4.310442 0.501222 -4.372673
v 1.734552 0.590895 -4.374642
v 0.458696 -8.157430 -4.348420
v -0.042814 -7.214237 -4.343945
v 6.137666 -1.496034 -4.384055
v 4.764295 6.958622 -4.323636
v 0.887097 15.519403 -4.232345
v 4.015647 -15.976951 -4.380372
v 4.148273 -1.249159 -4.334619
v 3.215822 -5.775392 -4.384415
v 6.695081 -2.132569 -4.316538
v 4.744805 0.424618 -4.335800
v 3.915178 -0.777664 -4.367275
v -5.985284 11.362552 -4.471800
v 3.191483 -10.092895 -4.336067
v 4.346606 -2.179734 -4.250979
v 2.037860 -6.984512 -4.327616
v 4.126600 -16.412868 -4.434816
v 3.364404 -3.052637 -4.392416
v -5.668630 9.026801 -4.399401
v 1.354192 -6.631581 -4.392130
v 1.268680 -10.838990 -4.374692
v -1.987328 -0.541847 -4.332185
v 2.615894 -5.940483 -4.291760
v 5.362339 -2.988138 -4.318926
v 4.775380 -14.102015 -4.259877
v 4.650638 -13.446407 -4.482479
v -3.200560 -3.627090 -4.377190
v 2.169574 -9.870689 -4.399947
v -2.548805 -1.028491 -4.482311
v 1.566581 -11.560800 -4.378100
v 4.329219 6.374363 -4.410710
v 2.627911 -9.719940 -4.378890
v 4.698739 7.173296 -4.404145
v 1.947144 -10.279042 -4.411874
v -2.909184 -1.206795 -4.395696
v 0.437257 -7.028473 -4.344252
v 4.162950 6.075891 -4.391990
v 5.763116 -1.438496 -4.428083
v 4.507269 6.652356 -4.418935
v -2.376355 -1.692030 -4.466544
v -6.113481 10.922100 -4.395360
v 4.378251 -4.659598 -4.344263
v 2.463843 4.655316 -4.410745
v 4.595515 -2.222569 -4.418552
v -1.588850 -3.939800 -4.399700
v 0.492799 -12.632490 -4.329659
v 5.662564 -1.759477 -4.552092
v 6.573722 -2.008750 -4.432724
v 4.090374 -4.775025 -4.446746
v -4.242891 14.226600 -4.407670
v -2.666587 15.044604 -4.199954
v -1.204010 -5.345537 -4.389152
v 4.611722 -3.129668 -4.406019
v -3.244100 -3.368910 -4.412630
v 3.184560 5.158560 -4.475215
v 0.764401 -7.787830 -4.455345
v 0.414372 -7.854537 -4.414813
v 2.639575 0.874357 -4.405035
v 5.242851 -19.977148 -4.314722
v 4.496401 -1.867135 -4.387254
v 3.349935 1.045748 -4.448235
v 1.216175 -11.323914 -4.432761
v 3.688974 -3.546032 -4.449211
v 5.750466 12.989503 -4.501534
v 3.406280 -10.735720 -4.445880
v -1.633490 -0.493463 -4.422950
v 4.486252 -1.428107 -4.419865
v 0.770184 0.022379 -4.413991
v 4.321517 -3.747960 -4.462687
v 0.227852 -19.679472 -4.441355
v 1.445365 -11.452715 -4.431393
v 0.395114 -7.488000 -4.417972
v 1.691343 -10.599757 -4.436198
v 2.203398 -5.688739 -4.568279
v -1.350428 -4.401277 -4.369408
v 0.855322 -6.884451 -4.434434
v 1.209024 -7.986152 -4.420741
v 1.200105 -15.985140 -4.539756
v 3.399822 -3.457320 -4.473804
v 1.748960 -7.289531 -4.425377
v 6.578241 -2.480737 -4.397456
v 1.602297 -7.695869 -4.407810
v 5.286064 -1.518949 -4.443369
v -4.839434 -3.476561 2.153688
v 1.487676 -11.872415 -4.544387
v 1.721616 -11.575300 -4.449075
v -3.324351 6.075300 -4.444960
v 3.540324 -5.636668 -4.428512
v 6.397351 -1.745848 -4.438245
v 4.933569 -0.690637 -4.406620
v -4.610591 13.633273 -4.693023
v 4.791873 -1.599051 -4.465460
v 5.429895 13.365658 -4.534044
v 4.584437 -12.890390 -4.397818
v 3.047901 -10.551849 -4.477090
v 4.723995 -1.070311 -4.449489
v 2.891184 -5.847255 -4.414811
v 3.398885 0.840911 -4.464460
v 4.369308 -0.972206 -4.471061
v 0.162825 -0.173958 -4.517995
v 2.648332 -5.676071 -4.508242
v 0.722716 -7.220078 -4.465639
v 1.561722 -6.969327 -4.470519
v -0.498379 -5.491146 -4.416305
v 2.838070 -10.191678 -4.467185
v 4.709157 7.574468 -4.408025
v 4.876938 -1.959122 -4.492059
v 3.821240 -5.542830 -4.468870
v -3.972759 7.578796 -4.947291
v -1.449882 -0.529408 -4.623318
v -1.985210 -1.916076 -4.483821
v 0.364436 -5.515960 -4.511820
v -2.920395 -1.490290 -4.479159
v -2.962720 -3.059496 -4.513599
v -1.983638 -0.825371 -4.533765
v -2.303210 -2.449717 -4.533936
v 1.504192 -0.136027 -4.553840
v 1.438853 -11.324435 -4.521132
v 2.511903 -10.062790 -4.478847
v 2.447407 -10.398705 -4.484468
v 3.897919 -5.106692 -4.449000
v 3.937763 -3.557077 -4.512123
v -2.972839 -3.533645 -4.563500
v -2.109220 -1.688720 -4.487080
v 3.171620 -0.466605 -4.535940
v 0.282469 -20.545170 -4.404036
v 2.441535 0.368107 -4.501847
v 3.867741 -5.462665 -4.515085
v -1.310530 -5.070980 -4.490800
v 1.559764 -5.717731 -4.526091
v -1.686052 -1.693288 -4.508052
v 0.484183 -20.723534 -4.415164
v 4.181498 -11.845925 -4.415088
v 5.807069 10.644500 -4.500290
v -2.732213 -1.600564 -4.505766
v -1.265103 -4.006645 -4.615489
v 1.043888 -5.604503 -4.626629
v 4.777189 -3.176064 -4.436292
v 3.525996 -11.264890 -4.585033
v 0.569906 -13.169741 -4.461735
v 2.408329 4.943380 -4.584830
v 0.915149 -7.434286 -4.493042
v 4.187558 -3.551141 -4.488454
v 1.151520 -7.096611 -4.512581
v -1.151065 -5.189965 -4.555225
v 4.238965 -0.228475 -4.534540
v 4.559772 -0.339231 -4.496420
v 3.116300 -1.182483 -4.552763
v -1.046447 -4.304092 -4.574904
v 4.358813 0.048137 -4.491641
v -1.279630 -0.347702 -4.517790
v 1.236085 -7.393871 -4.499558
v 0.308148 -15.298764 -4.450009
v 1.940112 15.283340 -4.549261
v 3.868001 -20.783590 -4.415609
v 2.815870 5.087956 -4.551125
v 3.175504 -0.131719 -4.514312
v 3.143890 0.640494 -4.536680
v 5.358143 -2.012905 -4.602074
v 2.283819 -10.660133 -4.527272
v 3.133705 0.171802 -4.552080
v 0.874101 -15.609349 -4.435407
v 4.208290 -0.741486 -4.530620
v 3.788877 -4.816164 -4.522185
v -3.412823 14.524928 -4.519255
v 4.151530 -0.528226 -4.533950
v 6.589030 -2.292140 -4.534760
v 0.644384 -16.903154 -4.555776
v -1.642124 -0.731642 -4.573718
v -2.376983 -3.788118 -4.492877
v 3.558019 -3.722376 -4.539079
v -5.569397 12.251615 -4.628455
v 3.589508 5.490307 -4.472135
v 6.327916 -2.621873 -4.486991
v 0.593815 -0.155688 -4.516330
v 4.518114 -14.365233 -4.486620
v 4.657231 -18.877300 -4.546040
v 1.386656 -11.073954 -4.509801
v -1.677790 -1.535190 -4.547550
v -5.099251 8.535917 -4.667433
v 1.683686 -11.356647 -4.536221
v -0.992239 -4.709331 -4.569994
v 4.429112 7.995996 -4.685147
v 4.945054 -2.389163 -4.614628
v -1.586488 -1.878843 -4.538272
v 2.047174 -11.437914 -4.579705
v 4.044791 -15.092091 -4.480738
v 1.628633 -10.844799 -4.560491
v 3.686889 -15.390882 -4.487847
v 5.113728 -2.994806 -4.573148
v 0.994405 -0.251684 -4.565556
v -1.919174 -2.335752 -4.598897
v 4.413010 -0.583395 -4.560950
v 3.853152 6.183471 -4.598194
v 0.381390 -19.041800 -4.561820
v 2.160338 -0.265905 -4.589923
v -1.514094 -1.658237 -4.575471
v -1.044730 -5.292380 -4.565090
v 0.013823 -14.646750 -4.521091
v 2.767967 0.140362 -4.565499
v 1.012523 -12.174042 -4.538705
v 4.692863 -17.584127 -4.526780
v 4.662136 -18.180040 -4.590830
v 3.794033 -5.304646 -4.571003
v 3.558589 -4.904225 -4.595583
v 4.705650 -2.951940 -4.572600
v 4.655268 -2.573454 -4.516466
v 3.699484 -4.662351 -4.591413
v 1.048055 -16.089766 -4.599097
v -0.661512 -0.327191 -4.576611
v 3.646973 -15.611972 -4.538082
v 0.713204 -12.476206 -4.473352
v 3.301112 -3.743470 -4.579680
v 1.977901 4.863872 -4.684419
v 4.085950 -4.603419 -4.619050
v 5.063036 13.833293 -4.494335
v -1.743591 -2.084960 -4.563595
v 0.521923 -18.681566 -4.518015
v -1.502974 -3.824213 -4.643330
v 4.817490 -19.587334 -4.690436
v 1.254511 -15.882616 -4.464821
v -2.563549 6.102310 -4.806714
v 5.475512 -2.806858 -4.617526
v -1.892044 -1.421291 -4.644183
v 3.538471 -3.950745 -4.617249
v 3.284174 14.864314 -4.669934
v -2.275580 -0.992779 -4.569791
v 1.379183 -15.677587 -4.615673
v 2.920257 -10.869913 -4.577850
v 1.994474 -10.901876 -4.627143
v 4.886466 -20.198042 -4.607086
v 3.410449 -4.480818 -4.623667
v 1.158901 -15.484200 -4.663802
v 4.596698 -19.123932 -4.636203
v -3.411943 7.073542 -4.971115
v 2.772030 -0.279699 -4.631580
v 2.695940 -1.256316 -4.691422
v 0.850731 -16.324314 -4.617697
v 2.971906 -2.643404 -4.576325
v 0.213922 -15.082331 -4.663961
v 4.679491 -20.438540 -4.577242
v 4.127851 -13.614324 -4.912703
v 5.902127 -1.876820 -4.645113
v 4.618018 8.682935 -4.851328
v 3.613513 -4.444228 -4.633502
v -0.118890 -5.417475 -4.698385
v 3.547763 -5.441654 -4.654763
v 0.517730 -17.574699 -4.637440
v 2.923162 -0.677700 -4.651306
v 1.659151 -11.077850 -4.635473
v 3.292020 5.393140 -4.641830
v 3.369261 -5.148467 -4.726954
v -1.624269 -2.279798 -4.626920
v 3.224091 -5.534462 -4.658476
v 2.892697 -1.904590 -4.604614
v 3.566060 5.647430 -4.644830
v -2.868054 -3.360858 -4.632473
v 0.725454 -0.295106 -4.614467
v 0.337562 4.379779 -4.732260
v 2.909084 5.407128 -4.692326
v 6.412601 -2.471873 -4.653008
v -0.443949 -5.416985 -4.639570
v 0.280900 -14.388194 -4.723445
v -1.441659 -1.842554 -4.662662
v -1.530088 -2.103329 -4.631728
v 3.585859 -4.217900 -4.651139
v -0.235458 15.269342 -4.565845
v -0.812224 -4.989510 -4.678473
v 3.728798 -3.775851 -4.644351
v 6.206721 -1.944339 -4.709843
v 4.088480 -4.433020 -4.664540
v 4.040390 7.098888 -4.690417
v 3.963137 -12.713256 -4.754808
v -1.438463 5.559361 -4.932393
v 4.899640 -2.976200 -4.668190
v 3.963200 -3.741830 -4.669600
v 5.744279 12.528133 -4.704643
v 5.988808 -2.721227 -4.551305
v -5.701001 9.617660 -4.674130
v 2.883309 -3.374823 -4.685222
v 6.434081 -2.034716 -4.618661
v -1.704080 -0.995587 -4.676410
v 3.084844 -4.457548 -4.735357
v -1.021218 -4.102506 -4.740662
v 4.375175 -20.608877 -4.657921
v 3.592344 -15.154155 -4.716395
v 0.468253 -20.238789 -4.662088
v -4.098361 13.818396 -4.936327
v -1.886230 -3.781940 -4.569686
v 3.907773 -4.565134 -4.662923
v -2.644970 -3.585210 -4.680360
v -0.947125 15.147800 -4.681080
v 1.381738 -20.780939 -4.624860
v -2.458130 -1.470410 -4.685370
v 0.077422 -14.911875 -4.658007
v 2.479338 14.955890 -4.857630
v 3.233598 -15.541456 -4.713599
v -1.533190 -1.518810 -4.690010
v 0.408817 -13.901217 -4.589817
v -1.685680 -1.405184 -4.690163
v 0.956287 -13.074454 -4.774672
v 3.512150 6.643604 -4.853222
v -0.713964 -4.216682 -4.786361
v -2.199890 -1.419790 -4.720395
v 0.575358 -20.526899 -4.695530
v -2.570614 -3.091129 -4.679217
v -1.389992 -0.693238 -4.859857
v 0.635753 -5.451774 -4.761718
v 2.186961 -11.171721 -4.697461
v 4.751156 -19.949215 -4.777850
v 1.939559 -0.916412 -4.734624
v -2.280397 -3.633973 -4.698223
v -1.566405 -2.489049 -4.687263
v 4.104016 -3.945945 -4.638547
v 4.436095 14.269463 -4.642817
v 1.590316 -15.839258 -4.692823
v 4.869136 -2.744771 -4.697075
v 1.821248 -11.805863 -4.697432
v 0.788764 -20.669367 -4.710553
v 2.164281 -1.375893 -4.781900
v -2.463580 -1.371530 -4.712770
v -1.398323 -1.668413 -4.808251
v 4.414774 -13.953387 -4.725402
v 1.745267 -15.597826 -4.733826
v 1.651688 -15.372430 -4.804352
v -4.987092 13.053626 -4.779777
v 3.723779 -4.055530 -4.715404
v 2.356629 -11.531479 -4.773018
v 2.446014 -11.006703 -4.690005
v 3.763956 -4.369058 -4.700454
v -1.694173 -2.823743 -4.715575
v 0.910802 -0.481119 -4.671977
v 1.577911 -12.147950 -4.770900
v 3.351832 -15.821883 -4.759058
v 1.267228 -0.846464 -4.736647
v 0.499623 -0.289953 -4.708665
v 3.176229 5.671062 -4.736119
v -2.201487 -1.267530 -4.740941
v 0.931345 -12.672049 -4.676078
v 2.903824 -11.267042 -4.739219
v 0.977930 -15.326778 -4.756259
v 3.905310 -3.898880 -4.740950
v 5.074778 -2.840353 -4.734486
v 5.264083 -2.782049 -4.736705
v 3.920556 -4.207315 -4.743259
v 4.299916 -19.053818 -4.784589
v -2.492200 -3.453400 -4.755615
v 1.505573 -15.990605 -4.749606
v 1.207073 -12.345906 -4.752427
v 5.089710 -2.637020 -4.755520
v -5.495734 11.870199 -4.866009
v -1.851527 -1.118697 -4.733714
v 1.297405 -16.076431 -4.773824
v 2.459994 -2.189329 -4.791469
v 2.543332 -11.341762 -4.757042
v -1.545055 -2.823105 -4.807730
v 5.405721 12.914487 -4.905362
v -1.950883 -3.595039 -4.745819
v -4.488497 8.209103 -4.990848
v -5.222967 9.125636 -4.927733
v 4.236311 -17.112101 -4.770770
v -1.773174 -3.324099 -4.814677
v 3.621511 -16.250151 -4.784315
v -1.936789 -1.255062 -4.762597
v 6.186323 -2.549201 -4.786962
v -0.824264 -0.411003 -4.836229
v 0.615838 -18.094131 -4.701746
v 4.559466 -19.351551 -4.849345
v -1.230588 -0.453386 -4.779542
v 5.730862 11.914156 -4.792076
v 3.686255 -12.270761 -4.777287
v -2.200103 -3.045497 -4.750206
v 3.291312 -15.299240 -4.723320
v -0.273326 -4.480475 -4.842517
v -0.513380 -5.231358 -4.769833
v -1.697805 -3.667437 -4.754607
v 4.480468 -20.205433 -4.913510
v 0.727395 -0.437235 -4.780960
v 1.164009 -16.279558 -4.834516
v 2.678954 5.658503 -4.870073
v 1.210443 4.468950 -4.711467
v -2.141947 -3.393402 -4.795562
v -5.632756 11.368325 -4.874793
v 2.936621 -15.797998 -4.843067
v 5.536559 10.147200 -4.798740
v 2.793419 -15.482842 -4.803370
v 2.253137 -15.527435 -4.807590
v 1.573581 -1.382431 -4.810621
v 1.332050 -15.216120 -4.943172
v 3.130996 -5.300605 -4.842445
v -1.843948 -3.458082 -4.811615
v 6.328589 -2.188188 -4.762637
v 5.296768 -2.654099 -4.802424
v -1.471716 -2.291631 -4.802449
v 0.775081 -18.446735 -4.774497
v 5.479138 -2.659672 -4.790897
v 1.831747 -16.060249 -4.888857
v -1.332948 -1.828456 -4.878902
v -1.737691 -1.304628 -4.789931
v 5.849631 -2.615951 -4.795761
v 1.256424 -1.461807 -4.867081
v 1.188840 -1.163406 -4.820381
v 3.331445 6.071799 -4.775161
v 0.624302 -19.895910 -4.823944
v 5.481690 -2.429460 -4.822960
v -0.092570 -5.261709 -4.853058
v 1.030760 -0.863157 -4.824170
v 2.020663 -15.384792 -4.836328
v 4.346480 -14.458071 -4.737487
v 4.246906 -18.646646 -4.825883
v 1.989939 -1.889068 -4.848276
v 2.189922 -15.988233 -4.917678
v 6.304360 -2.364799 -4.830650
v -2.619191 14.647800 -4.830810
v 4.311297 -17.586998 -4.872187
v -1.643000 -3.114250 -4.834240
v 2.097545 5.497912 -5.055103
v 3.000878 -5.414654 -4.841637
v 0.750932 4.433205 -4.833148
v -0.448206 -4.876172 -4.797987
v 2.480606 -15.281916 -4.889225
v 2.513039 -15.802343 -4.874204
v 0.873829 -17.745222 -4.963835
v 0.809413 -20.275457 -4.914563
v 3.087711 -11.542500 -4.848560
v 0.249451 -14.799700 -4.855860
v 0.628999 -15.146268 -4.867266
v -2.141387 6.807912 -5.416832
v -5.056752 12.572925 -5.020252
v 2.315050 -2.940390 -4.858520
v -1.698454 -1.154810 -4.866734
v 2.253682 -20.735399 -4.861510
v 0.594752 -19.453108 -4.829236
v 0.779444 -17.250746 -4.848129
v 0.830944 -18.726347 -4.884551
v 0.281653 -5.334210 -4.864424
v 1.023166 -16.685066 -4.864533
v 3.290441 -11.862100 -4.873200
v 0.841150 -0.640966 -4.896026
v 3.126848 -16.273268 -4.989516
v 2.070362 -11.940444 -4.905845
v 5.750385 -2.490066 -4.875772
v 3.143531 -15.128800 -4.881040
v -4.525255 13.337494 -5.028498
v 0.801183 -13.605147 -4.855291
v 5.860050 -2.317199 -4.893320
v 4.178286 -14.703014 -4.850780
v 3.934777 7.800144 -4.969222
v -1.996091 14.770500 -4.896540
v 6.106720 -2.292475 -4.904305
v -1.672443 -3.369950 -4.958247
v 0.671502 -19.061090 -4.863953
v 2.558944 -4.940618 -5.002391
v -1.073001 -3.940893 -4.954770
v -0.005059 -5.008073 -4.932715
v 4.036840 -18.835711 -4.905268
v 6.072770 -2.447464 -4.909688
v 2.412734 -11.789751 -4.924892
v -1.665361 -3.548750 -4.952703
v 3.850183 -14.828877 -4.958250
v 1.827551 -12.454176 -4.948928
v -1.356369 -2.347771 -5.017122
v 2.269733 -5.553951 -4.845799
v 2.821034 -5.296229 -4.929042
v 2.039669 -15.171091 -5.013778
v 1.255559 -1.730248 -4.915775
v 4.378312 -19.870516 -5.046519
v 2.798806 -11.755610 -4.936913
v 0.574390 15.060140 -4.944141
v -1.574660 -1.426331 -4.923002
v 1.016835 -1.195527 -4.968500
v 1.540304 -16.220964 -5.013801
v 1.086632 -1.495163 -4.973123
v 0.986360 -5.421896 -4.963637
v 4.071266 -19.015381 -4.925823
v 1.441941 -5.534813 -4.886171
v 5.496104 10.574350 -5.054020
v 0.002900 -4.380104 -4.933870
v 3.189724 -12.330719 -4.946016
v 1.846265 14.906332 -5.061345
v -1.429366 -0.952503 -5.025749
v 4.223871 -18.143822 -4.919032
v 1.958775 -5.535972 -4.886270
v 2.048203 -3.809810 -4.994738
v 3.609246 -18.321257 -5.241802
v -1.385314 -3.760947 -4.984565
v 1.102330 -20.513910 -4.990329
v 1.204604 -2.179678 -4.966745
v 2.368690 -12.184681 -4.991591
v -0.646149 -4.043774 -5.027304
v -0.260562 -4.230362 -4.935395
v 0.257796 -5.160835 -4.986944
v 0.273455 -4.707385 -4.995371
v -5.632953 10.224948 -4.884182
v 1.307486 15.014424 -4.992948
v 0.495070 -0.382417 -4.971104
v 0.590086 -5.287507 -5.006207
v 4.153396 -14.565878 -4.959625
v 4.010481 -20.516600 -4.992560
v 1.458362 -12.834949 -4.958715
v 4.362376 -19.534994 -5.054328
v 1.593592 -2.646154 -4.981634
v 0.871302 -0.869923 -5.076400
v 4.193629 -14.337885 -4.950623
v 0.429157 -14.944654 -4.944620
v 0.679215 -14.305626 -5.063650
v 5.192674 9.772675 -5.033070
v 3.431031 -14.814928 -5.101102
v 2.230583 -16.223793 -5.075055
v 0.178354 -4.163094 -5.038134
v 3.901489 -17.150484 -5.004019
v 1.006227 -2.166290 -5.045321
v 1.082845 -2.551945 -5.061300
v 0.563509 -4.247940 -5.030600
v 4.151114 -19.204790 -5.109320
v 0.998861 -1.745754 -5.054373
v 3.873947 -18.910515 -5.026987
v 2.665828 -12.428702 -5.032291
v 2.512789 -14.998313 -5.066317
v 2.362098 -4.445717 -4.996599
v -0.470447 -0.409173 -4.953214
v 1.000744 -19.672525 -5.157468
v 2.281884 -5.438251 -5.020725
v 0.877478 -1.229173 -5.196163
v 2.724451 6.244712 -5.141721
v 4.436479 13.887250 -5.121685
v 0.642455 -5.139193 -5.085358
v 3.083033 14.541525 -5.118963
v -1.177340 -1.943570 -5.064560
v 0.900920 4.708750 -5.065950
v 3.968809 -14.577567 -5.076236
v -1.132995 -2.167565 -5.126945
v 1.509204 -3.379497 -5.060611
v 1.191758 -18.562542 -5.072746
v 3.753194 -18.674572 -5.089596
v 1.297960 -13.478826 -5.092278
v 0.176672 -0.386880 -5.089083
v 3.421215 -13.081388 -5.081820
v 2.084054 -12.766839 -5.079393
v -1.418393 -1.602567 -5.058299
v 0.981881 -5.242736 -5.116281
v 3.529401 -16.969351 -5.129620
v 3.974747 -14.135824 -5.150553
v 1.287407 -18.212700 -5.147202
v 0.871626 -4.599660 -5.093213
v 1.738241 -4.546561 -5.123134
v 4.936688 13.344061 -5.111183
v -5.363306 10.648300 -5.218740
v -3.499536 13.797289 -5.296732
v 2.248075 -5.248664 -5.104961
v -1.431371 -2.948462 -5.173235
v 0.947019 -15.151147 -5.025276
v 4.100286 8.737432 -5.320031
v 0.788487 -4.122042 -5.105253
v -4.395650 12.910233 -5.435475
v 1.749782 -5.356071 -5.131165
v 1.119623 -4.340029 -5.124377
v 2.599198 -16.351435 -5.124969
v 3.934868 14.248260 -5.066737
v -1.528697 -1.266021 -5.089550
v 1.250581 -4.013472 -5.131241
v 0.563649 -4.031172 -5.167225
v 1.189471 -2.939873 -5.125921
v 3.109998 -13.299048 -5.195461
v 1.694652 -15.041686 -5.176355
v 0.903036 -19.286049 -5.096556
v 1.482824 -20.503359 -5.143551
v 4.019205 -20.119455 -5.206782
v 0.644892 -14.782650 -5.155600
v 1.129537 -4.931411 -5.157417
v 1.507364 -18.638235 -5.202277
v 0.015388 4.879286 -5.063036
v 0.997553 -18.966940 -5.126129
v 2.038115 -5.083127 -5.155652
v 3.513057 -13.540012 -5.238154
v -1.239034 -1.736483 -5.111836
v 0.872693 -2.238809 -5.171317
v -0.175520 -4.055824 -5.150893
v 1.902707 -16.269201 -5.118045
v -1.581290 -3.550420 -5.170160
v 1.601091 -18.403299 -5.218570
v 1.106883 -3.661022 -5.170995
v -0.561771 -3.929940 -5.314319
v 0.827619 -3.934199 -5.172384
v 0.917603 -2.589617 -5.188251
v 1.409563 -16.692410 -5.146179
v 3.769705 -18.882669 -5.147148
v 1.746380 -5.211170 -5.182670
v 3.586391 -18.846943 -5.203500
v 2.885325 -12.840961 -5.140985
v 0.668837 -0.516762 -5.216601
v 1.148230 -17.353928 -5.192234
v 0.792439 -14.995460 -5.155735
v 0.301409 -4.006909 -5.270452
v 1.101082 -3.264441 -5.205489
v 5.193337 10.254316 -5.306676
v 2.974699 6.814420 -5.266090
v 3.727742 -17.468670 -5.189723
v 1.913578 -13.249475 -5.229946
v -1.189331 6.651801 -5.751175
v -0.737605 -0.547775 -5.142162
v 3.967755 -14.372862 -5.162756
v -1.104905 -3.786791 -5.274331
v -0.986126 -0.673957 -5.189034
v 0.987896 -2.909459 -5.244125
v 0.852875 -1.888884 -5.241172
v 0.764760 -0.672604 -5.202807
v -0.464543 5.619046 -5.415092
v 0.406994 -0.466211 -5.241874
v 2.422154 -13.052505 -5.245424
v 3.216158 -20.542316 -5.244590
v -1.451138 -3.383874 -5.325282
v 0.508384 4.773198 -5.121942
v 4.623059 10.124395 -5.736979
v -5.240549 11.421759 -5.247190
v 1.122776 -15.024548 -5.252488
v -4.150691 13.414000 -5.264080
v 3.087713 -17.136665 -5.311401
v 1.776111 -16.480301 -5.269080
v 3.732408 -14.516348 -5.270531
v 3.959583 -19.365400 -5.312879
v 0.120223 14.703219 -5.292917
v -1.332358 -1.625876 -5.249586
v -0.227141 -0.630082 -5.401578
v -0.966611 -1.815640 -5.328991
v 1.211522 -20.082745 -5.226971
v 3.315082 -18.661825 -5.358781
v -3.869709 8.552778 -5.689758
v 5.382759 12.312400 -5.283020
v -1.123348 -0.861857 -5.249144
v 1.184687 5.299083 -5.423954
v 2.855228 -14.699659 -5.224753
v -1.414790 -3.624800 -5.292820
v 0.911191 -3.582121 -5.282546
v 0.540528 -3.870994 -5.415180
v 0.918537 -14.870346 -5.304261
v 0.808789 -2.432003 -5.309878
v 3.477259 7.898398 -5.401943
v 5.398929 11.330156 -5.305786
v 0.800838 5.171405 -5.450834
v 3.779197 -19.061201 -5.338790
v -4.905726 9.529947 -5.431220
v 1.316855 -17.783766 -5.298543
v 1.910202 -20.452900 -5.326400
v 3.391109 -17.675257 -5.348009
v -1.410200 -1.487530 -5.328620
v 3.369938 -18.823044 -5.334337
v 1.738130 -13.825366 -5.350287
v 2.736962 -16.799910 -5.308487
v 2.735937 -13.363955 -5.317337
v -0.469154 -0.598894 -5.345519
v 2.053601 -16.495600 -5.355480
v 0.795943 -2.759594 -5.463696
v 0.914815 -14.506218 -5.295679
v 3.688893 -13.865015 -5.265298
v 1.161027 -14.048355 -5.269649
v -1.105978 -1.116793 -5.388876
v 3.664737 -20.254133 -5.335242
v -1.196181 -1.654389 -5.362358
v 1.440583 -14.914342 -5.372436
v 1.355381 -18.896690 -5.298892
v 3.709601 -14.259300 -5.381220
v 4.228021 9.599047 -5.727757
v 1.175169 -14.869281 -5.392443
v 1.855510 -18.767925 -5.421918
v 0.323707 5.263932 -5.471790
v 0.806018 -1.516758 -5.387019
v 2.042471 -14.852567 -5.331990
v 3.074999 -18.777294 -5.425783
v 0.485106 -0.617756 -5.421438
v 1.101646 -14.672672 -5.414280
v 0.677105 -0.777490 -5.440682
v -0.772087 -2.267341 -5.425734
v 2.235265 -13.551126 -5.376349
v 3.171037 13.973717 -5.591975
v 0.750462 -3.736089 -5.370007
v 2.412365 -16.723051 -5.403723
v 3.508027 -18.952444 -5.394869
v 1.187062 -19.294390 -5.294750
v 0.795302 -3.354647 -5.479747
v 0.001427 -3.926234 -5.455023
v -4.965915 10.987973 -5.612643
v -1.255698 -3.556598 -5.464341
v 0.156644 -0.617095 -5.434363
v 3.064436 -13.682539 -5.414844
v 2.777941 -18.708401 -5.457530
v 2.227753 -18.588446 -5.406861
v 3.458610 -14.351089 -5.429429
v -0.796102 -2.004074 -5.370336
v 3.213491 -18.389956 -5.464193
v 1.211010 -14.436074 -5.427569
v 2.899352 -18.509089 -5.481493
v 1.703569 -20.088278 -5.465613
v 1.415282 -14.673059 -5.488734
v 3.900591 13.778955 -5.512962
v 1.727380 -14.714545 -5.487565
v -4.614427 12.084883 -5.633940
v 3.338925 -18.157091 -5.466627
v 2.692591 -20.446301 -5.468670
v 2.485308 -14.492550 -5.453494
v -4.591638 9.250715 -5.582736
v -1.216664 -3.056906 -5.471318
v 3.705381 -19.192072 -5.461182
v 2.495571 -18.618660 -5.472166
v 1.030927 14.363470 -5.626320
v 1.681241 -17.943100 -5.485100
v 0.726270 -1.059475 -5.532790
v -1.126809 -1.483877 -5.493316
v 2.464110 -18.371832 -5.522835
v 1.642711 -17.533001 -5.491360
v 1.575489 -14.303540 -5.477631
v 3.341361 -14.056800 -5.506875
v 2.019263 -14.596482 -5.488991
v 2.207459 14.444100 -5.508510
v 4.442122 13.504481 -5.453917
v -0.724445 -0.676699 -5.428470
v 1.996218 -14.125584 -5.504812
v 0.746594 -2.177278 -5.443440
v 0.416998 -0.937400 -5.651053
v 3.001841 -14.304700 -5.526630
v 2.281101 -14.287900 -5.532455
v 0.711046 -1.800557 -5.503729
v 2.515270 -13.787090 -5.482162
v 1.853327 -14.460284 -5.534104
v 3.196551 -17.921499 -5.547790
v 0.621773 -1.587825 -5.629893
v 3.519132 -19.906797 -5.503258
v -0.428077 -2.117652 -5.580098
v 2.911350 -18.237659 -5.576756
v -0.979004 -1.335345 -5.555407
v 2.165703 -20.225977 -5.561327
v 3.119020 -14.076442 -5.558286
v 2.797761 -14.020667 -5.554557
v 3.496536 -19.317646 -5.584613
v -0.785686 -1.762607 -5.558062
v 1.558826 -19.620153 -5.520432
v 2.116451 -17.101851 -5.587415
v 2.498929 -14.125937 -5.574799
v 3.031750 -17.495783 -5.532384
v 1.969032 -17.667660 -5.612980
v 2.113174 -18.154533 -5.526917
v -0.861666 -0.836365 -5.584910
v -0.981267 -1.614460 -5.586650
v -0.499281 -1.856594 -5.594527
v 2.641821 -17.142900 -5.588030
v 2.407673 -18.836132 -5.616843
v 2.306362 -16.941219 -5.555072
v -1.465139 13.987881 -5.705511
v 0.245099 -3.874115 -5.561145
v 1.947554 14.364050 -5.633085
v 2.618997 -18.136929 -5.613656
v 1.660084 -19.177330 -5.581291
v 0.611548 -2.008599 -5.612990
v 5.023563 11.062745 -5.737002
v -0.538152 -3.829229 -5.604861
v -0.224622 -0.892537 -5.631998
v 1.926431 -18.927799 -5.624960
v -0.243413 -1.947659 -5.621667
v 2.928546 -18.008825 -5.629152
v -1.147701 -3.346362 -5.610416
v 3.040328 -20.137722 -5.635622
v 2.168349 -17.422377 -5.644850
v 0.603793 -3.621027 -5.606396
v 2.312127 -17.848955 -5.650119
v 0.447365 -1.775813 -5.661447
v 0.399433 -1.998969 -5.663672
v 0.612450 -2.664854 -5.729070
v -0.921792 -1.522160 -5.654000
v 2.495219 -17.344471 -5.658494
v -1.056482 -3.570347 -5.658098
v 3.198841 -19.072901 -5.654870
v 2.817756 -17.585117 -5.653848
v -0.730088 -1.202396 -5.657399
v -0.519992 -1.015670 -5.678977
v -0.091026 -2.195035 -5.701513
v 1.973162 -19.773800 -5.672450
v 0.042359 -1.863224 -5.675172
v -0.640900 -0.821623 -5.680390
v 0.201408 -2.130833 -5.712487
v -0.883304 -3.130815 -5.742580
v 2.648617 -18.901842 -5.687155
v 2.059881 -19.135067 -5.734485
v 3.086957 -19.687502 -5.697218
v 2.546343 -17.674669 -5.685098
v -0.240524 -1.762291 -5.711614
v 4.881079 12.621600 -5.701180
v 0.063324 13.945624 -5.963192
v 2.432451 -19.997299 -5.701803
v 0.503509 -2.188800 -5.704430
v 0.617714 5.920415 -5.956941
v 1.942221 -19.376902 -5.707279
v 0.560687 -1.048321 -5.678181
v 2.211266 -18.943853 -5.712437
v 3.078739 -19.269211 -5.724072
v -4.104589 12.529447 -5.899515
v 1.001541 5.728638 -5.786923
v 0.685120 -3.065281 -5.707439
v -0.707657 -1.662660 -5.736490
v 2.753602 -19.800798 -5.741195
v -4.657020 11.378270 -5.842236
v 0.567786 -1.325955 -5.726889
v 2.808541 -19.126957 -5.750914
v 0.271665 -1.654435 -5.773871
v 2.477247 -19.588242 -5.773208
v 0.380124 -3.715993 -5.747611
v 0.615318 -3.376697 -5.754367
v -0.637005 -1.470939 -5.764275
v -0.623882 -3.706205 -5.756299
v 2.426322 -19.093201 -5.777200
v 4.474097 13.053198 -5.768916
v 2.268054 -19.333059 -5.780320
v -0.796759 -3.382561 -5.826867
v -4.567651 9.730850 -5.805288
v 0.155076 -2.542915 -5.862920
v -0.378439 -1.611135 -5.841985
v -4.997360 10.118501 -5.513694
v 3.946362 13.291036 -5.874628
v 0.341226 -1.410665 -5.862775
v 1.257664 13.692481 -6.175124
v 5.001354 11.615372 -5.836296
v 0.069690 -3.778785 -5.861525
v 3.467717 13.393119 -5.963589
v 4.881515 12.090467 -5.903955
v -0.534169 -3.571687 -5.917024
v 0.475936 -3.489502 -5.851537
v 0.393424 -1.188243 -5.810038
v -0.213256 -1.288021 -5.836601
v 0.066355 -1.635692 -5.873602
v 0.186806 -1.256090 -5.892620
v -0.166740 -1.562551 -5.883667
v -4.591964 10.587300 -5.953833
v 0.080311 -1.419190 -5.920020
v 0.442338 -3.163525 -5.963845
v -0.408159 -2.993480 -5.900999
v 0.288531 -3.602966 -5.944814
v -0.270150 -3.687811 -5.929915
v 2.180585 6.469329 -5.695796
v 2.616997 13.567554 -6.069777
v 4.585254 12.490849 -6.023360
v 0.138399 -3.643215 -5.982090
v -0.455451 -3.350795 -5.967405
v -0.000699 -3.006194 -6.008931
v -4.211063 11.613200 -6.120280
v 0.286527 -2.962731 -5.987657
v 0.178916 6.500322 -6.272195
v 0.341722 -3.423473 -5.991272
v -3.305296 13.139997 -6.067963
v -3.224337 8.473736 -6.044960
v -0.264040 -3.511211 -6.038492
v -0.052777 -3.629853 -6.035170
v -0.189503 -3.262392 -6.053667
v 0.118853 -3.506145 -6.070894
v 4.024206 12.837711 -6.131085
v -3.471122 12.904147 -6.139142
v 1.211370 6.482224 -6.250930
v 0.182972 -3.255012 -6.078057
v -4.151806 10.968850 -6.265634
v -0.089715 -3.452190 -6.091556
v -4.223783 9.934769 -6.135529
v 3.441311 12.738823 -6.395926
v -2.601056 13.288680 -6.143532
v -0.416898 7.194023 -6.526350
v -2.389022 8.533146 -6.515424
v -3.607700 12.403457 -6.290088
v -3.036164 13.005602 -6.261844
v -3.767521 9.351580 -6.226490
v 2.371752 7.335725 -6.206733
v 4.663857 11.353067 -6.196149
v 0.886393 6.667140 -6.443273
v 4.576739 10.960178 -6.222896
v 1.927492 13.349753 -6.361796
v -1.571425 13.235732 -6.389981
v 4.022449 12.433634 -6.352449
v -3.703267 9.745135 -6.456676
v -2.675063 12.889447 -6.422785
v -3.263681 12.672700 -6.357050
v -2.967327 12.545397 -6.504154
v 4.451299 11.687600 -6.390570
v -3.806429 10.158004 -6.485290
v -3.719285 11.057541 -6.528596
v 3.472006 9.803185 -6.575679
v -3.217095 11.999861 -6.574869
v 0.253622 13.272658 -6.587405
v -3.790031 10.550250 -6.529445
v 4.048744 10.578250 -6.493165
v 1.876844 7.315103 -6.541213
v -3.139044 9.232443 -6.544243
v 4.167494 10.850550 -6.525385
v 4.206794 12.026275 -6.454781
v 2.565768 8.079297 -6.566366
v -0.422458 13.221506 -6.571877
v -1.799064 12.913638 -6.592516
v 3.657186 12.162476 -6.631449
v 0.483049 6.985407 -6.641921
v -0.911300 12.924733 -6.723961
v 2.836857 8.601200 -6.617330
v -2.098464 12.585211 -6.697052
v 4.307600 11.269709 -6.513747
v 4.030745 11.609996 -6.666543
v -3.399049 9.868716 -6.677375
v 2.288201 7.913673 -6.683597
v 3.506281 11.763387 -6.843706
v -3.467137 11.543326 -6.565829
v 2.668987 12.720338 -6.624395
v -2.718468 11.647040 -6.839607
v -3.209774 10.177827 -6.846576
v 0.987540 12.955585 -6.819535
v -0.218679 12.817405 -6.873586
v 1.658169 12.664603 -6.897913
v 3.857877 11.081800 -6.795867
v -3.274081 10.584299 -6.829220
v -2.807117 9.738339 -6.939548
v 0.340221 12.767681 -6.950155
v 2.305760 8.499462 -7.004184
v 3.187714 10.263629 -7.028704
v 3.577127 10.620958 -6.880888
v 0.046741 7.248644 -6.731010
v -2.452442 9.198448 -6.870053
v 1.926836 7.869563 -6.879362
v 1.031143 7.414854 -6.879163
v -0.512312 12.365292 -7.048464
v -2.842377 10.899700 -7.004624
v 1.567629 7.637561 -6.888766
v 0.495508 7.675203 -7.049793
v 3.444930 11.003252 -7.053452
v 2.671467 9.135319 -7.028393
v 2.809079 11.869207 -7.052577
v 3.550974 11.360867 -6.943640
v 0.937055 12.566540 -7.049123
v 2.109193 12.258685 -7.024455
v 0.193243 12.235028 -7.166210
v 3.539613 -0.261452 -4.230673
v -2.264497 11.154876 -7.126369
v 3.065038 10.619726 -7.233829
v -2.657836 10.313650 -7.123940
v -0.117576 7.930256 -7.093376
v -2.128764 9.662160 -7.181905
v 1.859308 8.377808 -7.191300
v 1.334295 11.924768 -7.272301
v -1.056576 8.619511 -7.107918
v -2.334945 10.051564 -7.207116
v 3.125904 11.432831 -7.107194
v 1.266520 8.304880 -7.336278
v 2.468812 9.531374 -7.330065
v 2.754700 9.850533 -7.225842
v 2.130327 11.682265 -7.283339
v -2.103485 10.505022 -7.311321
v 2.577472 11.433304 -7.293329
v 3.077785 10.956050 -7.248508
v 0.705422 8.188007 -7.333096
v -1.071679 9.319145 -7.420972
v 0.073352 8.291355 -7.333887
v -1.738803 10.040711 -7.391934
v 2.803358 11.151764 -7.316096
v -1.518091 10.989750 -7.362365
v -0.638337 11.397670 -7.371421
v 2.115490 9.188615 -7.428883
v 2.660499 10.768154 -7.431974
v 0.492194 8.653823 -7.561188
v 2.204519 11.058791 -7.476211
v 1.583955 8.818810 -7.494045
v 1.055767 8.735215 -7.578587
v 0.403960 11.603590 -7.407926
v -0.864777 9.862862 -7.621189
v 2.598211 10.350327 -7.445778
v 1.452823 11.311323 -7.492322
v -1.178421 10.404737 -7.555191
v -0.383206 8.894357 -7.477788
v 2.320664 10.057150 -7.560820
v 0.713670 10.963743 -7.649636
v 0.220053 9.022680 -7.678810
v -0.545588 10.651010 -7.635584
v 1.603028 9.253270 -7.665565
v 2.128521 10.482473 -7.629625
v 1.919021 9.575289 -7.637564
v 1.319572 10.683572 -7.715698
v -0.199303 9.457842 -7.725185
v 0.011055 10.788416 -7.684757
v 1.850984 9.969172 -7.720645
v 1.199211 9.186884 -7.747804
v 0.806837 9.029020 -7.716681
v -0.463330 10.188351 -7.725381
v 0.110677 10.281462 -7.834765
v 0.617635 10.376374 -7.826245
v 1.422207 9.699940 -7.832360
v 1.515408 10.225978 -7.791447
v 0.386956 9.511749 -7.844125
v 0.811620 9.386147 -7.832733
v 0.161597 9.834990 -7.864250
v 1.124828 9.575602 -7.865459
v 1.176327 9.984072 -7.872023
v 0.741279 9.837084 -7.895412
v 5.700157 13.960756 -3.368901
v -3.164051 -4.583056 5.602732
v 2.132360 -11.457195 1.683959
v 3.454264 8.838775 -6.001204
v 0.784172 -0.917003 -5.328940
v 2.770234 7.446859 -5.916228
v -5.005209 -4.866065 3.566006
v -0.277792 14.552406 5.424283
v -4.176792 -1.545005 4.370852
v -0.276533 0.438762 4.795666
v -5.097281 11.269743 2.230254
v -7.334887 -6.089349 5.966260
v -4.598410 -3.595767 2.804778
v -7.088881 -8.586907 5.960223
v -3.958876 -1.918452 3.493347
v -3.782822 -2.730036 3.667597
v 2.082848 2.070048 4.376961
v 3.339380 -5.371129 -4.748604
v 0.715134 16.170595 2.240616
v 9.121140 1.430341 1.822362
v 1.613392 16.067841 2.461720
v 1.601687 9.000519 5.201591
v -0.633811 -0.092093 6.584682
v 4.824605 -15.648523 -0.384351
v 5.166293 -16.095478 -0.558425
v -6.683355 -14.648541 1.647139
v -4.877233 -4.863832 3.771652
v -0.776617 -0.274910 6.841781
v -8.354671 -8.228947 -1.328284
v -4.104918 -8.400640 -1.323564
v -6.920850 -4.286773 -1.595144
v -1.316406 2.434395 -3.101981
v -2.701424 13.852545 -5.565425
v 8.808306 -0.041795 2.776402
v -3.079925 2.268330 -0.668960
v 8.298919 -4.983156 3.664646
v 0.711536 -0.509166 -5.007473
v -1.574477 -3.277140 -5.109819
v -1.271166 7.733745 -6.475842
v 8.794505 -0.443680 3.027830
v 3.230616 -2.262469 -4.403502
v 1.520056 -2.134573 7.628483
v 2.660872 1.943929 3.424641
v -7.430863 -8.850324 2.442943
v -4.936547 -6.267436 6.048196
v 8.750790 -0.301767 3.139088
v 5.756457 -3.437603 5.270883
v -7.941038 -6.428904 5.599596
v -3.580581 -2.250788 5.242329
v 7.256552 -3.793374 4.398320
v -4.782305 11.797730 2.603364
v 7.180291 -4.729453 4.736589
v -1.613087 -14.283170 4.451685
v -0.984170 -10.028771 4.437664
v -1.726483 -21.088449 5.982847
v 5.123059 -1.103512 -4.409013
v 6.511748 0.408174 4.023795
v 5.107394 0.996658 3.095101
v 8.543717 -19.293535 3.752864
v -6.776565 -19.055603 5.879845
v 2.204357 8.710830 5.071750
v -7.669202 -8.670742 1.875222
v -0.179388 -14.745394 2.249903
v -4.691974 7.926132 2.204946
v 5.162180 -17.088341 1.490028
v 0.993544 -12.469782 1.836449
v 7.144832 -2.265020 2.069105
v -1.320176 -19.109627 2.820208
v -4.308426 11.971852 3.271693
v -8.638380 -5.876813 1.775637
v 9.157446 1.398862 1.562397
v 5.303734 0.899676 0.313881
v 1.311423 -13.151730 1.426696
v -5.893696 8.332963 1.025030
v 9.184478 1.498148 0.998553
v 2.262319 2.044185 3.588778
v -8.026285 -8.463916 1.235838
v 7.239073 -2.811228 0.806621
v -3.698112 -21.173695 -0.988069
v -5.870417 13.125897 1.182170
v 5.530339 -10.338704 0.180955
v -6.175663 7.355983 0.341733
v 0.821355 -15.593044 -0.042829
v 5.179628 -16.630585 0.112197
v -6.013633 -9.246716 -0.192153
v 4.237942 -21.222088 -0.732964
v 4.027528 -18.935938 1.669290
v 5.619524 5.760838 -1.155112
v 5.956480 -0.726390 -1.270946
v -5.429325 -15.892426 -1.236242
v -4.064741 -11.774175 -1.547834
v -0.497941 -13.180927 -2.084783
v -8.050115 -8.216391 5.378283
v 5.809484 -0.094399 -1.317532
v 5.707850 -14.498351 -2.469334
v -9.208047 -6.053527 1.328136
v 4.795382 -7.496723 -2.390414
v -2.697313 0.236902 -2.388813
v -4.480965 -4.560618 3.194319
v -5.454180 -21.299604 1.172199
v 3.105556 3.575504 -2.973757
v -1.230130 2.841778 -3.292462
v 4.379722 -21.016239 -3.339650
v -4.784343 7.330163 -4.035832
v -0.419461 -0.231932 6.215042
v -1.285807 14.733910 4.976496
v 2.935006 -20.891232 -4.198748
v -0.727508 4.885729 -4.729466
v 4.402166 7.331789 -4.565382
v -2.740261 6.775058 4.470256
v 0.879627 0.704888 -4.127420
v 6.236035 -0.758656 -1.579716
v 1.571042 5.805886 -5.601809
v 1.609268 6.592880 -6.156121
v -3.719937 -1.738617 -3.050761
v -6.528710 -14.966485 1.209416
v 8.565526 0.945906 2.092691
v -1.875467 11.782037 -7.015340
v 2.058060 9.187757 5.014818
v 6.177457 -5.755001 4.112913
v 1.834626 -2.280429 -4.908975
v 0.950261 -9.446716 3.694553
v 6.884505 -21.000805 -2.333318
v 6.591682 -0.778239 -2.328721
v 4.000355 -5.545183 -4.305171
v -6.178177 -14.159744 2.554934
v 0.364820 7.523641 5.535192
v 1.020366 -15.858817 -0.255918
v -0.132017 2.006335 4.451447
v -7.393357 -7.519622 -2.324638
v -4.904210 -16.351627 -1.829087
v 3.345687 -21.076733 -0.271559
v -4.530284 9.713275 2.962340
v -4.795116 14.759995 0.560163
v -4.679574 0.685358 1.891983
v 4.664095 -2.175163 5.625996
v -6.318872 -9.164332 0.570286
v -3.137660 6.528496 4.152691
v -0.417772 0.009465 -4.065098
v 6.754089 5.599088 -2.348231
v -4.967125 9.169195 2.350643
v 1.848404 15.936251 3.096285
v -7.648752 -8.772919 3.059305
v 0.964909 -9.777350 3.339590
v -2.124665 -9.372822 4.348133
v -2.386837 -11.832671 4.471815
v -4.903411 0.314181 1.370895
v -3.731001 6.250440 3.525493
v -2.403208 1.957204 -1.520247
v -3.564025 8.371821 3.968362
v -4.730697 9.382961 2.652771
v -6.612540 -8.992801 -0.690191
v 0.146693 5.784690 -5.769463
v 3.147899 1.080461 3.702818
v 4.635288 -21.153584 -2.574635
v -4.812918 0.371414 1.626629
v 1.486068 5.059525 -5.092659
v 7.484075 -4.720524 2.211127
v -6.291694 -9.243615 1.340041
v 5.382102 8.846873 2.653635
v 10.144805 2.797841 1.063784
v 2.397930 16.140430 2.049180
v -4.695647 0.579487 1.410115
v -4.752641 0.340674 1.699363
v 5.553516 -10.908307 -0.029927
v 2.017497 -20.893505 -4.219503
v 1.850475 -17.853060 -0.416126
v 5.141422 1.443906 -0.376267
v 5.335147 10.870997 2.432752
v -4.775171 -21.119867 -1.402281
v 5.494177 10.254629 2.273465
v -5.210187 9.044564 1.928181
v 2.668828 -21.144245 -1.268925
v -3.547041 4.908248 3.138365
v 5.728676 -0.131687 -1.163056
v 0.557867 -13.682031 1.685833
v -5.493300 10.564906 1.674389
v -3.483634 4.101233 0.597840
v 4.692636 8.753290 3.561489
v 7.703888 -4.990860 2.706136
v 3.463560 7.316643 -5.114938
v -4.855918 -21.312517 2.124090
v 0.213586 -15.864187 -2.053315
v 1.536177 -18.696211 -0.495884
v -5.466799 -3.642644 -1.949502
v 6.018977 10.726830 1.364577
v 6.124397 -5.266130 4.808246
v 1.980721 1.566746 4.489785
v -3.676653 -1.874306 -3.060847
v -6.306228 -18.402929 5.105844
v -7.455432 -5.994930 6.016611
v -5.379555 -4.813555 2.325485
v -4.443762 0.934378 2.338779
v 9.968795 3.013461 0.762523
v -6.106117 -9.423283 1.876324
v -1.519184 -9.578630 -2.274452
v -2.183891 -16.845547 6.666124
v 2.789467 1.247488 3.613494
v 3.982803 -5.360402 -4.445703
v 6.709350 0.199506 1.936765
v 6.900903 -16.658052 -0.083076
v 1.996266 -10.034363 2.478926
v 0.530194 -9.427395 3.862318
v 7.207816 1.130815 3.396799
v -0.552812 15.359258 4.567641
v -4.487044 9.307687 2.959374
v -4.324379 9.448516 3.228985
v 4.860526 -8.160676 -2.479051
v 9.600278 3.188526 0.981353
v 8.580149 -4.669871 3.757968
v 3.255784 1.086062 3.682136
v 1.768061 -5.303181 7.743552
v 2.537248 4.007414 4.469306
v -9.313698 -5.621656 -0.868657
v 5.922653 5.169287 -2.573903
v -0.851824 -18.941715 4.454060
v 2.781657 -20.634602 -5.085693
v -6.894394 -8.921591 -0.125656
v -4.318517 5.646594 -2.949386
v 6.395703 12.914345 0.534785
v -4.664419 7.648634 2.165468
v 3.911980 -14.327131 1.275060
v 0.336391 7.940141 5.508225
v -6.065973 -19.876457 -1.665407
v -1.627302 1.419748 5.056483
v 3.776867 8.366207 4.353411
v 3.420838 0.589733 3.803858
v 3.904663 -15.126302 0.622748
v 0.182799 -6.712962 5.564901
v -3.746618 -2.015654 -3.079879
v -2.667348 -17.058186 7.603782
v -5.949318 -4.552294 1.099915
v -1.139651 -9.107144 -3.024438
v -1.349142 3.701134 4.289425
v -9.126728 -6.062054 1.447500
v 4.984652 10.984319 2.886776
v 0.073731 -8.720902 -3.919170
v 3.783860 -21.147795 -0.290390
v 4.678910 10.936984 3.250753
v 3.980377 -5.465984 -4.419960
v 1.696857 8.455374 5.278918
v 4.438186 -16.770390 -4.355007
v 4.667568 -14.827840 0.652237
v 4.106585 -18.319069 1.419708
v 7.799020 -4.473722 2.296266
v 0.982273 2.702702 4.338614
v -4.852189 -21.021549 -1.748865
v 5.810089 0.279840 -0.784141
v 4.638290 6.504181 -4.043109
v 6.193523 -2.174410 4.714093
v 6.840837 1.074142 3.540799
v -9.214881 -6.469750 1.481439
v -6.256370 -19.913221 -1.514840
v 7.535642 -3.761444 -0.928114
v -9.061675 -6.082980 1.513095
v 10.206680 2.747912 0.938630
v -5.020214 -9.775990 4.769628
v 3.526079 -0.705854 -4.174893
v -7.732261 -6.348053 5.949446
v -1.871947 -20.870584 1.519818
v -4.873996 -1.647527 1.209564
v 5.258904 -16.189100 -0.423593
v 3.912891 4.876047 -3.312463
v 9.671811 3.144384 1.092350
v 2.744683 -4.536658 -4.875371
v 0.307127 -1.349812 6.936883
v -3.561574 -1.968369 -3.117547
v -3.260062 3.901208 0.538956
v 5.952372 13.915374 -2.912387
v -4.608470 0.755127 2.039409
v 2.204954 3.528360 4.304340
v 5.713055 6.564388 -0.984219
v 3.038974 -20.730059 -4.758582
v 7.852984 -4.583761 2.322793
v 4.072643 13.758414 4.247809
v 2.577771 1.985388 3.409213
v 2.949987 -3.982085 -4.741395
v 2.223011 1.471282 4.300247
v 3.720810 7.177286 -4.884880
v 1.045544 4.308539 4.947553
v -6.340455 9.390281 -0.369329
v 4.891988 -5.190357 5.804707
v -2.557834 -16.883322 5.958880
v -2.815727 -7.170581 4.699013
v -4.137490 4.735621 -0.109453
v 2.046627 1.689310 4.547107
v 4.458358 -8.404201 -3.148121
v 1.445554 -6.274266 6.093333
v 6.406682 5.329814 -2.520999
v -6.608850 -14.906155 1.323385
v -4.573390 14.702076 1.120049
v -4.327014 11.222548 3.227695
v -4.021025 -13.479457 4.374048
v -4.426642 -13.481716 -1.768290
v -6.579986 -19.227839 5.088258
v 8.524656 4.043388 1.392264
v -9.343626 -6.405734 1.392183
v 9.770815 2.886781 1.288652
v 8.567629 -4.742843 3.688491
v 6.739665 5.756508 -2.250475
v -1.560298 0.372411 -3.301080
v -4.549562 -4.777468 3.222061
v 3.679929 -0.984446 -4.229653
v -1.888288 1.314226 5.208560
v -4.393644 -1.075453 3.175898
v -0.945276 -20.753447 5.159437
v 3.762404 0.378375 3.869616
v -0.444110 -0.346368 6.613255
v 1.658026 -0.519134 -4.659722
v 6.694241 -21.187893 -1.836023
v 1.291355 8.842190 5.328805
v -4.198694 -10.050385 4.899055
v 0.923538 -11.706926 -4.061044
v 3.994307 -18.489130 -5.000051
v -4.464826 0.993007 1.701435
v -5.412904 9.476095 1.622461
v 7.732496 -18.713507 3.931532
v -0.701204 -18.382917 5.672945
v -4.107152 -16.823154 5.832797
v 5.032502 -15.772407 -0.689847
v -5.177127 -10.506887 0.519532
v 1.839839 -5.887100 6.562203
v 3.404985 8.786633 4.740244
v 2.800066 8.907095 4.854838
v -2.074387 -3.189700 6.090543
v -2.790204 -0.601096 7.285910
v 4.693497 6.798896 -4.315253
v 6.076283 6.991633 0.599726
v 3.707752 -5.452159 -4.584924
v -5.728951 -9.391001 5.488571
v -4.650930 1.002506 2.042965
v 3.295561 -9.564015 -4.108676
v -3.484641 6.432380 3.824434
v 8.313397 3.977246 1.281368
v -2.613175 -0.625631 7.442627
v -2.449474 8.822907 4.630853
v -6.739886 -14.705577 1.079863
v 3.594037 0.409474 3.713917
v -6.650496 -18.784260 5.705242
v -4.823132 -2.366615 2.084332
v -4.766899 -2.574529 2.337627
v -8.024566 -8.459840 4.344115
v 2.450219 2.013806 3.506509
v -6.867647 -20.026022 2.331194
v 4.489530 -11.042710 -3.955953
v -5.278884 -9.467694 5.546912
v -2.869360 -0.867837 7.405551
v -6.621830 -14.188725 1.380176
v -9.393730 -6.745909 1.406904
v -8.800209 -7.547913 3.607412
v 4.554826 6.341871 -3.974165
v 7.499803 -4.009905 4.291902
v -5.249651 14.745985 -1.231593
v 8.615441 4.163648 1.305344
v 4.161459 4.602283 -2.629886
v 1.924531 -3.580269 7.824707
v -4.738768 0.770750 1.805884
v -0.478207 -12.801831 -2.273401
v 0.727927 -18.962320 -1.064149
v -5.059497 -16.721258 3.568844
v 0.116020 3.138699 4.393305
v -1.786549 0.166042 6.036455
v 0.575820 -18.171902 -1.359692
v -4.981496 -2.954150 0.847954
v -3.613914 -4.831344 5.529750
v 0.668098 -0.640124 -5.342492
v 0.106104 -6.451161 6.526466
v 6.754449 -11.861182 -2.269083
v -6.437757 -20.033070 4.875696
v 3.897198 -19.461336 1.717489
v 2.704826 0.679020 3.851127
v 1.566515 -10.108269 2.623845
v -0.833124 -4.163876 5.640107
v -3.498697 7.987123 4.019493
v -4.721771 -2.729105 2.500493
v 3.183833 12.209934 -6.762934
v -6.638527 -14.079411 1.097385
v -0.584038 -4.579560 6.900715
v -0.488633 0.767015 -3.565646
v -3.182466 -21.025328 -1.231765
v 7.246601 -19.764021 -2.770535
v 2.987296 16.104990 1.954633
v -3.776864 -3.608454 -3.484505
v -3.307667 -6.412584 5.358897
v 9.948903 3.031821 1.066294
v -4.655599 0.802877 1.613373
v 0.450233 4.242549 4.910444
v 8.331628 0.719983 2.796836
v -2.750484 -16.876715 7.243973
v -3.667441 -8.377510 5.313023
v 8.639589 4.173518 1.257983
v -2.810094 -0.901238 7.444789
v 8.429005 -20.997877 2.491441
v -0.447743 -19.739988 4.998032
v -2.877053 -0.810281 7.312713
v -1.376395 -10.026905 4.518958
v 5.958190 5.410980 -3.121160
v 5.341367 -15.613613 -1.240646
v 0.313095 -13.216189 2.387552
v 4.494919 -4.893547 -4.106644
v -3.781087 -5.092515 5.598688
v -4.137929 -7.637736 5.747827
v 7.814247 -3.664179 3.441782
v -0.419110 -0.244201 6.491582
v -7.744547 -7.594633 -2.360472
v -3.702079 -1.633292 -3.082847
v 5.374722 -10.320891 0.626924
v -4.770363 0.468957 1.635641
v -3.979504 6.046672 3.178513
v 5.715302 -14.802916 -0.919987
v 6.847946 -16.820194 -0.532794
v 2.181630 1.891378 4.423096
v -1.722814 -9.716075 4.492215
v 8.338575 0.707597 2.901111
v 7.344001 0.914956 3.437426
v 3.839832 0.114275 3.965883
v 0.029244 -3.878377 6.710126
v 0.366144 -6.757084 5.626206
v -5.704178 -4.556509 -1.872526
v 3.666132 -0.625949 -4.213147
v -0.124196 -0.302669 -4.754867
v 3.407091 -6.276978 5.067525
v -1.329660 -19.417015 2.215626
v 6.703655 -11.663301 -2.016863
v -5.996676 -7.013667 -2.114052
v 8.378784 0.591218 3.002136
v 5.535221 -9.147815 -0.266907
v -0.472387 -18.700336 5.971604
v -1.298620 0.117901 7.107361
v -1.792071 1.097711 5.230904
v -3.602661 4.491768 2.001048
v -5.211979 -10.306186 1.221778
v -1.658816 1.332211 5.165562
v 6.920362 -3.874406 4.625062
v 7.664512 -5.183665 3.160716
v 5.111368 4.057321 1.588378
v -6.403742 -13.457423 0.269481
v 2.651330 0.822937 3.811357
v -8.693326 -7.618713 2.826994
v -3.741046 -5.213698 5.731679
v 2.062732 -13.249841 1.364514
v -5.123223 -19.668865 -2.059527
v 8.399890 -4.934645 3.856555
v -5.317308 -8.473968 -1.831800
v -6.743774 -14.736954 1.296775
v -2.935370 -20.852724 -1.228029
v -5.563618 8.451217 1.189942
v -1.278073 0.132187 7.046815
v 5.052631 4.398274 -0.473378
v -3.730446 1.009541 0.627353
v -7.669531 -6.442833 -2.149776
v -0.807342 -20.733160 5.745736
v -6.690272 -14.833979 1.311963
v 3.318021 -12.729249 -5.018720
v -5.687683 -11.918890 0.495822
v -1.768785 -17.195917 5.457431
v -4.306328 1.191584 1.874438
v 1.730039 -6.061296 -4.133851
v -3.839177 0.770785 0.278479
v 1.139608 -5.075983 8.055037
v -6.982384 -4.131731 -0.906742
v -6.444813 -19.713987 7.883666
v -6.410633 -13.522002 0.631480
v 6.536823 -11.948177 -3.327647
v 9.639101 1.794703 1.041231
v 5.316297 -11.762897 -3.952030
v 6.409027 0.931810 1.995935
v 6.079252 0.798921 2.212440
v 0.671031 -3.389992 7.814205
v 0.307123 -16.564676 -2.529193
v 4.883882 -19.891563 3.002468
v -4.464602 -0.564752 2.613730
v 0.235640 -6.393991 8.103590
v -0.932876 -20.174589 3.921536
v -0.829927 -5.437819 -4.345539
v 5.528843 -7.987560 0.011324
v -1.432269 5.038761 -4.553057
v 0.120140 1.802250 4.410977
v 0.041075 0.880213 -3.736587
v -4.611064 -12.953763 -1.769097
v -8.329703 -6.952295 5.345966
v -6.608237 -19.893501 3.453927
v 2.813039 -19.452120 -5.757605
v -0.684255 -2.845239 -5.721986
v -2.517045 1.081518 -1.667800
v 4.231567 -17.960989 1.298709
v -5.446597 -7.913130 6.379592
v 5.138479 -1.902413 5.292025
v 2.797691 -16.101341 -4.988832
v 5.707977 5.901478 -0.694382
v -1.027880 -6.524882 4.977470
v 5.878191 9.062093 -2.875445
v -6.213351 7.131514 1.828745
v -1.365553 -9.780730 -2.035159
v -3.473328 -8.909151 -1.452383
v 4.856196 -5.247269 5.505630
v -5.089612 -9.888226 4.279793
v 8.262060 -17.858126 3.735533
v -7.624277 -4.658498 0.089768
v -6.620302 -5.130419 4.430727
v -5.484385 9.955500 1.582452
v -6.979338 -7.723947 -2.349631
v -8.193448 -7.445343 -2.237780
v -4.847087 -11.816105 -1.020561
v 7.592316 -3.565871 -2.256752
v -0.998046 -11.499868 -1.607031
v -3.320621 4.155974 1.850883
v -2.130126 12.797138 4.713884
v 4.857847 4.063678 2.460485
v 7.039195 -3.018617 4.369988
v 6.799220 -5.381856 4.607525
v 8.305329 -4.909151 3.391501
v -1.793714 -2.916517 6.899378
v -7.088175 -6.574487 -2.122142
v 5.945342 -21.040081 -2.599479
v 4.267685 11.000841 3.618754
v 3.265003 15.863533 2.880867
v 10.405051 -18.988586 -0.063810
v -3.162094 4.553588 -3.107635
v 7.891731 -4.016399 4.075639
v -7.734419 -4.685194 -0.622439
v 6.394104 10.036817 0.498401
v -4.795014 -5.883346 5.952302
v 1.455088 -2.302610 -4.956508
v 4.802977 -8.504352 -2.719985
v 4.421515 -0.226628 5.101281
v -8.464449 -8.077127 -1.601552
v -2.927261 -12.305079 4.384260
v -4.894469 -12.772307 -1.560684
v 0.180105 -15.719180 -0.328125
v 6.100524 -10.020623 -3.100449
v 2.374676 -17.529743 -0.118124
v 8.468729 -4.761351 3.191518
v -3.710531 -4.086974 -2.803921
v -2.511416 11.646693 4.294060
v 5.144432 -4.487472 -3.726057
v -1.546606 -6.952109 4.659440
v 7.659507 -3.136798 -0.028453
v 0.371283 0.012379 -4.338134
v -3.150293 -2.817939 4.984189
v -0.347045 -3.166376 7.546042
v -3.489988 1.493023 1.220010
v 2.724256 15.927515 3.063758
v 8.375263 -0.586236 3.531463
v -1.947452 -0.099060 -3.656382
v -0.675768 -14.818403 3.372249
v 5.167770 4.333847 -0.071970
v 4.903373 -13.572765 -4.265882
v -4.444800 -0.451882 3.012447
v -5.449034 -20.955614 8.596528
v -7.149722 -8.742881 5.557681
v -5.122184 -11.086126 -0.321156
v -6.810490 -19.358992 1.790675
v 2.166402 -13.796068 1.348570
v -5.811604 -5.214129 -2.189789
v 1.972845 -7.718575 4.836885
v 0.899036 0.921728 4.285074
v -3.619017 4.766052 2.686594
v 5.700871 6.804169 -1.172094
v -4.704380 -0.225306 2.284121
v -6.128485 -17.805258 -1.435807
v -4.232299 -13.700145 4.457597
v 3.751174 -13.190393 -5.004830
v -5.199564 9.713242 1.994024
v -4.612363 -20.595901 9.330912
v -6.344641 -19.298658 3.605920
v 3.670532 -2.787925 6.793272
v 3.496197 3.642213 -2.450927
v -6.249399 -5.403833 5.514263
v -3.739124 -2.164922 4.687484
v 6.161386 -2.942571 4.883922
v -6.094504 -14.707284 -0.442166
v -3.644855 -10.230618 -1.434632
v 7.352534 -17.272032 -1.411422
v -5.665920 -14.115689 -1.618870
v -3.599453 -16.797541 5.928443
v 4.139019 9.846042 4.004679
v 1.310200 -3.181373 7.975514
v -1.918060 -3.108572 -4.755569
v 4.475177 4.279782 -1.465561
v 5.773760 -0.667748 4.705756
v 8.267646 -4.122366 3.847053
v -3.435390 4.509534 2.523789
v -5.031647 -2.712414 -2.426006
v -0.510223 -6.478084 5.345411
v 7.393157 -3.239736 0.150529
v -0.870012 0.979423 -3.258198
v -7.362064 -4.950907 2.767669
v -7.165641 -5.275683 -1.929651
v -5.762650 -4.708729 2.021828
v -4.871596 -1.258121 1.496807
v 6.161236 -5.836590 -0.961497
v -4.977507 -3.604967 0.167755
v 7.020142 0.224399 3.768683
v -1.456939 -18.880259 8.691979
v 6.833211 -4.246317 4.804503
v 4.783775 3.033179 -0.229769
v -5.739624 5.720927 1.147861
v -4.670515 -15.738523 3.460095
v 0.772362 3.127600 -3.909348
v 6.147351 -0.968228 -1.374459
v 2.634680 2.183655 -3.363098
v -6.332262 -21.038202 6.303614
v -0.190244 -2.372017 7.982096
v 6.332871 10.566383 0.867777
v 3.415704 3.519533 -2.687391
v -5.619374 -17.013773 3.203297
v -4.060785 -1.800809 3.788967
v -5.453203 -5.286247 -2.082234
v -1.419420 -15.736292 2.920197
v -4.052505 0.459345 0.358964
v 7.140968 1.165409 1.661930
v 1.475200 9.550285 5.088799
v -8.637733 -7.725338 5.014853
v 7.243778 -19.481579 3.948113
v 7.496202 1.299794 3.206700
v 7.888333 -2.963352 -0.634111
v 1.181838 0.255421 -4.381692
v 4.508729 15.142027 2.753334
v -4.746512 -8.460872 6.051988
v -0.930978 -11.364478 4.373093
v -1.499158 -17.403254 5.313255
v 4.195874 2.610853 -2.901257
v -4.818429 -17.138590 5.169310
v -4.837076 -20.876484 8.853981
v -3.896670 0.990133 1.062429
v -6.017485 -5.191833 -2.214558
v 4.737402 2.242351 1.057561
v 5.932755 13.427649 -3.849937
v 1.067619 1.615181 -3.625953
v 5.960207 -6.186515 0.532447
v 4.528019 -10.761011 -3.833774
v -4.185931 12.911238 3.343164
v -6.686795 -20.032415 7.144151
v 1.227118 1.894504 -3.480636
v -3.486761 2.896167 0.937350
v 6.375964 -2.663060 -4.224073
v -3.554595 -2.393815 4.395654
v -3.297305 -14.110217 -2.111689
v -4.424953 -0.800557 3.014102
v -4.881515 -2.328521 1.751645
v 0.939677 -15.364572 0.271551
v -1.659726 -19.438034 0.266939
v -1.004992 -15.001744 3.490232
v 2.647454 -5.465627 -4.882678
v 3.695574 3.063074 2.941522
v -0.241790 -4.422708 6.639632
v 5.321712 -0.471949 -4.244988
v -5.480726 -6.062557 6.264201
v -3.715804 -8.796640 5.179848
v 9.350342 -17.216648 2.231299
v 4.507339 -2.755452 -4.395909
v 8.201992 -20.667812 3.555729
v -7.240532 -4.396717 0.068978
v 8.253510 3.288495 0.834167
v 10.649391 -19.941559 0.543254
v 4.342897 -4.358824 -4.460409
v -5.198519 -12.141809 4.125761
v 0.174848 1.442878 -3.437700
v 4.033925 -17.022360 0.515854
v 10.453673 -18.941540 0.271960
v 6.713110 -16.620346 2.561136
v -8.624155 -7.551276 3.046937
v 8.811761 3.727411 0.896966
v 8.385319 -4.452943 3.861145
v -8.302934 -8.045843 5.221490
v 6.484714 -12.341447 -1.294289
v -8.132958 -8.255879 4.953684
v -1.119056 -9.965459 -1.935622
v 5.144734 -15.005155 -2.804599
v -4.998470 6.422507 -2.557846
v -3.132605 -2.466848 6.602878
v 1.614372 4.590861 -4.619747
v 6.467964 -3.592577 1.288564
v -5.790029 6.012282 2.372752
v 6.172131 8.509581 -1.317973
v -4.902331 -19.654161 9.077267
v 4.761979 -13.799965 -4.401929
v 7.381925 -4.929724 2.303843
v -2.759063 3.191222 -1.240270
v 0.687305 -4.913764 8.203959
v -4.456429 7.678993 2.633884
v -1.087837 -13.933753 -1.590843
v 5.638949 6.946291 -1.436005
v 6.176065 -13.529432 -0.871473
v -8.255785 -5.307160 -1.637245
v -0.731515 -10.405911 4.324907
v -0.054452 -6.185241 7.862842
v 5.978981 5.259108 -2.839407
v -0.192461 -3.352533 7.426387
v -8.419606 -6.794653 -2.113086
v 2.106445 -18.807299 -5.507065
v -4.990085 -3.776839 -0.094918
v 6.166959 -1.155577 4.593228
v 3.843106 -14.934316 0.899484
v -3.983307 -17.818310 8.852501
v 3.896392 -16.706779 -4.807565
v -8.735605 -6.766188 2.141370
v -5.296479 6.783347 -0.786408
v 7.984039 -1.772093 0.151807
v 0.819036 9.525611 5.300634
v -1.832390 -17.193857 3.973671
v 4.259326 4.128751 3.348464
v 5.856652 -5.462688 4.683644
v 7.286468 0.541933 3.550511
v 2.366709 -5.513237 6.514266
v 3.663829 -1.007642 5.776900
v 2.317862 3.251395 3.945431
v -5.486713 -10.564560 3.480968
v -3.973029 4.622306 0.968796
v -2.098883 -9.944857 4.384058
v 3.236256 2.037867 -3.527811
v 0.718336 -4.384129 7.955257
v -7.462949 -4.524680 0.170590
v 5.371745 0.544602 0.625686
v 5.690934 1.274383 -1.084045
v 0.102322 -0.911276 -5.648783
v -3.680337 1.899023 2.835177
v -6.352954 -8.120901 -2.359924
v 3.514124 -0.455560 5.196844
v 0.082869 -2.280185 8.031054
v 6.054520 13.235230 -3.924732
v 4.588435 -3.285462 6.521225
v 5.650087 -2.143785 -4.731386
v -0.899892 0.655861 5.093100
v 6.882372 -0.161078 3.968672
v 0.172155 3.650261 -4.025608
v 4.933082 -2.217064 5.478967
v 6.146976 8.311344 0.522840
v 6.385437 -2.539764 4.683466
v -5.921769 -14.047363 -1.412865
v 4.727693 3.723644 2.315430
v -5.152154 -7.507654 6.264129
v -2.236269 4.928271 -4.116538
v -2.589936 -2.792450 -4.561908
v 5.771167 13.668189 -3.681474
v 1.502569 4.145369 -4.218984
v 4.394052 0.953535 1.854361
v 7.431711 -4.639136 4.525346
v -0.506570 -12.860793 -1.955511
v 2.551569 2.332194 -3.237489
v 8.931797 2.309598 1.941542
v -6.344004 -19.486719 3.959144
v -3.727815 4.329307 0.851469
v 5.478036 -7.833843 -0.401609
v -4.142314 -20.847431 8.971087
v -0.591211 14.696934 5.295221
v -3.268813 -2.622797 5.639326
v 4.961454 1.842088 -1.058228
v -4.211072 -4.563406 -2.021882
v -6.156531 -16.384958 1.687707
v 7.904745 -3.826041 3.152572
v -1.917708 -5.754599 5.240943
v -0.961909 -0.321695 -4.523948
v 4.646973 2.139893 0.049930
v 6.094794 1.518164 2.185937
v 4.707695 -0.355127 5.026090
v 4.023209 -2.044625 -4.128624
v 6.392486 -21.073780 -2.279330
v 7.632756 -4.393508 4.321403
v -6.470647 -18.468880 -0.937542
v -8.897202 -4.917961 0.140152
v 1.530564 -17.173941 -5.345377
v -5.661546 -7.831445 -2.239930
v 5.173377 1.800605 -1.336799
v -8.212307 -6.675028 5.267383
v -0.828729 -2.601851 -5.528155
v -4.659781 -2.753095 -2.815522
v 1.419406 -6.379112 -4.265944
v 0.166667 -2.865466 7.947549
v -1.853968 -15.150902 3.906836
v 1.104498 -1.764797 7.070474
v 5.005463 3.899504 0.626567
v 3.871842 -3.140302 7.138785
v 5.513959 -16.930027 1.917681
v -2.819393 -17.653160 8.566623
v -5.641348 -4.778516 3.696092
v 8.638933 2.859538 0.691973
v -2.576079 -2.220440 -4.382912
v -0.710086 -15.446111 -1.871247
v 0.374969 -9.954509 3.516946
v -6.177148 -4.433097 0.248348
v 4.953286 3.967624 2.077843
v -3.704366 4.265382 0.157816
v -0.415036 -12.436093 -2.750646
v -5.289082 -8.261950 -1.935231
v -6.716524 -17.692177 -0.529908
v 5.587286 4.891543 0.383383
v 0.076696 -12.778250 -3.867962
v 1.953763 -15.525326 0.747422
v -6.237327 6.870747 1.935482
v 5.773280 -14.629787 -1.687507
v 4.752972 -3.835616 -4.088708
v 3.258223 -13.880535 1.421384
v -6.093369 -18.454771 7.983767
v -6.187598 -6.616943 6.515162
v -2.378783 -2.171064 -4.444026
v -6.494918 -16.836599 0.634902
v -3.020338 3.997071 -1.958614
v -8.569102 -8.095420 3.942581
v -6.718051 -20.028091 3.130114
v 3.585200 -3.342423 -4.356704
v 3.142632 14.605361 4.913884
v 2.285282 -3.225493 7.845237
v 6.652910 1.938087 3.373948
v -4.170639 -8.664645 5.659790
v 10.172262 -19.413248 2.003279
v 4.831045 1.117504 3.859330
v 6.757518 -12.176829 -2.775009
v 4.596409 2.631665 -2.326550
v 4.854854 1.082993 0.906938
v 6.699090 -3.012683 4.578780
v -2.200773 3.676942 -2.775341
v -6.757545 -14.300076 0.872065
v -4.962583 -2.784659 0.443519
v 2.947213 15.943907 2.868381
v -4.997130 -8.022750 6.189437
v 4.315976 6.133459 -4.171509
v -8.512330 -7.930064 -1.786205
v -6.685511 -14.416051 1.472265
v 2.070085 -11.045531 1.784853
v 1.818696 -13.079632 1.371955
v 1.365042 -3.744406 7.712100
v -6.989820 -7.001351 6.241556
v -5.570935 14.466918 0.163656
v -3.753806 -9.939433 -1.306519
v 5.480587 5.479898 -3.128924
v -4.626479 -16.142740 3.531026
v 6.437348 -4.216764 5.074889
v 0.217013 -16.978426 -2.422957
v -6.233850 -8.335375 -2.365305
v -2.198993 11.257769 4.526913
v 2.294744 15.612094 4.442103
v 8.824308 -20.023518 3.681372
v 5.567224 -3.778284 -3.584211
v 0.232466 -9.349292 4.024328
v -5.257778 -2.892816 -2.298300
v 1.356347 -4.836467 7.879924
v 3.228846 7.601226 4.827476
v 7.159552 -5.521434 3.835483
v 3.823308 -10.837474 -4.310081
v 4.619075 4.307654 -1.152458
v -6.293147 -18.080153 -1.258499
v -5.381760 -12.574840 3.052447
v 7.635613 -18.374218 -2.284348
v -5.677526 9.537116 1.207435
v -4.841636 -12.200386 4.496490
v -0.599977 1.310807 -3.183488
v 5.675892 0.509621 0.033460
v 3.147292 -14.877698 1.273420
v -4.895864 -1.322569 0.961431
v 1.580462 0.896588 4.124685
v 6.206165 -20.617599 3.327842
v 1.062627 11.613978 5.022403
v 4.342031 -13.233321 -4.663311
v -6.037889 -19.527287 -1.694544
v 4.857736 -3.289507 5.454051
v -9.298808 -5.511087 -0.035078
v 0.681679 -5.803795 -4.183549
v -7.027316 -19.342310 0.619228
v -2.847036 2.673670 -1.557310
v 5.908555 1.644333 3.099872
v 4.398260 -5.588735 -3.841915
v -1.230139 -19.542376 2.817726
v 1.215726 -0.463737 -4.635712
v 4.721821 -4.553460 6.742709
v 4.624712 2.806989 -0.826178
v 7.938203 -2.740590 -0.825783
v 5.362916 -14.006949 -3.712795
v 0.286104 -15.952391 -2.346888
v -2.628719 -10.364300 -1.765920
v 5.450321 -11.442621 0.353106
v -1.540774 2.297183 -2.856168
v -3.063984 2.337689 1.965656
v 2.470774 -0.715092 -4.693407
v -4.524715 -13.346432 4.121146
v 6.015465 -14.420660 -1.416747
v 0.981532 -6.815122 5.556911
v 5.614142 -11.572490 -0.359277
v -4.387471 -13.496104 4.279846
v -2.576050 -3.159065 6.218308
v -9.581258 -6.610386 0.874065
v -2.694999 -4.807812 5.428585
v 3.665128 4.011707 -2.273224
v 1.452803 -19.317734 -5.465691
v 4.458881 2.637142 -2.490581
v 5.422094 -7.519586 -0.606252
v -6.456193 -20.961561 6.861739
v -3.209322 -5.393655 5.604693
v 7.599733 1.057659 3.265200
v 8.257444 -19.159941 3.693111
v 7.030565 -0.830135 1.258727
v -5.538231 -14.948714 -1.541949
v 4.192469 7.635459 -4.736858
v 1.192145 -3.534419 7.809511
v 5.765747 -0.654646 -1.055393
v 5.153589 -15.557358 -2.494732
v -6.775102 -6.431996 6.107660
v 3.777036 -21.052795 0.243063
v -4.075047 6.405518 3.074691
v 6.085409 -16.521976 1.625068
v -6.670770 -4.670553 2.708975
v 6.617495 -1.394540 -1.533650
v -6.670022 -20.181293 -1.032498
v 6.311759 -16.753193 2.671087
v 4.436471 6.983702 -4.495638
v -6.620991 -20.056812 5.743102
v -4.275568 -1.181314 4.490177
v -2.120015 -15.331708 -2.065488
v -1.030604 -2.831173 -5.507197
v 6.916189 -2.468832 1.866904
v 0.904698 -3.497379 7.817707
v -4.679886 -14.193587 -1.962625
v -4.775396 0.648919 1.694417
v 6.279163 -11.175865 -3.136236
v 4.532428 2.026088 1.550115
v 5.691979 -14.025304 -3.138060
v -0.082141 -15.798318 -1.674710
v 0.098004 -15.560995 -0.023922
v -7.343388 -6.318845 5.918807
v 4.714969 1.370715 0.829993
v -4.168498 -4.747849 -2.092407
v 7.489460 -3.680949 -0.678463
v 8.583624 2.024032 0.746371
v -8.484275 -4.812309 0.594458
v 1.584190 -4.776568 7.744748
v 3.735319 -19.629477 -5.435450
v 7.468853 -3.655091 -2.590110
v -5.585779 6.925262 2.004344
v -4.206674 0.656216 3.157744
v -4.202085 4.916667 1.151667
v 3.339874 -19.549271 -5.624197
v 4.029851 6.521705 -4.590130
v 9.229439 -18.754061 3.150550
v 1.909775 -14.290634 1.364532
v -3.108062 -2.897386 4.536875
v -2.067225 -2.660651 -4.662404
v -1.226396 4.734186 -4.387972
v -5.101444 -2.972157 -2.532650
v 5.459200 -9.963081 0.470402
v -3.684890 9.678829 3.818421
v 0.467656 3.673933 -4.110550
v -4.535568 -16.923162 5.710494
v -5.230245 -4.427619 0.459837
v -7.563250 -4.792564 1.436406
v 6.547931 -11.342986 -1.477130
v 0.323831 -16.012527 -2.039659
v -1.655213 0.389038 5.584189
v -5.720517 -4.775381 -2.016532
v -0.896719 -20.832441 6.040282
v -6.251407 7.029387 0.360847
v -5.772287 7.971167 1.543802
v 3.593798 -1.373677 -4.145757
v 3.778501 -15.740067 0.055568
v 0.119269 -8.970972 -3.686347
v 3.292201 1.737755 -3.971668
v 1.789509 -5.639086 -4.694968
v -2.684854 -20.719362 -1.245987
v -0.341284 -3.852592 6.077380
v -6.336404 -5.097011 -2.092441
v -0.442170 -2.506984 -5.700451
v -5.127304 -0.087371 0.538876
v -4.383480 -0.678490 2.750508
v -3.093077 -5.943966 5.430710
v 4.483493 -3.968793 -4.325928
v 2.728882 4.233482 -3.565609
v -1.255286 -20.965200 6.012017
v -4.046011 4.838940 -2.291969
v -8.518870 -6.908757 3.390085
v -6.007700 7.847355 0.383906
v -0.144266 -12.036952 -3.132193
v 1.936059 0.158757 5.190216
v -5.252557 -8.895616 -1.321620
v 1.789287 -6.202147 -4.160217
v -0.366356 -10.658262 -2.553460
v -4.654806 -13.574854 4.234013
v 3.087710 3.015692 3.349162
v -6.439973 -19.281401 2.750890
v 2.566649 -19.311438 -5.774129
v -5.798309 -10.794064 3.094031
v 6.584839 -16.752625 2.786103
v -4.817956 -0.218635 1.557042
v 0.212261 -9.599163 3.787855
v -2.940537 -5.133599 -3.282532
v -2.920576 -3.131215 4.733014
v -2.273886 -4.532584 -3.790072
v -6.673536 -18.667957 1.558485
v 7.007093 -5.476610 4.337413
v -7.349940 -8.264803 6.002394
v -4.422308 5.263155 -0.940497
v 7.625435 0.739404 3.327712
v 9.901700 -17.569809 -0.181013
v 6.501151 -3.982691 0.821767
v 7.784095 -3.521641 3.700590
v 8.021536 -17.944963 3.869256
v -5.644180 -8.241920 6.467228
v 9.248952 1.642228 0.755161
v -5.947398 -16.506626 -1.220557
v 0.448918 -6.660594 6.246385
v 5.431771 -8.449655 -1.036112
v -0.198569 -0.437869 -5.111994
v -3.382742 12.237206 4.121803
v -2.439620 2.193801 4.435414
v -5.126222 -2.204042 -1.250313
v -7.487709 -4.662007 0.965614
v 3.581746 3.800040 -2.261412
v 6.214684 10.788183 1.079072
v 3.588431 -5.232184 -4.649460
v -5.022791 -1.163669 0.720290
v -0.014134 -15.369790 0.456105
v -1.781368 -2.565709 -4.660371
v 3.052171 2.831639 3.122656
v 8.819016 1.710543 2.222942
v -4.590330 -9.510452 5.359908
v -7.803315 -6.100824 -2.111262
v -3.234802 -5.635382 5.625858
v 2.794282 2.707699 -3.090786
v -4.557655 -8.750343 -1.073347
v -5.915571 -14.830892 -0.695876
v -2.464570 -6.406280 4.767594
v 10.021563 -17.659430 1.912678
v -1.812354 -14.396386 -2.155414
v 6.212209 7.710375 -0.032541
v -6.949939 -6.543603 5.978734
v 3.117151 -16.754734 -5.178966
v 6.846912 -3.645345 2.475821
v -6.796524 -17.783451 -0.240819
v -0.215761 -12.204074 -3.189239
v -7.221134 -4.717379 -1.825554
v -4.725791 -14.727499 4.178731
v -4.308595 -7.213061 5.865951
v -5.206721 -9.856674 1.137400
v -8.210163 -8.371011 1.790625
v -6.314132 -5.740369 5.993289
v -5.116142 -8.708273 -1.472053
v 7.027752 -4.447828 4.741422
v -2.771820 -6.637900 4.793440
v -0.028277 -1.125601 -5.790671
v -5.011552 -3.907878 -0.336780
v 4.198522 -5.145737 6.766211
v 6.625666 -1.398658 4.363985
v 6.602527 -1.735863 -4.094285
v 10.493852 -19.693899 1.405905
v -0.411956 -12.101419 -2.313296
v 0.094734 2.555073 4.549011
v 3.390253 -4.129997 -4.600945
v -5.053553 -4.476064 1.708933
v -0.374171 -15.077702 -2.596764
v -7.055781 -4.602969 1.817148
v 5.171444 0.902783 2.830513
v -2.966033 -0.392426 6.565030
v -1.437420 -12.694573 4.542794
v -7.313540 -4.537269 0.915333
v -2.002342 3.698449 3.873858
v -4.273879 0.349499 0.619340
v -8.079432 -6.334941 -2.160293
v 6.198064 7.042149 -2.416225
v 5.197370 5.602778 -3.195040
v 4.731256 9.368013 3.508411
v 5.454457 -15.855012 -1.780134
v 3.224104 15.127338 4.484066
v 4.959254 1.753549 -0.796816
v -4.822189 -19.796970 9.208921
v -4.506292 -16.642336 4.034729
v -6.420172 -5.358935 5.247069
v -2.495035 2.886474 -2.003003
v -0.614062 -13.915546 3.837842
v 0.533673 -6.298274 8.501053
v 9.386547 2.422530 1.695184
v 9.610958 2.522225 1.548538
v -4.631214 -15.941852 3.487689
v -3.154372 -1.751441 6.824096
v 0.115355 2.949556 4.348548
v 9.510640 2.320726 1.663846
v -7.490575 -4.805477 1.781918
v -1.358552 -6.688322 4.795847
v -8.531322 -6.361402 2.618662
v 0.731447 1.663925 4.466820
v -4.907080 -4.844683 4.791049
v -5.352816 -18.522541 8.748987
v 5.958236 6.954520 -0.322226
v 7.769713 -4.771459 4.335288
v 3.813195 2.470035 -3.327255
v -4.357357 -8.612627 -1.118114
v 5.935615 0.156757 -0.559229
v -9.289644 -6.912526 1.461865
v 2.425924 -14.777401 -5.276685
v 7.396417 -3.490291 4.248911
v 7.185886 -3.080988 0.534443
v -8.607165 -6.021800 4.115926
v 3.270856 -4.772625 -4.694330
v 7.056865 -2.335598 1.794858
v -2.831726 -16.943235 5.590445
v -2.277009 2.110115 4.536121
v 0.053629 -14.373850 2.186723
v 6.611057 6.801375 -2.769991
v 8.770491 3.250224 1.581408
v 1.259660 -2.294194 7.936628
v -5.511280 -12.458073 2.805079
v -3.811172 -5.010843 -2.526073
v 5.809765 -4.990788 4.985219
v 6.076034 -0.542492 -1.491075
v 1.407879 0.406351 4.548898
v 5.295996 9.372412 2.737659
v 7.587067 -1.407870 -0.256628
v -8.734350 -6.688342 3.764945
v -6.217739 -19.636978 -1.574741
v 1.973089 -5.849015 6.320741
v -3.347180 -9.502154 4.714210
v -0.678124 -15.007516 3.052449
v 1.636820 -15.361980 0.750377
v -0.127816 -15.196566 1.164223
v 0.073611 -14.999480 1.022321
v -2.707458 -6.341722 4.885823
v -5.445453 -2.553843 -0.866509
v -4.354241 8.687897 3.188914
v 0.298578 9.663252 5.395220
v -0.587295 -2.070204 7.959435
v -5.129412 5.340598 1.887614
v -0.482742 -15.923327 -0.793873
v -0.843254 -11.732656 -1.593665
v -5.716320 -16.393230 -1.400099
v -0.769575 -17.903839 6.450371
v 7.328116 -18.719994 3.980361
v -2.738333 -1.611830 7.167125
v -5.087486 -4.247102 1.082805
v -2.310395 -6.836083 4.560061
v -3.155793 -5.800026 5.562899
v 4.191074 -9.405394 -3.612920
v -4.479225 -4.637161 4.574072
v -3.350802 9.158040 4.001473
v 10.680988 -20.070459 0.632929
v 2.874975 1.073592 3.674884
v 2.652045 -1.832425 6.497813
v -4.579281 -2.297611 -2.652438
v -5.214995 -0.544477 0.120507
v -5.467569 9.095388 1.473704
v -4.820635 -15.328549 -1.534647
v 0.332984 -14.953763 0.808757
v 7.929713 -17.330229 3.466335
v -4.934026 -14.562688 4.093330
v -0.862752 -3.764105 -5.518899
v -8.533604 -8.161771 2.392589
v 6.441105 -11.536450 -3.085940
v -4.335257 -16.590935 4.100617
v 6.475221 -11.314785 -2.638357
v -6.036696 6.854548 0.253507
v -2.038232 -4.889264 -4.038292
v 1.361976 -1.996224 6.767434
v 3.210580 0.012420 3.989296
v -3.123644 -9.869613 4.558455
v -4.552235 -14.192877 4.593592
v 5.620798 6.405099 -1.254447
v -7.010629 -19.566126 1.058000
v -0.449255 -9.392632 -2.970949
v 4.488071 -18.534695 -4.701916
v -6.723246 -17.851641 0.738741
v 4.845218 9.565564 3.535855
v -5.351478 -9.814040 1.738445
v 3.153392 -20.972418 -0.057597
v -5.099440 -10.219381 0.639369
v -5.668291 6.694190 2.140586
v 8.697409 -0.638401 3.095573
v 5.922963 -11.285415 -3.870348
v 0.205425 8.646685 5.370214
v -3.986357 -2.565042 3.494337
v 1.571084 -1.861704 -4.887674
v 6.842005 6.668906 -2.883926
v 5.882821 -5.613172 -2.003210
v -4.471502 -2.846517 3.075318
v 4.012785 2.569543 -3.206485
v 4.228784 6.783215 -4.554111
v -2.467064 -6.979690 4.561378
v -0.019314 -6.334775 7.626029
v -2.654361 -15.848325 3.663807
v 5.590901 -14.703133 -2.299437
v 4.025710 0.885227 4.098094
v -3.612771 2.118511 3.358098
v -4.886826 5.296977 2.138522
v 8.113313 -5.163247 3.958612
v 6.153350 13.468807 -3.323985
v 3.359508 -8.186486 3.704083
v 5.882224 -0.420646 -0.499297
v 2.036182 -0.912412 5.505393
v -3.564575 -0.760212 -3.287493
v 1.604881 -6.087319 6.674958
v -2.580846 3.701145 -1.850043
v 6.521865 -4.494160 -3.163460
v -3.019754 -2.643409 6.607473
v 0.720559 -2.475444 -5.535889
v -3.386503 2.777866 -0.246540
v -6.553928 -20.831100 6.809830
v -0.832863 -5.101759 6.895220
v 2.428815 -5.780552 -4.365517
v -2.839479 3.743352 2.300719
v 2.394006 -15.442339 0.980058
v 5.703012 -0.148403 -0.798454
v -7.579329 -5.826748 -2.046933
v -0.376756 -14.306442 -3.698148
v 0.241359 -0.297199 -4.823634
v -5.137950 -14.414562 -1.971554
v 1.239744 -6.182664 -4.166273
v -7.055000 -8.706032 -2.197475
v 0.382839 -17.075438 -1.774285
v 5.206138 -15.904862 -2.551718
v -6.373754 -4.356138 -0.098980
v 5.574984 -11.251017 -0.232426
v -8.270076 -6.092412 5.100988
v -4.675266 -11.174967 4.775925
v -3.006700 3.184098 2.128273
v -5.449619 -10.116459 3.017604
v 9.345807 2.009309 0.404991
v 8.166678 0.262540 2.316478
v -5.149852 -20.260656 -2.075705
v 6.528177 -3.811163 1.315820
v -9.185676 -7.433185 -1.182765
v -1.282463 14.969442 4.857585
v -3.225324 1.980984 4.130902
v 2.544034 2.448468 2.987355
v -2.329356 -4.780622 -3.803264
v 3.949675 1.820865 -3.828318
v 6.330272 -10.911016 -2.472327
v -4.986156 -3.869038 -0.582315
v 6.948167 1.529874 1.725215
v -4.406897 -6.491118 -1.679515
v -3.233560 -10.456727 4.505857
v -6.723342 -6.256385 -2.046380
v -7.690308 -5.526495 -2.017542
v 6.732560 1.512145 1.763169
v 4.856268 -10.182645 -3.558933
v -4.930630 -1.171232 0.876499
v 3.123574 -7.336385 4.628216
v -5.619121 -2.910368 -0.675860
v -6.617586 -20.462866 5.299067
v -0.735852 -6.566970 -3.891610
v -2.997395 -0.959954 6.982235
v -0.594703 -12.490703 -1.683687
v -1.991848 2.747223 3.625617
v 1.415676 -15.429444 -4.734492
v 1.362263 -2.017457 -4.929467
v 0.030402 -12.478528 -3.841163
v -8.239806 -5.182255 -1.405991
v -4.225113 -14.711357 -2.298616
v -5.014510 -0.644473 1.046785
v -0.317208 -15.619263 0.398380
v -5.669056 -9.586541 1.616513
v -0.481912 -11.738956 -1.869043
v 4.539985 2.624432 -0.948035
v 1.811717 -18.596992 -5.281923
v -2.143839 -16.861618 3.984049
v 10.413769 -20.245102 1.557284
v -5.233685 -8.012006 -2.046398
v -3.231795 -2.411345 6.221847
v 5.641925 5.631663 -0.924442
v -4.907646 -9.331812 5.771009
v -5.894141 -18.157116 4.264650
v 4.411483 3.565115 2.707501
v 8.314997 -1.401980 2.654736
v -5.903155 -14.686979 -1.309360
v 0.378365 -14.594831 1.135045
v -4.706868 -0.030107 1.897897
v 3.500368 -0.340130 4.354119
v -2.608313 3.698714 2.817725
v -6.589262 -13.744790 0.418545
v 1.597834 -6.274496 5.903341
v -1.737016 2.106255 3.853061
v 1.927004 -5.770585 -4.437942
v -6.394584 -17.081856 -0.933774
v 1.173208 0.024836 5.702188
v 7.874583 3.364178 1.357564
v 0.063736 -10.028833 -3.414751
v 4.217473 -20.840597 -3.997806
v 7.930109 -0.151683 3.773016
v -5.044882 -1.942335 -2.370002
v 5.608794 0.661159 -1.182922
v -4.791322 -1.726641 2.179333
v -6.549965 -19.248732 2.226214
v -3.928186 -20.086411 9.633939
v 7.887651 2.056743 2.395993
v 1.204637 -1.948352 -4.945565
v -5.223268 -2.633417 -2.134816
v 1.848688 -2.183507 7.002897
v -8.729463 -6.895536 3.677470
v 8.629963 -4.666464 3.345934
v -5.276954 7.943952 1.495565
v 7.038345 -2.740249 4.334167
v -1.535810 -0.271809 -4.086682
v 0.020504 -9.908065 -3.359030
v -1.686983 2.204518 3.855621
v -4.343379 -1.261883 3.285503
v 4.988637 -15.216597 -2.940968
v -3.914011 -6.778574 -1.516696
v 9.261525 2.822624 1.516085
v 0.197676 -9.351490 -3.408281
v 0.193508 -17.707304 -1.965883
v -6.849971 -8.468841 -2.422406
v -4.905640 -10.105340 3.946619
v -0.525844 -11.949024 -1.795410
v 7.165906 -18.107443 4.035821
v -2.439374 3.097056 2.994160
v -0.172678 8.473454 5.404868
v 0.766998 -2.000814 7.905707
v -0.252882 -3.615004 6.732504
v -1.420838 -2.709109 -5.064517
v 6.431379 -2.328031 -4.680483
v -6.596002 -6.326484 6.262580
v 6.663377 -20.505333 3.702584
v 4.655830 2.050227 -0.878747
v 4.561827 2.164286 -0.817331
v -5.545787 -9.798490 2.235209
v -5.542625 -17.722784 8.096308
v 4.676833 0.368786 4.502168
v 7.004249 -18.070257 3.997852
v -3.439640 -5.221770 -2.888931
v 3.362797 -14.180524 1.429995
v 5.026694 -3.131864 -4.340313
v -2.347804 2.320339 3.913395
v 9.924488 -19.889317 2.604470
v 0.640883 -2.257638 -5.623039
v -2.481939 2.364511 3.805083
v 1.567802 -4.102374 7.578442
v 6.131628 -1.643765 4.690301
v -4.971179 -10.000207 4.101532
v -4.247171 -1.501576 3.344507
v -3.164741 -6.402919 5.160652
v 2.517952 3.406913 -3.355763
v 6.629532 -11.522943 -2.309022
v -2.003248 10.893740 4.690307
v 6.122511 1.731013 2.285398
v 7.481450 1.915791 1.576740
v -6.613566 -20.728500 6.709548
v 2.175446 -4.826438 -5.090286
v 0.622544 -1.781509 7.763876
v 10.485942 -18.497200 0.857605
v -4.385450 -2.412346 3.198196
v -5.137391 -12.626097 -1.314918
v -3.356569 -4.930632 -2.971010
v 6.469098 1.123749 3.803882
v -3.257258 2.520629 -0.541649
v -0.540610 -12.793808 -1.752199
v 4.563494 3.601830 2.497823
v -0.277156 -5.513795 -4.406823
v -9.281522 -5.428237 0.582924
v -1.169529 -17.595648 5.693167
v -3.808330 -9.047010 5.044127
v -0.797872 -5.108804 7.958950
v -5.528129 -12.054709 3.562778
v -4.891036 -2.832143 -2.658978
v 6.993402 -2.937399 0.820530
v -3.514685 -1.866296 5.838997
v -1.883750 -3.949785 -4.298370
v -5.239704 -1.194448 -1.153296
v 9.174639 2.969847 1.453003
v -2.031742 -3.438015 5.865989
v -3.052167 -5.307494 5.523436
v -1.245528 -1.296497 -5.366661
v -6.345129 -19.767666 3.793014
v 0.051568 -5.734326 8.575269
v -5.209898 -2.383203 -1.992323
v -5.636867 -11.952563 1.744746
v -5.842485 -17.410618 3.179412
v -0.853290 3.897018 -4.076050
v 5.611676 -19.197313 3.431798
v -6.002989 -19.255844 -1.697110
v -3.733012 -4.106841 4.529116
v 0.488716 -6.744843 7.012383
v 6.151650 -5.619046 4.427555
v -1.324118 3.031622 3.982145
v -5.459589 -9.661457 1.300974
v -9.475960 -6.387075 0.935241
v 4.753977 1.979087 -0.982206
v -2.837043 -6.162944 5.023643
v -3.781563 8.938941 3.784162
v 7.000555 -3.011911 3.787989
v 4.962288 9.762931 3.427613
v -0.962241 2.324065 4.247391
v 1.559142 -2.952074 7.993768
v 5.601581 0.200807 1.336749
v -1.183664 -2.626020 -5.278447
v 7.157538 -5.012437 4.825443
v -3.278289 -11.408440 4.349739
v -5.617369 -15.416915 2.681352
v 6.619730 -17.201313 3.412358
v -2.843998 3.008312 -1.280911
v -7.597594 -4.784237 1.166330
v -6.212368 -17.085939 -1.241252
v -1.273496 0.871095 5.249681
v -0.019686 -9.742982 3.866818
v -5.328212 -9.742506 1.201287
v 0.397789 -2.566786 -5.836240
v 2.377452 4.196335 -3.825145
v -7.074545 -8.143861 -2.422815
v -5.344738 -0.802667 0.787341
v 9.817636 -17.604971 -0.537078
v 3.851515 4.177207 -2.219033
v 8.182735 -4.721119 4.069775
v -2.219759 1.409507 4.916257
v -1.796822 -9.879273 -1.750536
v -3.325939 10.740131 4.262930
v 3.451845 7.991939 4.624112
v -4.585744 5.618613 -1.146039
v 5.699185 -0.509261 -0.926794
v -0.640214 -18.119659 6.873713
v -3.314103 1.745111 1.734373
v -7.886514 -4.833877 0.536568
v 7.450255 -4.894105 4.601895
v -0.357677 2.263430 -3.410627
v -3.456708 9.450807 3.906517
v -8.841495 -6.207979 -1.465186
v 0.905539 0.476855 4.593033
v -1.374256 -1.218707 -5.223962
v -0.250620 -15.463820 0.787630
v -6.870425 -19.021025 0.491112
v 1.955579 -6.093254 5.879157
v 7.903006 -1.178152 3.636256
v -2.559047 -0.130211 6.817674
v 1.721104 1.321061 4.278238
v -4.250679 -2.192459 -2.908449
v 1.316045 1.097504 4.158760
v -4.956532 5.942229 -1.633296
v -7.925170 -7.299668 -2.302327
v 1.612486 0.273072 4.737484
v 0.275362 -10.330904 -3.486179
v 5.827306 -10.720464 -3.529578
v -5.432588 -4.395770 -0.646651
v -4.339915 6.490657 2.676353
v 0.231451 -1.789283 7.877504
v -0.694406 -9.667968 -2.529118
v -9.157802 -7.596182 0.775877
v -2.839886 10.594534 4.455606
v 5.224432 -11.139295 0.718082
v -9.198260 -5.256476 -0.262944
v 6.125806 -11.046865 -3.421936
v 8.941859 1.284701 1.969717
v -5.915222 -14.747291 -1.067956
v 3.965279 -4.921356 -4.411511
v -6.400351 -18.844526 4.670496
v -6.886649 -6.712573 6.170566
v -7.618669 -7.595605 5.986154
v 7.417729 -3.284121 3.795957
v -7.059123 -19.559885 0.571232
v 6.432921 -0.320804 -2.351382
v 5.686995 7.389429 -1.671596
v 6.516172 -3.509435 1.040494
v -6.633605 -20.241758 7.041521
v -4.653652 -7.166054 -1.823765
v -3.027114 -4.708610 5.543516
v 4.143181 -14.101761 1.263430
v 5.607045 1.408502 2.853982
v 2.338876 2.751985 -3.395663
v 7.171356 -4.315026 -2.103829
v 4.609871 2.771329 1.228278
v -5.260200 -10.462658 1.542217
v -3.671116 -10.918301 4.752958
v -1.146076 -5.172332 5.564926
v 0.673787 -3.672804 7.668219
v -2.325185 -5.408337 -3.403623
v -2.294335 -15.294205 3.950402
v -5.513274 -15.020236 -1.318804
v 1.888596 -2.731526 7.881020
v -5.360574 -11.049454 1.577146
v 0.384417 -9.459747 -3.586913
v -2.541827 -4.906346 -3.655830
v -0.147945 -19.705549 7.089314
v -4.631011 -15.325672 -1.690155
v 7.849137 -3.935113 2.837799
v -4.603045 -1.918353 -2.726665
v -3.743557 8.139848 3.862029
v 7.165924 -2.277161 1.577202
v 2.336536 -5.064984 -5.084285
v -6.401156 -19.602976 -1.403527
v -1.181451 15.101673 4.719418
v -2.988452 -3.912596 -3.786870
v -0.674915 -4.484130 -4.694142
v -0.678481 -0.839368 6.754035
v 1.721600 -6.152739 6.015890
v 5.894559 -16.809294 -0.656116
v 8.969473 3.526493 0.908754
v -6.679603 -14.795835 0.981640
v 0.396690 -16.265265 -2.130670
v -6.722485 -18.755779 0.488040
v 2.262162 2.614111 3.346970
v 5.501429 1.191021 -0.555725
v 2.799123 -4.932684 -4.916314
v -4.509016 0.229549 0.579516
v -3.671999 -5.969124 5.859233
v 1.516270 -15.524634 -4.709655
v 2.289946 -2.582047 7.511424
v 6.394189 -5.050197 -1.824197
v 8.378860 1.909031 2.312943
v 5.967951 -6.228813 1.233452
v -9.355924 -7.465248 0.692172
v 1.045656 -12.009005 -4.325103
v 5.054432 -3.751385 -3.798975
v -8.253486 -6.631113 -2.180357
v 4.212337 1.771241 2.098392
v 3.543031 8.373088 4.535742
v -1.357468 -1.874107 7.804188
v 4.643163 -4.668329 -4.120659
v 2.065407 -10.254929 2.140250
v 5.627658 0.760581 -1.786470
v -3.969825 -5.418175 -2.216294
v -0.364587 2.304567 4.511077
v 5.921217 -11.899462 -0.898384
v 10.455428 -19.556625 1.239055
v 4.427605 0.753523 2.133525
v 5.739947 7.092358 -1.156278
v 2.201916 -5.975816 5.856528
v -8.958643 -6.909245 1.661301
v -7.721799 -6.727038 6.014325
v 4.210038 -9.032738 -3.512960
v -3.012631 -11.388616 4.299334
v -9.682988 -6.905525 0.377061
v -3.728439 -11.722557 4.601169
v -3.887920 -3.965497 -2.823848
v -1.820388 -17.359407 7.853225
v 2.737098 -1.360540 6.261550
v 7.492684 -1.710858 -0.921920
v -6.040521 -9.559297 2.283342
v 5.999130 -9.525213 -1.369391
v -6.205401 6.568779 2.064540
v -9.398489 -6.182643 0.047141
v 2.624888 -3.236248 7.751252
v -1.361983 -0.712416 6.859527
v -1.794490 -17.027197 3.347827
v -5.163219 -10.027850 1.336628
v -0.049356 -5.869325 8.337123
v -1.783676 2.791130 -2.832120
v -1.755937 -16.452242 2.765327
v 8.466024 1.656792 2.411420
v -2.961395 -6.133699 -2.298814
v -2.501030 -16.477118 3.797245
v -3.895231 -5.524265 5.833517
v 5.173142 -15.239685 -2.401843
v -0.409054 -5.250529 8.492414
v -5.185167 -0.911319 -1.672483
v 7.387399 -2.242108 1.397028
v -3.385918 2.461758 1.083506
v 4.479942 -5.165883 6.605953
v -1.638396 -5.792416 5.270095
v 5.533801 -11.299685 0.052261
v 6.205293 1.557506 3.727129
v 2.820817 8.142674 4.948660
v 8.281611 -3.985299 3.138719
v -2.708292 -0.836761 -4.318305
v 5.873009 -19.307558 3.619832
v 1.844109 2.813733 3.819233
v 5.735937 0.637560 2.499683
v 5.233393 -14.008593 0.556116
v -3.921543 -11.716724 4.826754
v 1.908030 2.248960 3.525335
v 5.569057 1.359890 3.018313
v -7.371081 -5.583100 -1.996469
v 0.029737 -9.665863 -3.128947
v -3.129264 -3.947535 -3.571975
v 4.317597 1.095617 -4.079197
v -4.766494 -1.851765 -2.724732
v -4.978097 -0.765123 -1.811500
v 7.856110 -2.446056 0.640771
v -6.569591 -20.350697 5.691147
v 5.619411 6.933227 -1.755392
v -5.115939 -1.837797 -0.412444
v -0.269511 -3.876940 -5.530780
v -3.580107 -19.681644 9.561825
v 5.948995 -11.424442 -0.955720
v 2.451802 2.852401 3.469394
v 6.902878 -5.586100 4.043181
v -5.981101 7.157699 0.236450
v -6.360968 -19.275963 3.265185
v -9.082396 -5.078660 -0.050677
v 5.824518 1.522509 3.390922
v 7.884091 -3.492832 3.823306
v -3.492628 -2.172383 -3.457349
v 1.456503 -19.115284 -5.422105
v -0.009917 -6.817908 5.370361
v -2.931151 -0.819894 7.072448
v -6.719447 -19.483540 5.612117
v -1.760469 -4.679315 -4.154057
v -2.457567 3.569352 -1.817118
v 1.491505 0.712759 4.225605
v 0.270131 -9.660432 -3.546853
v -1.140508 -4.603719 5.556432
v -2.875000 -4.584743 5.502725
v 0.802234 -6.336128 -4.156464
v -9.082063 -7.361938 -1.378839
v -2.976701 -5.194758 5.484889
v 6.049957 -0.220132 0.633254
v -6.059415 -11.196538 2.910654
v -6.591447 -20.700638 5.527537
v 4.575006 -20.706554 -4.255962
v -4.426049 -9.192199 -0.720313
v -3.076340 -2.979605 4.214715
v 1.917894 2.210425 3.822003
v -9.041250 -5.866626 -1.143188
v 8.424352 0.008898 2.445311
v 6.079134 -11.253565 -3.713704
v -5.402443 -2.727737 -1.962710
v 2.582545 -15.685343 0.642494
v -4.308576 9.058105 3.203210
v 2.720080 15.050782 5.136565
v -9.662710 -7.164821 0.297089
v -4.587442 0.553666 2.049922
v -2.883022 4.495463 3.686803
v -0.963244 -0.492349 -4.956132
v -2.626796 -12.605789 4.526682
v -4.883007 -2.416054 -2.393700
v -2.867134 -14.972425 -2.442153
v -4.089282 -8.858839 5.553811
v 6.091822 -9.524232 -2.402690
v -3.389398 12.028706 4.033957
v -1.747370 -0.646864 6.988290
v 5.925401 -0.083080 -0.157258
v -5.925939 -4.623582 -1.948245
v 7.874020 -1.679413 -0.140740
v 4.947213 2.496548 -2.243656
v -5.606374 -4.708667 1.704351
v 0.949664 0.162984 5.341563
v 10.474339 -18.558393 1.138586
v 6.084561 -2.781241 -4.313863
v 4.445468 3.093372 1.840012
v 8.997463 -18.504509 3.373580
v 5.841030 -0.130257 0.095521
v -1.429161 -5.406048 -4.037735
v 6.830403 -3.017208 0.896601
v -3.561200 -11.043400 4.668105
v -6.306235 7.979771 0.861079
v -3.289308 -11.911952 4.311853
v 5.950543 -12.701247 -3.719486
v 6.060407 -14.423013 -0.750540
v 3.822393 1.711002 -3.997773
v -2.927976 -2.257924 -4.183078
v 5.782945 0.248497 -3.678013
v 1.412462 -15.908053 -4.610946
v -1.349183 -4.174088 -4.425366
v -0.891477 -4.907567 8.098795
v 2.319807 3.374281 -3.453836
v -4.144020 -12.943871 4.092789
v 6.199912 -9.611245 -2.232845
v 0.684474 -4.134137 7.736063
v -4.441205 -15.308564 -1.874420
v 6.154236 -0.606305 -3.688712
v -4.168935 0.667789 1.046198
v -0.033593 -0.761362 -5.541682
v -3.535275 -19.359388 9.302326
v -6.556011 -6.697994 6.535866
v -5.835300 -11.359239 2.437434
v 1.674934 -18.953852 -5.490034
v 1.510456 -6.178360 6.369396
v 5.869486 -6.485559 1.058117
v -8.850857 -4.919641 -0.431748
v -4.519130 -5.842016 5.798287
v -0.624550 -0.242928 5.691607
v -2.828711 -0.579004 7.105369
v 5.565488 1.443371 -1.563087
v 1.081426 2.039195 -3.439534
v -1.264170 -11.873893 -1.564417
v -5.833350 -4.444759 -0.298118
v -6.356966 -4.532726 -1.677609
v -3.700258 -7.130646 -1.774856
v 1.913741 -2.537530 7.751975
v -6.624463 -20.392187 6.778728
v -8.346121 -5.680170 2.215183
v 1.357931 -5.380411 -5.069983
v -4.344962 -9.422378 5.334532
v 7.166563 -17.318659 3.590381
v -0.788266 -5.359132 6.878037
v 5.926403 -10.430202 -0.807522
v 4.754074 0.189159 4.722980
v -0.732075 -0.180860 5.558619
v -4.276009 -2.211504 3.186784
v -3.662047 -5.104164 5.707231
v -4.500164 -9.064631 -0.792749
v 0.672759 -14.021491 1.337122
v 5.109994 1.961272 -1.658167
v -3.686745 8.639446 3.870141
v 1.955623 -3.314307 7.883242
v 7.797495 3.321810 1.234439
v 4.393994 -0.045886 4.979558
v 3.192154 -1.346269 6.098025
v -1.676014 3.684454 4.101817
v -8.746569 -7.837801 2.108152
v -4.835738 -1.720059 1.716570
v 7.066924 -2.731029 4.264293
v 2.910018 -18.933098 -5.637139
v 6.289039 -9.770757 -2.252643
v 2.024145 -12.260798 1.521877
v 4.712405 1.798427 -0.119173
v -4.102422 -2.217575 3.245758
v 1.805304 -4.780363 7.612649
v -5.548550 -8.937778 -1.404666
v -7.277230 -4.338902 -0.405781
v -6.746379 -19.539831 -0.896817
v -4.114969 -5.697674 5.809530
v -4.096439 -1.733812 3.477330
v -5.265419 8.816946 1.681488
v -5.088376 -12.259389 3.629030
v -0.687899 -12.244372 -1.605997
v -4.510846 -3.701300 -3.154282
v 8.800977 3.597235 0.759898
v -4.769442 0.645651 1.608137
v -5.327255 -15.014184 -1.626471
v 0.850214 -11.857387 -4.042046
v -4.647627 -14.299265 4.534337
v -3.102856 -8.779977 4.487833
v -6.655781 -20.199833 6.111131
v 5.930479 -16.425676 -1.120032
v 6.948415 -3.900698 -0.177890
v -0.571708 -11.723884 -1.743168
v -1.668038 -0.987644 7.031274
v -3.352846 -4.629610 5.607772
v 0.741219 -11.618063 -4.032719
v -1.761144 -3.107151 -4.771259
v 6.511915 -19.714825 3.905232
v 6.198443 -9.615399 -1.381904
v 3.950728 3.520037 -1.933958
v -5.251599 -14.953566 -1.820588
v -8.347464 -4.981855 1.326645
v 6.026292 14.208535 1.149589
v 4.057899 3.626755 -1.749468
v 4.348346 -14.771199 -4.546245
v -2.296897 -3.769402 5.542523
v 7.507223 -3.474282 3.543089
v -1.860742 1.190435 5.199825
v -5.244749 -10.379650 1.982940
v 1.288384 -2.547382 8.070599
v -0.335987 -5.207646 8.599371
v 7.117221 -3.688982 2.700478
v 5.826278 -0.226617 -0.612978
v -3.259753 -9.930318 4.732188
v 5.846750 -0.235062 0.223932
v -2.777303 3.938210 2.918924
v -5.542206 -10.199187 2.933367
v -3.485028 11.902263 3.982799
v -7.858017 -7.929890 -2.360059
v 3.883304 3.275013 -2.318814
v 0.599522 -15.324142 -4.585258
v 5.279784 0.000403 4.623148
v -2.676979 -1.029611 7.367405
v -3.266432 -1.875183 6.440038
v -5.223617 -3.714542 -2.537221
v 2.556186 -5.289596 -5.011008
v 0.536471 2.630271 -3.832114
v 2.578828 -16.027246 -4.973311
v 3.359964 -6.127966 5.321077
v 2.673968 2.986954 -3.329184
v 2.068572 -5.409572 7.273769
v 7.175407 -5.193527 4.755988
v -0.461049 -18.470798 6.719802
v 9.498452 2.772261 1.479607
v 5.693645 -14.320843 -2.831294
v -4.174787 -1.621235 4.025492
v -6.774144 -17.653301 -0.043220
v 2.960923 -5.577849 -4.619048
v -3.727613 -2.550995 3.582896
v -9.293982 -5.578415 0.673215
v 6.476418 -4.604988 0.406604
v 0.859948 3.515973 4.678370
v -6.523408 -14.577359 0.055531
v -3.237138 -2.211348 6.448751
v -0.684219 -11.703270 -1.652315
v 6.602621 -16.906713 -0.667879
v -3.948401 8.710218 3.710110
v 0.561662 -15.284562 0.275950
v 6.373834 -1.971914 4.570432
v -6.520652 -14.381129 2.002960
v -4.293635 -3.138816 3.294048
v 8.700334 -0.122206 3.244712
v -4.592280 -10.073598 4.424727
v 6.249954 5.286239 -2.721636
v 6.098370 -13.183950 -0.918055
v 4.149671 3.411243 -1.767583
v -1.342269 -3.164725 6.988807
v 9.029913 2.121294 1.995262
v -0.957571 -4.562186 7.524198
v 0.181795 -1.025851 5.474962
v -6.927694 -19.553415 1.606219
v 3.392246 1.011989 3.669808
v 5.960816 -2.058125 -4.760789
v 1.612495 -1.247411 5.539002
v -4.991235 -3.866763 -2.543163
v 2.160864 -6.395872 -4.178676
v -3.061160 2.643782 2.318472
v -5.126769 -1.400470 -1.084307
v 4.130243 2.681780 -2.556543
v -3.450352 -5.042149 5.707427
v -3.757541 -6.789997 -1.580611
v 7.368460 -1.340187 -0.155998
v -4.890137 -15.520417 -1.300789
v -4.570370 1.062438 1.922405
v 5.775841 -2.881910 -4.290506
v 8.783116 -0.516624 2.378514
v -6.492821 -5.031353 -1.884874
v -6.248790 -4.533993 -1.745207
v 1.978201 -18.433825 -5.346686
v -6.865652 -19.750584 2.236935
v 1.780971 -12.399738 1.504373
v -6.600189 -20.395470 6.182901
v -4.492180 -2.558779 3.063402
v 4.175760 2.768583 -2.075773
v -6.567980 -18.897184 2.156029
v -8.371895 -5.973772 4.907056
v 3.017385 0.401429 4.130400
v -8.802824 -4.879518 0.825202
v -5.167526 -1.583185 0.319359
v -0.717661 2.814647 -3.567049
v -6.238548 -16.808369 -1.016054
v 1.469263 -6.406881 5.793690
v -3.224796 -10.062359 4.600984
v 6.227560 1.743531 3.488867
v -1.656008 -16.341572 2.637196
v 7.418700 1.221529 1.651056
v -2.723186 -1.433045 -4.578929
v 7.126371 -1.316100 0.045160
v -4.977781 -3.236807 -0.388890
v -5.968521 -11.120704 2.497837
v 8.082548 -2.081201 0.654245
v 2.230558 -13.907730 -5.491446
v 1.601114 -2.106861 6.582771
v -1.235678 4.455192 -4.174202
v -1.091159 -4.308273 5.536352
v -2.797951 -4.507925 -3.392327
v 5.342265 -15.565931 -1.925129
v -6.454522 -14.087471 1.909631
v -4.565222 -9.227143 5.726444
v 5.790074 1.013921 -1.077000
v -4.021677 -11.553871 4.944945
v 4.611259 6.872841 -4.391060
v 3.871958 5.849878 -4.489564
v -3.682704 -5.474186 5.829393
v -3.452659 -5.660911 5.733445
v -8.613084 -6.941609 3.557098
v 7.874001 -4.742124 2.429420
v 1.628418 3.711813 -3.683084
v -6.540694 -19.069283 2.199976
v -4.097748 -20.384472 9.555878
v -3.860602 -5.390285 -2.397588
v -3.217201 -12.437137 4.336644
v 2.427104 3.201852 -3.486082
v -1.954562 -2.900230 -4.727184
v -2.159620 3.140646 -2.203756
v -1.288154 -5.100416 5.562760
v -4.357931 -4.362688 3.347527
v 6.701743 -3.540349 -3.522016
v -8.974341 -6.190522 1.540900
v 5.096411 0.530321 4.346191
v 7.786596 -0.292635 0.917024
v 0.268782 3.033182 -3.893264
v -1.335940 1.118772 5.115144
v 9.549623 1.949169 0.476954
v 6.772079 -19.872314 4.019510
v -9.152566 -6.251427 1.491940
v -2.545768 3.815244 3.224056
v 5.270258 9.728872 2.811372
v -0.159831 -2.545095 -5.808220
v -6.785978 -4.641771 -1.740631
v 4.983559 0.097230 4.721156
v -4.998177 -3.868218 -0.760667
v -0.788143 -3.555259 -5.814742
v -3.169106 -6.427290 -2.055328
v 1.959990 -6.316607 -4.194839
v -8.343324 -5.730326 4.847138
v -5.923081 -14.943370 -0.231042
v -6.173702 8.150122 1.015682
v -3.942235 -2.153898 3.265312
v 4.899407 9.215993 3.280206
v -1.056092 -13.189732 -1.368082
v 9.960323 2.899918 0.597629
v 4.485601 2.423286 -1.050644
v 1.804512 -10.763901 1.816395
v -8.947767 -5.403061 -1.092507
v -4.561681 -3.587095 -3.210093
v 2.016166 0.241490 4.694015
v 6.478592 7.696241 -2.953778
v 7.355003 -19.765665 4.110178
v 4.709979 -10.694289 -3.688990
v -5.197751 -4.527082 1.103467
v -4.263513 -4.721773 5.198674
v -3.763135 -8.719429 -1.219112
v -9.717994 -7.020227 -0.238846
v -4.758963 -15.827471 -1.522401
v 0.117031 -5.800536 -4.041018
v 0.801102 -5.986328 -4.120770
v -2.712559 -2.093558 6.975655
v -5.604599 -20.813734 8.772810
v 1.733261 -14.891387 -5.360457
v 6.687810 2.160476 3.085069
v 5.990171 -9.407280 -2.265738
v -0.122136 -19.925020 7.008881
v 3.896600 1.429601 -4.090696
v -3.717174 5.183362 3.194511
v -3.959557 0.736181 0.725183
v -0.349517 1.874190 -3.117879
v -4.761559 5.971874 -0.443615
v 8.696321 1.139390 1.465226
v 10.505339 -19.790998 1.581296
v 0.004694 2.385560 4.623528
v -8.314186 -6.203497 4.913800
v 8.060943 -0.449942 3.819413
v -0.230049 -12.496196 -3.405170
v -8.298007 -6.388386 4.912708
v 3.940816 2.494392 2.493110
v -3.888608 -11.943285 4.684922
v 6.459497 6.023592 -2.262322
v 0.323924 -0.778681 5.484959
v 8.122381 -19.942602 4.081453
v 6.410205 -17.339437 3.440839
v -2.839918 -5.344456 -3.193236
v 3.506061 -2.290167 -4.208719
v -0.468420 -12.196764 -2.047592
v -4.425474 -6.153755 -1.660873
v -1.244139 2.819159 4.081841
v -3.595841 -15.579398 -1.904221
v 7.878846 -3.688198 4.006696
v 5.632685 1.388124 2.709655
v 7.077337 2.297881 1.902888
v 7.017863 -3.343650 -3.326232
v -5.320410 6.342359 2.241503
v -4.504004 -19.907097 9.508800
v 2.015295 1.411556 4.329166
v 4.481771 -7.219792 3.645540
v -0.781053 -14.233466 3.976178
v 4.273910 -4.146983 -4.515016
v 0.235446 -2.067702 8.015759
v -4.550236 -9.030813 5.842415
v -6.648291 -20.545107 6.409733
v -6.376849 -19.106270 4.156342
v -0.392750 -14.693000 -3.739825
v -1.291510 -1.038778 -5.200415
v 3.634504 -20.619989 1.034329
v 1.054973 -15.924292 -4.310458
v 3.217291 -0.830039 -4.485460
v 2.483813 0.424954 4.143839
v -1.806571 2.034190 4.037563
v -7.841764 -5.279020 -1.962110
v -2.867474 -2.147994 7.013308
v 5.024559 -10.565498 -3.612805
v 2.690221 -1.189980 6.070371
v -2.012668 -6.587684 4.587747
v 1.096142 -15.750056 -4.426211
v -6.683806 -14.369350 -0.011089
v -3.268506 2.993588 -0.364909
v 2.071020 1.955385 4.503540
v -5.286424 -1.763497 -2.081616
v 6.181691 -11.296487 -1.023600
v 3.048130 -20.548836 0.524111
v -8.841384 -7.217488 4.652904
v 5.454456 1.047399 -1.962072
v -3.919148 -2.233432 -3.083775
v -8.060034 -5.330907 2.200747
v 2.078007 -15.393194 0.983260
v 3.681540 1.834248 -3.850508
v -7.861867 -5.818636 -2.074271
v 1.965485 0.484810 4.247446
v 8.747236 3.034739 0.625174
v -4.119720 -7.948783 -1.580893
v -3.422793 -2.540935 4.101749
v 3.786072 -6.058405 -3.596279
v -6.437105 -19.421768 2.812481
v -0.961248 -4.706076 8.117797
v 9.446787 1.679173 0.940678
v -2.895162 -11.967566 4.346473
v 4.149537 -5.530535 -4.182838
v -2.523327 3.211047 -1.634337
v -4.835827 -14.992677 -2.108155
v 5.784167 -3.094386 5.143227
v 0.356888 -5.669106 -4.237331
v 5.404372 -15.058332 -1.892776
v -3.090788 -6.714627 -2.338707
v 4.394578 -1.236303 5.491058
v -2.463192 -5.420223 -3.206663
v -3.843815 -0.151544 -0.727803
v -8.313387 -6.116611 -2.097899
v 3.278561 3.481550 -2.872538
v 5.485226 1.310780 3.299965
v 1.205291 3.373740 4.588378
v 4.234292 4.059069 -1.340867
v 4.354435 -2.838820 6.494350
v 9.523784 1.928755 1.658646
v -0.763864 2.001237 -3.037077
v 8.033298 0.071267 1.431292
v -7.800069 -4.889777 1.053898
v 3.075093 -5.706913 -4.505072
v -6.648014 -6.177941 6.047427
v 4.055807 -19.673506 -5.252014
v -5.645264 -10.896301 2.340860
v 5.476749 -14.715209 -2.605038
v 4.616454 1.952235 0.266277
v -3.185075 2.055352 0.738401
v -3.858832 -5.263872 -2.494159
v -8.261386 -7.805677 -2.187384
v 5.698274 1.340397 2.549924
v 6.462857 1.454080 3.723473
v -1.367393 -2.111564 7.855143
v -9.605716 -7.317525 0.229336
v 4.522573 14.544724 3.759664
v -6.531318 -20.797573 7.239254
v 6.985164 1.591399 3.412751
v 1.043834 -5.749732 -4.376169
v -4.976517 -1.343779 -0.906841
v -3.127189 13.366982 4.492743
v 4.307771 0.960405 3.773885
v -1.470668 -2.567825 -4.893454
v 5.088372 1.182529 3.722965
v 0.788098 2.819093 -3.895840
v -4.435497 -1.216102 2.715196
v 4.275024 9.105989 4.167648
v -3.516940 11.472753 4.045339
v 3.109213 2.165556 -3.287869
v -6.572231 -8.349754 -2.386266
v -4.418742 -1.848214 -2.864307
v 2.922974 3.203533 -3.225774
v -5.470044 -3.206841 -0.819508
v 5.669841 5.530855 -0.680617
v -6.787375 -4.115337 -0.762533
v 3.304840 0.540953 -4.489845
v -1.528696 -0.319107 7.039462
v 5.901741 -4.164475 5.247723
v -3.493975 2.697466 0.991191
v 8.681601 -4.626060 3.599895
v -5.743185 -3.623393 -1.461465
v 4.931376 2.439528 -2.083548
v 3.917957 1.608074 -4.043293
v 6.281550 -5.177712 -1.635917
v 10.137609 2.698773 0.648566
v 4.320568 -20.521276 1.980510
v -4.192513 -8.520837 -1.169677
v 0.737400 -6.170183 -4.090924
v -1.002302 -5.445373 -4.122213
v -8.077044 -6.449865 5.360227
v -6.394012 -14.953552 0.772869
v -1.578704 -5.119158 -4.313845
v 6.088623 13.437037 -3.549634
v 10.240778 2.661952 0.805438
v -6.702464 -19.678711 2.848007
v -4.004370 -11.326444 4.924949
v 6.847622 -17.417015 3.683230
v -6.956952 -4.131694 -1.315183
v 2.012208 -11.621069 -4.645640
v -4.039328 -8.528862 -1.175974
v -3.888772 -8.588445 -1.198574
v 6.455005 -5.210227 4.821472
v 2.160423 -11.702662 -4.802476
v -6.614673 -19.506310 2.700485
v 2.155665 -15.776254 -4.837445
v -1.717236 -12.709064 4.638789
v -2.491112 -0.664825 7.374016
v 8.528637 3.404258 1.631815
v 6.017109 -1.669387 -4.558080
v -3.299263 -3.717137 -4.055561
v -9.693335 -7.189602 -0.336536
v 5.752554 -11.357941 -0.818470
v 9.723693 1.940126 0.612655
v -5.905592 -10.854897 2.821756
v -4.909552 -14.379643 4.272271
v -2.440018 2.824779 3.109844
v -3.254719 2.729319 2.023930
v 3.461321 -1.595530 -4.221171
v -5.559752 -0.521600 0.614830
v -8.058345 -5.705991 3.194646
v -4.250340 -3.181640 -3.273390
v 4.615451 1.857474 0.159938
v 0.266242 3.270474 -3.858568
v -0.499541 -12.515742 -2.141963
v 3.531097 -18.688742 -5.218442
v -6.664120 -19.660067 -1.055518
v -4.784814 0.211031 0.746005
v 5.677087 6.083078 -1.547916
v 2.304953 -11.378419 -4.673989
v 6.032351 -1.890818 4.746816
v 5.829452 -10.889139 -3.664032
v 0.678563 -3.910995 7.636744
v 5.631054 -11.051649 -0.633197
v -0.970190 -4.711174 5.582370
v -6.676354 -14.616369 0.488400
v -6.641156 -20.576679 5.882304
v -5.932220 8.244895 1.345442
v 1.087963 3.120619 -3.881483
v -6.370890 -20.129938 -1.391598
v 6.443608 -3.283954 2.145652
v 8.356081 0.981257 1.565443
v 5.054559 2.147033 -3.312829
v -3.623023 -15.199071 4.312652
v -4.519167 -3.180653 -3.161688
v -3.546509 -9.846755 4.978020
v 6.783060 5.900206 -2.350840
v -3.551692 -9.508354 4.740802
v -5.106988 -0.194160 1.216945
v -4.600880 -5.101099 -1.633805
v -4.572465 -11.460467 4.938080
v 6.536063 6.688172 -2.583362
v -0.889852 -1.937623 7.923930
v -7.103115 -8.449196 -2.431998
v 9.241136 2.013791 1.902967
v 8.592208 -4.111797 3.080820
v -5.097268 -14.695437 -2.081797
v -0.712381 -5.031564 8.259918
v -5.000900 -15.756508 -1.334020
v -0.565118 -5.376409 8.029916
v -6.459045 7.985097 1.315384
v 7.308484 2.489011 2.159681
v 9.195795 1.643181 1.922936
v 1.104956 -6.478489 6.231709
v -5.641297 -17.977831 3.798740
v -1.332097 4.218521 -3.998313
v 6.187373 -1.716023 -4.552205
v -4.321948 -4.676200 5.042976
v 4.897226 2.040561 -1.468878
v 5.192144 -10.918046 -3.759600
v 7.142274 -20.132797 4.106707
v -5.471731 -12.785158 3.039211
v -4.673814 -8.830977 5.979333
v 4.256189 -4.517436 -4.515333
v -5.287366 -4.429393 -0.506989
v -1.490761 -1.090470 7.160814
v 6.769210 -4.757802 4.982101
v 8.271076 2.618270 0.972876
v -0.335844 -0.379963 5.878880
v -7.469582 -4.461702 -0.514532
v 7.841161 0.933531 3.168957
v -3.100390 3.371932 -0.276192
v -0.375268 -4.001552 5.922338
v 6.832548 -2.366875 3.409456
v -6.766420 -14.617120 1.188973
v -6.684813 -14.827312 1.429112
v -3.531071 -5.573287 -2.098881
v -8.917215 -4.940702 0.678200
v 5.439531 -16.810547 -0.051552
v 0.296415 -12.315477 -4.021883
v -4.379586 -19.719856 9.392045
v 4.165447 -2.619295 6.491292
v -1.184489 -0.846451 6.927916
v -3.206438 -15.835902 3.792886
v 7.903412 -5.149997 4.356062
v -0.184154 2.496709 4.540349
v 3.897465 -2.541937 -3.996132
v 4.083776 -2.569070 -4.022155
v 5.677938 0.288142 -1.314211
v -3.193819 3.204221 -0.339094
v 3.474015 1.686025 2.885695
v -4.342982 -4.762086 5.431663
v 5.747327 7.543659 -1.451844
v 1.906902 -15.845331 -4.802253
v -9.082851 -5.035098 0.578251
v -4.263483 -15.319481 -1.965653
v -9.300246 -6.035361 0.601153
v -3.429201 -5.664733 -2.029052
v -2.641491 -20.419989 -1.426116
v 0.739122 0.149240 5.351608
v -3.035276 -1.847502 -3.992599
v -8.349526 -5.890840 3.522459
v -3.167953 3.045264 2.160209
v -8.133520 -5.667702 -2.039883
v 2.411294 0.552214 4.046343
v -4.319744 0.740055 1.277110
v -9.246102 -5.886796 0.151128
v 4.874164 2.309535 -3.362846
v 8.749208 -19.548758 3.829483
v -5.085530 -2.035176 -2.106480
v -2.399330 -16.767996 4.059233
v -5.149034 -1.119171 -2.170553
v -7.140370 -8.533477 -2.387879
v 6.564158 -0.729017 1.592969
v 7.614441 -20.095545 4.121165
v -2.672134 2.870372 -1.741211
v 8.503346 2.160069 2.108233
v -5.155894 -4.634353 1.610415
v 8.061893 -19.827944 4.103321
v -0.187235 -15.798823 -0.420930
v -8.579432 -7.314756 5.220770
v -8.497527 -5.553553 -1.354531
v -5.277195 -0.665333 0.099583
v -2.498590 3.373599 -1.579901
v 8.277445 0.008838 3.577759
v 2.077159 2.119335 3.571243
v -4.386731 -4.531967 3.505931
v -1.142080 -0.562792 -4.962002
v -2.103708 -15.062963 -2.250105
v 8.012654 1.024563 3.058964
v 6.736648 -3.045238 1.049603
v -1.243469 -0.747768 -5.054141
v -4.754323 -1.924825 2.404853
v -9.112121 -5.702316 1.477721
v 2.030242 -15.602921 -4.787997
v 1.345441 -15.991022 -4.661129
v 0.325355 -2.605831 8.067104
v -7.517474 -4.630099 0.726527
v 6.905159 -3.513204 -3.412786
v -8.934039 -7.190932 3.827817
v 6.111188 -14.331957 -1.183518
v 2.167188 -0.171978 5.633425
v -1.669375 -5.222216 -4.244358
v -4.086002 -15.266978 -2.099401
v -8.487494 -5.765938 4.424746
v 6.480642 -11.132586 -1.530521
v -3.225715 -2.753850 4.296770
v -0.264642 -4.090426 7.566154
v -4.559691 -20.138094 9.544894
v 6.009153 1.607282 3.495117
v -5.300095 -12.132749 3.741428
v 6.525665 -3.872552 0.594238
v -0.192379 -0.530890 6.348430
v 1.054064 -1.931872 -5.019052
v 6.038488 5.975108 -1.918807
v -3.084907 -0.837456 6.706354
v 5.816751 0.045742 -0.702977
v 7.989731 0.081544 1.279693
v 0.560291 -14.469479 1.095822
v -3.063430 -1.355306 7.219938
v -4.275597 -16.922962 4.463117
v -3.031566 3.549419 -0.244651
v -6.016283 8.253754 1.183361
v 3.622824 2.493739 -3.170101
v -9.056088 -6.688725 1.522764
v -3.339980 -10.921144 4.493848
v -8.893716 -6.611396 -1.580688
v -1.728208 -10.081217 -1.690736
v -2.211613 -5.404478 -3.608649
v -5.018723 -14.858831 -2.114437
v -0.890645 -4.467932 7.709246
v -3.483453 -5.880430 -1.863173
v -3.327066 -4.485023 5.440216
v -1.610155 -6.200029 4.880755
v -3.451138 -5.783554 -1.948051
v -6.594559 -20.600521 7.211284
v -7.616287 -7.131139 6.011828
v 0.940646 -1.511564 -5.144232
v 0.614441 -15.110375 0.525665
v -3.810900 -2.994386 3.733156
v 2.845452 0.539678 4.072550
v -4.937946 -15.637708 -1.283432
v -1.109046 -17.496475 7.206966
v -1.893505 -1.611955 -4.517315
v 0.714541 -14.486306 1.021407
v -5.487032 -9.989719 2.963288
v -7.895299 -8.126320 -2.325494
v 2.334491 0.718444 3.998047
v -0.388339 -10.417212 -2.598877
v -8.937943 -6.672353 1.629733
v 9.292214 1.555881 1.653259
v 6.035313 -0.008427 2.184163
v -5.336545 -1.796003 -1.778002
v 4.784758 0.640787 4.273025
v -4.624144 -4.842635 3.671790
v 8.995237 1.646538 2.108283
v 7.683598 -1.181651 0.225180
v 1.441631 -15.841358 -4.585055
v -2.523099 3.509005 2.727903
v 4.237013 9.170321 4.285838
v -4.431294 -6.330695 5.883143
v 3.181804 2.958123 -3.006850
v -6.906291 -19.342871 6.578861
v 2.527247 0.942151 3.832612
v 5.611487 0.523547 -1.267504
v 1.524402 -1.123367 5.626936
v 5.593947 -9.269846 -2.186792
v 2.272228 2.110724 3.216116
v 6.167207 -10.242268 -0.878006
v 3.779766 2.667943 2.439249
v 8.502072 -4.010754 3.687356
v -7.954302 -8.214567 -2.253474
v -0.865107 -14.248544 -2.025303
v -4.712047 5.561495 2.611035
v -5.442041 -3.700300 -2.123132
v -9.291270 -5.518005 0.333566
v -4.512349 1.008717 2.251607
v -0.866387 1.608897 -2.868484
v 2.417094 1.338685 4.021817
v 8.790355 -19.815598 3.776645
v 6.940416 -2.667633 4.154601
v 7.716041 2.662293 2.024910
v -1.345639 -4.628555 5.560330
v -0.425575 -1.398342 -5.808819
v 0.353997 8.470003 5.404146
v -6.966496 -19.177700 0.656778
v 6.173988 5.806018 -1.964280
v 1.693268 -1.364890 5.513675
v -0.314820 -6.347825 5.638527
v -5.132415 -4.298875 -0.579730
v -7.073559 7.272948 1.584544
v -0.970108 -17.614094 7.017347
v -6.447057 -19.423552 -1.359572
v -8.263609 -7.961650 -2.135257
v 7.845423 -5.249265 4.315453
v -5.503516 -0.327625 0.726751
v 4.249237 2.390528 2.290236
v 7.406667 1.583834 3.086458
v 2.511249 1.167633 3.811348
v -8.131786 -5.752851 5.297774
v -3.665233 -1.192488 -3.473762
v 9.333487 1.672897 1.756144
v 6.247522 -0.209057 1.257552
v -2.654724 -16.703484 4.076149
v 7.837905 -19.720263 4.133197
v 2.803334 3.078095 -3.279986
s 0
f 1 2 6
f 7 2 1
f 6 4 1
f 1 4 8
f 8 7 1
f 2 5 6
f 12 5 2
f 2 7 11
f 2 11 12
f 3 4 13
f 11785 4 3
f 3 9 10
f 13 9 3
f 3 10 11785
f 4 6 12071
f 11785 8 4
f 12071 13 4
f 18 6 5
f 5 12 17
f 5 17 18
f 6 18 19
f 6 19 24
f 6 24 12071
f 7 8 48
f 25 11 7
f 48 25 7
f 12342 48 8
f 8 11785 12342
f 12425 10 9
f 9 13 28
f 9 28 12636
f 12636 12425 9
f 10 16 12342
f 12704 16 10
f 12342 11785 10
f 10 12425 12704
f 20 12 11
f 25 20 11
f 23 17 12
f 12 20 23
f 13 24 28
f 12071 24 13
f 29 15 14
f 14 15 12704
f 34 29 14
f 11570 34 14
f 14 37 11570
f 12425 37 14
f 12704 12425 14
f 22 16 15
f 15 16 12704
f 29 22 15
f 11072 21 16
f 16 21 12342
f 16 22 11072
f 26 18 17
f 17 23 31
f 31 26 17
f 27 19 18
f 18 26 27
f 12151 24 19
f 19 27 42
f 42 33 19
f 19 33 12151
f 44 23 20
f 20 25 52
f 52 44 20
f 11253 48 21
f 21 48 12342
f 11072 62 21
f 21 62 11253
f 22 29 55
f 55 40 22
f 22 40 11072
f 36 31 23
f 44 36 23
f 30 28 24
f 12151 30 24
f 25 48 52
f 51 27 26
f 26 31 43
f 26 43 51
f 54 42 27
f 27 51 54
f 28 30 46
f 46 37 28
f 28 37 12636
f 29 34 66
f 66 55 29
f 33 32 30
f 30 32 35
f 12151 33 30
f 30 35 38
f 30 38 46
f 31 36 41
f 31 41 43
f 32 33 49
f 45 35 32
f 49 45 32
f 42 39 33
f 33 39 49
f 34 50 66
f 11570 50 34
f 47 38 35
f 35 45 57
f 57 47 35
f 67 41 36
f 36 44 69
f 69 67 36
f 37 46 59
f 37 59 11184
f 37 11184 11570
f 37 12425 12636
f 63 46 38
f 38 47 63
f 39 42 64
f 53 49 39
f 65 53 39
f 39 64 65
f 40 55 68
f 40 58 62
f 68 58 40
f 40 62 11072
f 74 43 41
f 41 67 84
f 84 74 41
f 42 54 64
f 75 51 43
f 43 74 91
f 91 75 43
f 44 52 94
f 147 69 44
f 44 94 147
f 45 49 60
f 60 57 45
f 63 59 46
f 47 57 78
f 80 63 47
f 47 78 80
f 94 52 48
f 129 94 48
f 11253 129 48
f 49 53 61
f 61 60 49
f 50 56 66
f 79 56 50
f 11184 79 50
f 11570 11184 50
f 75 54 51
f 71 61 53
f 53 65 81
f 81 71 53
f 77 64 54
f 54 75 77
f 55 66 73
f 72 68 55
f 73 72 55
f 97 66 56
f 56 79 86
f 56 86 97
f 57 60 85
f 57 76 78
f 85 76 57
f 11132 62 58
f 58 68 89
f 58 89 11132
f 59 63 80
f 80 79 59
f 59 79 11184
f 60 61 70
f 60 70 11203
f 11203 85 60
f 71 70 61
f 11132 154 62
f 62 154 11253
f 82 65 64
f 64 77 82
f 92 81 65
f 65 82 92
f 97 73 66
f 67 69 118
f 118 84 67
f 68 72 83
f 68 83 12391
f 11057 89 68
f 12391 11057 68
f 147 118 69
f 70 71 90
f 70 90 103
f 70 103 11203
f 71 81 11283
f 11283 90 71
f 72 73 87
f 87 83 72
f 96 87 73
f 97 96 73
f 74 84 101
f 100 91 74
f 101 100 74
f 11102 77 75
f 75 91 11102
f 88 78 76
f 76 85 98
f 95 88 76
f 98 95 76
f 107 82 77
f 110 107 77
f 11102 110 77
f 11587 80 78
f 78 88 11587
f 79 80 86
f 125 86 80
f 130 125 80
f 11587 130 80
f 81 92 11283
f 107 92 82
f 83 87 99
f 83 99 105
f 83 105 12391
f 132 101 84
f 84 118 132
f 85 93 98
f 11203 93 85
f 140 97 86
f 86 125 140
f 87 96 114
f 114 99 87
f 88 95 119
f 119 116 88
f 88 116 11587
f 179 154 89
f 89 154 11132
f 11057 179 89
f 173 103 90
f 90 137 173
f 11283 137 90
f 91 100 128
f 91 128 136
f 91 136 172
f 91 172 11102
f 92 107 123
f 123 121 92
f 92 121 11283
f 150 98 93
f 93 103 173
f 11203 103 93
f 93 139 150
f 173 139 93
f 94 129 201
f 268 147 94
f 94 201 268
f 95 98 131
f 131 119 95
f 96 97 141
f 149 114 96
f 96 141 149
f 97 140 141
f 150 131 98
f 134 105 99
f 99 114 145
f 145 134 99
f 100 101 111
f 100 111 128
f 142 111 101
f 101 132 142
f 108 104 102
f 102 104 12233
f 102 106 108
f 11865 106 102
f 102 124 11865
f 12042 124 102
f 12233 12042 102
f 104 108 122
f 117 112 104
f 104 112 12233
f 122 117 104
f 105 134 158
f 105 158 11057
f 105 11057 12391
f 127 108 106
f 113 109 106
f 106 109 115
f 11865 113 106
f 106 115 127
f 107 110 138
f 160 123 107
f 107 138 160
f 127 122 108
f 109 113 144
f 120 115 109
f 11575 120 109
f 109 144 11575
f 172 138 110
f 11102 172 110
f 152 128 111
f 111 142 156
f 156 152 111
f 112 117 126
f 112 126 146
f 112 146 12603
f 112 12042 12233
f 12603 12042 112
f 166 144 113
f 12034 166 113
f 113 11865 12034
f 149 145 114
f 115 120 143
f 181 127 115
f 115 143 167
f 115 167 181
f 116 119 155
f 164 130 116
f 116 130 11587
f 116 155 164
f 117 122 153
f 153 126 117
f 196 132 118
f 118 147 271
f 271 196 118
f 119 131 135
f 119 135 155
f 120 133 143
f 11575 133 120
f 121 123 244
f 244 137 121
f 121 137 11283
f 122 127 159
f 159 153 122
f 123 160 191
f 123 191 244
f 124 277 12034
f 12605 277 124
f 12034 11865 124
f 124 12042 12605
f 125 130 190
f 169 140 125
f 190 169 125
f 151 146 126
f 185 151 126
f 126 153 165
f 126 165 185
f 11188 159 127
f 127 181 11188
f 152 136 128
f 129 154 330
f 11253 154 129
f 330 201 129
f 130 164 190
f 161 135 131
f 131 150 161
f 175 142 132
f 217 175 132
f 132 196 261
f 261 217 132
f 157 143 133
f 133 148 157
f 11575 148 133
f 134 145 171
f 171 158 134
f 11818 155 135
f 135 161 11818
f 136 152 199
f 199 172 136
f 335 173 137
f 137 244 10738
f 10738 335 137
f 194 160 138
f 138 172 182
f 138 182 194
f 197 150 139
f 139 173 233
f 233 197 139
f 205 141 140
f 140 169 205
f 205 149 141
f 162 156 142
f 175 162 142
f 143 157 163
f 143 163 167
f 177 148 144
f 144 148 11575
f 144 166 10980
f 210 177 144
f 10980 210 144
f 145 149 168
f 145 168 188
f 188 171 145
f 146 151 12466
f 12466 12142 146
f 146 12142 12603
f 147 268 271
f 177 157 148
f 205 168 149
f 197 161 150
f 151 185 220
f 151 220 230
f 151 230 12466
f 152 156 162
f 152 162 213
f 213 199 152
f 153 159 174
f 174 165 153
f 154 179 408
f 408 330 154
f 200 164 155
f 11818 200 155
f 170 163 157
f 184 170 157
f 157 177 192
f 192 184 157
f 158 171 215
f 215 179 158
f 158 179 11057
f 187 174 159
f 11188 187 159
f 221 191 160
f 160 194 221
f 161 197 316
f 316 300 161
f 161 300 11818
f 162 175 212
f 162 212 213
f 204 167 163
f 163 170 204
f 11302 190 164
f 164 200 11302
f 165 174 235
f 224 185 165
f 235 224 165
f 166 277 11195
f 12034 277 166
f 11195 10980 166
f 198 181 167
f 214 198 167
f 167 204 214
f 227 188 168
f 168 205 227
f 169 190 211
f 10969 205 169
f 169 211 10969
f 170 184 208
f 231 204 170
f 170 208 231
f 171 188 248
f 248 215 171
f 241 182 172
f 172 199 241
f 415 233 173
f 173 335 415
f 174 187 247
f 236 235 174
f 247 236 174
f 217 212 175
f 180 178 176
f 176 178 183
f 193 180 176
f 176 183 186
f 176 186 193
f 210 192 177
f 178 180 189
f 12692 183 178
f 178 189 195
f 178 195 12692
f 179 215 377
f 179 377 408
f 218 189 180
f 180 193 12232
f 11605 218 180
f 12232 11605 180
f 181 198 10967
f 181 10967 11188
f 228 194 182
f 264 228 182
f 182 241 264
f 209 186 183
f 11277 209 183
f 12692 11277 183
f 184 192 238
f 238 208 184
f 267 220 185
f 185 224 267
f 207 193 186
f 209 207 186
f 11188 206 187
f 187 206 11220
f 11220 247 187
f 188 227 248
f 216 195 189
f 11809 216 189
f 189 218 11809
f 269 211 190
f 190 253 269
f 11302 253 190
f 191 221 237
f 191 237 12023
f 12023 244 191
f 192 210 250
f 254 238 192
f 192 250 254
f 193 207 11085
f 11884 223 193
f 193 223 12232
f 193 11085 11884
f 228 221 194
f 195 216 12430
f 12430 11228 195
f 195 11228 12692
f 308 261 196
f 196 271 308
f 197 233 419
f 419 316 197
f 198 214 246
f 198 246 10967
f 199 213 284
f 313 241 199
f 199 284 313
f 337 253 200
f 200 253 11302
f 200 300 333
f 11818 300 200
f 200 333 337
f 601 268 201
f 201 330 601
f 202 219 232
f 11228 219 202
f 202 226 11111
f 11625 226 202
f 202 232 11625
f 202 11111 11228
f 11111 239 203
f 203 239 11277
f 11228 11111 203
f 12692 11228 203
f 203 11277 12692
f 283 214 204
f 204 231 283
f 260 227 205
f 10969 260 205
f 289 266 206
f 206 266 11220
f 11345 289 206
f 11188 10967 206
f 206 10967 11345
f 207 209 10976
f 207 10976 11419
f 11402 11085 207
f 11419 11402 207
f 328 231 208
f 208 238 328
f 298 297 209
f 209 297 10976
f 11277 298 209
f 255 250 210
f 10980 255 210
f 211 269 299
f 211 299 403
f 211 403 10969
f 274 213 212
f 212 217 256
f 212 256 274
f 213 274 284
f 10719 246 214
f 214 283 290
f 214 290 362
f 214 362 10719
f 215 248 414
f 414 377 215
f 216 11809 11840
f 216 11840 11934
f 216 11934 12430
f 285 256 217
f 217 261 285
f 11605 270 218
f 218 270 11809
f 278 232 219
f 11934 278 219
f 219 11228 12430
f 12430 11934 219
f 12726 230 220
f 220 267 280
f 220 280 12726
f 221 228 310
f 310 237 221
f 11884 234 222
f 222 234 12183
f 11311 245 222
f 222 245 11967
f 12183 11311 222
f 11967 11884 222
f 11967 251 223
f 223 251 12232
f 223 11884 11967
f 224 235 267
f 240 226 225
f 225 226 11625
f 258 240 225
f 225 243 12500
f 12598 243 225
f 12500 258 225
f 225 11625 12598
f 272 239 226
f 226 239 11111
f 226 240 272
f 359 248 227
f 227 260 366
f 366 359 227
f 228 264 294
f 228 294 310
f 229 230 282
f 12466 230 229
f 287 252 229
f 229 252 12142
f 229 282 287
f 229 12142 12466
f 12726 282 230
f 349 283 231
f 231 328 349
f 257 243 232
f 232 243 12598
f 324 257 232
f 232 278 324
f 12598 11625 232
f 233 415 441
f 441 419 233
f 234 293 10863
f 11330 293 234
f 234 10863 12183
f 234 11085 11402
f 11884 11085 234
f 11402 11330 234
f 235 236 343
f 12703 267 235
f 235 343 12703
f 236 247 304
f 236 304 343
f 237 310 420
f 420 320 237
f 237 320 12023
f 238 254 344
f 360 328 238
f 238 344 360
f 239 272 279
f 239 279 298
f 239 298 11277
f 240 258 276
f 276 272 240
f 365 264 241
f 241 313 365
f 262 249 242
f 242 249 11311
f 242 259 262
f 10863 259 242
f 12183 10863 242
f 242 11311 12183
f 243 257 318
f 243 318 12005
f 243 12005 12500
f 244 336 10738
f 12023 336 244
f 306 292 245
f 245 292 11967
f 12030 306 245
f 245 11311 12030
f 10719 331 246
f 246 331 11433
f 11345 10967 246
f 11433 11345 246
f 247 296 304
f 12146 296 247
f 247 11220 12146
f 248 359 414
f 249 262 273
f 249 273 275
f 249 275 12030
f 12030 11311 249
f 340 254 250
f 250 255 326
f 250 326 340
f 251 305 10549
f 12167 305 251
f 251 10549 11605
f 251 11605 12232
f 251 11967 12167
f 252 287 346
f 346 325 252
f 252 325 11853
f 252 11853 12142
f 368 269 253
f 253 337 368
f 254 340 344
f 372 326 255
f 11681 372 255
f 255 10980 11195
f 255 11195 11681
f 302 274 256
f 256 285 339
f 339 302 256
f 338 318 257
f 257 324 409
f 409 338 257
f 258 265 288
f 12500 265 258
f 311 276 258
f 258 288 311
f 291 262 259
f 341 291 259
f 259 293 341
f 10863 293 259
f 393 366 260
f 403 393 260
f 10969 403 260
f 374 285 261
f 261 308 475
f 475 374 261
f 286 273 262
f 315 286 262
f 262 291 315
f 307 265 263
f 263 265 12500
f 329 307 263
f 263 318 329
f 12005 318 263
f 12500 12005 263
f 365 294 264
f 307 288 265
f 266 289 303
f 266 303 312
f 266 312 12146
f 12146 11220 266
f 423 280 267
f 12703 423 267
f 502 271 268
f 601 502 268
f 425 299 269
f 269 368 425
f 10549 323 270
f 270 323 11840
f 11605 10549 270
f 11840 11809 270
f 475 308 271
f 685 475 271
f 271 502 685
f 272 276 321
f 364 279 272
f 272 321 364
f 314 275 273
f 273 286 301
f 273 301 309
f 273 309 314
f 327 284 274
f 274 302 350
f 350 327 274
f 361 306 275
f 275 306 12030
f 275 314 361
f 276 311 321
f 277 402 430
f 12605 402 277
f 277 430 11195
f 278 281 347
f 11934 281 278
f 347 324 278
f 11048 298 279
f 279 364 11048
f 280 423 500
f 500 458 280
f 280 458 12281
f 280 12281 12726
f 367 347 281
f 11840 367 281
f 11934 11840 281
f 351 287 282
f 12281 351 282
f 12726 12281 282
f 376 290 283
f 283 349 376
f 327 313 284
f 374 339 285
f 353 301 286
f 286 315 353
f 351 346 287
f 288 307 354
f 354 311 288
f 342 303 289
f 356 342 289
f 11433 356 289
f 289 11345 11433
f 12253 362 290
f 290 376 12253
f 442 315 291
f 291 341 442
f 11995 305 292
f 292 305 12167
f 292 306 345
f 292 345 11995
f 12167 11967 292
f 11330 317 293
f 293 317 11828
f 352 341 293
f 11828 352 293
f 443 310 294
f 294 365 461
f 461 443 294
f 295 312 317
f 12578 312 295
f 295 317 11330
f 295 11330 11402
f 295 11402 11419
f 295 11419 11963
f 295 11963 12578
f 322 304 296
f 296 319 322
f 12578 319 296
f 296 12146 12578
f 297 298 332
f 348 319 297
f 297 319 11963
f 297 332 348
f 11963 10976 297
f 391 332 298
f 11197 391 298
f 298 11048 11197
f 479 403 299
f 299 425 515
f 515 479 299
f 300 316 421
f 421 333 300
f 334 309 301
f 353 334 301
f 302 339 350
f 317 312 303
f 342 317 303
f 304 322 343
f 305 355 10549
f 11995 355 305
f 462 345 306
f 306 361 407
f 306 407 462
f 307 329 452
f 452 354 307
f 363 314 309
f 309 334 373
f 373 363 309
f 12738 420 310
f 310 443 12738
f 358 321 311
f 311 354 378
f 378 358 311
f 12578 12146 312
f 313 327 406
f 406 365 313
f 392 361 314
f 314 363 379
f 314 379 392
f 411 353 315
f 442 411 315
f 316 419 468
f 468 421 316
f 317 342 11828
f 375 329 318
f 318 338 370
f 318 370 375
f 348 322 319
f 12578 11963 319
f 473 336 320
f 320 336 12023
f 320 420 504
f 504 473 320
f 321 358 395
f 482 364 321
f 321 395 482
f 357 343 322
f 322 348 357
f 456 367 323
f 323 367 11840
f 323 396 456
f 10549 396 323
f 324 347 398
f 324 398 448
f 448 409 324
f 325 346 484
f 460 402 325
f 325 402 12605
f 484 460 325
f 12605 11853 325
f 11873 340 326
f 326 372 497
f 326 497 11873
f 327 350 11971
f 498 406 327
f 583 498 327
f 11971 583 327
f 555 349 328
f 328 360 555
f 329 375 412
f 329 412 452
f 330 408 678
f 678 601 330
f 331 362 390
f 10719 362 331
f 390 369 331
f 331 369 12196
f 12196 11433 331
f 404 348 332
f 332 391 404
f 506 337 333
f 333 421 534
f 534 506 333
f 334 353 384
f 405 373 334
f 334 384 405
f 417 415 335
f 10896 417 335
f 335 10738 10896
f 336 473 508
f 336 508 10738
f 575 368 337
f 337 506 575
f 499 370 338
f 338 409 499
f 435 350 339
f 339 374 435
f 578 344 340
f 11873 578 340
f 341 352 385
f 341 385 442
f 356 352 342
f 342 352 11828
f 343 357 388
f 343 388 12703
f 578 360 344
f 511 389 345
f 345 389 11995
f 462 453 345
f 345 453 511
f 346 351 416
f 346 416 484
f 347 367 413
f 413 398 347
f 404 357 348
f 509 376 349
f 555 509 349
f 350 435 702
f 350 702 12395
f 12395 11971 350
f 458 416 351
f 12281 458 351
f 352 356 385
f 464 384 353
f 353 411 437
f 353 437 464
f 526 378 354
f 354 452 520
f 354 520 526
f 355 389 548
f 11995 389 355
f 459 396 355
f 355 396 10549
f 11789 459 355
f 355 548 11789
f 356 369 410
f 12196 369 356
f 410 385 356
f 356 11433 12196
f 404 388 357
f 358 378 476
f 469 395 358
f 476 469 358
f 359 366 12503
f 481 414 359
f 12503 481 359
f 632 555 360
f 360 578 632
f 361 392 407
f 12253 390 362
f 363 373 394
f 418 379 363
f 363 394 418
f 524 426 364
f 364 426 11048
f 364 482 524
f 365 406 463
f 463 461 365
f 366 393 12731
f 12731 12503 366
f 456 413 367
f 521 425 368
f 562 521 368
f 575 562 368
f 369 390 457
f 445 410 369
f 457 445 369
f 486 375 370
f 12621 486 370
f 370 499 12621
f 371 380 382
f 10842 380 371
f 371 382 10854
f 12245 449 371
f 371 449 12553
f 12553 10842 371
f 371 10854 10899
f 371 10899 12245
f 372 430 545
f 11681 430 372
f 545 497 372
f 431 394 373
f 373 405 431
f 554 435 374
f 374 475 554
f 486 412 375
f 376 509 569
f 569 536 376
f 376 536 12253
f 703 408 377
f 377 414 542
f 377 542 703
f 544 476 378
f 378 526 544
f 454 392 379
f 379 418 454
f 10833 382 380
f 380 383 439
f 10842 383 380
f 380 439 10833
f 386 383 381
f 381 383 12553
f 399 386 381
f 401 399 381
f 447 401 381
f 494 447 381
f 381 449 494
f 12553 449 381
f 382 10833 10902
f 10902 10854 382
f 383 386 397
f 383 397 439
f 383 10842 12553
f 532 405 384
f 384 464 532
f 385 410 442
f 399 397 386
f 427 424 387
f 387 424 429
f 10854 427 387
f 387 429 12245
f 10899 10854 387
f 12245 10899 387
f 388 404 436
f 436 434 388
f 388 434 12703
f 389 511 623
f 628 548 389
f 389 623 628
f 510 457 390
f 12253 510 390
f 446 404 391
f 391 426 446
f 11197 426 391
f 478 407 392
f 392 454 11281
f 11281 478 392
f 393 403 11141
f 11952 492 393
f 393 492 12731
f 393 11141 11952
f 465 418 394
f 394 431 465
f 395 469 482
f 11279 456 396
f 396 459 11279
f 397 399 432
f 397 432 522
f 522 439 397
f 398 413 444
f 398 444 448
f 401 400 399
f 399 400 432
f 400 401 428
f 400 428 433
f 433 432 400
f 447 428 401
f 489 430 402
f 402 460 489
f 403 479 528
f 403 528 11141
f 525 436 404
f 404 446 525
f 487 431 405
f 532 487 405
f 498 463 406
f 478 462 407
f 822 678 408
f 408 703 822
f 409 448 530
f 530 499 409
f 445 442 410
f 451 437 411
f 411 442 451
f 466 452 412
f 483 466 412
f 486 483 412
f 622 444 413
f 413 456 527
f 413 527 10773
f 10773 622 413
f 414 481 542
f 415 417 540
f 540 441 415
f 416 458 491
f 491 484 416
f 587 540 417
f 10896 587 417
f 507 454 418
f 418 465 488
f 418 488 507
f 419 441 503
f 503 468 419
f 537 504 420
f 12738 537 420
f 421 468 560
f 560 534 421
f 429 424 422
f 422 424 12715
f 440 429 422
f 455 440 422
f 480 455 422
f 12715 480 422
f 423 434 500
f 12703 434 423
f 424 427 505
f 424 505 12715
f 521 515 425
f 547 446 426
f 426 524 600
f 600 547 426
f 11197 11048 426
f 11743 505 427
f 427 10854 10902
f 427 10902 12083
f 12083 11743 427
f 535 433 428
f 450 438 428
f 428 438 485
f 428 447 450
f 428 485 535
f 429 440 11632
f 11632 467 429
f 429 467 12245
f 430 489 586
f 586 545 430
f 11681 11195 430
f 490 465 431
f 431 487 490
f 432 433 576
f 576 522 432
f 433 535 576
f 434 436 577
f 577 500 434
f 435 554 702
f 436 525 577
f 437 451 538
f 579 464 437
f 437 538 603
f 603 579 437
f 438 450 470
f 438 470 485
f 439 522 559
f 439 559 12160
f 12160 10833 439
f 440 455 471
f 440 471 472
f 440 472 11632
f 546 503 441
f 441 540 546
f 442 445 451
f 443 461 594
f 443 594 12787
f 12787 12738 443
f 588 448 444
f 622 588 444
f 457 451 445
f 573 525 446
f 446 547 573
f 12523 450 447
f 447 494 12118
f 447 12118 12523
f 563 530 448
f 588 563 448
f 449 467 477
f 12245 467 449
f 449 477 494
f 496 470 450
f 12523 496 450
f 451 457 538
f 452 466 539
f 539 520 452
f 453 462 637
f 612 511 453
f 637 612 453
f 454 507 564
f 454 564 11281
f 514 471 455
f 455 480 514
f 11279 527 456
f 457 510 557
f 557 538 457
f 501 491 458
f 458 500 501
f 459 613 11656
f 11789 613 459
f 11656 11279 459
f 460 484 12173
f 568 489 460
f 12173 568 460
f 461 463 11910
f 11910 594 461
f 462 478 596
f 462 596 637
f 463 498 595
f 463 595 12255
f 12255 11910 463
f 593 532 464
f 464 579 593
f 541 488 465
f 465 490 621
f 621 541 465
f 466 483 493
f 466 493 539
f 493 477 467
f 512 493 467
f 11632 512 467
f 468 503 565
f 565 560 468
f 469 476 11020
f 12279 482 469
f 11020 631 469
f 469 631 12279
f 550 485 470
f 496 495 470
f 470 495 10936
f 470 517 550
f 10936 517 470
f 523 472 471
f 471 514 519
f 471 519 523
f 472 523 12442
f 472 531 11632
f 12390 531 472
f 12442 12390 472
f 473 504 581
f 581 508 473
f 11395 481 474
f 474 481 12503
f 474 492 677
f 12731 492 474
f 474 677 11838
f 11699 11395 474
f 11838 11699 474
f 474 12503 12731
f 777 554 475
f 475 685 777
f 476 544 607
f 476 607 11020
f 493 483 477
f 477 483 516
f 518 494 477
f 477 516 518
f 478 566 11074
f 11281 566 478
f 11074 596 478
f 479 515 591
f 591 528 479
f 480 505 552
f 12715 505 480
f 552 514 480
f 571 542 481
f 11395 571 481
f 556 524 482
f 12279 556 482
f 483 486 516
f 484 491 11700
f 484 11700 12173
f 606 535 485
f 485 550 606
f 12216 516 486
f 12621 12216 486
f 551 490 487
f 487 532 567
f 567 551 487
f 602 507 488
f 488 541 602
f 489 568 586
f 490 551 621
f 491 501 626
f 491 626 11700
f 12168 677 492
f 492 11952 12168
f 493 512 539
f 494 518 12118
f 495 496 529
f 495 529 533
f 495 533 10936
f 605 529 496
f 12523 605 496
f 10874 513 497
f 497 513 11873
f 497 545 10874
f 498 583 595
f 499 530 585
f 499 561 12621
f 12638 561 499
f 499 585 12638
f 10885 501 500
f 500 577 604
f 500 604 10885
f 10885 626 501
f 502 601 1521
f 10562 685 502
f 502 1521 10562
f 503 546 597
f 597 565 503
f 504 537 624
f 624 581 504
f 609 552 505
f 11743 609 505
f 506 534 756
f 723 575 506
f 756 723 506
f 599 564 507
f 635 599 507
f 507 602 635
f 508 581 10704
f 10704 652 508
f 508 652 10896
f 10896 10738 508
f 509 555 11693
f 11693 569 509
f 510 536 590
f 12253 536 510
f 590 557 510
f 511 612 623
f 512 531 539
f 11632 531 512
f 701 578 513
f 513 578 11873
f 11506 701 513
f 10874 835 513
f 513 835 11506
f 11579 519 514
f 514 552 11579
f 515 521 647
f 647 591 515
f 12216 518 516
f 610 550 517
f 10955 610 517
f 517 10936 10955
f 518 553 12118
f 12216 553 518
f 589 523 519
f 695 589 519
f 11579 695 519
f 570 526 520
f 520 539 549
f 520 549 574
f 574 570 520
f 521 562 645
f 521 645 647
f 11923 559 522
f 522 576 11923
f 523 572 584
f 589 572 523
f 523 584 12442
f 524 556 600
f 525 573 10924
f 10924 577 525
f 580 544 526
f 526 570 580
f 527 654 769
f 11279 654 527
f 747 670 527
f 527 670 10773
f 769 747 527
f 692 543 528
f 528 543 11141
f 528 591 692
f 558 533 529
f 10535 558 529
f 529 605 646
f 529 646 10535
f 530 563 585
f 549 539 531
f 12390 549 531
f 11547 567 532
f 532 593 11547
f 533 558 592
f 533 592 610
f 533 610 10955
f 10955 10936 533
f 534 560 752
f 534 752 756
f 699 576 535
f 535 606 699
f 536 569 590
f 537 582 674
f 12738 582 537
f 674 624 537
f 538 557 608
f 608 603 538
f 629 546 540
f 540 587 636
f 636 629 540
f 663 602 541
f 541 621 663
f 542 571 703
f 543 658 12168
f 12212 658 543
f 543 692 12212
f 11952 11141 543
f 12168 11952 543
f 544 580 607
f 545 586 753
f 545 753 824
f 545 824 10874
f 629 597 546
f 11810 573 547
f 547 600 714
f 547 714 11810
f 548 619 620
f 628 619 548
f 548 620 11789
f 12390 574 549
f 854 606 550
f 550 610 854
f 551 567 672
f 11373 621 551
f 672 641 551
f 551 641 11373
f 552 609 640
f 552 640 11579
f 553 561 12031
f 12216 561 553
f 12031 598 553
f 553 598 12118
f 806 702 554
f 554 777 806
f 555 632 758
f 555 758 11693
f 705 600 556
f 556 631 784
f 12279 631 556
f 784 705 556
f 557 590 608
f 614 592 558
f 633 614 558
f 10535 633 558
f 11558 615 559
f 559 615 12160
f 559 728 11558
f 11923 728 559
f 560 565 650
f 560 650 752
f 12638 12031 561
f 561 12216 12621
f 562 575 651
f 651 645 562
f 11982 585 563
f 563 588 669
f 563 669 11982
f 648 566 564
f 564 566 11281
f 564 599 634
f 564 634 648
f 565 597 650
f 566 648 688
f 566 688 11074
f 12046 672 567
f 567 11547 12046
f 691 586 568
f 12173 691 568
f 666 590 569
f 10829 666 569
f 11693 10829 569
f 570 574 611
f 611 580 570
f 571 616 11110
f 11395 616 571
f 861 703 571
f 11110 861 571
f 618 584 572
f 572 589 11179
f 11696 618 572
f 572 11179 11696
f 573 717 731
f 11810 717 573
f 573 731 10924
f 574 584 611
f 12390 584 574
f 723 651 575
f 576 699 11923
f 643 604 577
f 737 643 577
f 10924 737 577
f 701 632 578
f 787 593 579
f 579 603 711
f 579 711 787
f 627 607 580
f 580 611 627
f 581 624 642
f 581 642 10704
f 582 594 671
f 12787 594 582
f 582 671 674
f 582 12738 12787
f 733 595 583
f 583 630 760
f 11971 630 583
f 760 733 583
f 618 611 584
f 584 12390 12442
f 675 625 585
f 585 625 12638
f 11982 675 585
f 586 691 753
f 720 636 587
f 587 652 720
f 10896 652 587
f 588 622 660
f 588 660 669
f 589 695 12266
f 12266 11179 589
f 11213 608 590
f 590 666 11213
f 591 647 12758
f 12758 692 591
f 682 610 592
f 592 614 682
f 787 726 593
f 593 726 11547
f 11630 671 594
f 11910 11630 594
f 595 733 12255
f 661 637 596
f 11074 661 596
f 597 629 738
f 738 650 597
f 625 605 598
f 598 605 12523
f 12031 625 598
f 12523 12118 598
f 655 634 599
f 599 635 655
f 600 705 714
f 601 678 961
f 601 961 1521
f 663 635 602
f 603 608 668
f 603 668 711
f 604 643 11154
f 604 673 10885
f 11154 673 604
f 605 625 646
f 900 699 606
f 606 854 900
f 607 627 664
f 607 664 743
f 607 743 11020
f 783 668 608
f 11213 783 608
f 11743 615 609
f 609 615 12711
f 704 640 609
f 12711 704 609
f 610 682 854
f 611 618 679
f 664 627 611
f 679 664 611
f 665 623 612
f 612 637 665
f 11789 620 613
f 613 620 12325
f 12325 11656 613
f 614 633 698
f 10530 682 614
f 614 698 10530
f 11558 765 615
f 615 765 12711
f 615 11743 12083
f 615 12083 12160
f 616 707 931
f 11838 707 616
f 616 931 11110
f 616 11395 11699
f 616 11699 11838
f 617 626 722
f 11700 626 617
f 780 691 617
f 617 691 12173
f 617 722 799
f 799 780 617
f 12173 11700 617
f 754 679 618
f 11696 754 618
f 683 620 619
f 619 628 639
f 619 639 649
f 619 649 683
f 620 683 741
f 620 741 12325
f 693 663 621
f 694 693 621
f 11373 694 621
f 715 660 622
f 622 670 715
f 10773 670 622
f 638 628 623
f 656 638 623
f 665 656 623
f 730 642 624
f 624 674 730
f 675 646 625
f 625 12031 12638
f 626 673 722
f 10885 673 626
f 628 638 639
f 629 636 748
f 748 738 629
f 630 702 806
f 12395 702 630
f 904 760 630
f 630 806 985
f 985 904 630
f 630 11971 12395
f 743 739 631
f 631 739 829
f 11020 743 631
f 829 784 631
f 632 701 956
f 12609 758 632
f 632 956 12609
f 633 646 697
f 10535 646 633
f 633 697 10815
f 10815 698 633
f 12484 648 634
f 634 655 718
f 634 718 12484
f 11230 655 635
f 635 663 725
f 725 696 635
f 635 696 11230
f 636 720 772
f 11083 748 636
f 636 772 11083
f 637 661 713
f 713 665 637
f 11641 639 638
f 638 656 700
f 638 700 746
f 638 746 11641
f 687 649 639
f 11641 687 639
f 640 695 11579
f 12246 695 640
f 640 704 1093
f 1093 844 640
f 640 844 12246
f 641 672 775
f 872 694 641
f 641 694 11373
f 641 775 872
f 642 730 831
f 810 762 642
f 642 762 10704
f 831 810 642
f 643 737 744
f 643 744 793
f 643 793 11154
f 644 653 657
f 667 653 644
f 644 657 662
f 644 662 681
f 676 667 644
f 681 676 644
f 785 647 645
f 645 651 755
f 645 755 785
f 646 675 697
f 785 764 647
f 647 764 12758
f 12637 688 648
f 12484 800 648
f 648 800 12637
f 761 683 649
f 649 687 724
f 649 724 727
f 649 727 761
f 650 738 840
f 840 752 650
f 651 723 896
f 896 755 651
f 10704 720 652
f 659 657 653
f 710 659 653
f 653 667 712
f 712 710 653
f 654 729 769
f 11656 729 654
f 654 11279 11656
f 750 718 655
f 11230 750 655
f 656 665 713
f 713 700 656
f 657 659 684
f 686 662 657
f 657 684 690
f 690 686 657
f 658 677 12168
f 12432 677 658
f 12304 927 658
f 658 927 12432
f 658 12212 12304
f 659 680 684
f 710 680 659
f 732 669 660
f 660 715 796
f 796 732 660
f 661 688 771
f 11074 688 661
f 771 713 661
f 689 681 662
f 662 686 689
f 663 693 716
f 663 716 725
f 664 679 768
f 768 743 664
f 666 767 11213
f 11615 767 666
f 666 10829 11615
f 667 676 708
f 667 708 11503
f 10994 712 667
f 11503 10994 667
f 783 711 668
f 697 675 669
f 669 675 11982
f 732 697 669
f 862 715 670
f 670 747 851
f 670 851 862
f 788 674 671
f 830 788 671
f 11630 830 671
f 791 775 672
f 812 791 672
f 12046 812 672
f 795 722 673
f 673 793 795
f 11154 793 673
f 788 730 674
f 676 681 708
f 677 707 11838
f 12432 707 677
f 678 822 1268
f 1268 961 678
f 679 754 815
f 815 768 679
f 709 684 680
f 740 709 680
f 680 710 11303
f 12152 740 680
f 680 11303 12152
f 681 689 749
f 719 708 681
f 749 719 681
f 682 773 859
f 10530 773 682
f 859 854 682
f 761 741 683
f 735 690 684
f 684 709 735
f 11457 777 685
f 685 10562 11474
f 11474 11457 685
f 751 689 686
f 686 690 745
f 686 745 751
f 763 724 687
f 11641 763 687
f 864 771 688
f 688 819 864
f 12637 819 688
f 809 749 689
f 689 751 809
f 690 735 836
f 836 745 690
f 779 753 691
f 825 779 691
f 691 780 825
f 692 804 12212
f 12758 804 692
f 693 694 889
f 884 716 693
f 889 884 693
f 694 872 889
f 695 12246 12266
f 696 725 886
f 901 766 696
f 696 766 11230
f 696 886 901
f 697 732 734
f 697 734 10815
f 698 773 10530
f 10911 773 698
f 698 10815 10911
f 699 823 828
f 900 823 699
f 699 828 11923
f 700 713 895
f 895 746 700
f 973 956 701
f 11506 973 701
f 1114 822 703
f 703 861 1114
f 704 765 908
f 12711 765 704
f 704 908 1093
f 805 714 705
f 705 784 807
f 807 805 705
f 10815 734 706
f 706 734 12708
f 706 757 10911
f 12708 757 706
f 10911 10815 706
f 707 927 931
f 12432 927 707
f 708 719 816
f 708 803 813
f 816 803 708
f 708 813 11503
f 11331 735 709
f 709 740 11331
f 710 712 776
f 710 776 11303
f 711 783 894
f 982 787 711
f 711 894 982
f 818 776 712
f 11240 818 712
f 712 10994 11240
f 713 771 895
f 845 742 714
f 714 742 11810
f 714 805 845
f 862 796 715
f 876 725 716
f 884 876 716
f 801 731 717
f 717 742 801
f 11810 742 717
f 718 750 890
f 890 817 718
f 718 817 12484
f 719 749 811
f 719 811 827
f 827 816 719
f 10704 762 720
f 720 762 10790
f 10790 772 720
f 721 733 10935
f 12255 733 721
f 10825 830 721
f 721 830 11630
f 10935 10825 721
f 721 11630 11910
f 721 11910 12255
f 722 795 799
f 723 756 896
f 782 727 724
f 724 763 786
f 786 782 724
f 725 876 886
f 726 787 792
f 726 792 812
f 726 812 12046
f 12046 11547 726
f 833 761 727
f 727 782 794
f 727 794 833
f 728 828 868
f 11923 828 728
f 728 868 11558
f 856 769 729
f 729 789 888
f 11656 789 729
f 888 856 729
f 730 788 821
f 730 821 831
f 798 737 731
f 731 737 10924
f 801 798 731
f 808 734 732
f 732 796 858
f 858 808 732
f 733 760 860
f 733 860 10935
f 734 808 12708
f 921 836 735
f 11331 921 735
f 11813 740 736
f 736 740 12152
f 736 759 826
f 11303 759 736
f 736 826 11813
f 12152 11303 736
f 802 744 737
f 737 798 802
f 738 748 10826
f 1161 840 738
f 11450 1161 738
f 738 10826 11450
f 739 743 832
f 919 829 739
f 739 832 919
f 11945 11331 740
f 11813 11405 740
f 740 11405 11945
f 741 761 833
f 839 789 741
f 741 789 12325
f 741 833 958
f 958 839 741
f 845 801 742
f 743 768 832
f 802 793 744
f 814 751 745
f 883 814 745
f 745 836 883
f 770 763 746
f 746 763 11641
f 842 770 746
f 895 842 746
f 747 769 838
f 747 838 851
f 11083 10826 748
f 749 809 873
f 846 811 749
f 873 846 749
f 750 766 966
f 11230 766 750
f 966 890 750
f 814 809 751
f 969 756 752
f 752 840 871
f 752 871 969
f 753 779 863
f 863 824 753
f 754 774 837
f 11696 774 754
f 11388 815 754
f 754 837 11388
f 913 785 755
f 755 896 913
f 969 896 756
f 757 866 10612
f 12708 866 757
f 757 10612 10911
f 758 10795 12155
f 12609 10795 758
f 12155 11693 758
f 759 776 790
f 11303 776 759
f 759 790 797
f 759 797 820
f 759 820 826
f 904 860 760
f 762 810 1104
f 762 1104 10790
f 763 770 12024
f 12024 786 763
f 764 785 10567
f 948 804 764
f 764 804 12758
f 10567 948 764
f 891 877 765
f 765 877 908
f 11558 891 765
f 766 901 966
f 875 783 767
f 767 783 11213
f 12015 875 767
f 767 11615 11921
f 767 11921 12015
f 768 815 10832
f 10832 832 768
f 856 838 769
f 770 842 12186
f 770 918 12024
f 12186 918 770
f 771 864 899
f 899 895 771
f 772 1351 11083
f 11600 1351 772
f 772 10790 11600
f 914 859 773
f 10612 914 773
f 10911 10612 773
f 774 778 870
f 11696 778 774
f 870 837 774
f 775 791 853
f 775 853 975
f 975 872 775
f 11156 790 776
f 776 818 11156
f 991 806 777
f 11457 991 777
f 947 870 778
f 11760 947 778
f 11696 11179 778
f 778 11179 11760
f 779 825 942
f 1029 863 779
f 779 942 1029
f 780 799 867
f 867 825 780
f 781 10795 11983
f 12155 10795 781
f 11615 10829 781
f 781 10829 11693
f 11921 11615 781
f 781 11693 12155
f 11983 11921 781
f 782 786 847
f 1140 794 782
f 782 847 1022
f 782 1022 1140
f 783 875 894
f 855 807 784
f 784 829 855
f 785 913 10846
f 10846 10567 785
f 12444 847 786
f 786 12024 12444
f 857 792 787
f 982 857 787
f 830 821 788
f 789 839 888
f 789 11656 12325
f 852 797 790
f 11156 852 790
f 791 812 869
f 869 853 791
f 834 812 792
f 857 834 792
f 848 795 793
f 793 802 874
f 874 848 793
f 1031 833 794
f 1140 1031 794
f 879 799 795
f 795 848 946
f 946 879 795
f 940 858 796
f 796 862 940
f 892 820 797
f 797 852 892
f 798 801 850
f 849 802 798
f 850 849 798
f 933 867 799
f 799 879 933
f 800 817 865
f 12484 817 800
f 865 819 800
f 800 819 12637
f 801 845 850
f 802 849 874
f 11127 813 803
f 803 816 902
f 902 898 803
f 803 898 11127
f 948 922 804
f 804 922 12212
f 805 807 878
f 882 845 805
f 805 878 882
f 991 985 806
f 807 855 878
f 880 843 808
f 808 843 12708
f 808 858 880
f 809 814 873
f 810 831 1044
f 810 1044 10963
f 10963 1104 810
f 952 827 811
f 811 846 952
f 812 834 887
f 887 869 812
f 11324 10994 813
f 813 10994 11503
f 813 11127 11324
f 10521 873 814
f 814 883 11496
f 11496 10521 814
f 815 976 10832
f 11388 976 815
f 816 827 881
f 816 881 902
f 949 865 817
f 817 890 997
f 997 949 817
f 818 912 10552
f 11240 912 818
f 818 10552 11156
f 984 864 819
f 819 865 984
f 1010 826 820
f 820 892 970
f 820 970 11541
f 11541 1010 820
f 821 830 11851
f 1044 831 821
f 11851 1044 821
f 822 1114 1268
f 929 828 823
f 823 900 10869
f 10869 929 823
f 989 835 824
f 824 835 10874
f 824 863 1028
f 1028 989 824
f 825 867 1019
f 1019 942 825
f 826 1010 12490
f 12490 11813 826
f 932 881 827
f 952 932 827
f 1002 868 828
f 828 929 1095
f 1095 1002 828
f 919 855 829
f 10825 1669 830
f 830 1669 11851
f 1056 919 832
f 10832 1056 832
f 1118 958 833
f 833 1031 1118
f 834 857 893
f 893 887 834
f 835 989 1035
f 835 1035 11506
f 903 883 836
f 921 903 836
f 837 870 906
f 837 906 987
f 837 987 11388
f 992 851 838
f 838 856 911
f 838 911 992
f 937 888 839
f 958 937 839
f 1148 871 840
f 1161 1148 840
f 950 852 841
f 841 852 11156
f 972 950 841
f 11030 972 841
f 841 10552 11030
f 11156 10552 841
f 842 895 979
f 842 979 12186
f 923 866 843
f 843 866 12708
f 843 880 923
f 11857 910 844
f 844 910 12266
f 844 1093 11857
f 12266 12246 844
f 11466 850 845
f 845 882 11466
f 846 873 1012
f 1012 952 846
f 1208 1022 847
f 12444 1208 847
f 848 874 946
f 849 850 920
f 920 874 849
f 12628 920 850
f 850 11466 12628
f 1000 862 851
f 851 992 1000
f 1024 892 852
f 852 950 1024
f 853 869 978
f 10789 975 853
f 853 978 10789
f 854 859 1003
f 1003 900 854
f 905 878 855
f 919 905 855
f 856 888 943
f 943 911 856
f 1119 893 857
f 857 982 1119
f 1025 880 858
f 858 940 1025
f 859 914 1094
f 1094 1003 859
f 860 904 1330
f 860 1330 1387
f 860 1387 10935
f 861 931 1222
f 11110 931 861
f 1410 1114 861
f 861 1222 1410
f 1000 940 862
f 12784 1028 863
f 863 1029 12784
f 984 899 864
f 865 949 962
f 865 962 984
f 866 914 10612
f 12624 914 866
f 866 923 1063
f 866 1063 12624
f 867 933 1019
f 1166 891 868
f 868 891 11558
f 868 1002 1166
f 869 887 978
f 1170 906 870
f 870 947 1249
f 1249 1170 870
f 1148 969 871
f 1053 889 872
f 872 975 1053
f 1328 1012 873
f 11058 1328 873
f 873 10521 11058
f 874 920 988
f 988 946 874
f 1128 894 875
f 12015 1128 875
f 876 884 936
f 936 886 876
f 877 891 1166
f 1322 908 877
f 877 1166 1322
f 1149 882 878
f 878 905 1149
f 1020 933 879
f 879 946 1020
f 1025 923 880
f 1040 902 881
f 881 932 1040
f 1149 1089 882
f 882 1089 12628
f 12628 11466 882
f 883 903 953
f 883 953 983
f 883 983 11496
f 884 889 990
f 1079 936 884
f 884 990 1079
f 916 897 885
f 885 897 926
f 885 909 916
f 12732 909 885
f 885 926 974
f 885 974 12732
f 1108 901 886
f 886 936 1105
f 886 1105 1108
f 887 893 1229
f 1202 978 887
f 1229 1202 887
f 888 937 996
f 996 943 888
f 1053 990 889
f 890 966 1027
f 1027 997 890
f 1164 970 892
f 892 1024 1312
f 1312 1164 892
f 893 1119 1343
f 1343 1229 893
f 1248 982 894
f 894 1128 1248
f 895 899 960
f 895 960 1007
f 1007 979 895
f 1167 913 896
f 896 969 1167
f 897 916 945
f 963 926 897
f 897 945 963
f 898 902 941
f 898 941 12618
f 12618 11127 898
f 1038 960 899
f 899 984 1038
f 900 1003 1059
f 900 1059 10869
f 1219 966 901
f 901 1108 1219
f 11762 941 902
f 902 1040 11762
f 903 921 974
f 957 953 903
f 11946 957 903
f 903 974 11946
f 904 985 1306
f 904 1306 1330
f 905 919 1014
f 905 1014 1123
f 905 1123 1242
f 1242 1149 905
f 1178 987 906
f 906 1170 1178
f 907 930 938
f 954 930 907
f 907 934 935
f 939 934 907
f 907 935 954
f 907 938 939
f 1198 1093 908
f 1322 1198 908
f 12017 916 909
f 1017 968 909
f 909 968 12017
f 909 1001 1017
f 12732 1001 909
f 1111 947 910
f 910 947 11760
f 11857 1111 910
f 910 11760 12266
f 911 943 1005
f 1087 992 911
f 911 1005 1087
f 11240 917 912
f 912 917 11538
f 1026 964 912
f 912 964 10552
f 1126 1026 912
f 11538 1126 912
f 913 1167 10697
f 10697 1517 913
f 913 1517 10846
f 12159 1094 914
f 914 1122 12159
f 12624 1122 914
f 915 925 928
f 10698 925 915
f 915 928 10766
f 10766 968 915
f 915 968 11427
f 915 10519 10698
f 11427 10519 915
f 1066 945 916
f 916 1023 1066
f 12017 1023 916
f 917 1073 10909
f 11127 1073 917
f 917 10909 11538
f 11324 11127 917
f 917 11240 11324
f 1070 981 918
f 918 981 12444
f 918 1009 1070
f 12186 1009 918
f 12444 12024 918
f 1056 1014 919
f 1113 988 920
f 12628 1113 920
f 995 974 921
f 11331 995 921
f 922 948 12084
f 1706 1150 922
f 922 1150 11414
f 12084 1706 922
f 922 11414 12212
f 923 1025 1129
f 1129 1063 923
f 977 925 924
f 924 925 10698
f 1041 977 924
f 1101 1041 924
f 924 1083 1101
f 10519 1083 924
f 10698 10519 924
f 1004 928 925
f 925 977 1016
f 1016 1004 925
f 971 957 926
f 926 957 11946
f 926 963 971
f 11946 974 926
f 12582 931 927
f 12304 1008 927
f 927 1008 12582
f 928 1004 1117
f 1117 1085 928
f 928 1085 10766
f 1177 1095 929
f 10869 1177 929
f 999 938 930
f 930 954 1036
f 1013 999 930
f 1036 1013 930
f 931 1088 1222
f 12582 1088 931
f 932 952 10837
f 10853 1040 932
f 932 10837 10853
f 1069 1019 933
f 933 1020 1069
f 1061 935 934
f 934 939 1021
f 934 1021 1030
f 934 1030 1061
f 998 954 935
f 1061 998 935
f 936 1079 1105
f 937 958 1047
f 1047 996 937
f 980 939 938
f 986 980 938
f 999 986 938
f 939 980 1021
f 940 1000 1107
f 1176 1025 940
f 940 1107 1176
f 11762 1197 941
f 941 1197 12331
f 941 12331 12431
f 941 12431 12618
f 942 1019 1034
f 1034 1029 942
f 943 996 1055
f 1057 1005 943
f 943 1055 1057
f 944 956 1092
f 12609 956 944
f 944 1092 1188
f 944 1188 12314
f 12314 10795 944
f 944 10795 12609
f 1080 963 945
f 945 1066 1080
f 946 988 1072
f 1072 1020 946
f 947 1111 11255
f 11255 1249 947
f 10567 1151 948
f 948 1151 12084
f 1037 962 949
f 949 997 1058
f 1058 1037 949
f 950 972 1068
f 1060 1024 950
f 1068 1060 950
f 951 955 959
f 1006 955 951
f 951 959 11993
f 994 993 951
f 951 993 1006
f 11993 994 951
f 952 1012 1452
f 952 1452 10837
f 953 957 983
f 954 998 1067
f 954 1032 1036
f 1067 1032 954
f 967 959 955
f 1011 967 955
f 955 1006 1033
f 1033 1011 955
f 956 973 1035
f 956 1035 1092
f 957 971 983
f 1118 1047 958
f 959 967 1076
f 959 1076 11993
f 1143 1007 960
f 960 1038 1143
f 961 1268 2230
f 1960 1521 961
f 2230 1960 961
f 1043 984 962
f 962 1037 1043
f 1075 971 963
f 1116 1075 963
f 963 1080 1116
f 964 1026 12756
f 964 1062 10552
f 12756 1062 964
f 1017 995 965
f 965 995 11331
f 1071 1017 965
f 11531 1071 965
f 965 11331 11945
f 11945 11531 965
f 1131 1027 966
f 1219 1131 966
f 967 1011 1052
f 967 1046 1076
f 1147 1046 967
f 967 1052 1147
f 968 1017 1071
f 968 1018 1023
f 10766 1018 968
f 968 1023 12017
f 968 1071 11427
f 969 1148 1167
f 11076 1091 970
f 970 1091 11541
f 970 1164 11076
f 1075 983 971
f 1098 1068 972
f 11030 1098 972
f 11506 1035 973
f 974 995 1001
f 974 1001 12732
f 1247 1053 975
f 10789 1247 975
f 976 987 1074
f 11388 987 976
f 976 1074 1086
f 976 1086 11861
f 11861 10832 976
f 1100 1016 977
f 977 1041 1054
f 977 1054 1100
f 978 1202 10789
f 979 1007 1082
f 1082 1009 979
f 979 1009 12186
f 980 986 1277
f 1154 1021 980
f 1277 1154 980
f 981 1070 1211
f 1211 1208 981
f 981 1208 12444
f 1248 1119 982
f 983 1075 1121
f 1121 1115 983
f 983 1115 11496
f 1043 1038 984
f 985 991 1227
f 985 1227 1306
f 986 999 1103
f 986 1103 1159
f 986 1159 1277
f 1178 1074 987
f 1113 1072 988
f 989 1028 1106
f 1125 1035 989
f 989 1106 1125
f 990 1053 1287
f 1287 1079 990
f 1588 1227 991
f 10959 1588 991
f 11457 10959 991
f 1137 1000 992
f 992 1087 1137
f 993 994 12040
f 12200 1006 993
f 12040 1201 993
f 993 1201 12200
f 994 11993 12337
f 12336 12040 994
f 12337 12336 994
f 1017 1001 995
f 996 1047 1055
f 997 1027 1132
f 1132 1058 997
f 998 1061 1109
f 1109 1067 998
f 999 1013 1077
f 999 1077 1103
f 1137 1107 1000
f 1002 1095 1381
f 1381 1166 1002
f 1180 1059 1003
f 1003 1094 1180
f 1004 1016 1223
f 1223 1117 1004
f 1057 1042 1005
f 1005 1042 1087
f 1133 1033 1006
f 12200 1133 1006
f 1090 1082 1007
f 1143 1090 1007
f 12067 1194 1008
f 1008 1194 12582
f 1008 11414 12067
f 12212 11414 1008
f 12304 12212 1008
f 1099 1070 1009
f 1009 1082 11214
f 11214 1099 1009
f 1112 1049 1010
f 1010 1049 12490
f 1010 1091 1112
f 11541 1091 1010
f 1011 1026 1052
f 12756 1026 1011
f 1011 1033 12756
f 1012 1328 1452
f 1013 1036 1084
f 1084 1077 1013
f 1014 1056 1123
f 1045 1032 1015
f 1015 1032 1067
f 1067 1039 1015
f 1015 1039 1078
f 1081 1045 1015
f 1015 1078 1081
f 1016 1100 1252
f 1252 1223 1016
f 1120 1023 1018
f 1018 1085 1120
f 10766 1085 1018
f 1124 1034 1019
f 1019 1069 1156
f 1156 1124 1019
f 1152 1069 1020
f 1020 1072 1136
f 1020 1136 1152
f 1065 1030 1021
f 1154 1065 1021
f 1310 1140 1022
f 1022 1208 1310
f 1120 1066 1023
f 1024 1060 1144
f 1024 1144 1312
f 1176 1129 1025
f 1126 1052 1026
f 1027 1131 1132
f 12784 1106 1028
f 1029 1034 1261
f 1029 1261 12784
f 1030 1042 1057
f 1065 1042 1030
f 1030 1057 1061
f 1130 1118 1031
f 1140 1130 1031
f 1064 1036 1032
f 1032 1045 1064
f 12158 1062 1033
f 1033 1062 12756
f 1033 1133 12158
f 1034 1124 1270
f 1270 1261 1034
f 1142 1092 1035
f 1035 1125 1142
f 1036 1064 1084
f 1097 1043 1037
f 1037 1058 1097
f 1038 1043 10643
f 10643 1143 1038
f 1039 1067 1141
f 1110 1078 1039
f 1141 1110 1039
f 10853 1293 1040
f 1040 1293 11762
f 1145 1054 1041
f 1041 1101 1155
f 1155 1145 1041
f 1042 1065 1192
f 1192 1087 1042
f 1043 1097 1169
f 1043 1169 10643
f 1044 1669 11129
f 11851 1669 1044
f 11129 10963 1044
f 1195 1064 1045
f 1045 1081 1139
f 1045 1139 1195
f 1171 1076 1046
f 1046 1147 1266
f 1266 1171 1046
f 1196 1055 1047
f 1047 1118 1196
f 1048 1073 11127
f 11313 1073 1048
f 1048 1162 11313
f 12431 1162 1048
f 1048 11127 12618
f 12618 12431 1048
f 1083 1071 1049
f 1049 1071 11531
f 1101 1083 1049
f 1112 1101 1049
f 11531 11405 1049
f 1049 11405 12490
f 1050 1096 10947
f 12336 1096 1050
f 1050 1182 1201
f 10947 1182 1050
f 1050 1201 12040
f 1050 12040 12336
f 1051 1257 1458
f 12314 1257 1051
f 1458 1324 1051
f 1051 1324 11921
f 11983 11772 1051
f 1051 11772 12314
f 1051 11921 11983
f 1052 1126 1147
f 1053 1247 1287
f 1181 1100 1054
f 1054 1145 1181
f 1173 1057 1055
f 1240 1173 1055
f 1055 1196 1240
f 1135 1123 1056
f 11861 1135 1056
f 1056 10832 11861
f 1146 1061 1057
f 1173 1146 1057
f 1185 1097 1058
f 1058 1132 1205
f 1205 1185 1058
f 1059 1177 10869
f 11455 1177 1059
f 1059 1180 1207
f 1059 1207 11455
f 1060 1068 1134
f 1060 1134 1204
f 1204 1144 1060
f 1146 1109 1061
f 11030 10552 1062
f 12158 11030 1062
f 1206 1122 1063
f 1063 1122 12624
f 1063 1129 1206
f 1195 1084 1064
f 1065 1154 1256
f 1256 1192 1065
f 1246 1080 1066
f 1066 1120 10988
f 10988 1246 1066
f 1067 1109 1141
f 1068 1098 1238
f 1238 1134 1068
f 1069 1152 1156
f 1070 1099 1183
f 1070 1183 1211
f 1071 1083 11427
f 1072 1113 1136
f 1073 1396 10897
f 11313 1396 1073
f 10897 1425 1073
f 1073 1425 10909
f 12228 1086 1074
f 1074 1178 1276
f 1074 1276 12228
f 1075 1116 1175
f 1279 1121 1075
f 1075 1175 1279
f 1076 1171 1231
f 1231 1172 1076
f 1076 1172 11993
f 1077 1084 11776
f 1209 1103 1077
f 1216 1209 1077
f 11776 1216 1077
f 1127 1081 1078
f 1078 1110 1127
f 1280 1105 1079
f 1289 1280 1079
f 1079 1287 1289
f 1225 1116 1080
f 1246 1225 1080
f 1081 1127 12697
f 1190 1139 1081
f 12697 1190 1081
f 1082 1090 1203
f 1305 1189 1082
f 1082 1189 11214
f 1082 1203 1305
f 1083 10519 11427
f 1084 1195 11776
f 1085 1117 1294
f 10555 1120 1085
f 1085 1294 10555
f 1299 1135 1086
f 1086 1135 11861
f 12228 1299 1086
f 1192 1137 1087
f 1088 1194 12096
f 12582 1194 1088
f 12096 1222 1088
f 10880 1113 1089
f 1089 1113 12628
f 1089 1149 10880
f 1090 1143 1200
f 1090 1200 1318
f 12476 1203 1090
f 1090 1318 12476
f 1184 1112 1091
f 1298 1184 1091
f 11076 1298 1091
f 1092 1142 1160
f 1092 1160 11385
f 11385 1188 1092
f 1093 1198 1291
f 1093 1291 11857
f 1255 1180 1094
f 1283 1255 1094
f 12176 1283 1094
f 1094 12159 12176
f 1095 1177 1321
f 1095 1321 1505
f 1554 1381 1095
f 1095 1505 1554
f 12178 10947 1096
f 1096 11396 12292
f 12337 11396 1096
f 12292 12178 1096
f 1096 12336 12337
f 1185 1169 1097
f 1098 1133 1187
f 12158 1133 1098
f 1098 1187 1238
f 1098 11030 12158
f 1193 1183 1099
f 1099 1189 1193
f 11214 1189 1099
f 1100 1181 1296
f 1296 1252 1100
f 1101 1112 1155
f 1160 1142 1102
f 1102 1142 10925
f 1212 1160 1102
f 1214 1212 1102
f 1241 1214 1102
f 10925 1241 1102
f 1168 1159 1103
f 1209 1168 1103
f 1702 1569 1104
f 1104 1569 11600
f 1104 1601 1702
f 10963 1601 1104
f 11600 10790 1104
f 1263 1108 1105
f 1280 1263 1105
f 10736 1125 1106
f 1106 1326 12082
f 12784 1326 1106
f 12082 10736 1106
f 1107 1137 1243
f 1243 1176 1107
f 1263 1219 1108
f 1284 1141 1109
f 1109 1146 12761
f 12761 1284 1109
f 1235 1127 1110
f 1110 1141 11691
f 1398 1235 1110
f 1447 1398 1110
f 11691 1447 1110
f 10556 1153 1111
f 1111 1153 11255
f 1111 1291 10556
f 11857 1291 1111
f 1184 1155 1112
f 1220 1136 1113
f 10880 1220 1113
f 1751 1268 1114
f 1114 1410 1751
f 1115 1121 1489
f 1115 1489 11058
f 11058 10521 1115
f 1115 10521 11496
f 1225 1175 1116
f 1117 1223 1294
f 1118 1130 1215
f 1215 1196 1118
f 1119 1248 12251
f 1629 1343 1119
f 12251 1629 1119
f 1120 10555 12536
f 11273 10988 1120
f 12536 11273 1120
f 1121 1279 10600
f 10600 1489 1121
f 1122 1206 1349
f 1122 1349 1439
f 1122 1439 12159
f 1123 1135 1355
f 1355 1242 1123
f 1124 1156 1210
f 1124 1210 1272
f 1272 1270 1124
f 10925 1142 1125
f 1125 10736 10925
f 1228 1147 1126
f 11538 1228 1126
f 1127 1235 1260
f 1127 1260 12697
f 1664 1248 1128
f 1128 1324 1530
f 12015 1324 1128
f 1128 1530 1632
f 1128 1632 1664
f 1129 1176 1301
f 1301 1206 1129
f 1130 1140 1244
f 1244 1215 1130
f 1254 1132 1131
f 1131 1219 1254
f 1254 1205 1132
f 1201 1187 1133
f 12200 1201 1133
f 12647 1204 1134
f 1134 1238 1331
f 1134 1331 12647
f 1135 1299 1355
f 1220 1152 1136
f 1137 1192 1243
f 1174 1157 1138
f 1138 1157 1236
f 1165 1163 1138
f 1138 1163 1174
f 12778 1165 1138
f 1138 1236 12778
f 1139 1190 1417
f 1414 1195 1139
f 1417 1414 1139
f 1382 1244 1140
f 1140 1310 1382
f 1141 1284 11691
f 1320 1200 1143
f 10643 1320 1143
f 1144 1204 1335
f 1335 1312 1144
f 1145 1155 1221
f 1288 1181 1145
f 1145 1221 1314
f 1314 1288 1145
f 1146 1173 1240
f 1146 1240 12286
f 1146 12286 12761
f 1147 1228 1345
f 1345 1266 1147
f 1148 1161 1943
f 1717 1167 1148
f 1943 1717 1148
f 1149 1242 1304
f 1149 1304 10880
f 1570 1400 1150
f 1150 1400 11414
f 10876 1570 1150
f 1150 1706 10876
f 1151 1517 10802
f 10846 1517 1151
f 10802 1706 1151
f 1151 1706 12084
f 1151 10567 10846
f 1230 1156 1152
f 1152 1220 12580
f 12580 1230 1152
f 1504 1249 1153
f 1153 1249 11255
f 11047 1504 1153
f 10556 1898 1153
f 1153 1898 11047
f 12411 1256 1154
f 1154 1277 1411
f 1154 1411 12411
f 1155 1184 1221
f 1230 1210 1156
f 1157 1174 1186
f 1157 1186 1217
f 1157 1217 1281
f 1157 1232 1236
f 1281 1232 1157
f 1914 1234 1158
f 1158 1234 10826
f 1158 1351 1914
f 11083 1351 1158
f 1158 10826 11083
f 1159 1168 1409
f 1409 1277 1159
f 1160 1212 11385
f 11131 1943 1161
f 11450 11131 1161
f 1162 1199 1334
f 12331 1199 1162
f 1162 1334 12115
f 12115 11313 1162
f 12431 12331 1162
f 1163 1165 1226
f 1337 1174 1163
f 1163 1226 1300
f 1163 1300 1337
f 1164 1312 1573
f 1573 1560 1164
f 1164 1560 11076
f 1325 1226 1165
f 1165 1269 1325
f 12778 1269 1165
f 1443 1322 1166
f 1166 1381 1443
f 1167 1717 2088
f 1167 2088 10697
f 1168 1209 1519
f 1448 1409 1168
f 1519 1448 1168
f 1169 1185 1340
f 1340 1267 1169
f 1169 1267 11235
f 11235 10643 1169
f 1309 1178 1170
f 1170 1249 1504
f 1504 1309 1170
f 10891 1231 1171
f 1171 1266 10891
f 1172 1231 11471
f 1172 11471 11635
f 11635 11523 1172
f 1172 11523 12337
f 12337 11993 1172
f 1316 1186 1174
f 1337 1316 1174
f 1175 1225 1279
f 1176 1243 12282
f 12282 1301 1176
f 11455 1321 1177
f 1282 1276 1178
f 1309 1282 1178
f 12217 1191 1179
f 1179 1191 12292
f 10509 1213 1179
f 1179 1213 12217
f 1179 1224 11954
f 12292 1224 1179
f 11954 10509 1179
f 1255 1207 1180
f 1181 1288 1424
f 1424 1296 1181
f 1182 1187 1201
f 1273 1187 1182
f 10908 1273 1182
f 12178 10908 1182
f 1182 10947 12178
f 1183 1193 1302
f 1302 1211 1183
f 1298 1221 1184
f 1185 1205 1333
f 1185 1333 1340
f 1297 1217 1186
f 1316 1297 1186
f 1273 1238 1187
f 1574 1257 1188
f 1188 1257 12314
f 11385 1574 1188
f 1350 1193 1189
f 1189 1305 1496
f 1490 1350 1189
f 1496 1490 1189
f 1190 1250 1417
f 12697 1250 1190
f 10872 1218 1191
f 1191 1218 12178
f 1191 1360 10872
f 12217 1360 1191
f 1191 12178 12292
f 1256 1243 1192
f 1350 1302 1193
f 11741 1370 1194
f 1194 1370 12096
f 1194 1400 11741
f 12067 1400 1194
f 1414 1216 1195
f 1195 1216 11776
f 1196 1215 1317
f 1317 1240 1196
f 11521 1199 1197
f 1197 1199 12331
f 1197 1293 11521
f 11762 1293 1197
f 1700 1291 1198
f 1198 1322 1599
f 1198 1599 1700
f 1493 1334 1199
f 12171 1493 1199
f 1199 11521 12171
f 1320 1318 1200
f 1202 1229 1523
f 1523 1500 1202
f 1202 1500 11003
f 11003 10789 1202
f 12476 1305 1203
f 1722 1335 1204
f 1204 1621 1722
f 12647 1621 1204
f 1205 1254 1333
f 1206 1301 1388
f 1388 1349 1206
f 1207 1255 1402
f 1207 1363 1374
f 1402 1363 1207
f 1207 1374 11455
f 1208 1211 1497
f 1466 1310 1208
f 1497 1466 1208
f 1209 1216 12124
f 12655 1519 1209
f 1209 12124 12655
f 1210 1230 11962
f 1210 1258 1272
f 11962 1258 1210
f 1211 1302 1551
f 1551 1497 1211
f 1212 1214 1462
f 1212 1462 11385
f 1213 1233 1290
f 10509 1233 1213
f 1213 1290 1430
f 1213 1430 12728
f 12728 12217 1213
f 1214 1241 1418
f 1214 1418 1572
f 1572 1462 1214
f 1215 1244 1317
f 1216 1414 1691
f 1216 1691 12124
f 1295 1281 1217
f 1529 1295 1217
f 1217 1297 1383
f 1217 1383 1529
f 1353 1273 1218
f 1218 1273 10908
f 10872 1353 1218
f 1218 10908 12178
f 11364 1254 1219
f 1219 1263 1394
f 1219 1394 11364
f 1220 10880 12327
f 12327 12089 1220
f 1220 12089 12580
f 1221 1298 1488
f 1488 1314 1221
f 1222 1370 1590
f 12096 1370 1222
f 1590 1410 1222
f 1223 1252 1371
f 1385 1294 1223
f 1223 1371 1385
f 1224 1341 11390
f 12093 1341 1224
f 1224 11390 11954
f 1224 11396 11862
f 12292 11396 1224
f 1224 11862 12093
f 1225 1246 1459
f 1413 1279 1225
f 1459 1413 1225
f 1352 1300 1226
f 1226 1323 1352
f 1369 1323 1226
f 1226 1325 1369
f 1680 1306 1227
f 1227 1588 1680
f 1425 1345 1228
f 10909 1425 1228
f 11538 10909 1228
f 1229 1343 1523
f 12089 1236 1230
f 1230 1236 12348
f 12348 11962 1230
f 12580 12089 1230
f 10891 1480 1231
f 1231 1480 11471
f 12348 1236 1232
f 1281 1258 1232
f 1232 1258 12348
f 1233 1264 1290
f 1311 1264 1233
f 12090 1311 1233
f 1233 10509 11954
f 1233 11954 12090
f 1923 1848 1234
f 1234 1848 11131
f 1234 1914 1923
f 11450 10826 1234
f 1234 11131 11450
f 1426 1260 1235
f 1235 1398 1426
f 1236 12089 12778
f 1237 1521 1800
f 10562 1521 1237
f 1237 1800 10813
f 11474 10562 1237
f 1237 10813 10959
f 1237 10959 11457
f 1237 11457 11474
f 1238 1273 1331
f 1239 1262 1265
f 1303 1262 1239
f 1239 1265 1274
f 1239 1274 1275
f 1239 1275 1303
f 1240 1317 12783
f 12783 12286 1240
f 12082 1418 1241
f 10925 10736 1241
f 1241 10736 12082
f 1369 1304 1242
f 1242 1355 1369
f 1243 1256 12282
f 1382 1317 1244
f 1265 1262 1245
f 1245 1262 1278
f 1271 1265 1245
f 1278 1271 1245
f 12676 1459 1246
f 1246 10988 12676
f 1406 1287 1247
f 1483 1406 1247
f 11003 1483 1247
f 1247 10789 11003
f 1248 1664 12251
f 1250 1260 1426
f 12697 1260 1250
f 1567 1417 1250
f 1250 1426 1470
f 1250 1470 1567
f 1251 1253 1292
f 10634 1253 1251
f 1251 1292 1342
f 1342 1308 1251
f 1251 1308 1372
f 1251 1372 10730
f 10730 10634 1251
f 1252 1296 1528
f 1580 1371 1252
f 1252 1528 1580
f 1253 1286 1307
f 10634 1286 1253
f 1319 1292 1253
f 1253 1307 1319
f 11364 1333 1254
f 1255 1283 1507
f 1507 1402 1255
f 1256 1393 12282
f 12411 1393 1256
f 1553 1458 1257
f 1574 1553 1257
f 1390 1272 1258
f 1258 1281 1390
f 1258 11962 12348
f 1724 1305 1259
f 1259 1305 12476
f 1259 1318 1725
f 12476 1318 1259
f 1768 1724 1259
f 1259 1725 1768
f 1261 1270 1438
f 1261 1438 11092
f 1261 11092 12784
f 1405 1278 1262
f 1262 1303 1405
f 1263 1280 1394
f 1329 1290 1264
f 1264 1311 1329
f 1265 1271 11208
f 11624 1274 1265
f 1265 11208 11624
f 1266 1345 1658
f 1266 1658 10891
f 1267 1340 1431
f 1267 1431 1482
f 1267 1482 11235
f 1268 1751 2502
f 2502 2230 1268
f 12327 1325 1269
f 1269 12089 12327
f 12778 12089 1269
f 1270 1272 1390
f 1270 1390 1568
f 1568 1438 1270
f 1271 1278 1285
f 1271 1285 1356
f 1271 1356 1435
f 1271 1435 11208
f 1353 1331 1273
f 1346 1275 1274
f 1389 1346 1274
f 11624 1389 1274
f 1354 1303 1275
f 1275 1346 1354
f 1276 1282 1347
f 1276 1347 1375
f 1276 1375 12228
f 1277 1409 1411
f 1364 1285 1278
f 12780 1364 1278
f 1278 1405 11672
f 1278 11672 12780
f 1279 1413 11173
f 11173 10600 1279
f 1280 1289 1386
f 1280 1386 1399
f 1399 1394 1280
f 1281 1295 1390
f 1282 1309 1465
f 1415 1347 1282
f 1465 1415 1282
f 1283 1439 1596
f 12176 1439 1283
f 1612 1507 1283
f 1283 1596 1612
f 1284 1376 1473
f 12286 1376 1284
f 1284 1473 11691
f 12761 12286 1284
f 1285 1348 1356
f 1364 1348 1285
f 1358 1307 1286
f 1286 1332 1359
f 10730 1332 1286
f 1368 1358 1286
f 1286 1359 1368
f 1286 10634 10730
f 1467 1289 1287
f 1287 1406 1467
f 1288 1314 1424
f 1412 1386 1289
f 1467 1412 1289
f 1290 1329 1472
f 1472 1430 1290
f 1700 1603 1291
f 1291 1603 10556
f 1292 1319 1416
f 1421 1342 1292
f 1292 1416 1457
f 1457 1421 1292
f 1293 1613 1839
f 10853 1613 1293
f 1293 1839 11521
f 1294 1385 1513
f 1294 1513 12536
f 12536 10555 1294
f 12047 1390 1295
f 1295 1529 11260
f 1295 11260 12047
f 1296 1424 1495
f 1296 1495 1528
f 1297 1316 1341
f 1297 1341 1383
f 11572 1488 1298
f 1298 11076 11572
f 1299 1339 1352
f 1357 1339 1299
f 1299 1352 1355
f 1375 1357 1299
f 12228 1375 1299
f 1357 1337 1300
f 1352 1339 1300
f 1300 1339 1357
f 1393 1388 1301
f 12282 1393 1301
f 1302 1350 1477
f 1302 1477 11227
f 11227 1551 1302
f 1303 1354 1428
f 1428 1405 1303
f 1369 1325 1304
f 1304 1325 12327
f 12327 10880 1304
f 1724 1496 1305
f 1680 1330 1306
f 1362 1319 1307
f 1307 1358 1454
f 1454 1362 1307
f 1308 1342 1365
f 1308 1348 1364
f 1365 1348 1308
f 1308 1364 1372
f 1309 1437 1465
f 1504 1437 1309
f 1506 1382 1310
f 1310 1466 1547
f 1547 1506 1310
f 1347 1329 1311
f 1384 1347 1311
f 1311 1373 1384
f 12090 1373 1311
f 1312 1335 1573
f 1481 1407 1313
f 1313 1407 11862
f 11471 1481 1313
f 1313 11396 11523
f 11862 11396 1313
f 11635 11471 1313
f 1313 11523 11635
f 1634 1424 1314
f 1314 1488 1634
f 1315 1327 1361
f 8440 1327 1315
f 1344 1338 1315
f 1315 1338 8440
f 1380 1344 1315
f 1315 1361 1429
f 1429 1380 1315
f 1316 1337 1373
f 11390 1341 1316
f 1316 1373 11390
f 1464 1376 1317
f 1317 1376 12783
f 1317 1382 1464
f 1318 1320 1635
f 1318 1635 1725
f 1319 1362 1416
f 10995 1635 1320
f 1320 10643 11235
f 11235 10995 1320
f 1321 1374 1512
f 11455 1374 1321
f 1512 1505 1321
f 1322 1443 1563
f 1322 1563 1599
f 1355 1352 1323
f 1369 1355 1323
f 1324 1458 1530
f 12015 11921 1324
f 11092 1542 1326
f 1326 1542 12082
f 12784 11092 1326
f 1327 1336 1367
f 8440 1336 1327
f 1422 1361 1327
f 1327 1367 1423
f 1444 1422 1327
f 1327 1423 1444
f 2210 1452 1328
f 1328 1489 1838
f 11058 1489 1328
f 1328 1838 2210
f 1329 1347 1415
f 1329 1415 1472
f 1647 1387 1330
f 10901 1647 1330
f 1330 1680 10901
f 1331 1353 1420
f 1331 1420 12647
f 11808 1359 1332
f 10730 1372 1332
f 1332 1372 12780
f 11672 1451 1332
f 1332 1451 11808
f 12780 11672 1332
f 1392 1340 1333
f 11364 1392 1333
f 11157 1396 1334
f 1334 1396 12115
f 1334 1493 11852
f 11852 11157 1334
f 1660 1573 1335
f 1722 1660 1335
f 1336 1338 1366
f 8440 1338 1336
f 1336 1366 10515
f 1378 1367 1336
f 1336 1377 1395
f 10515 1377 1336
f 1395 1378 1336
f 1337 1357 1373
f 1338 1344 1408
f 1408 1366 1338
f 1340 1392 1397
f 1340 1397 1450
f 1450 1431 1340
f 1407 1383 1341
f 12093 1407 1341
f 10748 1365 1342
f 1342 1421 1468
f 1342 1468 10748
f 1782 1523 1343
f 1343 1629 1782
f 1344 1380 1442
f 1442 1408 1344
f 1345 1425 1469
f 1345 1469 1658
f 1379 1354 1346
f 1484 1379 1346
f 1346 1389 1436
f 1346 1436 1484
f 1384 1375 1347
f 1365 1356 1348
f 1349 1388 1476
f 1491 1439 1349
f 1349 1476 1491
f 1515 1477 1350
f 1350 1490 1515
f 1569 1510 1351
f 1351 1510 1914
f 11600 1569 1351
f 1353 1360 1556
f 10872 1360 1353
f 1556 1420 1353
f 1354 1379 1527
f 1527 1428 1354
f 1356 1365 10818
f 10818 1435 1356
f 1384 1373 1357
f 1357 1375 1384
f 1358 1368 1427
f 1358 1427 1454
f 1478 1368 1359
f 1359 1404 1478
f 11808 1404 1359
f 1360 1508 1556
f 12728 1508 1360
f 1360 12217 12728
f 1361 1391 1429
f 1445 1391 1361
f 1361 1422 1445
f 1499 1416 1362
f 1362 1454 1486
f 1362 1486 1499
f 1403 1374 1363
f 1363 1402 11894
f 1440 1403 1363
f 11894 1440 1363
f 12780 1372 1364
f 1365 10748 10818
f 1366 1408 1434
f 1366 1434 1446
f 1366 1446 10515
f 1367 1378 1511
f 1525 1423 1367
f 1367 1511 1525
f 1581 1427 1368
f 1368 1478 1534
f 1368 1534 1581
f 11741 1590 1370
f 12795 1385 1371
f 1371 1580 12795
f 12090 11390 1373
f 1374 1403 1460
f 1374 1460 1512
f 1376 1464 1473
f 1376 12286 12783
f 1453 1395 1377
f 11254 1453 1377
f 1377 10515 11254
f 1378 1395 1520
f 1520 1511 1378
f 1379 1484 1502
f 1379 1502 1579
f 1579 1527 1379
f 1380 1429 1509
f 1583 1442 1380
f 1380 1509 1617
f 1617 1583 1380
f 1814 1443 1381
f 1381 1554 1814
f 1506 1464 1382
f 1383 1407 1611
f 1611 1529 1383
f 1592 1513 1385
f 12795 1592 1385
f 1433 1399 1386
f 1386 1412 1433
f 1387 1647 2431
f 1387 2431 10825
f 1387 10825 10935
f 1388 1393 1456
f 1388 1456 1476
f 1566 1436 1389
f 1389 1516 1566
f 11624 1516 1389
f 12047 1568 1390
f 1391 1419 1429
f 1474 1419 1391
f 1391 1445 1455
f 1391 1455 1474
f 1392 1394 1397
f 11364 1394 1392
f 1393 1411 1456
f 12411 1411 1393
f 1401 1397 1394
f 1394 1399 1401
f 1395 1453 1597
f 1651 1520 1395
f 1395 1597 1651
f 11157 10897 1396
f 1396 11313 12115
f 1397 1401 1432
f 1397 1432 1450
f 1449 1426 1398
f 1398 1447 1538
f 1522 1449 1398
f 1538 1522 1398
f 1433 1401 1399
f 1400 1570 1719
f 1400 1719 11741
f 12067 11414 1400
f 10554 1432 1401
f 1401 1433 10554
f 1402 1507 11232
f 11232 1619 1402
f 1402 1619 11894
f 1403 1440 1475
f 1475 1460 1403
f 1404 1451 1492
f 11808 1451 1404
f 1582 1478 1404
f 1404 1492 1582
f 1405 1428 1492
f 1492 1451 1405
f 1405 1451 11672
f 1546 1467 1406
f 1406 1483 1606
f 1606 1546 1406
f 1407 1481 1611
f 12093 11862 1407
f 1586 1434 1408
f 1408 1442 1586
f 1526 1411 1409
f 1409 1448 1550
f 1550 1526 1409
f 1410 1590 1895
f 1895 1751 1410
f 1526 1456 1411
f 12524 1433 1412
f 1412 1467 1546
f 1412 1546 1564
f 1412 1564 12524
f 1413 1459 1638
f 1413 1638 11121
f 11121 1712 1413
f 1413 1712 11173
f 1414 1417 11479
f 1765 1691 1414
f 11479 1765 1414
f 1415 1465 1537
f 1537 1472 1415
f 1471 1457 1416
f 1499 1471 1416
f 1417 1567 1576
f 1417 1576 11479
f 1418 1542 1690
f 12082 1542 1418
f 1739 1572 1418
f 1418 1690 1739
f 1509 1429 1419
f 1474 1463 1419
f 1419 1463 1509
f 1420 1556 1668
f 1420 1668 1729
f 1420 1729 12384
f 1420 12384 12647
f 1421 1457 1549
f 1555 1468 1421
f 1421 1549 1555
f 1422 1444 1539
f 1539 1445 1422
f 1485 1444 1423
f 1423 1461 1485
f 1525 1461 1423
f 1704 1495 1424
f 1424 1634 1704
f 1425 1441 1947
f 10897 1441 1425
f 1947 1469 1425
f 1426 1449 1559
f 1594 1470 1426
f 1426 1559 1594
f 1571 1454 1427
f 1427 1536 1571
f 1581 1536 1427
f 1562 1492 1428
f 1428 1527 1562
f 1430 1472 1689
f 1631 1508 1430
f 1430 1508 12728
f 1689 1631 1430
f 1431 1450 1548
f 1641 1482 1431
f 1431 1548 1641
f 1548 1450 1432
f 12472 1548 1432
f 1432 10554 12472
f 1433 1498 10554
f 12524 1498 1433
f 1557 1446 1434
f 1586 1557 1434
f 10818 10529 1435
f 1435 10529 11120
f 1435 11120 11208
f 1494 1484 1436
f 1653 1494 1436
f 1436 1566 1653
f 1645 1465 1437
f 1437 1504 1695
f 1762 1645 1437
f 1437 1695 1762
f 10998 1487 1438
f 1438 1487 11092
f 1438 1568 1808
f 1438 1808 10998
f 1439 1491 1596
f 12176 12159 1439
f 1503 1475 1440
f 1618 1503 1440
f 12355 1618 1440
f 1440 11894 12355
f 1441 1639 1946
f 10897 1639 1441
f 1441 1946 1947
f 1442 1583 1789
f 1789 1586 1442
f 2021 1563 1443
f 1443 1814 1915
f 1443 1915 1939
f 1443 1939 2021
f 1444 1485 1541
f 1541 1539 1444
f 1609 1455 1445
f 1445 1539 1609
f 1557 1545 1446
f 1446 1545 11254
f 11254 10515 1446
f 1447 1473 1506
f 11691 1473 1447
f 1447 1506 1538
f 1448 1519 1698
f 1698 1550 1448
f 1449 1522 1623
f 1694 1559 1449
f 1449 1623 1694
f 2210 1731 1452
f 1452 1731 10837
f 1661 1597 1453
f 1453 1636 1661
f 11254 1636 1453
f 1610 1486 1454
f 1454 1571 1589
f 1454 1589 1610
f 1479 1474 1455
f 1518 1479 1455
f 1609 1518 1455
f 1595 1476 1456
f 1456 1526 1595
f 1457 1471 1501
f 1457 1501 1549
f 1553 1530 1458
f 12676 1638 1459
f 1460 1475 1593
f 1593 1512 1460
f 1591 1485 1461
f 1461 1525 1657
f 1657 1591 1461
f 1462 1572 1716
f 1716 1574 1462
f 1462 1574 11385
f 1463 1474 1544
f 1578 1509 1463
f 1463 1544 1721
f 1721 1578 1463
f 1506 1473 1464
f 1645 1537 1465
f 1466 1497 1623
f 1466 1522 1547
f 1623 1522 1466
f 1468 1555 1648
f 1468 1648 1670
f 1468 1670 10748
f 1785 1658 1469
f 1947 1785 1469
f 1594 1567 1470
f 1471 1499 1524
f 1524 1501 1471
f 1472 1537 1689
f 1474 1479 1514
f 1474 1514 1544
f 1475 1503 10937
f 10937 1593 1475
f 1595 1491 1476
f 1477 1515 1708
f 1477 1708 1753
f 1477 1753 1812
f 1477 1812 11227
f 1584 1534 1478
f 1478 1582 1607
f 1607 1584 1478
f 1540 1514 1479
f 1479 1518 1540
f 1605 1481 1480
f 1480 1481 11471
f 11879 1605 1480
f 11832 1696 1480
f 1480 1696 11879
f 1480 10891 11832
f 1481 1605 1611
f 1641 1604 1482
f 1482 1604 10995
f 1482 10995 11235
f 1483 1500 1606
f 11003 1500 1483
f 1484 1494 1637
f 1637 1502 1484
f 1591 1541 1485
f 1686 1499 1486
f 1486 1610 1728
f 1728 1686 1486
f 1690 1542 1487
f 1487 1542 11092
f 1772 1690 1487
f 10998 1772 1487
f 1761 1634 1488
f 1488 1685 1761
f 11572 1685 1488
f 11175 1838 1489
f 1489 10600 11175
f 1490 1496 11033
f 11033 1515 1490
f 1491 1595 1596
f 1492 1562 1582
f 1493 1561 1746
f 12171 1561 1493
f 1493 1746 1748
f 1493 1748 11852
f 1675 1637 1494
f 1494 1653 1788
f 1788 1675 1494
f 1656 1528 1495
f 1704 1656 1495
f 1496 1724 11264
f 11264 11033 1496
f 1497 1551 1663
f 1663 1623 1497
f 1498 1543 11336
f 12524 1543 1498
f 1727 1577 1498
f 1498 1577 10554
f 11336 1727 1498
f 1575 1524 1499
f 10787 1575 1499
f 1499 1686 10894
f 10894 10787 1499
f 1500 1523 1646
f 1646 1606 1500
f 1501 1524 1602
f 1585 1549 1501
f 1602 1585 1501
f 1608 1579 1502
f 1637 1608 1502
f 1503 1552 10811
f 10940 1552 1503
f 1503 1618 10940
f 1503 10811 12230
f 12230 10937 1503
f 11047 1695 1504
f 1505 1512 1715
f 1732 1554 1505
f 1505 1715 1887
f 1887 1732 1505
f 1547 1538 1506
f 1507 1612 1797
f 1507 1797 11232
f 1665 1556 1508
f 1508 1631 1665
f 1509 1578 1617
f 1510 1569 2057
f 1918 1914 1510
f 2137 1918 1510
f 1510 2057 2137
f 1511 1520 1662
f 1628 1525 1511
f 1644 1628 1511
f 1662 1644 1511
f 1512 1593 1715
f 11715 1533 1513
f 1513 1533 12536
f 1513 1592 11715
f 1514 1540 1673
f 1673 1544 1514
f 1840 1708 1515
f 12185 1840 1515
f 1515 11033 12185
f 1516 1532 1683
f 11624 1532 1516
f 1666 1566 1516
f 1683 1666 1516
f 1517 2207 10802
f 11944 2207 1517
f 1517 10697 11944
f 12107 1540 1518
f 1518 1609 1649
f 1518 1649 12107
f 1519 1624 1698
f 12655 1624 1519
f 1520 1651 1799
f 1780 1662 1520
f 1799 1780 1520
f 2426 1800 1521
f 1521 1960 2426
f 1522 1538 1547
f 2121 1646 1523
f 1523 1782 2121
f 1524 1575 1602
f 1525 1628 1657
f 1526 1550 1703
f 1703 1595 1526
f 1582 1562 1527
f 1527 1579 1600
f 1600 1582 1527
f 1730 1580 1528
f 1528 1656 1730
f 1529 1611 1620
f 1529 1620 11260
f 1530 1553 1741
f 1741 1632 1530
f 1531 1568 12047
f 12729 1568 1531
f 1531 1620 1709
f 11260 1620 1531
f 1531 1709 1916
f 1531 1916 12729
f 12047 11260 1531
f 1532 1682 1683
f 11208 1682 1532
f 11624 11208 1532
f 1533 1671 11273
f 12407 1671 1533
f 1533 11273 12536
f 1533 11715 12404
f 1533 12404 12407
f 1626 1581 1534
f 1534 1584 1626
f 1633 1543 1535
f 1535 1543 12524
f 1535 1564 11608
f 12524 1564 1535
f 1714 1633 1535
f 11608 1714 1535
f 1756 1571 1536
f 1536 1581 1676
f 1536 1676 1756
f 1537 1645 1678
f 1537 1678 1689
f 1539 1541 1836
f 1764 1609 1539
f 1836 1764 1539
f 1540 1615 1650
f 12107 1615 1540
f 1540 1650 1673
f 1541 1591 1774
f 1541 1774 1836
f 1543 1633 11336
f 1544 1673 1721
f 1545 1557 1627
f 1545 1627 1737
f 1737 1636 1545
f 1545 1636 11254
f 1830 1564 1546
f 1546 1606 1830
f 1548 1587 1641
f 11078 1587 1548
f 12472 11078 1548
f 1697 1555 1549
f 1549 1585 1697
f 1550 1698 1703
f 1692 1663 1551
f 1740 1692 1551
f 1812 1740 1551
f 11227 1812 1551
f 1622 1565 1552
f 1552 1565 10811
f 1652 1622 1552
f 10732 1652 1552
f 10940 10732 1552
f 1553 1574 1625
f 1733 1616 1553
f 1553 1616 1741
f 1553 1625 1733
f 1554 1732 1874
f 1874 1814 1554
f 1822 1648 1555
f 1555 1697 1822
f 1556 1665 1668
f 1557 1586 1693
f 1693 1627 1557
f 1558 1671 1906
f 10988 1671 1558
f 1558 1906 1909
f 1558 1909 12676
f 12676 10988 1558
f 1745 1594 1559
f 1559 1694 1745
f 1560 1573 2131
f 2131 1685 1560
f 1560 1685 11572
f 11572 11076 1560
f 1806 1746 1561
f 1839 1806 1561
f 11521 1839 1561
f 12171 11521 1561
f 2021 1599 1563
f 1564 1830 11608
f 1565 1622 1701
f 1565 1677 10811
f 11904 1677 1565
f 1565 1701 11904
f 1666 1653 1566
f 1679 1576 1567
f 1567 1594 1713
f 1713 1679 1567
f 12729 1808 1568
f 1569 1702 2057
f 1804 1719 1570
f 10876 1804 1570
f 1802 1589 1571
f 1571 1756 1802
f 1775 1716 1572
f 1572 1739 1775
f 1573 1660 1952
f 1573 1952 2131
f 1716 1625 1574
f 1944 1602 1575
f 1575 1883 1944
f 10787 1883 1575
f 1576 1679 1778
f 1778 1765 1576
f 1576 1765 11479
f 1577 1727 11078
f 12472 10554 1577
f 1577 11078 12472
f 1833 1617 1578
f 1578 1721 1833
f 1614 1600 1579
f 1579 1608 1614
f 1766 1592 1580
f 1580 1592 12795
f 1580 1730 1766
f 1581 1626 1676
f 1582 1600 1607
f 1583 1617 2197
f 2197 1789 1583
f 1607 1598 1584
f 1584 1598 1626
f 1585 1602 1858
f 2011 1697 1585
f 1858 1834 1585
f 1585 1834 2077
f 2077 2011 1585
f 1921 1693 1586
f 1586 1789 1921
f 1723 1641 1587
f 10757 1723 1587
f 11237 10757 1587
f 1587 11078 11237
f 2032 1680 1588
f 1588 1976 2032
f 10813 1976 1588
f 10959 10813 1588
f 1801 1610 1589
f 1802 1801 1589
f 1590 1719 1925
f 11741 1719 1590
f 1925 1895 1590
f 1591 1657 1707
f 1591 1707 1792
f 1792 1774 1591
f 1592 1766 12368
f 12308 11715 1592
f 12368 12308 1592
f 1593 1677 1715
f 12230 1677 1593
f 1593 10937 12230
f 1902 1713 1594
f 1594 1745 1902
f 1640 1596 1595
f 1790 1640 1595
f 1595 1703 1790
f 1640 1612 1596
f 1796 1651 1597
f 1597 1661 1824
f 1824 1796 1597
f 1598 1607 1614
f 1614 1608 1598
f 1598 1608 1743
f 1743 1626 1598
f 11415 1700 1599
f 1599 2021 2305
f 1599 2305 2539
f 2539 2473 1599
f 1599 2473 11415
f 1614 1607 1600
f 1601 1659 2144
f 10963 1659 1601
f 2083 1702 1601
f 2155 2083 1601
f 1601 2144 2155
f 1944 1858 1602
f 1603 1700 10516
f 10516 2492 1603
f 1603 2492 11077
f 11077 10556 1603
f 1755 1635 1604
f 1604 1635 10995
f 1604 1641 1723
f 1604 1723 1755
f 1699 1611 1605
f 11879 1699 1605
f 1606 1646 1857
f 1857 1830 1606
f 1608 1637 1743
f 1681 1649 1609
f 1764 1681 1609
f 1831 1728 1610
f 1610 1801 1831
f 1699 1620 1611
f 1612 1640 1797
f 1613 1731 2096
f 10837 1731 1613
f 10764 1839 1613
f 1613 2096 10764
f 10853 10837 1613
f 1615 1649 1777
f 12107 1649 1615
f 1749 1650 1615
f 1897 1749 1615
f 1615 1777 1897
f 1616 1733 1767
f 1841 1741 1616
f 1616 1767 1949
f 1959 1841 1616
f 1616 1949 1959
f 1617 1833 2197
f 1618 1818 10732
f 12355 1818 1618
f 1618 10732 10940
f 1875 1818 1619
f 1619 1818 12355
f 11232 1875 1619
f 12355 11894 1619
f 1620 1699 1709
f 1809 1722 1621
f 1621 1760 1809
f 12613 1760 1621
f 1621 12384 12613
f 12647 12384 1621
f 1622 1652 1815
f 1769 1701 1622
f 1815 1769 1622
f 1623 1663 1735
f 1735 1694 1623
f 1624 1691 1776
f 12124 1691 1624
f 1803 1698 1624
f 1624 1776 1803
f 12655 12124 1624
f 1625 1710 1733
f 11063 1710 1625
f 1625 1716 1750
f 1625 1750 11063
f 10843 1676 1626
f 1626 1743 1993
f 1626 1993 10843
f 1627 1693 1826
f 1826 1737 1627
f 1628 1644 1734
f 1705 1657 1628
f 1734 1705 1628
f 2022 1782 1629
f 1629 1891 2022
f 10929 1891 1629
f 12251 10929 1629
f 1654 1643 1630
f 1630 1643 1718
f 1674 1654 1630
f 12591 1674 1630
f 1630 1718 1742
f 1630 1742 12591
f 1770 1665 1631
f 1631 1689 1770
f 1841 1664 1632
f 1632 1741 1841
f 1633 1714 1720
f 1633 1720 12622
f 1633 1744 11336
f 12622 1744 1633
f 1817 1704 1634
f 1634 1761 1817
f 1771 1725 1635
f 1635 1755 1771
f 10613 1661 1636
f 1636 1737 11724
f 11724 10613 1636
f 1637 1675 1993
f 1993 1743 1637
f 1909 1861 1638
f 1638 1861 11121
f 12676 1909 1638
f 1639 1852 2042
f 11157 1852 1639
f 2042 1946 1639
f 1639 10897 11157
f 1640 1790 10517
f 10517 1797 1640
f 1642 1793 1913
f 11264 1793 1642
f 12175 1873 1642
f 1642 1873 12185
f 1642 1913 12363
f 1642 11033 11264
f 12185 11033 1642
f 12363 12175 1642
f 1643 1654 1757
f 1757 1718 1643
f 1644 1662 1734
f 1835 1678 1645
f 1645 1762 1835
f 2121 1857 1646
f 1647 1996 2203
f 10901 1996 1647
f 1647 2203 10723
f 10723 2431 1647
f 12050 1670 1648
f 1648 1822 11346
f 11346 1829 1648
f 1648 1829 12050
f 1649 1681 11310
f 11310 1777 1649
f 1749 1673 1650
f 1796 1784 1651
f 1651 1784 1799
f 2063 1815 1652
f 1652 1818 2038
f 10732 1818 1652
f 1652 2038 2063
f 1653 1666 1781
f 1653 1781 1837
f 1837 1788 1653
f 1654 1674 1684
f 1654 1684 1736
f 1654 1736 1958
f 1958 1757 1654
f 1672 1667 1655
f 1655 1667 1687
f 1688 1672 1655
f 1655 1687 1711
f 12596 1688 1655
f 1655 1711 12596
f 1656 1704 1962
f 2289 1730 1656
f 1656 1962 2400
f 2400 2289 1656
f 1657 1705 11361
f 11361 1707 1657
f 1785 1696 1658
f 1658 1696 11832
f 11832 10891 1658
f 1659 1669 2386
f 11129 1669 1659
f 2386 2144 1659
f 1659 10963 11129
f 1660 1722 11586
f 2724 1952 1660
f 1660 2191 2724
f 11586 2191 1660
f 1661 1791 1824
f 10613 1791 1661
f 1779 1734 1662
f 1780 1779 1662
f 1663 1692 1735
f 1664 1841 1891
f 1664 1891 10929
f 1664 10929 12251
f 1819 1668 1665
f 1665 1770 1819
f 1666 1683 1734
f 1666 1734 1781
f 1667 1672 1726
f 1754 1687 1667
f 1667 1726 1754
f 1973 1729 1668
f 1668 1819 1973
f 2431 2386 1669
f 10825 2431 1669
f 1670 1773 10568
f 12050 1773 1670
f 1670 10568 10748
f 2152 1906 1671
f 1671 2040 2152
f 12407 2040 1671
f 1671 10988 11273
f 1672 1688 1747
f 1759 1726 1672
f 1672 1747 1759
f 1827 1721 1673
f 1673 1749 1908
f 1908 1827 1673
f 1758 1684 1674
f 1794 1758 1674
f 1846 1794 1674
f 12591 1846 1674
f 1675 1788 1900
f 1675 1900 1993
f 1999 1756 1676
f 10843 1999 1676
f 1805 1715 1677
f 1859 1805 1677
f 11904 1859 1677
f 12230 10811 1677
f 1786 1689 1678
f 1835 1786 1678
f 1679 1713 1853
f 1853 1778 1679
f 2032 1996 1680
f 1680 1996 10901
f 1681 1764 1845
f 1681 1845 1888
f 1681 1888 11310
f 1738 1683 1682
f 1825 1738 1682
f 1682 1816 1825
f 11120 1816 1682
f 11208 11120 1682
f 1683 1705 1734
f 1738 1705 1683
f 10819 1736 1684
f 1684 1758 10819
f 2275 1761 1685
f 1685 2131 11007
f 11007 2275 1685
f 1686 1728 1869
f 1686 1869 10894
f 12333 1711 1687
f 1687 1754 1783
f 1687 1783 12057
f 1687 12057 12333
f 1795 1747 1688
f 1926 1795 1688
f 12596 1926 1688
f 1850 1770 1689
f 1689 1786 1850
f 2060 1739 1690
f 1690 1772 2035
f 1690 2035 2064
f 2064 2060 1690
f 1691 1765 11929
f 11929 1776 1691
f 1811 1735 1692
f 1692 1740 1811
f 10712 1826 1693
f 1693 1921 10712
f 1694 1735 1798
f 1798 1745 1694
f 1911 1762 1695
f 11492 1911 1695
f 1695 11047 11492
f 1696 1785 11544
f 1696 11544 11621
f 1696 11621 11879
f 2011 1822 1697
f 1877 1703 1698
f 1698 1803 1877
f 1966 1709 1699
f 11527 1966 1699
f 11621 11527 1699
f 11879 11621 1699
f 11415 10516 1700
f 1701 1769 1860
f 1701 1860 2039
f 2039 2020 1701
f 1701 2020 2058
f 1701 2058 11904
f 2083 2057 1702
f 1877 1790 1703
f 1704 1817 1962
f 1705 1738 1752
f 1705 1752 11361
f 10802 2207 1706
f 1706 2207 10876
f 1707 1752 1792
f 11361 1752 1707
f 2074 1753 1708
f 1708 1840 1964
f 1708 1964 2074
f 1966 1916 1709
f 1844 1733 1710
f 1903 1844 1710
f 11063 1903 1710
f 1711 1763 1813
f 12542 1763 1711
f 1711 1813 12596
f 1711 12333 12542
f 1712 1861 2252
f 11121 1861 1712
f 1712 2252 2295
f 1712 2295 11175
f 11175 11173 1712
f 1902 1853 1713
f 12548 1720 1714
f 11608 10694 1714
f 1714 10694 12548
f 1715 1805 1887
f 1775 1750 1716
f 1717 1943 2229
f 2286 2088 1717
f 1717 2229 2286
f 1980 1742 1718
f 1718 1757 1980
f 1719 1804 2069
f 2069 1925 1719
f 1823 1810 1720
f 1720 1810 12622
f 12548 1823 1720
f 1721 1827 2244
f 2244 1833 1721
f 1722 1809 11586
f 12576 1755 1723
f 1723 10757 12576
f 1724 1768 1793
f 1724 1793 11264
f 1771 1768 1725
f 1855 1754 1726
f 1726 1759 1865
f 1865 1855 1726
f 10941 2296 1727
f 1727 2296 11319
f 11103 10941 1727
f 11319 11078 1727
f 11336 11103 1727
f 1728 1831 2010
f 1994 1869 1728
f 2010 1994 1728
f 1988 1760 1729
f 1729 1760 12613
f 1729 1973 2089
f 2089 1988 1729
f 12613 12384 1729
f 1987 1766 1730
f 2235 1987 1730
f 2289 2235 1730
f 2339 2096 1731
f 1731 2210 2339
f 2093 1874 1732
f 1732 1887 2093
f 1844 1767 1733
f 1734 1779 1781
f 1811 1798 1735
f 1736 1881 1958
f 10819 1881 1736
f 1737 1826 2251
f 1737 2251 11979
f 11979 11724 1737
f 1828 1752 1738
f 1738 1825 1828
f 2060 1775 1739
f 1905 1811 1740
f 1740 1812 1905
f 1842 1821 1742
f 1742 1821 12591
f 12236 1842 1742
f 1742 1980 12236
f 1744 1810 10559
f 12622 1810 1744
f 1744 10559 11543
f 1744 11103 11336
f 11543 11103 1744
f 1745 1798 2006
f 2006 1902 1745
f 1889 1748 1746
f 1746 1806 1820
f 1746 1820 1889
f 1871 1759 1747
f 1747 1795 1876
f 1876 1871 1747
f 1748 1889 1894
f 1748 1894 11852
f 1749 1897 2279
f 2223 1908 1749
f 2279 2223 1749
f 1750 1775 2153
f 2153 2126 1750
f 1750 2126 11063
f 1751 1895 2454
f 1751 2454 2745
f 2745 2502 1751
f 1828 1792 1752
f 1981 1812 1753
f 2113 1981 1753
f 1753 2074 2113
f 1956 1783 1754
f 1754 1855 1956
f 11201 1771 1755
f 1755 2018 11201
f 11829 2018 1755
f 12576 11829 1755
f 10617 1802 1756
f 1756 1999 10617
f 1757 1919 1948
f 1958 1919 1757
f 1757 1948 1980
f 1758 1794 1807
f 1758 1807 10819
f 1871 1865 1759
f 11637 1809 1760
f 1760 1988 11637
f 2103 1817 1761
f 2275 2103 1761
f 1933 1835 1762
f 1762 1911 1933
f 1763 1787 1851
f 12542 1787 1763
f 1851 1813 1763
f 1764 1836 1872
f 1872 1845 1764
f 1765 1778 12379
f 1765 2066 11929
f 12379 2066 1765
f 1766 1987 12368
f 1767 1844 1901
f 1767 1901 1949
f 1768 1771 1849
f 1849 1793 1768
f 1769 1815 2014
f 1936 1860 1769
f 2014 1936 1769
f 1863 1819 1770
f 1770 1850 1863
f 11088 1849 1771
f 11201 11088 1771
f 2134 2035 1772
f 11044 2134 1772
f 1772 10998 11583
f 11583 11044 1772
f 1773 1868 1879
f 12050 1868 1773
f 1773 1879 1884
f 1773 1884 10831
f 10831 10568 1773
f 1774 1792 1920
f 2097 1836 1774
f 1774 1920 2102
f 2102 2097 1774
f 1775 2060 2153
f 11917 1803 1776
f 11610 2239 1776
f 1776 2239 11917
f 11929 11610 1776
f 1777 1888 1934
f 11310 1888 1777
f 1934 1897 1777
f 1778 1853 2056
f 1778 2056 2111
f 1778 2111 12379
f 1779 1780 1995
f 1837 1781 1779
f 1995 1837 1779
f 1780 1799 1931
f 1780 1931 1995
f 1782 2022 2290
f 2290 2121 1782
f 1783 1956 12409
f 12409 12057 1783
f 1784 1796 1832
f 1867 1799 1784
f 1784 1832 1867
f 1785 1947 10791
f 10791 1986 1785
f 1785 1986 11544
f 1786 1835 2047
f 1989 1850 1786
f 2047 1989 1786
f 11961 1851 1787
f 1787 1866 12132
f 12542 1866 1787
f 12132 11961 1787
f 1788 1837 2027
f 11835 1900 1788
f 1788 2027 11835
f 2767 1921 1789
f 1789 2197 2767
f 1790 1877 2112
f 1790 2112 10517
f 1930 1824 1791
f 1791 1907 2071
f 11724 1907 1791
f 2071 1930 1791
f 1791 10613 11724
f 1792 1828 1955
f 1955 1920 1792
f 1793 1849 1870
f 1793 1870 1913
f 1794 1806 1807
f 1820 1806 1794
f 1846 1820 1794
f 1954 1876 1795
f 1795 1926 2167
f 2167 1954 1795
f 1796 1824 1896
f 1896 1832 1796
f 2036 1875 1797
f 1797 1875 11232
f 10517 2036 1797
f 1798 1811 1912
f 1798 1912 2006
f 1799 1867 11015
f 11015 1931 1799
f 2583 1976 1800
f 1800 1976 10813
f 1800 2426 2583
f 1801 1802 2260
f 2010 1831 1801
f 2187 2010 1801
f 2260 2187 1801
f 2268 2260 1802
f 10617 2268 1802
f 2112 1877 1803
f 2291 2112 1803
f 11917 2291 1803
f 2298 2069 1804
f 2407 2298 1804
f 10876 2407 1804
f 1805 1859 1887
f 1847 1807 1806
f 1806 1839 1878
f 1878 1847 1806
f 1807 1847 10819
f 1808 1932 2003
f 12729 1932 1808
f 1808 2003 11583
f 11583 10998 1808
f 2467 2191 1809
f 1809 2191 11586
f 11637 2467 1809
f 1810 1823 11887
f 11887 10559 1810
f 1811 1905 1912
f 1981 1905 1812
f 1813 1851 2008
f 1813 2008 2070
f 1813 2070 11716
f 1813 11716 12596
f 1814 1874 2168
f 2168 1915 1814
f 2063 2014 1815
f 2012 1825 1816
f 1816 1885 2001
f 10626 1885 1816
f 1816 2001 2012
f 11120 10626 1816
f 2103 1962 1817
f 1818 1875 2150
f 2150 2038 1818
f 1819 1863 2046
f 2046 1973 1819
f 1820 1846 1889
f 1821 1842 11616
f 1821 1846 12591
f 12593 1846 1821
f 1821 11616 12593
f 1822 2011 2245
f 2245 2110 1822
f 1822 2110 11346
f 11018 2017 1823
f 1823 2017 12254
f 12548 11018 1823
f 12254 11887 1823
f 1930 1896 1824
f 2012 1828 1825
f 10712 2251 1826
f 1827 1908 2378
f 11340 2244 1827
f 1827 2378 11340
f 2012 1955 1828
f 1963 1868 1829
f 1829 1868 12050
f 11907 1963 1829
f 1829 11346 11907
f 1830 1857 1970
f 1830 1970 11211
f 11211 10694 1830
f 1830 10694 11608
f 1929 1867 1832
f 1832 1896 1910
f 1832 1910 1929
f 2244 2197 1833
f 1834 1858 2394
f 2390 2077 1834
f 2394 2390 1834
f 1835 1933 2047
f 2097 1872 1836
f 1837 1995 2027
f 3008 2210 1838
f 1838 2922 3008
f 10849 2922 1838
f 11175 10849 1838
f 10764 1878 1839
f 1840 1873 1972
f 12185 1873 1840
f 1972 1964 1840
f 1971 1891 1841
f 1841 1959 1971
f 2145 2067 1842
f 1842 2067 11616
f 11658 2145 1842
f 12236 11658 1842
f 1843 1862 1864
f 1927 1862 1843
f 1843 1864 1886
f 1843 1886 1938
f 1904 1899 1843
f 1843 1899 1927
f 1938 1904 1843
f 1974 1901 1844
f 1844 1903 1974
f 1845 1872 2004
f 2228 1888 1845
f 1845 2004 2120
f 1845 2120 2228
f 12593 1889 1846
f 1847 1878 1983
f 1983 1881 1847
f 1847 1881 10819
f 1848 1923 1998
f 1848 1998 2130
f 1848 2130 11131
f 2115 1870 1849
f 11088 2115 1849
f 2013 1863 1850
f 1850 1989 2013
f 1851 1935 1941
f 11961 1935 1851
f 1851 1941 2008
f 1852 1894 2082
f 11852 1894 1852
f 12211 2042 1852
f 1852 2082 12211
f 1852 11157 11852
f 1853 1902 2025
f 1853 2025 2056
f 1854 1880 1882
f 1922 1880 1854
f 1854 1882 1961
f 1893 1890 1854
f 1854 1890 1922
f 1961 1893 1854
f 1855 1865 2391
f 2054 1956 1855
f 2391 2054 1855
f 1856 1883 10787
f 12482 1883 1856
f 10894 2029 1856
f 1856 2029 12264
f 1856 10787 10894
f 1856 12264 12482
f 2561 1970 1857
f 1857 2121 2351
f 1857 2351 2561
f 1858 1944 10720
f 2477 2394 1858
f 10720 2477 1858
f 2023 1887 1859
f 1859 1965 2023
f 11904 1965 1859
f 1860 1936 2009
f 1860 2009 2030
f 1860 2030 2114
f 2114 2039 1860
f 1861 1909 2049
f 1861 2049 2233
f 1861 2233 2252
f 1928 1864 1862
f 1862 1927 1945
f 2051 1928 1862
f 1862 1945 2051
f 1863 2013 2046
f 1940 1886 1864
f 1864 1928 1940
f 1865 1871 2091
f 1865 2091 11354
f 11354 2391 1865
f 1866 2171 2266
f 12021 2171 1866
f 1866 2266 12132
f 12057 12021 1866
f 12333 12057 1866
f 12542 12333 1866
f 1867 1929 2192
f 1867 2192 11015
f 1963 1879 1868
f 1869 1994 2100
f 7870 2029 1869
f 1869 2029 10894
f 1869 2100 2328
f 1869 2328 7870
f 12244 1913 1870
f 1870 2115 2124
f 1870 2124 12244
f 1871 1876 2091
f 2274 2004 1872
f 1872 2097 2274
f 12175 1972 1873
f 1874 2093 2250
f 2294 2168 1874
f 1874 2250 2326
f 2326 2294 1874
f 1875 2036 2303
f 2303 2150 1875
f 1876 1954 2037
f 1876 2037 2091
f 2078 1983 1878
f 10764 2078 1878
f 10830 1884 1879
f 1963 1950 1879
f 1879 1950 10830
f 1924 1882 1880
f 1880 1922 2081
f 1951 1924 1880
f 2081 1951 1880
f 2118 1958 1881
f 1881 1983 2118
f 1882 1924 1942
f 1882 1942 2076
f 2076 1961 1882
f 2202 1944 1883
f 12482 2202 1883
f 1978 1885 1884
f 1884 1885 10831
f 10830 1978 1884
f 1885 1978 2104
f 2104 2001 1885
f 10626 10568 1885
f 1885 10568 10831
f 2173 1938 1886
f 1886 1940 2045
f 1886 2045 2149
f 1886 2149 2173
f 1887 2023 2108
f 2108 2093 1887
f 2217 1934 1888
f 2228 2217 1888
f 1991 1894 1889
f 12593 1991 1889
f 1890 1893 1917
f 1890 1917 1957
f 2044 1922 1890
f 1890 1957 2019
f 1890 2019 2044
f 1891 1971 2024
f 2024 2022 1891
f 2099 1937 1892
f 1892 1937 12308
f 12368 1987 1892
f 1892 1987 12700
f 12700 2099 1892
f 1892 12308 12368
f 1967 1917 1893
f 1893 1961 2090
f 2090 1967 1893
f 1894 1991 2082
f 1895 1925 2537
f 2537 2454 1895
f 2079 1910 1896
f 1896 1930 2079
f 1897 1934 2098
f 1897 2098 11568
f 11568 2279 1897
f 1898 2219 11047
f 11145 2219 1898
f 1898 10556 11077
f 1898 11077 11145
f 1899 1904 2002
f 1977 1927 1899
f 2026 1977 1899
f 1899 2002 2041
f 2041 2026 1899
f 2267 1993 1900
f 2194 2164 1900
f 1900 2164 2267
f 11835 2194 1900
f 11739 1949 1901
f 1901 1974 2146
f 1901 2146 11739
f 1902 2006 2092
f 2092 2025 1902
f 2169 1974 1903
f 1903 2016 2169
f 11063 2016 1903
f 1904 1938 2002
f 2084 1912 1905
f 1905 1981 2084
f 12453 1909 1906
f 1906 2152 2475
f 2475 2273 1906
f 1906 2273 12453
f 2188 2071 1907
f 1907 2085 2188
f 11724 2085 1907
f 1908 2223 2276
f 1908 2276 2378
f 12453 2049 1909
f 2007 1929 1910
f 2079 2007 1910
f 2123 1933 1911
f 2269 2123 1911
f 11492 2269 1911
f 2084 2006 1912
f 1913 12244 12363
f 1914 1918 2072
f 2072 1923 1914
f 2338 1939 1915
f 1915 2168 2538
f 2538 2338 1915
f 2061 1932 1916
f 1916 1932 12729
f 1916 1966 2061
f 2034 1957 1917
f 1917 1967 2034
f 2226 2072 1918
f 1918 2137 2236
f 2236 2226 1918
f 1941 1935 1919
f 1919 1935 1992
f 1958 1941 1919
f 1992 1948 1919
f 1920 1955 2102
f 2767 2685 1921
f 1921 2685 10712
f 1922 2044 11585
f 11585 2081 1922
f 2086 1998 1923
f 1923 2072 2086
f 1975 1942 1924
f 1924 1951 2055
f 2055 1975 1924
f 1925 2069 2227
f 1925 2227 2537
f 1926 1969 2167
f 11716 1969 1926
f 12596 11716 1926
f 1979 1945 1927
f 1927 1977 1979
f 1984 1940 1928
f 2028 1984 1928
f 2051 2028 1928
f 1929 2007 2139
f 1929 2139 2192
f 1930 2071 2336
f 2336 2079 1930
f 2248 1995 1931
f 1931 2221 2248
f 11015 2221 1931
f 2061 2003 1932
f 2123 2047 1933
f 2217 2098 1934
f 11961 1992 1935
f 2143 2009 1936
f 1936 2014 11601
f 11510 2143 1936
f 11601 11510 1936
f 2200 2040 1937
f 1937 2040 12404
f 1937 2099 2200
f 12404 12308 1937
f 2140 2002 1938
f 2173 2140 1938
f 2338 2021 1939
f 1940 1984 1990
f 1940 1990 2045
f 1941 1958 2050
f 2050 2008 1941
f 1942 1975 2107
f 2196 2076 1942
f 1942 2107 12449
f 12449 2196 1942
f 1943 2130 2272
f 11131 2130 1943
f 2272 2229 1943
f 1944 2202 10778
f 10778 10720 1944
f 1945 1979 2176
f 2176 2051 1945
f 2160 1947 1946
f 1946 2042 2199
f 2199 2160 1946
f 1947 2160 2172
f 1947 2172 10791
f 1992 1980 1948
f 2048 1959 1949
f 2133 2048 1949
f 11739 2133 1949
f 1950 1963 12004
f 2105 1985 1950
f 1950 1985 10830
f 12004 2105 1950
f 2404 2055 1951
f 1951 2081 2404
f 2657 2131 1952
f 2778 2657 1952
f 1952 2724 2778
f 1953 2017 2142
f 12254 2017 1953
f 1953 2142 2151
f 1953 2151 11913
f 11913 11887 1953
f 1953 11887 12254
f 2280 2037 1954
f 1954 2167 2344
f 2344 2280 1954
f 1955 2012 2212
f 2212 2102 1955
f 1956 2054 2373
f 2402 2335 1956
f 1956 2335 12409
f 1956 2373 2402
f 2059 2019 1957
f 1957 2034 11552
f 12403 2059 1957
f 1957 11552 12403
f 2118 2050 1958
f 2048 1971 1959
f 1960 2230 3777
f 3506 2426 1960
f 3777 3506 1960
f 1961 2076 2127
f 2127 2090 1961
f 1962 2103 2491
f 2491 2400 1962
f 11907 2216 1963
f 1963 2216 12004
f 1964 1972 2101
f 2101 2074 1964
f 2117 2023 1965
f 1965 2058 2117
f 11904 2058 1965
f 12445 2061 1966
f 11527 2068 1966
f 1966 2068 12445
f 2340 2034 1967
f 1967 2090 2325
f 1967 2325 2340
f 1968 2141 11018
f 11874 2141 1968
f 1968 10694 11211
f 12548 10694 1968
f 1968 11018 12548
f 1968 11211 11874
f 1969 2070 2346
f 11716 2070 1969
f 2512 2167 1969
f 1969 2346 2610
f 2610 2512 1969
f 2561 2312 1970
f 1970 2312 11211
f 2048 2024 1971
f 1972 2095 2101
f 11819 2095 1972
f 12175 11819 1972
f 1973 2046 2089
f 2163 2146 1974
f 2169 2163 1974
f 1975 2055 10695
f 10793 2107 1975
f 1975 10695 10793
f 2414 2032 1976
f 2583 2414 1976
f 2005 1979 1977
f 1977 1982 2005
f 2026 1982 1977
f 2231 2104 1978
f 10830 2231 1978
f 1979 2005 2119
f 1979 2119 2176
f 1980 1992 2087
f 1980 2087 11733
f 11733 2306 1980
f 1980 2306 12315
f 12315 12236 1980
f 2410 2084 1981
f 1981 2113 11769
f 11769 2410 1981
f 1982 2000 2005
f 12552 2000 1982
f 1982 2026 2053
f 2053 2043 1982
f 1982 2043 12552
f 1983 2078 12275
f 12275 2118 1983
f 2180 1990 1984
f 1984 2028 11659
f 2238 2180 1984
f 12210 2238 1984
f 1984 11659 12210
f 1985 2105 2129
f 1985 2129 2231
f 1985 2231 10830
f 1986 2068 11527
f 11634 2068 1986
f 1986 10791 11680
f 1986 11527 11544
f 11680 11634 1986
f 1987 2235 12700
f 1988 2089 2246
f 1988 2246 2551
f 1988 2551 11637
f 2062 2013 1989
f 1989 2047 2170
f 2170 2062 1989
f 2195 2045 1990
f 1990 2180 2195
f 2122 2082 1991
f 12593 2122 1991
f 12132 2087 1992
f 1992 11961 12132
f 1993 2267 2278
f 1993 2278 10843
f 1994 2010 2256
f 2263 2100 1994
f 1994 2256 10741
f 10741 2263 1994
f 2204 2027 1995
f 2248 2204 1995
f 1996 2032 2350
f 2350 2203 1996
f 10859 10557 1997
f 1997 10557 10941
f 1997 10559 11246
f 11543 10559 1997
f 11267 10859 1997
f 1997 10941 11103
f 1997 11103 11543
f 1997 11246 11267
f 1998 2086 2258
f 2247 2130 1998
f 2258 2247 1998
f 1999 2415 2464
f 10843 2415 1999
f 1999 2464 10617
f 12112 2005 2000
f 2000 2015 2065
f 12552 2015 2000
f 2000 2065 2073
f 2000 2073 12112
f 2242 2012 2001
f 2001 2104 2242
f 2157 2041 2002
f 2002 2140 2443
f 2443 2157 2002
f 2061 2031 2003
f 2003 2031 11583
f 2423 2120 2004
f 2004 2274 2423
f 12112 2119 2005
f 2006 2084 2225
f 2225 2092 2006
f 2007 2079 2314
f 12507 2139 2007
f 2314 2271 2007
f 2007 2271 12507
f 2008 2050 2135
f 2135 2070 2008
f 2132 2030 2009
f 2143 2132 2009
f 2010 2187 2349
f 2349 2256 2010
f 2011 2077 2392
f 2484 2245 2011
f 2011 2392 2484
f 2242 2212 2012
f 11872 2046 2013
f 2013 2062 2368
f 2013 2368 11872
f 2014 2063 2380
f 2014 2380 11601
f 2128 2065 2015
f 2224 2128 2015
f 2015 2213 2224
f 11559 2213 2015
f 12552 11559 2015
f 2016 2126 2323
f 11063 2126 2016
f 2323 2169 2016
f 2253 2142 2017
f 11495 2253 2017
f 2017 11018 11495
f 2018 2075 2354
f 11829 2075 2018
f 2018 2283 11201
f 11548 2283 2018
f 2018 2354 11548
f 10985 2044 2019
f 2019 2059 10636
f 2019 10636 10985
f 2020 2039 2109
f 2138 2058 2020
f 2020 2109 2138
f 2338 2305 2021
f 2022 2024 2136
f 2022 2136 2496
f 2496 2290 2022
f 2117 2108 2023
f 2024 2048 2136
f 2165 2056 2025
f 2025 2092 2158
f 2025 2158 2165
f 2026 2041 10560
f 10560 2053 2026
f 2027 2204 11339
f 2027 11339 11835
f 2028 2051 11069
f 2201 2177 2028
f 2028 2177 11659
f 11069 2201 2028
f 7870 2106 2029
f 2029 2106 12264
f 2132 2114 2030
f 2031 2061 12445
f 2031 2175 2255
f 12445 2175 2031
f 2031 2255 11044
f 2031 11044 11583
f 2414 2350 2032
f 2428 2094 2033
f 2033 2094 12363
f 2033 2124 2385
f 12244 2124 2033
f 2033 2385 2428
f 12363 12244 2033
f 2340 2304 2034
f 2034 2304 11552
f 2166 2064 2035
f 2035 2134 2198
f 2198 2166 2035
f 2036 2112 2405
f 10517 2112 2036
f 2511 2303 2036
f 2036 2405 2514
f 2514 2511 2036
f 2453 2091 2037
f 2037 2280 2453
f 2468 2063 2038
f 2038 2150 2348
f 2038 2348 2468
f 2174 2109 2039
f 2039 2114 2174
f 2476 2152 2040
f 2040 2200 2476
f 12407 12404 2040
f 2041 2157 10560
f 12211 2199 2042
f 2043 2053 2315
f 2043 2315 11559
f 2043 11559 12552
f 10985 2430 2044
f 2044 2430 11585
f 2195 2149 2045
f 2287 2089 2046
f 11872 2287 2046
f 2047 2123 2170
f 2048 2133 2136
f 2499 2233 2049
f 2049 2273 2499
f 12453 2273 2049
f 2050 2118 2297
f 2297 2135 2050
f 2051 2176 2237
f 2051 2237 10800
f 2051 10800 11069
f 2095 2080 2052
f 2052 2080 2125
f 2101 2095 2052
f 2116 2101 2052
f 2182 2116 2052
f 2052 2125 2182
f 2053 2301 2315
f 10560 2301 2053
f 2457 2373 2054
f 2054 2391 2457
f 2055 2404 11924
f 12426 10695 2055
f 2055 11924 12426
f 2377 2111 2056
f 2056 2165 2377
f 2057 2083 2375
f 2419 2137 2057
f 2057 2375 2419
f 2138 2117 2058
f 12010 10636 2059
f 12641 12010 2059
f 2059 12403 12641
f 2060 2064 2184
f 2183 2153 2060
f 2277 2183 2060
f 2060 2184 2214
f 2060 2214 2277
f 2062 2170 2327
f 2062 2327 2368
f 12440 2380 2063
f 2063 2468 12440
f 2064 2166 2184
f 10653 2073 2065
f 2065 2128 2159
f 2065 2159 2321
f 2065 2321 10653
f 2066 2111 2377
f 12379 2111 2066
f 2066 2324 11929
f 12460 2324 2066
f 2066 2377 2559
f 2066 2559 12460
f 2190 2122 2067
f 2067 2122 11616
f 2067 2145 2190
f 11634 2175 2068
f 2068 2175 12445
f 2298 2227 2069
f 2070 2135 2408
f 2408 2346 2070
f 2071 2188 2533
f 2533 2336 2071
f 12716 2086 2072
f 2072 2226 2232
f 2072 2232 12716
f 2073 10653 12468
f 2073 11035 12112
f 12468 11035 2073
f 2074 2101 2243
f 2440 2113 2074
f 2074 2243 2440
f 2075 2316 2354
f 12271 2316 2075
f 2075 10757 12271
f 12576 10757 2075
f 2075 11829 12576
f 2196 2127 2076
f 2077 2390 2392
f 11830 2612 2078
f 2078 2612 12275
f 2078 10764 11004
f 2078 11004 11830
f 2336 2314 2079
f 2080 2095 2179
f 2189 2125 2080
f 2080 2179 2189
f 2081 2403 2404
f 11585 2403 2081
f 2082 2122 2218
f 2082 2218 2389
f 2082 2389 12211
f 2083 2155 2357
f 2083 2357 2375
f 2410 2225 2084
f 2672 2188 2085
f 2085 2251 3274
f 11979 2251 2085
f 3274 2672 2085
f 2085 11724 11979
f 12716 2258 2086
f 2087 2329 11733
f 12721 2329 2087
f 2087 12132 12721
f 11763 2262 2088
f 2088 2262 11944
f 2088 2286 11763
f 11944 10697 2088
f 2287 2246 2089
f 2090 2127 2427
f 10753 2325 2090
f 2090 2427 10753
f 2091 2453 11165
f 11165 2629 2091
f 2091 2629 11354
f 2437 2158 2092
f 2092 2225 2437
f 2093 2108 2186
f 2093 2186 2250
f 2094 2428 12352
f 2094 2429 11819
f 12352 2429 2094
f 2094 11819 12175
f 2094 12175 12363
f 2311 2179 2095
f 11819 2311 2095
f 2096 2339 11004
f 11004 10764 2096
f 2097 2102 2509
f 2513 2274 2097
f 2097 2509 2513
f 2217 2209 2098
f 2098 2209 2645
f 2098 2645 11568
f 11597 2200 2099
f 2099 2609 2793
f 12700 2609 2099
f 2099 2793 11597
f 2100 2263 2495
f 2495 2328 2100
f 2101 2116 2364
f 2364 2243 2101
f 2102 2212 2509
f 2103 2275 2491
f 2104 2231 2567
f 2567 2242 2104
f 2388 2129 2105
f 2105 2330 2388
f 12004 2330 2105
f 2288 2162 2106
f 2106 2162 12482
f 2334 2288 2106
f 7870 2334 2106
f 12482 12264 2106
f 2107 2220 2318
f 10793 2220 2107
f 2107 2318 10919
f 2107 10919 12449
f 2108 2117 2138
f 2108 2138 2186
f 2186 2138 2109
f 2109 2174 2186
f 2342 2216 2110
f 2110 2216 11907
f 2110 2245 2342
f 11907 11346 2110
f 2112 2291 2493
f 2493 2405 2112
f 2113 2440 2500
f 2113 2500 11769
f 2114 2132 2438
f 2215 2174 2114
f 2438 2215 2114
f 2154 2124 2115
f 2281 2154 2115
f 2115 2257 2333
f 11088 2257 2115
f 2333 2281 2115
f 2116 2182 2439
f 2439 2364 2116
f 12275 2297 2118
f 2284 2176 2119
f 12112 2284 2119
f 10782 2228 2120
f 2120 2423 2704
f 2120 2704 10782
f 2121 2290 2351
f 2122 2190 2218
f 12593 11616 2122
f 2480 2170 2123
f 2123 2269 2527
f 2527 2480 2123
f 2124 2154 2385
f 2332 2182 2125
f 2125 2189 2270
f 2125 2270 2332
f 2126 2153 2497
f 2548 2323 2126
f 2126 2497 2659
f 2659 2548 2126
f 2127 2196 2337
f 2127 2337 2462
f 2462 2427 2127
f 2128 2147 2159
f 2224 2147 2128
f 2282 2231 2129
f 2322 2282 2129
f 2388 2322 2129
f 2130 2247 2272
f 2131 2657 11007
f 2132 2143 2241
f 2132 2241 2449
f 2449 2438 2132
f 2382 2136 2133
f 2133 2146 2520
f 11739 2146 2133
f 2520 2382 2133
f 2300 2198 2134
f 2134 2255 2300
f 11044 2255 2134
f 2135 2297 2408
f 2136 2382 2496
f 2461 2236 2137
f 2137 2419 2461
f 2139 2181 2302
f 12507 2181 2139
f 2302 2192 2139
f 2140 2173 2680
f 2780 2443 2140
f 2140 2680 2780
f 10627 3019 2141
f 2141 3019 12074
f 11874 10627 2141
f 11495 11018 2141
f 12074 11495 2141
f 2205 2151 2142
f 2234 2205 2142
f 2253 2234 2142
f 2360 2241 2143
f 2716 2360 2143
f 2143 2579 2716
f 11510 2579 2143
f 2358 2155 2144
f 2521 2358 2144
f 2144 2386 2521
f 2459 2190 2145
f 2145 2343 2371
f 11658 2343 2145
f 2145 2371 2459
f 2146 2163 2516
f 2146 2516 2520
f 2178 2159 2147
f 2240 2178 2147
f 2147 2224 11128
f 11128 2240 2147
f 2148 2206 2308
f 11237 2206 2148
f 2148 2308 2316
f 2148 2316 12271
f 2148 10757 11237
f 12271 10757 2148
f 12589 2173 2149
f 2149 2195 2684
f 2149 2684 12589
f 2150 2303 2348
f 2151 2205 12640
f 2151 2369 11589
f 12640 2369 2151
f 2151 11589 11913
f 2476 2475 2152
f 2153 2183 2497
f 2154 2281 2692
f 2504 2385 2154
f 2692 2504 2154
f 2358 2357 2155
f 2156 2159 2178
f 2211 2159 2156
f 2156 2178 10903
f 2435 2211 2156
f 2156 2345 2435
f 11218 2345 2156
f 2156 10903 10920
f 2156 10920 11218
f 2443 2370 2157
f 2157 2370 2452
f 2157 2452 10560
f 2383 2165 2158
f 2437 2383 2158
f 2159 2211 2321
f 2254 2172 2160
f 2160 2199 2292
f 2292 2254 2160
f 2161 2184 2193
f 2214 2184 2161
f 2161 2193 2208
f 2161 2208 10920
f 2259 2214 2161
f 10561 2259 2161
f 10903 10561 2161
f 10920 10903 2161
f 2162 2288 2398
f 2162 2398 2515
f 2162 2515 12482
f 2163 2169 2516
f 2164 2194 11937
f 2164 2261 2267
f 11937 2261 2164
f 2383 2376 2165
f 2165 2376 2448
f 2448 2377 2165
f 2193 2184 2166
f 2299 2193 2166
f 2166 2198 2299
f 2556 2344 2167
f 2167 2512 2556
f 2168 2294 2607
f 2607 2538 2168
f 2169 2323 2977
f 2977 2516 2169
f 2480 2327 2170
f 11888 2266 2171
f 2171 2356 11888
f 12021 2356 2171
f 2317 2249 2172
f 2172 2249 11680
f 2172 2254 2317
f 11680 10791 2172
f 12589 2680 2173
f 2307 2186 2174
f 2174 2215 2320
f 2355 2307 2174
f 2174 2320 2355
f 2175 2249 2310
f 11634 2249 2175
f 2310 2255 2175
f 2347 2237 2176
f 2176 2284 2347
f 2177 2201 2433
f 2433 2293 2177
f 2177 2293 12210
f 12210 11659 2177
f 2178 2240 10903
f 2264 2189 2179
f 12749 2264 2179
f 2179 2311 12749
f 2319 2195 2180
f 2180 2238 11537
f 11537 2319 2180
f 2181 2271 2779
f 12507 2271 2181
f 2616 2302 2181
f 2779 2616 2181
f 2182 2332 2439
f 2183 2277 2460
f 2183 2460 2569
f 2569 2497 2183
f 2185 2222 2444
f 12010 2222 2185
f 11883 2331 2185
f 2185 2331 12010
f 2185 2444 11883
f 2307 2250 2186
f 2187 2260 2466
f 2466 2349 2187
f 2762 2533 2188
f 2188 2672 2762
f 2189 2264 2366
f 2384 2270 2189
f 2189 2366 2384
f 2490 2218 2190
f 2190 2459 2490
f 2191 2467 2508
f 2191 2508 2724
f 2465 2221 2192
f 2192 2221 11015
f 2192 2302 2465
f 2309 2208 2193
f 2193 2299 2309
f 2387 2352 2194
f 2194 2352 11937
f 11042 2387 2194
f 11339 11042 2194
f 11835 11339 2194
f 2195 2319 2888
f 2888 2684 2195
f 2581 2337 2196
f 10524 2581 2196
f 12449 10524 2196
f 2197 2244 2940
f 2940 2767 2197
f 2317 2299 2198
f 2198 2300 2317
f 2199 2285 2292
f 12211 2285 2199
f 2942 2476 2200
f 11597 2942 2200
f 11483 2433 2201
f 2201 11069 11387
f 2201 11387 11483
f 2515 2501 2202
f 2202 2501 10778
f 12482 2515 2202
f 2203 2350 2803
f 2841 2790 2203
f 2203 2790 10723
f 2203 2803 2841
f 2204 2248 2447
f 2204 2447 11042
f 2204 11042 11339
f 2205 2234 12790
f 12790 12640 2205
f 2416 2308 2206
f 11793 2416 2206
f 2206 11237 11319
f 2206 11319 11793
f 2472 2407 2207
f 2207 2407 10876
f 11250 2472 2207
f 12433 11250 2207
f 2207 11944 12433
f 2208 2309 2432
f 2208 2432 10652
f 2208 10652 10920
f 2209 2217 2265
f 2209 2265 2367
f 2209 2367 2645
f 2689 2339 2210
f 3008 2689 2210
f 2435 2321 2211
f 2212 2242 2535
f 2535 2509 2212
f 2412 2224 2213
f 2213 2315 2412
f 11559 2315 2213
f 2214 2259 2277
f 2570 2320 2215
f 2215 2438 2570
f 2216 2342 2451
f 2216 2451 10733
f 2216 10733 12004
f 2217 2228 2455
f 2615 2265 2217
f 2217 2455 2615
f 2490 2389 2218
f 11443 11047 2219
f 2219 11145 12463
f 12702 11443 2219
f 2219 12463 12702
f 2536 2318 2220
f 10785 2536 2220
f 10793 10695 2220
f 2220 10695 12426
f 12426 10785 2220
f 2447 2248 2221
f 2465 2447 2221
f 2222 2393 2529
f 12641 2393 2222
f 2656 2444 2222
f 2222 2529 2656
f 2222 12010 12641
f 2938 2276 2223
f 2223 2279 2645
f 2223 2645 2938
f 2412 2353 2224
f 2224 2353 11128
f 2225 2410 2437
f 2341 2232 2226
f 2226 2236 2374
f 2374 2341 2226
f 2227 2298 2674
f 2711 2537 2227
f 2227 2674 2711
f 2600 2455 2228
f 2870 2600 2228
f 10782 2870 2228
f 2229 2272 2544
f 2564 2286 2229
f 2229 2544 2564
f 2230 2502 3680
f 2230 3680 3757
f 2230 3757 3777
f 2231 2282 2567
f 2232 2341 2379
f 2379 2359 2232
f 2232 2359 12716
f 2652 2252 2233
f 2233 2499 2729
f 2729 2652 2233
f 2234 2253 2904
f 2904 2568 2234
f 2234 2568 12790
f 2235 2289 2585
f 2235 2585 2609
f 2235 2609 12700
f 2434 2374 2236
f 2461 2434 2236
f 2237 2347 2523
f 2237 2523 2584
f 2237 2584 10800
f 12210 2293 2238
f 2238 2293 12561
f 11648 11537 2238
f 12561 11648 2238
f 11064 2291 2239
f 2239 2291 11917
f 11610 2324 2239
f 2239 2324 12087
f 2239 2489 11064
f 12087 2489 2239
f 11128 2442 2240
f 2240 2442 11194
f 2240 10561 10903
f 11194 10561 2240
f 2241 2360 2397
f 2241 2397 2449
f 2794 2535 2242
f 2242 2567 2794
f 2243 2364 2562
f 2562 2440 2243
f 2941 2940 2244
f 11340 2941 2244
f 2654 2342 2245
f 2245 2484 2714
f 2714 2654 2245
f 2246 2287 2483
f 2246 2483 2551
f 2247 2258 2396
f 2436 2272 2247
f 2247 2396 2436
f 2317 2310 2249
f 2249 11634 11680
f 2250 2307 2326
f 2251 2685 3274
f 10712 2685 2251
f 2652 2295 2252
f 11347 2904 2253
f 12074 11347 2253
f 2253 11495 12074
f 2254 2292 2313
f 2313 2299 2254
f 2254 2299 2317
f 2310 2300 2255
f 2256 2349 2701
f 2256 2701 12187
f 12187 10741 2256
f 2257 2283 2446
f 11201 2283 2257
f 2446 2333 2257
f 2257 11088 11201
f 2258 2359 2558
f 12716 2359 2258
f 2558 2396 2258
f 2470 2277 2259
f 2259 2361 2593
f 10561 2361 2259
f 2593 2470 2259
f 2260 2268 2628
f 2628 2466 2260
f 2399 2267 2261
f 2261 2352 11906
f 11937 2352 2261
f 2503 2399 2261
f 2532 2503 2261
f 2261 2528 2532
f 11906 2528 2261
f 3032 2619 2262
f 2262 2619 12433
f 2262 2798 3032
f 11763 2798 2262
f 12433 11944 2262
f 2620 2495 2263
f 2751 2620 2263
f 10741 2751 2263
f 2572 2366 2264
f 2264 2425 2572
f 12749 2425 2264
f 2615 2367 2265
f 11888 2372 2266
f 2266 2372 12721
f 12721 12132 2266
f 2399 2278 2267
f 2844 2628 2268
f 10645 2844 2268
f 2268 10617 10645
f 12099 2527 2269
f 11492 11443 2269
f 2269 11443 12099
f 2808 2332 2270
f 2270 2384 2606
f 2270 2606 11684
f 11684 2808 2270
f 2271 2314 2787
f 2787 2779 2271
f 2272 2436 2544
f 2273 2475 2614
f 2614 2499 2273
f 2789 2423 2274
f 2274 2513 2789
f 2722 2491 2275
f 2275 2657 3138
f 11007 2657 2275
f 3138 2722 2275
f 2952 2378 2276
f 2276 2938 2993
f 2993 2952 2276
f 2470 2460 2277
f 2278 2399 2573
f 2573 2557 2278
f 2278 2557 10843
f 11568 2645 2279
f 2280 2344 2505
f 2505 2453 2280
f 2281 2333 2517
f 2281 2517 10564
f 10564 2692 2281
f 2282 2322 2409
f 2282 2409 2498
f 2282 2498 2567
f 2283 2424 2446
f 11548 2424 2283
f 2411 2347 2284
f 12344 2411 2284
f 12112 11035 2284
f 2284 11035 12344
f 2363 2292 2285
f 2488 2363 2285
f 2285 2485 2488
f 12211 2485 2285
f 2286 2564 2848
f 2286 2848 11763
f 2368 2365 2287
f 2287 2365 2483
f 11872 2368 2287
f 2340 2325 2288
f 2288 2325 2398
f 2288 2334 2340
f 2289 2400 2807
f 2807 2585 2289
f 2732 2351 2290
f 2290 2496 2644
f 2290 2644 2732
f 11064 2493 2291
f 2363 2313 2292
f 2293 2433 2702
f 2702 2546 2293
f 2293 2546 12561
f 2294 2326 2547
f 2294 2547 2801
f 2868 2607 2294
f 2294 2801 2868
f 2295 2652 11307
f 2295 3116 10849
f 11307 3116 2295
f 2295 10849 11175
f 2648 2463 2296
f 2296 2463 11017
f 11595 2648 2296
f 10941 10557 2296
f 2296 10557 11595
f 2296 11017 11319
f 2621 2408 2297
f 2297 2612 2621
f 12275 2612 2297
f 2298 2407 2633
f 2298 2633 2865
f 2865 2674 2298
f 2313 2309 2299
f 2300 2310 2317
f 2565 2315 2301
f 2301 2395 2565
f 10560 2395 2301
f 2616 2465 2302
f 2511 2348 2303
f 2340 2334 2304
f 2304 2334 11580
f 2304 2393 11552
f 11580 2393 2304
f 2305 2338 2519
f 2305 2519 2861
f 2861 2539 2305
f 2418 2343 2306
f 2306 2343 11658
f 11733 2418 2306
f 2306 11658 12315
f 2547 2326 2307
f 2307 2355 2625
f 2625 2547 2307
f 2479 2316 2308
f 2308 2416 2479
f 2309 2313 2363
f 2309 2363 2432
f 11819 2429 2311
f 2311 2429 12749
f 2312 2561 2943
f 2312 2943 3211
f 2312 3211 10627
f 2312 10627 11874
f 11874 11211 2312
f 2314 2336 2603
f 2314 2603 2849
f 2958 2787 2314
f 2314 2849 2958
f 2845 2412 2315
f 2315 2565 3015
f 3015 2845 2315
f 2545 2354 2316
f 2316 2479 2545
f 2549 2417 2318
f 2318 2417 10919
f 2318 2536 2549
f 3075 2888 2319
f 2319 3045 3075
f 11537 3045 2319
f 2474 2355 2320
f 2658 2474 2320
f 2320 2570 2658
f 2420 2362 2321
f 2321 2362 10653
f 2435 2420 2321
f 2322 2388 2739
f 12755 2409 2322
f 2322 2739 12513
f 2322 12513 12755
f 2323 2548 2695
f 2323 2695 2977
f 2324 2687 12087
f 12460 2687 2324
f 2324 11610 11929
f 10753 2398 2325
f 2756 2368 2327
f 2327 2480 2756
f 2495 2381 2328
f 2328 2381 10868
f 10868 7870 2328
f 2329 2372 2441
f 12721 2372 2329
f 2441 2418 2329
f 2329 2418 11733
f 2542 2388 2330
f 2330 2451 2542
f 10733 2451 2330
f 12004 10733 2330
f 2624 2518 2331
f 2331 2518 12010
f 11883 2624 2331
f 2808 2439 2332
f 2333 2446 2517
f 2334 7870 10868
f 2334 10868 11580
f 2406 2356 2335
f 2335 2356 12021
f 2335 2402 2406
f 2335 12021 12409
f 2336 2533 2603
f 2662 2462 2337
f 2337 2581 2662
f 2665 2519 2338
f 2338 2538 2665
f 2339 2689 2788
f 2339 2788 11004
f 2341 2374 2450
f 2450 2379 2341
f 2752 2451 2342
f 2342 2654 2752
f 2469 2371 2343
f 2343 2418 2422
f 2343 2422 2469
f 2630 2505 2344
f 2344 2556 2630
f 2469 2422 2345
f 2345 2422 2471
f 2471 2435 2345
f 2510 2469 2345
f 11218 2510 2345
f 2346 2408 2621
f 2737 2610 2346
f 2346 2621 2737
f 2347 2411 2523
f 2811 2468 2348
f 2348 2511 2671
f 2348 2671 2811
f 2349 2466 2601
f 2349 2601 2701
f 2350 2414 10981
f 10981 2803 2350
f 2824 2561 2351
f 2351 2732 2824
f 2352 2387 2655
f 2352 2655 11906
f 2353 2412 2916
f 2599 2442 2353
f 2353 2442 11128
f 2916 2599 2353
f 2354 2545 2598
f 2354 2598 11548
f 2355 2474 2625
f 2356 2406 12134
f 2356 2413 11888
f 12134 2413 2356
f 2357 2358 2575
f 2574 2375 2357
f 2575 2574 2357
f 2358 2521 11209
f 11209 2575 2358
f 2359 2379 2586
f 11571 2558 2359
f 2359 2586 11652
f 11652 11571 2359
f 2858 2397 2360
f 2360 2716 2858
f 2744 2593 2361
f 2361 2694 2744
f 11194 2694 2361
f 2361 10561 11194
f 12019 2413 2362
f 2362 2413 12468
f 2362 2420 12019
f 12468 10653 2362
f 2488 2432 2363
f 2364 2439 2700
f 10923 2562 2364
f 2364 2700 10923
f 2365 2368 2540
f 2697 2483 2365
f 2365 2540 2721
f 2721 2697 2365
f 2673 2384 2366
f 2366 2572 2673
f 2367 2566 2645
f 2777 2566 2367
f 2367 2615 2777
f 2622 2540 2368
f 2756 2622 2368
f 2369 2550 2632
f 12640 2550 2369
f 2369 2632 11903
f 11903 11589 2369
f 2370 2443 11278
f 2710 2452 2370
f 11278 2710 2370
f 2469 2459 2371
f 2372 2420 2441
f 12019 2420 2372
f 2372 11888 12019
f 2506 2402 2373
f 2373 2457 2525
f 2525 2506 2373
f 2374 2434 2486
f 2482 2450 2374
f 2486 2482 2374
f 2534 2419 2375
f 2574 2534 2375
f 2376 2383 12309
f 12736 2448 2376
f 2376 12309 12736
f 2377 2448 12439
f 12439 2559 2377
f 2952 2941 2378
f 2378 2941 11340
f 2379 2450 2563
f 2379 2563 2586
f 2757 2579 2380
f 2380 2579 11510
f 12440 2757 2380
f 2380 11510 11601
f 2529 2393 2381
f 2381 2393 11580
f 2381 2495 2529
f 11580 10868 2381
f 2703 2496 2382
f 2382 2520 2703
f 2383 2437 11657
f 2383 11657 12309
f 2673 2606 2384
f 2541 2428 2385
f 2385 2504 2541
f 2386 2431 2846
f 2688 2521 2386
f 2846 2688 2386
f 2733 2655 2387
f 2387 2670 2733
f 11042 2670 2387
f 2388 2542 2739
f 2490 2485 2389
f 2389 2485 12211
f 2783 2392 2390
f 2390 2394 2741
f 2390 2741 2783
f 2641 2457 2391
f 2391 2629 2829
f 11354 2629 2391
f 2829 2641 2391
f 2814 2484 2392
f 2392 2783 2814
f 12641 11552 2393
f 2394 2477 2735
f 2394 2735 2741
f 2395 2452 2664
f 10560 2452 2395
f 2664 2565 2395
f 2587 2436 2396
f 2396 2558 2925
f 2925 2587 2396
f 2668 2449 2397
f 2875 2668 2397
f 2397 2858 2875
f 2398 2427 2555
f 10753 2427 2398
f 2555 2515 2398
f 2399 2503 2578
f 2578 2573 2399
f 2400 2491 3147
f 3120 2807 2400
f 3147 3120 2400
f 2401 2406 2458
f 12134 2406 2401
f 2401 2458 12344
f 12344 11035 2401
f 2401 11035 12468
f 12468 12134 2401
f 2458 2406 2402
f 2506 2458 2402
f 2494 2404 2403
f 2403 2430 2526
f 11585 2430 2403
f 2526 2494 2403
f 2404 2494 11924
f 2405 2493 2507
f 2405 2507 2514
f 2407 2472 2633
f 2409 2445 2642
f 12755 2445 2409
f 2642 2498 2409
f 2679 2437 2410
f 2410 2636 2679
f 11769 2636 2410
f 2411 2458 2506
f 12344 2458 2411
f 2411 2506 2523
f 2412 2845 2916
f 12019 11888 2413
f 2413 12134 12468
f 2414 2583 3333
f 2414 3333 10981
f 10881 2464 2415
f 2415 2557 2886
f 10843 2557 2415
f 2415 2886 10657
f 2415 10657 10881
f 2818 2479 2416
f 12776 2818 2416
f 2416 11793 12190
f 2416 12190 12776
f 2417 2549 2773
f 2773 2581 2417
f 2417 2581 10524
f 2417 10524 10919
f 2471 2422 2418
f 2418 2441 2471
f 2597 2461 2419
f 2419 2534 2618
f 2618 2597 2419
f 2420 2435 2441
f 2816 2640 2421
f 2421 2640 11595
f 12420 2816 2421
f 2421 10557 10859
f 11595 10557 2421
f 2421 10859 11027
f 2421 11027 12420
f 2789 2704 2423
f 2595 2446 2424
f 2424 2554 2604
f 11548 2554 2424
f 2604 2595 2424
f 2425 2543 2682
f 12749 2543 2425
f 2651 2572 2425
f 2682 2651 2425
f 3264 2583 2426
f 3506 3264 2426
f 2427 2462 2678
f 2678 2555 2427
f 2577 2522 2428
f 2428 2522 12352
f 2428 2541 2577
f 2429 2522 2543
f 12352 2522 2429
f 2429 2543 12749
f 2430 2487 2507
f 10985 2487 2430
f 2430 2507 2526
f 2431 2790 2846
f 10723 2790 2431
f 2432 2488 2580
f 2580 2510 2432
f 2432 2510 10652
f 2433 2626 2702
f 2812 2626 2433
f 11483 2812 2433
f 2434 2461 2486
f 2471 2441 2435
f 2663 2544 2436
f 2436 2587 2663
f 2437 2679 11657
f 2438 2449 2643
f 11725 2570 2438
f 2438 2643 11725
f 2754 2700 2439
f 2808 2754 2439
f 2782 2500 2440
f 2440 2562 2782
f 2442 2599 2694
f 2442 2694 11194
f 2443 2780 11965
f 11965 11278 2443
f 2653 2552 2444
f 2444 2552 11883
f 12418 2653 2444
f 2444 2656 12418
f 2445 2560 2669
f 12513 2560 2445
f 2669 2642 2445
f 12755 12513 2445
f 11233 2517 2446
f 2446 2595 2772
f 2446 2772 11233
f 2447 2465 2720
f 2720 2670 2447
f 2447 2670 11042
f 2448 2734 12439
f 12736 2734 2448
f 2668 2643 2449
f 2450 2482 2623
f 2637 2563 2450
f 2450 2623 2637
f 2766 2542 2451
f 2451 2752 2766
f 2709 2664 2452
f 2710 2709 2452
f 2453 2505 2666
f 2666 2582 2453
f 2453 2582 11165
f 2454 2537 3105
f 3105 2745 2454
f 2455 2600 2615
f 11089 11027 2456
f 2456 11027 11267
f 11172 11089 2456
f 11903 11172 2456
f 2456 11267 11589
f 2456 11589 11903
f 2749 2525 2457
f 2457 2641 2749
f 2459 2469 2580
f 2553 2490 2459
f 2580 2553 2459
f 2460 2470 2608
f 11343 2569 2460
f 2460 2608 2800
f 2460 2800 11343
f 2597 2486 2461
f 2462 2662 2678
f 2611 2478 2463
f 2463 2478 12190
f 2648 2611 2463
f 11793 11017 2463
f 12190 11793 2463
f 2990 2957 2464
f 2464 2957 10645
f 10881 2990 2464
f 10645 10617 2464
f 2465 2616 11509
f 11509 2720 2465
f 2799 2601 2466
f 2466 2628 2799
f 2791 2508 2467
f 2467 2551 2602
f 11637 2551 2467
f 2467 2602 2791
f 2468 2811 2884
f 2468 2884 12440
f 2469 2510 2580
f 2470 2593 2608
f 11250 2633 2472
f 2473 2539 3223
f 3170 2747 2473
f 2473 2747 11415
f 3372 3170 2473
f 2473 3223 3372
f 2708 2625 2474
f 2474 2658 2708
f 2475 2476 2872
f 2853 2614 2475
f 11613 2853 2475
f 2475 2872 11613
f 2942 2872 2476
f 2770 2735 2477
f 2819 2770 2477
f 10720 2819 2477
f 2478 2611 2769
f 2478 2769 11881
f 3082 2818 2478
f 2478 2818 12776
f 11881 3082 2478
f 12776 12190 2478
f 2731 2545 2479
f 2818 2731 2479
f 2480 2527 2765
f 2765 2756 2480
f 2481 2536 10785
f 12774 2536 2481
f 2481 2698 2743
f 12426 2698 2481
f 2481 2743 2827
f 2481 2827 12774
f 2481 10785 12426
f 2482 2486 2524
f 2482 2524 2531
f 2482 2531 2623
f 2697 2551 2483
f 2885 2714 2484
f 2484 2814 2885
f 2553 2488 2485
f 2485 2490 2553
f 2597 2524 2486
f 2514 2507 2487
f 2590 2514 2487
f 2487 2518 2590
f 10636 2518 2487
f 10985 10636 2487
f 2488 2553 2580
f 2489 2530 11064
f 11926 2530 2489
f 2489 11359 11926
f 12087 11359 2489
f 2491 2722 3147
f 3131 2594 2492
f 2492 2594 11077
f 11115 3131 2492
f 2492 10516 12258
f 12258 11115 2492
f 2526 2507 2493
f 11064 2526 2493
f 2494 2526 2530
f 2494 2530 11926
f 2494 2613 11924
f 11926 2613 2494
f 2656 2529 2495
f 2495 2620 2656
f 2703 2644 2496
f 2497 2569 10710
f 2948 2659 2497
f 10629 2948 2497
f 10710 10629 2497
f 11084 2567 2498
f 2498 2642 11084
f 2499 2614 2994
f 2994 2729 2499
f 2782 2636 2500
f 2500 2636 11769
f 2501 2515 2706
f 2501 2706 12054
f 2501 3087 11215
f 12054 3087 2501
f 11215 10778 2501
f 2502 2745 3680
f 2503 2532 2681
f 2681 2578 2503
f 2589 2541 2504
f 2692 2589 2504
f 2505 2630 2666
f 2646 2523 2506
f 2506 2525 2646
f 3066 2724 2508
f 2508 2791 10534
f 10534 3066 2508
f 2826 2513 2509
f 2509 2535 2634
f 2509 2634 2826
f 10920 10652 2510
f 11218 10920 2510
f 2511 2514 2590
f 2511 2590 2671
f 2889 2556 2512
f 2512 2610 2719
f 2512 2719 2889
f 2826 2789 2513
f 2515 2555 2706
f 3051 2520 2516
f 2516 2977 11689
f 11689 3051 2516
f 11101 10564 2517
f 11233 11101 2517
f 2635 2590 2518
f 2518 2624 2635
f 2518 10636 12010
f 2519 2665 3067
f 3111 2861 2519
f 2519 3067 3111
f 2961 2703 2520
f 3051 2961 2520
f 2521 2688 3038
f 2521 3038 11209
f 2738 2543 2522
f 2522 2577 2727
f 2522 2727 2738
f 12144 2584 2523
f 2523 2646 12144
f 2649 2531 2524
f 2524 2597 2667
f 2675 2649 2524
f 2524 2667 2675
f 2749 2646 2525
f 11064 2530 2526
f 2527 2686 2765
f 12099 2686 2527
f 2699 2532 2528
f 3192 2699 2528
f 2528 2746 3048
f 11906 2746 2528
f 2528 3048 3192
f 2649 2623 2531
f 2699 2681 2532
f 2758 2603 2533
f 2832 2758 2533
f 2533 2762 2832
f 2534 2574 12666
f 12666 2618 2534
f 2794 2634 2535
f 2713 2549 2536
f 2933 2713 2536
f 12774 2933 2536
f 2537 2711 3155
f 3155 3105 2537
f 2538 2607 2665
f 2539 2861 3223
f 2540 2622 2721
f 2617 2577 2541
f 2541 2589 2617
f 2766 2739 2542
f 2738 2682 2543
f 2663 2564 2544
f 2855 2598 2545
f 2545 2731 2855
f 2546 2702 3173
f 3173 3139 2546
f 2546 3139 11648
f 2546 11648 12561
f 2547 2625 2801
f 2548 2659 2951
f 2912 2695 2548
f 2951 2912 2548
f 2549 2713 2785
f 2785 2773 2549
f 2550 2568 2632
f 12640 2568 2550
f 2919 2602 2551
f 2551 2697 2919
f 2805 2624 2552
f 2552 2624 11883
f 2552 2653 2895
f 2895 2805 2552
f 2554 2598 2856
f 11548 2598 2554
f 2707 2604 2554
f 2931 2707 2554
f 2554 2856 2931
f 2555 2678 2706
f 3150 2630 2556
f 2556 2889 3150
f 2557 2573 11638
f 11638 2886 2557
f 3016 2925 2558
f 11571 3016 2558
f 2559 2596 12460
f 12660 2596 2559
f 2559 12439 12660
f 2944 2669 2560
f 2560 2768 3001
f 12513 2768 2560
f 3001 2944 2560
f 2561 2824 2943
f 3041 2782 2562
f 10923 3041 2562
f 2834 2586 2563
f 2563 2637 2822
f 2563 2822 2873
f 2873 2834 2563
f 2564 2663 2781
f 2781 2763 2564
f 2564 2763 2848
f 2565 2664 12428
f 11574 3015 2565
f 12428 11574 2565
f 3091 2645 2566
f 2566 2777 3263
f 3263 3091 2566
f 11084 2794 2567
f 11687 2632 2568
f 2568 2904 2913
f 2568 2913 11687
f 2568 12640 12790
f 11343 10710 2569
f 2806 2658 2570
f 2570 2797 2806
f 11725 2797 2570
f 2571 2576 2588
f 2595 2576 2571
f 2571 2588 2627
f 2660 2595 2571
f 2571 2627 2660
f 2572 2651 11315
f 11315 2673 2572
f 2573 2578 11915
f 11915 11638 2573
f 2574 2575 11757
f 2574 11757 12666
f 11209 2825 2575
f 2575 2825 11757
f 2696 2588 2576
f 2576 2595 2604
f 2576 2604 2707
f 2707 2696 2576
f 2577 2617 2727
f 2578 2681 11448
f 2578 11448 11915
f 11824 2716 2579
f 2579 2757 2946
f 2579 2946 11824
f 12100 2662 2581
f 2581 2773 2985
f 2581 2985 12100
f 2582 2666 3081
f 2582 3081 11854
f 12706 11165 2582
f 2582 11854 12706
f 2583 3264 3518
f 3518 3333 2583
f 2584 2728 11383
f 12144 2728 2584
f 11387 10800 2584
f 2584 11383 11387
f 2823 2609 2585
f 2585 2807 2964
f 2964 2823 2585
f 2586 2834 2955
f 2586 2955 11652
f 2928 2663 2587
f 2587 2925 3060
f 3060 2928 2587
f 2683 2627 2588
f 2696 2683 2588
f 2631 2617 2589
f 2691 2631 2589
f 2692 2691 2589
f 2590 2635 2671
f 12381 2592 2591
f 2591 2592 12670
f 12670 2605 2591
f 2591 2605 12800
f 2591 2639 2690
f 12800 2639 2591
f 2591 2690 12381
f 12381 2650 2592
f 2592 2650 12616
f 12616 2661 2592
f 2592 2661 12670
f 2744 2608 2593
f 3131 2966 2594
f 2594 2966 12463
f 11145 11077 2594
f 12463 11145 2594
f 2595 2660 2874
f 2874 2772 2595
f 2715 2687 2596
f 2596 2687 12460
f 12743 2715 2596
f 2596 12660 12743
f 2597 2618 2667
f 2598 2855 2856
f 2963 2694 2599
f 2599 2916 3127
f 3127 2963 2599
f 12502 2615 2600
f 2600 2870 3098
f 2600 3098 12502
f 2975 2701 2601
f 2601 2799 2975
f 3034 2791 2602
f 2602 2919 3037
f 3037 3034 2602
f 2603 2758 2849
f 12674 2647 2605
f 2605 2647 12800
f 2740 2705 2605
f 2605 2705 12412
f 12670 2740 2605
f 2605 12412 12674
f 2606 2673 12508
f 3080 2998 2606
f 2606 2998 11684
f 12508 3080 2606
f 2970 2665 2607
f 2607 2868 2970
f 2608 2744 11895
f 11895 2800 2608
f 2911 2793 2609
f 2609 2823 2911
f 2737 2719 2610
f 2611 2648 2769
f 2748 2621 2612
f 11804 2748 2612
f 11830 11804 2612
f 2736 2698 2613
f 2613 2698 11924
f 11359 2736 2613
f 11926 11359 2613
f 2614 2853 12695
f 12695 2994 2614
f 3096 2777 2615
f 12502 3096 2615
f 2616 2779 2910
f 2910 2809 2616
f 2616 2809 11509
f 2617 2631 2693
f 2617 2693 2760
f 2760 2727 2617
f 12666 2667 2618
f 2619 3032 3368
f 2619 3368 11073
f 2619 11073 11250
f 2619 11250 12433
f 11875 2656 2620
f 2620 2751 11875
f 2748 2737 2621
f 3071 2721 2622
f 2622 2756 2890
f 2622 2890 3071
f 2860 2637 2623
f 2623 2649 2996
f 2996 2860 2623
f 2840 2635 2624
f 2624 2805 2840
f 2625 2708 2867
f 2867 2801 2625
f 2863 2702 2626
f 2626 2812 3044
f 3044 2863 2626
f 2750 2660 2627
f 2627 2683 2813
f 2813 2750 2627
f 3052 2799 2628
f 2628 2844 3052
f 3010 2829 2629
f 11165 3010 2629
f 2976 2666 2630
f 3271 2976 2630
f 2630 3150 3271
f 2631 2691 2718
f 2718 2693 2631
f 2764 2725 2632
f 2632 2725 11903
f 11687 2764 2632
f 11864 2865 2633
f 2633 11250 11864
f 2634 2794 11023
f 3440 2826 2634
f 2634 3399 3440
f 11023 3399 2634
f 2840 2671 2635
f 2927 2679 2636
f 2636 2782 2927
f 2860 2822 2637
f 2638 2650 12357
f 12616 2650 2638
f 2817 2775 2638
f 2638 2775 12616
f 2838 2817 2638
f 12357 2838 2638
f 2639 2647 2796
f 12800 2647 2639
f 2847 2690 2639
f 2639 2796 2847
f 2862 2648 2640
f 2640 2648 11595
f 2640 2816 2862
f 2829 2749 2641
f 2642 2669 2742
f 2642 2742 11084
f 2643 2668 2854
f 2854 2797 2643
f 2643 2797 11725
f 2644 2703 2869
f 2810 2732 2644
f 2869 2810 2644
f 3091 2938 2645
f 2646 2749 2891
f 2646 2891 12144
f 2647 2676 2730
f 12674 2676 2647
f 2647 2730 2796
f 11947 2769 2648
f 2648 2862 11947
f 2649 2675 2836
f 2649 2836 3000
f 3000 2996 2649
f 11122 2792 2650
f 2650 2792 12357
f 12381 11122 2650
f 2651 2682 2804
f 2651 2804 11315
f 2652 2729 2995
f 2652 2995 3054
f 2652 3054 11307
f 2653 2831 3020
f 12418 2831 2653
f 2965 2895 2653
f 3020 2965 2653
f 2654 2714 3021
f 3021 2752 2654
f 2655 2733 12514
f 2753 2746 2655
f 2655 2746 11906
f 12514 2753 2655
f 2656 11875 12418
f 2657 2778 3229
f 3229 3138 2657
f 2843 2708 2658
f 2658 2806 2843
f 2659 2948 2951
f 2660 2750 2820
f 2660 2820 2874
f 2902 2740 2661
f 2661 2740 12670
f 2661 2775 2902
f 12616 2775 2661
f 3043 2678 2662
f 2662 3030 3043
f 12100 3030 2662
f 2928 2781 2663
f 2664 2709 2959
f 2664 2959 12428
f 2665 2970 3067
f 2666 2976 3081
f 12799 2675 2667
f 2667 12666 12799
f 2881 2854 2668
f 2668 2875 2881
f 2882 2742 2669
f 2944 2882 2669
f 2670 2720 2776
f 2776 2733 2670
f 2840 2811 2671
f 2972 2762 2672
f 3388 2972 2672
f 2672 3274 3388
f 11315 3118 2673
f 2673 3118 12508
f 3119 2711 2674
f 2674 2865 3119
f 2675 2771 2836
f 12799 2771 2675
f 2676 2726 2802
f 12412 2726 2676
f 2802 2730 2676
f 12674 12412 2676
f 2921 2680 2677
f 2677 2680 12589
f 2677 2684 2828
f 12589 2684 2677
f 2677 2828 2842
f 2677 2842 2954
f 2954 2921 2677
f 3043 2706 2678
f 2679 2927 3070
f 2679 3070 11657
f 2921 2780 2680
f 2681 2699 2947
f 2681 2947 11448
f 2682 2738 2761
f 2682 2761 2804
f 2683 2696 2864
f 3033 2813 2683
f 2683 2864 3033
f 2888 2828 2684
f 2685 2767 3454
f 3345 3274 2685
f 3454 3345 2685
f 2877 2765 2686
f 3053 2877 2686
f 2686 2966 3053
f 12463 2966 2686
f 2686 12099 12702
f 12702 12463 2686
f 2687 2715 2736
f 2687 2736 11359
f 2687 11359 12087
f 2688 2846 3268
f 3268 3038 2688
f 3266 2788 2689
f 2689 3008 3361
f 3361 3266 2689
f 2690 2847 11122
f 2690 11122 12381
f 2691 2692 2852
f 2939 2718 2691
f 2691 2852 11845
f 11845 2939 2691
f 10564 2852 2692
f 2693 2718 2821
f 2795 2760 2693
f 2821 2795 2693
f 2963 2744 2694
f 2695 2912 3025
f 3025 2977 2695
f 2696 2707 2934
f 2934 2864 2696
f 2697 2721 2950
f 2950 2919 2697
f 2698 2736 2743
f 12426 11924 2698
f 3046 2947 2699
f 3192 3046 2699
f 2700 2754 10814
f 10814 2949 2700
f 2700 2949 10923
f 2701 2975 3074
f 2701 3074 11561
f 2701 11561 12187
f 2702 2863 3102
f 2702 3102 3173
f 2961 2869 2703
f 2704 2789 3224
f 3249 2870 2704
f 2704 2870 10782
f 2704 3224 3249
f 2897 2726 2705
f 2705 2726 12412
f 2705 2740 2929
f 2929 2897 2705
f 2706 3043 3136
f 2706 3136 12054
f 2707 2931 2934
f 2708 2843 2915
f 2915 2867 2708
f 2709 2710 2926
f 2709 2926 2959
f 3323 2926 2710
f 11278 3323 2710
f 2711 3119 3155
f 2723 2717 2712
f 2712 2717 11806
f 11631 2723 2712
f 2712 2774 2830
f 11806 2774 2712
f 2712 2830 11631
f 2905 2785 2713
f 2933 2905 2713
f 2714 2885 3141
f 3141 3021 2714
f 2743 2736 2715
f 2784 2743 2715
f 12743 2784 2715
f 3226 2858 2716
f 11827 3226 2716
f 2716 11824 11827
f 2717 2723 2759
f 2786 2755 2717
f 2717 2755 11806
f 2717 2759 2786
f 2906 2821 2718
f 2939 2906 2718
f 2719 2737 2982
f 2982 2889 2719
f 12117 2776 2720
f 2720 11509 12117
f 3071 2950 2721
f 2722 3138 3169
f 3169 3147 2722
f 2932 2759 2723
f 2967 2932 2723
f 10824 2967 2723
f 11631 10824 2723
f 11284 2778 2724
f 2724 3066 11284
f 2725 2764 10950
f 2725 2983 7887
f 10950 2983 2725
f 2725 7887 11903
f 2918 2802 2726
f 2726 2897 2918
f 2760 2738 2727
f 3012 2812 2728
f 2728 2812 11383
f 2728 2891 3012
f 12144 2891 2728
f 2729 2994 2995
f 2866 2796 2730
f 2730 2802 2851
f 2730 2851 2866
f 2731 2818 2987
f 3151 2855 2731
f 2731 2987 3151
f 2732 2810 3234
f 3234 2824 2732
f 2733 2776 2833
f 2733 2833 12514
f 10878 2909 2734
f 2734 2909 12660
f 2734 2924 10878
f 12736 2924 2734
f 12660 12439 2734
f 3064 2741 2735
f 2735 2770 3340
f 11210 3064 2735
f 2735 3340 11210
f 2737 2748 2945
f 2737 2945 2982
f 2738 2760 2761
f 2739 2766 2962
f 2962 2768 2739
f 2739 2768 12513
f 2740 2902 2992
f 2992 2929 2740
f 3064 2783 2741
f 2742 2882 3108
f 2742 3108 11084
f 2743 2784 2827
f 2744 2963 3047
f 2744 3047 11895
f 2745 3105 3680
f 2746 2753 2871
f 2746 2871 3048
f 2747 3170 3236
f 2747 3236 12258
f 2747 10516 11415
f 12258 10516 2747
f 2748 2857 3110
f 11804 2857 2748
f 3110 2945 2748
f 2749 2829 2891
f 2750 2813 2815
f 2750 2815 2859
f 2859 2820 2750
f 3084 2937 2751
f 2751 2937 11875
f 12187 3084 2751
f 2751 10741 12187
f 3347 2766 2752
f 2752 3021 3347
f 2753 2833 2893
f 12514 2833 2753
f 3107 2871 2753
f 2753 2893 3107
f 2754 2808 2980
f 2754 2980 3005
f 2754 3005 10814
f 2755 2786 3009
f 2883 2837 2755
f 2755 2837 11820
f 3009 2883 2755
f 11820 11806 2755
f 2756 2765 2839
f 2756 2839 2953
f 2953 2890 2756
f 2988 2946 2757
f 12440 2988 2757
f 2758 2832 3235
f 3177 2849 2758
f 3235 3177 2758
f 2903 2786 2759
f 11502 2903 2759
f 2759 2932 11502
f 2850 2761 2760
f 2760 2795 2850
f 2850 2804 2761
f 3134 2832 2762
f 2762 2972 3134
f 2763 2781 3097
f 12610 2848 2763
f 2763 3097 12610
f 2764 2898 10950
f 11687 2898 2764
f 2969 2839 2765
f 2765 2877 2969
f 10686 2962 2766
f 2766 3347 10686
f 2767 2940 3494
f 3587 3454 2767
f 2767 3494 3587
f 2768 2962 3001
f 2769 3092 11881
f 11947 3092 2769
f 2770 2819 3195
f 2770 3195 3340
f 12039 2836 2771
f 2771 2876 12039
f 12666 2876 2771
f 12799 12666 2771
f 2772 2874 2973
f 2772 2973 11233
f 2773 2785 2920
f 2773 2920 2985
f 2930 2830 2774
f 2774 2837 2930
f 11820 2837 2774
f 2774 11806 11820
f 2775 2817 11814
f 3132 2902 2775
f 11814 3132 2775
f 12240 2833 2776
f 2776 12117 12240
f 2777 3096 3216
f 2777 3216 3263
f 3423 3229 2778
f 3525 3423 2778
f 11284 3525 2778
f 2779 2787 2991
f 2974 2910 2779
f 2991 2974 2779
f 2780 2921 3004
f 2780 3004 11965
f 2781 2928 3284
f 3265 3097 2781
f 3284 3265 2781
f 3041 2927 2782
f 3090 2814 2783
f 2783 3064 3302
f 3302 3090 2783
f 12794 2827 2784
f 12743 2909 2784
f 2784 2909 12759
f 2784 12759 12794
f 2785 2905 3017
f 3014 2920 2785
f 3017 3014 2785
f 2786 2903 3078
f 3078 3009 2786
f 2787 2958 3171
f 3171 2991 2787
f 3266 2857 2788
f 2788 2857 11830
f 11830 11004 2788
f 2789 2826 3440
f 3387 3224 2789
f 3440 3387 2789
f 2790 2841 3358
f 3258 2846 2790
f 3358 3258 2790
f 2791 3034 12750
f 2791 3124 10534
f 12750 3124 2791
f 2792 2879 2880
f 11122 2879 2792
f 2792 2880 12220
f 2792 12220 12357
f 2968 2894 2793
f 2793 2894 11597
f 2793 2911 2968
f 2794 3108 3117
f 11084 3108 2794
f 2794 3117 11023
f 2795 2821 2907
f 2907 2850 2795
f 2956 2847 2796
f 2796 2866 2956
f 2971 2806 2797
f 2797 2854 2971
f 11763 2848 2798
f 2798 2848 12610
f 3206 3032 2798
f 2798 3203 3206
f 12610 3203 2798
f 12110 2975 2799
f 2799 3052 3185
f 2799 3185 12110
f 11490 11343 2800
f 11895 11490 2800
f 2801 2867 3013
f 3013 2868 2801
f 12664 2851 2802
f 2802 2918 12775
f 12775 12664 2802
f 3358 2841 2803
f 2803 3333 3443
f 10981 3333 2803
f 3443 3358 2803
f 2804 2850 12510
f 12510 11315 2804
f 2805 2811 2840
f 2917 2811 2805
f 2805 2895 2917
f 3077 2843 2806
f 2806 2971 3077
f 3161 2964 2807
f 2807 3120 3161
f 2998 2980 2808
f 11684 2998 2808
f 2893 2833 2809
f 2809 2833 12240
f 3031 2893 2809
f 2809 2910 3031
f 12117 11509 2809
f 12240 12117 2809
f 2810 2869 3089
f 2810 3089 12427
f 2810 3189 3234
f 12427 3189 2810
f 2917 2884 2811
f 2812 3012 3044
f 11483 11383 2812
f 3002 2815 2813
f 3033 3002 2813
f 3282 2885 2814
f 2814 3090 3282
f 12405 2859 2815
f 2815 3002 12405
f 12079 2862 2816
f 2816 2901 3022
f 12420 2901 2816
f 2816 3022 12079
f 2817 2838 3018
f 2817 3018 3290
f 2817 3290 11814
f 3059 2987 2818
f 3082 3059 2818
f 2819 3101 3195
f 11215 3101 2819
f 2819 10720 10778
f 2819 10778 11215
f 2820 2859 3007
f 3007 2874 2820
f 2821 2906 2907
f 2822 2860 2892
f 2892 2873 2822
f 3011 2911 2823
f 2823 2964 3011
f 3069 2943 2824
f 3234 3069 2824
f 11209 3207 2825
f 2825 3207 12032
f 3426 3225 2825
f 2825 3225 11757
f 12032 3426 2825
f 12794 12774 2827
f 2878 2842 2828
f 2900 2878 2828
f 2828 2888 2900
f 3003 2891 2829
f 3068 3003 2829
f 2829 3010 3068
f 2880 2879 2830
f 2830 2879 11631
f 2896 2880 2830
f 2930 2896 2830
f 2831 2937 3020
f 11875 2937 2831
f 12418 11875 2831
f 2832 3134 3235
f 2834 2873 2960
f 2960 2955 2834
f 2835 2899 2935
f 12309 2899 2835
f 2936 2924 2835
f 2835 2924 12736
f 2835 2935 2936
f 12736 12309 2835
f 3112 3000 2836
f 12039 3112 2836
f 2837 2883 3129
f 3144 2930 2837
f 2837 3129 3144
f 2838 2997 3018
f 12220 2997 2838
f 12357 12220 2838
f 12735 2953 2839
f 2839 2969 12735
f 2842 2878 2923
f 2842 2923 2954
f 3028 2915 2843
f 3077 3028 2843
f 3162 3052 2844
f 10655 3162 2844
f 2844 10645 10840
f 10840 10655 2844
f 3239 2916 2845
f 2845 3015 3181
f 2845 3181 3239
f 2846 3258 3268
f 2956 2914 2847
f 2847 2914 11122
f 3468 2958 2849
f 2849 3177 3468
f 2850 2907 3187
f 2850 3187 12510
f 10566 2866 2851
f 2851 3035 10566
f 12664 3035 2851
f 10564 2887 2852
f 2852 2887 10758
f 2852 10758 11845
f 11790 3076 2853
f 2853 3076 12695
f 2853 11613 11790
f 2854 2881 3039
f 3039 2971 2854
f 3209 2856 2855
f 2855 3151 3209
f 3149 2931 2856
f 3209 3149 2856
f 3477 3110 2857
f 2857 3266 3477
f 2857 11804 11830
f 3230 2875 2858
f 2858 3226 3452
f 3452 3230 2858
f 3154 3007 2859
f 2859 3027 11780
f 12405 3027 2859
f 11780 3154 2859
f 2923 2892 2860
f 2979 2923 2860
f 2996 2979 2860
f 2861 3111 3362
f 3362 3223 2861
f 12079 11501 2862
f 2862 11501 12229
f 12229 11947 2862
f 2863 3044 3102
f 2864 2934 3193
f 11922 3033 2864
f 2864 3193 11922
f 10989 3119 2865
f 11864 10989 2865
f 11398 2956 2866
f 10566 3175 2866
f 2866 3175 11398
f 2867 2915 3013
f 3100 2970 2868
f 2868 3013 3100
f 2869 2961 3089
f 3249 3098 2870
f 10799 3048 2871
f 2871 3107 10799
f 2872 2942 3157
f 2872 3157 11613
f 2873 2892 2908
f 2873 2908 2960
f 3007 2973 2874
f 3230 2881 2875
f 3225 3159 2876
f 2876 3159 12039
f 11757 3225 2876
f 12666 11757 2876
f 3053 2969 2877
f 2908 2892 2878
f 2878 2892 2923
f 2878 2900 2908
f 11122 2914 2879
f 2879 2914 11631
f 2880 2896 2997
f 2880 2997 12220
f 3230 3039 2881
f 2882 2944 3023
f 2882 3023 3099
f 2882 3099 3108
f 2883 3009 12543
f 3172 3129 2883
f 12543 3172 2883
f 2884 2917 11773
f 2884 11773 12440
f 3282 3141 2885
f 11638 3024 2886
f 2886 3024 11880
f 12182 10657 2886
f 2886 11880 12182
f 2887 10564 11101
f 2887 10711 10758
f 10922 10711 2887
f 11212 10922 2887
f 2887 11101 11212
f 3121 2900 2888
f 2888 3075 3121
f 2889 2982 11216
f 3300 3150 2889
f 11216 3300 2889
f 2890 2953 3071
f 2891 3003 3012
f 2893 3031 3107
f 3049 2942 2894
f 2894 2942 11597
f 2894 2968 3062
f 3062 3049 2894
f 11796 2917 2895
f 2895 2965 2988
f 2895 2988 11796
f 2896 2930 3063
f 12053 2997 2896
f 2896 3063 12053
f 11341 2918 2897
f 2897 2929 3184
f 2897 3184 3315
f 2897 3315 11341
f 2898 2913 10543
f 11687 2913 2898
f 2898 10543 10950
f 3050 2935 2899
f 3070 3050 2899
f 11657 3070 2899
f 12309 11657 2899
f 3156 2908 2900
f 2900 3121 3156
f 2984 2981 2901
f 2901 2981 3022
f 11089 2984 2901
f 2901 11027 11089
f 12420 11027 2901
f 3256 2992 2902
f 2902 3132 3256
f 11647 3078 2903
f 11005 3291 2903
f 2903 3291 11647
f 11502 11005 2903
f 3317 2913 2904
f 11347 3317 2904
f 2905 2933 3201
f 3201 3017 2905
f 3058 2907 2906
f 2906 2939 12049
f 12049 3058 2906
f 2907 3058 3208
f 3208 3187 2907
f 3057 2960 2908
f 3156 3057 2908
f 2909 10878 10945
f 2909 10945 12759
f 12743 12660 2909
f 2910 2974 3031
f 3072 2968 2911
f 2911 3011 3072
f 2912 2951 3371
f 3270 3025 2912
f 3371 3270 2912
f 2913 3317 10942
f 11019 10543 2913
f 2913 10942 11019
f 2914 2956 2978
f 2914 2978 10824
f 2914 10824 11631
f 3086 3013 2915
f 2915 3028 3086
f 3401 3127 2916
f 2916 3239 3401
f 11796 11773 2917
f 2918 11341 12775
f 2919 2950 3093
f 3093 3037 2919
f 3079 2985 2920
f 2920 3014 3152
f 3152 3079 2920
f 2921 2954 12639
f 3040 3004 2921
f 12639 3040 2921
f 3447 3008 2922
f 2922 3116 3435
f 10849 3116 2922
f 2922 3435 10650
f 10650 3447 2922
f 2979 2954 2923
f 2924 2936 3036
f 3036 3006 2924
f 2924 3006 10878
f 2925 3016 10867
f 10867 3060 2925
f 3085 2959 2926
f 11151 3085 2926
f 2926 3323 11151
f 2927 3041 3070
f 2928 3060 3284
f 2929 2992 3184
f 3144 3063 2930
f 3240 2934 2931
f 2931 3149 3240
f 2932 2967 3135
f 2932 3135 11005
f 2932 11005 11502
f 2933 3200 3201
f 12794 3200 2933
f 2933 12774 12794
f 3240 3193 2934
f 2999 2936 2935
f 10734 2999 2935
f 2935 3050 10734
f 2999 2989 2936
f 2936 2989 3036
f 3178 3020 2937
f 2937 3084 3178
f 3091 2993 2938
f 2939 11845 12499
f 12499 12049 2939
f 2940 2941 3489
f 2940 3489 10649
f 10649 3494 2940
f 2941 2952 3489
f 2942 3049 3157
f 2943 3069 3211
f 2944 3001 11566
f 11665 3023 2944
f 2944 11566 11665
f 3416 2982 2945
f 2945 3110 3416
f 2946 2988 3109
f 2946 3109 11824
f 2947 3046 3344
f 3344 3280 2947
f 2947 3280 11448
f 3767 2951 2948
f 2948 3476 3767
f 10629 3476 2948
f 3122 3041 2949
f 2949 3041 10923
f 10845 3122 2949
f 2949 10814 10845
f 2950 3071 3255
f 3255 3093 2950
f 3767 3371 2951
f 2952 2993 3228
f 2952 3228 3489
f 3191 3071 2953
f 2953 3073 3191
f 12735 3073 2953
f 2954 2979 12639
f 2955 2960 3057
f 3146 3016 2955
f 2955 3016 11571
f 2955 3057 3146
f 2955 11571 11652
f 3113 2978 2956
f 11398 3113 2956
f 2957 2990 3238
f 2957 3238 3418
f 2957 3418 10655
f 10840 10645 2957
f 2957 10655 10840
f 3498 3171 2958
f 2958 3468 3498
f 3218 2986 2959
f 2959 2986 12428
f 2959 3085 3218
f 2961 3051 3180
f 3180 3089 2961
f 3126 3001 2962
f 10686 3126 2962
f 3417 3047 2963
f 2963 3127 3325
f 2963 3325 3417
f 3167 3011 2964
f 2964 3161 3182
f 3182 3167 2964
f 3164 2988 2965
f 2965 3020 11745
f 11745 3164 2965
f 3160 3053 2966
f 2966 3131 3227
f 3227 3160 2966
f 2967 2978 3113
f 10824 2978 2967
f 2967 3113 3273
f 3273 3135 2967
f 3072 3062 2968
f 2969 3053 10523
f 2969 10523 12735
f 3495 3067 2970
f 2970 3100 3331
f 2970 3331 3495
f 2971 3039 3176
f 3262 3077 2971
f 2971 3176 3262
f 3902 3134 2972
f 2972 3388 3723
f 2972 3723 3899
f 2972 3899 3902
f 2973 3007 3088
f 2973 3088 11233
f 2974 2991 11140
f 3354 3031 2974
f 11140 3354 2974
f 3341 3074 2975
f 12110 3341 2975
f 3222 3081 2976
f 3289 3222 2976
f 2976 3271 3289
f 2977 3025 11689
f 2979 2996 3040
f 2979 3040 12639
f 2980 2998 3158
f 3061 3005 2980
f 3158 3061 2980
f 2981 2984 3194
f 3194 3022 2981
f 2982 3416 11216
f 10717 7887 2983
f 10543 9022 2983
f 2983 9022 10806
f 10950 10543 2983
f 10806 10717 2983
f 3243 3194 2984
f 12766 3243 2984
f 2984 11089 12766
f 2985 3079 10583
f 2985 10583 12681
f 12681 12100 2985
f 2986 3218 3231
f 2986 3231 11574
f 2986 11574 12428
f 2987 3059 3281
f 3281 3151 2987
f 3164 3109 2988
f 2988 11773 11796
f 12440 11773 2988
f 2989 2999 12284
f 10661 3036 2989
f 10718 10661 2989
f 12284 10718 2989
f 2990 3205 3238
f 11975 3205 2990
f 2990 10881 11975
f 2991 3171 11140
f 11160 3184 2992
f 2992 3256 3421
f 2992 3421 11160
f 2993 3091 3451
f 3451 3228 2993
f 3083 2995 2994
f 3137 3083 2994
f 12695 3137 2994
f 3103 3054 2995
f 2995 3083 3103
f 2996 3000 3094
f 3094 3040 2996
f 3106 3018 2997
f 3125 3106 2997
f 12053 3125 2997
f 2998 3080 3158
f 2999 3061 3115
f 10734 3061 2999
f 2999 3115 12284
f 3112 3094 3000
f 3001 3126 11566
f 3002 3033 3196
f 3002 3196 11051
f 3002 11051 12405
f 3130 3012 3003
f 3003 3068 3130
f 3004 3040 11682
f 3183 3166 3004
f 3004 3166 11965
f 11682 3183 3004
f 3005 3061 10845
f 10845 10814 3005
f 3006 3036 11640
f 3006 3104 10945
f 11640 3104 3006
f 10945 10878 3006
f 3154 3088 3007
f 3447 3361 3008
f 3009 3078 12172
f 3009 12172 12543
f 12203 3068 3010
f 3010 11165 12706
f 12706 12203 3010
f 3167 3072 3011
f 3130 3044 3012
f 3013 3086 3165
f 3165 3100 3013
f 3014 3017 3145
f 3014 3145 3152
f 3352 3181 3015
f 3015 3212 3352
f 11574 3212 3015
f 3016 3146 3294
f 3016 3294 10867
f 3217 3145 3017
f 3017 3201 3217
f 3018 3106 3140
f 3018 3140 3290
f 3211 3202 3019
f 3019 3202 12074
f 10627 3211 3019
f 3020 3178 11745
f 3021 3141 3642
f 3642 3347 3021
f 3022 3194 3301
f 3022 3301 10910
f 3022 10910 11501
f 3022 11501 12079
f 11882 3099 3023
f 3023 11665 11882
f 3024 3123 3163
f 11915 3123 3024
f 3024 3163 11880
f 3024 11638 11915
f 3025 3270 3479
f 3025 3479 11689
f 3026 3042 11312
f 12499 3042 3026
f 11312 3251 3026
f 3026 3251 12316
f 12316 12049 3026
f 3026 12049 12499
f 3027 3128 11780
f 12680 3128 3027
f 12405 3186 3027
f 3027 3186 12680
f 3028 3077 3210
f 3199 3086 3028
f 3210 3199 3028
f 3334 3205 3029
f 3029 3205 11975
f 12269 3334 3029
f 11975 10657 3029
f 3029 10657 12182
f 3029 12182 12269
f 3136 3043 3030
f 3288 3136 3030
f 12058 3288 3030
f 12100 12058 3030
f 10576 3107 3031
f 3031 3354 10576
f 3032 3206 3338
f 3032 3338 3368
f 11922 3196 3033
f 3034 3037 3247
f 3034 3247 3303
f 3034 3303 12750
f 3035 3114 3197
f 12664 3114 3035
f 3197 3175 3035
f 3035 3175 10566
f 3036 10661 11640
f 3037 3093 12682
f 12682 3247 3037
f 3268 3207 3038
f 3038 3207 11209
f 3204 3176 3039
f 3230 3204 3039
f 3040 3094 11682
f 3122 3070 3041
f 12499 3153 3042
f 3042 3153 12504
f 3042 3386 11312
f 12504 3386 3042
f 3329 3102 3044
f 3044 3130 3329
f 3376 3075 3045
f 3045 3139 3376
f 11648 3139 3045
f 3045 11537 11648
f 3046 3192 3344
f 11288 3056 3047
f 3047 3056 11490
f 3047 3417 11288
f 3047 11490 11895
f 3509 3192 3048
f 10799 3509 3048
f 3049 3062 3174
f 3174 3157 3049
f 3050 3070 3122
f 3050 3122 10845
f 10845 10734 3050
f 3324 3180 3051
f 11689 3324 3051
f 3052 3162 3299
f 3299 3185 3052
f 3053 3160 12261
f 12261 10523 3053
f 3054 3103 3250
f 3250 3168 3054
f 3054 3168 11307
f 3337 3179 3055
f 3055 3179 11172
f 3373 3337 3055
f 12526 3373 3055
f 3055 7887 10717
f 11172 7887 3055
f 3055 10717 12526
f 3056 3534 10651
f 11288 3534 3056
f 10651 10629 3056
f 3056 10629 10710
f 3056 10710 11490
f 11335 3146 3057
f 3057 3156 11335
f 12078 3208 3058
f 3058 12049 12316
f 12705 12078 3058
f 3058 12316 12705
f 3059 3082 3219
f 3059 3219 3281
f 11114 3284 3060
f 10867 3513 3060
f 3060 3513 11114
f 3158 3115 3061
f 3061 10734 10845
f 3062 3072 3188
f 3188 3174 3062
f 3063 3144 3308
f 3063 3308 3473
f 3063 3473 11870
f 3063 11870 12053
f 3520 3302 3064
f 11210 3520 3064
f 12273 3073 3065
f 3065 3073 12735
f 11673 3434 3065
f 3065 3434 12273
f 3065 10523 11673
f 12735 10523 3065
f 3567 3525 3066
f 3066 3525 11284
f 10514 3567 3066
f 10534 10514 3066
f 3638 3111 3067
f 3067 3495 11437
f 3668 3638 3067
f 11437 3668 3067
f 3248 3130 3068
f 12203 3248 3068
f 3379 3211 3069
f 3069 3234 3319
f 3069 3319 3379
f 3071 3191 3255
f 3072 3167 3188
f 3486 3191 3073
f 12273 3486 3073
f 3542 3260 3074
f 3074 3260 11561
f 3074 3341 12359
f 12359 3542 3074
f 3376 3121 3075
f 3190 3137 3076
f 3076 3137 12695
f 3322 3190 3076
f 12338 3322 3076
f 3076 11790 12338
f 3262 3210 3077
f 11647 3446 3078
f 3078 3446 12172
f 3079 3152 10850
f 10850 10583 3079
f 3278 3158 3080
f 3080 3213 3278
f 12508 3213 3080
f 3081 3222 3339
f 3081 3339 11854
f 3241 3219 3082
f 11881 3241 3082
f 10857 3103 3083
f 3083 3137 10857
f 3260 3178 3084
f 11561 3260 3084
f 12187 11561 3084
f 3350 3218 3085
f 11053 3350 3085
f 11151 11053 3085
f 3199 3165 3086
f 3087 3101 11215
f 12073 3101 3087
f 3087 3298 11989
f 12054 3298 3087
f 3087 11989 12073
f 3088 3154 3215
f 3088 3215 11212
f 11212 11101 3088
f 3088 11101 11233
f 3089 3180 3419
f 3419 3336 3089
f 3089 3336 12427
f 3363 3282 3090
f 3090 3302 3363
f 3091 3263 3521
f 3521 3451 3091
f 3442 3241 3092
f 3092 3241 11881
f 3564 3442 3092
f 12229 3564 3092
f 3092 11947 12229
f 3093 3255 12349
f 3093 12349 12682
f 3094 3112 3198
f 3094 3198 11682
f 3612 3556 3095
f 3095 3556 10989
f 12076 3612 3095
f 3095 10989 11864
f 11250 11073 3095
f 3095 11073 12076
f 11864 11250 3095
f 3460 3216 3096
f 3096 3279 3460
f 12502 3279 3096
f 3265 3203 3097
f 3097 3203 12610
f 3098 3249 3528
f 3355 3279 3098
f 3098 3279 12502
f 3528 3355 3098
f 3252 3108 3099
f 3385 3252 3099
f 11882 3385 3099
f 3100 3165 3331
f 11484 3195 3101
f 3101 3396 11484
f 12073 3396 3101
f 3463 3173 3102
f 3102 3329 3784
f 3634 3463 3102
f 3784 3634 3102
f 3295 3250 3103
f 10857 3295 3103
f 10705 3200 3104
f 3104 3200 12794
f 11640 10705 3104
f 12759 10945 3104
f 12794 12759 3104
f 3105 3155 3652
f 3105 3652 3680
f 3106 3125 3237
f 3237 3140 3106
f 3107 10576 10799
f 3252 3117 3108
f 3109 3164 3242
f 3389 3226 3109
f 3109 3226 11827
f 3109 3242 3389
f 11827 11824 3109
f 3477 3416 3110
f 3638 3362 3111
f 3112 3159 3330
f 12039 3159 3112
f 3330 3198 3112
f 3113 3175 3292
f 11398 3175 3113
f 3292 3273 3113
f 3114 3142 3313
f 12775 3142 3114
f 3313 3197 3114
f 3114 12664 12775
f 3115 3158 3221
f 3115 3221 12284
f 3116 3168 3435
f 11307 3168 3116
f 3117 3252 3314
f 3117 3314 11023
f 3269 3213 3118
f 3118 3213 12508
f 3118 3246 3269
f 11315 3246 3118
f 3514 3155 3119
f 11308 3514 3119
f 3119 10989 11308
f 3120 3147 3427
f 3286 3161 3120
f 3427 3286 3120
f 11106 3156 3121
f 3121 3376 3469
f 3121 3469 11106
f 3280 3163 3123
f 11448 3280 3123
f 11915 11448 3123
f 3124 3303 3406
f 12750 3303 3124
f 3124 3406 3470
f 3124 3470 10514
f 3124 10514 10534
f 3328 3237 3125
f 3125 3304 3328
f 11870 3304 3125
f 12053 11870 3125
f 3126 10686 12372
f 12372 11566 3126
f 3619 3325 3127
f 3127 3401 3619
f 3382 3275 3128
f 3128 3275 11780
f 3128 3285 3382
f 12680 3285 3128
f 3277 3144 3129
f 3129 3172 12413
f 3395 3277 3129
f 12413 3395 3129
f 3130 3248 3439
f 3439 3329 3130
f 10522 3227 3131
f 11115 10522 3131
f 3346 3256 3132
f 11814 3346 3132
f 3133 3220 3310
f 10661 3220 3133
f 3310 3253 3133
f 3133 3253 10705
f 11640 10661 3133
f 3133 10705 11640
f 3549 3235 3134
f 3902 3549 3134
f 3296 3259 3135
f 3135 3259 11005
f 3135 3273 3296
f 3136 3288 3298
f 3136 3298 12054
f 3137 3190 10857
f 3497 3169 3138
f 3138 3229 3497
f 3139 3173 3461
f 3487 3376 3139
f 3139 3461 3487
f 3140 3237 3307
f 3307 3290 3140
f 3141 3282 3458
f 3141 3458 3642
f 3370 3313 3142
f 3142 3320 3370
f 11341 3320 3142
f 12775 11341 3142
f 3404 3248 3143
f 3143 3248 12203
f 3582 3404 3143
f 11854 3582 3143
f 12706 11854 3143
f 3143 12203 12706
f 3144 3277 3410
f 3410 3308 3144
f 10550 3152 3145
f 3145 3217 3343
f 3145 3343 10550
f 3393 3294 3146
f 11335 3393 3146
f 3147 3169 3427
f 3148 3163 3309
f 11880 3163 3148
f 3309 3232 3148
f 3148 3232 12269
f 12269 11880 3148
f 3149 3209 3392
f 3392 3240 3149
f 3482 3271 3150
f 3150 3300 3482
f 12629 3209 3151
f 3151 3281 12629
f 3152 10550 10783
f 3152 10783 10850
f 11845 10758 3153
f 3153 10758 12504
f 12499 11845 3153
f 3275 3215 3154
f 11780 3275 3154
f 3155 3514 3706
f 3706 3652 3155
f 3156 11106 11578
f 11578 11335 3156
f 3157 3174 3244
f 3293 3214 3157
f 3157 3214 11613
f 3157 3244 3293
f 3257 3221 3158
f 3278 3257 3158
f 3159 3225 3272
f 3159 3272 3330
f 3160 3227 3261
f 3160 3261 12261
f 3267 3182 3161
f 3286 3267 3161
f 3391 3299 3162
f 10655 3391 3162
f 3163 3280 3309
f 11745 3242 3164
f 3165 3199 3360
f 3360 3331 3165
f 3166 3183 3364
f 3478 3323 3166
f 3166 3323 11278
f 3166 3364 3478
f 3166 11278 11965
f 3167 3182 3316
f 3316 3188 3167
f 3168 3250 3429
f 3429 3411 3168
f 3168 3411 3435
f 3590 3427 3169
f 3169 3497 3805
f 11095 3590 3169
f 3169 3805 11095
f 11797 3236 3170
f 3170 3372 10812
f 3170 10812 11797
f 3171 3498 3770
f 3770 3690 3171
f 3171 3690 11140
f 3172 3245 11890
f 12543 3245 3172
f 3172 11890 12413
f 3463 3461 3173
f 3174 3188 12657
f 12657 3244 3174
f 3175 3197 3384
f 3384 3292 3175
f 3176 3204 3318
f 3318 3262 3176
f 3177 3235 3502
f 3502 3468 3177
f 3178 3260 3311
f 3178 3311 3357
f 3178 3357 11745
f 3283 3243 3179
f 3179 3243 12766
f 3337 3283 3179
f 3179 11089 11172
f 12766 11089 3179
f 3180 3324 3413
f 3180 3413 3419
f 3624 3239 3181
f 3181 3352 3624
f 3182 3267 3316
f 3183 3198 3348
f 11682 3198 3183
f 3183 3348 3364
f 3374 3315 3184
f 11160 3374 3184
f 3185 3299 10681
f 3537 3341 3185
f 3185 3341 12110
f 10681 3537 3185
f 3332 3297 3186
f 3186 3297 12680
f 3186 3327 3332
f 11051 3327 3186
f 12405 11051 3186
f 3187 3208 12481
f 3356 3246 3187
f 3187 3246 12510
f 12481 3356 3187
f 3188 3316 12657
f 3428 3234 3189
f 3189 3336 3394
f 12427 3336 3189
f 3189 3394 3428
f 3322 3233 3190
f 3190 3233 10857
f 3420 3255 3191
f 3486 3420 3191
f 3509 3344 3192
f 3425 3196 3193
f 3193 3196 11922
f 3193 3240 3670
f 3779 3425 3193
f 3193 3670 3779
f 3194 3243 3312
f 3312 3301 3194
f 3431 3340 3195
f 11484 3431 3195
f 3425 3366 3196
f 3196 3366 11051
f 3197 3313 3384
f 3198 3330 3348
f 3199 3210 3351
f 3199 3351 3360
f 3253 3201 3200
f 10705 3253 3200
f 3365 3217 3201
f 3201 3253 3365
f 3202 3211 3548
f 3623 3317 3202
f 3202 3317 11347
f 3202 3548 3692
f 3641 3623 3202
f 3692 3641 3202
f 3202 11347 12074
f 3305 3206 3203
f 3203 3265 3305
f 3204 3230 11685
f 11685 3318 3204
f 3335 3238 3205
f 3205 3334 3335
f 3206 3305 3491
f 3491 3338 3206
f 3207 3268 3466
f 3207 3466 12032
f 12078 3462 3208
f 3208 3462 12481
f 3209 3342 3392
f 12629 3342 3209
f 3210 3262 3351
f 3211 3379 3548
f 3212 3231 3474
f 11574 3231 3212
f 3474 3352 3212
f 3213 3269 3430
f 3519 3278 3213
f 3213 3430 3519
f 3359 3276 3214
f 3214 3276 12338
f 3214 3293 3359
f 11790 11613 3214
f 12338 11790 3214
f 3215 3275 3349
f 3215 3349 11212
f 3529 3263 3216
f 3216 3460 3529
f 3365 3343 3217
f 3457 3231 3218
f 3218 3350 3457
f 3219 3241 3444
f 3533 3281 3219
f 3219 3444 3533
f 3220 3221 3306
f 12284 3221 3220
f 3220 3306 3433
f 3433 3310 3220
f 3220 10661 10718
f 3220 10718 12284
f 3221 3257 3432
f 3432 3306 3221
f 3222 3289 3484
f 3484 3339 3222
f 3223 3362 3372
f 3750 3249 3224
f 3224 3387 3750
f 3426 3272 3225
f 3226 3389 3452
f 3380 3261 3227
f 10522 3380 3227
f 3228 3451 11024
f 11050 3489 3228
f 3228 11024 11323
f 11323 11050 3228
f 3229 3423 3497
f 3230 3452 3555
f 3230 3555 3591
f 3230 3591 11685
f 3231 3457 3474
f 3232 3309 12106
f 11623 3334 3232
f 3232 3334 12269
f 12106 11623 3232
f 3375 3295 3233
f 3233 3295 10857
f 3233 3322 3375
f 3428 3319 3234
f 3549 3502 3235
f 12201 11115 3236
f 3236 11115 12258
f 3236 11797 11831
f 3236 11831 12201
f 3405 3307 3237
f 3237 3328 3405
f 3238 3335 3455
f 3606 3418 3238
f 3238 3455 3606
f 3603 3401 3239
f 3239 3569 3603
f 3624 3569 3239
f 3240 3392 3670
f 3241 3442 3444
f 3242 3357 3503
f 11745 3357 3242
f 3503 3389 3242
f 3243 3283 3312
f 3326 3293 3244
f 12657 3326 3244
f 3245 3446 3728
f 12172 3446 3245
f 3728 3530 3245
f 3245 3530 11890
f 12543 12172 3245
f 3398 3269 3246
f 3246 3356 10565
f 3438 3398 3246
f 10565 3438 3246
f 3246 11315 12510
f 3397 3303 3247
f 12682 3397 3247
f 3248 3404 3439
f 3750 3528 3249
f 3250 3295 3408
f 3250 3408 3429
f 3740 3367 3251
f 3251 3367 12316
f 11312 3449 3251
f 3251 3449 12393
f 3251 3731 3740
f 12393 3731 3251
f 3614 3314 3252
f 3252 3385 3614
f 3253 3310 3365
f 3254 3409 12681
f 12763 3409 3254
f 10783 3490 3254
f 3254 3490 12763
f 3254 10583 10850
f 12681 10583 3254
f 10850 10783 3254
f 3255 3420 12349
f 3256 3346 3717
f 3560 3421 3256
f 3717 3560 3256
f 3257 3278 3464
f 3536 3432 3257
f 3257 3464 3536
f 3554 3268 3258
f 3258 3358 10575
f 10575 3554 3258
f 3422 3291 3259
f 3259 3291 11005
f 3259 3296 3383
f 3259 3383 3422
f 3689 3311 3260
f 3260 3542 3689
f 3261 3287 11673
f 12195 3287 3261
f 3261 3380 12371
f 3261 11673 12261
f 12371 12195 3261
f 3262 3318 3378
f 3378 3351 3262
f 3529 3521 3263
f 3264 3506 3518
f 3265 3284 11868
f 3467 3305 3265
f 11868 3467 3265
f 3266 3361 3499
f 3499 3477 3266
f 3267 3286 3377
f 3377 3316 3267
f 3831 3466 3268
f 3268 3554 3831
f 3269 3398 3430
f 3270 3371 3772
f 3691 3479 3270
f 3772 3691 3270
f 3412 3289 3271
f 3482 3412 3271
f 3390 3330 3272
f 3426 3390 3272
f 3273 3292 12128
f 12128 3296 3273
f 3274 3345 3741
f 3723 3388 3274
f 3274 3693 3723
f 3741 3693 3274
f 3400 3349 3275
f 3275 3382 3400
f 3276 3359 11476
f 3276 11476 12338
f 3277 3395 3589
f 3589 3410 3277
f 3519 3464 3278
f 3279 3355 3515
f 3515 3460 3279
f 3344 3309 3280
f 3533 3517 3281
f 3281 3517 12629
f 3282 3363 3570
f 3570 3458 3282
f 3407 3312 3283
f 3283 3337 3369
f 3283 3369 3407
f 3284 11114 11868
f 3285 3297 3414
f 12680 3297 3285
f 3481 3382 3285
f 3285 3414 3481
f 3488 3377 3286
f 3286 3427 3488
f 3287 3434 11673
f 11842 3434 3287
f 12177 11842 3287
f 12195 12177 3287
f 3403 3298 3288
f 3437 3403 3288
f 3288 3409 3437
f 12058 3409 3288
f 3289 3412 3484
f 3290 3307 11360
f 11360 3346 3290
f 3290 3346 11814
f 3291 3422 3445
f 3291 3445 11647
f 3292 3384 3471
f 3292 3471 12128
f 3293 3326 3453
f 3453 3359 3293
f 3294 3393 3617
f 3617 3513 3294
f 3294 3513 10867
f 3295 3375 3408
f 3545 3383 3296
f 12128 3545 3296
f 3297 3332 3424
f 3297 3402 3414
f 3424 3402 3297
f 3298 3403 11989
f 3299 3391 12397
f 12397 10681 3299
f 11487 3482 3300
f 11216 3546 3300
f 3300 3546 11487
f 3301 3312 12051
f 11259 10910 3301
f 12051 11259 3301
f 3637 3363 3302
f 3302 3520 3637
f 3303 3397 10809
f 10809 3406 3303
f 3574 3328 3304
f 3304 3473 3574
f 11870 3473 3304
f 3305 3467 3491
f 3306 3432 3547
f 3547 3433 3306
f 3307 3405 3650
f 3307 3650 3695
f 3307 3695 11360
f 3308 3410 3799
f 3799 3473 3308
f 3309 3344 10714
f 3309 10714 12106
f 3433 3365 3310
f 12562 3357 3311
f 3311 3689 11807
f 3311 11807 12562
f 3312 3407 12601
f 12601 12051 3312
f 3313 3370 3505
f 3523 3384 3313
f 3313 3505 3523
f 3314 3614 10746
f 3314 10746 11023
f 3543 3320 3315
f 3315 3320 11341
f 3315 3374 3543
f 3377 3353 3316
f 3316 3353 12657
f 3317 3623 10942
f 3465 3378 3318
f 11685 3465 3318
f 3531 3379 3319
f 3319 3428 3531
f 3524 3370 3320
f 3543 3524 3320
f 3321 3381 3448
f 12372 3381 3321
f 3321 3448 11882
f 11665 11566 3321
f 3321 11566 12372
f 11882 11665 3321
f 3472 3375 3322
f 11476 3472 3322
f 12338 11476 3322
f 3323 3478 3541
f 3323 3541 11151
f 3479 3413 3324
f 11689 3479 3324
f 3596 3417 3325
f 4019 3596 3325
f 3325 3619 4019
f 3326 3353 3493
f 12657 3353 3326
f 3588 3453 3326
f 3326 3493 3588
f 12274 3332 3327
f 11051 3366 3327
f 3327 3366 11670
f 3327 10547 10553
f 11670 10547 3327
f 3327 10553 12274
f 3485 3405 3328
f 10978 3485 3328
f 3328 3574 10978
f 3329 3439 12617
f 12617 3784 3329
f 3436 3348 3330
f 3330 3390 3436
f 3331 3360 3456
f 3331 3456 3495
f 12274 3424 3332
f 3579 3443 3333
f 3333 3518 3579
f 3500 3335 3334
f 11623 3500 3334
f 3559 3455 3335
f 3335 3500 3559
f 3508 3394 3336
f 3336 3419 3508
f 3526 3369 3337
f 3337 3373 3526
f 3576 3368 3338
f 3338 3491 3576
f 3339 3484 3635
f 3635 3582 3339
f 3339 3582 11854
f 3340 3431 3605
f 3340 3605 3622
f 3340 3622 11210
f 3341 3537 12238
f 3341 12238 12359
f 3620 3392 3342
f 3342 3517 3620
f 12629 3517 3342
f 3343 3365 3483
f 3343 3483 10550
f 3344 3509 10640
f 3344 10640 10714
f 3345 3454 3807
f 3807 3741 3345
f 3346 3695 3710
f 11360 3695 3346
f 3346 3710 3717
f 3642 3583 3347
f 3347 3583 10686
f 3492 3364 3348
f 3348 3436 3492
f 3349 3400 3501
f 3349 3501 11498
f 11498 11212 3349
f 3565 3457 3350
f 11617 3565 3350
f 3350 11053 11617
f 3450 3360 3351
f 3351 3378 3512
f 3512 3450 3351
f 3352 3474 3657
f 3657 3624 3352
f 3353 3377 12566
f 12566 3493 3353
f 3354 3690 4034
f 11140 3690 3354
f 3354 4034 10558
f 3354 10558 10576
f 4134 3515 3355
f 3355 3528 3962
f 3355 3962 4134
f 3356 3663 10565
f 12481 3663 3356
f 12562 3503 3357
f 3358 3443 11371
f 11371 10575 3358
f 3359 3453 3566
f 3359 3566 11476
f 3360 3450 3456
f 3361 3447 3602
f 3602 3499 3361
f 11056 3372 3362
f 3362 3638 11056
f 3618 3570 3363
f 3637 3618 3363
f 3492 3478 3364
f 3365 3433 3475
f 3365 3475 3483
f 3366 3425 3629
f 3366 3629 11670
f 3367 3740 11369
f 3367 11369 12078
f 3367 12078 12705
f 12705 12316 3367
f 3368 3576 12076
f 12076 11073 3368
f 3526 3407 3369
f 3524 3505 3370
f 3767 3763 3371
f 3371 3763 3772
f 11147 10812 3372
f 3372 11056 11147
f 3608 3526 3373
f 11791 3608 3373
f 12526 11791 3373
f 3374 3421 3627
f 11160 3421 3374
f 3669 3543 3374
f 3374 3627 3790
f 3790 3669 3374
f 11170 3408 3375
f 3375 3472 11170
f 3615 3469 3376
f 3376 3487 3615
f 3377 3488 12566
f 3378 3465 3512
f 3379 3531 3548
f 3380 3538 3550
f 10522 3538 3380
f 3380 3550 12371
f 12360 3448 3381
f 3381 3583 10667
f 12372 3583 3381
f 3381 10667 11611
f 3381 11611 12360
f 3481 3400 3382
f 3558 3422 3383
f 3383 3545 3633
f 3585 3558 3383
f 3633 3585 3383
f 3523 3471 3384
f 3385 3448 3803
f 11882 3448 3385
f 3803 3614 3385
f 3386 3441 3580
f 12504 3441 3386
f 3611 3449 3386
f 3386 3449 11312
f 3386 3580 3611
f 3387 3440 3699
f 3387 3699 3750
f 3553 3452 3389
f 3389 3503 3553
f 3390 3426 3578
f 3666 3436 3390
f 3390 3578 3666
f 3391 3640 3747
f 10916 3640 3391
f 3391 3747 12397
f 3391 10655 10916
f 3392 3620 3849
f 3849 3670 3392
f 3393 3469 3625
f 11106 3469 3393
f 3625 3617 3393
f 11578 11106 3393
f 3393 11335 11578
f 3708 3428 3394
f 3394 3508 3708
f 3395 3480 3632
f 12413 3480 3395
f 3632 3589 3395
f 3396 3755 3764
f 11726 3755 3396
f 3396 3764 11519
f 11519 11484 3396
f 11989 11726 3396
f 12073 11989 3396
f 3397 10606 10809
f 12349 10606 3397
f 12682 12349 3397
f 3504 3430 3398
f 3398 3438 3504
f 3621 3440 3399
f 3735 3621 3399
f 10746 3735 3399
f 11023 10746 3399
f 3400 3481 3501
f 3401 3603 3619
f 3459 3414 3402
f 3402 3424 3507
f 3507 3459 3402
f 3403 3437 3539
f 3403 3539 11989
f 3610 3439 3404
f 3404 3582 3610
f 3405 3485 3597
f 3405 3597 3650
f 3551 3470 3406
f 10809 3551 3406
f 3407 3526 3656
f 3407 3656 12601
f 3594 3429 3408
f 11170 3594 3408
f 12763 3437 3409
f 3409 12058 12681
f 3410 3589 3799
f 3411 3429 3594
f 3726 3435 3411
f 3411 3594 3726
f 3412 3482 3682
f 3607 3484 3412
f 3725 3607 3412
f 3412 3682 3725
f 3675 3419 3413
f 3413 3479 3702
f 3702 3675 3413
f 3414 3459 3562
f 3516 3481 3414
f 3562 3516 3414
f 3568 3441 3415
f 3415 3441 12504
f 12793 3568 3415
f 10758 10711 3415
f 3415 10711 11123
f 12504 10758 3415
f 3415 11123 12793
f 3416 3477 11718
f 3416 3546 11216
f 11718 3546 3416
f 3596 3534 3417
f 3417 3534 11288
f 3418 3606 3809
f 3418 3809 11933
f 11407 10655 3418
f 11933 11407 3418
f 3675 3508 3419
f 3420 3486 10520
f 3891 3584 3420
f 3420 3584 12349
f 10520 3891 3420
f 3421 3560 3627
f 3788 3445 3422
f 3422 3558 3788
f 3805 3497 3423
f 3423 3525 4071
f 11409 3805 3423
f 3423 4071 11409
f 3552 3507 3424
f 12274 3552 3424
f 3659 3629 3425
f 3779 3659 3425
f 3677 3578 3426
f 12032 3677 3426
f 3590 3488 3427
f 3838 3531 3428
f 3428 3708 3749
f 3428 3749 3838
f 3430 3504 3577
f 3577 3519 3430
f 11153 3605 3431
f 3431 3684 11153
f 11484 3684 3431
f 3432 3536 3547
f 3496 3475 3433
f 3511 3496 3433
f 3563 3511 3433
f 3433 3547 3563
f 3434 11677 12273
f 12305 11677 3434
f 3434 11842 12305
f 3435 3726 4386
f 3435 4386 10650
f 3666 3492 3436
f 3661 3539 3437
f 3437 3628 3661
f 12763 3628 3437
f 3655 3504 3438
f 3697 3655 3438
f 10565 3697 3438
f 3439 3610 11351
f 3439 11351 12617
f 3440 3621 3699
f 3441 3568 3581
f 3581 3580 3441
f 3660 3444 3442
f 3442 3564 3679
f 3679 3660 3442
f 3443 3579 3761
f 3443 3761 4061
f 3443 4061 11371
f 3678 3533 3444
f 3444 3660 3665
f 3444 3665 3678
f 3788 3573 3445
f 3445 3573 11647
f 3446 3573 3773
f 11647 3573 3446
f 3773 3728 3446
f 4169 3602 3447
f 4751 4169 3447
f 10551 4751 3447
f 10650 10551 3447
f 12360 3803 3448
f 3449 3611 3696
f 3449 3696 3712
f 3449 3712 12393
f 3609 3456 3450
f 3450 3512 3593
f 3450 3593 3609
f 3451 3521 4013
f 3451 4013 11024
f 3452 3553 3555
f 3588 3566 3453
f 3454 3587 3807
f 3455 3559 3752
f 3752 3606 3455
f 3595 3495 3456
f 3729 3595 3456
f 3456 3609 3729
f 3643 3474 3457
f 3457 3565 3802
f 3802 3643 3457
f 3458 3570 3884
f 4062 3642 3458
f 3458 3884 4048
f 3458 4048 4062
f 3459 3507 3571
f 3600 3562 3459
f 3459 3571 3600
f 3460 3515 3994
f 11126 3529 3460
f 3460 3994 11126
f 3461 3463 3887
f 3698 3487 3461
f 3887 3698 3461
f 11369 3683 3462
f 3462 3683 11956
f 12078 11369 3462
f 3462 11956 12059
f 3462 12059 12481
f 3463 3634 10633
f 10633 3887 3463
f 3464 3519 3794
f 3711 3536 3464
f 3794 3711 3464
f 3647 3512 3465
f 3465 3591 11225
f 11685 3591 3465
f 11225 3647 3465
f 3888 3677 3466
f 3466 3677 12032
f 3466 3831 3888
f 3704 3491 3467
f 3467 3616 3865
f 11868 3616 3467
f 3865 3704 3467
f 3833 3498 3468
f 3468 3502 3833
f 3469 3615 3625
f 3470 3551 3658
f 3658 3567 3470
f 3470 3567 10514
f 3471 3523 3703
f 3471 3703 11441
f 3471 11441 12128
f 3472 3566 3855
f 11476 3566 3472
f 3855 3837 3472
f 3472 3837 11170
f 3718 3574 3473
f 3799 3718 3473
f 3474 3643 3657
f 3540 3483 3475
f 3475 3496 3540
f 10709 3767 3476
f 10651 3813 3476
f 3476 3813 10879
f 3476 10629 10651
f 10879 10709 3476
f 3477 3499 3727
f 3477 3727 12741
f 12741 11718 3477
f 3478 3492 11117
f 11117 3541 3478
f 3479 3691 3702
f 3480 3530 3561
f 11890 3530 3480
f 3480 3561 3632
f 12413 11890 3480
f 3516 3501 3481
f 12095 3682 3482
f 3482 11487 12560
f 12560 12095 3482
f 3572 3490 3483
f 3483 3490 10550
f 3483 3540 3572
f 3484 3607 3635
f 3671 3597 3485
f 10978 3671 3485
f 3486 3709 10520
f 12273 3709 3486
f 3698 3615 3487
f 3488 3590 3636
f 3488 3636 12566
f 3489 3859 10649
f 11050 3859 3489
f 3490 3572 3651
f 3651 3598 3490
f 3490 3598 12763
f 10783 10550 3490
f 3704 3576 3491
f 3492 3666 3688
f 3492 3688 11117
f 3733 3588 3493
f 3493 3636 3733
f 12566 3636 3493
f 10526 3587 3494
f 10528 10526 3494
f 10649 10528 3494
f 3495 3595 11437
f 3511 3510 3496
f 3496 3510 3535
f 3496 3535 3540
f 3833 3770 3498
f 3499 3602 3727
f 3879 3559 3500
f 3500 3575 4043
f 11623 3575 3500
f 4043 3879 3500
f 3501 3516 3522
f 3501 3522 11498
f 3502 3549 3881
f 3881 3833 3502
f 3646 3553 3503
f 3687 3646 3503
f 12562 3687 3503
f 3655 3577 3504
f 3626 3523 3505
f 3505 3524 3599
f 3505 3599 3626
f 4010 3518 3506
f 3506 3777 4010
f 3507 3552 3601
f 3601 3571 3507
f 3508 3675 3826
f 3826 3708 3508
f 3509 3903 10640
f 10684 3903 3509
f 10558 10518 3509
f 3509 10518 10684
f 10799 10558 3509
f 3510 3511 12646
f 3592 3535 3510
f 3730 3592 3510
f 12646 3730 3510
f 3511 3563 3685
f 3511 3685 12646
f 3647 3593 3512
f 3513 3617 3720
f 3513 3720 11114
f 3847 3706 3514
f 11308 3847 3514
f 4134 3994 3515
f 3649 3522 3516
f 3516 3562 3648
f 3516 3648 3649
f 3517 3533 3678
f 3724 3620 3517
f 3517 3678 3724
f 3781 3579 3518
f 4010 3781 3518
f 3519 3577 3760
f 3519 3760 3794
f 3520 3622 3904
f 11210 3622 3520
f 3768 3637 3520
f 11016 3768 3520
f 3520 3904 11016
f 3521 3529 3912
f 3521 3912 4013
f 3522 3649 12626
f 12626 11498 3522
f 3523 3626 3686
f 3523 3686 3703
f 3524 3543 3754
f 3716 3599 3524
f 3754 3716 3524
f 3525 3567 3839
f 3525 3839 4137
f 4137 4071 3525
f 3526 3608 3656
f 3527 3556 3613
f 10989 3556 3527
f 3527 3613 12541
f 11308 10989 3527
f 12541 11308 3527
f 3528 3750 4187
f 4187 3962 3528
f 11126 3912 3529
f 11488 3561 3530
f 3530 3728 11488
f 3940 3548 3531
f 3531 3838 3940
f 3532 3550 3667
f 12177 3550 3532
f 3793 3653 3532
f 3532 3653 11842
f 3532 3667 3742
f 3532 3742 3793
f 3532 11842 12177
f 3534 3596 3662
f 3534 3662 3813
f 3534 3813 10651
f 3586 3540 3535
f 3592 3586 3535
f 3604 3547 3536
f 3738 3604 3536
f 3536 3711 3738
f 3925 3893 3537
f 3537 3893 12238
f 11090 3925 3537
f 3537 10681 11065
f 3537 11065 11090
f 3667 3550 3538
f 3538 3557 3667
f 12201 3557 3538
f 3538 10522 12201
f 3539 3661 11726
f 3539 11726 11989
f 3586 3572 3540
f 11117 3798 3541
f 3541 3798 11617
f 11617 11151 3541
f 12754 3689 3542
f 12359 11770 3542
f 3542 11770 12754
f 3543 3669 3883
f 3883 3754 3543
f 3721 3654 3544
f 3544 3654 11123
f 3544 3664 3721
f 12685 3664 3544
f 3544 11123 11397
f 3544 11397 12626
f 3544 12626 12685
f 3744 3633 3545
f 11441 3744 3545
f 12128 11441 3545
f 3546 3756 11487
f 12239 3756 3546
f 3546 11718 12239
f 3604 3563 3547
f 3940 3692 3548
f 4115 3881 3549
f 3549 3902 4155
f 4155 4115 3549
f 3550 12177 12195
f 3550 12195 12371
f 3551 3644 3658
f 10809 3644 3551
f 3630 3601 3552
f 10553 3630 3552
f 12274 10553 3552
f 3817 3555 3553
f 3553 3646 3719
f 3553 3719 3817
f 4152 3831 3554
f 4555 4152 3554
f 3554 4283 4555
f 10575 4283 3554
f 3751 3591 3555
f 3817 3751 3555
f 3556 3612 3613
f 3557 3631 3694
f 11831 3631 3557
f 3694 3667 3557
f 12201 11831 3557
f 3558 3585 3758
f 3558 3758 3954
f 3954 3788 3558
f 3879 3752 3559
f 3766 3627 3560
f 3560 3717 3766
f 11412 3632 3561
f 11488 11412 3561
f 3562 3600 10933
f 10933 3648 3562
f 3563 3604 3685
f 12234 3679 3564
f 12229 3701 3564
f 3564 3701 12234
f 10570 3802 3565
f 3565 4015 10570
f 11617 4015 3565
f 3566 3588 11584
f 11584 3855 3566
f 3567 3658 3839
f 3673 3581 3568
f 12793 3673 3568
f 3981 3603 3569
f 3569 3624 3950
f 3569 3950 3981
f 3570 3618 3884
f 3762 3600 3571
f 3571 3601 3765
f 3765 3762 3571
f 3572 3586 3732
f 3732 3651 3572
f 3972 3773 3573
f 3573 3788 3975
f 3975 3972 3573
f 3574 3718 3819
f 3574 3819 10978
f 10648 4043 3575
f 10658 10648 3575
f 10713 10658 3575
f 12106 10713 3575
f 3575 11623 12106
f 11485 3612 3576
f 3576 3612 12076
f 3576 3704 3811
f 3576 3811 11485
f 3577 3655 3760
f 12036 3666 3578
f 3578 3677 3844
f 3578 3844 12036
f 3781 3761 3579
f 3580 3581 3674
f 3672 3611 3580
f 3674 3672 3580
f 3581 3673 3736
f 3736 3674 3581
f 3885 3610 3582
f 3582 3635 3789
f 3582 3789 3834
f 3582 3834 3885
f 3583 3642 10667
f 12372 10686 3583
f 3868 3644 3584
f 3584 3644 10606
f 3891 3868 3584
f 3584 10606 12349
f 3585 3633 3815
f 3815 3758 3585
f 3586 3592 3797
f 3797 3732 3586
f 4970 3807 3587
f 10526 4970 3587
f 3588 3733 11584
f 3589 3632 3841
f 4119 3799 3589
f 3589 3841 4119
f 3792 3636 3590
f 3590 3771 3792
f 11095 3771 3590
f 3591 3751 4029
f 3591 4029 11225
f 3730 3705 3592
f 3592 3705 3797
f 3676 3609 3593
f 3593 3647 3676
f 4088 3726 3594
f 10946 4088 3594
f 11170 10946 3594
f 4076 3668 3595
f 3595 3668 11437
f 3595 3729 3930
f 3595 3930 4076
f 4149 3662 3596
f 3596 4019 4149
f 4312 3650 3597
f 3597 3671 3828
f 3597 3828 4312
f 3714 3628 3598
f 3598 3628 12763
f 3598 3651 3714
f 3746 3626 3599
f 3599 3716 3746
f 3762 3681 3600
f 3600 3681 10933
f 3601 3630 3722
f 3601 3722 10541
f 10541 3765 3601
f 3852 3727 3602
f 4079 3852 3602
f 12026 4079 3602
f 3602 4169 12026
f 3981 3619 3603
f 3775 3685 3604
f 3604 3738 3775
f 3814 3622 3605
f 3843 3814 3605
f 11153 3843 3605
f 3606 3752 11189
f 3987 3809 3606
f 11189 3987 3606
f 3783 3635 3607
f 3607 3725 3783
f 3608 3645 3745
f 11791 3645 3608
f 3745 3656 3608
f 3609 3676 3928
f 3928 3729 3609
f 3610 3885 11606
f 11606 11351 3610
f 3611 3672 3696
f 12465 3613 3612
f 3612 11485 12465
f 3613 3816 12541
f 12550 3816 3613
f 3613 12465 12550
f 3614 3803 10676
f 3614 10676 10743
f 3614 10743 10746
f 3934 3625 3615
f 3615 3698 3821
f 3615 3821 11889
f 11889 3934 3615
f 3616 3720 4140
f 11114 3720 3616
f 4331 3865 3616
f 3616 4140 4547
f 4547 4331 3616
f 11868 11114 3616
f 3617 3625 3832
f 3832 3720 3617
f 3618 3637 4003
f 4063 3884 3618
f 3618 4003 4063
f 3619 3981 4019
f 3620 3724 3875
f 3875 3849 3620
f 3877 3699 3621
f 3621 3735 3877
f 3622 3814 11764
f 11764 3904 3622
f 3623 3641 3850
f 4185 3818 3623
f 3623 3818 10942
f 3623 3850 4185
f 3624 3657 10906
f 10906 3950 3624
f 4172 3832 3625
f 3625 3934 4172
f 3746 3686 3626
f 3627 3766 10900
f 10900 3790 3627
f 3714 3661 3628
f 3629 3659 3791
f 3791 3715 3629
f 3629 3715 11670
f 3786 3722 3630
f 10547 3786 3630
f 10553 10547 3630
f 3787 3694 3631
f 3631 3785 3787
f 10812 3785 3631
f 11797 10812 3631
f 11831 11797 3631
f 4175 3841 3632
f 11412 4175 3632
f 3633 3744 3948
f 3948 3815 3633
f 3634 3784 4222
f 4222 4109 3634
f 3634 4109 10633
f 3635 3783 3789
f 3792 3733 3636
f 3637 3768 4003
f 3638 3668 3851
f 3851 3840 3638
f 3638 3840 11056
f 3895 3687 3639
f 3639 3687 12562
f 3639 3700 3863
f 11807 3700 3639
f 3639 3863 3895
f 12562 11807 3639
f 3827 3747 3640
f 3640 3753 3846
f 10916 3753 3640
f 3846 3827 3640
f 3641 3692 3850
f 3642 4062 10667
f 4072 3657 3643
f 3643 3802 4072
f 3857 3658 3644
f 3868 3857 3644
f 10809 10606 3644
f 3835 3745 3645
f 3645 3748 3835
f 11040 3748 3645
f 11791 11040 3645
f 3646 3687 3734
f 3734 3719 3646
f 3806 3676 3647
f 3867 3806 3647
f 11225 3867 3647
f 3707 3649 3648
f 3648 3681 10921
f 10933 3681 3648
f 10921 3707 3648
f 3707 3664 3649
f 3649 3664 12685
f 12685 12626 3649
f 4312 3695 3650
f 3732 3714 3651
f 4105 3680 3652
f 3652 3706 4045
f 3652 4045 4105
f 4065 3769 3653
f 3653 3769 12305
f 3653 3793 4065
f 12305 11842 3653
f 3743 3673 3654
f 3654 3673 12793
f 3654 3721 3796
f 3796 3743 3654
f 12793 11123 3654
f 3655 3697 3830
f 3810 3760 3655
f 3830 3810 3655
f 3820 3737 3656
f 3656 3737 12601
f 3656 3745 3820
f 3657 4072 10906
f 3943 3839 3658
f 3658 3857 3943
f 3659 3779 11765
f 11765 3791 3659
f 3778 3665 3660
f 3660 3679 3778
f 3661 3714 3755
f 3661 3755 11726
f 4145 3813 3662
f 4149 4145 3662
f 3663 3795 11557
f 12421 3795 3663
f 11557 10565 3663
f 12059 11956 3663
f 3663 11956 12421
f 12481 12059 3663
f 3664 3707 3873
f 3869 3721 3664
f 3873 3869 3664
f 3801 3678 3665
f 3665 3778 3801
f 12036 3688 3666
f 3667 3694 3787
f 3787 3742 3667
f 4076 3851 3668
f 3669 3790 3883
f 3849 3779 3670
f 3671 3819 3874
f 10978 3819 3671
f 3874 3828 3671
f 3672 3674 3776
f 3842 3696 3672
f 3672 3776 3842
f 3743 3736 3673
f 3674 3736 3776
f 3675 3702 4001
f 4001 3826 3675
f 3676 3806 3928
f 3888 3844 3677
f 3906 3724 3678
f 3678 3801 3906
f 3936 3778 3679
f 11533 3936 3679
f 12234 11533 3679
f 10689 3757 3680
f 3680 4105 10689
f 3681 3762 3825
f 3681 3825 10895
f 3681 10895 10921
f 3804 3725 3682
f 12095 3804 3682
f 3683 3740 3917
f 11369 3740 3683
f 3683 3917 3926
f 3683 3926 12421
f 12421 11956 3683
f 3684 3764 3822
f 11519 3764 3684
f 3684 3822 11153
f 3684 11484 11519
f 3685 3775 3870
f 3685 3870 12646
f 3907 3703 3686
f 3686 3746 4031
f 4199 3907 3686
f 3686 4031 4199
f 3897 3734 3687
f 3687 3895 3897
f 3688 4004 11117
f 12317 4004 3688
f 3688 12036 12317
f 3909 3700 3689
f 3689 3700 11807
f 12754 3909 3689
f 3690 3770 4060
f 4322 4034 3690
f 3690 4060 4322
f 3772 3702 3691
f 3958 3850 3692
f 3692 3940 3958
f 4077 3723 3693
f 3693 3741 4059
f 3693 4059 4077
f 3896 3710 3695
f 4312 3896 3695
f 3845 3712 3696
f 3696 3842 3845
f 3697 3782 3830
f 11557 3782 3697
f 3697 10565 11557
f 4057 3821 3698
f 3698 3887 4057
f 4361 3750 3699
f 3699 3877 4332
f 3699 4332 4361
f 3970 3863 3700
f 3700 3909 3970
f 11973 3951 3701
f 3701 3951 12234
f 3701 10910 11259
f 12229 10910 3701
f 3701 11259 11973
f 3702 3772 4234
f 4234 4001 3702
f 4032 3744 3703
f 3703 3744 11441
f 3703 3907 4032
f 3998 3811 3704
f 3704 3865 3998
f 3705 3730 3774
f 3705 3774 3797
f 3706 3847 4045
f 3913 3873 3707
f 3961 3913 3707
f 10895 3961 3707
f 10921 10895 3707
f 4286 3749 3708
f 3708 3826 4225
f 3708 4225 4286
f 3709 3769 10882
f 11677 3769 3709
f 3709 4086 10520
f 10882 4086 3709
f 12273 11677 3709
f 4206 3717 3710
f 3710 3896 4206
f 3942 3738 3711
f 3711 3794 3920
f 3711 3920 3942
f 3890 3731 3712
f 3712 3731 12393
f 3712 3845 3890
f 3713 3816 12302
f 12541 3816 3713
f 10851 3847 3713
f 3713 3847 11308
f 12302 10851 3713
f 3713 11308 12541
f 3714 3732 3808
f 3808 3755 3714
f 3836 3786 3715
f 3715 3786 11670
f 3715 3791 3836
f 11825 3746 3716
f 3716 3754 3969
f 3716 3969 11825
f 4206 3766 3717
f 3718 3799 4027
f 4037 3819 3718
f 3718 4027 4037
f 3719 3734 3892
f 3924 3817 3719
f 3719 3892 3924
f 3720 3832 4140
f 3869 3796 3721
f 3722 3786 3880
f 3722 3880 10541
f 4077 3899 3723
f 4231 3875 3724
f 3724 3906 4231
f 3872 3783 3725
f 3725 3804 3872
f 3726 4088 11650
f 11650 4386 3726
f 3914 3759 3727
f 3727 3759 12741
f 3727 3852 3914
f 3728 3773 3972
f 3728 3972 4224
f 3728 4224 11169
f 3728 11169 11488
f 3729 3928 3979
f 4017 3930 3729
f 3729 3979 4017
f 3800 3774 3730
f 3730 3780 3800
f 12646 3780 3730
f 3922 3740 3731
f 3731 3890 3922
f 3732 3797 3808
f 3733 3792 12169
f 3733 4306 11584
f 12169 4306 3733
f 3897 3892 3734
f 4267 3877 3735
f 10676 4267 3735
f 10743 10676 3735
f 10746 10743 3735
f 3736 3743 3858
f 3858 3776 3736
f 3737 3820 3918
f 3974 3823 3737
f 3737 3823 12051
f 3737 3918 3974
f 3737 12051 12601
f 3942 3775 3738
f 4186 3816 3739
f 3739 3816 12550
f 11485 4021 3739
f 3739 4021 11784
f 11784 4186 3739
f 12465 11485 3739
f 12550 12465 3739
f 3922 3917 3740
f 3741 3807 4059
f 3742 3787 3854
f 4038 3793 3742
f 3742 3854 3929
f 3742 3929 4038
f 3743 3796 3876
f 3876 3858 3743
f 3997 3948 3744
f 4032 3997 3744
f 3835 3820 3745
f 4097 4031 3746
f 11825 4097 3746
f 3747 3827 3905
f 3747 3905 4008
f 3747 4008 11065
f 11065 10681 3747
f 3747 10681 12397
f 3990 3835 3748
f 12339 3990 3748
f 10942 10687 3748
f 3748 10687 12339
f 11019 10942 3748
f 11040 11019 3748
f 4084 3838 3749
f 4286 4084 3749
f 4414 4187 3750
f 3750 4361 4414
f 3751 3817 3955
f 3751 3955 4029
f 3752 3879 10571
f 3752 10571 11189
f 3941 3846 3753
f 4007 3941 3753
f 11933 4007 3753
f 3753 10916 11407
f 3753 11407 11933
f 3754 3883 4101
f 4101 3969 3754
f 3829 3764 3755
f 3755 3808 3829
f 3999 3889 3756
f 3756 3889 12560
f 3756 3927 3999
f 12239 3927 3756
f 12560 11487 3756
f 4235 3777 3757
f 5165 4235 3757
f 10689 5165 3757
f 3758 3815 4114
f 4233 3954 3758
f 3758 4114 4265
f 11158 4233 3758
f 3758 4265 11158
f 3759 3914 4055
f 4055 3927 3759
f 3759 3927 12239
f 12239 11718 3759
f 3759 11718 12741
f 3965 3794 3760
f 3760 3810 4117
f 4117 3965 3760
f 3761 3781 4154
f 4302 4061 3761
f 3761 4154 4302
f 3762 3765 3944
f 3989 3825 3762
f 3762 3944 3989
f 3763 3767 4276
f 4328 3772 3763
f 3763 4276 4328
f 3848 3822 3764
f 3764 3829 3848
f 3765 3923 3944
f 10541 3923 3765
f 4206 4049 3766
f 3766 4049 10900
f 4384 4276 3767
f 10709 4384 3767
f 4223 4003 3768
f 3768 4194 4223
f 11016 4194 3768
f 3769 4065 10848
f 3769 10848 10882
f 3769 11677 12305
f 3770 3833 4024
f 3770 4024 4060
f 12456 3792 3771
f 3771 4210 4346
f 11095 4210 3771
f 3771 4346 12456
f 4328 4234 3772
f 3824 3797 3774
f 3774 3800 3812
f 3774 3812 3862
f 3862 3824 3774
f 4066 3870 3775
f 3775 3942 3983
f 3775 3983 4066
f 3871 3842 3776
f 3776 3858 3916
f 3916 3871 3776
f 4505 4010 3777
f 3777 4235 4888
f 4888 4505 3777
f 4002 3801 3778
f 3778 3936 4002
f 3779 3849 3988
f 3779 3988 11765
f 3864 3800 3780
f 3780 3853 3864
f 12646 3853 3780
f 3781 4010 4154
f 3894 3830 3782
f 3782 3866 3882
f 11557 3866 3782
f 3882 3878 3782
f 3782 3878 3894
f 3908 3789 3783
f 3783 3872 3908
f 3784 3973 4222
f 12617 3973 3784
f 12512 3787 3785
f 11470 3856 3785
f 3785 3856 12512
f 3785 10812 11147
f 3785 11147 11470
f 3786 3836 3960
f 3960 3880 3786
f 3786 10547 11670
f 12512 3854 3787
f 3788 3954 4082
f 4082 3975 3788
f 3901 3834 3789
f 3908 3901 3789
f 4191 3883 3790
f 10900 4191 3790
f 4138 3836 3791
f 11765 4138 3791
f 12456 12169 3792
f 3793 4038 12688
f 12688 4065 3793
f 3965 3920 3794
f 3953 3866 3795
f 3795 3866 11557
f 4030 3953 3795
f 12498 4030 3795
f 3795 12421 12498
f 3796 3869 3898
f 3971 3876 3796
f 3796 3898 3971
f 3824 3808 3797
f 3798 4004 4247
f 11117 4004 3798
f 4247 4015 3798
f 3798 4015 11617
f 4445 4027 3799
f 3799 4119 4445
f 3860 3812 3800
f 3864 3860 3800
f 4002 3906 3801
f 11602 4072 3802
f 3802 10570 11602
f 3803 3886 10678
f 12360 3886 3803
f 10678 10676 3803
f 3939 3872 3804
f 3804 3911 3939
f 12095 3911 3804
f 3805 4074 4210
f 11409 4074 3805
f 3805 4210 11095
f 3806 3867 4150
f 4150 3928 3806
f 4325 4059 3807
f 4970 4325 3807
f 3808 3824 3829
f 3809 3987 4014
f 3809 4014 4050
f 3809 4050 11933
f 3810 3830 3938
f 3810 3938 4117
f 3811 3998 4021
f 3811 4021 11485
f 3812 3860 3947
f 3947 3862 3812
f 3813 4145 10879
f 3814 3843 4023
f 3814 4023 4107
f 3814 4107 11764
f 3815 3948 4114
f 3816 4186 12302
f 3817 3924 3955
f 3818 4102 10687
f 11186 4102 3818
f 3818 4185 4299
f 3818 4299 11186
f 3818 10687 10942
f 4083 3874 3819
f 3819 4037 4083
f 3820 3835 3918
f 4057 3993 3821
f 3821 3993 11889
f 3822 3848 3978
f 3978 3861 3822
f 3822 3861 11153
f 3823 3974 8522
f 3823 8522 11973
f 3823 11973 12051
f 3862 3829 3824
f 4075 3961 3825
f 3825 3961 10895
f 3825 3989 4075
f 3826 4001 4225
f 3827 3846 3915
f 3966 3905 3827
f 3827 3915 3966
f 3828 3874 4113
f 4113 4096 3828
f 3828 4096 4312
f 3862 3848 3829
f 3830 3894 3938
f 4152 3888 3831
f 4172 4140 3832
f 3833 3881 4160
f 4160 4024 3833
f 4041 3885 3834
f 3834 3901 4041
f 3990 3918 3835
f 4138 3960 3836
f 3837 3855 4205
f 4205 4098 3837
f 3837 4098 10946
f 3837 10946 11170
f 4094 3940 3838
f 3838 4084 4153
f 4153 4094 3838
f 3839 3943 4196
f 10699 4137 3839
f 3839 4196 10699
f 3840 3851 3931
f 3840 3931 10979
f 3840 10979 11470
f 11470 11056 3840
f 4139 4119 3841
f 4175 4139 3841
f 3946 3845 3842
f 3842 3871 3921
f 3842 3921 4028
f 4028 3946 3842
f 3843 3861 4054
f 11153 3861 3843
f 4054 4023 3843
f 3844 3888 4176
f 4176 4046 3844
f 3844 4046 12036
f 4093 3890 3845
f 3845 3946 4093
f 3941 3915 3846
f 4337 4045 3847
f 4355 4337 3847
f 10851 4355 3847
f 3848 3862 3978
f 3849 3875 4277
f 4277 3988 3849
f 3850 3958 4178
f 3850 4178 4185
f 4076 3931 3851
f 4079 3914 3852
f 4039 3864 3853
f 3853 3870 4016
f 12646 3870 3853
f 3853 4016 4039
f 3854 3856 3964
f 12512 3856 3854
f 3963 3929 3854
f 3964 3963 3854
f 3855 4110 11205
f 11584 4110 3855
f 11205 4205 3855
f 10979 3964 3856
f 11470 10979 3856
f 3857 3868 4129
f 4129 3943 3857
f 3858 3876 3985
f 3985 3916 3858
f 3859 3980 10669
f 11323 3980 3859
f 3859 10528 10649
f 10669 10528 3859
f 3859 11050 11323
f 3860 3864 3952
f 12408 3947 3860
f 3860 3952 3995
f 3860 3995 12408
f 3861 3978 4011
f 3861 4011 4054
f 3862 3947 3978
f 4091 3895 3863
f 3863 3970 4091
f 4156 3952 3864
f 3864 4039 4156
f 4368 3998 3865
f 3865 4331 4368
f 3953 3882 3866
f 3867 4029 4220
f 11225 4029 3867
f 4220 4150 3867
f 3868 3891 4100
f 3868 4100 4129
f 3869 3873 3932
f 3932 3898 3869
f 4066 4016 3870
f 3871 3916 4006
f 4006 3921 3871
f 3982 3908 3872
f 3872 3939 3982
f 3873 3913 4103
f 4042 3932 3873
f 4103 4042 3873
f 3874 4083 4113
f 3875 4231 10574
f 10574 4277 3875
f 3876 3971 3985
f 3877 4267 4332
f 3878 3882 3900
f 3937 3894 3878
f 3878 3900 3956
f 3956 3937 3878
f 3879 4043 4106
f 3879 4106 10571
f 3977 3923 3880
f 3880 3923 10541
f 3880 3960 12298
f 12298 3977 3880
f 3881 4115 4160
f 12055 3900 3882
f 3882 3953 12055
f 4120 4101 3883
f 4191 4120 3883
f 4063 4048 3884
f 4078 3973 3885
f 3885 3973 11606
f 3885 4041 4078
f 3886 4159 4415
f 10667 4159 3886
f 3886 4415 10678
f 11611 10667 3886
f 12360 11611 3886
f 4161 4057 3887
f 4197 4161 3887
f 10633 4197 3887
f 3888 4152 4176
f 3984 3911 3889
f 3889 3911 12560
f 3999 3984 3889
f 4069 3922 3890
f 4093 4069 3890
f 4200 4100 3891
f 9599 4200 3891
f 10520 9599 3891
f 3892 3897 4183
f 4025 3924 3892
f 4183 4025 3892
f 11702 3919 3893
f 3893 3919 11770
f 3893 3925 11702
f 3893 11770 12238
f 3894 3937 4068
f 4068 3938 3894
f 4026 3897 3895
f 4091 4026 3895
f 4905 4206 3896
f 3896 4312 4905
f 3897 4026 12289
f 12289 4183 3897
f 3898 3932 12037
f 3976 3971 3898
f 12037 3976 3898
f 4155 3902 3899
f 3899 4077 4155
f 3967 3956 3900
f 12055 3967 3900
f 3901 3908 3992
f 3901 3992 4041
f 10658 10640 3903
f 3903 10648 10658
f 11071 10648 3903
f 3903 10684 11071
f 11239 11016 3904
f 11848 11239 3904
f 3904 11764 11848
f 3905 3966 4012
f 4012 4008 3905
f 3906 4002 4212
f 3906 4212 4360
f 4360 4231 3906
f 4199 4032 3907
f 3908 3982 3992
f 3909 3919 4118
f 12754 3919 3909
f 4118 3970 3909
f 3996 3933 3910
f 3910 3933 12769
f 3945 3935 3910
f 3910 3935 3996
f 3957 3945 3910
f 3959 3957 3910
f 3986 3959 3910
f 12769 3986 3910
f 12322 3939 3911
f 3911 3984 12322
f 3911 12095 12560
f 4174 4013 3912
f 3912 4070 4174
f 11126 4070 3912
f 3913 3961 4044
f 3913 4044 4103
f 4079 4055 3914
f 3915 3933 3991
f 12769 3933 3915
f 3915 3941 3986
f 3991 3966 3915
f 3915 3986 12769
f 3916 3985 11786
f 11786 4006 3916
f 3917 3922 4242
f 11836 3926 3917
f 3917 4242 4290
f 3917 4290 11836
f 4000 3974 3918
f 3918 3990 4000
f 4245 4118 3919
f 11702 4245 3919
f 12754 11770 3919
f 4121 3942 3920
f 3920 3965 4121
f 3921 4006 4020
f 3921 4020 4036
f 4036 4028 3921
f 3922 4069 4242
f 12102 3944 3923
f 3923 3977 4108
f 3923 4108 12102
f 4081 3955 3924
f 3924 4025 4081
f 4665 4347 3925
f 3925 4347 11702
f 11014 4665 3925
f 3925 10938 11014
f 11090 10938 3925
f 11263 4030 3926
f 3926 4030 12498
f 11836 11263 3926
f 12498 12421 3926
f 4018 3999 3927
f 4055 4018 3927
f 4085 3979 3928
f 4150 4085 3928
f 3929 3963 4258
f 4258 4038 3929
f 3930 4017 10700
f 4143 4076 3930
f 10700 4143 3930
f 4035 4009 3931
f 3931 4009 10979
f 4058 4035 3931
f 4076 4058 3931
f 3932 4042 4090
f 3932 4090 12037
f 3996 3991 3933
f 3934 3993 4227
f 11889 3993 3934
f 4227 4172 3934
f 3935 3945 3996
f 4112 4002 3936
f 4329 4112 3936
f 11533 4329 3936
f 3937 3956 4056
f 3937 4056 4068
f 3938 4068 4117
f 12153 3982 3939
f 12322 12153 3939
f 4073 3958 3940
f 4094 4073 3940
f 4051 3986 3941
f 3941 4007 4051
f 4121 3983 3942
f 3943 4129 4196
f 4128 3989 3944
f 12102 4128 3944
f 3957 3949 3945
f 3945 3949 3968
f 3945 3968 4052
f 4052 3996 3945
f 3946 4028 4093
f 12765 3978 3947
f 12408 4080 3947
f 3947 4080 12765
f 3948 3997 4303
f 4303 4114 3948
f 3949 3957 4067
f 4005 3968 3949
f 11182 4005 3949
f 3949 4067 4168
f 3949 4168 11182
f 4238 3981 3950
f 10906 4238 3950
f 3951 4047 4217
f 11973 4047 3951
f 3951 4217 4257
f 3951 4257 12234
f 12792 3995 3952
f 3952 4156 4229
f 3952 4229 12792
f 3953 4030 4294
f 3953 4294 10975
f 3953 10975 12055
f 4233 4082 3954
f 4081 4029 3955
f 3956 3967 4141
f 4125 4056 3956
f 4141 4125 3956
f 3957 3959 4165
f 4165 4067 3957
f 3958 4073 4390
f 4390 4178 3958
f 3959 3986 4051
f 3959 4051 4165
f 3960 4138 4274
f 3960 4274 12298
f 4075 4044 3961
f 4269 4134 3962
f 3962 4187 4269
f 3963 3964 4064
f 3963 4064 4258
f 3964 4009 4133
f 10979 4009 3964
f 4133 4064 3964
f 3965 4117 12013
f 12013 4121 3965
f 3966 3991 4087
f 4087 4012 3966
f 4163 4141 3967
f 12055 4163 3967
f 3968 4005 4033
f 3968 4033 4132
f 4132 4052 3968
f 4214 4097 3969
f 3969 4097 11825
f 3969 4101 4201
f 3969 4201 4214
f 4118 4091 3970
f 3971 3976 4111
f 4111 3985 3971
f 3972 3975 4208
f 3972 4208 4285
f 4285 4224 3972
f 3973 4078 4291
f 4291 4222 3973
f 12617 11606 3973
f 3974 4000 4104
f 3974 4104 4126
f 3974 4126 8522
f 3975 4082 4370
f 4370 4208 3975
f 11997 4111 3976
f 12037 11997 3976
f 4413 4108 3977
f 3977 4274 4534
f 12298 4274 3977
f 4534 4413 3977
f 12765 4011 3978
f 4123 4017 3979
f 3979 4085 4123
f 3980 4013 4403
f 11024 4013 3980
f 3980 4403 10889
f 10889 10669 3980
f 11323 11024 3980
f 4173 4019 3981
f 4238 4173 3981
f 4167 3992 3982
f 12153 4167 3982
f 4136 4066 3983
f 3983 4121 4136
f 3984 3999 4053
f 3984 4053 12492
f 12492 12322 3984
f 3985 4111 11786
f 4230 4014 3987
f 10728 4230 3987
f 3987 10571 10728
f 11189 10571 3987
f 4354 4198 3988
f 3988 4198 11765
f 3988 4277 4354
f 4148 4075 3989
f 3989 4128 11720
f 11720 4148 3989
f 4104 4000 3990
f 12339 4104 3990
f 3991 3996 4087
f 4116 4041 3992
f 4167 4116 3992
f 3993 4057 4218
f 3993 4218 4373
f 4373 4227 3993
f 4416 4070 3994
f 3994 4070 11126
f 3994 4134 4221
f 3994 4221 4416
f 4209 4080 3995
f 3995 4080 12408
f 12792 4209 3995
f 3996 4052 4189
f 11686 4087 3996
f 3996 4189 11686
f 3997 4032 4199
f 3997 4199 4435
f 4435 4303 3997
f 12307 4021 3998
f 4368 4304 3998
f 3998 4304 12307
f 3999 4018 4053
f 4614 4225 4001
f 4001 4234 4464
f 4001 4464 4614
f 4002 4112 12586
f 12586 4212 4002
f 4223 4063 4003
f 4004 4046 4272
f 12317 4046 4004
f 4272 4247 4004
f 4005 4022 4033
f 4040 4022 4005
f 4092 4040 4005
f 11182 4092 4005
f 4171 4020 4006
f 4006 4135 4171
f 11786 4135 4006
f 4007 4050 4095
f 11933 4050 4007
f 4095 4051 4007
f 4008 4012 4297
f 4008 4297 10938
f 4008 10938 11065
f 4009 4035 4133
f 4452 4154 4010
f 4505 4452 4010
f 4099 4054 4011
f 4011 4080 4099
f 12765 4080 4011
f 4012 4087 4352
f 4352 4297 4012
f 4013 4174 4403
f 4146 4050 4014
f 4230 4146 4014
f 4015 4247 4623
f 4015 4623 10570
f 4166 4039 4016
f 4016 4066 4166
f 4017 4123 12772
f 12772 10700 4017
f 4124 4053 4018
f 4018 4055 4157
f 4157 4124 4018
f 4295 4149 4019
f 4019 4173 4295
f 4190 4036 4020
f 4020 4171 4188
f 4020 4188 4190
f 12341 11784 4021
f 4021 12307 12341
f 4130 4033 4022
f 4022 4040 4151
f 4022 4089 4130
f 4151 4089 4022
f 4023 4054 4215
f 4252 4107 4023
f 4023 4215 4252
f 4447 4060 4024
f 4024 4160 4248
f 4024 4248 4447
f 4158 4081 4025
f 4183 4158 4025
f 4026 4091 4122
f 4026 4122 4192
f 4026 4192 12289
f 10594 4037 4027
f 4027 4445 10594
f 4028 4036 4190
f 12607 4093 4028
f 4028 4190 4279
f 4028 4279 12607
f 4029 4081 4162
f 4029 4162 4220
f 11263 4294 4030
f 4031 4097 4250
f 11314 4199 4031
f 4031 4250 4334
f 4031 4334 11314
f 4033 4130 4132
f 4034 4322 4792
f 4792 4740 4034
f 4034 4740 10558
f 4035 4058 11067
f 11067 4133 4035
f 4349 4083 4037
f 10877 4349 4037
f 4037 10594 10877
f 4038 4258 11783
f 4038 11783 12688
f 12003 4156 4039
f 4039 4166 12003
f 4040 4092 4127
f 4040 4127 4151
f 4144 4078 4041
f 4041 4116 4144
f 4204 4090 4042
f 4042 4103 4251
f 4251 4204 4042
f 4298 4106 4043
f 10679 4298 4043
f 4043 10648 10679
f 4044 4075 4182
f 4182 4103 4044
f 4694 4105 4045
f 4045 4337 4694
f 4046 4176 4310
f 4310 4272 4046
f 12317 12036 4046
f 4047 4126 4147
f 8522 4126 4047
f 4047 4147 4217
f 11973 8522 4047
f 4326 4062 4048
f 4048 4063 4484
f 4484 4326 4048
f 4741 4191 4049
f 4049 4191 10900
f 4049 4206 4804
f 5541 4741 4049
f 4049 4804 5609
f 5609 5541 4049
f 4170 4095 4050
f 4050 4146 4170
f 4051 4095 4177
f 4177 4165 4051
f 4052 4132 4189
f 4053 4124 12492
f 4054 4099 4215
f 4055 4079 4181
f 4181 4157 4055
f 4246 4068 4056
f 4056 4125 4246
f 4057 4161 4261
f 4261 4218 4057
f 4058 4076 4318
f 4058 4318 11768
f 11768 11067 4058
f 4409 4077 4059
f 4059 4325 4409
f 4418 4322 4060
f 4447 4418 4060
f 4061 4302 4338
f 4061 4338 10930
f 4061 10930 11371
f 4595 4159 4062
f 4062 4159 10667
f 4062 4326 4595
f 4063 4223 4442
f 4063 4442 4622
f 4622 4484 4063
f 4064 4133 4340
f 4340 4258 4064
f 4065 4308 10847
f 12688 4308 4065
f 4065 10847 10848
f 4066 4136 4166
f 4067 4165 4168
f 4263 4117 4068
f 4068 4246 4263
f 4069 4093 4260
f 4260 4242 4069
f 5017 4174 4070
f 4070 4416 5017
f 4617 4074 4071
f 4071 4074 11409
f 4071 4137 11097
f 4071 4463 4617
f 11097 4463 4071
f 4497 4396 4072
f 4072 4396 10906
f 11602 4497 4072
f 4073 4094 4494
f 4494 4390 4073
f 11556 4210 4074
f 4074 4617 11556
f 4075 4148 4315
f 4315 4182 4075
f 4076 4143 12109
f 12109 4318 4076
f 4441 4155 4077
f 4077 4409 4822
f 4822 4441 4077
f 4078 4144 4291
f 11817 4181 4079
f 4079 4367 11817
f 12026 4367 4079
f 4253 4099 4080
f 4080 4209 4253
f 4081 4158 4179
f 4179 4162 4081
f 4082 4233 4381
f 4381 4370 4082
f 4292 4113 4083
f 4443 4292 4083
f 4083 4349 4443
f 4316 4153 4084
f 4084 4286 4316
f 4275 4123 4085
f 4085 4150 4275
f 4086 4820 9599
f 11148 4820 4086
f 4086 9599 10520
f 10848 10847 4086
f 4086 10847 11148
f 10882 10848 4086
f 11686 4352 4087
f 10946 4098 4088
f 4088 4098 12188
f 12188 11650 4088
f 4603 4130 4089
f 4089 4151 4228
f 4089 4228 4436
f 4089 4436 4540
f 4089 4540 4603
f 4090 4204 11520
f 4090 11520 12037
f 4091 4118 11717
f 12658 4122 4091
f 4091 11717 12658
f 4270 4127 4092
f 4092 4168 4216
f 11182 4168 4092
f 4092 4216 12028
f 12028 4270 4092
f 12607 4260 4093
f 4094 4153 4296
f 4094 4296 4494
f 4095 4170 4177
f 4096 4113 12532
f 4771 4312 4096
f 4096 4635 4771
f 12532 4635 4096
f 4097 4214 4284
f 4284 4250 4097
f 4098 4205 4425
f 4098 4425 12188
f 4253 4215 4099
f 4278 4129 4100
f 4100 4200 4278
f 4101 4120 4353
f 4428 4201 4101
f 4101 4353 4428
f 10665 4164 4102
f 4102 4164 12339
f 11186 10665 4102
f 12339 10687 4102
f 4103 4182 10624
f 10624 4251 4103
f 10752 4126 4104
f 10781 10752 4104
f 12339 10781 4104
f 4105 4694 10607
f 10607 5165 4105
f 4105 5165 10689
f 4106 4298 4486
f 4106 4486 10571
f 4107 4252 4314
f 4107 4314 11239
f 4107 11239 11848
f 11848 11764 4107
f 4243 4128 4108
f 4108 4128 12102
f 4413 4243 4108
f 4109 4197 10633
f 12330 4197 4109
f 4109 4222 4674
f 4109 4674 12330
f 4110 4306 4500
f 11584 4306 4110
f 8271 4465 4110
f 4110 4465 11205
f 4110 4500 8271
f 4203 4135 4111
f 4111 4135 11786
f 11997 4203 4111
f 4112 4329 4380
f 4112 4380 12586
f 4113 4292 12532
f 11528 4265 4114
f 4114 4303 11528
f 4115 4155 4389
f 4330 4160 4115
f 4641 4330 4115
f 4115 4389 4641
f 4262 4144 4116
f 4116 4167 4262
f 4263 4249 4117
f 4117 4249 12013
f 4118 4245 4391
f 4118 4391 11717
f 4119 4139 4450
f 4119 4422 4445
f 4450 4422 4119
f 4120 4191 4353
f 11245 4136 4121
f 12013 11245 4121
f 12658 4192 4122
f 4275 4237 4123
f 4123 4237 12772
f 4124 4157 4193
f 4124 4193 4211
f 4124 4211 4219
f 4124 4219 12492
f 4125 4141 4232
f 4125 4232 4246
f 4180 4147 4126
f 10752 4180 4126
f 4213 4151 4127
f 4300 4213 4127
f 4127 4270 4300
f 4243 4226 4128
f 4128 4226 11720
f 4362 4196 4129
f 4129 4278 4362
f 4376 4132 4130
f 4603 4376 4130
f 11520 4259 4131
f 4131 4259 12280
f 11249 4400 4131
f 4131 4400 12672
f 12280 11249 4131
f 12037 11520 4131
f 4131 11997 12037
f 12672 11997 4131
f 4372 4189 4132
f 4376 4372 4132
f 4557 4340 4133
f 11768 4557 4133
f 4133 11067 11768
f 4344 4221 4134
f 4134 4269 4344
f 4184 4171 4135
f 4324 4184 4135
f 4135 4203 4324
f 4730 4166 4136
f 11245 4730 4136
f 10699 4239 4137
f 4137 4239 11097
f 4138 4198 4511
f 11765 4198 4138
f 4485 4274 4138
f 4511 4485 4138
f 4139 4175 11282
f 10572 4450 4139
f 11282 10572 4139
f 4140 4172 4393
f 4140 4393 11258
f 4705 4547 4140
f 11258 4705 4140
f 4141 4163 4244
f 12747 4232 4141
f 4141 4244 12747
f 4254 4175 4142
f 4142 4175 11412
f 4142 4241 4254
f 11169 4241 4142
f 11488 11169 4142
f 4142 11412 11488
f 4143 4280 10777
f 12772 4280 4143
f 4143 10700 12772
f 4143 10777 12109
f 4144 4262 11867
f 4475 4291 4144
f 11867 4475 4144
f 4145 4149 4335
f 4335 4271 4145
f 4145 4271 10879
f 4307 4170 4146
f 4146 4230 4342
f 4342 4307 4146
f 4147 4180 4282
f 4282 4217 4147
f 4148 4226 4357
f 11720 4226 4148
f 4357 4315 4148
f 4149 4295 4382
f 4382 4335 4149
f 4150 4220 4336
f 4336 4275 4150
f 4151 4213 4228
f 4560 4176 4152
f 4152 4555 4560
f 4444 4296 4153
f 4153 4316 4444
f 4438 4302 4154
f 4452 4438 4154
f 4790 4389 4155
f 4155 4441 4790
f 4319 4229 4156
f 12003 4319 4156
f 4157 4181 4236
f 4236 4193 4157
f 4421 4179 4158
f 4158 4183 4358
f 4158 4358 4421
f 4662 4415 4159
f 4159 4595 5052
f 5052 4662 4159
f 4330 4248 4160
f 4161 4197 12272
f 4491 4261 4161
f 12272 4491 4161
f 4162 4179 4348
f 4348 4220 4162
f 4268 4244 4163
f 10975 4268 4163
f 12055 10975 4163
f 10665 4180 4164
f 4164 4180 10752
f 4164 10752 10781
f 4164 10781 12339
f 12424 4168 4165
f 4165 4177 4202
f 4165 4202 12424
f 4730 4480 4166
f 4166 4480 12003
f 4167 4207 4240
f 12322 4207 4167
f 4167 4240 4262
f 4167 12153 12322
f 4168 4195 4216
f 12424 4195 4168
f 4169 4751 10702
f 4169 10702 12026
f 4202 4177 4170
f 4307 4202 4170
f 4171 4184 4324
f 4374 4188 4171
f 4171 4324 4374
f 4172 4227 4392
f 4172 4392 4393
f 4173 4238 10573
f 4492 4295 4173
f 4173 4478 4492
f 10573 4478 4173
f 5031 4403 4174
f 4174 5017 5403
f 5403 5031 4174
f 4175 4254 4375
f 4175 4375 11282
f 4698 4310 4176
f 4176 4560 4698
f 4477 4185 4178
f 4178 4390 4477
f 11911 4348 4179
f 4179 4421 11911
f 4311 4282 4180
f 10665 4311 4180
f 4293 4236 4181
f 11817 4293 4181
f 4182 4315 10624
f 11381 4358 4183
f 4183 4363 11381
f 12289 4363 4183
f 4477 4299 4185
f 11060 4305 4186
f 4186 4305 12302
f 4186 4323 11060
f 11784 4323 4186
f 4524 4269 4187
f 4187 4414 4524
f 12777 4190 4188
f 4188 4374 4424
f 4188 4424 12777
f 4189 4372 11626
f 4189 11626 11686
f 12777 4279 4190
f 4741 4353 4191
f 4385 4317 4192
f 4192 4317 12563
f 4192 4363 12289
f 12563 4363 4192
f 12658 4385 4192
f 4321 4211 4193
f 4193 4236 4321
f 4602 4223 4194
f 4908 4602 4194
f 10943 4908 4194
f 11290 10943 4194
f 4194 11016 11290
f 4195 4202 4320
f 12424 4202 4195
f 11669 4216 4195
f 4195 4320 11436
f 4195 11436 11669
f 4362 4239 4196
f 4196 4239 10699
f 12330 12272 4197
f 4198 4354 4387
f 4198 4387 4511
f 4717 4435 4199
f 4199 4515 4717
f 11314 4515 4199
f 4738 4278 4200
f 4200 4676 4738
f 9599 4676 4200
f 4369 4214 4201
f 4428 4369 4201
f 4202 4307 4320
f 4388 4324 4203
f 4417 4388 4203
f 12672 4417 4203
f 4203 11997 12672
f 4204 4251 11941
f 11941 10527 4204
f 4204 10527 12608
f 12751 11520 4204
f 4204 12608 12751
f 4565 4425 4205
f 11205 4465 4205
f 4205 4465 12016
f 12016 4565 4205
f 4905 4804 4206
f 4207 4219 4273
f 12492 4219 4207
f 4273 4240 4207
f 4207 12322 12492
f 4420 4285 4208
f 4208 4370 4420
f 4371 4253 4209
f 4209 4255 4371
f 12792 4255 4209
f 11582 4346 4210
f 11556 4584 4210
f 4210 4584 11582
f 4401 4219 4211
f 4211 4321 12231
f 12231 4401 4211
f 4462 4360 4212
f 4212 4402 4462
f 12586 4402 4212
f 4301 4228 4213
f 4213 4300 4301
f 4459 4284 4214
f 4214 4369 4459
f 4350 4252 4215
f 4215 4253 4350
f 11669 4281 4216
f 4216 4281 12028
f 4408 4257 4217
f 4217 4282 4408
f 4218 4261 4423
f 4423 4373 4218
f 4401 4273 4219
f 4348 4336 4220
f 4221 4344 4552
f 4552 4416 4221
f 4222 4291 4674
f 4602 4442 4223
f 4446 4241 4224
f 4224 4241 11169
f 4224 4285 4446
f 4405 4286 4225
f 4626 4405 4225
f 4225 4614 4626
f 4226 4243 4333
f 4226 4333 4474
f 4474 4357 4226
f 4227 4373 4392
f 4228 4301 4406
f 4228 4406 4523
f 4523 4436 4228
f 4411 4255 4229
f 4229 4255 12792
f 4229 4319 4468
f 4468 4411 4229
f 4568 4342 4230
f 4230 4479 4568
f 10728 4479 4230
f 4231 4360 4558
f 4231 4558 11418
f 11418 10574 4231
f 4399 4246 4232
f 4232 4309 4399
f 12747 4309 4232
f 4473 4381 4233
f 4233 4430 4473
f 11158 4430 4233
f 4234 4328 4453
f 4234 4453 4464
f 5170 4888 4235
f 4235 5165 5376
f 5376 5170 4235
f 4236 4293 4321
f 4237 4275 12296
f 10838 4280 4237
f 4237 4280 12772
f 12296 10838 4237
f 4238 4501 4671
f 10906 4501 4238
f 4238 4671 10573
f 4239 4362 4550
f 4239 4550 12123
f 12123 11097 4239
f 4586 4262 4240
f 4240 4273 4586
f 4618 4254 4241
f 4241 4446 4618
f 4242 4260 4339
f 4377 4290 4242
f 4242 4339 4377
f 4413 4333 4243
f 4244 4256 4309
f 4313 4256 4244
f 4244 4268 4313
f 4244 4309 12747
f 4245 4347 4507
f 11702 4347 4245
f 4507 4391 4245
f 4562 4263 4246
f 4246 4399 4562
f 4247 4272 4571
f 4247 4571 4949
f 4949 4623 4247
f 4248 4330 4648
f 4621 4447 4248
f 4648 4621 4248
f 4249 4263 4852
f 4998 4697 4249
f 4249 4697 11245
f 4249 4852 4998
f 4249 11245 12013
f 4250 4284 4437
f 4437 4334 4250
f 10624 4287 4251
f 4251 4287 11941
f 4481 4314 4252
f 4252 4350 12127
f 12127 4481 4252
f 4371 4350 4253
f 11408 4375 4254
f 4254 4618 4911
f 4254 4911 11408
f 4411 4371 4255
f 4266 4264 4256
f 4256 4264 4309
f 4313 4266 4256
f 4408 4343 4257
f 4257 4343 11533
f 4257 11533 12234
f 4258 4340 11098
f 4258 11098 12189
f 12189 11783 4258
f 4259 4504 12600
f 12608 4504 4259
f 4259 11520 12751
f 12600 12280 4259
f 12751 12608 4259
f 12422 4339 4260
f 4260 4502 12422
f 12607 4502 4260
f 4566 4423 4261
f 4261 4491 4566
f 4262 4586 11867
f 4263 4562 4852
f 4264 4266 4289
f 4264 4289 4327
f 4327 4309 4264
f 4592 4430 4265
f 4265 4430 11158
f 11528 4592 4265
f 4359 4289 4266
f 4266 4313 4359
f 4533 4332 4267
f 4787 4533 4267
f 4267 4579 4787
f 10676 4579 4267
f 4426 4313 4268
f 10974 4426 4268
f 10975 10974 4268
f 4714 4344 4269
f 4269 4524 4714
f 4472 4300 4270
f 12028 4472 4270
f 4271 4335 4410
f 4271 4410 12007
f 4271 10709 10879
f 12007 10709 4271
f 4272 4310 4637
f 4637 4571 4272
f 4273 4401 11968
f 11968 4586 4273
f 4274 4485 4490
f 4274 4490 4534
f 4275 4336 10964
f 4275 10964 12296
f 4379 4328 4276
f 4276 4356 4379
f 4384 4356 4276
f 4506 4354 4277
f 10574 4506 4277
f 11554 4362 4278
f 4278 4738 11554
f 4279 4451 4502
f 12777 4451 4279
f 4279 4502 12607
f 4280 4394 10777
f 10838 4394 4280
f 4281 4460 11000
f 11436 4460 4281
f 4281 11000 11298
f 4281 11298 12028
f 11669 11436 4281
f 4282 4311 4395
f 4282 4395 4408
f 4283 4338 4848
f 10930 4338 4283
f 5134 4555 4283
f 4283 4848 5128
f 4283 5128 5134
f 4283 10575 10930
f 4459 4437 4284
f 4285 4420 4619
f 4619 4446 4285
f 4471 4316 4286
f 4286 4405 4527
f 4527 4471 4286
f 4536 4496 4287
f 4287 4496 10578
f 10624 4536 4287
f 10578 10527 4287
f 4287 10527 11941
f 4288 4299 4366
f 11186 4299 4288
f 4366 4311 4288
f 4288 4311 10665
f 4288 10665 11186
f 4341 4327 4289
f 4364 4341 4289
f 4289 4359 4364
f 4377 4345 4290
f 4290 4345 11836
f 4291 4475 4982
f 4982 4674 4291
f 4292 4443 4541
f 4292 4541 12532
f 4517 4321 4293
f 4293 4367 11666
f 11817 4367 4293
f 11666 4517 4293
f 4294 4345 4378
f 11263 4345 4294
f 4294 4378 4513
f 4294 4513 10974
f 4294 10974 10975
f 4499 4382 4295
f 4295 4492 4499
f 4296 4444 4530
f 4611 4494 4296
f 4296 4530 4611
f 4297 4352 4649
f 4297 4649 4745
f 4297 4745 10938
f 4732 4486 4298
f 12202 4732 4298
f 4298 10679 12202
f 4537 4366 4299
f 4299 4477 4537
f 4351 4301 4300
f 4472 4351 4300
f 4301 4351 4365
f 4301 4365 4406
f 4574 4338 4302
f 4302 4438 4574
f 4303 4435 4599
f 4303 4599 4719
f 4303 4719 11528
f 4304 4368 4582
f 11494 4551 4304
f 4304 4551 12307
f 4304 4582 11494
f 4526 4355 4305
f 4305 4355 12302
f 12283 4526 4305
f 4305 11060 12283
f 10577 4500 4306
f 4306 4508 10577
f 12169 4508 4306
f 4342 4320 4307
f 11148 10847 4308
f 12189 11148 4308
f 4308 11783 12189
f 12688 11783 4308
f 4309 4327 4440
f 4440 4399 4309
f 4698 4637 4310
f 4311 4366 4395
f 4312 4771 4905
f 10707 4359 4313
f 4313 4426 10707
f 4314 4481 4575
f 4314 4575 11290
f 11290 11239 4314
f 4315 4357 4404
f 4315 4404 4407
f 4315 4407 10624
f 4695 4444 4316
f 4316 4471 4695
f 4317 4385 4493
f 4317 4493 4587
f 4587 4572 4317
f 4317 4572 12563
f 4318 4470 10671
f 12109 4470 4318
f 10671 4554 4318
f 4318 4554 11768
f 11423 4468 4319
f 4319 4480 11423
f 12003 4480 4319
f 4320 4342 4439
f 4320 4439 4487
f 4320 4487 11436
f 4321 4517 12231
f 4322 4418 4644
f 4322 4644 4792
f 4323 4551 4651
f 12307 4551 4323
f 4323 4651 11060
f 4323 11784 12341
f 12341 12307 4323
f 4388 4374 4324
f 4870 4409 4325
f 4970 4870 4325
f 4326 4484 4855
f 4904 4595 4326
f 4326 4855 4904
f 4327 4341 4412
f 4327 4412 4440
f 4328 4379 4453
f 4329 4343 4597
f 11533 4343 4329
f 4632 4380 4329
f 4329 4597 4632
f 4330 4641 4648
f 4914 4368 4331
f 4331 4547 4914
f 4533 4361 4332
f 4333 4413 4519
f 4588 4474 4333
f 4333 4519 4588
f 4334 4437 4539
f 4334 4539 11314
f 4335 4382 4454
f 4454 4410 4335
f 4336 4348 4590
f 4336 4590 10964
f 4337 4355 5112
f 4984 4694 4337
f 5112 4984 4337
f 4338 4574 4784
f 4338 4784 4848
f 4429 4377 4339
f 4476 4429 4339
f 12422 4476 4339
f 4340 4557 4627
f 4340 4627 11098
f 4341 4364 4461
f 4461 4412 4341
f 4580 4439 4342
f 4342 4568 4654
f 4654 4580 4342
f 4343 4408 4597
f 4714 4552 4344
f 4345 4377 4378
f 4345 11263 11836
f 4781 4521 4346
f 4346 4521 12456
f 11582 4781 4346
f 4639 4507 4347
f 4665 4639 4347
f 4731 4590 4348
f 4835 4731 4348
f 11911 4835 4348
f 4609 4443 4349
f 4789 4609 4349
f 10877 4789 4349
f 4350 4371 4516
f 4350 4516 12127
f 4383 4365 4351
f 4472 4383 4351
f 4352 4628 4649
f 11686 4628 4352
f 4677 4428 4353
f 4741 4677 4353
f 4713 4387 4354
f 4354 4506 4712
f 4354 4712 4713
f 4355 4526 5112
f 4355 10851 12302
f 4397 4379 4356
f 4356 4384 4449
f 4419 4397 4356
f 4449 4419 4356
f 4543 4404 4357
f 4357 4474 4543
f 4559 4421 4358
f 4658 4559 4358
f 11381 4658 4358
f 4488 4364 4359
f 4538 4488 4359
f 10707 4538 4359
f 4360 4462 4514
f 4360 4514 4558
f 4624 4414 4361
f 4361 4533 4624
f 12673 4550 4362
f 4362 11554 12673
f 4363 4572 4658
f 12563 4572 4363
f 4363 4658 11381
f 4576 4461 4364
f 4364 4488 4682
f 4682 4576 4364
f 4365 4383 4503
f 4518 4406 4365
f 4365 4503 4518
f 4489 4395 4366
f 4537 4489 4366
f 4367 10702 11753
f 12026 10702 4367
f 11753 11666 4367
f 4914 4582 4368
f 4369 4428 4675
f 4675 4459 4369
f 4370 4381 4718
f 4718 4420 4370
f 4371 4411 4528
f 4528 4516 4371
f 4372 4376 4709
f 4372 4709 4762
f 4372 4762 11626
f 4615 4392 4373
f 4373 4423 4684
f 4684 4615 4373
f 4374 4388 4455
f 4546 4424 4374
f 4374 4455 4546
f 4896 4703 4375
f 4375 4703 10572
f 11408 4896 4375
f 4375 10572 11282
f 4376 4603 4709
f 4483 4378 4377
f 4377 4429 4483
f 4378 4483 11736
f 11736 4513 4378
f 4379 4397 4434
f 4379 4434 4522
f 4522 4453 4379
f 4642 4402 4380
f 4380 4402 12586
f 4380 4632 4642
f 4381 4473 5387
f 5387 4718 4381
f 4499 4454 4382
f 4472 4456 4383
f 4383 4456 4503
f 4384 4448 4449
f 12007 4448 4384
f 4384 10709 12007
f 4385 4391 4542
f 11717 4391 4385
f 4542 4493 4385
f 12658 11717 4385
f 4386 4531 11540
f 11650 4531 4386
f 10569 10551 4386
f 4386 10551 10650
f 11540 10569 4386
f 4625 4511 4387
f 4833 4625 4387
f 4387 4713 4833
f 4388 4417 4495
f 4495 4455 4388
f 4790 4641 4389
f 4687 4477 4390
f 4390 4494 4687
f 4391 4507 4542
f 4985 4393 4392
f 4392 4615 4985
f 4393 4985 11258
f 4394 4525 10864
f 12296 4525 4394
f 4394 10642 10777
f 10864 10642 4394
f 4394 10838 12296
f 4535 4408 4395
f 4395 4489 4535
f 4396 4497 4764
f 10683 4501 4396
f 4396 4501 10906
f 4396 4764 10683
f 4397 4419 4432
f 4397 4432 4434
f 4398 4427 11249
f 11576 4427 4398
f 4398 4467 11576
f 12600 4467 4398
f 4398 11249 12280
f 4398 12280 12600
f 4399 4440 4669
f 4661 4562 4399
f 4669 4661 4399
f 4498 4417 4400
f 4400 4417 12672
f 11249 4498 4400
f 4401 11960 11968
f 12231 11960 4401
f 4642 4462 4402
f 5031 4858 4403
f 4403 4858 10889
f 4681 4407 4404
f 4404 4543 4631
f 4631 4567 4404
f 4404 4567 4650
f 4404 4650 4681
f 4777 4527 4405
f 4405 4626 4777
f 4406 4518 4523
f 4407 4536 10624
f 12587 4536 4407
f 4407 4681 12587
f 4408 4535 4597
f 4870 4822 4409
f 4482 4448 4410
f 4410 4448 12007
f 4410 4454 12376
f 12376 4482 4410
f 4411 4468 4616
f 4616 4528 4411
f 4573 4440 4412
f 4412 4461 4573
f 4806 4519 4413
f 4413 4534 4806
f 5018 4524 4414
f 4414 4624 5073
f 5038 5018 4414
f 5073 5038 4414
f 4727 4579 4415
f 4415 4579 10678
f 4415 4662 4727
f 4416 4552 4846
f 4416 4846 5017
f 4498 4495 4417
f 4418 4447 4607
f 4418 4607 4644
f 4469 4432 4419
f 4419 4449 4469
f 4718 4619 4420
f 4421 4559 4954
f 4421 4954 11911
f 10751 4445 4422
f 4422 4450 5171
f 4422 5171 10993
f 10993 10751 4422
f 4423 4566 4734
f 4989 4684 4423
f 4423 4734 4989
f 4594 4451 4424
f 4424 4451 12777
f 4424 4546 4594
f 4711 4510 4425
f 4425 4510 12188
f 4425 4565 4711
f 4426 4513 4563
f 10974 4513 4426
f 4591 4538 4426
f 4426 4538 10707
f 4426 4563 4591
f 4570 4498 4427
f 4427 4498 11249
f 11800 4570 4427
f 4427 11576 11577
f 4427 11577 12256
f 12256 11800 4427
f 4677 4675 4428
f 4476 4466 4429
f 4429 4466 4483
f 4967 4473 4430
f 4430 4592 4967
f 4824 4497 4431
f 4431 4497 11602
f 4431 4623 5022
f 10570 4623 4431
f 5022 4824 4431
f 11602 10570 4431
f 4577 4434 4432
f 4432 4469 4583
f 4583 4577 4432
f 4613 4508 4433
f 4433 4508 12169
f 4433 4521 4613
f 12456 4521 4433
f 4433 12169 12456
f 4577 4522 4434
f 4808 4599 4435
f 4435 4717 4808
f 4436 4523 4735
f 4867 4540 4436
f 4436 4735 4975
f 4975 4867 4436
f 4437 4459 4739
f 12402 4539 4437
f 4437 4739 12402
f 4438 4452 4663
f 4680 4574 4438
f 4438 4663 4680
f 4580 4487 4439
f 4440 4573 4669
f 5072 4790 4441
f 4441 4822 5072
f 4442 4602 4775
f 4775 4622 4442
f 4861 4541 4443
f 4443 4609 4861
f 4606 4530 4444
f 4842 4606 4444
f 4444 4695 4842
f 10751 10594 4445
f 4885 4618 4446
f 4446 4619 4816
f 4446 4816 4885
f 4621 4607 4447
f 4482 4449 4448
f 4449 4458 4469
f 4482 4458 4449
f 4450 5082 5171
f 10572 5082 4450
f 4620 4502 4451
f 4451 4594 4655
f 4655 4620 4451
f 4452 4505 10767
f 10767 4663 4452
f 4653 4464 4453
f 4453 4522 4653
f 4454 4499 4520
f 4454 4520 12376
f 4455 4495 4549
f 4605 4546 4455
f 4455 4549 4605
f 4456 4472 4581
f 4532 4503 4456
f 4581 4532 4456
f 10533 4491 4457
f 4457 4491 12272
f 11327 10533 4457
f 4457 10855 11327
f 12330 10855 4457
f 4457 12272 12330
f 4601 4469 4458
f 4458 4482 11328
f 10510 4601 4458
f 11328 10510 4458
f 4459 4675 11758
f 11758 4739 4459
f 4460 4487 4664
f 11436 4487 4460
f 4569 4564 4460
f 4460 4564 11000
f 4596 4569 4460
f 4664 4596 4460
f 4706 4573 4461
f 4461 4576 12669
f 12669 4706 4461
f 4761 4514 4462
f 4462 4642 4761
f 4866 4617 4463
f 4463 4829 10739
f 12123 4829 4463
f 10739 4866 4463
f 4463 11097 12123
f 4875 4614 4464
f 4464 4653 4667
f 4464 4667 4875
f 4465 8271 12745
f 12745 12016 4465
f 4466 4476 4544
f 4509 4483 4466
f 4544 4509 4466
f 4467 4504 12485
f 12600 4504 4467
f 4467 4744 11581
f 12485 4744 4467
f 11581 11576 4467
f 4468 4561 4616
f 11423 4561 4468
f 4589 4583 4469
f 4601 4589 4469
f 4470 10642 11421
f 12109 10642 4470
f 4470 10663 10671
f 10915 10663 4470
f 11421 10915 4470
f 4471 4527 4865
f 4865 4695 4471
f 4472 4564 4581
f 11000 4564 4472
f 11298 11000 4472
f 12028 11298 4472
f 4473 4967 5387
f 4612 4543 4474
f 4474 4588 4612
f 4475 4959 5319
f 11867 4959 4475
f 5319 4982 4475
f 4666 4544 4476
f 4476 4598 4666
f 12422 4598 4476
f 4726 4537 4477
f 4477 4687 4726
f 4593 4492 4478
f 4646 4593 4478
f 10573 4646 4478
f 4479 4486 4629
f 10571 4486 4479
f 4647 4568 4479
f 4479 4629 4647
f 10728 10571 4479
f 4480 4730 5009
f 4480 5009 11423
f 4832 4575 4481
f 4481 4686 4832
f 12127 4686 4481
f 4482 4520 11328
f 12376 4520 4482
f 4483 4509 11731
f 4483 11731 11736
f 4484 4622 4855
f 4807 4490 4485
f 4485 4511 4844
f 4844 4807 4485
f 4732 4629 4486
f 4487 4580 4664
f 4488 4538 4672
f 4488 4672 4969
f 4969 4682 4488
f 4716 4535 4489
f 4489 4537 4685
f 4489 4685 4716
f 5025 4534 4490
f 4490 4807 5025
f 10533 4566 4491
f 4593 4499 4492
f 4493 4542 5123
f 4921 4587 4493
f 5123 4921 4493
f 4494 4611 11998
f 4963 4687 4494
f 5189 4963 4494
f 11998 5189 4494
f 4495 4498 4549
f 4496 4536 12401
f 4496 4968 5103
f 12401 4968 4496
f 4496 5103 10578
f 4824 4764 4497
f 4545 4512 4498
f 4498 4512 4549
f 4570 4545 4498
f 4585 4520 4499
f 4593 4585 4499
f 4630 4610 4500
f 4500 4610 8271
f 10577 4630 4500
f 4838 4671 4501
f 10683 4838 4501
f 4600 4598 4502
f 4502 4598 12422
f 4620 4600 4502
f 4689 4518 4503
f 4503 4532 4673
f 4503 4673 4689
f 4504 4645 12485
f 12797 4645 4504
f 4504 12608 12797
f 4505 4888 5095
f 4505 5095 10767
f 12044 4712 4506
f 4506 10574 11599
f 4506 11599 11976
f 4506 11976 12044
f 4670 4542 4507
f 4507 4639 4670
f 4508 4613 4708
f 4708 4652 4508
f 4508 4652 10577
f 4553 4529 4509
f 4509 4529 11731
f 4509 4544 4553
f 4957 4531 4510
f 4510 4531 12188
f 4510 4711 4957
f 4511 4625 4844
f 4512 4545 4578
f 4604 4549 4512
f 4512 4578 4604
f 4513 4556 4563
f 11736 4556 4513
f 4813 4558 4514
f 4514 4761 4897
f 4897 4813 4514
f 4515 4539 4864
f 11314 4539 4515
f 4864 4717 4515
f 4516 4528 4668
f 4516 4668 4686
f 4516 4686 12127
f 11666 4786 4517
f 4517 4786 12033
f 12033 11960 4517
f 4517 11960 12231
f 4735 4523 4518
f 4518 4689 4746
f 4746 4735 4518
f 12487 4588 4519
f 4519 4806 12487
f 4520 4585 10510
f 4520 10510 11328
f 4683 4613 4521
f 4521 4678 4683
f 4781 4678 4521
f 4522 4577 4653
f 4755 4714 4524
f 5018 4755 4524
f 4525 10822 10893
f 12296 10822 4525
f 11421 10864 4525
f 4525 10893 11421
f 4526 4814 5092
f 12283 4814 4526
f 4526 5092 5112
f 4527 4777 4909
f 4909 4865 4527
f 4528 4616 4668
f 4529 4553 4679
f 11119 4556 4529
f 4529 4556 11731
f 4529 4679 12318
f 12318 11119 4529
f 4530 4606 4801
f 4906 4611 4530
f 4530 4801 4906
f 4531 4957 5270
f 4531 5270 11540
f 4531 11650 12188
f 4532 4581 12786
f 12786 4673 4532
f 5073 4624 4533
f 4533 4787 5115
f 4533 5044 5073
f 5115 5044 4533
f 5033 4806 4534
f 4534 5025 5033
f 4893 4597 4535
f 4535 4716 4893
f 4536 4796 12401
f 12587 4796 4536
f 4726 4685 4537
f 4538 4591 4701
f 4701 4672 4538
f 12012 4864 4539
f 4539 11550 12012
f 12402 11550 4539
f 4867 4603 4540
f 5122 4635 4541
f 4541 4635 12532
f 4541 4861 5122
f 4542 4670 4929
f 4542 4929 5123
f 4543 4612 4631
f 11837 4553 4544
f 4544 4666 11837
f 4545 4570 11604
f 12554 4578 4545
f 4545 11604 12554
f 4700 4594 4546
f 4546 4605 4700
f 4547 4705 5000
f 5000 4914 4547
f 4548 4651 4839
f 11060 4651 4548
f 5126 4814 4548
f 4548 4814 12283
f 4548 4839 5126
f 12283 11060 4548
f 4549 4604 4605
f 4550 4688 4829
f 12673 4688 4550
f 4550 4829 12123
f 4839 4651 4551
f 11494 4839 4551
f 4552 4714 5012
f 5012 4846 4552
f 4724 4679 4553
f 11837 4724 4553
f 11489 4557 4554
f 4554 4557 11768
f 4554 4780 4919
f 10663 4780 4554
f 4919 4863 4554
f 4554 4863 11489
f 10671 10663 4554
f 4915 4560 4555
f 5134 4915 4555
f 11119 4563 4556
f 11736 11731 4556
f 4837 4627 4557
f 11489 4837 4557
f 4813 4721 4558
f 4558 4721 11418
f 4559 4658 4812
f 4559 4812 4954
f 4915 4698 4560
f 11135 4616 4561
f 11423 11135 4561
f 4562 4661 5100
f 11885 4852 4562
f 4562 5100 11885
f 4699 4591 4563
f 4563 4608 4699
f 11119 4608 4563
f 4564 4569 4633
f 4633 4581 4564
f 4565 4707 4711
f 12016 4707 4565
f 10533 4723 4566
f 4566 4723 12631
f 12631 4734 4566
f 4567 4631 4634
f 4567 4634 4650
f 4568 4647 4654
f 4569 4596 4660
f 4660 4633 4569
f 4570 4811 11604
f 11860 4811 4570
f 4570 11800 11860
f 4571 4637 5253
f 5181 4949 4571
f 5253 5181 4571
f 4572 4587 4692
f 4692 4658 4572
f 4881 4669 4573
f 4573 4706 4881
f 4574 4680 4850
f 4850 4784 4574
f 4575 4832 5079
f 4575 5079 10943
f 4575 10943 11290
f 4576 4682 4756
f 4756 4752 4576
f 4576 4752 12669
f 4577 4583 4783
f 4926 4653 4577
f 4577 4783 4965
f 4965 4926 4577
f 4742 4604 4578
f 4578 4656 4702
f 12554 4656 4578
f 4702 4657 4578
f 4578 4657 4742
f 4579 4727 4992
f 10693 4787 4579
f 4579 4992 10693
f 4579 10676 10678
f 4580 4654 4737
f 4737 4664 4580
f 4581 4633 4704
f 4581 4704 4778
f 4581 4778 12786
f 4582 4914 5182
f 5145 4979 4582
f 4582 4979 11494
f 5182 5145 4582
f 4583 4589 4690
f 4583 4690 4840
f 4840 4783 4583
f 11556 5026 4584
f 4584 5026 11560
f 4584 11452 11582
f 11892 11452 4584
f 11560 11512 4584
f 4584 11512 11892
f 4585 4593 4640
f 4585 4640 4659
f 4585 4659 10510
f 4586 4943 11867
f 11968 4943 4586
f 4921 4692 4587
f 4825 4612 4588
f 12487 4825 4588
f 4589 4601 4636
f 4589 4636 4690
f 4930 4715 4590
f 4590 4715 10822
f 4590 4731 11133
f 11133 4930 4590
f 4590 10822 10964
f 4591 4699 4815
f 4815 4701 4591
f 4592 4719 5043
f 11528 4719 4592
f 5281 4967 4592
f 4592 5043 5281
f 4646 4640 4593
f 4748 4655 4594
f 4594 4700 4748
f 4595 4904 5140
f 5329 5052 4595
f 4595 5140 5329
f 11459 4660 4596
f 4596 4664 4743
f 4596 4743 11459
f 11722 4632 4597
f 4597 4893 11722
f 4598 4600 4666
f 5030 4719 4599
f 4599 4808 5029
f 4599 5029 5030
f 4600 4620 4795
f 4802 4666 4600
f 4600 4795 4802
f 4638 4636 4601
f 4659 4638 4601
f 10510 4659 4601
f 5143 4775 4602
f 4602 4908 5225
f 5225 5143 4602
f 4845 4709 4603
f 4867 4845 4603
f 4742 4605 4604
f 4742 4700 4605
f 5064 4801 4606
f 4606 4842 5064
f 4607 4621 4769
f 4945 4644 4607
f 4607 4769 4931
f 4607 4931 4945
f 4608 4634 4643
f 4710 4634 4608
f 4608 4643 4699
f 4608 4679 4710
f 12318 4679 4608
f 4608 11119 12318
f 4609 4789 4861
f 4610 4630 12351
f 4610 4691 8271
f 12351 4691 4610
f 4611 4906 12156
f 12156 11998 4611
f 4821 4631 4612
f 4825 4821 4612
f 4613 4683 4725
f 4725 4708 4613
f 4883 4626 4614
f 4614 4875 4883
f 4615 4684 4974
f 4615 4974 4985
f 11959 4668 4616
f 11135 5223 4616
f 4616 5223 11959
f 4617 4866 5381
f 5381 5026 4617
f 4617 5026 11556
f 4618 4885 4911
f 4619 4718 5069
f 5069 4816 4619
f 4620 4655 4795
f 4621 4648 5020
f 5020 4769 4621
f 4622 4775 4855
f 4623 4949 11619
f 11619 5022 4623
f 4625 4833 5255
f 5255 4844 4625
f 4883 4777 4626
f 4627 4837 5039
f 4627 5039 11098
f 4918 4649 4628
f 4628 4762 4819
f 11626 4762 4628
f 4628 4819 4918
f 11686 11626 4628
f 4757 4647 4629
f 4629 4732 4817
f 4817 4757 4629
f 4630 4652 4729
f 10577 4652 4630
f 4630 4729 12351
f 4643 4634 4631
f 4747 4643 4631
f 4821 4747 4631
f 11181 4642 4632
f 11722 11181 4632
f 4633 4660 4722
f 4827 4704 4633
f 4633 4722 4827
f 4710 4650 4634
f 5372 4771 4635
f 4635 5122 5372
f 4636 4638 4760
f 4696 4690 4636
f 4760 4696 4636
f 4637 4698 5188
f 5188 5133 4637
f 4637 5133 5253
f 4638 4659 12193
f 4638 4753 4810
f 12193 4753 4638
f 4810 4760 4638
f 4639 4665 4971
f 4987 4670 4639
f 4639 4971 4987
f 4640 4646 12303
f 12193 4659 4640
f 12303 12193 4640
f 10798 4648 4641
f 4641 4790 5159
f 4641 5159 10798
f 11181 4761 4642
f 4747 4699 4643
f 10587 4792 4644
f 4644 4945 10587
f 4923 4849 4645
f 4645 4849 12485
f 12746 4923 4645
f 12797 12746 4645
f 4646 4728 4768
f 10573 4728 4646
f 4646 4768 12303
f 4737 4654 4647
f 11792 4737 4647
f 4647 4757 11792
f 10798 5020 4648
f 11438 4745 4649
f 4649 4918 11438
f 4710 4681 4650
f 4652 4708 4754
f 4754 4729 4652
f 4926 4667 4653
f 4655 4748 4877
f 4877 4795 4655
f 4736 4702 4656
f 4656 4720 4736
f 4788 4720 4656
f 12554 4788 4656
f 4657 4702 4894
f 4894 4742 4657
f 4658 4692 4823
f 4823 4812 4658
f 4798 4722 4660
f 4660 4770 4798
f 11459 4770 4660
f 4661 4669 5027
f 4661 5027 5100
f 4937 4727 4662
f 5121 4937 4662
f 4662 5052 5121
f 4859 4680 4663
f 4902 4859 4663
f 10767 4902 4663
f 4664 4737 4743
f 5094 4971 4665
f 11014 5094 4665
f 4666 4802 11837
f 4926 4875 4667
f 4832 4686 4668
f 5110 4832 4668
f 5175 5110 4668
f 11959 5175 4668
f 4669 4881 12798
f 12798 5027 4669
f 4987 4929 4670
f 4671 4728 10573
f 10580 4728 4671
f 4671 4838 4882
f 4671 4882 10580
f 4672 4701 4862
f 4672 4862 5146
f 5146 4969 4672
f 4854 4689 4673
f 4947 4854 4673
f 12786 4947 4673
f 4982 4749 4674
f 4674 4749 12330
f 4675 4677 5153
f 5153 4980 4675
f 4675 4980 11758
f 11633 4738 4676
f 9599 4820 4676
f 4676 4820 10871
f 10871 5337 4676
f 4676 5337 11633
f 4677 4741 5229
f 5229 5153 4677
f 4774 4683 4678
f 12224 4774 4678
f 4678 4781 4981
f 4678 4981 12224
f 4941 4710 4679
f 4679 4724 4941
f 4859 4850 4680
f 4681 4710 4933
f 5141 4796 4681
f 4681 4796 12587
f 4681 4933 5141
f 5053 4756 4682
f 4682 4969 5053
f 4774 4725 4683
f 5109 4974 4684
f 4684 4989 5109
f 5003 4716 4685
f 4685 4726 5003
f 5036 4726 4687
f 4687 4963 5036
f 4688 4776 12383
f 12673 4776 4688
f 5088 4829 4688
f 12383 5088 4688
f 4854 4746 4689
f 4690 4696 4840
f 12745 8271 4691
f 12358 10759 4691
f 4691 10759 12720
f 4691 12351 12358
f 4691 12720 12745
f 4912 4823 4692
f 4921 4912 4692
f 5048 4789 4693
f 4693 4789 10877
f 4693 4938 5434
f 10594 4938 4693
f 5440 5048 4693
f 4693 5434 5440
f 10877 10594 4693
f 4694 4984 5455
f 5455 5444 4694
f 4694 5444 10607
f 4856 4842 4695
f 4865 4856 4695
f 4696 4760 4927
f 4876 4840 4696
f 4932 4876 4696
f 4696 4927 4932
f 4697 4998 5187
f 4697 5037 11245
f 11318 5037 4697
f 4697 5187 11318
f 4698 4915 5188
f 4699 4747 4815
f 4700 4742 4794
f 4794 4748 4700
f 4701 4815 4862
f 4702 4736 4793
f 4793 4766 4702
f 4702 4766 4894
f 4703 4896 5285
f 5285 5283 4703
f 4703 5283 10572
f 4951 4778 4704
f 4704 4827 4951
f 5196 5000 4705
f 4705 5099 5196
f 11258 5099 4705
f 4706 4752 4886
f 12669 4752 4706
f 4996 4881 4706
f 4706 4886 4996
f 4799 4711 4707
f 4707 4750 4799
f 12016 4750 4707
f 4708 4725 4767
f 4767 4754 4708
f 11105 4762 4709
f 4709 4845 11105
f 4941 4933 4710
f 4711 4799 4891
f 4891 4872 4711
f 4711 4872 4957
f 5075 4713 4712
f 12044 5075 4712
f 5174 4833 4713
f 4713 5075 5174
f 4714 4755 12225
f 12225 5012 4714
f 4715 4733 10822
f 12661 4733 4715
f 4715 4930 12661
f 5003 4893 4716
f 5139 4808 4717
f 4717 4864 5139
f 5408 5069 4718
f 4718 5387 5425
f 5425 5408 4718
f 4719 5030 5043
f 10803 4736 4720
f 4720 4788 4847
f 4720 4847 10803
f 4721 4813 4952
f 4952 4900 4721
f 4721 4900 11976
f 11599 11418 4721
f 11976 11599 4721
f 4722 4798 4895
f 12606 4827 4722
f 4722 4895 12606
f 11327 4917 4723
f 4723 4917 12630
f 4723 10533 11327
f 12630 10952 4723
f 4723 10952 12631
f 4724 4802 4836
f 11837 4802 4724
f 4724 4836 4976
f 4976 4941 4724
f 4779 4767 4725
f 4725 4774 4779
f 5269 5003 4726
f 4726 5036 5269
f 4727 4937 4992
f 10580 4768 4728
f 4729 4754 12689
f 4729 4841 10742
f 12689 4841 4729
f 4729 10742 10762
f 4729 10762 12351
f 5037 5009 4730
f 11245 5037 4730
f 4731 4835 11049
f 11049 5090 4731
f 4731 5090 11133
f 4879 4817 4732
f 4732 4860 4978
f 12202 4860 4732
f 4978 4879 4732
f 4733 4956 10670
f 12661 4956 4733
f 4733 10670 12207
f 10893 10822 4733
f 12207 10893 4733
f 10623 4989 4734
f 10797 10623 4734
f 12631 10797 4734
f 4735 4746 5002
f 5002 4975 4735
f 10841 4793 4736
f 10803 4953 4736
f 4736 4953 10841
f 11792 4743 4737
f 4738 4776 11554
f 11633 4776 4738
f 5054 4878 4739
f 4739 4878 12402
f 4739 4980 5054
f 11758 4980 4739
f 4740 4792 5382
f 5382 5241 4740
f 4740 5241 10684
f 4740 10518 10558
f 10684 10518 4740
f 5541 5229 4741
f 4922 4794 4742
f 4742 4894 11777
f 11777 4922 4742
f 4743 4765 11459
f 11792 4765 4743
f 4744 4849 4948
f 12485 4849 4744
f 4948 4898 4744
f 4744 4898 11577
f 4744 11577 11581
f 4745 5094 10938
f 11217 5094 4745
f 11438 11217 4745
f 4746 4854 5056
f 5056 5002 4746
f 4934 4815 4747
f 4747 4821 4934
f 4748 4794 5093
f 5093 4877 4748
f 4749 4982 5371
f 4749 5371 5543
f 4749 5543 10884
f 10884 10855 4749
f 4749 10855 12330
f 11593 4799 4750
f 12720 11593 4750
f 4750 12016 12720
f 10569 5402 4751
f 4751 5402 10644
f 4751 10551 10569
f 4751 10644 10666
f 4751 10666 10702
f 4752 4756 4831
f 4752 4831 5019
f 5041 4886 4752
f 4752 5019 5041
f 4753 4768 11329
f 12303 4768 4753
f 10948 4810 4753
f 11329 10948 4753
f 4753 12193 12303
f 4754 4767 4785
f 4754 4785 12689
f 4755 5018 5291
f 4755 5291 5362
f 4755 5362 12225
f 11399 4831 4756
f 4756 5053 11399
f 4843 4765 4757
f 4757 4765 11792
f 4757 4817 4843
f 10654 4780 4758
f 4758 4780 10663
f 4758 4955 10654
f 10670 4955 4758
f 4758 10663 10915
f 12207 10670 4758
f 4758 10915 12207
f 4773 4763 4759
f 4759 4763 4782
f 4826 4773 4759
f 4759 4782 4830
f 11301 4826 4759
f 4759 4830 11822
f 11822 11301 4759
f 4760 4810 4868
f 4760 4868 4927
f 5213 4897 4761
f 11951 5213 4761
f 4761 11181 11951
f 5250 4819 4762
f 5390 5250 4762
f 11105 5390 4762
f 4763 4773 4809
f 4797 4782 4763
f 4803 4797 4763
f 4809 4803 4763
f 4764 4824 4999
f 4764 4838 10683
f 12180 4838 4764
f 4764 4999 12180
f 4843 4770 4765
f 4765 4770 11459
f 4766 4793 4873
f 4766 4873 4991
f 4991 4894 4766
f 4767 4779 4828
f 4828 4785 4767
f 10580 4940 4768
f 4768 4940 11329
f 5046 4931 4769
f 4769 5020 5046
f 12583 4798 4770
f 4770 4843 4887
f 4770 4887 4903
f 4770 4903 12583
f 5372 4905 4771
f 5566 4820 4772
f 4772 4820 11148
f 4772 5345 5566
f 10768 5345 4772
f 12189 10768 4772
f 4772 11148 12189
f 11442 4809 4773
f 4773 4826 11061
f 4773 11061 11442
f 4818 4779 4774
f 12224 4818 4774
f 5215 4855 4775
f 4775 5143 5420
f 5420 5215 4775
f 12673 11554 4776
f 4776 11633 12383
f 4777 4883 5005
f 5005 4909 4777
f 5116 4947 4778
f 4778 4947 12786
f 4778 4951 5116
f 4779 4818 4910
f 4910 4828 4779
f 10654 4919 4780
f 4781 4972 4981
f 11452 4972 4781
f 11582 11452 4781
f 4782 4797 4857
f 11357 4830 4782
f 4782 4857 11357
f 4783 4840 4965
f 5001 4848 4784
f 4784 4850 5001
f 4785 4828 4884
f 4913 4853 4785
f 4785 4853 12689
f 4785 4884 4913
f 11896 11539 4786
f 4786 11539 12033
f 4786 11666 11753
f 4786 11753 11876
f 4786 11876 11896
f 5202 5115 4787
f 11514 5202 4787
f 4787 10693 11514
f 4788 4811 4889
f 11604 4811 4788
f 4925 4847 4788
f 4788 4889 4925
f 12554 11604 4788
f 5023 4861 4789
f 5024 5023 4789
f 5048 5024 4789
f 4790 5072 5816
f 5816 5159 4790
f 5247 4962 4791
f 4791 4962 10804
f 10603 5247 4791
f 10742 10603 4791
f 12358 10742 4791
f 10804 10759 4791
f 4791 10759 12358
f 10587 5382 4792
f 10841 4873 4793
f 4794 4922 5093
f 4836 4802 4795
f 4983 4836 4795
f 4795 4877 4907
f 4795 4907 4983
f 5289 4968 4796
f 4796 4968 12401
f 4796 5141 5275
f 4796 5275 5289
f 4797 4803 4874
f 4871 4857 4797
f 4874 4871 4797
f 12718 4895 4798
f 4798 12583 12718
f 4892 4891 4799
f 11593 4892 4799
f 10804 4880 4800
f 4800 4880 10856
f 4800 10759 10804
f 12720 10759 4800
f 4800 10856 11593
f 4800 11593 12720
f 5206 4906 4801
f 4801 5064 5206
f 4803 4809 4834
f 4803 4834 4869
f 4803 4869 4874
f 4804 4905 5825
f 5825 5609 4804
f 4805 4858 5487
f 10669 4858 4805
f 5509 4970 4805
f 4805 4970 10526
f 4805 5487 5509
f 4805 10526 10528
f 4805 10528 10669
f 5033 5032 4806
f 4806 5032 12487
f 4807 4844 5061
f 5061 5025 4807
f 12125 5029 4808
f 4808 5139 12125
f 11442 4834 4809
f 4810 4826 4868
f 11061 4826 4810
f 4810 10948 11061
f 4950 4889 4811
f 4811 4924 4986
f 11860 4924 4811
f 4986 4950 4811
f 4812 4823 5179
f 5124 4954 4812
f 5179 5124 4812
f 4813 4897 5106
f 5106 4952 4813
f 11661 5092 4814
f 4814 5126 11661
f 4995 4862 4815
f 4815 4934 4995
f 5227 4885 4816
f 4816 5069 5227
f 4942 4843 4817
f 4817 4879 4942
f 4964 4910 4818
f 12224 4964 4818
f 5158 4918 4819
f 5250 5158 4819
f 4820 5566 10871
f 4821 4825 4973
f 4973 4934 4821
f 4822 4870 5336
f 5552 5072 4822
f 4822 5336 5552
f 4823 4912 12045
f 12045 5179 4823
f 11767 4999 4824
f 4824 5022 11767
f 5067 4973 4825
f 4825 5057 5067
f 12713 5057 4825
f 4825 12487 12713
f 11301 4868 4826
f 4827 4935 4951
f 12606 4935 4827
f 5007 4884 4828
f 4828 4910 5007
f 4829 5088 5236
f 4829 5236 10739
f 10729 4851 4830
f 4830 4851 11822
f 4830 4944 10729
f 11357 4944 4830
f 5142 5019 4831
f 11399 5142 4831
f 5311 5079 4832
f 4832 5110 5311
f 4833 5174 5255
f 5034 4869 4834
f 4834 4960 5034
f 11442 4960 4834
f 4835 4954 5157
f 11911 4954 4835
f 4835 5157 11049
f 4983 4976 4836
f 4837 4863 5011
f 11489 4863 4837
f 4837 5011 5039
f 4961 4882 4838
f 12180 4961 4838
f 4839 4979 5369
f 11494 4979 4839
f 5279 5126 4839
f 5369 5279 4839
f 4840 4876 5008
f 5008 4965 4840
f 4841 4853 4928
f 12689 4853 4841
f 4841 4928 10603
f 4841 10603 10742
f 4842 4856 5064
f 4942 4887 4843
f 5255 5061 4844
f 4845 4867 5156
f 4845 5156 5258
f 4845 5258 11105
f 4846 5012 5232
f 5232 5017 4846
f 4997 4890 4847
f 4847 4890 10803
f 4847 4925 4988
f 4847 4988 4997
f 4848 5001 5238
f 5238 5128 4848
f 4849 4923 10972
f 5108 4948 4849
f 10972 5108 4849
f 4850 4859 5131
f 5131 5001 4850
f 5070 4920 4851
f 4851 4920 11301
f 11955 5070 4851
f 4851 10729 11955
f 4851 11301 11822
f 5204 4998 4852
f 4852 5172 5204
f 11885 5172 4852
f 4853 4913 5021
f 5137 4928 4853
f 4853 5021 5137
f 4854 4947 5056
f 5215 4904 4855
f 4856 4865 5035
f 4856 5035 5064
f 4857 4871 5014
f 4857 5014 11357
f 4858 5031 5724
f 6001 5487 4858
f 4858 5724 6001
f 4858 10669 10889
f 4859 4902 5131
f 5015 4978 4860
f 4860 4990 5015
f 11644 4990 4860
f 12202 11644 4860
f 4861 5023 12436
f 12436 5122 4861
f 4862 4995 5146
f 4863 4919 5013
f 12594 5011 4863
f 4863 5013 12594
f 5310 5139 4864
f 12012 5310 4864
f 4865 4909 5035
f 5630 5381 4866
f 4866 5475 5630
f 10739 5475 4866
f 4867 4975 5156
f 4868 4920 4927
f 11301 4920 4868
f 4977 4874 4869
f 5083 4977 4869
f 4869 5034 5083
f 4870 4970 6116
f 6116 5336 4870
f 4871 4874 4994
f 4871 4994 5014
f 4872 4891 5040
f 5097 4957 4872
f 4872 5040 5097
f 5058 4991 4873
f 5246 5058 4873
f 4873 5147 5246
f 10841 5147 4873
f 4874 4977 4994
f 5101 4883 4875
f 4875 4926 5091
f 4875 5091 5222
f 5222 5101 4875
f 4876 4932 5059
f 5059 5008 4876
f 5063 4907 4877
f 5093 5063 4877
f 4878 5054 5060
f 4878 5060 11550
f 4878 11550 12402
f 5085 4942 4879
f 4879 4978 5151
f 5151 5085 4879
f 5004 4901 4880
f 4880 4901 10856
f 4880 4962 5004
f 10804 4962 4880
f 4881 4996 5194
f 5194 5168 4881
f 4881 5168 12798
f 4966 4940 4882
f 4882 4940 10580
f 4882 4961 4966
f 5197 5005 4883
f 4883 5101 5197
f 5271 4913 4884
f 4884 5007 5271
f 5505 4911 4885
f 4885 5227 5505
f 5041 4996 4886
f 10954 4903 4887
f 4887 4942 10954
f 5549 5095 4888
f 4888 5170 5549
f 4958 4925 4889
f 4889 4950 4958
f 4997 4899 4890
f 4890 4899 10861
f 4890 4953 10803
f 10861 4953 4890
f 4891 4892 5049
f 5080 5040 4891
f 4891 5049 5080
f 4892 4901 5086
f 11593 4901 4892
f 5086 5049 4892
f 4893 5003 5243
f 5243 5087 4893
f 4893 5087 11722
f 4894 4991 5047
f 4894 5047 11777
f 12370 4935 4895
f 4895 4935 12606
f 12718 12370 4895
f 4896 4911 5191
f 11408 4911 4896
f 4896 5191 5285
f 12686 5106 4897
f 4897 5213 12686
f 5051 4946 4898
f 4898 4946 11577
f 4898 4948 5107
f 5107 5051 4898
f 4899 4997 10898
f 10898 10861 4899
f 4900 4952 5162
f 5162 5089 4900
f 4900 5089 12044
f 12044 11976 4900
f 4901 5004 5086
f 11593 10856 4901
f 4902 5095 5325
f 10767 5095 4902
f 5325 5131 4902
f 4903 5104 10581
f 10954 5104 4903
f 4903 10581 12718
f 12718 12583 4903
f 10835 5140 4904
f 4904 5215 10835
f 4905 5372 5399
f 4905 5399 5825
f 4906 5206 5211
f 4906 5211 12156
f 5076 4983 4907
f 4907 5063 5076
f 4908 5079 5150
f 10943 5079 4908
f 4908 5150 5225
f 4909 5005 5113
f 5173 5035 4909
f 4909 5113 5192
f 5192 5173 4909
f 4910 4964 5078
f 5078 5007 4910
f 5505 5191 4911
f 4912 4921 12525
f 12525 12045 4912
f 5271 5021 4913
f 4914 5000 5290
f 5290 5182 4914
f 4915 5134 5847
f 5805 5188 4915
f 4915 5767 5805
f 5847 5767 4915
f 4916 4940 4966
f 11061 4940 4916
f 5010 4960 4916
f 4916 4960 11442
f 4916 4966 5010
f 11442 11061 4916
f 11321 5138 4917
f 4917 5138 12630
f 4917 10855 10884
f 11327 10855 4917
f 4917 10884 11321
f 5158 5154 4918
f 4918 5154 5391
f 4918 5391 11438
f 4919 4955 5050
f 10654 4955 4919
f 5050 5013 4919
f 5070 4927 4920
f 4921 5123 5417
f 4921 5417 11143
f 4921 11143 12525
f 4922 5068 5093
f 12184 5068 4922
f 4922 11777 12184
f 10578 5103 4923
f 4923 5103 10972
f 12746 10578 4923
f 5045 4986 4924
f 4924 4993 5045
f 12256 4993 4924
f 11860 11800 4924
f 4924 11800 12256
f 4925 4958 5065
f 5065 4988 4925
f 4926 4965 5135
f 5135 5091 4926
f 5164 4932 4927
f 4927 5070 5164
f 4928 5137 5201
f 5201 5176 4928
f 4928 5176 10603
f 4929 4987 5125
f 5125 5123 4929
f 4930 11133 12149
f 4930 12149 12661
f 5120 4945 4931
f 4931 5046 5120
f 5278 5059 4932
f 4932 5164 5278
f 4933 4941 5141
f 4934 4973 5062
f 5062 4995 4934
f 5129 4951 4935
f 12133 5129 4935
f 12370 12133 4935
f 4936 5055 10623
f 11986 5055 4936
f 4936 10623 10797
f 4936 10797 10960
f 4936 10844 11986
f 12630 10844 4936
f 10960 10952 4936
f 4936 10952 12630
f 5118 4992 4937
f 5244 5118 4937
f 4937 5121 5244
f 4938 5333 5434
f 10751 5333 4938
f 4938 10594 10751
f 5622 5132 4939
f 4939 5132 11876
f 10644 5622 4939
f 10666 10644 4939
f 11753 10666 4939
f 11876 11753 4939
f 11061 10948 4940
f 4940 10948 11329
f 4941 4976 5148
f 5148 5141 4941
f 4942 5085 10954
f 5235 4959 4943
f 4943 4959 11867
f 4943 5066 5235
f 11968 5066 4943
f 5267 5096 4944
f 4944 5096 10729
f 4944 5098 11202
f 11357 5098 4944
f 11202 5267 4944
f 4945 5120 5207
f 4945 5207 10587
f 5051 5016 4946
f 4946 5016 10805
f 4946 10805 12256
f 12256 11577 4946
f 5117 5056 4947
f 4947 5116 5117
f 5209 5107 4948
f 4948 5108 5209
f 4949 5181 5593
f 4949 5593 11919
f 11919 11619 4949
f 5077 4958 4950
f 4950 4986 5028
f 4950 5028 5077
f 5129 5116 4951
f 4952 5106 5162
f 4953 5006 5147
f 10861 5006 4953
f 4953 5147 10841
f 4954 5124 5157
f 4955 4956 5081
f 10670 4956 4955
f 5081 5050 4955
f 5214 5081 4956
f 12149 5214 4956
f 12661 12149 4956
f 4957 5097 5270
f 5077 5065 4958
f 4959 5235 5319
f 4960 5010 5111
f 5111 5034 4960
f 5042 4966 4961
f 5127 5042 4961
f 12180 5127 4961
f 11389 5004 4962
f 4962 5247 11877
f 11877 11389 4962
f 5309 5036 4963
f 4963 5189 5353
f 5353 5309 4963
f 5230 5078 4964
f 12224 5230 4964
f 4965 5008 5212
f 5220 5135 4965
f 4965 5212 5220
f 5042 5010 4966
f 4967 5281 5407
f 5407 5387 4967
f 10582 5103 4968
f 4968 5289 10582
f 5180 5053 4969
f 4969 5146 5180
f 4970 5509 5775
f 4970 5775 6116
f 5254 4987 4971
f 4971 5094 10685
f 10775 5254 4971
f 4971 10685 10775
f 12488 4981 4972
f 4972 11452 11892
f 4972 11892 12488
f 5067 5062 4973
f 5284 4985 4974
f 4974 5109 5259
f 4974 5259 5343
f 5343 5284 4974
f 4975 5002 5200
f 5200 5156 4975
f 4976 4983 5249
f 5249 5148 4976
f 11703 4994 4977
f 4977 5083 12457
f 12457 11703 4977
f 4978 5015 5151
f 4979 5145 5317
f 4979 5317 5369
f 5195 5054 4980
f 4980 5153 5195
f 4981 5169 5274
f 12488 5169 4981
f 4981 5274 12224
f 4982 5319 5585
f 5585 5371 4982
f 4983 5076 5186
f 4983 5186 5249
f 4984 5112 5313
f 4984 5313 5455
f 5284 5099 4985
f 4985 5099 11258
f 5045 5028 4986
f 5254 5125 4987
f 5178 4997 4988
f 4988 5065 5178
f 4989 5055 5240
f 10623 5055 4989
f 5240 5109 4989
f 5233 5015 4990
f 5419 5233 4990
f 5441 5419 4990
f 11353 5441 4990
f 11644 11353 4990
f 5058 5047 4991
f 4992 5118 11514
f 11514 10693 4992
f 4993 5016 5160
f 10805 5016 4993
f 10771 5045 4993
f 4993 5160 10771
f 12256 10805 4993
f 5292 5014 4994
f 11703 5292 4994
f 4995 5062 5146
f 4996 5041 5161
f 4996 5161 5194
f 5167 5006 4997
f 4997 5006 10898
f 5178 5167 4997
f 5204 5187 4998
f 4999 5127 12180
f 12714 5127 4999
f 4999 11767 12714
f 5000 5196 5290
f 5001 5131 5238
f 5002 5056 5303
f 5304 5200 5002
f 5002 5303 5304
f 5269 5243 5003
f 11389 5086 5004
f 5197 5113 5005
f 5167 5147 5006
f 5006 10861 10898
f 5007 5078 5331
f 5331 5271 5007
f 5008 5059 5266
f 5266 5212 5008
f 5009 5037 5374
f 5374 5340 5009
f 5009 5340 11135
f 5009 11135 11423
f 5010 5042 5111
f 11751 5039 5011
f 5011 5149 5166
f 12594 5149 5011
f 5011 5166 11751
f 5438 5232 5012
f 5012 5362 5438
f 12225 5362 5012
f 5013 5050 5071
f 5013 5071 5130
f 5013 5130 12594
f 5457 5098 5014
f 5014 5098 11357
f 5014 5292 5457
f 5297 5151 5015
f 5015 5233 5297
f 5016 5051 5084
f 5016 5084 10892
f 10892 5160 5016
f 5017 5232 5518
f 5670 5403 5017
f 5017 5518 5670
f 5018 5038 5454
f 5454 5291 5018
f 5105 5041 5019
f 5119 5105 5019
f 5142 5119 5019
f 5446 5046 5020
f 10641 5446 5020
f 10798 10641 5020
f 5237 5137 5021
f 5271 5237 5021
f 11620 5257 5022
f 5022 5257 11767
f 5022 11619 11620
f 5023 5024 5190
f 5023 5190 12436
f 5024 5048 5440
f 5431 5190 5024
f 5024 5359 5431
f 5440 5359 5024
f 5136 5033 5025
f 5025 5061 5136
f 5381 5330 5026
f 5026 5330 11560
f 5226 5100 5027
f 5027 5168 5226
f 12798 5168 5027
f 5028 5045 5114
f 5260 5077 5028
f 5028 5114 5260
f 5364 5030 5029
f 5447 5364 5029
f 11841 5447 5029
f 12125 11841 5029
f 5364 5043 5030
f 5031 5403 5724
f 5032 5033 5155
f 5152 5057 5032
f 5032 5057 12713
f 5155 5152 5032
f 12713 12487 5032
f 5033 5136 5217
f 5217 5155 5033
f 5224 5083 5034
f 5034 5111 5224
f 5144 5064 5035
f 5173 5144 5035
f 5309 5269 5036
f 11428 5374 5037
f 5037 11318 11428
f 5038 5073 5294
f 5038 5294 10727
f 10727 5454 5038
f 5039 5198 11738
f 11751 5198 5039
f 11358 11098 5039
f 11738 11358 5039
f 5040 5080 5318
f 11936 5097 5040
f 5040 5318 11999
f 11999 11936 5040
f 5041 5105 5205
f 5205 5161 5041
f 5216 5111 5042
f 5042 5127 5216
f 5364 5281 5043
f 5115 5073 5044
f 10716 5114 5045
f 10771 10716 5045
f 5512 5120 5046
f 5046 5446 5547
f 5547 5512 5046
f 5047 5058 5102
f 5102 5068 5047
f 5047 5068 12184
f 12184 11777 5047
f 5318 5080 5049
f 5049 5086 5318
f 5219 5071 5050
f 5050 5081 5277
f 5277 5219 5050
f 10668 5084 5051
f 5051 5107 5163
f 5051 5163 10668
f 5538 5121 5052
f 5052 5329 5538
f 5231 5142 5053
f 5053 5142 11399
f 5053 5180 5231
f 5193 5060 5054
f 5321 5193 5054
f 5054 5195 5321
f 12537 5240 5055
f 5055 5256 5467
f 11986 5256 5055
f 5055 5467 12537
f 5056 5117 5334
f 5334 5303 5056
f 5221 5067 5057
f 5057 5152 5221
f 5252 5102 5058
f 5058 5246 5252
f 5059 5251 5266
f 5278 5251 5059
f 5060 5193 5310
f 5060 5310 12012
f 12012 11550 5060
f 5378 5136 5061
f 5061 5255 5429
f 5429 5378 5061
f 5062 5067 5221
f 5221 5146 5062
f 12623 5076 5063
f 5063 5093 5210
f 5063 5210 12623
f 5064 5144 5206
f 5065 5077 11985
f 11171 5178 5065
f 11985 11171 5065
f 5066 5203 5503
f 10939 5203 5066
f 5503 5235 5066
f 11960 10939 5066
f 11968 11960 5066
f 5183 5093 5068
f 5068 5102 5183
f 5426 5227 5069
f 5069 5408 5426
f 5070 5074 5164
f 11955 5074 5070
f 5219 5130 5071
f 5072 5552 5816
f 5073 5115 5412
f 5412 5294 5073
f 5074 5096 5184
f 11955 5096 5074
f 5185 5164 5074
f 5074 5184 5185
f 5075 5089 5422
f 12044 5089 5075
f 12066 5174 5075
f 5075 5422 12066
f 5208 5186 5076
f 12623 5208 5076
f 5077 5260 11985
f 5078 5230 12310
f 12310 5331 5078
f 5462 5150 5079
f 5079 5311 11280
f 11280 5462 5079
f 5081 5214 5320
f 12573 5277 5081
f 5081 5320 12573
f 5276 5171 5082
f 5283 5276 5082
f 10572 5283 5082
f 5083 5224 11618
f 11618 11297 5083
f 5083 11297 12457
f 10668 5282 5084
f 5084 5282 10892
f 5322 5104 5085
f 5085 5104 10954
f 5085 5151 5322
f 5356 5318 5086
f 5498 5356 5086
f 11389 5498 5086
f 11500 5177 5087
f 5087 5177 11722
f 5087 5243 11500
f 5410 5236 5088
f 5445 5410 5088
f 12383 5445 5088
f 5089 5162 10585
f 10585 5422 5089
f 5090 5157 5494
f 11049 5157 5090
f 5090 5494 5683
f 5090 5683 10957
f 5090 10957 11133
f 5091 5135 5222
f 5439 5112 5092
f 11661 5301 5092
f 5092 5301 11948
f 5623 5439 5092
f 11948 5623 5092
f 5093 5183 5210
f 11251 10685 5094
f 11014 10938 5094
f 5094 11217 11251
f 5549 5325 5095
f 5432 5184 5096
f 5096 5267 5432
f 11955 10729 5096
f 5836 5270 5097
f 5097 5458 5836
f 11936 5458 5097
f 5098 5457 10735
f 5098 10735 11202
f 5386 5196 5099
f 5099 5284 5386
f 5248 5172 5100
f 5100 5172 11885
f 5100 5226 5248
f 5315 5197 5101
f 5101 5222 5450
f 5507 5315 5101
f 5101 5450 5507
f 5252 5183 5102
f 5103 10582 12467
f 12467 10972 5103
f 5322 5272 5104
f 5104 5272 10581
f 5105 5119 5218
f 5234 5205 5105
f 5105 5218 5234
f 11856 5162 5106
f 12131 11856 5106
f 12686 12131 5106
f 5264 5163 5107
f 5107 5209 5264
f 5341 5209 5108
f 10972 5341 5108
f 5109 5240 5259
f 5110 5175 5418
f 5480 5311 5110
f 5110 5418 5526
f 5526 5480 5110
f 5111 5216 5224
f 5439 5313 5112
f 5197 5192 5113
f 5302 5260 5114
f 10716 5302 5114
f 5115 5202 5412
f 5307 5117 5116
f 5116 5129 5307
f 5117 5307 5393
f 5393 5334 5117
f 5118 5244 11112
f 5118 11112 11514
f 5119 5142 5427
f 5427 5218 5119
f 5485 5207 5120
f 5512 5485 5120
f 5465 5244 5121
f 5538 5465 5121
f 5122 5351 5468
f 12436 5351 5122
f 5468 5372 5122
f 5123 5125 5228
f 5123 5228 5417
f 5494 5157 5124
f 5124 5179 12495
f 12495 5494 5124
f 5254 5228 5125
f 5126 5279 5301
f 5126 5301 11661
f 12740 5216 5127
f 5127 12714 12740
f 5501 5134 5128
f 5128 5238 5810
f 11150 5501 5128
f 5128 5810 11150
f 5347 5307 5129
f 12133 5347 5129
f 5245 5149 5130
f 5130 5149 12594
f 5130 5219 5293
f 5293 5245 5130
f 5591 5238 5131
f 5131 5325 5591
f 5497 5268 5132
f 5132 5268 11539
f 5622 5497 5132
f 5132 11539 11896
f 11896 11876 5132
f 5133 5188 5472
f 5866 5253 5133
f 5133 5472 5866
f 5134 5501 5847
f 5135 5220 5354
f 10914 5222 5135
f 5135 5354 10914
f 5474 5217 5136
f 5136 5378 5474
f 12262 5201 5137
f 5137 5237 12262
f 5138 5256 11986
f 12581 5256 5138
f 11321 5504 5138
f 5138 5504 12581
f 11986 10844 5138
f 5138 10844 12630
f 5139 5310 5349
f 5139 5349 11841
f 5139 11841 12125
f 11236 5329 5140
f 5682 5620 5140
f 5140 5620 11236
f 10835 5682 5140
f 5141 5148 5275
f 5142 5231 5314
f 5142 5314 5427
f 5143 5225 5898
f 5898 5420 5143
f 5144 5173 5298
f 5298 5206 5144
f 5145 5182 5317
f 5221 5180 5146
f 5147 5167 5261
f 5300 5246 5147
f 5147 5261 5300
f 5148 5249 5312
f 5312 5275 5148
f 5199 5166 5149
f 5245 5199 5149
f 11295 5225 5150
f 5150 5462 11295
f 5151 5297 5322
f 5152 5155 12353
f 12353 5221 5152
f 5428 5195 5153
f 5153 5229 5428
f 5154 5158 5624
f 5704 5391 5154
f 5154 5624 5704
f 5155 5217 5288
f 5155 5288 12353
f 5156 5200 5355
f 5355 5258 5156
f 5158 5250 5519
f 5158 5519 5624
f 5159 5816 5830
f 5159 5830 10641
f 5159 10641 10798
f 5160 5265 5308
f 10892 5265 5160
f 5160 5308 10716
f 5160 10716 10771
f 5338 5194 5161
f 5161 5205 5384
f 5384 5338 5161
f 11856 10585 5162
f 5163 5264 5287
f 5163 5287 12540
f 10763 10668 5163
f 12540 10763 5163
f 5164 5185 5263
f 5164 5263 5278
f 6022 5376 5165
f 5165 5495 6022
f 10607 5495 5165
f 5365 5198 5166
f 5166 5198 11751
f 5166 5199 11900
f 11900 5365 5166
f 5167 5178 5286
f 5286 5261 5167
f 5168 5194 5323
f 5323 5226 5168
f 5598 5274 5169
f 5169 5306 11912
f 12488 5306 5169
f 11912 5598 5169
f 5170 5376 5549
f 5171 5276 5327
f 5171 5327 5333
f 5171 5333 10993
f 5496 5204 5172
f 5172 5248 5395
f 5172 5395 5496
f 5173 5192 5430
f 5430 5298 5173
f 12323 5255 5174
f 12066 5592 5174
f 5174 5592 12323
f 5175 5223 5561
f 11959 5223 5175
f 5561 5418 5175
f 5176 5201 5324
f 5324 5247 5176
f 5176 5247 10603
f 11500 5346 5177
f 5177 5346 11951
f 5177 11181 11722
f 11951 11181 5177
f 5367 5286 5178
f 11171 5367 5178
f 5517 5456 5179
f 5179 5456 12495
f 12045 5517 5179
f 5180 5221 5239
f 5239 5231 5180
f 5181 5253 5762
f 5762 5593 5181
f 5182 5290 11664
f 5508 5317 5182
f 5527 5508 5182
f 11664 5527 5182
f 11162 5210 5183
f 5183 5252 5326
f 5183 5326 11162
f 5370 5185 5184
f 5432 5370 5184
f 12056 5263 5185
f 5185 5370 12056
f 5186 5208 5564
f 11431 5249 5186
f 5186 5564 11431
f 5187 5204 11222
f 11222 10579 5187
f 5187 10579 11318
f 5805 5472 5188
f 5189 5299 5353
f 11998 5299 5189
f 5411 5351 5190
f 5190 5351 12436
f 12452 5411 5190
f 5190 5431 12452
f 5571 5285 5191
f 5191 5505 5696
f 6032 5571 5191
f 5191 5696 6032
f 5192 5197 5388
f 5192 5388 5563
f 5563 5430 5192
f 11163 5310 5193
f 5193 5321 11639
f 11639 11163 5193
f 5338 5323 5194
f 5452 5321 5195
f 5195 5428 5452
f 5500 5290 5196
f 5196 5386 11305
f 11305 5500 5196
f 5197 5315 5388
f 5198 5365 11516
f 5198 11516 11738
f 5199 5245 5295
f 5199 5295 11900
f 5200 5304 5355
f 12262 5324 5201
f 5202 5397 5537
f 11514 5397 5202
f 5537 5412 5202
f 10939 5242 5203
f 5203 5242 11668
f 10828 5503 5203
f 11668 10828 5203
f 5204 5496 5570
f 5204 5570 11222
f 5205 5234 5339
f 5205 5339 5482
f 5482 5384 5205
f 5348 5211 5206
f 5206 5298 5348
f 5590 5442 5207
f 5207 5442 10587
f 5207 5485 5590
f 5208 5210 11285
f 12623 5210 5208
f 5208 5421 5564
f 11285 5421 5208
f 5316 5264 5209
f 5341 5316 5209
f 11162 5413 5210
f 5210 5413 11285
f 5211 5348 5556
f 5556 5375 5211
f 5211 5375 12156
f 11938 5220 5212
f 5212 5266 5406
f 5212 5406 11938
f 5213 5346 5443
f 11951 5346 5213
f 5443 5404 5213
f 5213 5404 12131
f 5213 12131 12686
f 11562 5320 5214
f 5214 5332 11562
f 12149 5332 5214
f 5215 5420 5534
f 5215 5534 10835
f 5280 5224 5216
f 5216 5273 5280
f 12740 5273 5216
f 5474 5288 5217
f 5352 5234 5218
f 5459 5352 5218
f 5218 5427 5459
f 5219 5277 5363
f 5344 5293 5219
f 5363 5344 5219
f 11938 5354 5220
f 12353 5239 5221
f 11447 5450 5222
f 5222 10914 11447
f 5223 5392 5572
f 11135 5392 5223
f 5579 5561 5223
f 5223 5572 5579
f 5224 5280 5401
f 5224 5401 11618
f 11295 5898 5225
f 5335 5248 5226
f 5226 5323 5335
f 5227 5426 5760
f 5760 5505 5227
f 5228 5254 5481
f 5451 5417 5228
f 5481 5451 5228
f 5684 5428 5229
f 5229 5541 6058
f 6058 5684 5229
f 5230 5274 5598
f 12224 5274 5230
f 11432 5470 5230
f 5230 5470 12310
f 5230 5598 11432
f 5231 5239 5296
f 5231 5296 5314
f 5232 5438 5641
f 5641 5518 5232
f 5389 5297 5233
f 5233 5360 5389
f 5419 5360 5233
f 5352 5339 5234
f 10962 5319 5235
f 5235 5503 5753
f 5235 5753 10962
f 5410 5409 5236
f 5236 5409 5475
f 5236 5475 10739
f 5237 5271 5489
f 5237 5489 11850
f 5237 11850 12262
f 5238 5591 5810
f 5239 5288 5296
f 12353 5288 5239
f 5396 5259 5240
f 5240 5358 5396
f 12537 5358 5240
f 5671 5262 5241
f 5241 5262 10684
f 5241 5382 5532
f 5241 5532 5611
f 5241 5611 5671
f 5242 5268 5490
f 11539 5268 5242
f 5242 5490 11668
f 5242 10939 12033
f 12033 11539 5242
f 5243 5269 5511
f 5511 5435 5243
f 5243 5435 11500
f 5244 5465 11029
f 11029 5621 5244
f 5244 5621 11112
f 5245 5293 12791
f 12791 5295 5245
f 5326 5252 5246
f 5246 5300 5342
f 5342 5326 5246
f 5247 5324 12652
f 5247 5379 11877
f 12652 5379 5247
f 5248 5335 5395
f 11431 5312 5249
f 5250 5390 5519
f 5479 5266 5251
f 5251 5278 5493
f 5639 5479 5251
f 5251 5493 5639
f 5866 5762 5253
f 5705 5481 5254
f 10775 5705 5254
f 12323 5429 5255
f 12581 5467 5256
f 11646 5273 5257
f 5257 5273 11767
f 5257 11620 11646
f 5258 5355 5491
f 5258 5491 11105
f 5515 5343 5259
f 5259 5396 5515
f 5260 5302 5415
f 5471 5385 5260
f 5260 5385 11985
f 5260 5415 5471
f 5261 5286 5367
f 5367 5300 5261
f 5671 5441 5262
f 5262 5441 11353
f 11008 10684 5262
f 11353 11008 5262
f 5493 5278 5263
f 5751 5493 5263
f 5783 5751 5263
f 12056 5783 5263
f 5414 5287 5264
f 5264 5316 5414
f 5265 5282 10701
f 10892 5282 5265
f 5423 5308 5265
f 10701 5423 5265
f 5479 5406 5266
f 10750 5432 5267
f 10735 5661 5267
f 5267 5661 10750
f 11202 10735 5267
f 5497 5490 5268
f 5269 5309 5511
f 5836 5587 5270
f 5270 5587 10584
f 5270 10584 11540
f 5271 5331 5489
f 5272 5322 5424
f 5569 5368 5272
f 5272 5368 12370
f 5272 5424 5569
f 12370 10581 5272
f 5305 5280 5273
f 11646 5305 5273
f 12714 11767 5273
f 12740 12714 5273
f 5366 5289 5275
f 5275 5312 5449
f 5449 5366 5275
f 5276 5283 5373
f 5398 5327 5276
f 5276 5373 5394
f 5276 5394 5398
f 5535 5363 5277
f 12573 5535 5277
f 12781 5301 5279
f 5279 5369 12781
f 5280 5305 5436
f 5436 5401 5280
f 5281 5364 5531
f 5673 5407 5281
f 5281 5531 5673
f 5282 10668 10763
f 12374 10701 5282
f 5282 10763 12540
f 12531 12374 5282
f 12540 12531 5282
f 5283 5285 5464
f 5464 5373 5283
f 5284 5343 5582
f 5582 5386 5284
f 5571 5464 5285
f 5414 5380 5287
f 5287 5380 12540
f 5405 5296 5288
f 5474 5405 5288
f 5289 5366 11504
f 11504 10582 5289
f 5290 5500 11664
f 5557 5362 5291
f 5291 5454 5557
f 11703 5350 5292
f 5292 5350 12105
f 5514 5457 5292
f 12105 5514 5292
f 5293 5344 12791
f 5294 5412 5523
f 5294 5523 10727
f 5565 5506 5295
f 5295 5506 11900
f 12565 5565 5295
f 12791 12565 5295
f 5405 5314 5296
f 5389 5322 5297
f 5524 5348 5298
f 5298 5430 5524
f 11138 5353 5299
f 5299 5375 11138
f 12156 5375 5299
f 5299 11998 12156
f 5367 5342 5300
f 5301 11367 11948
f 12781 11367 5301
f 5302 5308 5602
f 10716 5308 5302
f 5602 5415 5302
f 5476 5304 5303
f 5303 5334 5499
f 5499 5476 5303
f 5483 5355 5304
f 5304 5476 5483
f 12734 5436 5305
f 11646 5437 5305
f 5305 5437 12734
f 5306 5551 11912
f 12693 5551 5306
f 11892 11512 5306
f 5306 11512 12693
f 12488 11892 5306
f 5307 5347 5393
f 5308 5423 5602
f 5309 5353 5702
f 5685 5511 5309
f 5702 5685 5309
f 5573 5349 5310
f 5310 5548 5573
f 11163 5548 5310
f 5311 5480 11280
f 5564 5449 5312
f 11431 5564 5312
f 5313 5439 5595
f 5562 5455 5313
f 5595 5562 5313
f 5405 5377 5314
f 5314 5377 5427
f 5632 5388 5315
f 5315 5507 5632
f 5316 5341 5520
f 5520 5414 5316
f 11988 5369 5317
f 5317 5508 11988
f 5318 5356 5477
f 5318 5477 11999
f 5846 5585 5319
f 5981 5846 5319
f 10962 5981 5319
f 5320 11562 11992
f 5320 11992 12573
f 5321 5452 5574
f 5321 5574 11639
f 5322 5389 5424
f 5536 5335 5323
f 5323 5338 12094
f 12094 5536 5323
f 12262 5466 5324
f 5324 5466 12652
f 5325 5549 5694
f 5694 5591 5325
f 5326 5342 5400
f 5326 5400 5413
f 5326 5413 11162
f 5433 5333 5327
f 5327 5398 11167
f 5513 5433 5327
f 11167 5513 5327
f 5328 5365 5473
f 11516 5365 5328
f 5681 5448 5328
f 5328 5448 11516
f 5328 5473 5580
f 5328 5580 5681
f 5651 5538 5329
f 5668 5651 5329
f 11236 5668 5329
f 5330 5381 5663
f 5663 5614 5330
f 5330 5614 11560
f 12650 5489 5331
f 5331 12310 12633
f 5331 12633 12650
f 5332 11118 11562
f 12398 11118 5332
f 5332 12149 12398
f 5333 5433 5478
f 5478 5434 5333
f 5333 10751 10993
f 5334 5393 5544
f 5544 5499 5334
f 5536 5395 5335
f 6147 5552 5336
f 5336 6116 6489
f 6489 6147 5336
f 5713 5461 5337
f 5337 5461 11633
f 11100 5713 5337
f 10871 5766 5337
f 5337 5766 11100
f 5338 5384 5492
f 5338 5492 12094
f 5339 5352 5625
f 5628 5482 5339
f 5339 5625 5628
f 5340 5374 5521
f 5521 5392 5340
f 5340 5392 11135
f 10972 5357 5341
f 5341 5357 12559
f 5599 5520 5341
f 12559 5599 5341
f 5342 5367 5400
f 5343 5515 5582
f 5344 5363 11469
f 5578 5510 5344
f 5344 5510 12791
f 11469 5578 5344
f 5345 5448 5567
f 11358 5448 5345
f 5674 5566 5345
f 5345 5567 5674
f 5345 10768 11358
f 12707 5443 5346
f 5346 11500 12707
f 5347 5368 11477
f 12133 5368 5347
f 10589 5393 5347
f 11477 10589 5347
f 5348 5524 5594
f 5594 5556 5348
f 5349 5573 11168
f 11168 5589 5349
f 5349 5589 11841
f 5711 5642 5350
f 5350 5642 12105
f 11297 5711 5350
f 12457 11297 5350
f 5350 11703 12457
f 5351 5411 5546
f 5546 5468 5351
f 5352 5459 5660
f 5660 5625 5352
f 5353 5558 5721
f 11138 5558 5353
f 5721 5702 5353
f 5354 5555 10914
f 11938 5555 5354
f 5355 5483 5491
f 12108 5477 5356
f 5356 5498 12020
f 5356 12020 12108
f 11504 5560 5357
f 5357 5560 12356
f 5357 10972 12467
f 12467 11504 5357
f 5357 12356 12559
f 5733 5396 5358
f 5358 5467 5652
f 12537 5467 5358
f 5358 5652 5934
f 5934 5733 5358
f 5607 5431 5359
f 5359 5440 5647
f 5647 5607 5359
f 5610 5389 5360
f 5360 5419 5744
f 5709 5610 5360
f 5744 5709 5360
f 11517 5437 5361
f 5361 5437 11646
f 11919 11517 5361
f 11620 11619 5361
f 5361 11619 11919
f 11646 11620 5361
f 5557 5438 5362
f 5363 5535 11469
f 5364 5447 5531
f 11900 5473 5365
f 5366 5449 5560
f 5366 5560 11504
f 12206 5400 5367
f 5367 11171 12206
f 5368 5569 5678
f 5368 5678 11477
f 5368 12133 12370
f 5369 5689 11920
f 11988 5689 5369
f 5369 11920 12781
f 5370 5432 5530
f 5370 5530 5545
f 5370 5545 12056
f 10970 5543 5371
f 5371 5585 10970
f 5729 5399 5372
f 5372 5468 5729
f 5502 5394 5373
f 5373 5464 5486
f 5373 5486 5502
f 5588 5521 5374
f 5374 5554 5649
f 11428 5554 5374
f 5649 5588 5374
f 5375 5556 5655
f 5375 5655 11138
f 6145 5549 5376
f 5376 6022 6105
f 5376 6105 6145
f 5377 5405 5540
f 5801 5427 5377
f 5377 5540 5650
f 5377 5650 5801
f 5378 5429 5692
f 5722 5474 5378
f 5378 5692 5722
f 5828 5383 5379
f 5379 5383 11389
f 5379 5460 5828
f 12652 5460 5379
f 5379 11389 11877
f 5380 5414 5550
f 5380 5550 12531
f 5380 12531 12540
f 5381 5630 5663
f 5382 5442 5532
f 10587 5442 5382
f 5383 5498 11389
f 12020 5498 5383
f 5383 5828 12020
f 5384 5482 5658
f 5658 5492 5384
f 5469 5400 5385
f 5385 5400 12206
f 5528 5469 5385
f 5385 5471 5528
f 12206 11985 5385
f 5386 5582 5886
f 5386 5886 11305
f 5387 5407 5672
f 5640 5425 5387
f 5672 5640 5387
f 5632 5563 5388
f 5516 5424 5389
f 5604 5516 5389
f 5610 5604 5389
f 5390 5491 5653
f 11105 5491 5390
f 5653 5519 5390
f 5704 5539 5391
f 5391 5539 11217
f 5391 11217 11438
f 5392 5521 5586
f 5586 5572 5392
f 10589 5544 5393
f 5559 5398 5394
f 5394 5502 5559
f 5536 5496 5395
f 5733 5515 5396
f 5719 5537 5397
f 5397 5621 5719
f 11112 5621 5397
f 11514 11112 5397
f 5398 5559 11167
f 5399 5729 10593
f 6100 5825 5399
f 10593 6100 5399
f 5469 5413 5400
f 5401 5436 11149
f 5908 5716 5401
f 5401 5716 11618
f 11149 5908 5401
f 5402 5587 6504
f 10584 5587 5402
f 5402 6504 10725
f 5402 10569 10584
f 10725 10644 5402
f 5403 5670 5724
f 5404 5443 5706
f 5404 5706 11596
f 5404 11596 11856
f 5404 11856 12131
f 5405 5474 5540
f 5406 5479 5600
f 5406 5600 11379
f 5406 11379 11938
f 5673 5672 5407
f 5408 5425 5777
f 5700 5426 5408
f 5777 5700 5408
f 5409 5410 5818
f 11289 5475 5409
f 5883 5800 5409
f 5409 5800 11289
f 5409 5818 5883
f 5410 5445 11451
f 11451 5818 5410
f 5603 5546 5411
f 5665 5603 5411
f 12452 5665 5411
f 5537 5523 5412
f 5413 5469 12461
f 12461 11285 5413
f 5414 5520 5550
f 5533 5471 5415
f 5602 5533 5415
f 5416 5453 5581
f 12525 5453 5416
f 5581 5517 5416
f 5416 5517 12045
f 5416 12045 12525
f 5417 5451 5637
f 5637 5453 5417
f 5417 5453 11143
f 5616 5526 5418
f 5418 5561 5616
f 5419 5441 5744
f 5736 5534 5420
f 5898 5736 5420
f 5421 5525 5606
f 11285 5525 5421
f 5627 5564 5421
f 5421 5606 5627
f 11093 5617 5422
f 5422 5617 12066
f 5422 10585 11596
f 11596 11093 5422
f 5659 5602 5423
f 12374 5659 5423
f 5423 10701 12374
f 5424 5516 5569
f 5425 5640 5777
f 5426 5700 5760
f 5583 5459 5427
f 5801 5583 5427
f 5935 5452 5428
f 5428 5684 5935
f 5429 5584 11207
f 12323 5584 5429
f 11207 5692 5429
f 5680 5524 5430
f 5430 5563 5680
f 5431 5607 5648
f 5431 5648 12452
f 5432 5529 5530
f 10750 5529 5432
f 5513 5478 5433
f 5484 5440 5434
f 5434 5478 5618
f 5618 5484 5434
f 5435 5511 12263
f 5784 5542 5435
f 5435 5542 12707
f 12263 5784 5435
f 12707 11500 5435
f 12270 11149 5436
f 12734 12270 5436
f 11517 11426 5437
f 5437 11426 12270
f 5437 12270 12734
f 5438 5557 5727
f 5727 5641 5438
f 5676 5595 5439
f 5439 5623 5676
f 5440 5484 5647
f 5441 5671 5744
f 5954 5532 5442
f 5442 5590 6002
f 6002 5954 5442
f 5443 5542 5748
f 12707 5542 5443
f 5748 5706 5443
f 5444 5455 5750
f 6099 5495 5444
f 5444 5495 10607
f 5444 5750 6099
f 5445 5461 11451
f 11633 5461 5445
f 12383 11633 5445
f 11332 5547 5446
f 10641 5823 5446
f 5446 5823 11332
f 5732 5531 5447
f 5447 5589 5701
f 11841 5589 5447
f 5447 5701 5732
f 12311 5567 5448
f 5448 5681 12311
f 5448 11358 11738
f 11738 11516 5448
f 11719 5560 5449
f 5449 5564 5690
f 5449 5690 11719
f 5761 5507 5450
f 5450 5693 5761
f 11447 5693 5450
f 5451 5481 5715
f 5731 5637 5451
f 5451 5715 5731
f 5935 5574 5452
f 5637 5581 5453
f 12525 11143 5453
f 5803 5557 5454
f 5454 5742 5803
f 10727 5742 5454
f 5455 5562 5750
f 5456 5517 5698
f 5698 5568 5456
f 5456 5568 12495
f 5457 5514 5667
f 5667 5612 5457
f 5457 5612 10735
f 5458 5477 5798
f 11999 5477 5458
f 5458 5798 5922
f 5922 5836 5458
f 5458 11936 11999
f 5459 5583 5660
f 12652 5466 5460
f 5460 5466 12662
f 12029 5828 5460
f 12662 12029 5460
f 5461 5713 5791
f 5461 5791 11451
f 5462 5657 11054
f 11280 5657 5462
f 11054 5964 5462
f 5462 5964 11295
f 5463 5504 5837
f 12581 5504 5463
f 12265 5652 5463
f 5463 5652 12581
f 5463 5837 12447
f 12447 12265 5463
f 5799 5486 5464
f 5464 5571 5799
f 5465 5538 5677
f 5465 5677 5946
f 5946 5899 5465
f 5465 5899 11029
f 5466 12262 12771
f 12771 12662 5466
f 12581 5652 5467
f 5468 5546 11406
f 11406 5729 5468
f 5528 5525 5469
f 5469 5525 12461
f 5470 5619 5916
f 11432 5619 5470
f 11269 5644 5470
f 5470 5644 12633
f 5470 5916 11269
f 12633 12310 5470
f 5553 5528 5471
f 5471 5533 5553
f 5472 5805 5983
f 5983 5866 5472
f 5473 5506 5580
f 11900 5506 5473
f 5722 5540 5474
f 11289 5630 5475
f 5631 5483 5476
f 5476 5499 5626
f 5476 5626 5631
f 12501 5798 5477
f 5477 12108 12501
f 5478 5513 5575
f 5478 5575 5645
f 5645 5618 5478
f 5734 5600 5479
f 5479 5639 5734
f 5480 5526 5710
f 5480 5710 11280
f 5481 5705 5715
f 5482 5628 5708
f 5708 5658 5482
f 5605 5491 5483
f 5631 5605 5483
f 5484 5618 5647
f 5485 5512 5730
f 5876 5590 5485
f 5485 5730 5876
f 5613 5502 5486
f 5728 5613 5486
f 10591 5728 5486
f 5486 5799 10591
f 6052 5509 5487
f 5487 6001 6052
f 5488 5689 5868
f 11920 5689 5488
f 5868 5852 5488
f 5488 5852 11948
f 11948 11367 5488
f 5488 11367 12781
f 12781 11920 5488
f 5489 5644 5778
f 12650 5644 5489
f 5489 5778 12771
f 12771 11850 5489
f 5490 5497 5703
f 5691 5596 5490
f 5490 5596 11668
f 5703 5691 5490
f 5491 5605 5653
f 5658 5608 5492
f 5492 5608 12094
f 5751 5639 5493
f 5494 5568 5769
f 12495 5568 5494
f 5769 5683 5494
f 6131 6022 5495
f 5495 6099 6131
f 5496 5536 5629
f 5629 5570 5496
f 5497 5622 5703
f 5499 5544 5626
f 5669 5527 5500
f 5500 5527 11664
f 5740 5669 5500
f 11305 5740 5500
f 6106 5847 5501
f 5501 5962 6214
f 11150 5962 5501
f 6274 6106 5501
f 5501 6214 6274
f 5613 5559 5502
f 5865 5753 5503
f 5503 5794 5865
f 10828 5794 5503
f 5504 5597 5837
f 11321 5597 5504
f 10708 5696 5505
f 5505 5760 10708
f 5506 5565 5634
f 5634 5580 5506
f 5901 5632 5507
f 5507 5761 5901
f 5877 5522 5508
f 5508 5522 11988
f 5508 5527 5636
f 5508 5636 5756
f 5508 5756 5877
f 6052 5775 5509
f 5714 5565 5510
f 5510 5565 12565
f 5510 5578 5714
f 5510 12565 12791
f 5511 5685 12263
f 5512 5547 5699
f 5512 5699 5730
f 5675 5575 5513
f 11167 5675 5513
f 5514 5642 5695
f 12105 5642 5514
f 5695 5667 5514
f 5904 5582 5515
f 5515 5733 5904
f 5737 5569 5516
f 5516 5604 5737
f 5517 5581 5723
f 5771 5698 5517
f 5517 5723 5771
f 5518 5641 6077
f 5952 5670 5518
f 6077 5952 5518
f 5738 5624 5519
f 5519 5653 5666
f 5519 5666 5738
f 5654 5550 5520
f 5520 5599 5654
f 12494 5586 5521
f 5521 5588 12494
f 5871 5689 5522
f 5522 5689 11988
f 6014 5871 5522
f 5522 5877 6014
f 5523 5537 5972
f 6076 5742 5523
f 5523 5742 10727
f 5523 5972 6076
f 5679 5594 5524
f 5680 5679 5524
f 5525 5528 5606
f 5525 11285 12461
f 5526 5616 5790
f 5790 5710 5526
f 5669 5636 5527
f 5528 5553 5606
f 5638 5530 5529
f 5820 5638 5529
f 5529 5661 5820
f 10750 5661 5529
f 5646 5545 5530
f 5530 5638 5646
f 5834 5673 5531
f 5531 5732 5834
f 6080 5611 5532
f 5532 5954 6080
f 5601 5553 5533
f 5635 5601 5533
f 5533 5602 5635
f 5534 5736 5959
f 5534 5832 10835
f 11588 5832 5534
f 5534 5959 11588
f 5759 5615 5535
f 5535 5615 11469
f 5535 5743 5759
f 11992 5743 5535
f 12573 11992 5535
f 5536 5608 5629
f 12094 5608 5536
f 5537 5719 5972
f 5538 5651 5677
f 5539 5704 10792
f 10792 6304 5539
f 5539 6304 11291
f 5539 10685 11251
f 11291 10685 5539
f 11251 11217 5539
f 12752 5650 5540
f 5540 5722 12752
f 5541 5609 6345
f 6345 6058 5541
f 5929 5748 5542
f 5542 5784 5929
f 5543 5597 11321
f 11771 5597 5543
f 11321 10884 5543
f 5543 10970 11771
f 11458 5626 5544
f 5544 10589 11458
f 5545 5646 5814
f 5926 5783 5545
f 5545 5783 12056
f 5545 5814 5926
f 5546 5603 5770
f 5546 5770 11406
f 11332 5699 5547
f 6160 5573 5548
f 5548 5688 6160
f 11163 5688 5548
f 5982 5694 5549
f 6145 5982 5549
f 5687 5643 5550
f 5550 5643 12531
f 5550 5654 5687
f 11006 5577 5551
f 5551 5577 11912
f 5551 5614 11221
f 12693 5614 5551
f 11221 11006 5551
f 6147 5816 5552
f 5553 5601 5606
f 5811 5649 5554
f 10579 5811 5554
f 11318 10579 5554
f 11428 11318 5554
f 10672 10588 5555
f 5555 10588 10914
f 12048 10672 5555
f 11938 11379 5555
f 5555 11379 12048
f 5556 5594 5718
f 5718 5655 5556
f 5757 5727 5557
f 5803 5757 5557
f 5558 5576 5928
f 11138 5576 5558
f 5928 5721 5558
f 5559 5613 5919
f 5833 5726 5559
f 5559 5726 11167
f 5919 5833 5559
f 5560 11719 12356
f 5561 5579 5707
f 5707 5616 5561
f 5562 5595 5851
f 5851 5750 5562
f 5563 5632 10983
f 5966 5680 5563
f 10983 5966 5563
f 5564 5627 5690
f 5739 5634 5565
f 5565 5714 5739
f 5566 5674 5758
f 5566 5758 11322
f 11322 10871 5566
f 5776 5674 5567
f 12311 5776 5567
f 5568 5698 5879
f 5879 5769 5568
f 5737 5678 5569
f 5570 5629 5796
f 5570 5796 11356
f 5570 10579 11222
f 11356 10579 5570
f 5858 5799 5571
f 6032 5858 5571
f 5752 5579 5572
f 5572 5586 5752
f 6160 6026 5573
f 5573 6026 11025
f 5573 11025 11168
f 5951 5688 5574
f 5574 5688 11163
f 5574 5935 6017
f 6017 5951 5574
f 5574 11163 11639
f 5720 5645 5575
f 5575 5675 5720
f 5576 5655 5942
f 11138 5655 5576
f 5942 5928 5576
f 5849 5598 5577
f 5577 5598 11912
f 6059 5849 5577
f 11006 6059 5577
f 11469 5615 5578
f 5578 5615 11643
f 11643 5714 5578
f 5821 5707 5579
f 5579 5752 5821
f 5580 5634 5662
f 5580 5662 5856
f 5856 5681 5580
f 5581 5637 5712
f 5581 5712 5723
f 5958 5886 5582
f 5582 5904 5958
f 5961 5660 5583
f 5583 5801 12320
f 12320 5961 5583
f 5584 5592 5903
f 12323 5592 5584
f 6107 5664 5584
f 5584 5664 11207
f 5584 5903 6107
f 5585 5846 6012
f 5585 6012 10944
f 5585 10944 10970
f 11262 5752 5586
f 12494 11262 5586
f 5587 5836 6066
f 5587 6066 6360
f 5587 6360 6504
f 5588 5649 5765
f 5588 5765 12568
f 12568 12494 5588
f 11168 5701 5589
f 5590 5876 6002
f 5591 5694 5779
f 5591 5779 5895
f 5845 5810 5591
f 5895 5845 5591
f 5592 5617 5903
f 12066 5617 5592
f 5593 5762 5887
f 5593 5887 11752
f 5593 11752 11919
f 5594 5679 5787
f 5787 5718 5594
f 5595 5676 5851
f 5596 5691 5974
f 5974 5794 5596
f 5596 5794 10828
f 5596 10828 11668
f 5927 5837 5597
f 5597 5842 5927
f 11771 5842 5597
f 5849 5619 5598
f 5598 5619 11432
f 5599 5633 5717
f 12559 5633 5599
f 5717 5654 5599
f 5600 5734 5985
f 5600 5985 11379
f 5745 5606 5601
f 5601 5635 5697
f 5601 5697 5806
f 5806 5745 5601
f 5697 5635 5602
f 5602 5659 5697
f 5603 5665 5770
f 5604 5610 5741
f 5741 5737 5604
f 5605 5631 5795
f 5768 5653 5605
f 5795 5768 5605
f 5686 5627 5606
f 5745 5686 5606
f 5607 5647 5841
f 5809 5648 5607
f 5841 5809 5607
f 12237 5629 5608
f 5608 5658 5819
f 5608 5819 12237
f 5609 5825 6540
f 6540 6345 5609
f 5610 5709 5741
f 6080 5671 5611
f 5612 5667 5786
f 5612 5786 11461
f 5612 5813 10735
f 11461 5813 5612
f 5613 5728 5789
f 5613 5789 5919
f 5614 5663 11161
f 5614 11161 11221
f 12693 11560 5614
f 5615 5759 5867
f 5615 5867 11643
f 5616 5707 5933
f 5933 5790 5616
f 6223 5903 5617
f 11045 6223 5617
f 11093 11045 5617
f 5618 5645 5906
f 5906 5647 5618
f 5619 5849 5995
f 5995 5916 5619
f 5950 5668 5620
f 5620 5668 11236
f 5620 5682 5957
f 5957 5950 5620
f 6122 5719 5621
f 5621 5899 6122
f 11029 5899 5621
f 5826 5703 5622
f 10592 5826 5622
f 10644 10592 5622
f 5875 5676 5623
f 5623 5852 5875
f 11948 5852 5623
f 5802 5704 5624
f 5624 5738 5802
f 5747 5628 5625
f 5625 5660 5893
f 5893 5747 5625
f 11654 5631 5626
f 5626 11458 11654
f 5627 5686 5690
f 5747 5708 5628
f 12129 5796 5629
f 12237 12129 5629
f 5891 5663 5630
f 11713 5891 5630
f 5630 11289 11713
f 11654 5795 5631
f 5632 5901 10983
f 5633 5656 5717
f 12356 5656 5633
f 12559 12356 5633
f 5804 5662 5634
f 5634 5739 5804
f 5636 5669 5774
f 5774 5756 5636
f 5840 5712 5637
f 5637 5731 5840
f 5725 5646 5638
f 6142 5725 5638
f 5638 5820 6142
f 6024 5734 5639
f 5639 5751 6024
f 5640 5672 5855
f 5855 5777 5640
f 5641 5727 6093
f 6093 6077 5641
f 5746 5695 5642
f 5642 5711 5843
f 5843 5746 5642
f 5749 5659 5643
f 5643 5659 12374
f 5643 5687 5749
f 5643 12374 12531
f 12077 5778 5644
f 5644 11269 12077
f 12650 12633 5644
f 5645 5720 11039
f 11039 5906 5645
f 5646 5725 5814
f 5647 5780 5841
f 5906 5780 5647
f 5807 5665 5648
f 5648 5665 12452
f 5984 5807 5648
f 5648 5809 5984
f 5811 5765 5649
f 5650 5773 12294
f 12752 5773 5650
f 12294 5801 5650
f 5651 5668 5822
f 5822 5677 5651
f 12265 5934 5652
f 5788 5666 5653
f 5653 5768 5788
f 5763 5687 5654
f 5654 5717 5763
f 5655 5718 5942
f 5656 5690 5764
f 11719 5690 5656
f 5785 5717 5656
f 5656 5764 5785
f 12356 11719 5656
f 5657 5710 5921
f 11280 5710 5657
f 5657 5921 11054
f 5658 5708 5965
f 5965 5819 5658
f 5755 5697 5659
f 5659 5749 5755
f 5961 5893 5660
f 5661 5813 5878
f 10735 5813 5661
f 6020 5820 5661
f 5661 5878 6020
f 5804 5792 5662
f 5662 5792 5856
f 5663 5891 11161
f 5664 6107 6197
f 5664 6197 6288
f 5664 6288 12121
f 12121 11207 5664
f 11667 5770 5665
f 5665 5807 11667
f 5990 5738 5666
f 5666 5788 5925
f 5666 5925 5990
f 5667 5695 5786
f 5950 5822 5668
f 5669 5740 5890
f 5890 5774 5669
f 6161 5724 5670
f 5670 5952 6572
f 6572 6161 5670
f 6165 5744 5671
f 5671 6080 6165
f 5672 5673 6051
f 6069 5855 5672
f 5672 6051 6069
f 5673 5834 11499
f 11499 6051 5673
f 5924 5758 5674
f 5674 5776 5872
f 5674 5872 5924
f 5817 5720 5675
f 5675 5726 5815
f 11167 5726 5675
f 5675 5815 5817
f 6048 5851 5676
f 5676 5875 6083
f 6083 6048 5676
f 5677 5822 5946
f 5678 5737 5782
f 5678 5782 5829
f 5678 5829 11477
f 5679 5680 5853
f 5853 5787 5679
f 5909 5853 5680
f 5966 5909 5680
f 5856 5793 5681
f 5681 5793 12311
f 10835 5832 5682
f 5682 5832 11530
f 11530 5957 5682
f 5683 5769 6023
f 6023 5917 5683
f 5683 5917 10957
f 6291 5935 5684
f 5684 6058 6291
f 5685 5702 5910
f 6141 5784 5685
f 5685 5784 12263
f 5685 5910 6085
f 5685 6085 6141
f 5764 5690 5686
f 5686 5745 5808
f 5808 5764 5686
f 5763 5749 5687
f 5688 5951 6160
f 5871 5868 5689
f 5691 5703 5824
f 5691 5824 5912
f 5691 5912 5974
f 6029 5722 5692
f 12121 6029 5692
f 5692 11207 12121
f 5862 5761 5693
f 6068 5862 5693
f 10588 6068 5693
f 11447 10588 5693
f 5930 5779 5694
f 5982 5930 5694
f 5695 5746 5797
f 5797 5786 5695
f 6210 6032 5696
f 10708 6210 5696
f 5697 5755 5806
f 5698 5771 6006
f 6006 5879 5698
f 6196 5730 5699
f 5699 5754 6284
f 11332 5754 5699
f 6284 6196 5699
f 6005 5760 5700
f 5700 5777 6007
f 6007 6005 5700
f 6088 5732 5701
f 6156 6088 5701
f 11025 6156 5701
f 11168 11025 5701
f 5702 5721 5910
f 6010 5824 5703
f 5703 5826 6010
f 5704 5802 6097
f 5704 6097 6309
f 5704 6309 10792
f 5827 5715 5705
f 6003 5827 5705
f 5705 5937 6003
f 10775 5937 5705
f 5706 5748 6019
f 5706 6019 11093
f 5706 11093 11596
f 5707 5821 5933
f 5708 5747 5870
f 5708 5870 6078
f 6078 5965 5708
f 5863 5741 5709
f 5709 5744 5881
f 5881 5863 5709
f 5710 5790 6055
f 6055 5921 5710
f 5711 5716 5948
f 11297 5716 5711
f 5948 5843 5711
f 5938 5723 5712
f 5712 5840 11698
f 11698 5938 5712
f 5955 5791 5713
f 11200 5955 5713
f 5713 11100 11200
f 5844 5739 5714
f 12678 5844 5714
f 5714 11643 12678
f 5888 5731 5715
f 5715 5827 5888
f 5716 5908 6042
f 6042 5948 5716
f 5716 11297 11618
f 5785 5763 5717
f 5718 5787 5998
f 5998 5942 5718
f 6385 5972 5719
f 5719 6122 6385
f 5720 5817 5923
f 5720 5923 11039
f 5969 5910 5721
f 5721 5928 6082
f 6082 5969 5721
f 6029 5773 5722
f 5722 5773 12752
f 5938 5771 5723
f 6675 6001 5724
f 5724 6161 7252
f 7252 6675 5724
f 5963 5814 5725
f 5996 5963 5725
f 6142 5996 5725
f 5848 5815 5726
f 5726 5833 5848
f 5727 5757 6093
f 5979 5789 5728
f 10591 5979 5728
f 10745 10593 5729
f 11406 10745 5729
f 6196 5876 5730
f 5888 5840 5731
f 6088 5834 5732
f 5992 5904 5733
f 5733 5934 12369
f 12369 5992 5733
f 6035 5985 5734
f 5734 6024 6035
f 5735 5887 5956
f 11752 5887 5735
f 5735 5956 5997
f 5735 5997 11426
f 5735 11426 11517
f 5735 11517 11752
f 5736 5898 6185
f 10997 5959 5736
f 5736 6185 10997
f 5737 5741 5863
f 5900 5782 5737
f 5737 5863 6000
f 6000 5900 5737
f 5990 5802 5738
f 5844 5804 5739
f 5740 5886 6124
f 11305 5886 5740
f 6124 5890 5740
f 6215 5803 5742
f 5742 6076 6351
f 6351 6215 5742
f 5854 5759 5743
f 5743 5781 5907
f 11118 5781 5743
f 5907 5854 5743
f 11562 11118 5743
f 11992 11562 5743
f 10788 5881 5744
f 5744 6165 10788
f 5745 5806 5808
f 5860 5797 5746
f 5746 5843 5949
f 5949 5860 5746
f 6036 5870 5747
f 5747 5893 6036
f 5748 5929 12214
f 12214 6019 5748
f 5812 5755 5749
f 5749 5763 5812
f 5750 5851 5999
f 5750 5999 6099
f 5751 5783 5978
f 5751 5978 6024
f 5918 5821 5752
f 6101 5918 5752
f 11262 6101 5752
f 5753 5865 5945
f 5753 5945 5981
f 5753 5981 10962
f 5754 5823 6431
f 11332 5823 5754
f 6431 6284 5754
f 5812 5806 5755
f 5756 5774 6045
f 6045 5877 5756
f 5757 5803 6267
f 6267 6093 5757
f 5911 5766 5758
f 5758 5766 11322
f 5989 5911 5758
f 5758 5924 5989
f 5759 5854 5897
f 5939 5867 5759
f 5759 5897 5939
f 5760 6005 6183
f 5760 6183 10708
f 5761 5862 10934
f 10934 5901 5761
f 5762 5866 5931
f 6117 5887 5762
f 5762 5931 6092
f 5762 6092 6117
f 5763 5785 5812
f 5808 5785 5764
f 5765 5811 12194
f 12194 5987 5765
f 5765 5987 12568
f 5766 5911 6038
f 5766 6038 11100
f 5766 10871 11322
f 6061 5805 5767
f 5767 5847 6061
f 5859 5788 5768
f 5768 5795 5859
f 5769 5879 6098
f 6098 6023 5769
f 5770 10639 10745
f 11667 10639 5770
f 5770 10745 11406
f 5938 5861 5771
f 5771 5861 6006
f 5864 5795 5772
f 5772 5795 11654
f 5772 5839 5864
f 12075 5839 5772
f 5772 11654 12075
f 5773 6029 11612
f 5773 11612 12294
f 5774 5890 12259
f 11534 6045 5774
f 12259 11534 5774
f 5775 6052 6390
f 6390 6116 5775
f 5776 5793 5968
f 12311 5793 5776
f 5968 5872 5776
f 5777 5855 6073
f 6073 6007 5777
f 11939 11365 5778
f 5778 11365 12771
f 12077 11939 5778
f 5930 5895 5779
f 6123 5841 5780
f 5780 5906 10691
f 6402 6123 5780
f 10691 6402 5780
f 6138 5907 5781
f 5781 5917 6121
f 10966 5917 5781
f 5781 6121 6138
f 11118 10966 5781
f 5894 5829 5782
f 5991 5894 5782
f 5782 5900 5991
f 5783 5926 6110
f 6110 5978 5783
f 6141 5929 5784
f 5785 5808 5812
f 5786 5797 5885
f 5786 5885 5892
f 5786 5892 11461
f 5787 5853 6030
f 6030 5998 5787
f 5788 5859 5960
f 5960 5925 5788
f 6033 5919 5789
f 5789 5979 6113
f 6113 6033 5789
f 5790 5933 6055
f 5988 5818 5791
f 5791 5818 11451
f 5791 5955 6067
f 6067 5988 5791
f 5792 5804 5831
f 5792 5831 5873
f 5882 5856 5792
f 5792 5873 5882
f 5793 5856 5884
f 5793 5884 5968
f 5974 5865 5794
f 5864 5859 5795
f 6155 6128 5796
f 5796 6128 11356
f 12119 6155 5796
f 12129 12119 5796
f 5860 5838 5797
f 5797 5838 5869
f 5797 5869 5885
f 5798 5850 5973
f 12501 5850 5798
f 5973 5922 5798
f 5799 5858 12634
f 5799 6004 10591
f 12634 6004 5799
f 5800 5883 12164
f 5800 6175 11713
f 12164 6175 5800
f 11713 11289 5800
f 5801 12294 12320
f 5802 5990 12400
f 6407 6097 5802
f 12400 6407 5802
f 5803 6215 6267
f 5844 5831 5804
f 6139 5983 5805
f 5805 6061 6139
f 5812 5808 5806
f 5984 5967 5807
f 5807 5967 11667
f 5809 5841 6016
f 6016 5984 5809
f 5810 5845 6047
f 6047 5962 5810
f 5810 5962 11150
f 10579 5940 5811
f 5811 5940 10675
f 10675 6226 5811
f 5811 6226 12194
f 5889 5878 5813
f 11461 5889 5813
f 6028 5926 5814
f 5814 5963 6028
f 5857 5817 5815
f 5815 5848 5869
f 5869 5857 5815
f 6522 5830 5816
f 5816 6147 6461
f 5816 6461 6522
f 5817 5857 5923
f 5988 5883 5818
f 5819 5965 6072
f 5819 6072 12119
f 5819 12119 12129
f 5819 12129 12237
f 5820 6020 6142
f 5821 5918 6169
f 11104 5933 5821
f 5821 6169 11104
f 6046 5946 5822
f 5822 5950 6046
f 5823 5830 6522
f 10641 5830 5823
f 6651 6431 5823
f 5823 6522 6651
f 6018 5912 5824
f 5824 6010 6118
f 6118 6018 5824
f 5825 6100 6540
f 6369 6010 5826
f 10592 6369 5826
f 12627 5888 5827
f 5827 6003 12717
f 12717 12627 5827
f 6009 5835 5828
f 5828 5835 12020
f 5828 5980 6009
f 12029 5980 5828
f 5894 5839 5829
f 5829 5839 12075
f 5829 10589 11477
f 12075 10589 5829
f 5831 5844 5880
f 5874 5873 5831
f 5914 5874 5831
f 5831 5880 5914
f 6297 6114 5832
f 5832 6114 11530
f 11588 6297 5832
f 5902 5848 5833
f 5919 5902 5833
f 5834 6088 6149
f 5834 6149 11499
f 5835 5850 12108
f 12386 5850 5835
f 5835 6009 12386
f 12108 12020 5835
f 5836 5922 6066
f 5837 5927 6071
f 5837 6071 12447
f 5860 5857 5838
f 5838 5857 5869
f 5915 5864 5839
f 5839 5894 5915
f 5840 5888 12448
f 12448 11698 5840
f 6127 6016 5841
f 5841 6123 6127
f 5970 5927 5842
f 10944 5970 5842
f 11771 10944 5842
f 5843 5948 5949
f 12678 5880 5844
f 5845 5895 6047
f 5846 5981 6062
f 6062 6012 5846
f 6106 6061 5847
f 5896 5869 5848
f 5902 5896 5848
f 6218 5995 5849
f 5849 6059 6218
f 12557 5973 5850
f 12501 12108 5850
f 5850 12386 12557
f 6112 5999 5851
f 5851 6048 6112
f 5852 5868 6025
f 6044 5875 5852
f 5852 6025 6044
f 5853 5909 6030
f 5932 5897 5854
f 5854 5907 5932
f 5855 6069 6073
f 5856 5882 5953
f 5944 5884 5856
f 5953 5944 5856
f 5857 5860 5923
f 5858 6032 6074
f 5858 6074 6144
f 5858 6144 12634
f 5859 5864 5960
f 5949 5923 5860
f 5861 5938 11846
f 6152 6006 5861
f 10542 6152 5861
f 11846 10542 5861
f 5862 6068 6163
f 5862 6163 6296
f 5862 6296 10934
f 5863 5881 6000
f 5864 5915 6037
f 6037 5960 5864
f 11059 5945 5865
f 5865 5974 6228
f 5865 6228 11059
f 6253 5931 5866
f 5866 5983 6253
f 5943 5880 5867
f 5867 5880 11643
f 5867 5939 5943
f 5868 5871 6027
f 6027 6025 5868
f 5896 5885 5869
f 5870 6036 6064
f 5870 6064 6078
f 5871 6014 6120
f 6120 6027 5871
f 6070 5924 5872
f 5872 5968 6091
f 6091 6070 5872
f 5873 5874 5920
f 5975 5882 5873
f 5873 5920 5975
f 5874 5914 5976
f 5936 5920 5874
f 5976 5936 5874
f 5875 6044 6188
f 6188 6083 5875
f 6515 6002 5876
f 5876 6196 6515
f 6045 6014 5877
f 5878 5889 6013
f 5878 6013 6084
f 6084 6020 5878
f 5879 6006 6152
f 6152 6098 5879
f 5943 5914 5880
f 12678 11643 5880
f 6140 6000 5881
f 6290 6140 5881
f 10788 6290 5881
f 6015 5953 5882
f 5882 5975 6015
f 5883 5988 6151
f 5883 6151 6220
f 5883 6220 12164
f 5884 5944 5968
f 5896 5892 5885
f 5886 5958 6056
f 6056 5994 5886
f 5886 5994 6124
f 6117 5956 5887
f 12645 12448 5888
f 5888 12627 12645
f 5889 5892 5971
f 11461 5892 5889
f 5889 5971 6013
f 6124 6050 5890
f 5890 6050 12259
f 6132 6060 5891
f 5891 6060 11161
f 11713 6132 5891
f 5892 5896 5971
f 5893 5961 6039
f 6039 6036 5893
f 5991 5915 5894
f 5895 5930 6102
f 6102 6047 5895
f 5896 5902 5971
f 5897 5932 6063
f 6021 5939 5897
f 6063 6021 5897
f 5898 5964 6180
f 11295 5964 5898
f 5898 6180 6185
f 5899 5946 6041
f 5899 6041 6122
f 6103 5991 5900
f 5900 6000 6146
f 6146 6103 5900
f 6476 6217 5901
f 5901 6217 10983
f 10934 6476 5901
f 5902 5919 5986
f 5986 5971 5902
f 11124 6107 5903
f 5903 6223 11124
f 6184 5958 5904
f 5904 5992 6254
f 6254 6184 5904
f 5905 6059 11006
f 12625 6059 5905
f 11161 6060 5905
f 5905 6060 12198
f 5905 11006 11221
f 11221 11161 5905
f 5905 12198 12625
f 5906 10674 10691
f 11039 10674 5906
f 6054 5932 5907
f 6138 6054 5907
f 10635 6042 5908
f 5908 10590 10635
f 11149 10590 5908
f 5909 5966 6206
f 6206 6030 5909
f 5910 5969 6085
f 5911 5989 6171
f 12321 6038 5911
f 5911 6171 12321
f 6248 5974 5912
f 5912 6018 6338
f 6338 6248 5912
f 6190 5980 5913
f 5913 5980 12029
f 5913 6049 6177
f 12662 6049 5913
f 5913 6177 6190
f 5913 12029 12662
f 5914 5943 5976
f 5915 5991 6089
f 6089 6037 5915
f 5916 5947 11269
f 12157 5947 5916
f 5916 5995 6333
f 5916 6333 12157
f 5917 6023 6231
f 6380 6121 5917
f 5917 6231 6380
f 10966 10957 5917
f 5918 6101 6209
f 5918 6150 6169
f 6209 6150 5918
f 6086 5986 5919
f 5919 6033 6086
f 5920 5936 6011
f 6011 5975 5920
f 5921 6055 6126
f 5921 6126 6205
f 5921 6205 10956
f 5921 10956 11054
f 5922 5973 6357
f 6320 6066 5922
f 6357 6320 5922
f 5923 5949 6043
f 5923 6043 6173
f 5923 6173 6306
f 5923 6306 11039
f 6095 5989 5924
f 5924 6070 6095
f 5925 5960 6119
f 6303 5990 5925
f 5925 6119 6303
f 5926 6028 6075
f 5926 6075 6110
f 5927 5970 6087
f 6233 6071 5927
f 5927 6087 6233
f 5928 5942 6130
f 6108 6082 5928
f 6130 6108 5928
f 5929 6141 6301
f 6301 6232 5929
f 5929 6232 12214
f 5930 5982 6115
f 6115 6102 5930
f 6316 6092 5931
f 5931 6253 6316
f 5932 6054 6063
f 6219 6055 5933
f 11104 6219 5933
f 5934 6178 11079
f 12265 6178 5934
f 5934 11079 12369
f 6158 6017 5935
f 6291 6158 5935
f 5936 5976 6053
f 6053 6011 5936
f 6157 6003 5937
f 6307 6157 5937
f 5937 6304 6307
f 11291 6304 5937
f 10775 10685 5937
f 5937 10685 11291
f 5938 11698 11846
f 6021 5943 5939
f 10579 6065 5940
f 5940 6065 11990
f 11990 10675 5940
f 12077 5947 5941
f 5941 5947 12157
f 6444 6094 5941
f 5941 6094 11939
f 5941 6396 6484
f 12157 6396 5941
f 6484 6444 5941
f 5941 11939 12077
f 5942 5998 6266
f 6266 6130 5942
f 6021 5976 5943
f 5944 5953 6034
f 6034 5968 5944
f 6164 5981 5945
f 5945 6153 6354
f 11059 6153 5945
f 6354 6164 5945
f 6046 6041 5946
f 12077 11269 5947
f 6043 5949 5948
f 5948 6042 6081
f 6081 6043 5948
f 5950 5957 6111
f 6111 6046 5950
f 5951 6017 6136
f 5951 6136 6160
f 5952 6077 6715
f 6715 6572 5952
f 5953 6015 6034
f 5954 6002 6271
f 6863 6080 5954
f 5954 6271 6863
f 12785 6067 5955
f 5955 11200 11546
f 5955 11546 12785
f 12675 5997 5956
f 5956 6117 6235
f 5956 6235 12675
f 6114 6111 5957
f 11530 6114 5957
f 6090 6056 5958
f 6192 6090 5958
f 5958 6184 6192
f 10779 6525 5959
f 5959 6525 11588
f 5959 6773 10779
f 10997 6773 5959
f 5960 6037 6119
f 5961 6008 6039
f 12320 6008 5961
f 5962 6047 6257
f 6257 6214 5962
f 5963 5996 6159
f 6159 6028 5963
f 6216 6180 5964
f 11054 6216 5964
f 6109 6072 5965
f 5965 6078 6109
f 11394 6206 5966
f 5966 10983 11252
f 5966 11252 11394
f 5967 5984 6548
f 6548 6040 5967
f 5967 6040 10639
f 5967 10639 11667
f 5968 6034 6057
f 5968 6057 6091
f 5969 6082 6166
f 6275 6085 5969
f 5969 6166 6275
f 5970 6012 6245
f 10944 6012 5970
f 6245 6087 5970
f 5971 5986 6086
f 6086 6013 5971
f 6385 6076 5972
f 5973 6339 6460
f 12557 6339 5973
f 6460 6357 5973
f 6248 6228 5974
f 5975 6011 6137
f 6174 6015 5975
f 5975 6137 6174
f 5976 6021 6053
f 6172 6049 5977
f 5977 6049 11365
f 5977 6094 6359
f 11939 6094 5977
f 6359 6172 5977
f 5977 11365 11939
f 6207 6024 5978
f 5978 6110 6238
f 6238 6207 5978
f 5979 6004 6133
f 10591 6004 5979
f 10769 6113 5979
f 5979 6133 6234
f 5979 6234 10769
f 6293 6009 5980
f 5980 6190 6293
f 6164 6062 5981
f 6204 6115 5982
f 5982 6145 6204
f 5983 6139 6375
f 6375 6253 5983
f 5984 6016 6268
f 5984 6268 6548
f 5985 6035 11386
f 12048 11379 5985
f 5985 11386 11714
f 5985 11714 12048
f 5987 6079 6101
f 12194 6079 5987
f 5987 6101 11262
f 5987 11262 12494
f 5987 12494 12568
f 5988 6067 6151
f 5989 6095 6171
f 5990 6303 6423
f 5990 6423 12400
f 6103 6089 5991
f 6382 6254 5992
f 12369 6382 5992
f 5993 6199 10590
f 11037 6199 5993
f 5993 10590 12270
f 11426 11037 5993
f 12270 11426 5993
f 5994 6056 6162
f 6332 6124 5994
f 5994 6162 6194
f 5994 6194 6332
f 5995 6218 6491
f 6491 6333 5995
f 5996 6142 6335
f 6278 6159 5996
f 6335 6278 5996
f 5997 6255 11037
f 12675 6255 5997
f 5997 11037 11426
f 5998 6030 6225
f 5998 6225 6266
f 6224 6099 5999
f 5999 6112 6224
f 6000 6140 6146
f 6466 6052 6001
f 6675 6466 6001
f 6794 6271 6002
f 6002 6515 6794
f 6157 6134 6003
f 6003 6134 12717
f 6144 6133 6004
f 12634 6144 6004
f 6005 6007 6501
f 6501 6183 6005
f 6007 6073 6483
f 6007 6483 6590
f 6590 6501 6007
f 6187 6039 6008
f 6376 6187 6008
f 6008 6240 6376
f 12294 6240 6008
f 12320 12294 6008
f 6293 6289 6009
f 6009 6289 6339
f 6009 6339 12386
f 6242 6118 6010
f 6261 6242 6010
f 6369 6261 6010
f 6011 6053 6129
f 6011 6129 6202
f 6202 6137 6011
f 6012 6062 6245
f 10531 6084 6013
f 6013 6086 6148
f 6013 6148 10531
f 6014 6045 6221
f 6221 6120 6014
f 6170 6034 6015
f 12069 6170 6015
f 6015 6174 12069
f 6016 6127 6201
f 6016 6201 6268
f 6158 6136 6017
f 6018 6118 6256
f 6018 6256 6286
f 6018 6286 6338
f 6019 6232 6279
f 12214 6232 6019
f 6279 6243 6019
f 6019 6243 11093
f 6020 6084 6142
f 6096 6053 6021
f 6021 6063 6096
f 6673 6105 6022
f 6022 6131 6464
f 6022 6464 6673
f 6023 6098 6264
f 6264 6231 6023
f 6269 6035 6024
f 6024 6207 6269
f 6025 6027 6125
f 6125 6044 6025
f 6252 6156 6026
f 6026 6156 11025
f 6026 6160 6252
f 6027 6120 6236
f 6321 6125 6027
f 6027 6236 6321
f 6401 6075 6028
f 6028 6159 6401
f 6029 6189 11612
f 12121 6189 6029
f 6030 6206 6225
f 6198 6068 6031
f 6031 6068 10588
f 6031 6179 6251
f 10672 6179 6031
f 6251 6198 6031
f 6031 10588 10672
f 6210 6074 6032
f 6143 6086 6033
f 6033 6113 6143
f 6170 6057 6034
f 6035 6269 6300
f 6035 6300 11386
f 6036 6039 6187
f 6249 6064 6036
f 6187 6186 6036
f 6036 6186 6249
f 6037 6089 6119
f 6038 6182 11200
f 12321 6182 6038
f 11200 11100 6038
f 6040 6548 10680
f 6040 7011 10593
f 10680 7011 6040
f 6040 10593 10745
f 10745 10639 6040
f 6041 6046 6563
f 6563 6122 6041
f 6203 6081 6042
f 6331 6203 6042
f 10635 6331 6042
f 6043 6081 6173
f 6044 6125 6191
f 6191 6188 6044
f 6277 6221 6045
f 11294 6277 6045
f 11534 11294 6045
f 6046 6111 6563
f 6047 6102 6250
f 6047 6250 6257
f 6048 6083 6353
f 6323 6112 6048
f 6353 6323 6048
f 6049 6172 6177
f 12662 11365 6049
f 6050 6124 6283
f 6050 6283 6419
f 6050 6419 11294
f 6050 11294 11534
f 6050 11534 12259
f 6247 6069 6051
f 11901 6247 6051
f 6051 11499 11901
f 6788 6390 6052
f 6052 6466 6788
f 6053 6096 6208
f 6208 6129 6053
f 6168 6063 6054
f 6054 6138 12478
f 12478 6168 6054
f 6181 6126 6055
f 6219 6181 6055
f 6056 6090 6162
f 6135 6091 6057
f 6170 6135 6057
f 6657 6291 6058
f 6058 6345 6520
f 6058 6520 6657
f 11028 6218 6059
f 12625 11028 6059
f 6060 6132 6260
f 6060 6260 12198
f 6061 6106 6348
f 6348 6139 6061
f 6062 6164 6346
f 6437 6245 6062
f 6062 6346 6437
f 6168 6096 6063
f 6200 6078 6064
f 6312 6200 6064
f 6064 6249 6327
f 6327 6312 6064
f 6065 6128 6343
f 11356 6128 6065
f 6065 6343 6506
f 6506 6430 6065
f 6065 6430 11990
f 6065 10579 11356
f 6066 6320 6392
f 6392 6360 6066
f 12620 6151 6067
f 12785 12620 6067
f 6193 6163 6068
f 6195 6193 6068
f 6198 6195 6068
f 6483 6073 6069
f 6069 6247 6302
f 6069 6302 6483
f 6070 6091 6167
f 6227 6095 6070
f 6070 6167 6212
f 6070 6212 6276
f 6276 6227 6070
f 6071 6176 6178
f 6233 6176 6071
f 6071 6178 12447
f 6072 6109 6211
f 11690 6154 6072
f 6072 6154 12119
f 6072 6211 11690
f 11984 6144 6074
f 6074 6210 6237
f 6074 6237 11984
f 6368 6110 6075
f 6401 6368 6075
f 6825 6351 6076
f 6076 6385 6825
f 6077 6093 6719
f 7017 6715 6077
f 6077 6719 7017
f 6200 6109 6078
f 6287 6101 6079
f 6079 6226 6449
f 12194 6226 6079
f 6449 6287 6079
f 6850 6165 6080
f 6863 6850 6080
f 6203 6173 6081
f 6082 6108 6166
f 6083 6188 6353
f 6213 6142 6084
f 6342 6213 6084
f 6084 6262 6342
f 10531 6262 6084
f 6270 6141 6085
f 6275 6270 6085
f 6086 6143 6148
f 6361 6233 6087
f 6087 6245 6386
f 6371 6361 6087
f 6386 6371 6087
f 6334 6149 6088
f 6088 6156 6285
f 6088 6285 6364
f 6364 6334 6088
f 6089 6103 6336
f 6420 6119 6089
f 6089 6336 6420
f 6192 6162 6090
f 6091 6135 6167
f 6319 6117 6092
f 6092 6316 6319
f 6093 6267 6679
f 6093 6679 6719
f 6446 6359 6094
f 6094 6444 6446
f 6227 6171 6095
f 6096 6168 6281
f 6230 6208 6096
f 6281 6230 6096
f 11497 6309 6097
f 6097 6407 11497
f 6098 6152 6264
f 6718 6131 6099
f 6099 6224 6391
f 6099 6391 6718
f 7507 6540 6100
f 6100 6890 7953
f 10593 6890 6100
f 7953 7507 6100
f 6287 6209 6101
f 6102 6115 6282
f 6282 6250 6102
f 6103 6146 6336
f 6104 6189 6717
f 11612 6189 6104
f 6478 6240 6104
f 6104 6240 12294
f 12025 6478 6104
f 6104 6717 12025
f 12294 11612 6104
f 6560 6145 6105
f 10586 6560 6105
f 6105 6673 10586
f 6106 6274 6428
f 6428 6348 6106
f 11375 6197 6107
f 6107 11124 11375
f 6108 6130 6433
f 11099 6166 6108
f 6108 6433 6721
f 6721 6667 6108
f 6108 6667 11099
f 6109 6200 6211
f 6368 6238 6110
f 6111 6114 6244
f 6111 6244 6552
f 6111 6552 6684
f 6684 6563 6111
f 6323 6224 6112
f 10532 6143 6113
f 10769 10532 6113
f 6297 6244 6114
f 6115 6204 6282
f 6116 6390 6838
f 6838 6489 6116
f 6319 6235 6117
f 6118 6242 6256
f 11206 6303 6119
f 6119 6420 11206
f 6120 6221 6324
f 6324 6236 6120
f 6598 6138 6121
f 6121 6380 6598
f 6776 6385 6122
f 6122 6563 6776
f 6258 6127 6123
f 6541 6258 6123
f 6123 6402 6541
f 6332 6283 6124
f 6321 6191 6125
f 6126 6181 6265
f 6265 6205 6126
f 6258 6201 6127
f 6128 6155 6294
f 6128 6294 6343
f 6241 6202 6129
f 6129 6208 6241
f 6130 6266 6433
f 6718 6464 6131
f 6132 6175 6280
f 11713 6175 6132
f 6280 6260 6132
f 6133 6144 6308
f 6133 6229 6234
f 6308 6229 6133
f 6134 6157 6451
f 6388 6311 6134
f 6134 6311 12627
f 6451 6388 6134
f 6134 12627 12717
f 6239 6167 6135
f 6135 6170 6246
f 6246 6239 6135
f 6136 6158 6318
f 6367 6160 6136
f 6136 6318 6367
f 6298 6174 6137
f 6137 6202 6314
f 6314 6298 6137
f 6138 6598 12478
f 6139 6348 6485
f 6485 6375 6139
f 6344 6146 6140
f 6140 6290 6497
f 6497 6344 6140
f 6141 6270 6301
f 6142 6213 6400
f 6400 6335 6142
f 6299 6148 6143
f 10532 6299 6143
f 11984 6308 6144
f 6397 6204 6145
f 6560 6397 6145
f 6344 6336 6146
f 6903 6461 6147
f 6147 6489 6903
f 6299 6262 6148
f 6148 6262 10531
f 6149 6334 11901
f 11901 11499 6149
f 6414 6169 6150
f 6150 6209 6326
f 6150 6326 11755
f 11374 6414 6150
f 11755 11374 6150
f 11932 6220 6151
f 12620 11932 6151
f 6467 6264 6152
f 10542 6467 6152
f 6153 6228 6612
f 11059 6228 6153
f 11011 6354 6153
f 6153 6612 11011
f 11592 6155 6154
f 6154 6155 12119
f 12712 11592 6154
f 6154 11690 12235
f 6154 12235 12712
f 11592 6294 6155
f 6156 6252 6448
f 6448 6285 6156
f 6157 6307 6451
f 6158 6291 6452
f 6452 6318 6158
f 6159 6278 12136
f 12136 6401 6159
f 6341 6252 6160
f 6367 6341 6160
f 6161 6572 7023
f 6161 7023 7252
f 6162 6192 6194
f 6163 6193 6310
f 6310 6296 6163
f 6354 6346 6164
f 6850 6263 6165
f 6165 6263 10788
f 6613 6275 6166
f 11099 6613 6166
f 6239 6212 6167
f 6374 6281 6168
f 12478 6374 6168
f 6414 6219 6169
f 6169 6219 11104
f 6328 6246 6170
f 6170 6273 6373
f 12069 6273 6170
f 6373 6328 6170
f 6171 6227 6403
f 6325 6317 6171
f 6171 6317 12321
f 6403 6325 6171
f 6259 6177 6172
f 6378 6259 6172
f 6172 6359 6370
f 6172 6370 6378
f 6173 6203 6384
f 6384 6306 6173
f 6295 6273 6174
f 6174 6273 12069
f 6298 6295 6174
f 6175 6220 6411
f 12164 6220 6175
f 6404 6280 6175
f 6411 6404 6175
f 6432 6178 6176
f 6176 6233 6361
f 6176 6361 6531
f 6531 6432 6176
f 6259 6190 6177
f 6178 6432 11079
f 6178 12265 12447
f 6350 6251 6179
f 11714 6272 6179
f 6179 6272 12579
f 12579 6350 6179
f 6179 10672 11714
f 12520 6185 6180
f 6180 6216 6436
f 6180 6436 6602
f 6602 6551 6180
f 6180 6551 12520
f 6181 6219 6546
f 6399 6265 6181
f 6546 6399 6181
f 6182 6317 6416
f 12321 6317 6182
f 6182 6416 11730
f 11546 11200 6182
f 11730 11546 6182
f 6183 6501 6761
f 6804 6588 6183
f 6183 6588 10918
f 6183 6761 6804
f 10918 10708 6183
f 6349 6192 6184
f 6184 6254 6441
f 6362 6349 6184
f 6441 6362 6184
f 12520 10997 6185
f 6186 6187 6330
f 6406 6249 6186
f 6186 6330 6472
f 6472 6406 6186
f 6376 6330 6187
f 6188 6191 12199
f 6463 6353 6188
f 12199 6463 6188
f 6189 6288 6717
f 12121 6288 6189
f 6190 6259 6387
f 6458 6293 6190
f 6190 6387 6458
f 6191 6321 6443
f 6191 6443 12199
f 6470 6194 6192
f 6192 6349 6470
f 6193 6195 6305
f 6193 6305 6310
f 6447 6332 6194
f 6470 6447 6194
f 6195 6198 6355
f 6355 6305 6195
f 6196 6284 6487
f 6196 6487 6515
f 6479 6288 6197
f 6939 6479 6197
f 6197 6835 6945
f 11375 6835 6197
f 6945 6939 6197
f 6198 6251 6355
f 6199 6255 6474
f 11037 6255 6199
f 6508 6331 6199
f 6199 6331 10635
f 6199 6474 6508
f 10635 10590 6199
f 6347 6211 6200
f 6200 6312 6347
f 6201 6258 6493
f 6389 6268 6201
f 6493 6389 6201
f 6202 6241 6313
f 6202 6313 6314
f 6203 6331 6557
f 6557 6384 6203
f 6397 6282 6204
f 6205 6265 6575
f 6787 6477 6205
f 6205 6477 10956
f 6205 6575 11349
f 11349 6787 6205
f 6789 6225 6206
f 6206 6562 6789
f 11394 6562 6206
f 6207 6238 12277
f 6584 6269 6207
f 12277 6584 6207
f 6208 6230 6395
f 6395 6241 6208
f 6209 6287 6326
f 6456 6237 6210
f 12268 6456 6210
f 6210 10708 10918
f 6210 10918 12268
f 6379 6329 6211
f 6211 6329 11690
f 6211 6347 6379
f 6212 6239 6340
f 6337 6276 6212
f 6340 6337 6212
f 6213 6342 6400
f 6214 6257 6623
f 6593 6274 6214
f 6624 6593 6214
f 6214 6623 6624
f 6450 6267 6215
f 6215 6351 6450
f 6477 6436 6216
f 10956 6477 6216
f 11054 10956 6216
f 6217 6476 11507
f 6217 6524 11252
f 11507 6524 6217
f 11252 10983 6217
f 6218 6488 6491
f 11028 6488 6218
f 6219 6414 6546
f 11932 6411 6220
f 6221 6277 6434
f 6434 6324 6221
f 6222 6311 6516
f 12448 6311 6222
f 6222 6516 6759
f 6759 6566 6222
f 6222 6566 11846
f 11846 11698 6222
f 6222 11698 12448
f 6223 6243 6292
f 11045 6243 6223
f 6223 6292 6678
f 6223 6678 11124
f 6224 6323 6393
f 6393 6391 6224
f 6536 6266 6225
f 6789 6536 6225
f 10675 6315 6226
f 6226 6315 11569
f 11569 6449 6226
f 6227 6276 11740
f 11740 6403 6227
f 6228 6248 6418
f 6228 6418 6722
f 6722 6612 6228
f 6482 6234 6229
f 6229 6308 6549
f 6549 6482 6229
f 6230 6281 6395
f 6231 6264 6513
f 6513 6380 6231
f 6528 6279 6232
f 6232 6301 6604
f 6604 6528 6232
f 6482 6412 6234
f 6234 6412 10532
f 6234 10532 10769
f 6507 6255 6235
f 6235 6255 12675
f 6235 6319 11627
f 11627 6507 6235
f 6356 6321 6236
f 6236 6324 6356
f 6237 6456 6480
f 6237 6480 11984
f 6238 6368 11192
f 6238 11192 12277
f 6239 6246 6340
f 6478 6376 6240
f 6352 6313 6241
f 6395 6352 6241
f 6358 6256 6242
f 6242 6261 6366
f 6366 6358 6242
f 6243 6279 11430
f 11430 6292 6243
f 6243 11045 11093
f 6244 6297 6481
f 6244 6481 6829
f 6829 6552 6244
f 6437 6386 6245
f 6246 6328 6340
f 6424 6302 6247
f 11901 6424 6247
f 6248 6338 6607
f 6607 6418 6248
f 6406 6327 6249
f 6465 6257 6250
f 6250 6282 6465
f 6251 6350 6421
f 12174 6355 6251
f 6251 6421 12174
f 6252 6341 6655
f 6655 6448 6252
f 6568 6316 6253
f 6253 6375 6616
f 6616 6568 6253
f 6254 6382 6527
f 6527 6441 6254
f 6507 6474 6255
f 6394 6286 6256
f 6256 6358 6372
f 6256 6372 6394
f 6257 6465 6698
f 6698 6623 6257
f 6736 6493 6258
f 6258 6541 6736
f 6259 6378 6387
f 6260 6280 12521
f 10968 6322 6260
f 6260 6322 12198
f 12521 10968 6260
f 6750 6366 6261
f 6261 6369 6693
f 6261 6693 6750
f 6262 6299 10827
f 10827 6342 6262
f 6850 6802 6263
f 6263 6802 10788
f 6264 6467 6741
f 6741 6513 6264
f 6265 6399 6669
f 6669 6575 6265
f 6536 6433 6266
f 6267 6450 6679
f 6268 6389 6548
f 6500 6300 6269
f 6584 6500 6269
f 6270 6275 6533
f 6604 6301 6270
f 6270 6533 6619
f 6619 6604 6270
f 6271 6794 7074
f 7074 6863 6271
f 11386 6377 6272
f 6272 6377 12558
f 12558 6439 6272
f 6272 6439 12579
f 11714 11386 6272
f 6273 6295 6363
f 6273 6363 6365
f 6273 6365 6373
f 6593 6428 6274
f 6714 6533 6275
f 6275 6613 6714
f 6276 6337 11740
f 6587 6434 6277
f 6277 6526 6587
f 11294 6526 6277
f 6278 6335 10917
f 10917 6637 6278
f 6278 6637 12136
f 6279 6528 11430
f 6280 6404 6586
f 6586 6499 6280
f 6280 6499 12521
f 6281 6374 6486
f 6599 6395 6281
f 6281 6486 6599
f 6282 6397 6626
f 6775 6465 6282
f 6282 6626 6775
f 6283 6332 11775
f 11775 6419 6283
f 6284 6431 6649
f 6649 6487 6284
f 6448 6364 6285
f 6555 6338 6286
f 6286 6394 6555
f 11816 6326 6287
f 6287 6449 11815
f 6287 11815 11816
f 6288 6479 6717
f 6289 6293 6594
f 6592 6339 6289
f 6594 6592 6289
f 6703 6497 6290
f 6802 6703 6290
f 10788 6802 6290
f 6696 6452 6291
f 6291 6657 6696
f 6934 6678 6292
f 10761 6934 6292
f 11430 10761 6292
f 6293 6458 6594
f 6468 6343 6294
f 10755 6468 6294
f 12712 10755 6294
f 6294 11592 12712
f 6295 6298 6473
f 6473 6363 6295
f 6296 6310 6532
f 6529 6476 6296
f 6296 6476 10934
f 6532 6529 6296
f 6783 6481 6297
f 6297 6525 6783
f 11588 6525 6297
f 6298 6314 6427
f 6298 6427 6473
f 6299 6412 6442
f 10532 6412 6299
f 6299 6442 10827
f 6492 6377 6300
f 6300 6377 11386
f 12011 6492 6300
f 6300 6500 12011
f 6302 6424 6757
f 6757 6483 6302
f 6539 6423 6303
f 11206 6539 6303
f 6723 6307 6304
f 6304 6309 6784
f 10792 6309 6304
f 6784 6723 6304
f 6383 6310 6305
f 6305 6355 6383
f 6306 6384 6490
f 6306 6490 6663
f 6306 6663 10674
f 6306 10674 11039
f 6629 6451 6307
f 6723 6629 6307
f 6308 6523 6549
f 11984 6523 6308
f 11497 6784 6309
f 6310 6383 6405
f 6310 6405 6532
f 6311 6388 6509
f 6311 6509 6516
f 6311 12448 12645
f 12645 12627 6311
f 6312 6327 6417
f 6417 6347 6312
f 6427 6314 6313
f 6313 6352 6530
f 12506 6427 6313
f 6313 6530 12506
f 6315 6430 6768
f 11990 6430 6315
f 6315 6768 11272
f 6315 10675 11990
f 11272 11256 6315
f 6315 11256 11569
f 6581 6319 6316
f 6316 6568 6581
f 6317 6325 6438
f 6438 6416 6317
f 6521 6367 6318
f 6318 6452 6521
f 6319 6581 6671
f 6319 6671 11627
f 6320 6357 6553
f 6909 6392 6320
f 6320 6553 6707
f 6320 6707 6909
f 6321 6356 6454
f 6454 6443 6321
f 6672 6495 6322
f 6322 6495 12625
f 10968 6672 6322
f 12625 12198 6322
f 6323 6353 6502
f 6502 6393 6323
f 6608 6356 6324
f 6324 6434 11268
f 11268 6608 6324
f 6325 6403 6438
f 11816 6712 6326
f 6326 6712 12375
f 12375 11755 6326
f 6327 6406 6518
f 6518 6417 6327
f 11622 6340 6328
f 6328 6373 6413
f 6328 6413 11622
f 6329 6379 11909
f 6329 6462 11704
f 11909 6462 6329
f 12235 11690 6329
f 6329 11704 12235
f 6330 6376 6565
f 6565 6472 6330
f 6331 6508 6517
f 6331 6517 6557
f 6332 6447 12313
f 12313 11775 6332
f 6512 6396 6333
f 6333 6396 12157
f 6333 6491 6580
f 6580 6512 6333
f 6334 6364 6780
f 6780 6424 6334
f 6334 6424 11901
f 6335 6400 6582
f 6335 6582 10917
f 6336 6344 6627
f 6425 6420 6336
f 6627 6425 6336
f 6337 6340 6415
f 6337 6415 6519
f 6519 6422 6337
f 6337 6422 11740
f 6338 6555 6607
f 6689 6460 6339
f 6339 6592 6689
f 12557 12386 6339
f 6471 6415 6340
f 11622 6471 6340
f 6341 6367 6521
f 6341 6521 6656
f 6656 6655 6341
f 6634 6400 6342
f 10827 6442 6342
f 6342 6442 10905
f 10905 6634 6342
f 6343 6468 6506
f 6344 6497 6923
f 6923 6627 6344
f 6875 6520 6345
f 6345 6540 6875
f 6346 6354 6573
f 6652 6437 6346
f 6346 6573 6631
f 6346 6631 6652
f 6505 6379 6347
f 6347 6417 6505
f 6348 6428 6699
f 6643 6485 6348
f 6699 6643 6348
f 6349 6362 6633
f 6633 6470 6349
f 6439 6421 6350
f 12579 6439 6350
f 6648 6450 6351
f 6825 6648 6351
f 6352 6395 6600
f 6558 6530 6352
f 6600 6558 6352
f 6353 6463 11411
f 11411 6502 6353
f 11011 6573 6354
f 6445 6383 6355
f 12764 6445 6355
f 6355 12174 12764
f 6542 6454 6356
f 6608 6542 6356
f 6357 6460 6553
f 6358 6366 6410
f 12098 6372 6358
f 6358 6410 12179
f 12179 12098 6358
f 10721 6370 6359
f 6359 6446 10721
f 6360 6392 10536
f 7163 6504 6360
f 7358 7163 6360
f 10536 7358 6360
f 6361 6371 6469
f 6361 6469 6531
f 6362 6441 6547
f 6362 6547 6633
f 6455 6365 6363
f 6473 6455 6363
f 6364 6448 6780
f 6455 6373 6365
f 6750 6410 6366
f 6368 6401 6559
f 6368 6559 6895
f 6368 6895 11192
f 6369 6578 6693
f 10592 6578 6369
f 10721 6378 6370
f 6371 6386 6630
f 6630 6469 6371
f 6372 6381 6426
f 12098 6381 6372
f 6426 6394 6372
f 6459 6413 6373
f 6373 6455 6459
f 6537 6486 6374
f 12478 6537 6374
f 6375 6485 6796
f 6796 6616 6375
f 6376 6478 6565
f 6377 6492 12558
f 6511 6387 6378
f 10721 6511 6378
f 6379 6505 11403
f 6379 11403 11909
f 6380 6513 6959
f 6959 6598 6380
f 6435 6426 6381
f 6457 6435 6381
f 6381 6440 6457
f 12179 6440 6381
f 6381 12098 12179
f 6683 6527 6382
f 6762 6683 6382
f 6962 6762 6382
f 11942 6962 6382
f 6382 11526 11942
f 12369 11526 6382
f 6453 6405 6383
f 6383 6445 6503
f 6503 6453 6383
f 6753 6490 6384
f 6384 6557 6753
f 6385 6776 7048
f 7251 6825 6385
f 6385 7048 7251
f 6386 6437 6744
f 6744 6630 6386
f 6543 6458 6387
f 6387 6511 6543
f 6388 6451 6577
f 6577 6509 6388
f 6389 6493 6736
f 6963 6548 6389
f 6389 6736 6950
f 6389 6950 6963
f 6390 6788 7291
f 7291 6838 6390
f 6391 6393 6610
f 6391 6610 6646
f 6391 6646 6718
f 6392 6909 10536
f 6393 6502 6610
f 6394 6426 6609
f 6609 6555 6394
f 6395 6599 6600
f 6571 6484 6396
f 6396 6512 6571
f 6397 6560 6626
f 6398 6408 6514
f 12785 6408 6398
f 6514 6510 6398
f 6398 6510 11932
f 6398 11932 12620
f 6398 12620 12785
f 6399 6546 6855
f 6855 6669 6399
f 6634 6582 6400
f 6606 6559 6401
f 12136 6606 6401
f 10691 6429 6402
f 6402 6429 10866
f 6705 6541 6402
f 6816 6705 6402
f 10866 6816 6402
f 6534 6438 6403
f 12519 6534 6403
f 6403 11740 12519
f 6404 6411 6498
f 6404 6498 6586
f 6405 6453 6556
f 6556 6532 6405
f 6406 6472 6570
f 6570 6518 6406
f 6407 6423 6727
f 12400 6423 6407
f 6407 6727 11908
f 11908 11497 6407
f 6408 6409 6514
f 12785 6409 6408
f 6545 6514 6409
f 6550 6545 6409
f 12364 6550 6409
f 6409 11730 12364
f 12785 11730 6409
f 11525 6440 6410
f 6410 6440 12179
f 6410 6750 6849
f 6410 6849 11525
f 6601 6498 6411
f 6411 6510 6601
f 11932 6510 6411
f 6583 6442 6412
f 6412 6482 6561
f 6412 6561 6583
f 6413 6459 6708
f 6413 6653 6666
f 6708 6653 6413
f 6413 6666 11622
f 6614 6546 6414
f 6414 6567 6614
f 11374 6567 6414
f 6415 6471 6519
f 6416 6438 6595
f 6595 6550 6416
f 6416 6550 12364
f 12364 11730 6416
f 6731 6505 6417
f 6417 6518 6731
f 6418 6607 6658
f 6418 6658 6722
f 6720 6526 6419
f 6419 6526 11294
f 11775 6720 6419
f 6420 6425 6704
f 6420 6704 11206
f 6421 6439 6538
f 6579 6475 6421
f 6421 6475 12174
f 6421 6538 6579
f 6422 6494 6496
f 6519 6494 6422
f 6422 6496 6591
f 6422 6591 12519
f 12519 11740 6422
f 6423 6539 6727
f 6424 6670 6757
f 6780 6670 6424
f 6425 6627 7293
f 7293 6704 6425
f 6426 6435 6585
f 6426 6585 6642
f 6642 6609 6426
f 6677 6473 6427
f 12290 6677 6427
f 12506 12290 6427
f 6428 6593 6907
f 6907 6699 6428
f 6429 6663 6805
f 10674 6663 6429
f 6429 6805 10870
f 6429 6971 10866
f 10870 6971 6429
f 10691 10674 6429
f 6430 6506 11223
f 11223 6768 6430
f 10860 6649 6431
f 6431 6651 10860
f 6432 6531 6852
f 6432 6852 11942
f 11526 11079 6432
f 11942 11526 6432
f 6433 6536 6725
f 6725 6721 6433
f 6434 6587 11268
f 6435 6457 6564
f 6435 6564 6585
f 6436 6477 6636
f 6636 6602 6436
f 6437 6652 6744
f 6438 6534 6595
f 12558 6538 6439
f 6574 6457 6440
f 11591 6574 6440
f 6440 11525 11591
f 6441 6527 6622
f 6622 6547 6441
f 6442 6583 10905
f 6443 6454 6639
f 6443 6639 6755
f 6443 6755 12199
f 6554 6446 6444
f 6444 6484 6603
f 6603 6554 6444
f 6544 6503 6445
f 6576 6544 6445
f 12764 6576 6445
f 6446 6554 10721
f 6447 6470 6617
f 6447 6617 11505
f 11505 6765 6447
f 6447 6765 12313
f 6448 6655 6842
f 6842 6780 6448
f 11569 11256 6449
f 6449 11256 11878
f 11878 11815 6449
f 6450 6648 6733
f 6733 6679 6450
f 6665 6577 6451
f 6451 6629 6665
f 6680 6521 6452
f 6696 6680 6452
f 6453 6503 6650
f 6650 6556 6453
f 6454 6542 6639
f 6597 6459 6455
f 6455 6473 6597
f 6697 6480 6456
f 6456 6588 6647
f 12268 6588 6456
f 6456 6647 6697
f 6589 6564 6457
f 6457 6574 6589
f 6458 6543 6615
f 6615 6594 6458
f 6459 6597 6728
f 6728 6708 6459
f 6713 6553 6460
f 6460 6689 6713
f 7288 6522 6461
f 6461 6903 7288
f 6724 6535 6462
f 6462 6535 11704
f 6462 6638 10682
f 11909 6638 6462
f 10682 6724 6462
f 6463 6790 11411
f 12572 6790 6463
f 6463 12199 12572
f 10677 6673 6464
f 6464 6718 7234
f 6464 7234 10677
f 6775 6698 6465
f 6466 6675 7184
f 7184 6788 6466
f 6467 6644 6688
f 10542 6644 6467
f 6467 6688 6741
f 12332 6506 6468
f 10755 6596 6468
f 6468 6596 11782
f 6468 11782 12332
f 6954 6531 6469
f 6469 6630 6954
f 6633 6617 6470
f 6645 6519 6471
f 6666 6645 6471
f 11622 6666 6471
f 6472 6565 6640
f 6640 6570 6472
f 6830 6597 6473
f 6473 6677 6830
f 6474 6507 6758
f 6758 6508 6474
f 6475 6579 6710
f 6710 6659 6475
f 6475 6659 12764
f 12764 12174 6475
f 6476 6529 6881
f 6476 6881 11507
f 6787 6636 6477
f 6795 6565 6478
f 6813 6795 6478
f 6833 6813 6478
f 12025 6833 6478
f 7049 6717 6479
f 6479 6939 7049
f 6729 6523 6480
f 6480 6523 11984
f 6480 6697 6729
f 6481 6783 6905
f 6905 6829 6481
f 6482 6549 6661
f 6661 6561 6482
f 6820 6590 6483
f 6483 6757 6820
f 6484 6571 6603
f 6485 6643 6796
f 6486 6537 6832
f 6778 6599 6486
f 6832 6778 6486
f 6846 6515 6487
f 6487 6649 6847
f 6847 6846 6487
f 6664 6491 6488
f 6488 6625 6664
f 11028 6625 6488
f 6489 6838 7381
f 7381 6903 6489
f 6770 6663 6490
f 6490 6753 6770
f 6664 6580 6491
f 12011 6605 6492
f 6492 6605 12072
f 6492 12072 12558
f 6569 6496 6494
f 6494 6519 6569
f 6938 6625 6495
f 6495 6625 11028
f 6495 6672 6938
f 6495 11028 12625
f 6496 6569 6737
f 6668 6591 6496
f 6737 6668 6496
f 6497 6703 6935
f 6935 6923 6497
f 6739 6586 6498
f 6498 6601 6618
f 6498 6618 6739
f 6499 6586 6695
f 6499 6695 6785
f 6499 6785 10968
f 6499 10968 12521
f 6500 6584 6709
f 6709 6662 6500
f 6500 6662 12011
f 6501 6590 6761
f 6740 6610 6502
f 11411 6740 6502
f 6503 6544 6620
f 6503 6620 6650
f 7163 6845 6504
f 6504 6845 10725
f 6505 6731 10596
f 6505 10596 11403
f 12332 11223 6506
f 6507 6671 6745
f 11627 6671 6507
f 6507 6745 6792
f 6792 6758 6507
f 6702 6517 6508
f 6758 6702 6508
f 11187 6516 6509
f 6509 6577 6896
f 6509 6896 11187
f 6510 6514 6632
f 6632 6601 6510
f 6691 6543 6511
f 6511 6611 6691
f 10721 6611 6511
f 6628 6571 6512
f 6512 6580 6628
f 6513 6741 6918
f 6513 6918 10992
f 10992 6959 6513
f 6514 6545 6632
f 7506 6794 6515
f 6515 6846 7506
f 11891 6759 6516
f 6516 11187 11891
f 6809 6557 6517
f 6517 6702 7003
f 7003 6809 6517
f 6518 6570 6766
f 6766 6731 6518
f 6742 6569 6519
f 6519 6645 6742
f 6970 6657 6520
f 6520 6875 6970
f 6680 6656 6521
f 7191 6651 6522
f 7288 7191 6522
f 12213 6549 6523
f 6523 6729 12213
f 7176 6562 6524
f 6524 6562 11394
f 6524 7020 7176
f 11507 7020 6524
f 11394 11252 6524
f 12014 6783 6525
f 6525 10779 11066
f 6525 11066 12014
f 6734 6587 6526
f 6526 6720 6734
f 6690 6622 6527
f 6527 6683 6690
f 6528 6604 6972
f 6972 6934 6528
f 6528 6934 10761
f 6528 10761 11430
f 6529 6532 7065
f 7065 6881 6529
f 6530 6558 6660
f 6530 6660 11859
f 6530 11859 12290
f 6530 12290 12506
f 6954 6852 6531
f 6532 6556 6738
f 6532 6738 7065
f 6976 6619 6533
f 6533 6714 6818
f 6533 6818 6976
f 6534 6591 6654
f 12519 6591 6534
f 6654 6595 6534
f 6700 6596 6535
f 6535 6596 10755
f 6724 6700 6535
f 6535 10755 12712
f 12712 11704 6535
f 6789 6725 6536
f 6537 6598 6886
f 12478 6598 6537
f 6886 6832 6537
f 12451 6579 6538
f 6538 12072 12451
f 12558 12072 6538
f 6539 6704 6933
f 11206 6704 6539
f 6933 6727 6539
f 7395 6875 6540
f 10817 7395 6540
f 6540 7507 10817
f 6541 6705 6810
f 6810 6736 6541
f 6542 6608 6772
f 6800 6639 6542
f 6542 6772 6800
f 6691 6615 6543
f 6544 6576 6730
f 6730 6620 6544
f 6545 6550 6621
f 6545 6621 6632
f 6546 6614 6855
f 6547 6622 6760
f 10597 6633 6547
f 6547 6760 6777
f 6547 6777 10597
f 6548 6963 7200
f 6548 7200 10680
f 12213 6661 6549
f 6550 6595 6621
f 6551 6602 6686
f 6686 6674 6551
f 6551 6674 10595
f 6551 10595 11761
f 6551 11761 12520
f 11183 6684 6552
f 6552 6829 6894
f 6552 6894 7016
f 6552 7016 11183
f 11723 6707 6553
f 6553 6713 11723
f 6554 6603 12377
f 6681 6611 6554
f 6554 6611 10721
f 12377 6681 6554
f 6756 6607 6555
f 6555 6609 6756
f 6556 6650 12027
f 12027 6738 6556
f 6809 6753 6557
f 6558 6600 6635
f 6558 6635 6660
f 6559 6606 6884
f 6559 6884 7081
f 7081 6895 6559
f 10953 6626 6560
f 6560 10586 10887
f 6560 10887 10953
f 6779 6583 6561
f 6561 6661 6953
f 6953 6779 6561
f 6841 6789 6562
f 7176 6841 6562
f 6563 6684 6975
f 6951 6776 6563
f 6975 6951 6563
f 6641 6585 6564
f 6564 6589 12385
f 12385 6641 6564
f 6746 6640 6565
f 6795 6746 6565
f 6861 6644 6566
f 6566 6644 10542
f 6566 6759 6861
f 6566 10542 11846
f 7079 6614 6567
f 6567 6711 7032
f 11755 6711 6567
f 6567 7032 7079
f 6567 11374 11755
f 6874 6581 6568
f 6568 6616 6914
f 6914 6874 6568
f 6569 6726 6737
f 6742 6726 6569
f 6570 6640 6766
f 6676 6603 6571
f 6571 6628 6676
f 6572 6715 7023
f 11843 6631 6573
f 11011 6864 6573
f 6573 6864 11843
f 12546 6589 6574
f 6574 11591 12533
f 6574 12533 12546
f 6575 6669 6815
f 6575 6815 12483
f 12483 11349 6575
f 6576 6659 6701
f 12764 6659 6576
f 6576 6701 6730
f 6577 6665 6857
f 6577 6857 6896
f 6967 6693 6578
f 7046 6967 6578
f 10659 7046 6578
f 6578 10592 10659
f 12451 6710 6579
f 6685 6628 6580
f 6580 6664 6685
f 6902 6671 6581
f 6581 6874 6901
f 6581 6901 6902
f 6582 6634 6910
f 6582 6910 7151
f 7151 6919 6582
f 6582 6919 10917
f 6583 6779 7033
f 6583 7033 10905
f 6807 6709 6584
f 6897 6807 6584
f 12277 6897 6584
f 6585 6641 6747
f 6747 6642 6585
f 6739 6695 6586
f 6587 6734 11350
f 6587 6751 11268
f 11350 6751 6587
f 7010 6647 6588
f 6588 6804 7010
f 12268 10918 6588
f 12547 12385 6589
f 6589 12546 12547
f 6988 6761 6590
f 6590 6820 6988
f 6668 6654 6591
f 6592 6594 6706
f 6706 6689 6592
f 6593 6624 6960
f 7014 6907 6593
f 6593 6960 7014
f 6594 6615 6716
f 6716 6706 6594
f 6654 6621 6595
f 6596 6700 12760
f 12760 11782 6596
f 11511 6728 6597
f 6597 6830 11511
f 7135 6886 6598
f 6598 6959 7135
f 6692 6600 6599
f 6778 6692 6599
f 6752 6635 6600
f 6600 6692 6752
f 6694 6618 6601
f 6601 6632 6694
f 6602 6636 6781
f 6781 6686 6602
f 6603 6676 12377
f 6604 6619 6972
f 6605 6662 6774
f 12011 6662 6605
f 6774 6687 6605
f 6605 6687 12451
f 12451 12072 6605
f 12136 6637 6606
f 6606 6637 12696
f 12696 6884 6606
f 6756 6658 6607
f 6608 6751 6772
f 11268 6751 6608
f 6609 6642 6856
f 6856 6756 6609
f 6824 6646 6610
f 6610 6740 6824
f 6611 6681 12101
f 12101 6691 6611
f 6612 6722 6803
f 6612 6803 11011
f 7116 6714 6613
f 6613 6973 7116
f 11099 6973 6613
f 7047 6855 6614
f 7079 7047 6614
f 6615 6691 6748
f 6748 6716 6615
f 6616 6796 6917
f 6917 6914 6616
f 6617 6633 6797
f 6617 6797 11629
f 11629 11505 6617
f 6694 6682 6618
f 6618 6682 6739
f 7194 6972 6619
f 6619 6976 7194
f 12221 6650 6620
f 6620 6730 6958
f 6620 6958 12221
f 6654 6632 6621
f 6622 6690 6760
f 6944 6624 6623
f 6623 6698 7080
f 7080 6944 6623
f 6624 6944 6960
f 6878 6664 6625
f 6938 6878 6625
f 11465 6775 6626
f 6626 10953 11465
f 6627 6923 7293
f 6735 6676 6628
f 6628 6685 6735
f 7078 6665 6629
f 6629 6723 7078
f 6630 6744 6837
f 6630 6837 11238
f 11238 6954 6630
f 6899 6652 6631
f 11843 6899 6631
f 6632 6654 6694
f 10597 6797 6633
f 10905 6910 6634
f 6782 6660 6635
f 6635 6752 6782
f 6978 6781 6636
f 6636 6787 6996
f 6996 6978 6636
f 10917 6919 6637
f 6637 6919 11384
f 6637 11384 12696
f 10596 7027 6638
f 6638 7027 10601
f 11403 10596 6638
f 6638 10601 10682
f 11909 11403 6638
f 12788 6755 6639
f 6639 6800 7004
f 6639 7004 7039
f 6639 7039 12788
f 6640 6746 6913
f 6913 6766 6640
f 6791 6747 6641
f 11002 6791 6641
f 12385 11002 6641
f 6642 6747 6801
f 6642 6801 6856
f 6643 6699 6957
f 6916 6796 6643
f 6957 6916 6643
f 6936 6688 6644
f 6644 6861 6992
f 6992 6936 6644
f 6645 6666 6848
f 6848 6742 6645
f 7112 6718 6646
f 6646 6824 7132
f 7132 7112 6646
f 6806 6697 6647
f 7010 6806 6647
f 7127 6733 6648
f 6648 6825 7127
f 7241 6847 6649
f 6649 6862 7333
f 10860 6862 6649
f 7333 7241 6649
f 12221 12027 6650
f 7191 6862 6651
f 6651 6862 10860
f 6956 6744 6652
f 6652 6899 6956
f 6811 6666 6653
f 6653 6708 6811
f 6654 6668 6694
f 6655 6656 7036
f 7036 6842 6655
f 6656 6680 6865
f 6656 6865 7036
f 7169 6696 6657
f 6657 6970 7169
f 7028 6722 6658
f 6658 6756 11080
f 11080 7028 6658
f 6743 6701 6659
f 6659 6710 6872
f 6870 6743 6659
f 6872 6870 6659
f 6660 6782 6836
f 6660 6836 11859
f 6661 6940 6953
f 12213 6940 6661
f 6662 6709 6812
f 6812 6774 6662
f 6663 6770 6805
f 6822 6685 6664
f 6878 6822 6664
f 7088 6857 6665
f 6665 7078 7088
f 6666 6811 6848
f 6667 6721 6900
f 6667 6900 7018
f 6667 7018 11099
f 6668 6682 6694
f 6737 6682 6668
f 6855 6815 6669
f 6928 6757 6670
f 6670 6780 7076
f 7076 6928 6670
f 6902 6745 6671
f 10968 6785 6672
f 6672 6785 12544
f 6672 6911 6938
f 12544 6911 6672
f 6673 7384 10586
f 10677 7384 6673
f 6674 6686 6854
f 6674 6854 6866
f 6674 6866 6915
f 6674 6915 10595
f 7575 7184 6675
f 6675 7252 7835
f 7835 7575 6675
f 6735 6732 6676
f 6676 6732 12377
f 6977 6830 6677
f 6677 6906 6977
f 12290 6906 6677
f 7438 6835 6678
f 6678 6835 11124
f 6678 6934 7270
f 6678 7270 7438
f 6999 6719 6679
f 6679 6733 6969
f 6679 6969 6999
f 6680 6696 6865
f 6681 6732 6754
f 12377 6732 6681
f 6681 6754 12101
f 6682 6737 6739
f 6925 6690 6683
f 6683 6762 6925
f 7005 6975 6684
f 11183 7005 6684
f 6749 6735 6685
f 6822 6749 6685
f 6686 6781 6854
f 6817 6710 6687
f 6687 6710 12451
f 6687 6774 6786
f 6687 6786 6817
f 6904 6741 6688
f 10656 6904 6688
f 6688 6936 10656
f 6689 6706 6793
f 6771 6713 6689
f 6793 6771 6689
f 6873 6760 6690
f 6925 6873 6690
f 6767 6748 6691
f 12101 6767 6691
f 6921 6752 6692
f 6692 6778 7060
f 7060 6921 6692
f 12197 6750 6693
f 6693 6967 7408
f 6693 7408 12197
f 6695 6739 6827
f 6843 6785 6695
f 6695 6827 6843
f 7169 6865 6696
f 7035 6729 6697
f 6697 6806 7035
f 6698 6775 7087
f 7087 7080 6698
f 6699 6907 6957
f 6700 6724 12644
f 6700 12644 12760
f 6798 6730 6701
f 6701 6743 6798
f 6702 6758 6924
f 6702 6924 7003
f 6703 6802 6983
f 7114 6935 6703
f 6703 6983 7114
f 6704 6839 6933
f 7229 6839 6704
f 7293 7229 6704
f 6991 6810 6705
f 6705 6816 6991
f 6706 6716 6769
f 6706 6769 6793
f 6707 6889 6982
f 12092 6889 6707
f 6982 6909 6707
f 6707 11723 12092
f 6708 6728 6828
f 6828 6811 6708
f 6709 6807 6869
f 11174 6812 6709
f 6709 6869 11174
f 6710 6817 6883
f 6883 6872 6710
f 6711 6943 7195
f 12375 6943 6711
f 7195 7032 6711
f 6711 11755 12375
f 6712 6868 6943
f 11878 6868 6712
f 6712 6943 12375
f 11816 11815 6712
f 6712 11815 11878
f 6713 6771 6853
f 6713 6853 11723
f 7116 6818 6714
f 6715 7017 7265
f 7265 7023 6715
f 6716 6748 6808
f 6808 6769 6716
f 7141 6833 6717
f 6717 6833 12025
f 6717 7049 7141
f 6718 7112 7234
f 6719 6999 7017
f 7045 6734 6720
f 11893 7045 6720
f 6720 11775 11893
f 6721 6725 6941
f 6941 6900 6721
f 6998 6803 6722
f 7028 6998 6722
f 6723 6784 7092
f 7092 7078 6723
f 10682 10601 6724
f 6724 10601 12644
f 6725 6789 6941
f 6859 6737 6726
f 6726 6742 6876
f 6876 6859 6726
f 6727 6933 7008
f 6727 7008 11908
f 6994 6828 6728
f 6728 6929 6994
f 11511 6929 6728
f 7035 6940 6729
f 6729 6940 12213
f 6730 6798 6958
f 6731 6766 7043
f 6731 7043 11108
f 11108 10596 6731
f 6732 6735 6799
f 6799 6754 6732
f 7127 6969 6733
f 6734 7045 11068
f 6734 11068 11350
f 6735 6749 6831
f 6831 6799 6735
f 6736 6810 6974
f 6974 6950 6736
f 6851 6739 6737
f 6859 6851 6737
f 7335 7065 6738
f 7445 7335 6738
f 12027 7445 6738
f 6840 6827 6739
f 6851 6840 6739
f 11411 6790 6740
f 6740 6790 12585
f 6966 6824 6740
f 12585 6966 6740
f 6741 6904 6918
f 6742 6848 6876
f 6870 6798 6743
f 6956 6837 6744
f 6986 6792 6745
f 6745 6902 7066
f 7066 6986 6745
f 6746 6795 6955
f 6955 6913 6746
f 6747 6791 6858
f 6858 6801 6747
f 6748 6767 6834
f 6834 6808 6748
f 6749 6822 11749
f 11749 6831 6749
f 11480 6849 6750
f 12197 11480 6750
f 6893 6772 6751
f 6949 6893 6751
f 11350 6949 6751
f 6921 6782 6752
f 6981 6770 6753
f 6753 6809 6981
f 6871 6767 6754
f 6754 6767 12101
f 6754 6799 6912
f 6912 6871 6754
f 11978 6790 6755
f 6755 6790 12572
f 12788 11978 6755
f 12572 12199 6755
f 6756 6856 11333
f 11333 11080 6756
f 6928 6820 6757
f 6758 6792 6924
f 11368 6861 6759
f 6759 6898 11368
f 11891 6898 6759
f 12604 6777 6760
f 6760 6873 12295
f 6760 12295 12737
f 12737 12604 6760
f 11081 6804 6761
f 6761 6988 7371
f 6761 7371 11081
f 11966 6925 6762
f 6762 6962 11966
f 7404 6784 6763
f 6763 6784 11497
f 6763 7008 7070
f 11908 7008 6763
f 6763 7070 7404
f 6763 11497 11908
f 7181 6768 6764
f 6764 6768 11223
f 11223 6867 6764
f 6764 6867 12161
f 12161 7181 6764
f 7071 7045 6765
f 6765 7045 11893
f 11505 7071 6765
f 6765 11893 12313
f 6766 6913 11410
f 11410 7043 6766
f 6871 6834 6767
f 6768 7181 11272
f 6844 6793 6769
f 6769 6808 6844
f 6981 6805 6770
f 6771 6793 6877
f 6877 6853 6771
f 7102 6800 6772
f 6772 6893 7102
f 6773 6915 6948
f 10595 6915 6773
f 6773 6948 11660
f 10997 10595 6773
f 11660 10779 6773
f 6932 6786 6774
f 6774 6812 6891
f 6774 6891 6932
f 12654 7087 6775
f 6775 11465 12654
f 6776 6951 7561
f 7792 7048 6776
f 6776 7561 7792
f 6777 6937 10597
f 12604 6937 6777
f 6778 6832 7012
f 6778 7012 7060
f 6779 6953 7040
f 7040 7033 6779
f 6780 6842 7042
f 6780 7042 7076
f 6920 6854 6781
f 7249 6920 6781
f 6781 6978 7249
f 6942 6836 6782
f 6782 6921 6942
f 12648 6905 6783
f 12014 6997 6783
f 6783 6997 12648
f 7404 7092 6784
f 6785 6843 6882
f 6785 6882 12544
f 11453 6817 6786
f 6786 6932 7336
f 6786 7336 11453
f 7072 6996 6787
f 11349 7072 6787
f 6788 7184 7820
f 7820 7291 6788
f 6789 6841 7170
f 7170 6941 6789
f 11978 10760 6790
f 6790 10760 12585
f 7160 6858 6791
f 7451 7160 6791
f 11002 7451 6791
f 7230 6924 6792
f 6792 6986 11425
f 11425 7230 6792
f 6793 6844 6877
f 7796 7074 6794
f 6794 7506 7796
f 6795 6813 6955
f 6796 6916 7055
f 7055 6917 6796
f 6797 6984 7041
f 10597 6984 6797
f 6797 7041 11629
f 6798 6870 7156
f 7156 6958 6798
f 6799 6831 12677
f 12677 6912 6799
f 7144 7004 6800
f 6800 7102 7144
f 7009 6856 6801
f 6801 6858 6930
f 6801 6930 6980
f 6801 6980 7009
f 6802 6850 6983
f 10598 6864 6803
f 6803 6864 11011
f 6803 6998 7091
f 6803 7091 10598
f 11081 7010 6804
f 6805 6981 7273
f 7273 7254 6805
f 6805 7254 10870
f 6806 7010 7383
f 6806 7034 7035
f 7383 7034 6806
f 6952 6869 6807
f 6807 6897 6952
f 6808 6834 6961
f 6892 6844 6808
f 6961 6892 6808
f 6989 6981 6809
f 7003 6989 6809
f 7136 6974 6810
f 6810 6991 7136
f 6811 6828 6994
f 6860 6848 6811
f 6979 6860 6811
f 6994 6979 6811
f 7001 6891 6812
f 11174 7001 6812
f 6813 6833 7031
f 7031 6955 6813
f 6814 6823 6887
f 6965 6823 6814
f 6814 6887 6927
f 6814 6927 7015
f 7015 6965 6814
f 6815 6855 7047
f 6815 7047 7255
f 7255 7128 6815
f 6815 7128 12483
f 6816 6971 7026
f 10866 6971 6816
f 7026 6991 6816
f 7022 6883 6817
f 12701 7022 6817
f 6817 11453 12701
f 11996 6976 6818
f 6818 7116 12530
f 12530 11996 6818
f 6819 6823 6879
f 6887 6823 6819
f 6819 6879 12373
f 6819 6885 6887
f 6995 6885 6819
f 7007 6995 6819
f 12373 7007 6819
f 6820 6928 7165
f 7165 6988 6820
f 6821 6888 7173
f 12295 6888 6821
f 6821 7173 12387
f 12737 12295 6821
f 6821 12387 12604
f 6821 12604 12737
f 6822 6878 7095
f 6822 7095 11749
f 6880 6879 6823
f 6965 6880 6823
f 6824 6966 7132
f 7221 7127 6825
f 7251 7221 6825
f 7158 6908 6826
f 6826 6908 12332
f 6826 7000 7158
f 12760 7000 6826
f 12332 11782 6826
f 6826 11782 12760
f 6827 6840 6931
f 6931 6843 6827
f 7085 6894 6829
f 6829 6905 7085
f 7161 6929 6830
f 6830 6929 11511
f 6830 6977 7131
f 6830 7131 7161
f 11193 7264 6831
f 6831 7264 12677
f 11749 11193 6831
f 6832 6886 7680
f 7680 7012 6832
f 7141 7031 6833
f 6834 6871 11916
f 11916 6961 6834
f 7438 6945 6835
f 11375 11124 6835
f 7056 6906 6836
f 6836 6906 11859
f 6836 6942 7056
f 6837 6956 7058
f 6837 7058 11082
f 6837 11082 11238
f 6838 7291 7831
f 7831 7381 6838
f 7331 6933 6839
f 6839 7229 7596
f 7596 7331 6839
f 6840 6851 6946
f 7178 6931 6840
f 6840 6946 7178
f 7492 7170 6841
f 6841 7176 7492
f 6842 7036 7042
f 7044 6882 6843
f 6843 6931 7044
f 6985 6877 6844
f 6844 6892 7133
f 7133 6985 6844
f 7677 7046 6845
f 6845 7046 10659
f 6845 7163 7606
f 6845 7606 7677
f 6845 10659 10725
f 6846 6847 7448
f 6846 7448 7506
f 6847 7241 7727
f 7727 7448 6847
f 6848 6860 6964
f 6964 6876 6848
f 7278 6926 6849
f 6849 6926 11525
f 11542 7278 6849
f 6849 11480 11542
f 6850 6863 7052
f 7167 6983 6850
f 6850 7052 7167
f 6851 6859 6946
f 6852 6954 7152
f 7152 7067 6852
f 6852 7067 11766
f 6852 11766 11942
f 6853 6877 6985
f 6853 6985 12092
f 12092 11723 6853
f 6968 6866 6854
f 6854 6920 6968
f 6856 7009 11333
f 7180 6896 6857
f 6857 7088 7180
f 7075 6930 6858
f 7160 7075 6858
f 6859 6876 12527
f 12527 6946 6859
f 7134 6964 6860
f 6860 6979 7134
f 11368 6992 6861
f 6862 7191 7718
f 7718 7333 6862
f 7588 7052 6863
f 6863 7074 7588
f 6864 7247 7373
f 10598 7247 6864
f 6864 7373 11036
f 6864 11036 11843
f 7140 7036 6865
f 7169 7140 6865
f 7002 6915 6866
f 6866 6968 7090
f 7090 7002 6866
f 6867 6908 7186
f 12332 6908 6867
f 6867 7186 12161
f 6867 11223 12332
f 7050 6943 6868
f 12614 7050 6868
f 11878 11256 6868
f 6868 11256 12614
f 6869 6952 6993
f 6869 6993 7001
f 6869 7001 11174
f 6870 6872 7093
f 6870 7093 7156
f 6871 6912 7231
f 6871 7231 7337
f 6871 7337 11916
f 6872 6883 7022
f 6872 7022 7093
f 11645 6888 6873
f 6873 6888 12295
f 6873 6925 7139
f 6873 7139 11645
f 7109 6901 6874
f 6874 6914 7109
f 7681 6970 6875
f 6875 7395 7681
f 6876 6964 7054
f 6876 7054 12527
f 6878 6938 7064
f 6878 7064 7142
f 7142 7095 6878
f 6879 6880 7204
f 7204 7110 6879
f 6879 7110 12373
f 6880 6965 7100
f 6880 7100 11190
f 11190 7204 6880
f 7263 7020 6881
f 6881 7020 11507
f 6881 7065 7263
f 10538 6911 6882
f 6882 6911 12544
f 6882 7044 10538
f 7285 7081 6884
f 7294 7285 6884
f 11384 7294 6884
f 12696 11384 6884
f 7006 6887 6885
f 6885 6995 7013
f 7106 7006 6885
f 6885 7013 7106
f 6886 7135 7410
f 6886 7410 7680
f 7006 6927 6887
f 6888 7154 7173
f 7332 7154 6888
f 11972 7332 6888
f 6888 11645 11972
f 7515 6982 6889
f 6889 6985 7369
f 12092 6985 6889
f 6889 7369 7515
f 6890 7011 8069
f 10593 7011 6890
f 10662 7953 6890
f 6890 8069 10662
f 7214 6932 6891
f 6891 7001 7138
f 6891 7138 7214
f 6892 6961 12722
f 12722 7133 6892
f 6893 6949 7120
f 7120 7102 6893
f 7085 7016 6894
f 7081 6987 6895
f 6895 6987 12277
f 12277 11192 6895
f 6896 6898 11187
f 12470 6898 6896
f 6896 7180 12679
f 12679 12470 6896
f 7227 6952 6897
f 6897 6987 7432
f 12277 6987 6897
f 7432 7227 6897
f 11891 11187 6898
f 12671 11368 6898
f 6898 12470 12671
f 7113 6956 6899
f 11036 7113 6899
f 11843 11036 6899
f 6900 6941 7414
f 7301 7018 6900
f 7928 7301 6900
f 6900 7414 7847
f 6900 7847 7928
f 7192 6902 6901
f 6901 7109 7192
f 7192 7066 6902
f 7982 7288 6903
f 6903 7381 7880
f 6903 7880 8194
f 8194 7982 6903
f 7304 6918 6904
f 7401 7304 6904
f 6904 7320 7401
f 10656 7320 6904
f 7096 7085 6905
f 7315 7096 6905
f 6905 7216 7315
f 12648 7216 6905
f 7201 6977 6906
f 6906 7056 7201
f 12290 11859 6906
f 7327 6957 6907
f 6907 7014 7327
f 6908 7158 7300
f 7300 7186 6908
f 6909 6982 11034
f 11034 10536 6909
f 7352 7151 6910
f 6910 7235 7352
f 10905 7235 6910
f 7064 6938 6911
f 7179 7064 6911
f 10538 7179 6911
f 7264 7231 6912
f 12677 7264 6912
f 6913 6955 7289
f 6913 7289 11410
f 6914 6917 7124
f 7319 7109 6914
f 6914 7124 7319
f 12574 6948 6915
f 6915 7002 7298
f 6915 7298 12574
f 6916 6957 7259
f 7259 7055 6916
f 6917 7055 7126
f 7126 7124 6917
f 6918 7304 7711
f 6918 7711 10992
f 6919 7151 11299
f 6919 11299 11384
f 7155 6968 6920
f 7249 7155 6920
f 7057 6942 6921
f 7060 7057 6921
f 6922 6926 7073
f 11591 6926 6922
f 7073 7037 6922
f 6922 7037 10537
f 6922 10537 12533
f 12533 11591 6922
f 6923 6935 7419
f 7755 7293 6923
f 6923 7419 7755
f 7187 7003 6924
f 7230 7187 6924
f 12208 7139 6925
f 11966 11400 6925
f 6925 11400 12208
f 7185 7073 6926
f 7278 7185 6926
f 11591 11525 6926
f 6927 7006 10599
f 7217 7015 6927
f 10599 7217 6927
f 6928 7076 7165
f 7157 6994 6929
f 7280 7157 6929
f 6929 7161 7280
f 7084 6980 6930
f 6930 7075 7084
f 6931 7030 7111
f 7178 7030 6931
f 7111 7044 6931
f 6932 7214 7336
f 11927 7008 6933
f 6933 7331 11927
f 6934 6972 7188
f 6934 7188 7474
f 7474 7270 6934
f 6935 7114 7419
f 6936 6992 7317
f 6936 7317 7320
f 6936 7320 10656
f 7082 6984 6937
f 6937 6984 10597
f 7098 7082 6937
f 12387 7098 6937
f 12604 12387 6937
f 6939 6945 7350
f 7633 7049 6939
f 6939 7350 7688
f 7688 7633 6939
f 7220 6953 6940
f 6940 7035 7581
f 7581 7220 6940
f 6941 7170 7414
f 12043 7056 6942
f 6942 7057 12043
f 6943 7050 7228
f 7228 7195 6943
f 7196 6960 6944
f 6944 7080 7196
f 7438 7350 6945
f 6946 7077 7178
f 12527 7077 6946
f 6947 7037 7125
f 10537 7037 6947
f 7125 7061 6947
f 6947 7061 12385
f 12546 10537 6947
f 6947 12385 12547
f 12547 12546 6947
f 6948 7171 7240
f 12574 7171 6948
f 6948 7240 11660
f 7450 7120 6949
f 6949 7340 7450
f 11068 7340 6949
f 11350 11068 6949
f 7598 6963 6950
f 6950 6974 7172
f 6950 7172 7598
f 6951 6975 7561
f 7284 6993 6952
f 6952 7227 7284
f 7220 7040 6953
f 7175 7152 6954
f 11238 7175 6954
f 6955 7031 7236
f 6955 7236 7289
f 7113 7058 6956
f 7508 7259 6957
f 6957 7327 7508
f 6958 7156 7439
f 7439 7283 6958
f 6958 7283 12221
f 7623 7135 6959
f 7752 7623 6959
f 10992 7752 6959
f 7313 7014 6960
f 6960 7196 7313
f 6961 7337 7463
f 11916 7337 6961
f 6961 7463 12722
f 6962 7067 7190
f 11766 7067 6962
f 6962 7190 11400
f 6962 11400 11966
f 11942 11766 6962
f 7598 7200 6963
f 7097 7054 6964
f 7134 7097 6964
f 6965 7015 7101
f 7101 7100 6965
f 7314 7132 6966
f 7403 7314 6966
f 10731 7403 6966
f 10760 10731 6966
f 12585 10760 6966
f 6967 7046 7379
f 6967 7379 7408
f 7211 7090 6968
f 6968 7155 7211
f 7218 6999 6969
f 6969 7127 7218
f 7363 7169 6970
f 7664 7363 6970
f 7681 7664 6970
f 7584 7026 6971
f 6971 7254 7584
f 10870 7254 6971
f 7194 7188 6972
f 6973 7018 7301
f 11099 7018 6973
f 7355 7116 6973
f 6973 7301 11676
f 11676 7355 6973
f 6974 7136 7172
f 6975 7005 7901
f 8241 7561 6975
f 6975 7901 8241
f 7828 7194 6976
f 7904 7828 6976
f 11996 7904 6976
f 7201 7131 6977
f 6978 6996 7162
f 6978 7162 7249
f 6979 6994 7115
f 6979 7115 7302
f 7302 7134 6979
f 7246 7009 6980
f 7084 7068 6980
f 6980 7068 7246
f 6981 6989 7189
f 6981 7189 11711
f 11711 7273 6981
f 6982 7515 7528
f 6982 7528 11326
f 11326 11034 6982
f 8058 7114 6983
f 6983 7167 7634
f 6983 7634 8058
f 7082 7041 6984
f 6985 7133 7369
f 6986 7066 7386
f 6986 7386 11425
f 6987 7081 7449
f 7449 7432 6987
f 6988 7165 7494
f 7494 7371 6988
f 6989 7003 7238
f 7238 7189 6989
f 6990 7240 7455
f 11660 7240 6990
f 6990 7455 12068
f 11066 10779 6990
f 6990 10779 11660
f 11191 11066 6990
f 12068 11191 6990
f 6991 7026 7420
f 7357 7136 6991
f 7420 7357 6991
f 7483 7317 6992
f 7495 7483 6992
f 11368 7495 6992
f 7138 7001 6993
f 7284 7138 6993
f 7157 7115 6994
f 6995 7007 7051
f 7029 7013 6995
f 7051 7029 6995
f 6996 7072 7446
f 7446 7162 6996
f 11191 7193 6997
f 6997 7193 11950
f 12014 11191 6997
f 6997 11950 12648
f 6998 7028 7091
f 7517 7017 6999
f 6999 7218 7754
f 7754 7517 6999
f 7000 7105 12008
f 12644 7105 7000
f 12008 7158 7000
f 12760 12644 7000
f 7002 7090 7398
f 7398 7298 7002
f 7003 7187 7238
f 7144 7039 7004
f 7005 7016 7308
f 11183 7016 7005
f 7005 7308 7901
f 7006 7106 11847
f 11247 10599 7006
f 11847 11247 7006
f 7145 7051 7007
f 7007 7110 7245
f 12373 7110 7007
f 7245 7145 7007
f 7123 7070 7008
f 11927 7123 7008
f 7310 7159 7009
f 7009 7159 11080
f 7009 7246 7310
f 7009 11080 11333
f 7010 7232 7533
f 11081 7232 7010
f 7533 7383 7010
f 7011 7200 7657
f 10680 7200 7011
f 7011 7657 8109
f 8109 8069 7011
f 7605 7060 7012
f 7858 7605 7012
f 7012 7680 7858
f 7013 7029 7122
f 7122 7106 7013
f 7014 7313 7327
f 7217 7101 7015
f 7016 7085 7308
f 8141 7265 7017
f 7017 7517 8141
f 7025 7024 7019
f 7019 7024 7053
f 7183 7025 7019
f 7019 7053 7086
f 7019 7086 7117
f 7019 7117 7183
f 7516 7176 7020
f 7020 7263 7569
f 7569 7516 7020
f 7021 7104 7375
f 10953 7104 7021
f 7375 7275 7021
f 7021 7275 12654
f 11465 10953 7021
f 12654 11465 7021
f 7674 7093 7022
f 7022 7276 7674
f 12701 7276 7022
f 7779 7252 7023
f 7023 7265 7779
f 7024 7025 11799
f 11732 7053 7024
f 7024 7083 7150
f 11799 7083 7024
f 7024 7150 11732
f 7346 7119 7025
f 7025 7119 12293
f 7025 7183 7346
f 12293 11799 7025
f 7026 7396 7420
f 7584 7396 7026
f 7399 7392 7027
f 7027 7392 10601
f 11609 7399 7027
f 7027 10596 11609
f 7159 7091 7028
f 11080 7159 7028
f 7029 7051 7059
f 7029 7059 7089
f 7029 7089 7122
f 12165 7111 7030
f 7030 7178 7299
f 7030 7299 7370
f 7030 7370 12300
f 12300 12165 7030
f 7031 7141 7417
f 7417 7236 7031
f 7312 7079 7032
f 7032 7195 7343
f 7343 7312 7032
f 7033 7040 11567
f 7033 7235 10905
f 11567 7235 7033
f 7547 7035 7034
f 7034 7383 7829
f 7829 7547 7034
f 7035 7547 7581
f 7121 7042 7036
f 7140 7121 7036
f 7037 7073 7103
f 7037 7103 12462
f 7168 7125 7037
f 12462 7168 7037
f 7063 7062 7038
f 7038 7062 7129
f 7069 7063 7038
f 7147 7069 7038
f 7038 7129 7147
f 7039 7144 11871
f 7039 11363 11614
f 11871 11363 7039
f 7039 11614 11978
f 7039 11978 12788
f 7040 7220 11567
f 7407 7071 7041
f 7041 7071 11629
f 7041 7082 7407
f 7440 7076 7042
f 7042 7121 7519
f 7519 7440 7042
f 7043 7388 7433
f 11410 7388 7043
f 7043 7433 7511
f 7043 7511 10619
f 7043 10619 11108
f 7044 7111 7153
f 7044 7153 10538
f 7045 7071 7266
f 7045 7266 7340
f 7045 7340 11068
f 7619 7379 7046
f 7677 7619 7046
f 7047 7079 12278
f 12226 7255 7047
f 12278 12226 7047
f 7964 7251 7048
f 7048 7792 7964
f 7633 7141 7049
f 7050 7146 7228
f 12614 7146 7050
f 12163 7059 7051
f 7051 7145 12163
f 7493 7167 7052
f 7588 7493 7052
f 7137 7086 7053
f 12417 7137 7053
f 7053 11732 12417
f 7148 7077 7054
f 7054 7077 12527
f 7054 7097 7268
f 7166 7148 7054
f 7268 7166 7054
f 7329 7126 7055
f 7055 7259 7329
f 7391 7201 7056
f 12043 7391 7056
f 7057 7060 12065
f 12065 12043 7057
f 7058 7113 7143
f 7058 7143 7248
f 7248 7209 7058
f 7058 7209 11082
f 7215 7089 7059
f 11628 7215 7059
f 7059 11013 11628
f 12163 11013 7059
f 7060 7605 7781
f 7060 7781 12065
f 7061 7125 7551
f 7061 7551 11002
f 7061 11002 12385
f 7062 7063 7130
f 7279 7129 7062
f 7062 7130 7279
f 7063 7069 7164
f 12595 7130 7063
f 7063 7164 7233
f 7063 7233 12595
f 7372 7142 7064
f 7064 7179 7372
f 7335 7263 7065
f 7066 7192 11287
f 11287 7386 7066
f 7067 7152 7175
f 7067 7175 7345
f 7345 7190 7067
f 7068 7084 7108
f 7068 7108 11378
f 11378 7246 7068
f 7118 7094 7069
f 7069 7094 7164
f 7147 7118 7069
f 7070 7123 7742
f 7742 7404 7070
f 7499 7266 7071
f 7071 7407 7499
f 7071 11505 11629
f 7072 7378 7491
f 11087 7378 7072
f 7491 7446 7072
f 11349 11087 7072
f 7185 7103 7073
f 7733 7588 7074
f 7796 7733 7074
f 7303 7084 7075
f 7075 7160 7376
f 7376 7303 7075
f 7440 7165 7076
f 7077 7148 7197
f 7272 7178 7077
f 7077 7197 7272
f 11306 7088 7078
f 7078 7092 7615
f 7078 7615 11306
f 7079 7312 7348
f 7079 7348 12278
f 7080 7087 7387
f 7468 7196 7080
f 7080 7387 7468
f 7081 7285 7632
f 7632 7449 7081
f 7082 7098 10638
f 10638 7407 7082
f 7083 7099 7208
f 11799 7099 7083
f 7219 7150 7083
f 7083 7208 7219
f 7281 7108 7084
f 7303 7281 7084
f 7085 7096 7308
f 7207 7117 7086
f 7086 7137 7182
f 7086 7182 7207
f 7087 7275 7387
f 12654 7275 7087
f 11694 7180 7088
f 11306 7437 7088
f 7088 7437 11694
f 12204 7122 7089
f 7089 7215 12204
f 7090 7211 7359
f 7359 7351 7090
f 7090 7351 7398
f 7091 7159 7239
f 7091 7239 7328
f 7091 7328 7402
f 7091 7402 10598
f 7092 7404 7550
f 7092 7550 7615
f 7552 7156 7093
f 7674 7552 7093
f 7094 7118 7261
f 7174 7164 7094
f 7365 7174 7094
f 7094 7261 7365
f 7095 7142 7482
f 7095 7482 11193
f 7095 11193 11749
f 7656 7308 7096
f 7096 7315 7656
f 7097 7134 7397
f 7397 7268 7097
f 7098 7330 10638
f 12387 7330 7098
f 7099 7119 12166
f 12293 7119 7099
f 12166 7208 7099
f 7099 11799 12293
f 7100 7101 7423
f 7311 7295 7100
f 7100 7295 11190
f 7423 7311 7100
f 7101 7217 7573
f 7573 7423 7101
f 7102 7120 7237
f 7237 7144 7102
f 7253 7177 7103
f 7103 7177 12462
f 7103 7185 7253
f 7636 7375 7104
f 7104 7384 7702
f 10586 7384 7104
f 7720 7636 7104
f 7104 7702 7720
f 10887 10586 7104
f 10953 10887 7104
f 7105 7392 7585
f 10601 7392 7105
f 7105 7585 12008
f 12644 10601 7105
f 7106 7122 11744
f 11744 7415 7106
f 7106 7415 11847
f 7107 7205 7339
f 12163 7205 7107
f 7256 7210 7107
f 7107 7210 11013
f 7318 7256 7107
f 7339 7318 7107
f 7107 11013 12163
f 7108 7199 7250
f 7281 7199 7108
f 7108 7250 7362
f 7108 7362 11378
f 7590 7192 7109
f 7109 7319 7521
f 7109 7521 7590
f 7110 7204 7245
f 7287 7153 7111
f 12165 7287 7111
f 7112 7132 7314
f 7430 7234 7112
f 7112 7314 7430
f 10987 7143 7113
f 11036 10987 7113
f 8004 7419 7114
f 8058 8004 7114
f 7115 7157 7425
f 7425 7302 7115
f 7116 7355 7520
f 7116 7520 12530
f 7258 7183 7117
f 7117 7207 7258
f 7118 7147 7286
f 7321 7261 7118
f 7118 7286 7321
f 7119 7346 7672
f 7119 7672 12166
f 7257 7237 7120
f 7450 7257 7120
f 7121 7140 7377
f 7121 7377 7647
f 7647 7519 7121
f 7122 7225 11744
f 12204 7225 7122
f 7123 7331 7541
f 11927 7331 7123
f 7123 7541 7841
f 7841 7742 7123
f 7124 7126 7309
f 7124 7309 7319
f 7125 7168 7360
f 7125 7360 7772
f 7772 7551 7125
f 7277 7271 7126
f 7126 7271 7309
f 7329 7277 7126
f 7648 7218 7127
f 7127 7221 7648
f 7128 7255 7502
f 7558 7378 7128
f 7128 7378 11087
f 7128 7502 7558
f 7128 11087 12483
f 7356 7147 7129
f 7129 7279 7382
f 7460 7356 7129
f 7129 7382 7460
f 7130 7202 7213
f 7269 7202 7130
f 7130 7213 7279
f 12595 7269 7130
f 7267 7161 7131
f 7131 7201 12748
f 12748 7267 7131
f 7133 7364 7369
f 12722 7364 7133
f 7134 7302 7397
f 7878 7410 7135
f 7135 7623 7878
f 7466 7172 7136
f 7136 7357 7531
f 7531 7466 7136
f 7222 7182 7137
f 7137 7206 7222
f 7224 7206 7137
f 12417 7224 7137
f 7480 7214 7138
f 7138 7284 7478
f 7138 7478 7678
f 7678 7480 7138
f 12223 7576 7139
f 7139 7576 12471
f 7139 7682 11972
f 12471 7682 7139
f 11972 11645 7139
f 7139 12208 12223
f 7140 7169 7363
f 7140 7363 7377
f 7633 7417 7141
f 7142 7372 7462
f 7142 7462 7482
f 7431 7248 7143
f 10801 7431 7143
f 10987 10801 7143
f 7144 7237 7296
f 7144 7296 11871
f 7342 7205 7145
f 7145 7205 12163
f 7145 7245 7342
f 7574 7228 7146
f 7146 7549 7574
f 12181 7549 7146
f 12614 12181 7146
f 7356 7286 7147
f 7148 7166 7325
f 7325 7197 7148
f 10951 7278 7149
f 7149 7278 11542
f 7149 7408 7456
f 12197 7408 7149
f 7149 7456 7595
f 7149 7595 10951
f 11542 11480 7149
f 7149 11480 12197
f 7150 7219 11953
f 7150 7447 11732
f 11953 7447 7150
f 7151 7352 12474
f 7151 7723 11299
f 12474 7723 7151
f 7153 7223 10538
f 12362 7223 7153
f 7153 7287 12362
f 7243 7173 7154
f 7154 7242 7243
f 7332 7242 7154
f 7453 7211 7155
f 7155 7249 7428
f 7155 7428 7453
f 7625 7439 7156
f 7156 7552 7625
f 7157 7280 7347
f 7157 7347 7425
f 12454 7300 7158
f 7158 12008 12454
f 7354 7239 7159
f 7159 7310 7354
f 7451 7376 7160
f 7161 7267 7441
f 7441 7280 7161
f 7446 7249 7162
f 7163 7358 7612
f 7612 7606 7163
f 7164 7174 7349
f 7349 7233 7164
f 7165 7440 7659
f 7659 7494 7165
f 7166 7268 7325
f 7167 7493 7634
f 7168 7177 7260
f 12462 7177 7168
f 7168 7260 7360
f 7784 7414 7170
f 7170 7492 7851
f 7851 7784 7170
f 7368 7240 7171
f 7171 7298 7374
f 12574 7298 7171
f 7374 7368 7171
f 7172 7466 7598
f 7173 7243 7390
f 7390 7330 7173
f 7173 7330 12387
f 11257 7349 7174
f 7174 7365 7857
f 7174 7857 7886
f 7174 7886 11257
f 7427 7345 7175
f 11082 7427 7175
f 11238 11082 7175
f 10604 7492 7176
f 7176 7516 10604
f 7219 7208 7177
f 7177 7208 7260
f 7253 7219 7177
f 7178 7272 7299
f 10538 7223 7179
f 7179 7223 11536
f 11536 7372 7179
f 12086 7322 7180
f 7180 7322 12679
f 7180 11694 12086
f 7181 7323 7489
f 12161 7323 7181
f 7181 7489 7549
f 7181 7549 12181
f 12181 11272 7181
f 7385 7207 7182
f 7182 7222 7385
f 7183 7258 12727
f 12727 7346 7183
f 7184 7575 8056
f 8056 7820 7184
f 7564 7253 7185
f 7185 7278 7564
f 7186 7300 7323
f 7186 7323 12161
f 7187 7230 7316
f 7316 7238 7187
f 7188 7194 11958
f 11958 7474 7188
f 7189 7238 7518
f 7189 7518 11711
f 7190 7345 7361
f 7190 7361 11400
f 7191 7288 7830
f 7830 7718 7191
f 7192 7590 7607
f 7192 7607 11287
f 7193 7556 11950
f 12068 7556 7193
f 7193 11191 12068
f 7194 7828 11958
f 7195 7228 7412
f 7412 7343 7195
f 7530 7313 7196
f 7196 7468 7658
f 7658 7530 7196
f 7305 7272 7197
f 7367 7305 7197
f 7197 7325 7367
f 7256 7203 7198
f 7198 7203 7274
f 7198 7210 7256
f 7262 7210 7198
f 7274 7262 7198
f 12723 7250 7199
f 7199 7281 11905
f 7199 11905 12723
f 7200 7598 7657
f 7201 7391 7418
f 7201 7418 12748
f 7202 7206 7213
f 7269 7206 7202
f 7256 7250 7203
f 7203 7250 12723
f 7290 7274 7203
f 12723 7290 7203
f 7436 7245 7204
f 7204 7295 7436
f 11190 7295 7204
f 7342 7339 7205
f 7224 7213 7206
f 7269 7222 7206
f 7444 7258 7207
f 7207 7385 7444
f 7424 7260 7208
f 12166 7424 7208
f 7209 7248 11708
f 7209 7427 11082
f 11708 7427 7209
f 7210 7262 7292
f 7210 7292 11013
f 7459 7359 7211
f 7211 7453 7459
f 7212 7292 7434
f 11013 7292 7212
f 7212 7434 7457
f 7212 7457 12215
f 11628 11013 7212
f 12267 11628 7212
f 7212 12215 12267
f 7213 7224 7344
f 7344 7279 7213
f 7442 7336 7214
f 7480 7442 7214
f 11805 7225 7215
f 7215 7225 12204
f 7215 11628 12267
f 12215 11805 7215
f 12267 12215 7215
f 7471 7315 7216
f 11950 7471 7216
f 12648 11950 7216
f 7978 7573 7217
f 8036 7978 7217
f 10599 8036 7217
f 7218 7648 7754
f 7219 7253 7324
f 7219 7324 11953
f 7581 7510 7220
f 7220 7510 11567
f 7221 7251 7922
f 7958 7648 7221
f 7221 7922 7958
f 7222 7269 7426
f 7389 7385 7222
f 7426 7389 7222
f 7223 7454 11536
f 12362 7454 7223
f 7473 7344 7224
f 7224 7413 7473
f 12417 7413 7224
f 7225 7415 11744
f 12416 7415 7225
f 7225 11805 12416
f 7226 9099 9184
f 10858 9099 7226
f 7226 9184 11325
f 7226 9394 10858
f 11325 9394 7226
f 7488 7284 7227
f 7227 7432 7488
f 7574 7412 7228
f 7229 7293 7770
f 7961 7596 7229
f 7229 7770 7961
f 7582 7316 7230
f 11425 7582 7230
f 7231 7264 7421
f 7421 7337 7231
f 7232 7371 7635
f 11081 7371 7232
f 7635 7533 7232
f 7416 7269 7233
f 7233 7269 12595
f 7233 7349 7416
f 7234 7430 7653
f 7234 7653 10754
f 10754 10677 7234
f 12329 7352 7235
f 7235 11567 12329
f 7429 7289 7236
f 7236 7417 7608
f 7529 7429 7236
f 7608 7529 7236
f 7237 7257 7487
f 7562 7296 7237
f 7237 7487 7562
f 7238 7316 11987
f 11987 7518 7238
f 7239 7297 7328
f 7354 7297 7239
f 7240 7368 7455
f 7241 7333 8108
f 8294 7727 7241
f 7241 8108 8294
f 7282 7243 7242
f 7307 7282 7242
f 12419 7307 7242
f 7242 7332 7675
f 7242 7675 12419
f 7243 7282 7411
f 7411 7390 7243
f 7244 7287 12165
f 12299 7287 7244
f 7244 7370 7667
f 12300 7370 7244
f 7244 7667 12299
f 7244 12165 12300
f 7452 7342 7245
f 7245 7436 7591
f 7591 7452 7245
f 11378 7310 7246
f 7497 7373 7247
f 7247 7402 7497
f 10598 7402 7247
f 7248 7431 11420
f 7248 11420 11708
f 7446 7428 7249
f 7250 7256 7409
f 7409 7362 7250
f 7964 7922 7251
f 7252 7779 7835
f 7564 7324 7253
f 7254 7273 11802
f 7771 7584 7254
f 7790 7771 7254
f 11802 7790 7254
f 7542 7502 7255
f 12226 7542 7255
f 7256 7318 7409
f 7257 7450 7513
f 7513 7487 7257
f 7258 7444 12727
f 7594 7329 7259
f 7259 7508 7594
f 7424 7360 7260
f 7261 7321 7435
f 7536 7365 7261
f 7261 7435 7536
f 7262 7274 7394
f 7338 7292 7262
f 7532 7338 7262
f 7262 7394 7532
f 7263 7335 7565
f 7263 7565 7569
f 7512 7421 7264
f 11193 7512 7264
f 7984 7779 7265
f 8399 7984 7265
f 7265 8141 8515
f 8515 8399 7265
f 7499 7340 7266
f 7496 7441 7267
f 12748 7496 7267
f 10692 7325 7268
f 7268 7397 10692
f 7269 7416 7426
f 7474 7438 7270
f 7271 7277 7326
f 7393 7309 7271
f 7271 7326 7393
f 10926 7299 7272
f 7272 7305 7341
f 7272 7341 10926
f 11711 7756 7273
f 7273 7756 11802
f 7274 7290 11176
f 7476 7394 7274
f 11176 7476 7274
f 7275 7375 7500
f 7500 7387 7275
f 7276 7336 7662
f 11453 7336 7276
f 7276 7662 7674
f 12701 11453 7276
f 7406 7326 7277
f 7277 7329 7406
f 11293 7564 7278
f 7278 10951 11293
f 7279 7344 7465
f 7465 7382 7279
f 11866 7347 7280
f 7280 7441 11866
f 7281 7303 7553
f 7553 7485 7281
f 7281 7485 11905
f 7282 7307 7334
f 7282 7334 7411
f 7283 7439 7638
f 7638 7445 7283
f 7283 7445 12027
f 7283 12027 12221
f 7925 7478 7284
f 7284 7488 7925
f 7285 7294 7632
f 7341 7321 7286
f 7366 7341 7286
f 7286 7356 7366
f 7481 7454 7287
f 7287 7454 12362
f 12299 7481 7287
f 7982 7830 7288
f 7429 7388 7289
f 7289 7388 11410
f 7290 7485 11001
f 11905 7485 7290
f 7290 11001 11176
f 12723 11905 7290
f 7291 7820 8184
f 8184 7831 7291
f 7292 7338 7434
f 7293 7755 7770
f 7757 7632 7294
f 7294 7753 7757
f 11299 7753 7294
f 11384 11299 7294
f 7295 7311 7610
f 7629 7436 7295
f 7295 7610 7629
f 7486 7306 7296
f 7296 7306 11363
f 7562 7486 7296
f 7296 11363 11871
f 7297 7318 7339
f 7354 7318 7297
f 7405 7328 7297
f 7297 7339 7405
f 7472 7374 7298
f 7298 7398 12710
f 12710 7472 7298
f 12120 7370 7299
f 7299 10926 12120
f 7714 7323 7300
f 7834 7714 7300
f 12454 7834 7300
f 7928 7872 7301
f 7301 7872 11676
f 7544 7397 7302
f 7302 7425 7637
f 7637 7544 7302
f 7303 7376 7553
f 7304 7401 7692
f 7304 7692 7711
f 7380 7341 7305
f 7305 7367 7380
f 7580 7403 7306
f 7306 7403 10731
f 7306 7486 7580
f 7306 10731 11363
f 7353 7334 7307
f 7443 7353 7307
f 12419 7443 7307
f 7308 7656 7716
f 7308 7716 8033
f 8033 7901 7308
f 7477 7319 7309
f 7309 7393 7540
f 7540 7477 7309
f 11378 7354 7310
f 7311 7423 7660
f 7660 7610 7311
f 7312 7343 12306
f 12306 7348 7312
f 7567 7327 7313
f 7313 7530 7586
f 7586 7567 7313
f 7314 7403 7430
f 7315 7471 7557
f 7315 7557 7656
f 7316 7582 10690
f 7316 10690 11454
f 7316 11454 11987
f 7654 7320 7317
f 7317 7483 7696
f 7696 7654 7317
f 7318 7354 7409
f 7319 7477 11416
f 11416 7521 7319
f 7651 7401 7320
f 7654 7651 7320
f 7321 7341 7380
f 7321 7380 7435
f 7322 7548 7624
f 12086 7548 7322
f 7624 7571 7322
f 7322 7571 12470
f 7322 12470 12679
f 7583 7489 7323
f 7714 7583 7323
f 7564 7537 7324
f 7324 7537 11953
f 7479 7367 7325
f 10692 7479 7325
f 7326 7334 7353
f 7400 7334 7326
f 7326 7353 7393
f 7406 7400 7326
f 7567 7508 7327
f 7524 7402 7328
f 7328 7405 7524
f 7594 7406 7329
f 7330 7390 7616
f 7330 7616 10638
f 7694 7541 7331
f 7331 7596 7694
f 12651 7675 7332
f 7332 11972 12147
f 7332 12147 12651
f 7333 7718 8108
f 7334 7400 7411
f 7335 7445 7735
f 12762 7565 7335
f 7335 7735 12762
f 7336 7442 10931
f 10931 7662 7336
f 7337 7421 7535
f 7535 7463 7337
f 7464 7434 7338
f 7532 7464 7338
f 7339 7342 7405
f 7559 7450 7340
f 7340 7499 7559
f 7341 7366 7461
f 7341 7461 10926
f 7484 7405 7342
f 7342 7452 7484
f 7343 7412 7768
f 7343 7768 12306
f 7473 7465 7344
f 7522 7361 7345
f 7345 7427 7522
f 7346 7554 7599
f 12727 7554 7346
f 7346 7599 12366
f 12366 7672 7346
f 12104 7425 7347
f 11866 11788 7347
f 7347 11788 12104
f 7348 7601 12222
f 12242 7601 7348
f 8012 7888 7348
f 7348 7888 12242
f 12306 8012 7348
f 7348 12222 12278
f 11429 7416 7349
f 7349 11257 11429
f 7350 7438 7921
f 7921 7688 7350
f 7351 7359 7469
f 12782 7398 7351
f 7351 7469 7578
f 7351 7578 12782
f 7352 7650 7726
f 12329 7650 7352
f 7352 7726 12474
f 7443 7393 7353
f 7354 7362 7409
f 11378 7362 7354
f 7842 7520 7355
f 11676 7842 7355
f 7461 7366 7356
f 7356 7460 7534
f 7534 7461 7356
f 7357 7420 7679
f 7587 7531 7357
f 7679 7587 7357
f 7358 7422 7698
f 11034 7422 7358
f 7698 7612 7358
f 7358 10536 11034
f 7359 7459 7469
f 7360 7424 7826
f 7826 7772 7360
f 7361 7522 7630
f 7361 7630 12223
f 12208 11400 7361
f 12223 12208 7361
f 7641 7377 7363
f 7664 7641 7363
f 7509 7369 7364
f 7364 7463 7604
f 12722 7463 7364
f 7604 7509 7364
f 7365 7536 7846
f 7365 7846 7857
f 7527 7380 7367
f 7367 7479 7527
f 7368 7374 7577
f 7577 7455 7368
f 7369 7509 7515
f 7699 7667 7370
f 12120 7699 7370
f 7371 7494 7635
f 7490 7462 7372
f 11536 7490 7372
f 7497 7475 7373
f 7373 7475 10987
f 7373 10987 11036
f 7374 7472 7746
f 7746 7577 7374
f 7636 7500 7375
f 7376 7451 7821
f 7821 7553 7376
f 7377 7641 7647
f 7729 7491 7378
f 7378 7558 7729
f 7456 7408 7379
f 7668 7456 7379
f 7379 7619 7799
f 7799 7668 7379
f 7527 7435 7380
f 7381 7831 8138
f 8138 7880 7381
f 7465 7460 7382
f 7383 7533 7687
f 7383 7687 7829
f 7384 7653 7734
f 10754 7653 7384
f 7734 7702 7384
f 7384 10677 10754
f 7385 7389 7572
f 7568 7444 7385
f 7572 7568 7385
f 7728 7582 7386
f 7386 7582 11425
f 11287 7728 7386
f 7500 7468 7387
f 7388 7429 7600
f 7526 7433 7388
f 7600 7526 7388
f 7389 7426 7572
f 7390 7411 7616
f 7689 7418 7391
f 7391 7525 7689
f 12043 7525 7391
f 7392 7399 7639
f 7736 7585 7392
f 7392 7639 7736
f 7393 7443 7540
f 7394 7476 7532
f 7933 7681 7395
f 8094 7933 7395
f 10630 8094 7395
f 10817 10630 7395
f 7764 7420 7396
f 7396 7584 7764
f 7397 7544 7747
f 7397 7747 10692
f 12782 12710 7398
f 7511 7503 7399
f 7399 7503 7639
f 10619 7511 7399
f 11609 10619 7399
f 7400 7406 7628
f 7644 7411 7400
f 7400 7628 7644
f 7651 7622 7401
f 7401 7622 7692
f 7524 7497 7402
f 7543 7430 7403
f 7580 7543 7403
f 7685 7550 7404
f 7742 7685 7404
f 7405 7484 7524
f 7406 7594 7628
f 7661 7499 7407
f 7701 7661 7407
f 10638 7701 7407
f 7911 7680 7410
f 7410 7878 7911
f 7644 7616 7411
f 7412 7574 7626
f 7412 7626 7768
f 7413 7447 7470
f 11732 7447 7413
f 7413 7470 7473
f 12417 11732 7413
f 7414 7784 7847
f 7415 10865 11247
f 12570 10865 7415
f 7415 11247 11847
f 7415 12416 12570
f 7603 7426 7416
f 7860 7603 7416
f 11429 7860 7416
f 7873 7608 7417
f 7417 7633 7873
f 12450 7496 7418
f 7418 7496 12748
f 7418 7689 12450
f 8004 7755 7419
f 7777 7679 7420
f 7420 7764 7777
f 7421 7512 7597
f 7597 7535 7421
f 7848 7698 7422
f 11326 7704 7422
f 7422 7704 12789
f 12789 7848 7422
f 7422 11034 11326
f 7423 7573 12768
f 12768 7660 7423
f 7424 7672 8112
f 12166 7672 7424
f 8112 7826 7424
f 12104 7637 7425
f 7603 7572 7426
f 11708 7522 7427
f 7428 7446 7787
f 7710 7453 7428
f 7428 7693 7710
f 7787 7693 7428
f 7429 7529 7889
f 7889 7600 7429
f 7430 7543 7653
f 7431 7498 7621
f 10801 7498 7431
f 7621 7570 7431
f 7431 7570 11420
f 7432 7449 7666
f 7722 7488 7432
f 7432 7666 7722
f 10631 7511 7433
f 7433 7526 10631
f 7602 7457 7434
f 7434 7464 7602
f 7435 7527 7536
f 7717 7591 7436
f 7436 7629 7717
f 8098 7548 7437
f 7437 7548 11694
f 7437 7874 8187
f 11306 7874 7437
f 8187 8098 7437
f 7438 7474 11012
f 7438 7827 7921
f 11012 7827 7438
f 7439 7625 7943
f 12145 7638 7439
f 7439 7943 12192
f 12192 12145 7439
f 7440 7519 7645
f 7440 7645 7659
f 7441 7496 12665
f 7441 7900 11866
f 12665 7900 7441
f 7442 7480 7678
f 7442 7678 7863
f 7442 7863 10875
f 7442 10875 10931
f 7686 7540 7443
f 12419 7686 7443
f 7444 7568 12632
f 7444 12632 12653
f 7444 12653 12730
f 12730 12727 7444
f 7445 7638 7735
f 7446 7491 7787
f 7539 7470 7447
f 7614 7539 7447
f 11953 7614 7447
f 7912 7506 7448
f 7448 7727 8166
f 8111 7912 7448
f 8166 8111 7448
f 7449 7632 7918
f 7918 7666 7449
f 7709 7513 7450
f 7450 7559 7709
f 7451 7551 8011
f 11002 7551 7451
f 8011 7821 7451
f 7505 7484 7452
f 7591 7505 7452
f 7613 7459 7453
f 7710 7613 7453
f 7454 7481 7514
f 11096 7490 7454
f 7454 7490 11536
f 7454 7514 11096
f 7455 7577 7697
f 7697 7652 7455
f 7455 7652 12068
f 7774 7595 7456
f 7456 7668 7774
f 7457 7602 7850
f 7850 7797 7457
f 7457 7797 11754
f 7457 11754 12215
f 7458 7475 7523
f 10801 7475 7458
f 7504 7498 7458
f 7458 7498 10801
f 7505 7504 7458
f 7579 7505 7458
f 7458 7523 7579
f 7560 7469 7459
f 7669 7560 7459
f 7459 7613 7669
f 7460 7465 11116
f 7649 7534 7460
f 11116 7649 7460
f 7461 7534 10926
f 12441 7482 7462
f 7462 7490 7546
f 7462 7546 12441
f 7463 7535 7604
f 7464 7532 7592
f 7464 7592 7602
f 7465 7473 7609
f 7465 7609 7808
f 7465 7808 11116
f 7466 7531 7864
f 7864 7598 7466
f 7749 7476 7467
f 7467 7476 11176
f 7810 7749 7467
f 11935 7810 7467
f 11001 8005 7467
f 7467 8005 11935
f 11176 11001 7467
f 7468 7500 7703
f 7703 7658 7468
f 7469 7560 7563
f 7469 7563 7578
f 7538 7473 7470
f 7555 7538 7470
f 7470 7539 7555
f 7471 7556 7934
f 11950 7556 7471
f 7731 7557 7471
f 7934 7731 7471
f 7472 7618 7746
f 12710 7618 7472
f 7473 7538 7609
f 7474 7962 11012
f 11958 7962 7474
f 7475 7497 7523
f 7475 10801 10987
f 7749 7532 7476
f 7477 7540 7686
f 7477 7686 7926
f 7477 7926 7970
f 7970 7946 7477
f 7477 7946 11416
f 7971 7678 7478
f 7478 7925 7971
f 7919 7527 7479
f 10692 7747 7479
f 7479 7747 12770
f 12770 7919 7479
f 7620 7514 7481
f 12299 7620 7481
f 7482 7512 11193
f 12659 7512 7482
f 12441 7643 7482
f 7482 7643 12659
f 7483 7495 7671
f 7483 7671 7696
f 7484 7505 7579
f 7579 7524 7484
f 7485 7553 8080
f 7485 8080 10703
f 7485 10703 11001
f 7486 7562 7715
f 10949 7580 7486
f 7486 7715 10949
f 7513 7501 7487
f 7487 7501 7589
f 7705 7562 7487
f 7487 7589 7705
f 7488 7722 7925
f 7655 7549 7489
f 7489 7583 7825
f 7825 7655 7489
f 11096 7546 7490
f 7491 7729 7787
f 7492 7840 7851
f 10604 7840 7492
f 7493 7588 7785
f 7785 7634 7493
f 7659 7635 7494
f 11573 7671 7495
f 7495 11368 12671
f 12671 11573 7495
f 7496 12450 12665
f 7524 7523 7497
f 7498 7504 7621
f 7661 7559 7499
f 7500 7636 7750
f 7750 7703 7500
f 7501 7513 7775
f 7665 7589 7501
f 7775 7665 7501
f 7502 7542 11513
f 11902 7558 7502
f 11513 11391 7502
f 7502 11391 11902
f 7503 7511 10631
f 7869 7639 7503
f 11949 7869 7503
f 7503 10631 11949
f 7504 7505 7642
f 11146 7621 7504
f 7504 7642 11146
f 7505 7591 7642
f 7912 7796 7506
f 7507 7953 11022
f 11266 10817 7507
f 7507 11022 11266
f 7508 7567 7683
f 7708 7594 7508
f 7508 7683 7708
f 7713 7515 7509
f 7509 7604 11198
f 7809 7713 7509
f 11198 7809 7509
f 7510 7581 8089
f 8089 7737 7510
f 7510 7737 11567
f 12659 7597 7512
f 7513 7709 7775
f 7620 7593 7514
f 7514 7593 11096
f 7713 7528 7515
f 7516 7569 8140
f 7516 8140 11032
f 10715 10604 7516
f 11032 10715 7516
f 7517 7754 8141
f 11337 7756 7518
f 7518 7756 11711
f 7518 10977 11337
f 11987 10977 7518
f 7647 7645 7519
f 7520 7842 7913
f 7913 7904 7520
f 7520 7904 11996
f 7520 11996 12530
f 7695 7590 7521
f 7721 7695 7521
f 11416 7721 7521
f 12602 7630 7522
f 7522 11708 12602
f 7523 7524 7579
f 12043 7545 7525
f 7525 7545 12667
f 7861 7689 7525
f 12667 7861 7525
f 7526 7600 7783
f 7526 7783 7951
f 7951 7917 7526
f 7526 7917 10631
f 7969 7536 7527
f 7527 7919 7969
f 7713 7704 7528
f 7528 7704 11326
f 7529 7608 7845
f 7529 7845 7889
f 7658 7586 7530
f 7531 7587 7903
f 7903 7864 7531
f 7663 7592 7532
f 7749 7663 7532
f 7533 7635 7712
f 7712 7687 7533
f 7534 7649 11456
f 11456 10926 7534
f 7535 7597 12479
f 7738 7604 7535
f 12479 7738 7535
f 7932 7846 7536
f 7969 7932 7536
f 7537 7564 7725
f 7725 7614 7537
f 7537 7614 11953
f 7538 7555 7566
f 7538 7566 7765
f 7808 7609 7538
f 7538 7765 7808
f 10932 7555 7539
f 7539 7614 7743
f 7539 7743 10932
f 7541 7694 7960
f 7944 7841 7541
f 7960 7944 7541
f 7542 7601 11513
f 12222 7601 7542
f 12226 12222 7542
f 7543 7580 11721
f 11721 7653 7543
f 7544 7637 7761
f 7761 7747 7544
f 7545 7781 7989
f 12065 7781 7545
f 7545 7989 12667
f 7545 12043 12065
f 7546 11096 12060
f 12060 11735 7546
f 7546 11735 12441
f 8089 7581 7547
f 7547 7829 8133
f 8133 8089 7547
f 7766 7624 7548
f 8098 7766 7548
f 12086 11694 7548
f 7751 7574 7549
f 7549 7655 7751
f 7881 7615 7550
f 7550 7685 7881
f 7551 7772 7832
f 7551 7832 8011
f 7760 7625 7552
f 7552 7674 7760
f 7553 7821 8080
f 12038 7599 7554
f 7554 7789 12038
f 12653 7789 7554
f 12730 12653 7554
f 7554 12727 12730
f 7611 7566 7555
f 7670 7611 7555
f 10932 7670 7555
f 7556 7652 7793
f 12068 7652 7556
f 7556 7793 7934
f 7716 7656 7557
f 7786 7716 7557
f 7557 7731 7786
f 7959 7729 7558
f 11902 7959 7558
f 7559 7661 7730
f 7730 7709 7559
f 7741 7563 7560
f 7560 7669 7741
f 8853 7792 7561
f 7561 8241 8853
f 7562 7705 7715
f 7707 7578 7563
f 7741 7707 7563
f 11759 7725 7564
f 7564 11293 11759
f 8037 7569 7565
f 7565 7814 8037
f 12762 7814 7565
f 7566 7611 7617
f 7566 7617 7765
f 7567 7586 7631
f 7567 7631 7683
f 7568 7572 12009
f 12343 7691 7568
f 7568 7691 12632
f 7568 12009 12343
f 7569 8037 8140
f 7570 7621 7866
f 7866 7773 7570
f 7570 7773 11420
f 7571 7624 12347
f 7571 7968 11573
f 12347 7968 7571
f 7571 11573 12470
f 7572 7603 7905
f 7572 7905 12009
f 7978 7871 7573
f 7573 7871 12768
f 12528 7626 7574
f 7574 7751 12528
f 7575 7835 8110
f 8110 8056 7575
f 12223 7630 7576
f 7576 7630 12725
f 7576 7759 12471
f 12725 7759 7576
f 7746 7697 7577
f 7707 7673 7578
f 7578 7673 12782
f 10949 7744 7580
f 7580 7744 11721
f 7582 7728 7929
f 7929 7739 7582
f 7582 7739 10690
f 7583 7714 7825
f 7771 7764 7584
f 7585 7736 7853
f 7853 7844 7585
f 7585 7844 12008
f 7807 7631 7586
f 7586 7658 7740
f 7586 7740 7807
f 7587 7679 7903
f 7588 7733 7991
f 7991 7785 7588
f 7589 7665 7719
f 7798 7705 7589
f 7589 7719 7798
f 7700 7607 7590
f 7590 7695 7700
f 7803 7642 7591
f 7591 7717 7803
f 7824 7602 7592
f 7592 7663 7769
f 7592 7769 7824
f 7593 7620 7646
f 11734 7627 7593
f 7593 7627 12060
f 7646 7640 7593
f 7593 7640 11734
f 12060 11096 7593
f 7708 7628 7594
f 7595 7774 7883
f 7883 7843 7595
f 7595 7843 11293
f 11293 10951 7595
f 11178 7694 7596
f 7596 7961 11178
f 7597 7684 12479
f 12659 7684 7597
f 8125 7657 7598
f 7598 7864 8093
f 8093 8070 7598
f 7598 8070 8125
f 12038 7891 7599
f 7599 7891 12366
f 7889 7783 7600
f 7601 8079 11075
f 12242 8079 7601
f 7601 11075 11513
f 7602 7824 7850
f 7603 7860 7905
f 7604 7738 11198
f 7822 7781 7605
f 7858 7822 7605
f 7606 7612 7802
f 7910 7677 7606
f 7606 7802 7910
f 7607 7700 7856
f 7896 7728 7607
f 7607 7728 11287
f 7607 7856 7896
f 7873 7845 7608
f 7706 7629 7610
f 7610 7660 7800
f 7732 7706 7610
f 7800 7732 7610
f 7640 7617 7611
f 11734 7640 7611
f 7611 7670 11734
f 7612 7698 7892
f 7892 7802 7612
f 7956 7669 7613
f 7613 7710 10796
f 10796 7956 7613
f 7614 7725 7743
f 7881 7874 7615
f 7615 7874 11306
f 7616 7644 7724
f 7724 7701 7616
f 7616 7701 10638
f 7617 7640 7804
f 7859 7765 7617
f 7617 7804 7859
f 7618 7673 7791
f 12710 7673 7618
f 7801 7746 7618
f 7618 7791 7882
f 7882 7801 7618
f 7619 7677 11710
f 7914 7799 7619
f 11710 7914 7619
f 7804 7646 7620
f 7620 7767 7852
f 12299 7767 7620
f 7852 7804 7620
f 7621 7837 7866
f 11146 7837 7621
f 7622 7651 7862
f 7899 7692 7622
f 7622 7862 7899
f 7623 7752 10605
f 10605 7878 7623
f 7624 7766 7836
f 7624 7836 12347
f 7625 7760 8114
f 8114 7943 7625
f 11317 7768 7626
f 7626 8010 11317
f 12122 8010 7626
f 12528 12122 7626
f 11021 10958 7627
f 7627 10958 11522
f 11734 11021 7627
f 7627 11522 11705
f 7627 11705 12060
f 7708 7644 7628
f 7629 7706 11529
f 11529 7717 7629
f 7630 12602 12725
f 7631 7676 7690
f 7807 7676 7631
f 7690 7683 7631
f 7632 7757 7918
f 7633 7688 7973
f 7973 7873 7633
f 7634 7785 7966
f 7634 7966 8058
f 7635 7659 11352
f 7849 7712 7635
f 11352 7849 7635
f 7636 7720 7750
f 7868 7761 7637
f 11344 7868 7637
f 11788 11344 7637
f 12104 11788 7637
f 12394 7735 7638
f 12145 12116 7638
f 7638 12116 12394
f 7869 7736 7639
f 7640 7646 7804
f 8151 7647 7641
f 7641 7664 7867
f 7641 7867 8151
f 7642 7803 7854
f 7642 7854 11146
f 12441 11735 7643
f 7643 11735 12459
f 7643 12459 12659
f 7644 7708 7724
f 7645 7647 7999
f 7999 7659 7645
f 8151 7999 7647
f 8078 7754 7648
f 7648 7958 8078
f 11062 7699 7649
f 7649 7699 11456
f 7649 7808 11062
f 11116 7808 7649
f 12041 7726 7650
f 7650 7737 11404
f 12329 7737 7650
f 7650 11404 12041
f 7651 7654 7823
f 7651 7823 7862
f 7652 7697 7793
f 7763 7734 7653
f 11721 7763 7653
f 7654 7696 7915
f 7915 7823 7654
f 7920 7751 7655
f 7655 7825 7923
f 7923 7920 7655
f 7657 8072 8109
f 8125 8072 7657
f 7658 7703 7740
f 7659 7999 11352
f 7805 7800 7660
f 7871 7805 7660
f 12768 7871 7660
f 7661 7701 7782
f 7782 7730 7661
f 11729 7674 7662
f 7662 10931 11834
f 7662 11653 11729
f 11834 11653 7662
f 7663 7749 7884
f 7884 7769 7663
f 7664 7681 7867
f 7690 7676 7665
f 7665 7676 7719
f 7775 7690 7665
f 8073 7722 7666
f 7666 7918 8216
f 8216 8073 7666
f 7667 7699 7758
f 7667 7758 11467
f 7667 11467 12299
f 7893 7774 7668
f 7668 7799 7893
f 7956 7741 7669
f 7940 7907 7670
f 7670 7907 11021
f 10932 7940 7670
f 7670 11021 11734
f 7776 7696 7671
f 7838 7776 7671
f 11573 7838 7671
f 12475 8112 7672
f 7672 12366 12475
f 7673 7707 12410
f 12410 7791 7673
f 7673 12710 12782
f 11729 7760 7674
f 7865 7833 7675
f 7675 7833 12419
f 12699 7865 7675
f 7675 12651 12699
f 7807 7719 7676
f 7677 7910 11710
f 7998 7863 7678
f 7678 7971 7998
f 7679 7777 8246
f 8246 7903 7679
f 7957 7858 7680
f 7680 7911 7957
f 7933 7867 7681
f 7855 7818 7682
f 7682 7818 12147
f 12471 7855 7682
f 12147 11972 7682
f 7683 7690 7812
f 7812 7708 7683
f 7684 11522 11563
f 12459 11522 7684
f 7684 11563 12479
f 12659 12459 7684
f 7685 7742 7949
f 11475 7881 7685
f 7685 7949 11475
f 7686 7833 7916
f 12419 7833 7686
f 7686 7916 7926
f 7687 7712 7950
f 7950 7829 7687
f 7688 7921 7973
f 7885 7813 7689
f 7689 7813 12450
f 7689 7861 7963
f 7963 7885 7689
f 7690 7775 7812
f 8006 7789 7691
f 7691 7789 12632
f 8165 8006 7691
f 7691 8099 8165
f 12343 8099 7691
f 7899 7711 7692
f 10722 7710 7693
f 7693 7787 7965
f 7693 7965 8120
f 7693 8120 10722
f 8065 7960 7694
f 11178 8065 7694
f 7748 7700 7695
f 7695 7721 7794
f 7695 7745 7748
f 7794 7745 7695
f 7696 7776 7915
f 7697 7746 7879
f 7879 7793 7697
f 7698 7848 12767
f 12767 7892 7698
f 11134 7758 7699
f 7699 11062 11134
f 12120 11456 7699
f 7700 7748 7856
f 7701 7724 7782
f 7806 7720 7702
f 7702 7734 7816
f 7816 7806 7702
f 7811 7740 7703
f 7703 7750 7811
f 7704 7713 12497
f 7704 12497 12789
f 7817 7715 7705
f 7705 7798 7817
f 7706 7732 7745
f 7706 7745 7815
f 7706 7815 11529
f 7707 7741 10807
f 7707 10807 12592
f 12592 12410 7707
f 7795 7724 7708
f 7812 7795 7708
f 7709 7730 7788
f 7788 7775 7709
f 7710 10722 12276
f 12276 10796 7710
f 8161 7752 7711
f 7711 7752 10992
f 7711 7899 7981
f 7711 7981 8275
f 8275 8161 7711
f 7712 7849 8041
f 8041 7950 7712
f 7713 7809 11010
f 11010 7902 7713
f 7713 7902 12497
f 8027 7825 7714
f 7714 7834 8027
f 7817 7780 7715
f 7715 7780 10949
f 7716 7786 8086
f 8086 8033 7716
f 7908 7803 7717
f 11529 7908 7717
f 7718 7830 8064
f 7718 8064 8108
f 7839 7798 7719
f 7719 7807 7839
f 7806 7750 7720
f 7927 7794 7721
f 12684 7927 7721
f 7721 11416 12684
f 8014 7925 7722
f 8073 8014 7722
f 7723 7726 8007
f 12474 7726 7723
f 7723 7753 11299
f 11683 7753 7723
f 7723 8007 11683
f 7795 7782 7724
f 11271 7743 7725
f 7725 7843 11271
f 11759 7843 7725
f 12041 8007 7726
f 8294 8166 7727
f 7728 7896 7935
f 7935 7929 7728
f 8008 7787 7729
f 7729 7959 10862
f 10862 8008 7729
f 7730 7782 7788
f 8001 7786 7731
f 7731 7934 8001
f 7748 7745 7732
f 7800 7748 7732
f 7733 7796 8163
f 8115 7991 7733
f 8163 8115 7733
f 7734 7763 7816
f 12394 7996 7735
f 7735 7996 12762
f 7869 7853 7736
f 7737 8089 11712
f 11712 11404 7737
f 12329 11567 7737
f 12002 11198 7738
f 7738 11563 12002
f 12479 11563 7738
f 7739 7929 8103
f 7739 8103 8240
f 7739 8240 11377
f 11377 10690 7739
f 7811 7807 7740
f 7741 7956 10647
f 10647 9138 7741
f 7741 9138 10807
f 7742 7841 7949
f 7743 7940 10932
f 11271 7940 7743
f 7816 7763 7744
f 7744 7763 11721
f 7744 7780 7819
f 10949 7780 7744
f 7819 7816 7744
f 7745 7794 7815
f 7746 7801 7879
f 7747 7761 7897
f 7747 7897 12770
f 7748 7800 7856
f 7749 7810 7995
f 7995 7884 7749
f 7750 7806 7811
f 7751 7920 7939
f 7751 7939 12122
f 7751 12122 12528
f 7752 8161 10605
f 10602 7757 7753
f 11683 10602 7753
f 7754 8078 10776
f 8414 8141 7754
f 10776 8414 7754
f 8142 7770 7755
f 7755 8004 8142
f 7975 7790 7756
f 7756 7790 11802
f 8180 7975 7756
f 11337 8180 7756
f 8216 7918 7757
f 12257 8216 7757
f 7757 10602 12257
f 7852 7767 7758
f 7758 7767 11467
f 7895 7852 7758
f 11134 7895 7758
f 7759 7762 7894
f 12725 7762 7759
f 7894 7855 7759
f 7759 7855 12471
f 8257 8114 7760
f 11729 8257 7760
f 7761 7868 7897
f 7762 7773 7894
f 11708 7773 7762
f 12602 11708 7762
f 12725 12602 7762
f 7764 7771 7931
f 7986 7777 7764
f 7764 7931 7986
f 7859 7808 7765
f 8003 7836 7766
f 8098 8003 7766
f 12299 11467 7767
f 12291 8012 7768
f 7768 8012 12306
f 7768 11317 11393
f 7768 11393 12291
f 11482 7824 7769
f 7769 7884 8067
f 7769 8067 12744
f 12744 11482 7769
f 8142 7961 7770
f 7771 7790 7975
f 8207 7931 7771
f 7771 7975 8207
f 7772 7826 8116
f 8116 7832 7772
f 7773 7866 11750
f 11750 7894 7773
f 11708 11420 7773
f 11338 7883 7774
f 7774 7893 7947
f 7774 7947 11338
f 7775 7788 7812
f 7776 7838 7945
f 7945 7915 7776
f 7777 7986 8246
f 7778 7809 11198
f 11928 7809 7778
f 10958 7907 7778
f 7778 7907 11928
f 11563 10958 7778
f 7778 11198 12002
f 12002 11563 7778
f 8173 7835 7779
f 7779 7984 8173
f 7780 7817 7839
f 7839 7819 7780
f 7781 7822 8051
f 8051 7989 7781
f 7795 7788 7782
f 7783 7889 8102
f 8102 7951 7783
f 8137 7847 7784
f 7784 7851 8213
f 8213 8137 7784
f 8030 7966 7785
f 7785 7991 8030
f 7786 8001 8063
f 8063 8054 7786
f 7786 8054 8086
f 8071 7965 7787
f 7787 8008 8071
f 7788 7795 7812
f 8006 7875 7789
f 7789 7875 12038
f 12653 12632 7789
f 7791 7876 8118
f 12410 7876 7791
f 8002 7882 7791
f 8118 8002 7791
f 8331 7964 7792
f 8853 8331 7792
f 7793 7879 7906
f 7793 7906 7934
f 7927 7815 7794
f 7796 7912 8163
f 7797 7850 8013
f 7797 8013 8101
f 7797 8101 11551
f 7797 11551 12416
f 11805 11754 7797
f 12416 11805 7797
f 7839 7817 7798
f 7947 7893 7799
f 7799 7914 7947
f 7800 7805 7942
f 7942 7856 7800
f 8002 7879 7801
f 7801 7882 8002
f 7802 7892 7941
f 7941 7910 7802
f 7936 7854 7803
f 7803 7908 7936
f 7804 7852 7895
f 7895 7859 7804
f 7805 7871 8016
f 8016 7942 7805
f 7816 7811 7806
f 7807 7811 7839
f 7808 7859 7895
f 7808 7895 11062
f 11928 11010 7809
f 8075 7995 7810
f 11935 8075 7810
f 7811 7816 7819
f 7811 7819 7839
f 7813 7885 8046
f 7813 8046 8083
f 7813 8083 11781
f 7813 11781 12665
f 12665 12450 7813
f 7814 7996 8176
f 12762 7996 7814
f 8176 8037 7814
f 7927 7908 7815
f 7815 7908 11529
f 7818 7855 7898
f 7898 7865 7818
f 7818 7865 12699
f 12651 12147 7818
f 12699 12651 7818
f 7820 8056 8606
f 8606 8184 7820
f 7821 8011 8057
f 7821 8057 8080
f 7822 7858 8062
f 8127 8051 7822
f 7822 8062 8219
f 8219 8127 7822
f 7930 7862 7823
f 7823 7915 8020
f 8015 7930 7823
f 8039 8015 7823
f 7823 8020 8039
f 8134 7850 7824
f 8155 8134 7824
f 11482 8155 7824
f 7980 7923 7825
f 8017 7980 7825
f 8027 8017 7825
f 7826 8112 8116
f 8186 7921 7827
f 8313 8186 7827
f 11435 8313 7827
f 7827 11012 11435
f 7828 7904 8215
f 8273 8055 7828
f 7828 8055 11958
f 7828 8215 8273
f 7829 7950 8153
f 8153 8133 7829
f 7830 7982 8210
f 8210 8064 7830
f 8448 8138 7831
f 7831 8184 8448
f 8132 8011 7832
f 7832 8116 8132
f 7833 7865 7909
f 7833 7909 7955
f 7955 7916 7833
f 7834 7844 8082
f 12454 7844 7834
f 8038 8027 7834
f 8082 8038 7834
f 8289 8110 7835
f 7835 8173 8289
f 8068 7954 7836
f 7836 7954 12347
f 7836 8003 8068
f 7924 7866 7837
f 7967 7924 7837
f 7837 7937 7967
f 11146 7937 7837
f 7968 7945 7838
f 11573 7968 7838
f 8213 7851 7840
f 7840 8211 8213
f 10604 8211 7840
f 7841 7944 8022
f 8022 7949 7841
f 7842 7872 8023
f 11676 7872 7842
f 8044 7913 7842
f 7842 8023 8044
f 7883 7877 7843
f 7843 7877 11271
f 11759 11293 7843
f 7844 7853 8172
f 8172 8082 7844
f 12454 12008 7844
f 7845 7873 8048
f 8048 7889 7845
f 7993 7857 7846
f 7846 7932 8042
f 8042 7993 7846
f 8113 7928 7847
f 8137 8113 7847
f 7848 7902 12241
f 12497 7902 7848
f 7848 12241 12742
f 12789 12497 7848
f 7848 12742 12767
f 7849 7987 8041
f 11352 7987 7849
f 8134 8013 7850
f 7853 7869 8049
f 7853 8049 8172
f 7854 7936 7937
f 7854 7937 11146
f 7855 7894 7898
f 7974 7896 7856
f 7856 7942 7974
f 7988 7886 7857
f 7993 7988 7857
f 7858 7957 8062
f 7860 7886 8026
f 11429 7886 7860
f 11607 7905 7860
f 7860 8026 11607
f 8028 7963 7861
f 7861 7990 8028
f 12667 7990 7861
f 8040 7899 7862
f 7862 7930 8040
f 7863 7998 8092
f 7863 8031 10875
f 11316 8031 7863
f 7863 8092 11316
f 7864 7903 8128
f 8128 8093 7864
f 7865 7898 7909
f 7866 7924 11750
f 7867 7933 8053
f 7867 8053 8151
f 8119 7897 7868
f 8261 8119 7868
f 11446 8261 7868
f 7868 11344 11446
f 8233 8049 7869
f 11949 8233 7869
f 7871 7978 8016
f 7872 7928 7997
f 7872 7997 8023
f 7873 7973 8029
f 7873 8029 8048
f 7874 7881 8105
f 7874 8105 8218
f 8314 8187 7874
f 7874 8218 8314
f 8085 8000 7875
f 7875 8000 12038
f 7875 8006 8085
f 7876 8076 8118
f 12592 8076 7876
f 7876 12410 12592
f 7877 7883 11338
f 11226 7940 7877
f 7877 7940 11271
f 11338 11226 7877
f 8121 7911 7878
f 8197 8121 7878
f 10605 8197 7878
f 7977 7906 7879
f 8002 7977 7879
f 7880 8138 8468
f 8468 8194 7880
f 7881 8019 8088
f 11475 8019 7881
f 7881 8088 8105
f 7884 7995 8067
f 7885 7963 8046
f 7886 7988 8026
f 11429 11257 7886
f 7887 11172 11903
f 7888 8012 8066
f 7888 8066 8091
f 7888 8091 12242
f 7889 8048 8200
f 8200 8102 7889
f 7948 7900 7890
f 7890 7900 12665
f 8032 7948 7890
f 11781 8032 7890
f 12665 11781 7890
f 8025 7992 7891
f 7891 7992 12475
f 7891 8000 8025
f 12038 8000 7891
f 12475 12366 7891
f 7972 7941 7892
f 12742 7972 7892
f 12767 12742 7892
f 11750 7898 7894
f 11134 11062 7895
f 7974 7935 7896
f 8119 7919 7897
f 7897 7919 12770
f 7924 7909 7898
f 11750 7924 7898
f 8040 7981 7899
f 7900 7948 12113
f 7900 11091 11788
f 12113 11091 7900
f 7900 11788 11866
f 7901 8033 10999
f 10999 8241 7901
f 11928 10912 7902
f 7902 10912 12241
f 7902 11010 11928
f 8242 8128 7903
f 8246 8242 7903
f 7904 7913 8215
f 7905 11607 12496
f 12343 12009 7905
f 12496 12343 7905
f 8050 7934 7906
f 7906 7977 11564
f 11564 8050 7906
f 7907 7940 11009
f 11009 10637 7907
f 7907 10637 11928
f 7907 10958 11021
f 7908 7927 7983
f 7983 7936 7908
f 7909 7924 7955
f 7910 7914 11710
f 12668 7914 7910
f 7910 7941 7994
f 7910 7994 12668
f 8047 7957 7911
f 8121 8047 7911
f 7912 8111 8163
f 7913 8044 8168
f 7913 8168 8231
f 8231 8215 7913
f 11803 7947 7914
f 12599 11803 7914
f 12668 12599 7914
f 7915 7945 8020
f 7976 7926 7916
f 7916 7955 7976
f 7917 7951 8152
f 8278 8081 7917
f 7917 8081 10631
f 7917 8152 8278
f 12247 7969 7919
f 7919 8119 12247
f 7920 7923 8043
f 8143 7939 7920
f 7920 8043 8143
f 8212 7973 7921
f 7921 8186 8212
f 8357 7958 7922
f 7922 7964 8437
f 8437 8357 7922
f 7923 7980 8043
f 7967 7955 7924
f 8090 7971 7925
f 7925 8014 8227
f 8227 8090 7925
f 12114 7970 7926
f 7926 7976 12114
f 7927 7946 7983
f 12684 7946 7927
f 8113 7997 7928
f 7929 7935 11555
f 11555 8103 7929
f 7930 8015 8035
f 7930 8035 8074
f 8074 8040 7930
f 8245 7986 7931
f 7931 8207 8312
f 8312 8245 7931
f 7932 7969 12287
f 8190 8042 7932
f 12287 8190 7932
f 8094 8053 7933
f 8095 8001 7934
f 7934 8050 8095
f 7935 7974 8052
f 7935 8052 11555
f 12114 7937 7936
f 7936 7983 8009
f 7936 8009 12114
f 7976 7967 7937
f 12114 7976 7937
f 8198 8097 7938
f 7938 8097 11513
f 7938 8157 8198
f 11075 8157 7938
f 11513 11075 7938
f 8143 8010 7939
f 7939 8010 12122
f 7940 7985 11009
f 11226 7985 7940
f 7941 7972 7994
f 8061 7974 7942
f 7942 8016 8061
f 8147 8021 7943
f 7943 8021 12192
f 7943 8114 8147
f 7944 7960 8022
f 7945 7968 8059
f 8059 8020 7945
f 7946 7970 8009
f 8009 7983 7946
f 12684 11416 7946
f 12516 11338 7947
f 7947 11803 12516
f 7948 8032 8084
f 11642 8077 7948
f 7948 8077 12113
f 7948 8084 11642
f 8022 8019 7949
f 7949 8019 11475
f 7950 8041 8336
f 8303 8153 7950
f 8336 8303 7950
f 7951 8102 8152
f 7952 7956 8159
f 10647 7956 7952
f 8234 8018 7952
f 7952 8018 9138
f 7952 8159 8234
f 7952 9138 10647
f 10662 8497 7953
f 7953 8497 11022
f 8059 7968 7954
f 7954 7968 12347
f 8188 8059 7954
f 7954 8068 8188
f 7955 7967 7976
f 8320 8159 7956
f 10796 8320 7956
f 7957 8047 8062
f 8248 8078 7958
f 8357 8248 7958
f 7959 8097 8267
f 11902 8097 7959
f 8267 8252 7959
f 7959 8252 10862
f 8065 8022 7960
f 7961 8142 8765
f 8765 8247 7961
f 7961 8247 11178
f 7962 8055 8136
f 11958 8055 7962
f 7962 8136 11435
f 11435 11012 7962
f 7963 8028 8107
f 8107 8046 7963
f 7964 8331 8437
f 7965 8071 8120
f 7966 8030 8237
f 8237 8058 7966
f 7969 12247 12287
f 12114 8009 7970
f 8090 7998 7971
f 7972 7979 7994
f 12241 7979 7972
f 12742 12241 7972
f 8130 8029 7973
f 8212 8130 7973
f 8061 8052 7974
f 7975 8180 8495
f 8495 8207 7975
f 7977 8002 8045
f 7977 8045 11564
f 8182 8016 7978
f 7978 8036 8254
f 8254 8182 7978
f 11899 7994 7979
f 10912 10637 7979
f 7979 10637 11009
f 12241 10912 7979
f 7979 11009 11899
f 7980 8017 8087
f 8087 8043 7980
f 7981 8040 8126
f 7981 8126 8275
f 7982 8194 8395
f 8395 8210 7982
f 8399 8173 7984
f 11899 11009 7985
f 7985 11226 12516
f 7985 11803 11899
f 12516 11803 7985
f 7986 8245 8246
f 7987 7999 8144
f 11352 7999 7987
f 8196 8041 7987
f 7987 8144 8196
f 7988 7993 12022
f 11041 8026 7988
f 12022 11041 7988
f 8060 7990 7989
f 7989 7990 12667
f 7989 8051 8060
f 8060 8028 7990
f 8115 8030 7991
f 7992 8025 8158
f 8347 8112 7992
f 7992 8112 12475
f 7992 8158 8347
f 7993 8042 8324
f 7993 8324 12022
f 7994 11899 12599
f 7994 12599 12668
f 8135 8067 7995
f 7995 8075 8135
f 7996 8096 8189
f 12116 8096 7996
f 8189 8176 7996
f 12394 12116 7996
f 8178 8023 7997
f 7997 8113 8282
f 8282 8178 7997
f 7998 8090 8092
f 8151 8144 7999
f 8123 8025 8000
f 8000 8085 8123
f 8129 8063 8001
f 8001 8095 8129
f 12597 8045 8002
f 8002 8118 12597
f 8373 8068 8003
f 8003 8098 11320
f 8003 8316 8373
f 11320 8316 8003
f 8004 8058 8328
f 8370 8142 8004
f 8004 8328 8370
f 10703 8080 8005
f 8005 8080 10740
f 10740 8174 8005
f 8005 8174 11935
f 11001 10703 8005
f 8100 8085 8006
f 8287 8100 8006
f 8006 8165 8287
f 8007 8193 11177
f 12041 8193 8007
f 8007 11177 12493
f 12493 11683 8007
f 8104 8071 8008
f 8162 8104 8008
f 8311 8162 8008
f 10862 8311 8008
f 8010 8143 8149
f 8010 8149 8167
f 8010 8167 11393
f 11393 11317 8010
f 8343 8057 8011
f 8011 8132 8343
f 8117 8066 8012
f 12291 8117 8012
f 8175 8101 8013
f 8013 8134 8175
f 8014 8073 8355
f 8355 8227 8014
f 8154 8035 8015
f 8015 8039 8154
f 8220 8061 8016
f 8016 8182 8220
f 8017 8027 8293
f 8293 8087 8017
f 8192 8076 8018
f 8018 8076 12592
f 8234 8192 8018
f 12592 9138 8018
f 8019 8022 8309
f 8309 8088 8019
f 8204 8039 8020
f 8020 8059 8204
f 8326 8096 8021
f 8021 8096 12116
f 8021 8147 8326
f 8021 12116 12145
f 8021 12145 12192
f 8022 8065 10726
f 8022 8195 8309
f 10726 8195 8022
f 8223 8044 8023
f 8023 8178 8223
f 8024 8101 11292
f 11551 8101 8024
f 8024 8235 10865
f 11292 8235 8024
f 8024 10865 12570
f 12416 11551 8024
f 12570 12416 8024
f 8025 8123 8148
f 8025 8148 8158
f 8026 8232 8260
f 11041 8232 8026
f 8026 8260 11607
f 8027 8038 8150
f 8027 8150 8293
f 8028 8060 8107
f 8251 8048 8029
f 8029 8130 8251
f 8030 8115 8375
f 8436 8237 8030
f 8030 8375 8628
f 8628 8436 8030
f 8031 8476 10971
f 11316 8476 8031
f 11834 10875 8031
f 8031 10971 11651
f 8031 11651 11653
f 8031 11653 11834
f 11781 8083 8032
f 8032 8083 12064
f 11974 8084 8032
f 12064 11974 8032
f 8033 8086 8179
f 8179 8139 8033
f 8033 8139 10999
f 8034 8045 8228
f 11564 8045 8034
f 8243 8050 8034
f 8034 8050 11564
f 8034 8228 8243
f 8154 8074 8035
f 8036 8230 8486
f 10599 8230 8036
f 8486 8254 8036
f 8208 8140 8037
f 8037 8176 8262
f 8288 8208 8037
f 8037 8262 8288
f 8038 8082 8268
f 8256 8150 8038
f 8268 8256 8038
f 11380 8154 8039
f 8039 8204 11380
f 8040 8074 8164
f 8164 8126 8040
f 8041 8196 8336
f 8042 8190 8334
f 8334 8324 8042
f 8043 8087 8171
f 8171 8143 8043
f 8223 8168 8044
f 11603 8228 8045
f 12597 11603 8045
f 8253 8083 8046
f 8046 8107 8169
f 8046 8169 8253
f 8177 8062 8047
f 8047 8121 8145
f 8047 8145 8177
f 8251 8200 8048
f 8333 8172 8049
f 8049 8233 8238
f 8049 8238 8333
f 8243 8095 8050
f 8131 8060 8051
f 8051 8127 8222
f 8222 8131 8051
f 8052 8061 8160
f 8052 8160 8203
f 8052 8203 11555
f 8053 8094 8156
f 8156 8151 8053
f 8054 8063 8170
f 8179 8086 8054
f 8054 8170 8264
f 8264 8179 8054
f 8274 8136 8055
f 8055 8273 8274
f 8056 8110 8611
f 8611 8606 8056
f 8425 8080 8057
f 8057 8343 8425
f 8058 8237 8306
f 8058 8306 8328
f 8059 8188 12035
f 12035 8204 8059
f 8131 8107 8060
f 8220 8160 8061
f 8062 8177 8219
f 8063 8129 8205
f 8205 8170 8063
f 8361 8108 8064
f 8064 8210 8361
f 8065 8247 8307
f 11178 8247 8065
f 8065 8307 10726
f 8202 8091 8066
f 8066 8117 8226
f 8226 8202 8066
f 8067 8135 8185
f 8067 8185 12744
f 8350 8188 8068
f 8373 8350 8068
f 8069 8109 8731
f 8069 8731 10610
f 8069 10610 10662
f 8070 8093 8539
f 8564 8125 8070
f 8070 8539 8564
f 8071 8104 8249
f 8249 8120 8071
f 8613 8109 8072
f 8072 8125 8564
f 8072 8564 8613
f 8073 8216 8272
f 8073 8272 8484
f 8484 8355 8073
f 8074 8154 8209
f 8209 8164 8074
f 8221 8135 8075
f 8075 8191 8221
f 11935 8191 8075
f 8146 8118 8076
f 8192 8146 8076
f 8077 8122 11275
f 11642 8122 8077
f 11855 11091 8077
f 8077 11091 12113
f 8077 11275 11855
f 8078 8248 8360
f 8078 8360 10776
f 8079 8091 8217
f 12242 8091 8079
f 8079 8217 11113
f 11113 11075 8079
f 8080 8425 10740
f 8568 8233 8081
f 8081 8233 11949
f 8081 8278 8568
f 11949 10631 8081
f 8082 8172 8268
f 8083 8253 12064
f 8084 8122 11642
f 11925 8122 8084
f 8084 8321 11925
f 12517 8321 8084
f 8084 11974 12517
f 8085 8100 8255
f 8255 8123 8085
f 8298 8171 8087
f 8087 8293 8298
f 8239 8105 8088
f 8309 8239 8088
f 8089 8133 8327
f 8089 8327 8342
f 8089 8342 11712
f 8426 8092 8090
f 8090 8227 8426
f 8091 8202 8217
f 8092 8426 8651
f 8651 8476 8092
f 8092 8476 11316
f 8093 8128 8535
f 8093 8535 8766
f 8766 8539 8093
f 8236 8156 8094
f 8094 8201 8277
f 10630 8201 8094
f 8277 8236 8094
f 8305 8129 8095
f 8095 8243 8305
f 8431 8189 8096
f 8096 8326 8431
f 8097 8198 8267
f 8097 11391 11513
f 11902 11391 8097
f 8098 8187 11320
f 8099 8124 8165
f 12496 8124 8099
f 8099 12343 12496
f 8344 8255 8100
f 8100 8287 8344
f 8101 8175 8330
f 8330 8181 8101
f 8101 8181 11292
f 8427 8152 8102
f 8102 8200 8427
f 8103 8203 8364
f 11555 8203 8103
f 8525 8240 8103
f 8103 8364 8525
f 8104 8162 8269
f 8269 8249 8104
f 8239 8218 8105
f 8240 8229 8106
f 8106 8229 8465
f 11377 8240 8106
f 8106 8465 10977
f 8106 10977 11987
f 11987 11377 8106
f 8107 8131 8169
f 8488 8294 8108
f 8108 8361 8488
f 8109 8613 8731
f 8110 8289 8671
f 8671 8611 8110
f 8462 8163 8111
f 8111 8166 8381
f 8111 8381 8462
f 8214 8116 8112
f 8377 8214 8112
f 8112 8347 8377
f 8113 8137 8304
f 8304 8282 8113
f 8379 8147 8114
f 8114 8257 8379
f 8115 8163 8368
f 8115 8368 8375
f 8353 8132 8116
f 8116 8214 8353
f 8117 8225 8226
f 12291 8225 8117
f 8118 8146 11675
f 11675 11603 8118
f 8118 11603 12597
f 8276 8206 8119
f 8119 8206 12247
f 8119 8261 8276
f 8120 8249 11334
f 11196 10722 8120
f 8120 10904 11196
f 11334 10904 8120
f 8317 8145 8121
f 8121 8197 8345
f 8420 8317 8121
f 8121 8345 8420
f 8122 8371 8396
f 11925 8371 8122
f 8122 8396 11275
f 8183 8148 8123
f 8266 8183 8123
f 8123 8255 8266
f 11821 8165 8124
f 11607 8260 8124
f 8124 8260 11821
f 12496 11607 8124
f 8126 8164 8279
f 8507 8275 8126
f 8126 8279 8507
f 8127 8219 8388
f 8388 8222 8127
f 8128 8242 8610
f 8735 8535 8128
f 8128 8610 8735
f 8265 8205 8129
f 12380 8265 8129
f 8129 8305 12380
f 8130 8212 8412
f 8457 8251 8130
f 8130 8412 8457
f 8222 8169 8131
f 8353 8343 8132
f 8133 8153 8428
f 8428 8327 8133
f 8134 8155 8498
f 8498 8175 8134
f 8290 8185 8135
f 8135 8221 8290
f 8136 8274 8432
f 8432 8295 8136
f 8136 8295 11435
f 8137 8213 8337
f 8337 8304 8137
f 8138 8448 8711
f 8711 8468 8138
f 8139 8179 8359
f 8139 8359 8385
f 8139 8385 10999
f 8140 8208 11032
f 8141 8414 8515
f 8142 8370 8765
f 8477 8149 8143
f 8143 8171 8332
f 8143 8332 8477
f 8144 8151 10888
f 8369 8196 8144
f 8144 8291 8369
f 10888 8291 8144
f 8244 8177 8145
f 8317 8244 8145
f 8146 8192 8367
f 8146 8367 8424
f 8146 8424 11675
f 11038 8326 8147
f 8147 8379 11038
f 8308 8158 8148
f 8148 8183 8308
f 8647 8167 8149
f 8149 8477 8647
f 8150 8256 8258
f 8150 8258 8293
f 8151 8156 8236
f 8151 8236 10888
f 8825 8278 8152
f 8152 8427 8825
f 8153 8303 8494
f 8494 8428 8153
f 8319 8209 8154
f 10539 8319 8154
f 11380 10539 8154
f 8155 8224 8400
f 11482 8224 8155
f 8155 8400 8498
f 8250 8198 8157
f 10608 8250 8157
f 12480 10608 8157
f 8157 11075 11113
f 8157 11113 12480
f 8158 8308 8347
f 8302 8234 8159
f 8443 8302 8159
f 8159 8320 8443
f 8402 8203 8160
f 8160 8220 8402
f 8447 8197 8161
f 8161 8197 10605
f 8161 8275 8549
f 8549 8447 8161
f 8335 8269 8162
f 8162 8311 8335
f 8462 8368 8163
f 8164 8209 12773
f 12773 8279 8164
f 8405 8287 8165
f 11821 8405 8165
f 8166 8294 8381
f 8647 8627 8167
f 8167 8627 11130
f 8167 11130 12291
f 12291 11393 8167
f 8168 8223 8340
f 8297 8231 8168
f 8340 8297 8168
f 8169 8222 8416
f 8382 8253 8169
f 8416 8382 8169
f 8170 8205 8270
f 8356 8264 8170
f 8170 8270 8513
f 8513 8356 8170
f 8171 8298 8332
f 8333 8268 8172
f 8527 8289 8173
f 8173 8399 8527
f 11662 8191 8174
f 8174 8191 11935
f 10740 8557 8174
f 8174 8557 11662
f 8498 8330 8175
f 8176 8189 8482
f 8482 8262 8176
f 8323 8219 8177
f 8177 8244 8341
f 8341 8323 8177
f 8384 8223 8178
f 8178 8282 8362
f 8178 8362 8384
f 8179 8264 8359
f 8180 8374 8495
f 11337 8374 8180
f 8181 8330 11478
f 8181 8439 11292
f 11535 8439 8181
f 8181 11478 11535
f 8529 8220 8182
f 8182 8254 8529
f 8266 8259 8183
f 8183 8259 8308
f 8961 8448 8184
f 8184 8606 8961
f 8290 8224 8185
f 8185 8224 12744
f 8421 8212 8186
f 8186 8313 8421
f 8187 8314 8422
f 8422 8403 8187
f 8187 8403 11320
f 8350 8280 8188
f 8188 8280 12035
f 8189 8431 8561
f 8561 8482 8189
f 8190 8206 8338
f 12287 8206 8190
f 8376 8334 8190
f 8190 8338 8376
f 8283 8221 8191
f 11662 8283 8191
f 8192 8234 8516
f 8516 8367 8192
f 11404 8292 8193
f 8193 8292 11798
f 11798 11177 8193
f 12041 11404 8193
f 8872 8395 8194
f 8194 8468 8872
f 8195 8307 8953
f 10726 8307 8195
f 8587 8309 8195
f 8953 8587 8195
f 8369 8336 8196
f 8447 8345 8197
f 8198 8250 8365
f 8365 8267 8198
f 8679 8257 8199
f 8199 8257 11729
f 11422 8679 8199
f 11653 11422 8199
f 11729 11653 8199
f 8200 8251 8479
f 8479 8427 8200
f 8467 8277 8201
f 8201 8406 8467
f 11022 8406 8201
f 8201 10630 11266
f 11266 11022 8201
f 8329 8217 8202
f 8202 8226 8296
f 8202 8296 12757
f 12757 8329 8202
f 8402 8364 8203
f 8204 8280 10609
f 12035 8280 8204
f 10609 10539 8204
f 8204 10539 11380
f 8205 8265 8270
f 8206 8276 8338
f 12287 12247 8206
f 8565 8312 8207
f 8207 8495 8646
f 8646 8565 8207
f 8208 8288 8393
f 8208 8393 8464
f 8208 8464 10794
f 8208 10794 11032
f 8209 8319 12486
f 12486 8366 8209
f 8209 8366 12773
f 8493 8361 8210
f 8210 8395 8493
f 8352 8213 8211
f 8211 8286 8466
f 10604 8286 8211
f 8466 8352 8211
f 8421 8412 8212
f 8580 8337 8213
f 8213 8352 8580
f 8597 8353 8214
f 8214 8377 8597
f 8215 8231 8346
f 11695 8273 8215
f 8215 8346 11695
f 8520 8272 8216
f 11424 8520 8216
f 12257 11424 8216
f 8217 8329 12480
f 12480 11113 8217
f 8218 8239 8413
f 8413 8314 8218
f 8219 8323 8429
f 8429 8388 8219
f 8442 8402 8220
f 8529 8442 8220
f 8221 8283 12061
f 8487 8290 8221
f 12061 8487 8221
f 8222 8388 8416
f 8384 8340 8223
f 8224 8290 8386
f 8224 8386 8400
f 8224 11482 12744
f 8300 8226 8225
f 11678 8300 8225
f 8225 11130 11678
f 12291 11130 8225
f 8226 8281 8296
f 8300 8281 8226
f 8227 8355 8426
f 8305 8243 8228
f 8228 8301 8380
f 11603 8301 8228
f 8380 8305 8228
f 8229 8240 8410
f 8410 8401 8229
f 8229 8401 8465
f 8230 8235 8563
f 10599 8235 8230
f 8563 8486 8230
f 8231 8297 8346
f 11844 8260 8232
f 8232 8358 8524
f 11041 8358 8232
f 8524 8383 8232
f 8232 8383 11844
f 8530 8238 8233
f 8568 8530 8233
f 8234 8302 8584
f 8584 8516 8234
f 8235 8439 8563
f 11292 8439 8235
f 8235 10599 10865
f 8236 8277 8291
f 8236 8291 10888
f 8668 8306 8237
f 8237 8436 8668
f 8661 8333 8238
f 8238 8530 8661
f 8239 8309 8512
f 11026 8413 8239
f 8239 8512 11026
f 8240 8390 8410
f 8525 8390 8240
f 8241 8761 8853
f 10999 8761 8241
f 8242 8246 8499
f 8242 8499 8610
f 8244 8317 8341
f 8499 8246 8245
f 8245 8312 8586
f 8586 8499 8245
f 8554 8307 8247
f 8754 8554 8247
f 8765 8754 8247
f 8248 8357 8777
f 8612 8360 8248
f 8777 8612 8248
f 8249 8269 8397
f 8249 8397 8570
f 8249 8570 11565
f 11565 11334 8249
f 8417 8365 8250
f 8250 8387 8417
f 10608 8387 8250
f 8251 8457 8800
f 8800 8479 8251
f 8252 8267 8689
f 10770 8311 8252
f 8252 8311 10862
f 8252 8689 10770
f 8382 8299 8253
f 8253 8299 12064
f 8254 8486 8529
f 8284 8266 8255
f 8322 8284 8255
f 8344 8322 8255
f 8517 8258 8256
f 8256 8268 8469
f 8256 8469 8517
f 8660 8379 8257
f 8679 8660 8257
f 8298 8293 8258
f 8576 8298 8258
f 8258 8517 8713
f 8713 8576 8258
f 8259 8266 8325
f 8551 8308 8259
f 8259 8325 8551
f 11844 11821 8260
f 8354 8276 8261
f 11855 8354 8261
f 8261 11446 11855
f 8460 8288 8262
f 8482 8460 8262
f 8296 8281 8263
f 8263 8281 8310
f 8263 8285 8296
f 8339 8285 8263
f 8263 8310 8315
f 8263 8315 8459
f 8459 8339 8263
f 8264 8356 8359
f 8445 8270 8265
f 8265 8389 8445
f 12380 8389 8265
f 8266 8284 8318
f 8266 8318 8325
f 8267 8365 8509
f 8267 8509 8689
f 8268 8333 8569
f 8569 8469 8268
f 8269 8335 8455
f 8455 8397 8269
f 8270 8445 8680
f 8680 8513 8270
f 8572 8484 8272
f 8272 8520 8572
f 8419 8274 8273
f 8558 8419 8273
f 11695 8558 8273
f 8274 8419 8432
f 8275 8507 10808
f 10808 8549 8275
f 8435 8338 8276
f 8276 8354 8456
f 8456 8435 8276
f 8394 8291 8277
f 8467 8394 8277
f 8906 8568 8278
f 8278 8825 8906
f 8279 8349 11355
f 12773 8349 8279
f 11094 8507 8279
f 11355 11094 8279
f 8280 8350 8553
f 8280 8553 10609
f 8281 8300 8351
f 8351 8310 8281
f 8282 8304 8620
f 8620 8362 8282
f 8283 8472 8692
f 11662 8472 8283
f 11801 8519 8283
f 8283 8519 12061
f 8283 8692 11801
f 8538 8318 8284
f 8284 8322 8538
f 8503 8296 8285
f 8285 8339 11524
f 11524 8503 8285
f 10794 8466 8286
f 8286 10604 10715
f 8286 10715 11032
f 11032 10794 8286
f 12414 8344 8287
f 8287 8405 12414
f 8460 8393 8288
f 8289 8527 8694
f 8694 8671 8289
f 8487 8386 8290
f 8640 8369 8291
f 8291 8394 8640
f 8292 8342 8544
f 11712 8342 8292
f 8544 8485 8292
f 8292 8485 11798
f 8292 11404 11712
f 8545 8381 8294
f 8294 8488 8545
f 8506 8313 8295
f 8295 8313 11435
f 8295 8432 8547
f 8547 8506 8295
f 8296 8503 12757
f 8297 8340 8474
f 8625 8346 8297
f 8297 8474 8583
f 8297 8583 8625
f 8576 8332 8298
f 8299 8382 8408
f 8299 8408 12517
f 8299 11974 12064
f 12517 11974 8299
f 12719 8351 8300
f 11678 11590 8300
f 8300 11590 12719
f 8463 8380 8301
f 8301 8424 8463
f 11675 8424 8301
f 8301 11603 11675
f 8302 8443 8644
f 8644 8584 8302
f 8303 8336 8444
f 8303 8444 8494
f 8304 8337 8531
f 8304 8531 8556
f 8304 8556 8620
f 8380 8348 8305
f 8305 8348 12380
f 8592 8328 8306
f 8668 8592 8306
f 8307 8554 8960
f 8960 8953 8307
f 8454 8347 8308
f 8308 8441 8454
f 8551 8441 8308
f 8587 8512 8309
f 8378 8315 8310
f 8310 8351 8378
f 8804 8335 8311
f 10770 8804 8311
f 8312 8565 8588
f 8588 8586 8312
f 8506 8421 8313
f 8314 8413 8422
f 8315 8378 12515
f 12515 8459 8315
f 8521 8373 8316
f 8316 8403 8619
f 11320 8403 8316
f 8710 8521 8316
f 8316 8619 8710
f 8458 8341 8317
f 8317 8420 8458
f 8407 8325 8318
f 8478 8407 8318
f 8538 8478 8318
f 8602 8461 8319
f 8319 8461 12486
f 10539 8602 8319
f 8320 8398 8443
f 12276 8398 8320
f 8320 10796 12276
f 8321 8363 8372
f 12517 8363 8321
f 8321 8372 12455
f 12455 11925 8321
f 8322 8344 12477
f 12477 8538 8322
f 8323 8341 8411
f 8323 8411 8430
f 8430 8429 8323
f 8324 8334 8582
f 8552 8391 8324
f 8324 8391 12022
f 8582 8552 8324
f 8325 8407 8480
f 8325 8480 8551
f 8675 8431 8326
f 8697 8675 8326
f 11038 8697 8326
f 8719 8342 8327
f 8327 8428 8719
f 8720 8370 8328
f 8328 8592 8720
f 8329 8418 8451
f 12757 8418 8329
f 8329 8451 10608
f 8329 10608 12480
f 8330 8498 8605
f 8330 8605 8683
f 8330 8683 11478
f 9172 8437 8331
f 8331 8853 9172
f 12588 8477 8332
f 8332 8576 12588
f 8717 8569 8333
f 8333 8661 8717
f 8334 8376 12205
f 12205 8582 8334
f 8804 8455 8335
f 8336 8369 8444
f 8580 8531 8337
f 8435 8376 8338
f 8459 8434 8339
f 8339 8434 8491
f 8339 8491 11524
f 8340 8384 8505
f 8505 8474 8340
f 8684 8411 8341
f 8341 8458 11692
f 11692 8684 8341
f 8842 8544 8342
f 8342 8719 8842
f 8343 8353 8597
f 8600 8425 8343
f 8343 8597 8600
f 8344 12414 12477
f 8690 8420 8345
f 8345 8447 8690
f 8346 8625 11695
f 8639 8377 8347
f 8347 8454 8639
f 8348 8380 8473
f 8541 8389 8348
f 8348 8389 12380
f 8348 8473 8541
f 8349 8366 8450
f 12773 8366 8349
f 8349 8450 11355
f 8350 8373 8553
f 8500 8378 8351
f 12719 8500 8351
f 8352 8466 8696
f 8696 8580 8352
f 11275 8396 8354
f 8354 8396 12590
f 12590 8456 8354
f 11855 11275 8354
f 8749 8426 8355
f 8355 8484 8635
f 8355 8635 8749
f 8438 8359 8356
f 8513 8438 8356
f 8357 8437 8878
f 8878 8777 8357
f 8358 8391 8550
f 12022 8391 8358
f 8550 8524 8358
f 8358 11041 12022
f 8788 8385 8359
f 8359 8438 8510
f 8359 8510 8791
f 8791 8788 8359
f 8360 8578 10776
f 11688 8578 8360
f 8360 8612 11688
f 8493 8488 8361
f 8667 8384 8362
f 8362 8620 8702
f 8699 8667 8362
f 8702 8699 8362
f 8404 8372 8363
f 8490 8404 8363
f 8363 8408 8490
f 12517 8408 8363
f 8364 8402 8698
f 9166 8525 8364
f 8364 8698 9166
f 8365 8417 8509
f 12399 8450 8366
f 8366 8461 8471
f 12486 8461 8366
f 8366 8471 12399
f 8367 8415 8424
f 8516 8415 8367
f 8678 8375 8368
f 8368 8462 8652
f 8368 8652 8678
f 8653 8444 8369
f 8369 8640 8653
f 8370 8720 8765
f 8501 8396 8371
f 8371 8433 8501
f 12455 8433 8371
f 8371 11925 12455
f 8372 8404 10622
f 8372 10622 10696
f 8372 10696 10737
f 8372 10737 12455
f 8373 8521 8566
f 8566 8553 8373
f 8374 8465 8546
f 10977 8465 8374
f 8704 8495 8374
f 8374 8546 8738
f 8738 8704 8374
f 11337 10977 8374
f 8678 8628 8375
f 8376 8435 12205
f 8639 8597 8377
f 8378 8500 8562
f 8378 8562 12515
f 8660 8589 8379
f 8379 8589 8697
f 8379 8697 11038
f 8380 8463 8532
f 8532 8473 8380
f 8975 8462 8381
f 8381 8545 8783
f 8381 8783 8975
f 8453 8408 8382
f 8382 8416 8453
f 8715 8423 8383
f 8383 8423 11844
f 8383 8524 8685
f 8383 8685 12328
f 12328 8715 8383
f 8759 8505 8384
f 8384 8667 8759
f 8788 8761 8385
f 8385 8761 10999
f 8575 8400 8386
f 8386 8487 8593
f 8593 8575 8386
f 8452 8417 8387
f 8387 8451 8470
f 10608 8451 8387
f 8470 8452 8387
f 8489 8416 8388
f 8388 8429 8489
f 8541 8445 8389
f 8616 8410 8390
f 8390 8525 8810
f 8810 8616 8390
f 8747 8550 8391
f 8391 8552 8590
f 8391 8590 8747
f 8481 8409 8392
f 8392 8409 10622
f 8392 8446 8481
f 10913 8446 8392
f 8392 10622 10913
f 8393 8460 8543
f 8508 8464 8393
f 8543 8508 8393
f 8394 8467 8811
f 8811 8640 8394
f 8746 8493 8395
f 8872 8746 8395
f 8396 8501 12567
f 8396 12567 12590
f 8397 8455 8614
f 8614 8570 8397
f 8672 8443 8398
f 8709 8672 8398
f 10904 8709 8398
f 11196 10904 8398
f 12276 11196 8398
f 8399 8515 8911
f 8911 8527 8399
f 8540 8498 8400
f 8575 8540 8400
f 8401 8410 8616
f 8870 8465 8401
f 8401 8616 8880
f 8880 8870 8401
f 8402 8442 8698
f 8403 8422 8615
f 8403 8615 8619
f 8475 8446 8404
f 8404 8446 10913
f 8490 8475 8404
f 10913 10622 8404
f 8405 8423 11491
f 11844 8423 8405
f 8405 11491 12414
f 8405 11821 11844
f 8753 8467 8406
f 8406 8497 8915
f 11022 8497 8406
f 8915 8753 8406
f 8407 8478 8560
f 8560 8480 8407
f 8408 8453 8490
f 8409 8481 8514
f 8514 8502 8409
f 8409 8502 10774
f 10696 10622 8409
f 10774 10696 8409
f 8511 8430 8411
f 8684 8511 8411
f 8412 8421 8548
f 8577 8457 8412
f 8412 8548 8577
f 8604 8422 8413
f 8413 8537 8604
f 11026 8537 8413
f 8856 8515 8414
f 10508 8856 8414
f 10776 10508 8414
f 8579 8424 8415
f 8415 8516 8617
f 8617 8579 8415
f 8489 8453 8416
f 8417 8452 8504
f 8417 8504 8509
f 12518 8451 8418
f 8418 8503 12518
f 12757 8503 8418
f 8547 8432 8419
f 8636 8547 8419
f 8419 8558 8636
f 8665 8458 8420
f 8690 8665 8420
f 8421 8506 12423
f 8621 8548 8421
f 12423 8621 8421
f 8422 8604 8615
f 8423 8715 11491
f 8574 8463 8424
f 8579 8574 8424
f 8425 8600 8836
f 8425 8836 10740
f 8749 8651 8426
f 8427 8479 8871
f 8871 8825 8427
f 8428 8494 8920
f 9383 8719 8428
f 8428 8920 9383
f 8429 8430 8483
f 8429 8483 8489
f 8533 8483 8430
f 8430 8511 8533
f 8675 8561 8431
f 8433 8492 8542
f 12455 8492 8433
f 8559 8501 8433
f 8433 8542 8559
f 8434 8459 11248
f 8523 8491 8434
f 8629 8523 8434
f 11248 8629 8434
f 8435 8456 12378
f 12378 12205 8435
f 8436 8628 8668
f 9172 8878 8437
f 8795 8510 8438
f 8438 8513 8669
f 8438 8669 8778
f 8438 8778 8795
f 12406 8563 8439
f 8439 11535 12406
f 8632 8454 8441
f 8441 8551 8645
f 8441 8598 8632
f 8645 8598 8441
f 8442 8529 11706
f 12434 8698 8442
f 8442 11706 12434
f 8672 8644 8443
f 8789 8494 8444
f 8444 8653 8843
f 8843 8789 8444
f 8445 8541 8637
f 8445 8637 8784
f 8784 8680 8445
f 8446 8475 8533
f 8536 8481 8446
f 8446 8533 8536
f 8447 8549 8819
f 8812 8690 8447
f 8819 8812 8447
f 9207 8711 8448
f 8448 8961 9207
f 8528 8492 8449
f 8449 8492 12455
f 8449 8502 8528
f 10774 8502 8449
f 8449 10737 10774
f 12455 10737 8449
f 8450 8518 8526
f 12399 8518 8450
f 8450 8526 8555
f 8450 8555 11355
f 12518 8470 8451
f 8452 8470 8585
f 8591 8504 8452
f 8452 8585 8591
f 8453 8489 8490
f 8454 8632 8639
f 8804 8614 8455
f 8456 8594 12378
f 12590 8594 8456
f 8457 8577 8701
f 8457 8701 8800
f 8458 8665 8763
f 8458 8763 11692
f 8459 8567 11109
f 12515 8567 8459
f 8459 11109 11248
f 8460 8482 8656
f 8664 8543 8460
f 8460 8656 8664
f 11914 8471 8461
f 8461 8602 8666
f 8461 8666 11914
f 9261 8652 8462
f 8462 8975 9261
f 8574 8532 8463
f 8464 8508 8618
f 8464 8618 12018
f 8464 8847 10794
f 12018 8847 8464
f 8870 8546 8465
f 8948 8696 8466
f 8847 8831 8466
f 8466 8831 8948
f 10794 8847 8466
f 8467 8753 8811
f 8468 8711 9281
f 9281 8872 8468
f 8705 8517 8469
f 8469 8569 8748
f 8748 8705 8469
f 8470 8573 11833
f 12518 8573 8470
f 11833 8585 8470
f 8703 8518 8471
f 8471 8518 12399
f 11914 8703 8471
f 8472 8557 8865
f 11662 8557 8472
f 8865 8692 8472
f 8473 8532 8541
f 8474 8505 8595
f 8657 8583 8474
f 8474 8595 8657
f 8490 8483 8475
f 8475 8483 8533
f 8476 8651 8786
f 8476 8786 10971
f 12663 8647 8477
f 8477 12588 12663
f 8478 8538 8641
f 8581 8560 8478
f 8641 8581 8478
f 8479 8800 8871
f 8631 8551 8480
f 8480 8560 8631
f 8608 8514 8481
f 8481 8536 8608
f 8482 8561 8721
f 8721 8656 8482
f 8490 8489 8483
f 8484 8572 8688
f 8688 8635 8484
f 8805 8534 8485
f 8485 8534 11798
f 8485 8544 9017
f 9017 8805 8485
f 8781 8529 8486
f 8486 8563 8771
f 8486 8771 8781
f 11778 8593 8487
f 11795 11778 8487
f 12061 11795 8487
f 8488 8493 9565
f 9222 8545 8488
f 9565 9222 8488
f 8491 8503 11524
f 12252 8503 8491
f 8491 8523 11957
f 11957 8663 8491
f 8491 8663 12252
f 8492 8528 8542
f 8493 8746 9565
f 8494 8789 8920
f 8704 8646 8495
f 8496 8534 8787
f 11177 8534 8496
f 8787 8596 8496
f 8496 8596 12257
f 12493 11177 8496
f 8496 12257 12493
f 9148 8915 8497
f 10610 9148 8497
f 10662 10610 8497
f 8498 8540 8779
f 8840 8605 8498
f 8498 8779 8935
f 8935 8840 8498
f 8499 8586 8909
f 8896 8610 8499
f 8909 8896 8499
f 8607 8562 8500
f 11590 8607 8500
f 12719 11590 8500
f 8501 8559 8571
f 8501 8571 12567
f 8502 8514 8850
f 12080 8528 8502
f 8502 8850 8863
f 8502 8863 12080
f 8503 12252 12801
f 12801 12518 8503
f 11473 8509 8504
f 8504 8591 8726
f 8504 8726 11473
f 8844 8595 8505
f 8505 8759 8844
f 8506 8547 8642
f 8506 8642 12694
f 12694 12423 8506
f 8507 8670 10808
f 11094 8670 8507
f 8508 8543 8609
f 8508 8609 8618
f 11473 8689 8509
f 8795 8791 8510
f 12796 8533 8511
f 8511 8684 12796
f 8623 8537 8512
f 8512 8537 11026
f 8512 8587 9194
f 9194 8623 8512
f 8739 8669 8513
f 8513 8680 8739
f 8514 8608 8850
f 8515 8856 9291
f 9386 8911 8515
f 8515 9291 9386
f 8516 8584 8745
f 8745 8617 8516
f 8517 8705 8730
f 8730 8713 8517
f 8601 8526 8518
f 8703 8601 8518
f 8519 8814 11795
f 12088 8814 8519
f 8519 11795 12061
f 8519 11801 11969
f 8519 11969 12088
f 8760 8572 8520
f 8520 8630 8760
f 11424 8630 8520
f 8978 8566 8521
f 8521 8710 8862
f 8521 8862 8875
f 8521 8875 9031
f 9031 8978 8521
f 8523 8629 8676
f 8523 8676 8727
f 8523 8727 8817
f 8523 8817 11957
f 8524 8550 8718
f 8718 8685 8524
f 9145 8810 8525
f 9166 9145 8525
f 11166 8555 8526
f 8526 8601 8603
f 8526 8603 11166
f 8968 8694 8527
f 8527 8911 8968
f 8769 8542 8528
f 12080 8769 8528
f 8529 8781 11706
f 8530 8568 8892
f 8892 8661 8530
f 8926 8556 8531
f 8531 8580 8860
f 8531 8860 12464
f 12464 8926 8531
f 8706 8541 8532
f 8532 8574 8706
f 8659 8536 8533
f 12796 8659 8533
f 9071 8787 8534
f 8534 8805 9071
f 8534 11177 11798
f 8535 8735 8766
f 8659 8608 8536
f 8732 8604 8537
f 8537 8623 8756
f 8756 8732 8537
f 8742 8641 8538
f 11964 8742 8538
f 12477 11964 8538
f 9035 8564 8539
f 8539 8766 9035
f 8540 8575 8792
f 8919 8779 8540
f 8540 8792 8919
f 8809 8637 8541
f 8541 8706 8809
f 8622 8559 8542
f 8769 8622 8542
f 8664 8609 8543
f 8544 8842 9017
f 9301 8783 8545
f 8545 9222 9301
f 8870 8738 8546
f 8547 8636 8642
f 8839 8577 8548
f 8548 8621 8722
f 8548 8722 8839
f 10808 8776 8549
f 8549 8776 11052
f 11052 8819 8549
f 12062 8718 8550
f 8550 8747 8925
f 8550 8925 12062
f 8551 8631 8649
f 8649 8645 8551
f 8552 8582 8633
f 8624 8590 8552
f 8633 8624 8552
f 8553 8566 8729
f 8553 8729 10609
f 8554 8754 8960
f 10986 10886 8555
f 8555 10886 11094
f 11166 10986 8555
f 8555 11094 11355
f 8827 8620 8556
f 11370 8827 8556
f 8556 8926 11370
f 8557 8836 8865
f 10740 8836 8557
f 8558 8599 8636
f 11695 8599 8558
f 8622 8571 8559
f 8560 8581 8650
f 8650 8631 8560
f 8561 8675 8721
f 8562 8607 11219
f 8562 11219 12515
f 8851 8771 8563
f 12406 8851 8563
f 9217 8613 8564
f 8564 9035 9217
f 8877 8588 8565
f 8565 8646 8932
f 9225 8877 8565
f 8565 8932 9225
f 8978 8729 8566
f 8921 8681 8567
f 8567 8681 11109
f 8993 8921 8567
f 11219 8993 8567
f 12515 11219 8567
f 12148 8892 8568
f 8568 8906 12148
f 8569 8717 8748
f 8570 8614 8638
f 8691 8634 8570
f 8570 8634 8758
f 8570 8638 8691
f 8570 8758 11565
f 8571 8622 8626
f 8571 8626 12567
f 8723 8688 8572
f 8760 8723 8572
f 12252 8663 8573
f 8573 8663 12345
f 12143 11833 8573
f 12345 12143 8573
f 12801 12252 8573
f 8573 12518 12801
f 8574 8579 8687
f 8574 8687 8706
f 8575 8593 11930
f 11930 8792 8575
f 8576 8713 8883
f 8889 8743 8576
f 8576 8743 12588
f 8576 8883 8889
f 8839 8701 8577
f 8578 10508 10776
f 11243 10508 8578
f 12539 11243 8578
f 8578 11688 12539
f 8579 8617 8799
f 8767 8687 8579
f 8799 8767 8579
f 8580 8696 8833
f 8580 8833 8860
f 8581 8641 8793
f 8793 8650 8581
f 8582 8594 8633
f 12378 8594 8582
f 8582 12205 12378
f 8662 8625 8583
f 8583 8657 8662
f 8584 8644 8826
f 8826 8745 8584
f 8674 8591 8585
f 8801 8674 8585
f 12143 8801 8585
f 8585 11833 12143
f 8586 8588 8848
f 8586 8848 9002
f 9002 8909 8586
f 8587 8953 9325
f 9484 9194 8587
f 8587 9325 9484
f 8877 8848 8588
f 8589 8660 8764
f 8764 8697 8589
f 8590 8624 10890
f 10890 8747 8590
f 8591 8674 8726
f 8592 8668 9047
f 9047 8720 8592
f 11778 8828 8593
f 8593 8828 11930
f 12567 8633 8594
f 12590 12567 8594
f 8785 8657 8595
f 11043 8785 8595
f 8595 8844 11043
f 8787 8682 8596
f 8596 8682 11424
f 8596 11424 12257
f 8885 8600 8597
f 8597 8639 8986
f 9066 8885 8597
f 8597 8986 9066
f 8693 8632 8598
f 8598 8645 8693
f 8599 8625 8849
f 11695 8625 8599
f 8733 8636 8599
f 8849 8733 8599
f 8913 8836 8600
f 8600 8885 8913
f 8643 8603 8601
f 8703 8643 8601
f 8602 8654 8666
f 10609 8654 8602
f 8602 10539 10609
f 8603 8643 8673
f 8603 8673 8716
f 8603 8716 8832
f 8603 8832 11166
f 8732 8615 8604
f 8772 8683 8605
f 8840 8772 8605
f 8606 8611 9150
f 9521 8961 8606
f 8606 9150 9521
f 8607 8770 8900
f 11590 8770 8607
f 8900 8855 8607
f 8607 8855 11219
f 8608 8659 9055
f 8924 8850 8608
f 9055 8924 8608
f 8768 8618 8609
f 8724 8658 8609
f 8609 8658 8768
f 8609 8664 8724
f 9039 8735 8610
f 8610 8896 9039
f 8611 8671 9150
f 8612 8777 8869
f 8612 8869 12539
f 12539 11688 8612
f 10614 8731 8613
f 8613 9217 10673
f 10673 10614 8613
f 9099 8638 8614
f 8614 8804 9184
f 9184 9099 8614
f 8750 8619 8615
f 8615 8732 8750
f 8616 8810 9024
f 9024 8880 8616
f 8617 8745 8799
f 8618 8768 11636
f 8618 11636 12018
f 8750 8710 8619
f 8827 8702 8620
f 8755 8722 8621
f 12423 8755 8621
f 8725 8626 8622
f 9028 8725 8622
f 8622 8769 9009
f 8622 9009 9028
f 8930 8756 8623
f 9194 8930 8623
f 8624 8633 8700
f 8624 8700 10890
f 8625 8662 8849
f 8725 8648 8626
f 8626 8648 12567
f 8627 8647 8888
f 8888 8834 8627
f 8627 8834 11678
f 11678 11130 8627
f 8972 8668 8628
f 8628 8678 9003
f 9003 8972 8628
f 8728 8676 8629
f 8629 8681 8728
f 11109 8681 8629
f 11248 11109 8629
f 8630 8682 11376
f 11424 8682 8630
f 8950 8760 8630
f 9213 8950 8630
f 11376 9213 8630
f 8650 8649 8631
f 8927 8639 8632
f 8632 8693 8773
f 8632 8773 8927
f 8633 8648 8700
f 12567 8648 8633
f 8634 8691 8958
f 8958 8758 8634
f 8635 8688 12135
f 9059 8749 8635
f 12135 9059 8635
f 8733 8642 8636
f 8858 8784 8637
f 8637 8809 8858
f 8882 8691 8638
f 8983 8882 8638
f 9099 8983 8638
f 8639 8927 8986
f 9005 8653 8640
f 8640 8811 9089
f 9089 9005 8640
f 8641 8742 8793
f 8642 8733 12350
f 8642 12350 12694
f 8734 8673 8643
f 8643 8703 8712
f 8643 8712 8734
f 8644 8672 8908
f 8908 8826 8644
f 8645 8649 8714
f 8708 8693 8645
f 8714 8708 8645
f 8646 8704 9132
f 9132 8932 8646
f 8647 8846 8888
f 12663 8846 8647
f 8725 8700 8648
f 8649 8650 8751
f 8751 8714 8649
f 8793 8751 8650
f 8651 8749 8891
f 8891 8786 8651
f 8984 8678 8652
f 9261 8984 8652
f 8939 8843 8653
f 9005 8939 8653
f 12312 8666 8654
f 10609 8794 8654
f 8654 8794 12312
f 8866 8677 8655
f 8655 8677 12414
f 11491 8715 8655
f 8655 8715 11970
f 11970 8866 8655
f 12414 11491 8655
f 8797 8664 8656
f 8656 8721 8797
f 8785 8662 8657
f 8658 8724 8741
f 8658 8741 8757
f 8658 8757 8768
f 12796 9055 8659
f 8660 8679 11931
f 8824 8764 8660
f 11931 8824 8660
f 8934 8717 8661
f 8661 8892 12139
f 12139 8934 8661
f 8662 8785 8822
f 8662 8822 11342
f 11342 8849 8662
f 8817 8815 8663
f 8663 8815 12345
f 11957 8817 8663
f 8797 8724 8664
f 8665 8690 9114
f 9114 8763 8665
f 8666 8808 8841
f 12312 8808 8666
f 8666 8841 11914
f 8667 8699 8969
f 8879 8759 8667
f 9019 8879 8667
f 8667 8969 9019
f 8668 8972 9455
f 9455 9047 8668
f 8669 8739 8821
f 8821 8778 8669
f 8996 8776 8670
f 8670 8776 10808
f 9254 8996 8670
f 10886 9254 8670
f 11094 10886 8670
f 8671 8694 8987
f 8671 8987 9150
f 8672 8709 8893
f 8672 8893 8908
f 12162 8716 8673
f 8673 8734 12162
f 8752 8726 8674
f 8813 8752 8674
f 8674 8801 8813
f 8675 8697 8874
f 8835 8721 8675
f 8874 8835 8675
f 8676 8695 8707
f 8728 8695 8676
f 8676 8707 8727
f 8866 8838 8677
f 8677 8838 11964
f 8677 11964 12477
f 12477 12414 8677
f 8678 8984 9003
f 11940 8823 8679
f 8679 8823 12577
f 8679 11422 11940
f 12577 11931 8679
f 8830 8739 8680
f 8680 8784 8830
f 8921 8728 8681
f 8682 8787 9073
f 8682 9073 11376
f 8683 8772 8937
f 9023 8774 8683
f 8683 8774 11478
f 8683 8937 9023
f 8684 8763 8931
f 11692 8763 8684
f 8684 8931 12796
f 8685 8718 8886
f 8685 8802 8816
f 8886 8802 8685
f 8685 8816 12328
f 8686 8790 9119
f 11651 8790 8686
f 8686 8823 11940
f 12103 8823 8686
f 8686 9119 12103
f 8686 11422 11651
f 11940 11422 8686
f 8767 8706 8687
f 8688 8723 8806
f 8688 8806 12135
f 8940 8804 8689
f 8689 8804 10770
f 9385 8940 8689
f 8689 8941 9385
f 11473 8941 8689
f 8690 8812 9093
f 8690 9093 9114
f 8691 8882 9000
f 9000 8958 8691
f 11462 8845 8692
f 8692 8845 11801
f 8692 8865 11462
f 8693 8708 8773
f 8694 8968 8987
f 11142 8707 8695
f 8695 8728 8807
f 8695 8807 11142
f 9121 8833 8696
f 8696 8948 9107
f 8696 9107 9121
f 8697 8764 8905
f 8905 8874 8697
f 9250 9166 8698
f 12434 9250 8698
f 8699 8702 8969
f 8700 8725 8956
f 8700 8956 10890
f 8904 8800 8701
f 8701 8839 8904
f 8702 8827 9034
f 9034 8969 8702
f 8890 8712 8703
f 8703 8841 8890
f 11914 8841 8703
f 8704 8738 9025
f 8704 9025 9132
f 8962 8730 8705
f 8705 8748 8962
f 8706 8767 8852
f 8852 8809 8706
f 8780 8727 8707
f 8707 8734 8780
f 12162 8734 8707
f 8707 11142 12162
f 8708 8714 8762
f 8708 8762 8773
f 8709 8744 9004
f 10904 8744 8709
f 9004 8893 8709
f 8710 8750 8868
f 8868 8862 8710
f 8711 9207 9281
f 9064 8734 8712
f 8712 8890 9081
f 12249 9064 8712
f 8712 9081 12249
f 8713 8730 8818
f 8713 8818 8883
f 8751 8737 8714
f 8714 8737 8762
f 8715 8816 11970
f 12328 8816 8715
f 11137 8832 8716
f 11142 11137 8716
f 12162 11142 8716
f 8918 8748 8717
f 8934 8918 8717
f 9209 8886 8718
f 11980 9209 8718
f 12062 11980 8718
f 9012 8842 8719
f 9383 9012 8719
f 9221 8765 8720
f 8720 9047 9221
f 8835 8797 8721
f 8722 8755 8867
f 8867 8839 8722
f 8723 8760 8887
f 8887 8806 8723
f 8775 8741 8724
f 8864 8775 8724
f 8724 8797 8864
f 9160 8956 8725
f 8725 9028 9160
f 8726 8752 9226
f 8726 9226 11898
f 11898 11473 8726
f 8727 8780 8963
f 8903 8817 8727
f 8963 8903 8727
f 9318 8807 8728
f 8728 8921 9318
f 8954 8794 8729
f 8729 8794 10609
f 9100 8954 8729
f 8729 8978 9100
f 8955 8818 8730
f 9038 8955 8730
f 8730 8962 9038
f 10614 9670 8731
f 8731 9670 11779
f 11779 10610 8731
f 8868 8750 8732
f 8732 8756 8868
f 8733 8849 8949
f 8733 8949 12350
f 8964 8780 8734
f 9064 8964 8734
f 9234 8766 8735
f 8735 9039 9234
f 8736 8737 8740
f 8762 8737 8736
f 8736 8740 8798
f 8820 8762 8736
f 8736 8798 8820
f 8829 8740 8737
f 8737 8751 8782
f 8737 8782 8829
f 8738 8870 9025
f 8989 8821 8739
f 8739 8830 8876
f 8739 8876 8989
f 8861 8798 8740
f 8740 8829 8947
f 8947 8861 8740
f 11737 8757 8741
f 8741 8775 8796
f 8741 8796 11737
f 8895 8793 8742
f 9162 8895 8742
f 8742 9072 9162
f 12724 9072 8742
f 8742 11964 12724
f 8929 8846 8743
f 8743 8846 12663
f 8743 8889 8929
f 12663 12588 8743
f 8744 8758 9010
f 11334 8758 8744
f 9010 9004 8744
f 8744 10904 11334
f 8923 8799 8745
f 8745 8826 8923
f 8746 8872 9566
f 9680 9565 8746
f 8746 9566 9680
f 8976 8925 8747
f 8747 8956 8976
f 10890 8956 8747
f 8748 8918 8962
f 9059 8891 8749
f 8793 8782 8751
f 8752 8813 12340
f 8752 8979 9226
f 12340 8979 8752
f 8980 8811 8753
f 8753 8915 8980
f 8754 8765 9134
f 10611 8960 8754
f 8754 9134 9331
f 8754 9331 10611
f 8898 8867 8755
f 12350 8898 8755
f 12694 12350 8755
f 8755 12423 12694
f 9020 8868 8756
f 8756 8930 9080
f 9080 9020 8756
f 9007 8768 8757
f 8757 8803 8917
f 11737 8803 8757
f 8757 8917 9007
f 8758 8958 9010
f 8758 11334 11565
f 8879 8844 8759
f 8950 8887 8760
f 8761 8788 9082
f 9087 8853 8761
f 8761 9082 9087
f 8837 8773 8762
f 8762 8820 8837
f 9177 8931 8763
f 8763 9114 9177
f 8764 8824 8905
f 9221 9134 8765
f 9234 9035 8766
f 8767 8799 8899
f 9036 8852 8767
f 8767 8899 9036
f 8768 9007 11636
f 8769 8863 8971
f 12080 8863 8769
f 8769 8971 9171
f 9171 9009 8769
f 8770 8859 8894
f 11590 8859 8770
f 8894 8881 8770
f 8770 8881 8900
f 9340 8781 8771
f 8771 8851 11296
f 8771 9290 9340
f 11296 9290 8771
f 8772 8840 8912
f 8772 8912 8937
f 8773 8837 8927
f 9023 8897 8774
f 8774 8897 12406
f 11535 11478 8774
f 12406 11535 8774
f 8944 8796 8775
f 8775 8864 8902
f 8775 8902 8944
f 8776 8996 9235
f 9235 9088 8776
f 8776 9088 11052
f 9090 8869 8777
f 8777 8878 9090
f 9001 8795 8778
f 8778 8821 8946
f 8778 8946 9001
f 8779 8919 9173
f 9173 8935 8779
f 8964 8963 8780
f 9340 9283 8781
f 8781 9283 11706
f 8782 8793 8829
f 9261 8975 8783
f 9301 9261 8783
f 8858 8830 8784
f 9075 8822 8785
f 11043 9075 8785
f 8786 8891 8951
f 8786 8951 9137
f 8786 9137 10971
f 8787 9071 9178
f 9178 9073 8787
f 8788 8791 8985
f 8788 8985 9082
f 8789 8843 9021
f 9021 8920 8789
f 9137 9119 8790
f 10971 9137 8790
f 11651 10971 8790
f 8791 8795 8965
f 8791 8965 8985
f 9037 8919 8792
f 8792 8966 9037
f 11930 8966 8792
f 8895 8829 8793
f 8954 8907 8794
f 8794 8907 12312
f 9001 8965 8795
f 8796 8803 11737
f 12443 8803 8796
f 8944 8914 8796
f 8796 8914 12443
f 8797 8835 8864
f 8997 8820 8798
f 8798 8861 8922
f 8798 8922 8997
f 8923 8899 8799
f 8904 8871 8800
f 8910 8813 8801
f 8801 8815 8910
f 12143 8815 8801
f 11493 8816 8802
f 8802 8886 9239
f 8802 9239 11493
f 8803 8857 12382
f 12443 8857 8803
f 12382 8917 8803
f 8804 8940 9327
f 9327 9184 8804
f 8805 9017 9269
f 9397 9071 8805
f 8805 9269 9397
f 8806 8887 9040
f 8806 9040 9109
f 8806 9109 12135
f 9318 9255 8807
f 8807 9255 11137
f 8807 11137 11142
f 9045 8841 8808
f 8808 8907 9065
f 12312 8907 8808
f 9065 9045 8808
f 8809 8852 8873
f 8873 8858 8809
f 9118 9024 8810
f 9145 9118 8810
f 8811 8980 9089
f 8812 8819 9170
f 9338 9093 8812
f 8812 9170 9338
f 8813 8910 9027
f 9027 8945 8813
f 8813 8945 12340
f 8973 8828 8814
f 8814 8828 11778
f 12088 8973 8814
f 8814 11778 11795
f 8815 8817 8903
f 8815 8903 8910
f 8815 12143 12345
f 8816 11493 11727
f 8816 11727 11970
f 8957 8883 8818
f 8818 8955 8957
f 9181 9170 8819
f 11052 9181 8819
f 8992 8837 8820
f 8997 8992 8820
f 8989 8946 8821
f 8884 8854 8822
f 8822 8854 11342
f 12001 8884 8822
f 8822 9075 12001
f 11671 9098 8823
f 8823 9098 12577
f 12103 11671 8823
f 8916 8901 8824
f 8824 8901 8938
f 8938 8905 8824
f 11931 8916 8824
f 8825 8871 9146
f 9165 8906 8825
f 8825 9146 11549
f 11549 9165 8825
f 8826 8908 9085
f 9085 8923 8826
f 9182 9034 8827
f 11370 9182 8827
f 8973 8966 8828
f 8828 8966 11930
f 8829 8895 8982
f 8982 8947 8829
f 8830 8858 8876
f 8831 8847 9044
f 9152 8948 8831
f 8831 9044 9152
f 9255 9074 8832
f 8832 9074 11166
f 11137 9255 8832
f 9042 8860 8833
f 9121 9042 8833
f 8981 8859 8834
f 8834 8859 11678
f 8834 8888 8981
f 8902 8864 8835
f 8835 8874 8902
f 9131 8865 8836
f 8836 8913 9131
f 8998 8927 8837
f 8837 8992 8998
f 8838 8866 9050
f 8838 9050 9133
f 9133 9072 8838
f 8838 9072 12724
f 12724 11964 8838
f 8839 8867 8990
f 8991 8904 8839
f 8839 8990 9128
f 9128 8991 8839
f 8970 8912 8840
f 8840 8935 8970
f 9045 8890 8841
f 8842 9012 9258
f 9258 9017 8842
f 8843 8939 9359
f 9359 9021 8843
f 8844 8879 11043
f 9086 8959 8845
f 8845 8959 11969
f 9094 9086 8845
f 11462 9094 8845
f 11969 11801 8845
f 9011 8888 8846
f 8846 8929 9011
f 12018 9044 8847
f 8848 8877 9061
f 9244 9002 8848
f 8848 9061 9244
f 8849 8936 8952
f 11342 8936 8849
f 8952 8949 8849
f 9016 8863 8850
f 8850 8924 9016
f 8851 8897 11748
f 12406 8897 8851
f 11748 11296 8851
f 9036 8873 8852
f 8853 9087 9649
f 9649 9172 8853
f 8854 8884 9014
f 8995 8936 8854
f 8854 8936 11342
f 9014 8995 8854
f 8855 8900 12458
f 8855 8993 11219
f 11463 8993 8855
f 8855 9344 11463
f 12458 9344 8855
f 8856 9188 9731
f 11243 9188 8856
f 9731 9291 8856
f 8856 10508 11243
f 12443 8914 8857
f 8857 8914 12615
f 8999 8928 8857
f 8857 8928 12382
f 12615 8999 8857
f 8858 8873 9006
f 9006 8876 8858
f 8981 8894 8859
f 8859 11590 11678
f 9042 9013 8860
f 8860 9013 12464
f 8942 8922 8861
f 9096 8942 8861
f 8861 8947 9046
f 8861 9046 9096
f 8862 8868 9020
f 9020 8875 8862
f 9110 8971 8863
f 8863 9016 9110
f 8865 9131 10744
f 8865 10744 11462
f 11970 9050 8866
f 8867 8898 8990
f 8869 9090 11229
f 11229 11136 8869
f 8869 11136 12539
f 8870 8880 9243
f 9243 9025 8870
f 8871 8904 9155
f 9155 9146 8871
f 8872 9281 9566
f 9036 9006 8873
f 8944 8902 8874
f 8874 8905 8944
f 8875 9020 9031
f 9144 8989 8876
f 8876 9006 9070
f 8876 9070 9144
f 9129 9061 8877
f 9225 9129 8877
f 9370 9090 8878
f 8878 9172 9246
f 8878 9246 9370
f 9019 8974 8879
f 8879 8974 11043
f 8880 9024 9076
f 8880 9076 9243
f 8881 8894 9030
f 8933 8900 8881
f 8994 8933 8881
f 9030 8994 8881
f 8882 8983 9067
f 9067 9000 8882
f 8977 8889 8883
f 8883 8957 9008
f 9008 8977 8883
f 9141 9014 8884
f 12001 9141 8884
f 9196 8913 8885
f 8885 9066 9196
f 8886 9209 9280
f 9280 9239 8886
f 8887 8950 9032
f 8887 9032 9040
f 9011 8981 8888
f 8977 8929 8889
f 8890 9045 9081
f 9115 8951 8891
f 8891 9059 9115
f 8892 9112 9153
f 12148 9112 8892
f 8892 9153 12139
f 9056 8908 8893
f 8893 9004 9056
f 8894 8981 9030
f 12130 8982 8895
f 8895 9162 12130
f 8896 8909 9062
f 9062 9039 8896
f 8897 9023 11748
f 8898 8949 9018
f 12350 8949 8898
f 9018 8990 8898
f 8899 8923 9176
f 9176 9036 8899
f 8900 8933 11728
f 8900 11728 12458
f 8901 8916 8943
f 8944 8938 8901
f 8901 8943 8944
f 9041 8910 8903
f 8903 8963 9041
f 8904 8991 9155
f 8905 8938 8944
f 9165 9156 8906
f 8906 9156 12148
f 8907 8954 8967
f 8907 8967 9065
f 8908 9056 9085
f 8909 9002 9198
f 9198 9062 8909
f 9041 9027 8910
f 9386 8968 8911
f 9117 8937 8912
f 8912 8970 9117
f 9196 9131 8913
f 8944 8943 8914
f 8914 8943 9051
f 8914 9051 12615
f 9350 8980 8915
f 8915 9148 9350
f 9051 8943 8916
f 9098 9051 8916
f 12577 9098 8916
f 8916 11931 12577
f 9289 9007 8917
f 11139 9289 8917
f 12382 11139 8917
f 8918 8934 9060
f 9130 8962 8918
f 8918 9060 9130
f 8919 9037 9233
f 9233 9173 8919
f 8920 9021 9355
f 8920 9355 9383
f 8921 8993 9237
f 8921 9237 9318
f 8922 8942 9266
f 11742 8997 8922
f 8922 9266 11742
f 8923 9085 9176
f 9259 9016 8924
f 8924 9055 9139
f 8924 9139 9259
f 8925 8976 12556
f 8925 9323 11980
f 12556 9323 8925
f 8925 11980 12062
f 8926 9013 9220
f 12464 9013 8926
f 8926 9220 9309
f 9309 9294 8926
f 8926 9294 11370
f 8998 8986 8927
f 8928 8999 9079
f 8928 9079 10852
f 8928 10852 11139
f 8928 11139 12382
f 8929 8977 9048
f 9048 9011 8929
f 9276 9080 8930
f 8930 9194 11241
f 11241 9276 8930
f 9297 9055 8931
f 8931 9055 12796
f 8931 9177 9297
f 8932 9132 9231
f 9231 9225 8932
f 8933 8994 9029
f 8933 9029 9095
f 8933 9095 11728
f 9153 9060 8934
f 12139 9153 8934
f 9173 8970 8935
f 9057 8952 8936
f 8936 8995 9057
f 12635 9023 8937
f 9117 9111 8937
f 8937 9111 12635
f 8939 9005 9270
f 8939 9270 9422
f 9422 9359 8939
f 9385 9327 8940
f 8941 9275 9498
f 11473 9275 8941
f 9498 9385 8941
f 8942 9096 9149
f 9149 9123 8942
f 8942 9123 9266
f 9103 8979 8945
f 8945 8979 12340
f 8945 9027 9091
f 8945 9091 9157
f 9157 9103 8945
f 8946 8989 9043
f 9043 9001 8946
f 8947 8982 9124
f 9077 9046 8947
f 9124 9077 8947
f 9304 9107 8948
f 8948 9152 9304
f 8949 8952 9018
f 9282 9032 8950
f 8950 9213 9282
f 8951 9115 9208
f 9208 9137 8951
f 9057 9018 8952
f 8953 8960 9325
f 9068 8967 8954
f 9100 9068 8954
f 8988 8957 8955
f 9015 8988 8955
f 9069 9015 8955
f 8955 9038 9069
f 9206 8976 8956
f 8956 9160 9206
f 8957 8988 9008
f 8958 9000 9179
f 9179 9010 8958
f 9102 8973 8959
f 8959 8973 11969
f 8959 9086 9201
f 9201 9102 8959
f 8960 9305 9466
f 10611 9305 8960
f 9466 9325 8960
f 9782 9207 8961
f 8961 9521 9782
f 9130 9038 8962
f 8963 8964 9063
f 9106 9041 8963
f 8963 9063 9106
f 9064 9063 8964
f 9151 8985 8965
f 8965 9001 9151
f 8966 8973 9102
f 9174 9037 8966
f 8966 9102 9174
f 9049 9026 8967
f 8967 9026 9058
f 9161 9049 8967
f 8967 9058 9065
f 8967 9068 9161
f 9353 8987 8968
f 9741 9353 8968
f 8968 9386 10074
f 10074 9741 8968
f 9215 9019 8969
f 8969 9034 9215
f 12218 9117 8970
f 8970 9173 9401
f 8970 9401 12218
f 8971 9110 9427
f 9427 9171 8971
f 8972 9003 9357
f 8972 9357 9455
f 12088 11969 8973
f 8974 9019 12006
f 9413 9075 8974
f 8974 9075 11043
f 12006 9413 8974
f 8976 9206 9403
f 8976 9403 12556
f 8977 9008 9048
f 8978 9031 9185
f 9140 9100 8978
f 9185 9140 8978
f 8979 9103 11244
f 11244 9226 8979
f 9574 9089 8980
f 8980 9350 9574
f 8981 9011 9030
f 12535 9124 8982
f 8982 12130 12535
f 9192 9067 8983
f 8983 9099 9192
f 9528 9003 8984
f 8984 9261 9479
f 8984 9479 9528
f 9278 9082 8985
f 8985 9151 9312
f 9312 9278 8985
f 8986 8998 9241
f 9241 9066 8986
f 9408 9150 8987
f 8987 9353 9408
f 8988 8994 9008
f 9029 8994 8988
f 8988 9015 9029
f 9078 9043 8989
f 9144 9078 8989
f 8990 9018 9108
f 8990 9108 9128
f 8991 9128 9596
f 9367 9155 8991
f 9596 9367 8991
f 8992 8997 11742
f 9271 8998 8992
f 11742 9271 8992
f 11463 9237 8993
f 9048 9008 8994
f 8994 9030 9048
f 8995 9014 9053
f 8995 9053 9199
f 9199 9057 8995
f 9390 9235 8996
f 8996 9254 10646
f 9483 9390 8996
f 10646 9483 8996
f 9271 9241 8998
f 8999 9033 9052
f 12615 9033 8999
f 8999 9052 9097
f 9097 9079 8999
f 9000 9067 9168
f 9168 9084 9000
f 9000 9084 9179
f 9001 9043 9186
f 9186 9151 9001
f 9238 9198 9002
f 9244 9238 9002
f 9556 9357 9003
f 9003 9528 9556
f 9004 9010 9167
f 9167 9056 9004
f 9005 9089 9270
f 9006 9036 9092
f 9092 9070 9006
f 9316 9054 9007
f 9007 9054 11636
f 9007 9289 9316
f 9319 9028 9009
f 9009 9171 9319
f 9179 9167 9010
f 9048 9030 9011
f 9532 9258 9012
f 9012 9383 10749
f 10749 9532 9012
f 9013 9042 9286
f 9388 9220 9013
f 9013 9286 9388
f 9189 9053 9014
f 9014 9141 9189
f 9095 9029 9015
f 9015 9069 9263
f 9101 9095 9015
f 9263 9101 9015
f 9200 9110 9016
f 12656 9200 9016
f 9016 9259 12656
f 9017 9258 9292
f 9292 9269 9017
f 9018 9057 9083
f 9018 9083 9108
f 9019 9215 10907
f 9019 10907 12006
f 9142 9031 9020
f 9020 9080 9142
f 9511 9355 9021
f 9021 9359 9511
f 9022 10543 11019
f 12526 10806 9022
f 9022 11019 11791
f 9022 11791 12526
f 9023 9147 11748
f 12635 9147 9023
f 9164 9076 9024
f 9024 9118 9300
f 9300 9164 9024
f 9393 9132 9025
f 9025 9243 9683
f 9683 9393 9025
f 9026 9049 9218
f 12569 9058 9026
f 11234 9104 9026
f 9026 9104 12569
f 9026 9218 11234
f 9027 9041 9106
f 12584 9091 9027
f 9027 9106 12584
f 9319 9160 9028
f 9031 9142 9185
f 9122 9040 9032
f 9205 9122 9032
f 9609 9205 9032
f 9032 9282 9609
f 9158 9052 9033
f 9033 9113 9158
f 12615 9113 9033
f 9034 9182 9215
f 9419 9217 9035
f 9035 9234 9647
f 9647 9419 9035
f 9176 9092 9036
f 9037 9174 9233
f 9322 9069 9038
f 9038 9130 9322
f 9039 9062 9252
f 9252 9234 9039
f 9127 9109 9040
f 9040 9122 9127
f 9042 9121 9288
f 9288 9286 9042
f 9043 9078 9135
f 9043 9135 9159
f 9043 9159 9186
f 9044 9054 10839
f 11636 9054 9044
f 9299 9152 9044
f 10839 9299 9044
f 12018 11636 9044
f 9045 9065 9126
f 9126 9081 9045
f 9046 9077 9197
f 9197 9096 9046
f 9534 9221 9047
f 9047 9455 9534
f 9049 9161 9218
f 9232 9133 9050
f 11655 9232 9050
f 11727 11655 9050
f 11970 11727 9050
f 9051 9098 9169
f 9169 9113 9051
f 9051 9113 12615
f 9175 9097 9052
f 9052 9158 10973
f 9187 9175 9052
f 10973 9187 9052
f 9053 9189 9199
f 9054 9316 10839
f 9297 9139 9055
f 9216 9085 9056
f 9056 9167 9216
f 9199 9083 9057
f 9126 9065 9058
f 12354 9126 9058
f 12569 12354 9058
f 9212 9115 9059
f 12135 9212 9059
f 9381 9130 9060
f 9060 9153 9381
f 9061 9129 9733
f 9492 9244 9061
f 9733 9492 9061
f 9062 9198 9438
f 9438 9252 9062
f 9063 9064 12511
f 12511 9106 9063
f 9064 12249 12511
f 9321 9196 9066
f 9066 9241 9321
f 9192 9168 9067
f 9068 9100 9219
f 9249 9161 9068
f 9068 9219 9249
f 12063 9263 9069
f 9069 9322 12063
f 9070 9092 9204
f 9204 9144 9070
f 9310 9178 9071
f 9397 9310 9071
f 9072 9133 9232
f 9314 9162 9072
f 9232 9202 9072
f 9072 9202 9314
f 9073 9178 9540
f 9540 9213 9073
f 9073 9213 11376
f 9074 9255 10618
f 10618 9451 9074
f 9074 9451 10986
f 9074 10986 11166
f 11300 9240 9075
f 9075 9240 12001
f 9075 9413 11300
f 9076 9164 9320
f 9409 9243 9076
f 9076 9320 9409
f 9077 9124 9332
f 9332 9197 9077
f 9211 9135 9078
f 9078 9144 9211
f 9079 9097 9421
f 9079 9421 10852
f 12611 9142 9080
f 9080 9276 12326
f 9080 12326 12611
f 9126 9116 9081
f 9081 9116 12249
f 9414 9087 9082
f 9082 9278 9414
f 12297 9108 9083
f 9083 9199 12297
f 9195 9143 9084
f 9084 9143 9203
f 9084 9168 9195
f 9203 9179 9084
f 9216 9176 9085
f 9086 9094 9245
f 9264 9201 9086
f 9086 9245 9264
f 9087 9414 9900
f 9900 9649 9087
f 9429 9181 9088
f 9088 9181 11052
f 9088 9235 11794
f 11794 9429 9088
f 9574 9270 9089
f 9346 9190 9090
f 9090 9190 11229
f 9370 9346 9090
f 9091 9154 9157
f 11107 9154 9091
f 12584 11107 9091
f 9092 9176 9247
f 9247 9204 9092
f 9268 9114 9093
f 9338 9268 9093
f 9308 9245 9094
f 10744 9308 9094
f 11462 10744 9094
f 9095 9101 12529
f 12137 11728 9095
f 12529 12137 9095
f 9096 9125 9149
f 9197 9125 9096
f 9097 9175 9285
f 9097 9285 9648
f 9648 9421 9097
f 9183 9169 9098
f 11671 9183 9098
f 10756 9192 9099
f 10858 10756 9099
f 9100 9140 9257
f 9257 9219 9100
f 9101 9263 9341
f 9101 9341 12396
f 9101 12396 12529
f 9296 9174 9102
f 9102 9201 9296
f 9103 9157 9391
f 9103 9391 11244
f 9154 9105 9104
f 9104 9105 12569
f 11449 9154 9104
f 9104 11234 11449
f 9105 9116 12354
f 12511 9116 9105
f 9105 9154 11107
f 9105 11107 12511
f 9105 12354 12569
f 9106 12511 12584
f 9295 9121 9107
f 9304 9295 9107
f 11144 9128 9108
f 12126 11144 9108
f 12297 12126 9108
f 9109 9127 9274
f 9274 9212 9109
f 9109 9212 12135
f 9110 9200 9427
f 9111 9117 9262
f 9111 9262 9420
f 9111 9420 9439
f 9111 9439 12635
f 9328 9153 9112
f 9112 9156 9293
f 12148 9156 9112
f 9112 9293 9328
f 9183 9158 9113
f 9113 9169 9183
f 9268 9177 9114
f 9336 9208 9115
f 9115 9212 9369
f 9369 9336 9115
f 9116 9126 12354
f 12511 12249 9116
f 12209 9262 9117
f 9117 10820 12209
f 12218 10820 9117
f 9118 9145 9384
f 9384 9300 9118
f 9343 9136 9119
f 9119 9136 11671
f 9119 9137 9267
f 9119 9267 9343
f 9119 11671 12103
f 9502 9250 9120
f 9120 9250 12434
f 9120 9283 9714
f 11706 9283 9120
f 9714 9502 9120
f 12434 11706 9120
f 9295 9288 9121
f 9163 9127 9122
f 9205 9163 9122
f 9123 9149 9265
f 9123 9265 9379
f 9379 9266 9123
f 12535 9332 9124
f 9223 9149 9125
f 9125 9197 12388
f 9125 9210 9223
f 9248 9210 9125
f 12388 9248 9125
f 9127 9163 9191
f 9127 9191 9411
f 9411 9274 9127
f 11144 9596 9128
f 9129 9225 9412
f 9129 9412 9733
f 9426 9322 9130
f 9130 9381 9426
f 9131 9196 9339
f 9339 9308 9131
f 9131 9308 10744
f 9393 9231 9132
f 9134 9221 9331
f 9203 9143 9135
f 9135 9143 9236
f 9236 9159 9135
f 9211 9203 9135
f 9251 9183 9136
f 9136 9183 11671
f 9343 9251 9136
f 9137 9208 9267
f 12592 10807 9138
f 9434 9259 9139
f 9139 9297 9434
f 9140 9185 9257
f 9352 9189 9141
f 9141 9240 9272
f 12001 9240 9141
f 9141 9272 9352
f 12611 9185 9142
f 9143 9195 9236
f 9144 9204 9211
f 9145 9166 9375
f 9145 9375 9384
f 9146 9155 9367
f 9146 9367 9525
f 9146 9525 9563
f 9146 9563 11549
f 9561 9290 9147
f 9147 9290 11296
f 9147 9439 9561
f 12635 9439 9147
f 9147 11296 11748
f 12097 9350 9148
f 9148 10610 11779
f 9148 11779 12097
f 9149 9223 9265
f 9150 9408 9669
f 10010 9521 9150
f 9150 9669 10010
f 9151 9186 9459
f 9459 9312 9151
f 9152 9299 9433
f 9326 9304 9152
f 9433 9326 9152
f 9153 9328 9407
f 9407 9381 9153
f 9253 9157 9154
f 11449 9253 9154
f 9156 9165 9424
f 9424 9293 9156
f 9157 9253 9391
f 9158 9183 9251
f 9158 9251 9410
f 9410 9349 9158
f 9158 9349 10973
f 9284 9186 9159
f 9159 9236 9284
f 9313 9206 9160
f 9319 9313 9160
f 9306 9218 9161
f 9161 9249 9306
f 9162 9314 12130
f 9163 9180 9187
f 9205 9180 9163
f 9163 9187 9191
f 9164 9300 9320
f 9519 9424 9165
f 9604 9519 9165
f 11549 9604 9165
f 9166 9250 9469
f 9469 9375 9166
f 9167 9179 9230
f 9230 9216 9167
f 9168 9192 9315
f 9315 9195 9168
f 9170 9181 9470
f 9470 9338 9170
f 9436 9319 9171
f 9171 9427 9436
f 9649 9246 9172
f 9173 9233 9472
f 9472 9401 9173
f 9489 9233 9174
f 9174 9296 9347
f 9174 9347 9488
f 9174 9488 9489
f 9187 9180 9175
f 9175 9180 9285
f 9176 9216 9247
f 9177 9268 9435
f 9456 9297 9177
f 9177 9435 9456
f 9178 9310 9540
f 9179 9203 9230
f 9180 9205 9285
f 9181 9429 9537
f 9537 9470 9181
f 9431 9215 9182
f 11370 9294 9182
f 9182 9294 12469
f 12469 9431 9182
f 9184 9327 11325
f 12611 9257 9185
f 9186 9284 9459
f 9382 9191 9187
f 9187 9349 9382
f 10973 9349 9187
f 9188 9190 9608
f 11136 9190 9188
f 9188 9608 9731
f 11243 11136 9188
f 9539 9199 9189
f 9189 9352 11823
f 11823 9539 9189
f 9190 9346 9579
f 9190 9579 9608
f 9190 11136 11229
f 9191 9382 9411
f 9333 9315 9192
f 10756 9333 9192
f 9193 9227 9229
f 12643 9227 9193
f 9193 9229 9242
f 9193 9242 12642
f 9193 12642 12643
f 9484 9437 9194
f 9194 9437 11241
f 9277 9236 9195
f 9315 9277 9195
f 9196 9321 9494
f 9494 9339 9196
f 9332 9302 9197
f 9197 9302 12388
f 9198 9238 9585
f 9585 9438 9198
f 9199 9539 12297
f 9200 9396 9476
f 12656 9396 9200
f 12138 9427 9200
f 9200 9476 12138
f 9201 9264 9317
f 9317 9296 9201
f 9202 9232 9378
f 9378 9314 9202
f 9211 9204 9203
f 9203 9204 9230
f 9247 9230 9204
f 9609 9285 9205
f 9206 9313 9403
f 9807 9281 9207
f 9207 9782 9807
f 9336 9267 9208
f 9395 9280 9209
f 9209 9323 9685
f 11980 9323 9209
f 9685 9395 9209
f 9260 9223 9210
f 9210 9248 11366
f 12534 9260 9210
f 9210 11366 12389
f 9210 12389 12534
f 9212 9274 9369
f 11055 9282 9213
f 9213 9540 11185
f 11185 11055 9213
f 9214 9228 9279
f 12642 9228 9214
f 9214 9279 11265
f 9530 9364 9214
f 9214 9364 12643
f 11265 9530 9214
f 12643 12642 9214
f 9431 9405 9215
f 9215 9405 10907
f 9216 9230 9247
f 9217 9419 9808
f 9217 9808 10673
f 9218 9306 9485
f 9485 9374 9218
f 9218 9374 11234
f 11869 9249 9219
f 9219 9257 11869
f 9388 9309 9220
f 9695 9331 9221
f 9221 9534 9695
f 9606 9301 9222
f 9222 9565 9606
f 9223 9260 9329
f 9329 9265 9223
f 9224 9239 9365
f 11493 9239 9224
f 9365 9345 9224
f 9224 9345 12085
f 11727 11493 9224
f 9224 11655 11727
f 12085 11655 9224
f 9225 9231 9513
f 9513 9412 9225
f 9474 9275 9226
f 9226 9275 11898
f 11244 9474 9226
f 9298 9229 9227
f 11159 9298 9227
f 9227 9364 11159
f 12643 9364 9227
f 9334 9279 9228
f 9228 9287 12415
f 12642 9287 9228
f 12415 9334 9228
f 9303 9242 9229
f 9229 9298 9337
f 9337 9303 9229
f 9231 9393 9763
f 9763 9513 9231
f 11655 9378 9232
f 9536 9472 9233
f 9233 9489 9536
f 9234 9252 9438
f 9234 9438 9641
f 9234 9641 9647
f 9390 9371 9235
f 9235 9371 11794
f 9236 9277 9284
f 9452 9318 9237
f 9505 9452 9237
f 11463 9505 9237
f 9238 9244 9492
f 9238 9492 9710
f 9710 9585 9238
f 9239 9280 9365
f 9362 9272 9240
f 11300 9362 9240
f 9241 9271 9376
f 9376 9321 9241
f 9533 9287 9242
f 9242 9287 12642
f 9242 9303 9533
f 9243 9409 9753
f 9753 9683 9243
f 9423 9264 9245
f 9245 9308 9423
f 9885 9370 9246
f 9246 9649 9885
f 12473 11366 9248
f 9248 12388 12473
f 11869 9306 9249
f 9502 9469 9250
f 9251 9343 9410
f 9253 9380 9391
f 11449 9380 9253
f 9451 9373 9254
f 9254 9373 10646
f 10986 9451 9254
f 9254 10886 10986
f 9255 9318 9516
f 9255 9516 10618
f 11869 9257 9256
f 9256 9257 12611
f 9356 9306 9256
f 9256 9306 11869
f 12326 9356 9256
f 12611 12326 9256
f 9522 9292 9258
f 9532 9522 9258
f 9259 9387 9396
f 9473 9387 9259
f 9259 9396 12656
f 9259 9434 9473
f 9440 9329 9260
f 12091 9440 9260
f 12534 12091 9260
f 9261 9301 9841
f 9687 9479 9261
f 9944 9687 9261
f 9261 9841 9944
f 9262 9400 12000
f 12209 9400 9262
f 12000 9420 9262
f 9363 9341 9263
f 9368 9363 9263
f 12063 9368 9263
f 9392 9317 9264
f 9423 9392 9264
f 9265 9329 9379
f 9379 9271 9266
f 9266 9271 11742
f 9267 9336 9343
f 9268 9338 9435
f 9269 9292 9464
f 9702 9397 9269
f 9269 9464 9702
f 9735 9422 9270
f 9270 9574 9735
f 9379 9376 9271
f 9362 9352 9272
f 9273 9307 9311
f 12288 9307 9273
f 9273 9311 9417
f 9273 9342 9354
f 9417 9342 9273
f 9273 9354 12288
f 9411 9369 9274
f 9275 9474 9558
f 9558 9498 9275
f 9275 11473 11898
f 9276 9481 10984
f 11241 9481 9276
f 9276 10984 11445
f 9276 11445 12326
f 9548 9284 9277
f 9277 9315 9520
f 9277 9520 9548
f 9278 9312 9759
f 10022 9414 9278
f 9278 9759 10022
f 9279 9330 11265
f 11460 9330 9279
f 9279 9334 12564
f 12564 11460 9279
f 9395 9365 9280
f 9964 9566 9281
f 9281 9807 9964
f 9282 9541 9609
f 11055 9541 9282
f 9283 9340 9814
f 9778 9714 9283
f 9814 9778 9283
f 9621 9459 9284
f 9284 9548 9621
f 9285 9609 9788
f 9788 9648 9285
f 9286 9288 9501
f 9524 9388 9286
f 9286 9501 9524
f 9287 9533 9754
f 9287 9754 10548
f 9287 10548 12415
f 9288 9295 9342
f 9288 9342 9358
f 9288 9358 9501
f 11348 9316 9289
f 10852 9421 9289
f 9289 9421 11348
f 11139 10852 9289
f 9655 9340 9290
f 9290 9561 9655
f 9830 9386 9291
f 9291 9731 9830
f 9726 9464 9292
f 9292 9522 9726
f 11155 9328 9293
f 9293 9424 9460
f 9293 9460 11155
f 9294 9309 12469
f 9295 9304 9432
f 9432 9342 9295
f 9296 9317 9399
f 9399 9347 9296
f 9512 9434 9297
f 9297 9456 9512
f 9402 9337 9298
f 9441 9402 9298
f 11159 9441 9298
f 9475 9433 9299
f 10839 9475 9299
f 9677 9320 9300
f 9300 9384 9677
f 9301 9606 9841
f 9302 9332 11849
f 9761 9627 9302
f 9302 9627 12473
f 11849 9761 9302
f 12473 12388 9302
f 9303 9337 9415
f 9303 9415 11309
f 11309 9533 9303
f 9304 9326 9496
f 9496 9432 9304
f 9305 9331 9874
f 10611 9331 9305
f 9624 9466 9305
f 9874 9624 9305
f 9306 9356 9485
f 9366 9311 9307
f 9307 9361 9428
f 10965 9361 9307
f 9428 9366 9307
f 11481 10965 9307
f 12367 11481 9307
f 9307 12288 12367
f 9308 9339 9517
f 9517 9423 9308
f 9309 9388 9603
f 9309 9603 9623
f 9309 9623 10632
f 9309 10632 12469
f 9310 9397 12227
f 9691 9540 9310
f 12227 9691 9310
f 9311 9366 9538
f 9538 9417 9311
f 9312 9459 9698
f 9312 9698 9759
f 9313 9319 9569
f 9569 9403 9313
f 9314 9378 12698
f 9314 9465 12130
f 12698 9465 9314
f 9315 9333 10834
f 10834 9520 9315
f 9580 9529 9316
f 9316 9529 10839
f 11348 9580 9316
f 9317 9392 9399
f 9318 9452 9573
f 9573 9516 9318
f 9319 9436 9569
f 12437 9409 9320
f 9320 9677 12446
f 12446 12437 9320
f 9321 9376 9518
f 9518 9494 9321
f 9446 9368 9322
f 9322 9368 12063
f 9322 9426 9446
f 9323 9542 9806
f 12556 9542 9323
f 9806 9685 9323
f 9324 9335 11276
f 11481 9335 9324
f 9324 9360 10965
f 11709 9360 9324
f 9324 10965 11481
f 9324 11276 11709
f 9325 9466 9602
f 9602 9484 9325
f 9326 9433 9443
f 9326 9443 9496
f 9327 9385 9570
f 9327 9552 11325
f 12335 9552 9327
f 9327 9570 9688
f 9327 9688 12335
f 11155 9407 9328
f 9518 9379 9329
f 9329 9440 9551
f 9551 9518 9329
f 9523 9442 9330
f 9330 9442 11265
f 11460 9523 9330
f 9331 9695 9874
f 10982 9619 9332
f 9332 9619 11849
f 12535 10982 9332
f 10756 9486 9333
f 9333 9486 10834
f 10548 9503 9334
f 9334 9503 12564
f 12415 10548 9334
f 9335 9463 9618
f 12367 9463 9335
f 9618 9535 9335
f 9335 9535 11276
f 9335 11481 12367
f 9445 9343 9336
f 9336 9369 9445
f 9337 9402 9468
f 9637 9415 9337
f 9337 9468 9658
f 9658 9637 9337
f 12052 9435 9338
f 9338 9470 12052
f 9339 9494 9517
f 9340 9655 9814
f 9341 9363 9490
f 9490 9457 9341
f 9341 9457 12396
f 9432 9354 9342
f 9417 9358 9342
f 9445 9410 9343
f 9344 9418 9480
f 12137 9418 9344
f 9344 9480 9505
f 9344 9505 11463
f 12458 12137 9344
f 9345 9365 9454
f 9345 9454 9590
f 9590 9482 9345
f 9345 9482 12085
f 9346 9370 9792
f 9792 9579 9346
f 9347 9399 9478
f 9347 9478 9488
f 9348 9377 11709
f 12389 9377 9348
f 11709 9404 9348
f 9348 9404 12091
f 9348 12091 12534
f 12534 12389 9348
f 9461 9382 9349
f 9349 9410 9461
f 9746 9574 9350
f 9756 9746 9350
f 12097 9756 9350
f 9351 9406 9487
f 10765 9406 9351
f 10447 9425 9351
f 9351 9425 10927
f 9351 9487 10447
f 10927 10765 9351
f 9352 9362 9462
f 9352 9462 9653
f 9352 9653 11823
f 9811 9408 9353
f 9353 9741 9811
f 9354 9432 9463
f 9354 9463 12288
f 9717 9383 9355
f 9355 9511 9718
f 9718 9717 9355
f 10615 9485 9356
f 11445 10615 9356
f 12326 11445 9356
f 9794 9455 9357
f 9357 9556 10009
f 10009 9794 9357
f 9358 9417 9501
f 9359 9422 9504
f 9359 9504 9692
f 9692 9511 9359
f 9467 9361 9360
f 9360 9361 10965
f 9360 9377 9467
f 11709 9377 9360
f 11774 9428 9361
f 9361 9467 9645
f 9361 9645 11774
f 9362 9430 9449
f 11300 9430 9362
f 9362 9449 9462
f 9363 9368 9471
f 9363 9471 9509
f 9613 9490 9363
f 9363 9509 9613
f 9364 9530 9559
f 9364 9559 9722
f 9364 9722 11159
f 9365 9395 11858
f 11858 9454 9365
f 9366 9428 11701
f 11701 9538 9366
f 9682 9525 9367
f 9367 9596 9682
f 9368 9446 9515
f 9515 9471 9368
f 9369 9411 9445
f 9885 9792 9370
f 9371 9390 9666
f 9507 9429 9371
f 9371 9429 11794
f 9666 9507 9371
f 10765 9398 9372
f 9372 9398 10810
f 9372 9406 10765
f 12438 9406 9372
f 11460 9416 9372
f 9372 9416 12438
f 9372 10810 11460
f 9373 9451 11046
f 9615 9483 9373
f 9373 9483 10646
f 11046 9615 9373
f 9774 9380 9374
f 9374 9380 11449
f 9374 9485 9774
f 11449 11234 9374
f 9668 9384 9375
f 9375 9469 9755
f 9755 9668 9375
f 9376 9379 9518
f 11366 9458 9377
f 9377 9458 12505
f 12505 9467 9377
f 12389 11366 9377
f 11655 9444 9378
f 9378 9444 12538
f 9378 12538 12698
f 9934 9391 9380
f 9380 9774 9934
f 9381 9407 9526
f 9526 9426 9381
f 9461 9411 9382
f 9383 9717 9876
f 9383 9876 10749
f 9384 9668 12243
f 12243 9677 9384
f 9385 9498 9570
f 9386 9830 10074
f 9497 9396 9387
f 9387 9473 9497
f 9388 9524 9603
f 9506 9400 9389
f 9389 9400 10820
f 9389 9477 9577
f 10820 9477 9389
f 9586 9506 9389
f 9389 9577 9633
f 9633 9586 9389
f 9390 9483 9725
f 11261 9666 9390
f 9390 9725 11261
f 9934 9896 9391
f 9391 9896 11244
f 9495 9399 9392
f 9392 9423 9592
f 9592 9495 9392
f 9393 9683 9763
f 9546 9486 9394
f 9394 9486 10756
f 11325 9546 9394
f 9394 10756 10858
f 9395 9685 9804
f 9395 9804 11858
f 9500 9476 9396
f 9396 9497 9500
f 9397 9702 12227
f 9398 9527 10810
f 10927 9527 9398
f 9398 10765 10927
f 9399 9447 9450
f 9495 9447 9399
f 9399 9450 9478
f 9400 9506 9600
f 9400 9600 12000
f 12209 10820 9400
f 9401 9472 9477
f 9401 9477 12218
f 9402 9441 9449
f 9402 9449 9468
f 9569 9542 9403
f 9403 9542 12556
f 9591 9440 9404
f 9404 9440 12091
f 9404 9535 9591
f 11276 9535 9404
f 11709 11276 9404
f 9405 9431 9636
f 9564 9557 9405
f 9405 9557 10907
f 11943 9564 9405
f 9405 9636 11943
f 9640 9487 9406
f 12438 9640 9406
f 9662 9526 9407
f 9407 9605 9662
f 11155 9605 9407
f 9811 9669 9408
f 9409 9593 9724
f 12437 9593 9409
f 9409 9724 9753
f 9410 9445 9461
f 9461 9445 9411
f 9412 9513 9882
f 9910 9733 9412
f 9412 9882 9910
f 9413 9557 11164
f 12006 9557 9413
f 9413 11164 12429
f 11472 11300 9413
f 12429 11472 9413
f 10022 9900 9414
f 9637 9578 9415
f 9415 9578 11309
f 9416 9503 9663
f 12564 9503 9416
f 9416 9663 12438
f 9416 11460 12564
f 9612 9501 9417
f 9417 9538 9612
f 9418 9457 9480
f 12396 9457 9418
f 9418 12137 12529
f 12529 12396 9418
f 9419 9647 9834
f 9834 9808 9419
f 9727 9439 9420
f 9420 9716 9727
f 12000 9716 9420
f 9421 9648 9654
f 9421 9654 11348
f 9735 9504 9422
f 9423 9517 9592
f 9553 9460 9424
f 9424 9519 9553
f 9425 9453 9508
f 10447 9453 9425
f 9425 9508 9681
f 9681 9527 9425
f 9425 9527 10927
f 9514 9446 9426
f 9526 9514 9426
f 9499 9436 9427
f 12138 9499 9427
f 9428 9589 11701
f 11774 9589 9428
f 9429 9507 9581
f 9581 9537 9429
f 9468 9449 9430
f 9584 9468 9430
f 11472 9584 9430
f 9430 11300 11472
f 10706 9636 9431
f 9431 10632 10747
f 12469 10632 9431
f 10747 10706 9431
f 9531 9463 9432
f 9432 9496 9531
f 9447 9443 9433
f 9450 9447 9433
f 9475 9450 9433
f 9512 9473 9434
f 9550 9456 9435
f 9435 9544 9550
f 12052 9544 9435
f 9436 9499 9629
f 9629 9569 9436
f 9737 9481 9437
f 9437 9481 11241
f 9437 9484 9737
f 9438 9585 9802
f 9802 9641 9438
f 9727 9561 9439
f 9591 9551 9440
f 9568 9449 9441
f 9721 9568 9441
f 11159 9721 9441
f 9442 9523 9582
f 9575 9530 9442
f 9442 9530 11265
f 9582 9575 9442
f 9443 9447 9495
f 9443 9495 9592
f 9597 9496 9443
f 9443 9592 9597
f 9444 9482 9644
f 12085 9482 9444
f 9444 9644 12538
f 9444 11655 12085
f 9446 9514 9515
f 9527 9523 9448
f 9448 9523 11460
f 10810 9527 9448
f 11460 10810 9448
f 9568 9462 9449
f 9450 9475 9547
f 9543 9478 9450
f 9547 9543 9450
f 10618 9583 9451
f 9451 9583 11046
f 9452 9505 9576
f 9576 9573 9452
f 9453 9487 9491
f 10447 9487 9453
f 9453 9491 9493
f 9453 9493 9508
f 11858 9560 9454
f 9454 9560 12141
f 12141 9590 9454
f 9794 9534 9455
f 9550 9512 9456
f 9490 9480 9457
f 9458 9627 9823
f 12473 9627 9458
f 9823 9652 9458
f 9458 9652 12505
f 9458 11366 12473
f 9459 9621 9698
f 9460 9553 9598
f 9460 9598 10563
f 10563 9605 9460
f 9460 9605 11155
f 9462 9568 9653
f 9463 9531 9618
f 12367 12288 9463
f 9704 9702 9464
f 9726 9704 9464
f 9660 9567 9465
f 9465 9567 12130
f 9465 9644 9660
f 12538 9644 9465
f 12698 12538 9465
f 9750 9602 9466
f 9466 9624 9750
f 9652 9645 9467
f 12505 9652 9467
f 9468 9584 9658
f 9469 9502 9810
f 9810 9755 9469
f 9470 9537 9630
f 9742 9544 9470
f 9470 9544 12052
f 9470 9630 9742
f 9493 9491 9471
f 9471 9491 9509
f 9510 9493 9471
f 9515 9510 9471
f 9577 9477 9472
f 9472 9536 9577
f 9650 9497 9473
f 9473 9512 9628
f 9473 9628 9650
f 9729 9558 9474
f 11180 9729 9474
f 11244 11180 9474
f 9475 9529 9547
f 10839 9529 9475
f 11286 9499 9476
f 9476 9499 12138
f 9476 9500 11286
f 9477 10820 12218
f 9543 9488 9478
f 9866 9528 9479
f 9479 9687 9866
f 9480 9490 9576
f 9576 9505 9480
f 9481 9737 9789
f 9481 9789 10984
f 9482 9590 9697
f 9697 9644 9482
f 9483 9615 10928
f 10928 9725 9483
f 9484 9602 9737
f 10087 9774 9485
f 10615 10087 9485
f 9486 9546 9554
f 9486 9554 12334
f 12334 10834 9486
f 9672 9491 9487
f 9487 9640 9672
f 9549 9489 9488
f 9488 9543 9549
f 9588 9536 9489
f 9489 9549 9588
f 9613 9576 9490
f 9676 9509 9491
f 9491 9672 9676
f 9733 9710 9492
f 9510 9508 9493
f 9572 9517 9494
f 9494 9518 9587
f 9587 9572 9494
f 9595 9531 9496
f 9597 9595 9496
f 9555 9500 9497
f 9650 9555 9497
f 9498 9558 9656
f 9671 9570 9498
f 9498 9656 9671
f 11242 9629 9499
f 9499 9631 11242
f 11286 9631 9499
f 9500 9555 9639
f 9639 9626 9500
f 9500 9626 11304
f 11304 11286 9500
f 9612 9524 9501
f 9502 9714 9810
f 9770 9663 9503
f 10548 9770 9503
f 9749 9692 9504
f 9504 9735 9883
f 9883 9749 9504
f 9586 9545 9506
f 9506 9545 9601
f 9601 9600 9506
f 9625 9581 9507
f 9666 9625 9507
f 9508 9510 9661
f 9508 9661 9681
f 12522 9613 9509
f 9509 9676 12522
f 9510 9515 9665
f 9665 9661 9510
f 9511 9692 9718
f 9512 9550 9628
f 9513 9763 9882
f 9526 9515 9514
f 9515 9526 9665
f 9516 9573 9642
f 9642 9632 9516
f 9516 9632 11125
f 11125 10618 9516
f 9572 9571 9517
f 9517 9571 9592
f 9518 9551 9587
f 12555 9553 9519
f 9519 9604 12612
f 12612 12555 9519
f 12334 9548 9520
f 9520 10834 12334
f 9984 9782 9521
f 10010 9984 9521
f 9522 9532 9878
f 9878 9726 9522
f 9523 9527 9678
f 9614 9582 9523
f 9678 9614 9523
f 9769 9603 9524
f 9524 9612 12489
f 12489 9769 9524
f 9682 9563 9525
f 9526 9662 9665
f 9681 9678 9527
f 9898 9556 9528
f 9528 9866 9898
f 9620 9547 9529
f 9529 9580 9610
f 9529 9610 9620
f 9575 9559 9530
f 9531 9595 9618
f 10749 9876 9532
f 9532 9876 11204
f 11204 9878 9532
f 9533 9594 9795
f 11309 9594 9533
f 9795 9754 9533
f 9875 9695 9534
f 9534 9794 9875
f 9659 9591 9535
f 9535 9618 9659
f 9693 9577 9536
f 9536 9588 9703
f 9703 9693 9536
f 9537 9581 9684
f 9684 9630 9537
f 9616 9612 9538
f 11701 9616 9538
f 9539 9705 9738
f 11823 9705 9539
f 9539 9738 12297
f 9540 9691 9838
f 9540 9838 11185
f 11362 9609 9541
f 9838 9757 9541
f 9541 9757 11362
f 11185 9838 9541
f 9541 11055 11185
f 9542 9569 9638
f 9542 9638 9806
f 9543 9547 9634
f 9635 9549 9543
f 9543 9634 9635
f 12319 9550 9544
f 9544 9742 9836
f 9544 9836 12319
f 9545 9586 9696
f 9696 9601 9545
f 9546 9552 9709
f 11325 9552 9546
f 11679 9554 9546
f 9546 9709 11440
f 9546 11440 11679
f 9547 9620 9634
f 10616 9621 9548
f 11413 10616 9548
f 12334 11413 9548
f 9675 9588 9549
f 9549 9635 9675
f 12319 9628 9550
f 9617 9587 9551
f 9551 9591 9617
f 12335 9709 9552
f 9553 9562 9598
f 12555 9562 9553
f 11679 11413 9554
f 9554 11413 12334
f 9819 9639 9555
f 9555 9650 9809
f 9555 9809 9819
f 9556 9898 10063
f 10063 10009 9556
f 9557 9564 9730
f 9557 9730 12619
f 12006 10907 9557
f 12619 11164 9557
f 9729 9656 9558
f 9559 9575 9622
f 9559 9622 9699
f 9559 9699 9722
f 9734 9651 9560
f 9560 9651 12141
f 9804 9734 9560
f 11858 9804 9560
f 9854 9655 9561
f 9561 9727 9854
f 9674 9598 9562
f 11231 9674 9562
f 9562 9758 11231
f 12555 9758 9562
f 9796 9604 9563
f 9563 9604 11549
f 9563 9682 9796
f 9564 9679 9730
f 11943 9679 9564
f 9803 9606 9565
f 9565 9680 9803
f 9929 9680 9566
f 9964 9929 9566
f 9567 9660 9713
f 9567 9713 10982
f 9567 10982 12535
f 12535 12130 9567
f 9721 9653 9568
f 9569 9629 9772
f 9772 9638 9569
f 9570 9671 9766
f 9766 9688 9570
f 9571 9572 9587
f 9571 9587 9657
f 9657 9592 9571
f 9573 9576 9673
f 9673 9642 9573
f 9825 9735 9574
f 9574 9746 9825
f 9575 9582 9607
f 9575 9607 9622
f 9576 9613 9673
f 9693 9633 9577
f 9686 9594 9578
f 9578 9594 11309
f 9578 9637 9784
f 9784 9686 9578
f 9872 9608 9579
f 9579 9792 9872
f 9744 9610 9580
f 9580 9654 9744
f 11348 9654 9580
f 9581 9625 9684
f 9611 9607 9582
f 9614 9611 9582
f 9706 9690 9583
f 9583 9690 11046
f 11125 9706 9583
f 9583 10618 11125
f 9791 9658 9584
f 9829 9791 9584
f 12429 9829 9584
f 9584 11472 12429
f 9585 9710 9948
f 9919 9802 9585
f 9948 9919 9585
f 9586 9633 9696
f 9587 9617 9657
f 9588 9675 9745
f 9745 9703 9588
f 9978 9616 9589
f 9589 9616 11701
f 9998 9978 9589
f 11464 9998 9589
f 11774 11464 9589
f 9590 9664 9697
f 12141 9664 9590
f 9659 9617 9591
f 9667 9597 9592
f 9592 9657 9667
f 9868 9724 9593
f 9593 9736 12140
f 12437 9736 9593
f 12691 9868 9593
f 9593 12140 12691
f 9594 9686 9728
f 9594 9728 9795
f 9595 9597 9667
f 9667 9618 9595
f 9776 9682 9596
f 9596 9689 9776
f 11144 9689 9596
f 9598 9607 9611
f 9622 9607 9598
f 9598 9611 10563
f 9674 9622 9598
f 9600 9601 9833
f 9864 9716 9600
f 9600 9716 12000
f 9600 9833 9848
f 9600 9848 9864
f 9601 9696 9701
f 9601 9701 12545
f 12545 9833 9601
f 9750 9737 9602
f 10836 9623 9603
f 9769 9762 9603
f 9603 9762 10836
f 9796 9785 9604
f 9604 9785 12612
f 9605 9611 9708
f 10563 9611 9605
f 9708 9662 9605
f 9606 9803 9959
f 9959 9841 9606
f 10062 9731 9608
f 9608 9872 10062
f 11362 9788 9609
f 9635 9620 9610
f 9744 9635 9610
f 9611 9614 9708
f 9612 9616 12260
f 9612 12260 12489
f 12522 9673 9613
f 9614 9678 9708
f 9615 9690 9851
f 11046 9690 9615
f 9615 9851 11707
f 11707 10928 9615
f 9616 9978 11152
f 9616 11152 12260
f 9659 9657 9617
f 9667 9659 9618
f 9619 9713 9777
f 10982 9713 9619
f 9619 9777 11849
f 9635 9634 9620
f 10616 9698 9621
f 9622 9674 9699
f 9623 9643 10747
f 10836 9643 9623
f 10747 10632 9623
f 10143 9750 9624
f 9624 9874 10143
f 9625 9666 9884
f 9822 9684 9625
f 9884 9822 9625
f 9707 9631 9626
f 9626 9631 11304
f 9626 9639 12739
f 9626 9646 9700
f 12739 9646 9626
f 9626 9700 9732
f 9732 9707 9626
f 9627 9761 9951
f 9951 9823 9627
f 12319 9650 9628
f 9821 9772 9629
f 11242 9821 9629
f 9630 9684 9797
f 9867 9742 9630
f 9630 9797 9867
f 9631 9707 11444
f 11444 11242 9631
f 9631 11286 11304
f 9632 9642 9711
f 9632 9706 11125
f 11372 9706 9632
f 9632 9711 10816
f 9632 10816 11372
f 9633 9693 9765
f 9765 9696 9633
f 9744 9675 9635
f 9720 9679 9636
f 9636 9679 11943
f 10706 9719 9636
f 9636 9719 11515
f 11515 9720 9636
f 9637 9658 9791
f 9791 9784 9637
f 9638 9772 9806
f 9819 9739 9639
f 9639 9739 12739
f 9764 9672 9640
f 12438 9764 9640
f 9820 9647 9641
f 9641 9802 9820
f 9642 9673 9715
f 9715 9711 9642
f 9643 9719 10706
f 10836 9719 9643
f 9643 10706 10747
f 9697 9660 9644
f 9645 9652 9991
f 9645 9991 11464
f 9645 11464 11774
f 9646 9694 9712
f 12739 9694 9646
f 9712 9700 9646
f 9647 9820 9834
f 9953 9654 9648
f 9648 9788 9886
f 9648 9886 9953
f 10154 9885 9649
f 9649 9900 9992
f 9649 9992 10154
f 12319 9809 9650
f 9799 9664 9651
f 9651 9664 12141
f 9651 9734 10001
f 9969 9799 9651
f 10001 9969 9651
f 9652 9823 9989
f 9652 9989 9991
f 9790 9705 9653
f 9653 9705 11823
f 9653 9721 9790
f 9855 9744 9654
f 9940 9855 9654
f 9953 9940 9654
f 9960 9814 9655
f 9854 9816 9655
f 9655 9816 9960
f 9775 9671 9656
f 9656 9729 9932
f 9895 9775 9656
f 9932 9895 9656
f 9657 9659 9667
f 9660 9697 9783
f 9783 9713 9660
f 9665 9662 9661
f 9661 9662 9708
f 9708 9681 9661
f 9663 9752 9764
f 9770 9752 9663
f 9663 9764 12438
f 11981 9697 9664
f 9664 9799 9818
f 9664 9818 11981
f 11261 9884 9666
f 9668 9755 12243
f 9669 9811 9995
f 9669 9995 10010
f 10014 9800 9670
f 9670 9800 11779
f 10126 10014 9670
f 10780 10126 9670
f 9670 10614 10780
f 9775 9766 9671
f 9751 9676 9672
f 9764 9751 9672
f 9673 9676 9715
f 12522 9676 9673
f 9920 9699 9674
f 11231 9920 9674
f 9675 9744 9844
f 9844 9745 9675
f 9751 9715 9676
f 9856 9748 9677
f 9677 9748 12446
f 12243 9856 9677
f 9678 9681 9708
f 9679 9720 9723
f 9679 9723 9805
f 9805 9730 9679
f 10064 9803 9680
f 9680 9929 10064
f 9682 9776 11812
f 9907 9796 9682
f 11812 9907 9682
f 9683 9753 9952
f 9949 9763 9683
f 9952 9949 9683
f 9822 9797 9684
f 9827 9804 9685
f 9685 9806 9827
f 9740 9728 9686
f 9784 9740 9686
f 9944 9866 9687
f 9688 9766 9771
f 9688 9771 12335
f 9880 9776 9689
f 9689 9793 9880
f 12126 9793 9689
f 9689 11144 12126
f 9690 9706 9773
f 9690 9773 9851
f 9924 9838 9691
f 12227 9924 9691
f 11663 9718 9692
f 9692 9749 9861
f 9692 9861 9925
f 9692 9925 11663
f 9693 9703 9765
f 9813 9712 9694
f 9694 9739 9815
f 12739 9739 9694
f 9815 9813 9694
f 10216 9874 9695
f 9695 9875 10216
f 9824 9701 9696
f 9696 9765 9824
f 11981 9783 9697
f 9963 9759 9698
f 11401 9963 9698
f 9698 10616 11401
f 9832 9722 9699
f 9865 9832 9699
f 9920 9865 9699
f 9700 9712 9779
f 9780 9732 9700
f 9700 9779 9780
f 9701 9824 12575
f 9701 9843 12545
f 12575 9843 9701
f 9702 9704 9801
f 9702 9801 9975
f 9975 9962 9702
f 9702 9962 12227
f 9703 9745 9765
f 9704 9726 9812
f 9888 9801 9704
f 9704 9812 9888
f 9859 9738 9705
f 9705 9790 9858
f 9705 9858 9859
f 9847 9773 9706
f 11372 9847 9706
f 9707 9732 9768
f 9707 9768 9828
f 9707 9828 11518
f 11518 11444 9707
f 9709 9771 9918
f 12335 9771 9709
f 9918 9817 9709
f 9709 9817 11440
f 9710 9733 9967
f 9967 9948 9710
f 9711 9715 9751
f 9711 9751 11382
f 9711 9826 10816
f 11382 9826 9711
f 9837 9779 9712
f 9712 9813 9837
f 9890 9777 9713
f 9713 9783 9890
f 9714 9778 9941
f 9941 9810 9714
f 9864 9727 9716
f 9717 9718 9930
f 9930 9876 9717
f 9997 9930 9718
f 11663 9997 9718
f 9719 10836 11515
f 9747 9723 9720
f 11598 9747 9720
f 11515 9767 9720
f 9720 9767 11598
f 9721 9722 9832
f 11159 9722 9721
f 9832 9790 9721
f 9723 9747 9760
f 9723 9760 9845
f 9845 9805 9723
f 9894 9753 9724
f 9724 9868 9894
f 10036 9881 9725
f 9725 9881 11261
f 10928 10036 9725
f 9849 9812 9726
f 9878 9849 9726
f 9864 9854 9727
f 9728 9740 11553
f 10784 9795 9728
f 11553 10784 9728
f 10664 9932 9729
f 11180 10664 9729
f 9805 9786 9730
f 9730 9786 12619
f 10041 9830 9731
f 10062 10041 9731
f 9780 9768 9732
f 9733 9910 9950
f 9733 9950 9967
f 9734 9804 9891
f 9734 9891 10001
f 9735 9825 9982
f 10016 9883 9735
f 9735 9982 10016
f 12446 9743 9736
f 9736 9743 12753
f 12753 12140 9736
f 9736 12437 12446
f 9737 9750 9943
f 9943 9789 9737
f 9915 9793 9738
f 9738 9793 12297
f 9738 9859 9911
f 9738 9911 9915
f 9914 9815 9739
f 9739 9819 9879
f 9739 9879 9914
f 9842 9781 9740
f 9740 9781 11553
f 9740 9784 9842
f 10043 9811 9741
f 10074 10043 9741
f 9853 9836 9742
f 9867 9853 9742
f 9743 9748 11746
f 12446 9748 9743
f 9839 9831 9743
f 9743 9831 12753
f 11994 9839 9743
f 9743 11746 11994
f 9855 9844 9744
f 9824 9765 9745
f 9844 9824 9745
f 9746 9756 9892
f 9892 9825 9746
f 9781 9760 9747
f 11553 9781 9747
f 9747 9798 11553
f 11598 9798 9747
f 9748 9856 9904
f 9748 9904 11746
f 9883 9861 9749
f 10378 9943 9750
f 9750 10143 10363
f 9750 10363 10378
f 9751 9764 11382
f 11382 9764 9752
f 9752 9770 9869
f 9869 9835 9752
f 9752 9835 11382
f 9753 9894 9952
f 9869 9770 9754
f 9754 9770 10548
f 9754 9795 9945
f 9945 9869 9754
f 9755 9810 9941
f 9755 9941 10020
f 10020 9942 9755
f 9755 9942 12243
f 9756 9800 9892
f 12097 9800 9756
f 11070 9788 9757
f 9757 9788 11362
f 9757 9838 10058
f 9757 10058 10170
f 10170 10090 9757
f 9757 10090 11070
f 9758 9785 12285
f 12555 9785 9758
f 12285 11231 9758
f 9759 9963 10068
f 10068 10022 9759
f 9760 9781 9845
f 9761 9777 9921
f 11849 9777 9761
f 9761 9921 9951
f 9762 9769 10525
f 9762 10525 11515
f 11515 10836 9762
f 9938 9882 9763
f 9949 9938 9763
f 9852 9771 9766
f 9766 9775 9852
f 10525 9905 9767
f 9767 9905 11991
f 11515 10525 9767
f 11991 11598 9767
f 9768 9780 9909
f 9909 9828 9768
f 9933 9905 9769
f 9769 9905 10525
f 12260 9933 9769
f 12489 12260 9769
f 9771 9852 9918
f 9862 9806 9772
f 9772 9821 9862
f 9773 9847 9893
f 9893 9851 9773
f 10128 9934 9774
f 9774 10087 10128
f 9895 9852 9775
f 9776 9880 9928
f 9776 9928 11812
f 9777 9890 9921
f 9778 9814 10021
f 10021 9941 9778
f 9913 9780 9779
f 9779 9837 9913
f 9913 9909 9780
f 9781 9842 9845
f 10137 9807 9782
f 9782 9984 10137
f 9935 9890 9783
f 11981 9935 9783
f 9784 9791 9857
f 9857 9842 9784
f 9785 9796 9907
f 9785 9907 9965
f 9785 9965 12285
f 9785 12555 12612
f 9786 9805 9860
f 9786 9860 12429
f 12429 11164 9786
f 9786 11164 12619
f 9787 9817 10786
f 11440 9817 9787
f 10786 9963 9787
f 9787 9963 11401
f 11401 10616 9787
f 9787 10616 11413
f 9787 11413 11679
f 11679 11440 9787
f 10961 9886 9788
f 9788 10053 10961
f 11070 10053 9788
f 9789 9943 10115
f 9789 10115 10123
f 9789 10123 10615
f 9789 10615 10984
f 9790 9832 9858
f 9791 9829 9857
f 10144 9872 9792
f 9792 9885 10144
f 9915 9880 9793
f 9793 12126 12297
f 10157 9875 9794
f 9794 10009 10157
f 9999 9945 9795
f 10784 9999 9795
f 9797 9822 9996
f 9946 9867 9797
f 9996 9946 9797
f 9798 10772 10784
f 11991 10772 9798
f 9798 10784 11553
f 9798 11598 11991
f 9969 9818 9799
f 10014 9892 9800
f 12097 11779 9800
f 9801 9888 9958
f 9801 9958 10023
f 10023 9975 9801
f 9939 9820 9802
f 9802 9919 9939
f 10132 9959 9803
f 9803 10064 10132
f 9804 9827 9873
f 9804 9873 9891
f 9805 9845 9860
f 9862 9827 9806
f 10137 9964 9807
f 9808 9834 10002
f 10082 9947 9808
f 9808 9947 10673
f 9808 10002 10082
f 9853 9819 9809
f 9809 9836 9853
f 12319 9836 9809
f 10229 9995 9811
f 9811 10043 10229
f 9812 9849 9899
f 9901 9888 9812
f 9812 9899 9901
f 9813 9815 9985
f 9985 9837 9813
f 9814 9960 10021
f 9815 9914 9985
f 9816 9854 10015
f 10051 9960 9816
f 9816 10015 10051
f 9817 9918 10040
f 9817 10040 10112
f 9817 10112 10688
f 9817 10688 10786
f 10006 9889 9818
f 9818 9889 11981
f 9818 9969 10005
f 9818 10005 10006
f 9819 9853 9879
f 9939 9834 9820
f 9887 9862 9821
f 11242 9887 9821
f 9822 9884 12683
f 12687 9996 9822
f 9822 12683 12687
f 9823 9951 10012
f 10012 9989 9823
f 9824 9844 9870
f 9824 9870 12575
f 9825 9892 9982
f 9826 9835 9903
f 11382 9835 9826
f 9903 9850 9826
f 9826 9850 10816
f 9827 9862 9897
f 9897 9873 9827
f 9871 9846 9828
f 9828 9846 11518
f 12509 9871 9828
f 9828 9909 12509
f 9860 9857 9829
f 12429 9860 9829
f 9830 10041 10074
f 9831 9839 12649
f 9912 9863 9831
f 9831 9863 12140
f 12649 9912 9831
f 9831 12140 12753
f 9865 9858 9832
f 9956 9848 9833
f 12549 9956 9833
f 9833 12545 12549
f 9834 9939 10002
f 9835 9869 9926
f 9926 9903 9835
f 10091 9913 9837
f 9837 9985 10055
f 9837 10055 10091
f 9838 9924 10019
f 9838 10019 10058
f 9839 9840 9923
f 11994 9840 9839
f 9839 9923 12690
f 12690 12649 9839
f 9840 9904 9980
f 11746 9904 9840
f 9980 9923 9840
f 11994 11746 9840
f 10070 9944 9841
f 9841 9959 10070
f 9860 9845 9842
f 9842 9857 9860
f 9843 9870 9973
f 12575 9870 9843
f 9843 9973 12549
f 12549 12545 9843
f 9844 9855 9870
f 9846 9871 9931
f 9846 9931 12219
f 12219 11086 9846
f 9846 11086 12346
f 9846 11444 11518
f 12346 11444 9846
f 9847 9850 9922
f 11372 9850 9847
f 9954 9893 9847
f 9847 9922 9954
f 9976 9864 9848
f 9848 9956 9976
f 9849 9878 9955
f 9955 9899 9849
f 9850 9903 9917
f 9850 9917 9922
f 11372 10816 9850
f 9851 9893 10011
f 9851 10011 11707
f 9852 9895 9918
f 9853 9867 9879
f 9854 9864 10015
f 9983 9870 9855
f 9855 9940 9983
f 10067 9904 9856
f 9856 9942 10067
f 12243 9942 9856
f 9865 9859 9858
f 9859 9865 9908
f 9859 9908 9911
f 9861 9883 10030
f 9971 9925 9861
f 9990 9971 9861
f 10030 9990 9861
f 9862 9887 9897
f 9987 9868 9863
f 9863 9868 12691
f 9863 9912 9987
f 12691 12140 9863
f 9864 9976 10015
f 9920 9908 9865
f 10130 9898 9866
f 9866 9944 10212
f 10212 10130 9866
f 9946 9879 9867
f 9987 9894 9868
f 10628 9926 9869
f 9869 9945 10628
f 9983 9973 9870
f 10066 9931 9871
f 11811 10066 9871
f 12509 11811 9871
f 10301 10062 9872
f 9872 10144 10301
f 9906 9891 9873
f 9873 9897 9906
f 10216 10143 9874
f 9875 10157 10216
f 9876 9930 10026
f 9876 10026 11204
f 9906 9897 9877
f 9877 9897 11086
f 9966 9906 9877
f 9877 9931 9966
f 12219 9931 9877
f 9877 11086 12219
f 10057 9955 9878
f 11204 10057 9878
f 9946 9914 9879
f 9880 9915 9972
f 9972 9928 9880
f 9881 9884 11261
f 12111 9884 9881
f 9881 10036 10116
f 9881 10116 12111
f 9938 9910 9882
f 9883 10016 10030
f 9884 12111 12683
f 10154 10144 9885
f 9994 9953 9886
f 10961 9994 9886
f 11086 9897 9887
f 12346 11086 9887
f 9887 11242 11444
f 9887 11444 12346
f 9888 9901 9958
f 9970 9935 9889
f 9889 9935 11981
f 10008 9970 9889
f 10006 9993 9889
f 9889 9993 10008
f 9970 9921 9890
f 9890 9935 9970
f 9891 9906 9974
f 9891 9974 10001
f 10083 9982 9892
f 9892 10014 10083
f 9893 9954 10544
f 10544 10011 9893
f 10101 9952 9894
f 9894 9987 10101
f 10040 9918 9895
f 9895 9932 10040
f 9896 9934 10045
f 9896 10045 10664
f 9896 10664 11180
f 9896 11180 11244
f 10130 10063 9898
f 9937 9901 9899
f 12250 9937 9899
f 9899 9955 10996
f 9899 10996 12250
f 10111 9992 9900
f 9900 10022 10111
f 9901 9902 9936
f 9937 9902 9901
f 9901 9936 9958
f 9902 9923 9936
f 12690 9923 9902
f 9902 9937 12551
f 9902 12551 12690
f 9903 9916 9917
f 9981 9916 9903
f 9903 9926 11674
f 11674 9981 9903
f 10080 9980 9904
f 9904 10067 10131
f 10175 10080 9904
f 9904 10131 10175
f 9905 9933 9979
f 9905 9979 11991
f 9906 9966 9974
f 9907 9928 9965
f 11812 9928 9907
f 9920 9911 9908
f 9909 9913 9977
f 9909 9977 12509
f 9910 9938 10158
f 10049 9950 9910
f 10059 10049 9910
f 10158 10059 9910
f 9957 9915 9911
f 9911 9920 9957
f 9912 9927 10024
f 12649 9927 9912
f 10094 9987 9912
f 9912 10024 10094
f 10044 9977 9913
f 10091 10044 9913
f 9914 9946 9985
f 9915 9957 9972
f 9986 9917 9916
f 9916 9981 9988
f 9988 9986 9916
f 9986 9922 9917
f 10141 9939 9919
f 9919 9948 10037
f 9919 10037 10141
f 9961 9957 9920
f 11231 9961 9920
f 10007 9951 9921
f 9921 9970 10007
f 10018 9954 9922
f 9922 9986 10018
f 9980 9936 9923
f 9924 9962 10013
f 12227 9962 9924
f 9924 10013 10019
f 9925 9971 10821
f 10821 9997 9925
f 9925 9997 11663
f 9926 10628 11674
f 9927 9937 12250
f 12551 9937 9927
f 12250 10024 9927
f 12649 12551 9927
f 9972 9965 9928
f 9929 9964 10263
f 10540 10064 9929
f 9929 10263 10540
f 9930 9997 10113
f 10113 10026 9930
f 10545 9966 9931
f 9931 10066 10545
f 10352 10040 9932
f 10620 10352 9932
f 10664 10620 9932
f 11152 9979 9933
f 12260 11152 9933
f 10128 10045 9934
f 10034 9958 9936
f 9936 9980 10034
f 9938 9949 10107
f 9938 10107 10158
f 10141 10002 9939
f 9940 9953 9983
f 10084 10020 9941
f 9941 10021 10084
f 9942 10020 10108
f 10108 10067 9942
f 10546 10115 9943
f 9943 10378 10546
f 9944 10070 10212
f 9945 9999 10048
f 10048 10017 9945
f 9945 10017 10628
f 10075 9985 9946
f 9946 9996 10075
f 9947 10082 10159
f 9947 10159 10214
f 9947 10214 10724
f 9947 10614 10673
f 10780 10614 9947
f 9947 10724 10780
f 9948 9967 10081
f 10081 10037 9948
f 9949 9952 10107
f 10088 9967 9950
f 9950 10049 10088
f 9951 10007 10012
f 9952 10101 10107
f 9994 9983 9953
f 9954 10018 10122
f 9954 10122 10544
f 9955 10057 11532
f 10164 10073 9955
f 9955 10073 10996
f 11532 10164 9955
f 9956 9973 10004
f 12549 9973 9956
f 10004 9976 9956
f 9957 9961 9972
f 10147 10023 9958
f 9958 10034 10147
f 10132 10070 9959
f 10171 10021 9960
f 9960 10051 10171
f 9961 9965 9972
f 12285 9965 9961
f 9961 11231 12285
f 9962 9975 10013
f 10153 10068 9963
f 10688 10153 9963
f 10786 10688 9963
f 9964 10137 10263
f 10095 9974 9966
f 10545 10095 9966
f 10088 10081 9967
f 9968 10035 10772
f 11839 10035 9968
f 9968 10772 11991
f 11977 11839 9968
f 12248 11977 9968
f 9968 11991 12248
f 9969 10001 10118
f 10118 10005 9969
f 10008 10007 9970
f 9971 9990 10032
f 9971 10032 10050
f 9971 10050 10821
f 9973 9983 10004
f 10095 10001 9974
f 10046 10013 9975
f 9975 10023 10135
f 10135 10046 9975
f 9976 10004 10054
f 10054 10015 9976
f 9977 10044 10047
f 9977 10047 11886
f 11886 11811 9977
f 9977 11811 12509
f 9978 9998 10038
f 9978 10038 11152
f 9979 11152 12248
f 12248 11991 9979
f 10183 10034 9980
f 9980 10080 10183
f 10031 9988 9981
f 12709 10031 9981
f 9981 11674 11747
f 9981 11747 11787
f 9981 11787 12709
f 12491 10016 9982
f 9982 10083 12491
f 9983 9994 10033
f 10033 10004 9983
f 9984 10010 10220
f 10220 10137 9984
f 10161 10055 9985
f 9985 10075 10161
f 9986 9988 10039
f 10039 10018 9986
f 9987 10094 10134
f 10134 10101 9987
f 9988 10031 12733
f 12733 10039 9988
f 12170 9991 9989
f 9989 10012 10056
f 9989 10056 12170
f 9990 10030 10032
f 10071 9998 9991
f 9991 9998 11464
f 12170 10071 9991
f 9992 10111 10269
f 10269 10154 9992
f 9993 10006 10025
f 10029 10008 9993
f 9993 10025 10029
f 10105 10033 9994
f 10961 10105 9994
f 10265 10010 9995
f 9995 10229 10265
f 11918 10075 9996
f 9996 10145 12435
f 12687 10145 9996
f 12435 11918 9996
f 9997 10000 10113
f 10821 10000 9997
f 10071 10038 9998
f 9999 10035 10061
f 10784 10035 9999
f 10076 10048 9999
f 9999 10061 10076
f 10821 10050 10000
f 10000 10050 12571
f 10160 10113 10000
f 10000 10142 10205
f 12571 10142 10000
f 10213 10160 10000
f 10000 10205 10213
f 10001 10095 10148
f 10148 10118 10001
f 10141 10082 10002
f 10028 10027 10003
f 10003 10027 12709
f 11031 10028 10003
f 11747 11031 10003
f 11787 11747 10003
f 12709 11787 10003
f 10004 10033 10054
f 10093 10006 10005
f 10098 10093 10005
f 10118 10098 10005
f 10093 10025 10006
f 10007 10008 10042
f 10042 10012 10007
f 10008 10029 10060
f 10060 10042 10008
f 10009 10063 10331
f 10331 10157 10009
f 10265 10220 10010
f 10124 10052 10011
f 10011 10052 11707
f 10011 10106 10124
f 10544 10106 10011
f 10012 10042 10056
f 10046 10019 10013
f 10173 10083 10014
f 10014 10126 10173
f 10114 10051 10015
f 10015 10054 10114
f 10136 10030 10016
f 12491 10136 10016
f 10078 10028 10017
f 10017 10028 11031
f 10017 10048 10078
f 11031 10628 10017
f 10018 10039 10512
f 10512 10122 10018
f 10019 10046 10117
f 10117 10058 10019
f 10020 10084 10108
f 10169 10084 10021
f 10171 10169 10021
f 10022 10068 10178
f 10129 10111 10022
f 10178 10129 10022
f 10203 10135 10023
f 10023 10147 10203
f 10024 10073 10167
f 12250 10073 10024
f 10167 10094 10024
f 10077 10029 10025
f 10109 10077 10025
f 10025 10093 10109
f 10113 10057 10026
f 10026 10057 11204
f 10027 10028 10092
f 10027 10092 10121
f 10027 10121 12709
f 10028 10078 10100
f 10100 10092 10028
f 10072 10060 10029
f 10029 10069 10072
f 10077 10069 10029
f 10156 10032 10030
f 10030 10136 10156
f 10031 10121 10182
f 12709 10121 10031
f 10031 10182 12733
f 10102 10050 10032
f 10156 10102 10032
f 10125 10054 10033
f 10033 10105 10125
f 11594 10147 10034
f 10034 10183 11594
f 11839 10061 10035
f 10784 10772 10035
f 10166 10116 10036
f 11508 10166 10036
f 10036 10928 11508
f 10037 10081 10194
f 10251 10141 10037
f 10037 10194 10251
f 10071 10065 10038
f 10038 10065 12248
f 12248 11152 10038
f 10039 10182 10222
f 12733 10182 10039
f 10039 10222 10512
f 10352 10112 10040
f 10041 10062 10230
f 10210 10074 10041
f 10230 10210 10041
f 10085 10056 10042
f 10042 10060 10085
f 10043 10074 10190
f 10043 10190 10229
f 10204 10047 10044
f 10044 10091 10140
f 10044 10140 10204
f 10045 10128 10155
f 10155 10146 10045
f 10045 10146 10664
f 10135 10117 10046
f 10204 10188 10047
f 10047 10188 11886
f 10048 10076 10097
f 10110 10078 10048
f 10048 10097 10110
f 10049 10059 10096
f 10096 10086 10049
f 10049 10086 10176
f 10176 10088 10049
f 10050 10102 10104
f 10050 10104 12571
f 10051 10114 10163
f 10051 10163 10171
f 10052 10124 10199
f 10199 10139 10052
f 10052 10139 11508
f 11508 10928 10052
f 10052 10928 11707
f 10090 10079 10053
f 10053 10079 10105
f 11070 10090 10053
f 10053 10105 10961
f 10125 10114 10054
f 10138 10091 10055
f 10161 10138 10055
f 10056 10085 10103
f 10056 10103 12170
f 10057 10113 10133
f 10057 10133 11532
f 10058 10117 10177
f 10177 10170 10058
f 10221 10096 10059
f 10059 10158 10221
f 10072 10061 10060
f 10060 10061 10085
f 10061 10072 10076
f 10103 10085 10061
f 10061 10089 10103
f 11839 10089 10061
f 10325 10230 10062
f 10062 10301 10325
f 10063 10130 10197
f 10063 10197 10346
f 10346 10331 10063
f 10362 10132 10064
f 10540 10362 10064
f 10065 10071 10089
f 10065 10089 11977
f 10065 11977 12248
f 10217 10127 10066
f 10066 10127 10545
f 11886 10217 10066
f 10066 11811 11886
f 10067 10108 10131
f 10068 10153 10511
f 10511 10178 10068
f 10076 10072 10069
f 10099 10076 10069
f 10069 10077 10099
f 10070 10132 10369
f 10310 10212 10070
f 10369 10310 10070
f 10103 10089 10071
f 12170 10103 10071
f 10073 10164 10192
f 10192 10167 10073
f 12250 10996 10073
f 10210 10190 10074
f 11918 10161 10075
f 10099 10097 10076
f 10150 10099 10077
f 10077 10109 10150
f 10120 10100 10078
f 10078 10110 10120
f 10079 10090 10200
f 10165 10105 10079
f 10200 10165 10079
f 10080 10175 12392
f 12392 10183 10080
f 10081 10088 10194
f 10082 10141 10208
f 10208 10159 10082
f 10083 10173 10242
f 10083 10242 11434
f 10083 11434 12491
f 10151 10108 10084
f 10169 10151 10084
f 10086 10096 11756
f 10180 10176 10086
f 11756 10180 10086
f 10087 10123 10181
f 10615 10123 10087
f 10181 10128 10087
f 10088 10176 10194
f 10089 11839 11977
f 10090 10170 10227
f 10227 10200 10090
f 10091 10138 10174
f 10174 10140 10091
f 10092 10100 10152
f 10233 10121 10092
f 10092 10152 10233
f 10093 10098 12070
f 10196 10109 10093
f 12070 10196 10093
f 10167 10134 10094
f 10095 10127 10148
f 10545 10127 10095
f 10096 10221 12301
f 12301 11756 10096
f 10097 10099 10149
f 10149 10110 10097
f 10098 10118 11649
f 11649 10270 10098
f 10098 10270 12070
f 10191 10149 10099
f 10099 10150 10191
f 10100 10120 10168
f 10168 10152 10100
f 11270 10107 10101
f 10101 10134 10252
f 10101 10252 11270
f 10156 10104 10102
f 10104 10156 10193
f 10193 10162 10104
f 10104 10162 12571
f 10165 10125 10105
f 10544 10122 10106
f 10106 10122 10873
f 10185 10124 10106
f 10873 10185 10106
f 10225 10158 10107
f 11270 10225 10107
f 10151 10131 10108
f 10264 10150 10109
f 10109 10196 10264
f 10195 10120 10110
f 10110 10149 10195
f 10111 10129 10385
f 10385 10269 10111
f 10513 10153 10112
f 10112 10153 10688
f 10112 10352 10382
f 10112 10382 10513
f 10160 10133 10113
f 10114 10125 10189
f 10189 10163 10114
f 10377 10123 10115
f 10546 10377 10115
f 10231 10119 10116
f 10116 10119 12111
f 10116 10166 10231
f 10117 10135 10177
f 10118 10148 10198
f 10118 10198 10285
f 10118 10285 11649
f 10257 10145 10119
f 10119 10145 12687
f 10119 10231 10257
f 12683 12111 10119
f 12687 12683 10119
f 10312 10168 10120
f 10120 10195 10312
f 10237 10182 10121
f 10121 10233 10237
f 10512 10187 10122
f 10122 10187 10873
f 10660 10181 10123
f 10123 10377 10660
f 10124 10185 10199
f 10125 10165 10189
f 10276 10173 10126
f 10126 10214 10276
f 10724 10214 10126
f 10780 10724 10126
f 10198 10148 10127
f 10275 10198 10127
f 10127 10217 10275
f 10181 10155 10128
f 10129 10178 10400
f 10400 10385 10129
f 10315 10197 10130
f 10130 10212 10315
f 10131 10151 10179
f 10179 10175 10131
f 10132 10362 10369
f 10133 10160 10254
f 10260 10164 10133
f 10133 10164 11532
f 10133 10254 10260
f 10134 10167 10252
f 10203 10177 10135
f 10218 10156 10136
f 11434 10218 10136
f 12491 11434 10136
f 10137 10220 10302
f 10302 10263 10137
f 10138 10161 10174
f 10293 10166 10139
f 10139 10166 11508
f 10139 10199 12150
f 10139 10271 10293
f 12150 10271 10139
f 10140 10174 10258
f 10250 10204 10140
f 10258 10250 10140
f 10251 10208 10141
f 10142 10162 10184
f 12571 10162 10142
f 10142 10184 10207
f 10207 10205 10142
f 10143 10216 10381
f 10381 10363 10143
f 10144 10154 10335
f 10338 10301 10144
f 10144 10335 10338
f 10257 10172 10145
f 10145 10172 12435
f 10146 10155 10311
f 10146 10311 10620
f 10146 10620 10664
f 10235 10203 10147
f 10147 10215 10235
f 11594 10215 10147
f 10149 10191 10195
f 10278 10191 10150
f 10150 10264 10320
f 10320 10278 10150
f 10151 10169 10186
f 10186 10179 10151
f 10152 10168 11697
f 11697 10233 10152
f 10153 10405 10411
f 10513 10405 10153
f 10153 10411 10511
f 10154 10269 10335
f 10155 10181 10305
f 10155 10305 10311
f 10218 10193 10156
f 10328 10216 10157
f 10331 10328 10157
f 10225 10221 10158
f 10159 10208 10246
f 10246 10214 10159
f 10160 10213 10240
f 10160 10240 10254
f 10223 10174 10161
f 11863 10223 10161
f 11918 11863 10161
f 10286 10184 10162
f 10162 10193 10286
f 10226 10171 10163
f 10163 10189 12324
f 10232 10226 10163
f 12324 10232 10163
f 10260 10192 10164
f 10238 10189 10165
f 10165 10200 10238
f 10293 10231 10166
f 10167 10192 10262
f 10262 10252 10167
f 10312 10282 10168
f 10168 10282 11697
f 10169 10171 10206
f 10206 10186 10169
f 10170 10177 10227
f 10226 10206 10171
f 10245 10223 10172
f 10172 10223 11863
f 10257 10245 10172
f 10172 11863 11918
f 10172 11918 12435
f 10276 10242 10173
f 10174 10223 10258
f 10175 10179 10209
f 10175 10209 10211
f 10175 10211 12392
f 10176 10180 12154
f 12081 10194 10176
f 12154 12081 10176
f 10177 10203 10227
f 10178 10396 10400
f 10511 10396 10178
f 10179 10186 10209
f 10180 10202 11199
f 11756 10202 10180
f 11199 10272 10180
f 10180 10272 12154
f 10660 10305 10181
f 10316 10222 10182
f 10182 10237 10241
f 10182 10241 10316
f 10183 10211 10228
f 12392 10211 10183
f 10228 10215 10183
f 10183 10215 11594
f 10184 10201 10207
f 12191 10201 10184
f 10184 10286 12191
f 10185 10187 10234
f 10873 10187 10185
f 10234 10199 10185
f 10186 10206 10209
f 10187 10222 10307
f 10512 10222 10187
f 10307 10234 10187
f 10188 10204 10243
f 10188 10243 11468
f 11468 11274 10188
f 10188 11274 11886
f 10189 10238 12324
f 10190 10210 10337
f 10353 10229 10190
f 10190 10337 10353
f 10278 10195 10191
f 10192 10260 10262
f 10193 10218 10286
f 11392 10251 10194
f 12081 11392 10194
f 10195 10278 10321
f 10321 10312 10195
f 10336 10264 10196
f 12070 10336 10196
f 10197 10315 10346
f 10198 10275 10285
f 10199 10234 11224
f 10199 11224 12150
f 10200 10227 10247
f 10248 10238 10200
f 10200 10247 10248
f 10219 10207 10201
f 10261 10219 10201
f 10296 10261 10201
f 12191 10296 10201
f 10224 10219 10202
f 10202 10219 10261
f 10256 10224 10202
f 12301 10256 10202
f 10202 10261 11199
f 10202 11756 12301
f 10247 10227 10203
f 10203 10235 10247
f 10259 10243 10204
f 10204 10250 10259
f 10205 10207 10244
f 10274 10213 10205
f 10205 10244 10274
f 10226 10209 10206
f 10207 10219 10224
f 10207 10224 10266
f 10266 10244 10207
f 10291 10246 10208
f 10208 10251 10291
f 10239 10211 10209
f 10209 10226 10239
f 10210 10230 10332
f 10210 10332 10337
f 10239 10228 10211
f 10212 10310 10358
f 10358 10315 10212
f 10274 10240 10213
f 10214 10246 10303
f 10303 10276 10214
f 10215 10228 10236
f 10253 10235 10215
f 10215 10236 10253
f 10216 10328 10381
f 10295 10275 10217
f 11417 10295 10217
f 11886 11417 10217
f 10218 10249 10286
f 11434 10249 10218
f 10220 10265 10334
f 10334 10302 10220
f 10221 10225 10255
f 10221 10255 10256
f 10221 10256 12301
f 10316 10307 10222
f 10223 10245 10283
f 10283 10258 10223
f 10224 10256 10266
f 10225 10252 10277
f 11270 10252 10225
f 10277 10255 10225
f 10226 10232 10239
f 10239 10236 10228
f 10353 10265 10229
f 10230 10325 10332
f 10293 10257 10231
f 10232 10236 10239
f 12324 10236 10232
f 10268 10237 10233
f 11826 10268 10233
f 10233 11697 11826
f 10234 10307 10341
f 10234 10341 10344
f 10234 10344 11224
f 10248 10247 10235
f 10253 10248 10235
f 12324 10253 10236
f 10280 10241 10237
f 10237 10268 10280
f 10238 10248 10253
f 10238 10253 12324
f 10287 10254 10240
f 10240 10274 10287
f 10241 10280 10318
f 10333 10316 10241
f 10241 10318 10333
f 10242 10276 10298
f 10242 10298 11439
f 11439 11434 10242
f 10243 10259 10273
f 10243 10273 10290
f 10243 10290 11468
f 10244 10266 10274
f 10245 10257 10288
f 10288 10283 10245
f 10246 10291 10303
f 10309 10286 10249
f 11439 10309 10249
f 10249 11434 11439
f 10250 10258 10313
f 10313 10259 10250
f 10251 10267 10306
f 11392 10267 10251
f 10306 10291 10251
f 10252 10262 10284
f 10284 10277 10252
f 10287 10260 10254
f 10279 10256 10255
f 10255 10277 10279
f 10279 10266 10256
f 10293 10288 10257
f 10258 10283 10313
f 10300 10273 10259
f 10330 10300 10259
f 10259 10313 10330
f 10284 10262 10260
f 10287 10284 10260
f 10261 10296 10324
f 10324 10308 10261
f 10261 10308 11199
f 10263 10302 10406
f 10387 10376 10263
f 10263 10376 10540
f 10406 10387 10263
f 10336 10320 10264
f 10386 10334 10265
f 10265 10353 10386
f 10299 10274 10266
f 10266 10279 10299
f 10267 10272 10297
f 12154 10272 10267
f 10267 10297 10306
f 10267 11392 12081
f 10267 12081 12154
f 10281 10280 10268
f 10304 10281 10268
f 11826 10304 10268
f 10383 10335 10269
f 10385 10383 10269
f 10270 10323 10351
f 11649 10323 10270
f 10270 10351 12070
f 10271 10289 10293
f 10342 10289 10271
f 11545 10342 10271
f 10271 11224 11545
f 12150 11224 10271
f 10308 10297 10272
f 11199 10308 10272
f 10292 10290 10273
f 10300 10292 10273
f 10299 10287 10274
f 10327 10285 10275
f 10275 10295 10327
f 10314 10298 10276
f 10276 10303 10314
f 10299 10279 10277
f 10277 10284 10299
f 10278 10320 10340
f 10340 10321 10278
f 10280 10281 10292
f 10280 10292 10318
f 10294 10292 10281
f 10304 10294 10281
f 10282 10304 11826
f 11897 10304 10282
f 10282 10312 10348
f 10282 10348 10359
f 10282 10359 11897
f 11826 11697 10282
f 10283 10288 10322
f 10322 10313 10283
f 10284 10287 10299
f 10285 10327 12365
f 12365 11649 10285
f 10286 10309 12191
f 10293 10289 10288
f 10288 10289 12779
f 12779 10322 10288
f 10289 10342 12779
f 10290 10292 10294
f 10290 10294 10329
f 10290 10329 12361
f 12361 11468 10290
f 10319 10303 10291
f 10291 10306 10326
f 10326 10319 10291
f 10292 10300 10343
f 10343 10318 10292
f 10294 10304 10329
f 10349 10327 10295
f 10991 10349 10295
f 11417 10991 10295
f 10296 10317 10324
f 12191 10317 10296
f 10326 10306 10297
f 10297 10308 10324
f 10297 10324 10326
f 10990 10309 10298
f 10298 10309 11439
f 10298 10314 10990
f 10300 10330 10345
f 10345 10343 10300
f 10354 10325 10301
f 10301 10338 10354
f 10302 10334 10398
f 10302 10398 10406
f 10319 10314 10303
f 11897 10329 10304
f 10370 10311 10305
f 10305 10360 10409
f 10660 10360 10305
f 10384 10370 10305
f 10409 10384 10305
f 10307 10316 10341
f 10990 10317 10309
f 10309 10317 12191
f 10379 10358 10310
f 10310 10369 10379
f 10311 10370 10620
f 10312 10321 10348
f 10313 10322 10330
f 10314 10319 10990
f 10372 10346 10315
f 10315 10358 10372
f 10316 10333 10341
f 11486 10324 10317
f 10317 10990 11486
f 10343 10333 10318
f 10319 10326 11486
f 11486 10990 10319
f 10320 10336 10355
f 10350 10340 10320
f 10355 10350 10320
f 10321 10340 10348
f 12779 10330 10322
f 10323 10339 10351
f 12365 10339 10323
f 10323 11649 12365
f 11486 10326 10324
f 10368 10332 10325
f 10325 10354 10368
f 10356 10339 10327
f 10327 10339 12365
f 10327 10349 10356
f 10328 10331 10374
f 10328 10374 10381
f 10359 10357 10329
f 10329 10357 12361
f 11897 10359 10329
f 10330 10342 10345
f 12779 10342 10330
f 10331 10346 10374
f 10375 10337 10332
f 10332 10368 10375
f 10344 10341 10333
f 10333 10343 10347
f 10347 10344 10333
f 10334 10386 10422
f 10422 10398 10334
f 10393 10338 10335
f 10335 10383 10393
f 10336 10351 10365
f 12070 10351 10336
f 10365 10355 10336
f 10419 10353 10337
f 10337 10375 10419
f 10393 10354 10338
f 10364 10351 10339
f 10339 10356 10364
f 10361 10348 10340
f 10340 10350 10361
f 10347 10345 10342
f 11545 10347 10342
f 10343 10345 10347
f 10344 10347 11545
f 11545 11224 10344
f 10346 10372 10399
f 10394 10374 10346
f 10399 10394 10346
f 10371 10359 10348
f 10348 10361 10371
f 10366 10356 10349
f 10349 10357 10366
f 12361 10357 10349
f 10349 10991 11468
f 10349 11468 12361
f 10350 10355 10367
f 10367 10361 10350
f 10351 10364 10365
f 10401 10382 10352
f 10621 10401 10352
f 10352 10620 10621
f 10419 10386 10353
f 10388 10368 10354
f 10404 10388 10354
f 10354 10393 10404
f 10355 10365 10367
f 10366 10364 10356
f 10357 10359 10371
f 10371 10366 10357
f 10395 10372 10358
f 10358 10379 10418
f 10418 10395 10358
f 10360 10377 10432
f 10660 10377 10360
f 10432 10409 10360
f 10361 10367 10371
f 10380 10369 10362
f 10362 10376 10380
f 10540 10376 10362
f 10402 10378 10363
f 10363 10381 10402
f 10373 10365 10364
f 10364 10366 10373
f 10373 10367 10365
f 10366 10371 10373
f 10373 10371 10367
f 10388 10375 10368
f 10391 10379 10369
f 10369 10380 10391
f 10370 10384 10435
f 10438 10401 10370
f 10370 10401 10621
f 10370 10435 10438
f 10621 10620 10370
f 10372 10395 10399
f 10389 10381 10374
f 10394 10389 10374
f 10375 10388 10408
f 10375 10408 10883
f 10883 10419 10375
f 10390 10380 10376
f 10376 10387 10390
f 10451 10432 10377
f 10546 10451 10377
f 10378 10402 10433
f 10378 10433 10455
f 10378 10455 10546
f 10379 10391 10397
f 10379 10397 10418
f 10380 10390 10392
f 10392 10391 10380
f 10381 10389 10402
f 10382 10401 10416
f 10416 10405 10382
f 10382 10405 10513
f 10383 10385 10413
f 10413 10393 10383
f 10384 10409 10435
f 10385 10400 10403
f 10385 10403 10413
f 10386 10419 10424
f 10424 10422 10386
f 10407 10390 10387
f 10387 10406 10410
f 10410 10407 10387
f 10388 10404 10408
f 10389 10394 10415
f 10415 10402 10389
f 10412 10392 10390
f 10390 10407 10412
f 10391 10392 10397
f 10420 10397 10392
f 10392 10412 10420
f 10414 10404 10393
f 10393 10413 10414
f 10394 10399 10426
f 10421 10415 10394
f 10426 10421 10394
f 10426 10399 10395
f 10395 10418 10426
f 10431 10400 10396
f 10396 10411 10441
f 10511 10411 10396
f 10396 10430 10431
f 10460 10430 10396
f 10396 10441 10460
f 10420 10418 10397
f 10423 10406 10398
f 10398 10422 10428
f 10428 10423 10398
f 10425 10403 10400
f 10431 10425 10400
f 10434 10416 10401
f 10438 10434 10401
f 10402 10415 10427
f 10402 10427 10433
f 10425 10413 10403
f 10417 10408 10404
f 10404 10414 10417
f 10429 10411 10405
f 10405 10416 10429
f 10423 10410 10406
f 10407 10410 10436
f 10436 10412 10407
f 10408 10417 10883
f 10409 10432 10439
f 10439 10435 10409
f 10410 10423 10436
f 10411 10429 10441
f 10625 10420 10412
f 10412 10436 10625
f 10425 10414 10413
f 10443 10417 10414
f 10414 10425 10443
f 10415 10421 10427
f 10453 10429 10416
f 10416 10434 10453
f 10457 10442 10417
f 10417 10442 10883
f 10417 10443 10457
f 10418 10420 10437
f 10437 10426 10418
f 10445 10424 10419
f 10419 10442 10445
f 10883 10442 10419
f 10448 10437 10420
f 10625 10448 10420
f 10421 10426 10450
f 10450 10427 10421
f 10422 10424 10444
f 10444 10428 10422
f 10423 10428 10446
f 10446 10436 10423
f 10454 10444 10424
f 10424 10445 10454
f 10425 10431 10440
f 10425 10440 10443
f 10426 10437 10450
f 10452 10433 10427
f 10427 10450 10456
f 10456 10452 10427
f 10428 10444 10446
f 10472 10441 10429
f 10429 10453 10472
f 10449 10431 10430
f 10480 10449 10430
f 10430 10460 10480
f 10449 10440 10431
f 10451 10439 10432
f 10433 10452 10455
f 10434 10438 10453
f 10458 10438 10435
f 10435 10439 10465
f 10465 10458 10435
f 10436 10446 10478
f 10478 10471 10436
f 10436 10471 10625
f 10437 10448 10462
f 10462 10450 10437
f 10458 10453 10438
f 10439 10451 10467
f 10467 10465 10439
f 10457 10443 10440
f 10440 10449 10464
f 10464 10457 10440
f 10441 10459 10460
f 10472 10459 10441
f 10461 10445 10442
f 10442 10457 10463
f 10463 10461 10442
f 10478 10446 10444
f 10444 10454 10478
f 10461 10454 10445
f 10470 10462 10448
f 10625 10470 10448
f 10473 10464 10449
f 10480 10473 10449
f 10462 10456 10450
f 10451 10455 10467
f 10546 10455 10451
f 10466 10455 10452
f 10452 10456 10468
f 10468 10466 10452
f 10453 10458 10476
f 10476 10472 10453
f 10454 10461 10481
f 10481 10478 10454
f 10455 10466 10483
f 10483 10467 10455
f 10456 10462 10468
f 10469 10463 10457
f 10457 10464 10469
f 10458 10465 10477
f 10477 10476 10458
f 10484 10460 10459
f 10459 10472 10484
f 10484 10480 10460
f 10461 10463 10475
f 10461 10475 10481
f 10482 10468 10462
f 10462 10470 10482
f 10463 10469 10475
f 10473 10469 10464
f 10465 10467 10474
f 10465 10474 10477
f 10466 10468 10479
f 10466 10479 10492
f 10492 10483 10466
f 10486 10474 10467
f 10467 10483 10486
f 10482 10479 10468
f 10469 10473 10475
f 10470 10471 10487
f 10625 10471 10470
f 10487 10482 10470
f 10471 10478 10493
f 10493 10487 10471
f 10472 10476 10488
f 10490 10484 10472
f 10472 10488 10490
f 10489 10475 10473
f 10473 10480 10489
f 10496 10477 10474
f 10474 10486 10496
f 10491 10481 10475
f 10475 10489 10491
f 10476 10477 10495
f 10495 10488 10476
f 10496 10495 10477
f 10478 10481 10485
f 10478 10485 10493
f 10479 10482 10497
f 10504 10492 10479
f 10479 10497 10504
f 10480 10484 10489
f 10491 10485 10481
f 10482 10487 10497
f 10492 10486 10483
f 10494 10489 10484
f 10484 10490 10494
f 10485 10491 10499
f 10499 10493 10485
f 10486 10492 10502
f 10503 10496 10486
f 10486 10502 10503
f 10487 10493 10498
f 10498 10497 10487
f 10500 10490 10488
f 10488 10495 10500
f 10501 10491 10489
f 10489 10494 10501
f 10500 10494 10490
f 10506 10499 10491
f 10491 10501 10506
f 10504 10502 10492
f 10499 10498 10493
f 10494 10500 10501
f 10495 10496 10503
f 10505 10500 10495
f 10495 10503 10505
f 10497 10498 10504
f 10498 10499 10507
f 10507 10504 10498
f 10499 10506 10507
f 10506 10501 10500
f 10500 10505 10506
f 10507 10503 10502
f 10502 10504 10507
f 10507 10505 10503
f 10507 10506 10505
f 10522 11115 12201
f 12261 11673 10523
f 12449 10919 10524
f 10527 10578 12746
f 12746 12608 10527
f 10748 10626 10529
f 10529 10626 11120
f 10818 10748 10529
f 12546 12533 10537
f 10799 10576 10558
f 11913 11246 10559
f 10559 11887 11913
f 10568 10626 10748
f 11540 10584 10569
f 10574 11418 11599
f 11371 10930 10575
f 10581 12370 12718
f 10582 11504 12467
f 11856 11596 10585
f 11447 10914 10588
f 12075 11458 10589
f 10590 11149 12270
f 10592 10644 10725
f 10725 10659 10592
f 10595 10997 11761
f 11108 10619 10596
f 10596 10619 11609
f 11247 10865 10599
f 10600 11173 11175
f 10602 11683 12493
f 12493 12257 10602
f 11445 10984 10615
f 10628 11031 11674
f 10630 10817 11266
f 10637 10912 11928
f 10640 10658 10713
f 10640 10713 10714
f 12109 10777 10642
f 10642 10864 11421
f 11071 10679 10648
f 11407 10916 10655
f 11975 10881 10657
f 11753 10702 10666
f 12048 11714 10672
f 11071 10823 10679
f 10679 10823 11644
f 10679 11644 12202
f 10684 11008 11071
f 10690 11377 11454
f 10774 10737 10696
f 10710 11343 11490
f 10711 10922 11397
f 11397 11123 10711
f 12106 10714 10713
f 10717 10806 12526
f 10722 11196 12276
f 10731 10760 11614
f 11614 11363 10731
f 12358 10762 10742
f 11978 11614 10760
f 12358 12351 10762
f 10768 11098 11358
f 12189 11098 10768
f 10795 11772 11983
f 12314 11772 10795
f 12631 10960 10797
f 11387 11069 10800
f 12296 10964 10822
f 11071 11008 10823
f 10823 11008 11353
f 10823 11353 11644
f 12160 10902 10833
f 11267 11027 10859
f 11834 10931 10875
f 12207 11421 10893
f 12160 12083 10902
f 12229 11501 10910
f 10915 11421 12207
f 10922 11212 11498
f 11498 11397 10922
f 10926 11456 12120
f 11090 11065 10938
f 10939 11960 12033
f 11771 10970 10944
f 10952 10960 12631
f 10957 10966 12398
f 12398 11133 10957
f 11563 11522 10958
f 10966 11118 12398
f 11963 11419 10976
f 11417 11274 10991
f 10991 11274 11468
f 11324 11240 10994
f 12520 11761 10997
f 11016 11239 11290
f 11793 11319 11017
f 11019 11040 11791
f 11747 11674 11031
f 11047 11443 11492
f 11053 11151 11617
f 11470 11147 11056
f 11066 11191 12014
f 11319 11237 11078
f 11079 11526 12369
f 11087 11349 12483
f 11446 11344 11091
f 11091 11344 11788
f 11855 11446 11091
f 12584 12511 11107
f 12398 12149 11133
f 11136 11243 12539
f 11171 11985 12206
f 12266 11760 11179
f 11226 11338 12516
f 11589 11267 11246
f 11913 11589 11246
f 11256 11272 12614
f 12051 11973 11259
f 11272 12181 12614
f 11274 11417 11886
f 11351 11606 12617
f 11365 12662 12771
f 11987 11454 11377
f 11483 11387 11383
f 12090 11954 11390
f 12337 11523 11396
f 11397 11498 12626
f 11405 11531 11945
f 11405 11813 12490
f 11653 11651 11422
f 12702 12099 11443
f 12075 11654 11458
f 11512 11560 12693
f 11919 11752 11517
f 12459 11705 11522
f 11621 11544 11527
f 11546 11730 12785
f 12641 12403 11552
f 12671 12470 11573
f 11581 11577 11576
f 11658 12236 12315
f 12712 12235 11704
f 11705 11735 12060
f 12459 11735 11705
f 11715 12308 12404
f 11728 12137 12458
f 11754 11805 12215
f 12359 12238 11770
f 12313 11893 11775
f 12599 11899 11803
f 12771 12262 11850
f 12603 12142 11853
f 12605 12603 11853
f 12269 12182 11880
f 12745 12720 12016
f 12021 12057 12409
f 12042 12603 12605
f 12058 12100 12681
f 12222 12226 12278
f 12551 12649 12690
f 12608 12746 12797
