v 1.917038 0.337 0.882173
v 1.917038 0.337 1.082173
v 1.92071304802802 0.285550260473573 0.882173
v 1.9201378915046 0.288969881612967 1.082173
v 1.920268 0.386189 0.882173
v 1.92025990485762 0.386065720755939 1.082173
v 1.929413 0.241926 0.882173
v 1.929413 0.241926 1.082173
v 1.929705 0.433014 0.882173
v 1.929705 0.433014 1.082173
v 1.944367 0.198563 0.882173
v 1.944367 0.198563 1.082173
v 1.94423320444677 0.474964178448051 0.882173
v 1.944976 0.477109 1.082173
v 1.964705 0.158407 0.882173
v 1.964705 0.158407 1.082173
v 1.965705 0.518111 0.882173
v 1.965705 0.518111 1.082173
v 1.98921011052096 0.123042591684345 0.882173
v 1.990085 0.12178 1.082173
v 1.991518 0.555655 0.882173
v 1.991518 0.555655 1.082173
v 2.018039 0.34 0.882173
v 2.018039 0.34 1.082173
v 2.02146101566782 0.0879221796786876 0.882173
v 2.020164 0.089 1.082173
v 2.020375 0.302973 0.882173
v 2.020375 0.302973 1.082173
v 2.020387 0.376226 0.882173
v 2.020387 0.376226 1.082173
v 2.022038 0.589375 0.882173
v 2.022038 0.589375 1.082173
v 2.02702448229223 0.269099230189369 0.882173
v 2.02791978587192 0.266026908531118 1.082173
v 2.027242 0.410722 0.882173
v 2.027242 0.410722 1.082173
v 2.03832 0.443219 0.882173
v 2.03832 0.443219 1.082173
v 2.038382 0.235406 0.882173
v 2.038382 0.235406 1.082173
v 2.053335 0.473444 0.882173
v 2.053335 0.473444 1.082173
v 2.053594 0.205296 0.882173
v 2.053594 0.205296 1.082173
v 2.05354919278011 0.0615196238785463 0.882173
v 2.054596 0.060387 1.082173
v 2.05478979112862 0.617125929490789 0.882173
v 2.056893 0.618908 1.082173
v 2.06996547602985 0.498107313096554 0.882173
v 2.07196514219916 0.501279673503592 1.082173
v 2.072639 0.177922 0.882173
v 2.072639 0.177922 1.082173
v 2.09387681095668 0.0358745846613773 0.882612016149789
v 2.093039 0.036259 1.082173
v 2.09587423627508 0.52759267181375 0.882173
v 2.09684043343422 0.528430709381562 1.08175350365349
v 2.095289 0.1535 0.882173
v 2.095289 0.1535 1.082173
v 2.095705 0.643889 0.882173
v 2.09502346806327 0.643450338005993 1.08178771886166
v 2.11757356741546 0.54679978714319 0.882173
v 2.119158 0.547788 1.082173
v 2.121313 0.132244 0.882173
v 2.121313 0.132244 1.082173
v 2.13294705050601 0.0179478683220531 0.882173
v 2.13431353346636 0.0173208808068703 1.082173
v 2.13879908635226 0.664179291784612 0.882173
v 2.138101 0.663953 1.082173
v 2.147076 0.566222 0.882173
v 2.14586227712119 0.565420589886523 1.082173
v 2.150483 0.11437 0.882173
v 2.15189996647757 0.113739569812269 1.082173
v 2.177507 0.581031 0.882173
v 2.177507 0.581031 1.082173
v 2.18058 0.002741 0.882173
v 2.18058 0.002741 1.082173
v 2.18308830897566 0.0999380333260109 0.882173
v 2.18716118290126 0.0985607199532478 1.082173
v 2.183705 0.678736 0.882173
v 2.18641720644904 0.679247611344913 1.08164831923223
v 2.210168 0.591945 0.882173
v 2.210168 0.591945 1.082173
v 2.217344 0.08963 0.882173
v 2.21663566156372 0.0898431492896204 1.08163829708266
v 2.228992 -0.006011 0.882173
v 2.228992 -0.006011 1.082173
v 2.232143 0.687873 0.882173
v 2.232143 0.687873 1.082173
v 2.244773 0.598691 0.882173
v 2.24732675004612 0.598853593306581 1.08190158295763
v 2.254577 0.083193 0.882173
v 2.254577 0.083193 1.082173
v 2.27963880120443 -0.00897656680706125 0.882173
v 2.27619123359664 -0.00877469834114385 1.082173
v 2.281039 0.601 0.882173
v 2.281039 0.601 1.082173
v 2.27937187993399 0.690774695762998 0.882173
v 2.27929806791987 0.690770160825712 1.082173
v 2.294039 0.081 0.882173
v 2.300613 0.0811225 1.082173
v 2.45246845162051 0.0144745090758422 0.963681380477537
v 2.311038 0.248 0.882173
v 2.311038 0.248 1.082173
v 2.311038 0.336 0.882173
v 2.311038 0.336 1.082173
v 2.311984 0.6902735 0.882173
v 2.311984 0.6902735 1.082173
v 2.3136635 0.0816015 0.882173
v 2.31184141520988 -0.00827514662933948 1.082173
v 2.322103 0.599093 0.882173
v 2.322103 0.599093 1.082173
v 2.325964 -0.00763 0.882173
v 2.3265265 0.0825335 1.082173
v 2.33971 0.688266 0.882173
v 2.33971 0.688266 1.082173
v 2.34234195649847 0.0842742505928947 0.882173
v 2.347945 -0.005875 1.082173
v 2.352944 0.595063 0.882173
v 2.352944 0.595063 1.082173
v 2.357816 0.685963 1.082173
v 2.3586955 -0.00462249999999999 0.882173
v 2.36103402649958 0.0871645855378472 1.082173
v 2.36689 0.684409 0.882173
v 2.369446 -0.00337 1.082173
v 2.36929487257222 0.0886914399849252 0.882173
v 2.38646469543365 0.588487565543631 0.882602444782842
v 2.38439309270091 0.589402694052757 1.082173
v 2.38518849999999 0.680865000000001 1.082173
v 2.3885175 0.0928985 1.082173
v 2.394413 0.678875 0.882173
v 2.40047316346284 0.00183957496710015 0.882173
v 2.4010695 0.00195600000000003 1.082173
v 2.36148420927373 0.248 0.951091840494354
v 2.41098488892219 0.098700849576536 0.882173
v 2.41670845287576 0.672978146030885 0.882444140809579
v 2.41632318919808 0.10019883971194 1.082173
v 2.4233435 0.6709975 1.082173
v 2.424765 0.577918 0.882173
v 2.424765 0.577918 1.082173
v 2.43152362544286 0.00871562415748391 0.882496935790196
v 2.442039 0.108 0.882173
v 2.442039 0.108 1.082173
v 2.442039 0.248 0.882173
v 2.442039 0.248 1.082173
v 2.44555894067521 0.0125630231498641 1.082173
v 2.44372 0.664542 0.882173
v 2.454179 0.661047 1.082173
v 2.455363 0.5669785 0.882173
v 2.45286956713009 0.567945758869297 1.082173
v 2.46384 0.0180395000000001 0.882173
v 2.4850805 0.0251690000000002 1.082173
v 2.483359111048 0.55530262146675 0.882354021984391
v 2.48324325755608 0.555352865802351 1.082173
v 2.4883745 0.6482575 0.882173
v 2.4883745 0.6482575 1.082173
v 1.9435680554457 0.473043561251921 1.01444985186651
v 2.5067 0.0332290000000001 0.882173
v 2.517621 0.037495 1.082173
v 2.526039 0.534 0.882173
v 2.526039 0.534 1.082173
v 2.526039 0.633 0.882173
v 2.526039 0.633 1.082173
v 2.540039 0.047 0.882173
v 2.540039 0.047 1.082173
v 2.540039 0.336 0.882173
v 2.540039 0.336 1.082173
v 2.3825011066604 0.248 0.959754486392984
v 2.36018782836429 0.0873009536817685 1.01785752182901
v 1.95306659898666 0.181386232524913 0.988412317194844
v 1.98151059825607 0.316036862055931 0.882173
v 2.49423446636594 0.0284152633446162 1.01978884520677
v 2.062669 0.4872865 1.06010564803575
v 1.97625317868758 0.14174131281363 0.965123839316785
v 2.36591062461053 0.0880659285052428 0.916899939524543
v 1.94461422675209 0.198074867565299 0.987274717918486
v 2.37460223954057 0.0898955945317376 0.991599870721267
v 1.9532337487006 0.372844848241567 1.082173
v 2.43268624038124 0.0311171267528587 1.082173
v 2.50360609430863 0.0997195413585105 1.082173
v 2.02015241712714 0.306501071932129 0.9843513550409
v 2.29858414648185 -0.00873136798187779 1.01958597731229
v 2.03921151546382 0.146654830036752 0.882173
v 2.036879 0.147148 1.082173
v 2.49534915398108 0.645432139697424 0.977077664980711
v 2.4990031339109 0.644103929442871 1.05253224741891
v 2.01640358524143 0.0930980882272004 0.979190495884059
v 2.01697490438757 0.0924754664109699 1.03953065543
v 2.50354587246626 0.641941436623571 1.01701798692303
v 2.46219343838746 0.0175185261564567 1.06111653782616
v 2.46996559070169 0.0199776434059452 0.946065150152431
v 1.95471664854879 0.178128321706896 0.943219394201452
v 2.05389250612794 0.0609716035711339 0.917800133015636
v 2.0519945479998 0.0625488072165956 0.979229146098468
v 2.05270805666433 0.0619558813505875 1.04535598493141
v 2.03071126844024 0.0802352174755848 0.971912282262211
v 2.0254226701323 0.0846300438982455 1.03219676987027
v 2.39080120914585 0.679654171098678 0.980020129568287
v 2.22921882360763 0.0290527326423792 0.882173
v 2.28749041237906 0.0307926878514614 0.882173
v 2.08902118154663 0.582763107849941 1.082173
v 2.2977030188196 0.600611784725813 0.981464235515537
v 2.09244000641251 0.582020012525554 0.882173
v 2.33095916320916 0.689012428612971 0.91928519334342
v 2.3353526518568 0.688637672950656 0.956275218124283
v 2.36603284797 0.684555794605976 0.986223523221967
v 2.35737674142815 0.0304858520592192 0.882173
v 2.02030244031434 0.374921375139401 0.979949081441205
v 2.36152634229915 -0.00429268929541092 0.914084531611405
v 2.37059824478032 -0.00319123156996311 1.01868043209747
v 2.40442872511663 0.00252175752118515 1.04654586698436
v 2.32844570932187 -0.00743185615486672 0.91677462821312
v 2.04056150151169 0.605070153353743 0.995586552206417
v 2.43093777203458 0.00857738466469383 0.915323826550129
v 2.42113703221769 0.00626477662638399 0.963527233862879
v 2.42613928069616 0.00744512017769389 1.02461871233823
v 2.09249653671498 0.524260143709471 0.918588751674106
v 2.09244000641251 0.524613969574671 0.992882810755603
v 2.09413441689476 0.5260836278385 1.04424450567494
v 2.39734160164261 0.248 0.957732145180072
v 2.02689799504866 0.40899088478464 0.941369841063526
v 2.027242 0.410722 1.02472290891945
v 2.02761965969462 0.411829854043709 1.05924021903455
v 2.04048823561268 0.447583630129425 0.914213315654043
v 2.03252981223823 0.426233647797947 1.04380157238902
v 2.03378780201361 0.429923925260549 0.980939045149537
v 2.02686041658212 0.408801780950679 0.984432696886619
v 2.50096336496115 0.0981672422474449 0.882173
v 2.50073548717498 0.13073073025415 0.882173
v 2.5018964173475 0.171445768905255 0.882173
v 2.540039 0.093320313785296 0.985502347945254
v 2.540039 0.0978673170777162 1.01956370483667
v 2.540039 0.139753422994485 1.01935312942556
v 2.540039 0.0974062522561996 1.0510656842828
v 2.540039 0.205727884712694 0.952833522547148
v 2.540039 0.208616283716072 1.01935312942556
v 2.540039 0.279603922042358 0.914982226828342
v 2.540039 0.273986382071439 0.951349548736251
v 2.540039 0.277479144437659 1.01935312942556
v 2.540039 0.310786694635165 0.90102601971498
v 2.23407136001996 0.651554722121583 1.082173
v 1.91694360451501 0.335562470739579 0.917800133015636
v 1.91733522884393 0.332394697994802 0.943607790631587
v 1.91715296537083 0.338750783785062 0.977070905203285
v 1.91934118400707 0.372074711493472 0.978559154193816
v 2.39506826297834 0.0944661391780666 0.931052956467564
v 1.95396314504973 0.494885589383434 1.03073026601276
v 2.43162628140825 0.668524984309642 0.999152868024083
v 2.0397743558081 0.446146599353973 0.970206410694995
v 2.11591945152995 0.653358780504651 0.918323838467187
v 2.43538232888917 0.667328132568349 1.05567274753057
v 2.45220235996315 0.014400895984831 0.939634192129045
v 2.38827873993643 0.680198343002493 0.926250482497504
v 2.4281581728818 0.0551711552102439 0.882173
v 2.442039 0.131047568442309 1.03218200308657
v 2.38323823648967 0.681285730054264 1.04684278247999
v 2.29016101572568 0.651167899136413 0.882173
v 2.21352562304634 0.0907790049014511 0.91894935385772
v 2.21556784013129 0.0901644722167773 0.972407699229614
v 2.18497629644234 0.0993699105661505 0.91930645161975
v 2.07574525999929 0.631042090153618 0.934467349120304
v 2.18203459644913 0.10033220927766 1.04406223799441
v 1.96319873600756 0.313109468249857 1.082173
v 2.07391748241119 0.0482602479874813 1.02958003154205
v 2.07000495355627 0.0507158704990312 0.933709311717662
v 2.36110388205539 0.336 0.919880645155038
v 2.39372069192834 0.336 0.94531257632575
v 2.35889652497891 0.336 0.983134003699335
v 1.95348541312194 0.180559312453308 1.0346762523638
v 2.36194930302073 0.336 1.04798690632486
v 2.39564137037935 0.336 1.04343799810773
v 2.442039 0.199003272529847 1.01539675014611
v 2.42943906716849 0.336 0.981058546806204
v 2.46295365524162 0.336 1.01107599231262
v 2.43268624038124 0.336 1.04654586698436
v 2.11295190492683 0.026955235896589 1.032173
v 2.10961674741237 0.0286525819479367 0.937797117148601
v 1.9892657428442 0.432673604134478 0.882173
v 1.91895203603549 0.307343679046505 0.948277820784005
v 1.99130170062637 0.236554001598871 1.082173
v 1.91706197511977 0.336628526405178 1.04642543953253
v 1.91711930366172 0.335740270589522 1.0094426487672
v 2.48636262019062 0.336 1.04450392863632
v 2.36545236285241 0.0629893903797697 0.882173
v 2.40085410934067 0.00191394846863048 0.952881883425898
v 2.43420634547319 0.00942237743357622 0.983666473439959
v 1.97752530145104 0.139905456215626 0.915128241849175
v 1.93818322514168 0.457494868156784 1.02798046193601
v 1.95686131612401 0.173893821207809 0.967777467247906
v 2.442039 0.135252275761123 1.05531304962597
v 2.09244000641251 0.642343834622619 0.917800133015636
v 2.09244000641251 0.642343834622619 0.974190723460937
v 2.09244000641251 0.642343834622619 1.04654586698436
v 2.11267670753021 0.651920897817862 0.970569070737361
v 2.11578612331166 0.653392435657258 1.0414513189871
v 1.99030792291504 0.442237845086036 1.082173
v 2.47272554642387 0.0210202618050328 1.02454912121053
v 2.38449809021071 0.681013942000182 1.00796446441962
v 1.96255849665737 0.26806854624084 0.882173
v 2.3103745 0.644633 0.882173
v 2.02320923166316 0.159639045960153 0.882173
v 2.01722210144203 0.162597083926639 1.082173
v 2.38794455402189 0.58811498649656 0.924407392610354
v 2.00409499064437 0.4833931053644 0.882173
v 1.99937779515497 0.482592370442074 1.082173
v 2.03309325574902 0.427886493417213 0.930724089528464
v 2.33352907499438 0.688793220354932 1.05293422512477
v 2.36443014709406 0.684830270819466 0.918442115502234
v 2.35821504287671 0.685894660499183 1.03712133258936
v 2.27582044064201 0.0820124499688833 0.933086640660326
v 1.92471510990642 0.265482679597589 0.945118526204257
v 1.92490123045101 0.264549413397623 0.980744364304711
v 1.92528016356846 0.262649325090162 1.01599294542896
v 2.17652977342292 0.628223259396464 0.882173
v 1.92045065640253 0.286865973554872 0.946587061283993
v 2.1763743637065 0.630741463726909 1.082173
v 1.92005850923967 0.290199840654079 0.978948846523782
v 1.92081483940168 0.285039846920348 1.01212053239352
v 2.49097099734619 0.259520662529667 1.082173
v 2.04580691942557 0.542539688674219 0.882173
v 2.04612237737452 0.543677383605586 1.082173
v 1.9798481351016 0.257473865045075 1.082173
v 1.96684980603623 0.341059399390031 0.882173
v 1.99173438524827 0.214430451778485 0.882173
v 1.9913745 0.2169845 1.082173
v 2.2285385 0.687193072742475 0.917800133015636
v 2.22831935036718 0.687151733913558 0.949563346713765
v 2.23074815143129 0.687609885681236 0.984028283628026
v 2.23107459623575 0.687671463908626 1.0143321577151
v 2.44047350642831 0.336 0.915432484528441
v 2.45906575662666 0.336 0.943605006629692
v 2.50567588268164 0.336 0.918256206251664
v 2.49981071361369 0.336 0.982124130723235
v 2.00937210409198 0.182693430352816 0.882173
v 2.0084061365643 0.182660562116097 1.082173
v 2.540039 0.336 0.954980262441192
v 2.540039 0.336 0.978089123303907
v 2.540039 0.336 1.00968544331011
v 2.13492124177942 0.558196324341351 0.954607851280414
v 2.540039 0.336 1.04246199028827
v 2.540039 0.336 0.910729397776144
v 2.35889368153693 0.306588565426875 0.882173
v 2.02081921085209 0.300710102605912 1.03609520399691
v 2.36161968691406 0.307888664146403 1.082173
v 2.02026157937887 0.304770784819603 0.932173
v 2.42649926342974 0.103195410623372 1.02791212433619
v 2.02012089354596 0.372120389947125 1.0305224846458
v 2.02030805208029 0.375828715180397 0.932173
v 2.50073548717498 0.582020012525554 1.082173
v 1.964705 0.158407 1.03389646082461
v 2.49855846403786 0.584947364224381 0.882173
v 2.23059113454355 0.0270930276104207 1.082173
v 2.01827199537549 0.33630688366078 1.03087876598976
v 2.3650834491452 0.65057173741482 1.082173
v 2.09523682068776 0.035250567277582 1.03637483564175
v 2.18414360996457 0.00209676480191082 1.03542433075421
v 1.96413922191265 0.159524090415755 0.935586122006683
v 2.018039 0.34 0.932173
v 2.093039 0.0362590000000001 0.932173
v 2.09244000641251 0.0999799874744456 0.882173
v 2.4314920402199 0.575614823757834 0.982531722350874
v 2.42803151446686 0.576799624270285 1.0360074934387
v 1.991648 0.460164 0.882173
v 1.99140859776307 0.465780364281276 1.082173
v 2.06486612676564 0.125856800313663 0.882173
v 2.0577265 0.12125 1.082173
v 2.41215337533646 0.582020012525554 0.917800133015636
v 2.40522699128664 0.583721387819625 0.984430395881816
v 2.24840159926175 0.0123538114114411 0.882173
v 2.4782211660253 0.0719569312941111 0.882173
v 2.34062821517693 0.596504731367088 0.930947386956827
v 2.14301537286338 0.066424265315477 0.882173
v 2.14381690334656 0.0652738025715714 1.082173
v 2.37708123676001 0.590850007548994 1.04654586698436
v 2.47138724358749 0.208421424098016 0.882173
v 2.46669693675801 0.203412388557825 1.082173
v 2.34396066124535 0.0844742935845372 0.913316510679239
v 2.14065212172871 0.614394093934825 0.882173
v 2.32074232493169 0.0820122766770824 0.907650931332304
v 2.13838379698952 0.616933931834591 1.082173
v 2.3795530377927 0.0408606823739064 1.082173
v 2.32273287781563 0.0821916492887957 0.968521992763896
v 2.32644067023842 0.082525765712395 1.02002049355891
v 2.40913273755804 0.674716254196781 1.04712432704815
v 2.25643086282421 -0.00761765192825381 0.944838702039456
v 2.25820780172856 -0.00772169859867719 0.982173
v 2.25820780172856 -0.00772169859867719 1.01023940930914
v 2.22756265247174 -0.00575260023202277 1.04888088712283
v 2.25669336787579 -0.00763302261799374 1.04525137598944
v 2.181575 0.0514175 0.882173
v 2.181575 0.0514175 1.082173
v 2.03976667377571 0.446131135522538 0.944005302969214
v 2.4060271944611 0.050328424788268 0.882173
v 2.4037979219119 0.273618258333966 0.882173
v 2.40352088302134 0.282524734468137 1.082173
v 2.1170701507841 0.0789131875605341 0.882173
v 2.11887241195531 0.08086944013667 1.082173
v 2.30762413773759 0.600100022981261 1.0025697231028
v 2.36269796128183 0.59349173931102 0.92577959572856
v 2.352944 0.595063 1.04654586698436
v 2.36859627899331 0.592298081708817 0.991504135046213
v 2.23190655714551 0.650137922562618 0.882173
v 2.36535644633831 0.0879634995830763 1.04929231838075
v 2.03918772282774 0.444965714783113 1.04597488552552
v 2.03914756796202 0.444884883559906 0.996132567597763
v 2.0543707272334 0.474980003238517 0.915221684398217
v 1.95651042237252 0.499924108597516 0.971245747012968
v 1.9429618712471 0.202637535115141 0.909708912440384
v 1.94575196100183 0.195828488544135 0.935006750704066
v 1.92988331244981 0.240562207117757 0.95512975485607
v 1.93015772163245 0.239766486548876 0.983639369468892
v 1.93744755644316 0.218627720540015 1.02595738261894
v 1.92927019431261 0.242642072056914 0.921713101004709
v 2.31604758828911 0.599514161458915 0.934247672154313
v 2.32898926917766 0.59829790233803 0.990609118678504
v 2.31679871998396 0.599461919309984 1.0375867017214
v 2.36924766868109 -0.00339310683009499 0.982946290714954
v 2.32138036970798 -0.00783938898062789 0.954016688720306
v 2.34822752006438 0.0850870199746568 0.982125058317842
v 2.34585422103687 0.0847188480041131 1.04121819218924
v 2.540039 0.29336929697097 0.93640162275278
v 2.442039 0.156458796536766 0.933290936201928
v 2.2783698599664 -0.00890226537190374 1.02278881668259
v 2.34327701554057 0.0843898071874522 0.959355705405311
v 2.05232596945726 0.471412834621756 0.978492257137646
v 2.05253429075309 0.471832182684798 0.949099151896085
v 2.05424837237776 0.474798548654283 1.00691769114974
v 2.05154052588677 0.469831746914922 1.04254761773962
v 2.07114758731116 0.499860406669668 0.90866347574068
v 2.06932041900591 0.497150681228763 0.985439370965846
v 2.0738270779186 0.503187844652309 1.01056730000882
v 2.07331044286997 0.502604716433814 0.961099156648904
v 2.540039 0.1557804268398 0.935772546976207
v 2.41847979087963 0.623290888628982 0.882173
v 2.50301247348476 0.172210262992131 1.082173
v 2.311038 0.264204582998691 1.06445784104861
v 1.97917794090379 0.184341264729377 0.882173
v 2.05984542355289 0.560216028641872 0.882173
v 2.06077185109253 0.560389327868236 1.082173
v 2.1626315410741 0.0584787361930306 0.882173
v 2.16137008036819 0.0604257368464276 1.082173
v 2.526039 0.534056072456358 0.929999101512459
v 1.9249865 0.4096015 0.946583721821421
v 2.44711347577474 0.615076433145009 0.882173
v 2.39715872298377 0.00119248424268792 0.916770678293402
v 2.40333799679375 0.247946048774646 1.01917097503722
v 2.311038 0.280409165997383 0.961277279861697
v 2.40097216143045 0.00193699622368247 1.01432691148093
v 1.97560901416957 0.14267093510682 0.944233322174916
v 2.198962 0.0461855 0.882173
v 2.198962 0.0461855 1.082173
v 2.09244000641251 0.0999799874744456 1.082173
v 2.09244000641251 0.155827013821692 0.917800133015636
v 2.12297852101124 0.130883628242587 0.917800133015636
v 2.12318367859708 0.131097736398893 0.945541970727011
v 2.1204602529025 0.132940510617291 1.00672029325619
v 2.12297852101124 0.130883628242587 1.04654586698436
v 2.34989139947543 0.686733971885061 0.937358666813258
v 2.02722857166191 0.517529942623403 1.082173
v 2.02633527273177 0.516990475660346 0.882173
v 2.27005431134301 0.690202233546243 0.95217665836726
v 2.29428486660705 0.690837725304038 0.899284546438198
v 2.27451954206801 0.690476572914309 0.918910484625386
v 2.232143 0.687873 1.04469437381767
v 2.119158 0.547788 0.917800133015636
v 2.119158 0.547788 0.943074679440957
v 2.12239441030941 0.549924972119911 0.975724538857868
v 2.12105535295515 0.549040804798884 1.01445754355904
v 2.11800815756814 0.546790676476697 1.04460715430537
v 2.540039 0.243047714076865 0.987166695933374
v 2.50284476356263 0.546064630395805 0.952080461510461
v 2.50079639686212 0.547047635187878 1.01448277077468
v 2.02709518218598 0.268739071033924 1.02638114527885
v 2.026942950604 0.269514568634986 0.983495983549103
v 2.02559727650866 0.592390811594614 0.98350677416549
v 2.02546878436499 0.592281938879679 1.04480135586473
v 2.526039 0.582091439929121 0.909140703465886
v 2.526039 0.603820112898606 0.91746637906813
v 2.526039 0.609045036670832 0.983410763524645
v 2.526039 0.605277335249613 1.00448799181833
v 2.526039 0.580518728043872 1.04691392237431
v 2.526039 0.633 1.0061094833862
v 2.526039 0.633 0.917800133015636
v 2.526039 0.633 0.946880082175052
v 2.526039 0.633 1.0298289921875
v 2.526039 0.582020012525554 1.082173
v 1.95675160532116 0.39865713645473 0.882173
v 2.29658774679375 0.690659935583152 0.917800133015636
v 2.3005821868591 0.690746856741838 0.953749384729515
v 2.31166282529581 0.690288684232718 0.979870229943445
v 2.32080295700735 0.689856564625636 1.00356062113589
v 2.28276580823522 0.690983215367642 0.972016419436131
v 2.540039 0.174184853355278 0.987166695933374
v 2.283039 0.691 1.01967441131513
v 2.36463699358749 0.650882873247141 0.882173
v 2.24405734326811 0.598551487781727 0.937426122232187
v 2.24319414040008 0.59838321248776 0.998437793142627
v 2.24502860141602 0.598707273745922 1.04654586698436
v 2.28205599959728 0.600976307349279 0.929735201767445
v 2.28317271087474 0.600950291753674 0.963317689973091
v 2.27863445937548 0.600846906625985 1.00199747910149
v 2.28312042624452 0.60095150980871 1.03334470623294
v 2.11667605746334 0.653813598946702 0.998440738691142
v 1.91856630225751 0.31187023536979 0.916436725734822
v 2.38383630944242 -0.0011373728093965 0.965038026963255
v 2.526039 0.61338855113856 0.931240797290066
v 2.45713198044031 0.608783828484217 1.082173
v 2.35601096959937 0.0424784621210372 1.082173
v 1.99982911329362 0.111160895848772 0.930227602644515
v 1.96571424456746 0.15695051454797 0.981969095563676
v 1.94653102187512 0.480184836119625 0.947785242797214
v 2.17884906929302 0.581479465884818 0.938933045265148
v 2.17337303398408 0.579019238877137 0.999401741704553
v 2.18046669746171 0.582020012525554 1.04654586698436
v 2.47820725873941 0.557536920943386 0.9157790677997
v 2.45378306084111 0.567591394047731 1.03086615912995
v 2.45237747355988 0.568136653068238 0.917662509451133
v 2.45420986715256 0.567425826249534 0.966786304214639
v 2.45381517111699 0.567578937747219 1.00224493481731
v 2.45341468164162 0.66130240612511 0.930276250135068
v 2.48197531236933 0.650758242574736 1.02973112530227
v 2.44315265252483 0.314885670686384 0.882173
v 2.48854536357217 0.315776005134164 0.882173
v 2.35759553679738 0.336 0.882711237975878
v 2.39274759802691 0.336 0.882173
v 2.4343724313149 0.336 0.882173
v 2.46079684482065 0.336 0.882173
v 2.49998896384666 0.336 0.882173
v 2.30366413962209 -0.00864870018635742 0.929533713564411
v 2.2762606934822 -0.00877876548706697 0.916681173939007
v 2.27968542967504 -0.00897929708501364 0.944859567544652
v 2.280039 -0.009 0.997853385185535
v 2.28404493941178 -0.00894197276415616 1.0459682281483
v 2.00868327666563 0.574620043550619 1.02915269302243
v 2.4028682717881 0.336 1.01289425197368
v 2.02075289020138 0.587955147365353 0.922919775424783
v 2.29271383785345 0.649276245288557 1.082173
v 1.95460354425246 0.235339326903016 0.882173
v 2.09308944792266 0.0362358528268589 0.983157433879331
v 2.50073548717498 0.23770570891762 0.882173
v 2.46460336741019 0.0693878398487058 1.082173
v 2.03156467407231 0.255359014830623 1.04297733026886
v 2.11592019019125 0.604886911012277 0.882173
v 2.1213905 0.6050555 1.082173
v 2.4221239362607 0.622891655941116 1.082173
v 2.4529395 0.06301975 0.882173
v 2.43387712749707 0.574798227428289 0.926124601320196
v 2.38090030727896 0.0434131584368273 0.882173
v 2.540039 0.240433892768694 1.04945235647392
v 2.540039 0.1733541945662 1.05076306471278
v 2.42866257821451 0.292 1.082173
v 2.15919914964592 0.619285316598197 0.882173
v 2.1588668598359 0.620924581272177 1.082173
v 2.40154215294226 0.0471521824842357 1.082173
v 1.9775907814836 0.139810959085906 1.03449860473836
v 2.50307245743269 0.54595536081759 0.91777793240252
v 2.33141939826963 0.0381939251560892 1.082173
v 2.40355675 0.63008175 1.082173
v 2.3309065 0.6436795 0.882173
v 2.33040846463111 0.645020834110498 1.082173
v 2.1969365 0.6353405 0.882173
v 2.1969365 0.6353405 1.082173
v 2.09271842329385 0.156085466213448 0.965959352788859
v 1.98545169577785 0.36914784458068 0.882173
v 2.48276014759574 0.555562385071714 0.974583708171676
v 2.39483739076488 0.635873172191439 0.882173
v 2.20269719803021 -0.00125738298687177 0.909926329001549
v 2.48194811062 0.555914556229042 1.03493849223134
v 2.32622627361723 0.0348172544604864 0.882173
v 2.540039 0.223694429453305 1.06581267823696
v 2.4075983357893 0.0801101581825579 1.082173
v 2.35076382118785 -0.00554658982951664 0.944295634180527
v 2.52158343696834 0.15391026543273 1.082173
v 2.47381046256638 0.336 1.06170766285528
v 2.29867186443585 -0.00857527187801344 1.06407061407415
v 2.44071119774206 0.616513566197126 1.082173
v 2.311038 0.292 0.882173
v 2.311038 0.281925662264735 1.082173
v 2.4759923217521 0.600600592128679 1.082173
v 2.47290854565092 0.601831699142964 0.882173
v 2.13426624862 0.557763838350206 1.02862063316093
v 2.526039 0.618361595513939 0.899986566507818
v 2.540039 0.306739572218829 1.05076306471278
v 2.49971241643458 0.0304994851671008 0.995624778966779
v 2.38006501865382 0.0912444893602401 1.01393344913751
v 2.062763404099 0.192679595017292 1.02379566846535
v 2.01831165727593 0.33567821876884 0.98203041985958
v 2.540039 0.156270199103136 0.90203368245708
v 1.91870965643331 0.311099139832748 1.04199438145692
v 2.15862534775544 0.670606175880814 0.968345723731708
v 2.160014571521 0.671056506880865 1.0021057168621
v 2.16028984880043 0.671145740808192 1.03276908716384
v 2.40377635268266 0.248 0.902745037454037
v 2.13864918003575 0.664130698128858 0.917010023342079
v 2.15968389487155 0.00927080288141694 0.997734405294383
v 2.13631608226723 0.663108283767566 0.955969405464342
v 2.13490747933745 0.662441659341133 0.979517616915142
v 2.13697051852896 0.663417997164004 1.02610330288398
v 2.17932710152039 0.677316859722302 0.98225355944773
v 2.18033079624411 0.677642217565929 1.01430695097785
v 2.1839113832719 0.678774930673342 1.03855516705179
v 2.311038 0.279422518680551 1.01960635918836
v 2.47415984822428 0.134908229993294 0.882173
v 2.47138724358749 0.138421424098016 1.082173
v 2.3523725980938 -0.00550309642298452 1.05529028207955
v 2.24960454706634 0.0840526588922183 0.92501738224241
v 2.33893695946919 -0.00659421710256933 1.02147732238981
v 2.11302180433345 0.0270902293683867 0.910850043555126
v 2.17031531857607 0.00609259809184177 0.901030299848851
v 2.34473026408193 -0.00613166992112364 0.964640404548448
v 2.33751315724589 -0.00670789586613294 0.986211452947503
v 2.442039 0.132641109919148 1.00850640770948
v 2.442039 0.214704596857333 0.909355410765855
v 1.97843999548257 0.536633553379981 1.082173
v 2.540039 0.047 1.03107645082043
v 2.46557897964784 0.283235708473029 0.882173
v 2.540039 0.0959636208969179 0.955264300379846
v 2.540039 0.139669106575684 0.920145542539253
v 2.540039 0.140401929255074 0.953423193730289
v 2.540039 0.0602065519544065 0.982173
v 2.0033243461292 0.235530222751068 0.882173
v 2.540039 0.100622431427367 0.908166667150292
v 2.540039 0.20960695081893 0.90555321593011
v 2.540039 0.241796602094125 0.903898680612829
v 2.540039 0.0999799874744456 0.882173
v 2.540039 0.126960011413807 0.882173
v 2.540039 0.168842848196033 0.882173
v 2.540039 0.283385338504998 0.882173
v 2.53959519226052 0.234214171386225 0.882173
v 2.540039 0.0469999999999999 0.910232406500414
v 2.540039 0.047 0.946003482799406
v 2.540039 0.047 1.00553300378337
v 2.442039 0.176533196948886 0.916133762483957
v 2.442039 0.158304391048983 0.987895121400427
v 2.442039 0.136279272969472 0.947131516832566
v 2.442039 0.166610077162789 1.05231947038388
v 2.442039 0.108359243922921 1.04574884364802
v 2.442039 0.108 0.934810861543008
v 2.442039 0.168842848196033 1.082173
v 2.40671625446647 0.0975030203095661 1.02866280458605
v 2.39810936913722 0.0954021140783725 0.982786347868074
v 2.49099262988628 0.0272656136176605 0.963020385654655
v 2.45710205141328 0.0159076059086509 0.917840005855127
v 1.94336450874826 0.283699034929204 0.882173
v 1.99996420369697 0.277046328673095 1.082173
v 2.33685671265785 0.248 1.0168861619683
v 1.97738902665427 0.535104960280014 0.922536555644585
v 2.12294487564067 0.131244063585832 0.976408615901666
v 2.33375589820819 0.248 0.941735001383239
v 2.540039 0.30677377768933 0.984242653101476
v 2.02352875043891 0.286907175366897 0.966648325734024
v 2.526039 0.581687128180897 0.967887673186655
v 2.15328357460841 0.113123981266257 0.968014320933358
v 2.1496342953434 0.114890046178682 1.02881252967621
v 2.14909607525851 0.567205053284585 0.909253026731374
v 2.06272641806431 0.487371652084341 1.02273504105077
v 2.33783749679375 0.277284284819603 0.882173
v 2.33783749679375 0.277284284819603 1.082173
v 2.51548654753851 0.245521152220073 1.082173
v 2.14662094682076 0.566000552051155 0.966465228238708
v 2.14832847357434 0.566831506133958 1.04349120434205
v 2.442039 0.210007673122176 1.05018107978568
v 1.99944414258148 0.401327330237735 1.082173
v 2.442039 0.208421424098016 0.882173
v 2.442039 0.208421424098016 1.082173
v 2.49464042537358 0.276740857025892 0.882173
v 1.93798437715196 0.305273685080878 0.882173
v 2.50090446936104 0.336 0.950146419383471
v 1.954536 0.178485 0.882173
v 2.3976152311512 0.248 0.985760944265745
v 1.97469656346545 0.415556740732158 1.082173
v 2.442039 0.200625300597659 0.979197960361305
v 2.311038 0.312568927014111 0.957188154387068
v 2.49740586368353 0.336 1.0117277102348
v 2.35292592178725 -0.00508867518737859 1.00169267361651
v 2.21466577236553 0.0904359174661277 1.03415265769249
v 2.18257 0.100094 0.980870712007913
v 2.40380059882266 0.308258594473042 0.882173
v 2.46401913746167 0.0180961792831917 1.00127984437424
v 2.40333799679375 0.247946048774646 1.04920881239391
v 2.526039 0.556378198161212 0.950076142499167
v 2.526039 0.560391606162348 1.01435943349218
v 2.50648348006214 0.641051423505567 0.959321004813674
v 2.40333799679375 0.248 0.882173
v 2.40333799679375 0.248 1.082173
v 2.35826093220471 0.594206498080642 0.948326749575369
v 1.92542158144223 0.411760309847685 0.984409134127931
v 1.92503747111721 0.409854411154302 1.03604317818518
v 1.99002805183915 0.251825514613394 0.882173
v 1.92569821693598 0.413132934304023 1.01683940127197
v 1.92059106004053 0.387791976199811 0.914120339417258
v 1.92125129373775 0.391067958278054 0.974438838514472
v 1.920268 0.386189 1.00345781500772
v 1.92016417552987 0.384607878680694 1.04023067512962
v 1.93645797370218 0.22149727225841 0.963925218498573
v 1.93016162808557 0.434332513223314 0.990011246029869
v 2.42076047161174 0.248 0.934224096661758
v 1.92985326868352 0.433442125702313 1.0305235442183
v 2.16851152486594 0.0065122656602883 1.02835673425064
v 1.97759773241024 0.535408514648052 0.947001355312081
v 2.49356291513393 0.0627784023082042 1.082173
v 2.37002666274162 0.683871819715619 1.06683967852124
v 2.02412846230215 0.550289261636198 0.882173
v 2.02382157667912 0.550936458921819 1.082173
v 2.35270029542493 0.595109620576111 0.9708811853326
v 2.50401441196306 0.293090660064439 1.082173
v 1.97671553865349 0.534125398295692 0.996730061723929
v 1.98025515435432 0.539273631041667 1.03414657627945
v 1.96653790628584 0.519322429651551 0.930502507207996
v 1.97913808216344 0.537648893183438 0.970846301378469
v 1.98924302808879 0.552346142237072 0.920970833330635
v 1.99269204165944 0.556952139081136 0.952952512215129
v 2.03780494421926 0.602734494007382 1.02185858347743
v 1.99239455335024 0.556623459337163 1.01737018949039
v 1.965705 0.518111 0.904415377573515
v 2.03937803828597 0.233434483250687 0.932756234925056
v 2.05376077012732 0.205056295853752 0.917103800135936
v 2.0543512574046 0.204207569220611 0.945188994605654
v 2.05509360999537 0.203140561616525 0.981181867700494
v 2.05170699247546 0.209031064196941 1.0095017529637
v 2.50296666795505 0.317877837114523 1.082173
v 2.05459503955471 0.203314583947396 1.04654586698436
v 2.43109985524615 0.668486345144737 0.917800132855388
v 2.1357903369423 0.123372970843105 1.06511508292876
v 1.940566666288 0.209583052879048 0.978809684334735
v 2.41279249655712 0.674121831927031 0.933846747256658
v 2.09555344587662 0.527314432116233 0.956191312021238
v 2.41530677476765 0.673396564789552 0.977742376897035
v 2.43814886004624 0.666403663078535 0.980110890566483
v 2.43356903561284 0.667934066214086 0.953572367089611
v 2.15999699040242 0.572509895464146 0.98293348497163
v 1.99024335187486 0.19343453586514 1.082173
v 2.3694189346302 0.0887143704091558 0.958522452689887
v 2.09286328814678 0.156115484983639 1.0291798711299
v 2.072639 0.177922 0.926287306294286
v 2.0708373044439 0.180511635817935 0.966453837139349
v 2.09299684017518 0.155971484646431 0.989509536391173
v 2.1368736194939 0.0163987628993897 0.908252023560816
v 2.135148 0.016938 0.952547223269024
v 2.13454892498616 0.0172128754029423 1.00111623596754
v 2.13715231240414 0.0163116744320836 1.04506261886663
v 2.16048925320625 0.00901913726516129 1.04654586698436
v 2.14780937805824 0.012981458701074 0.981780546402391
v 2.14825318416913 0.0128427741757112 1.02353026492162
v 2.07891007378292 0.633079094511262 0.960983800753525
v 2.12978429236329 0.0193990462193105 0.978264448680517
v 2.10746809918948 0.143552300477572 1.01813723821459
v 2.47165968481828 0.303304586723309 1.082173
v 2.36463699358749 0.336 1.082173
v 2.41319657448742 0.336 1.082173
v 2.04509040454836 0.6089075394786 1.05806692548761
v 2.47034806407667 0.336 1.082173
v 2.5102441844475 0.336 1.082173
v 2.36307360603656 0.248 1.05052378368022
v 2.47660247680937 0.336 0.913076674908793
v 2.33783749679375 0.336 0.943151779413436
v 2.33442646506906 0.336 1.00543679955475
v 2.36463699358749 0.248 1.082173
v 2.41949683444545 0.101107943207191 0.958817389329477
v 2.44202306458756 0.108103665219603 0.982173
v 2.540039 0.289704721443779 1.06460795183002
v 2.04663287247638 0.219074566246131 1.03088810571074
v 2.50972210124477 0.639718014279001 0.993767992950005
v 2.442039 0.129298800001898 0.91577647249143
v 2.29830479810835 0.0810794889364577 0.918703912238541
v 2.05783275172821 0.0953409516697079 0.882173
v 2.05498589967184 0.0945300252374565 1.082173
v 2.311038 0.27 0.882173
v 2.26723536872927 0.0112932430191434 0.882173
v 2.526039 0.574989725479176 0.990765411700511
v 2.03895196735946 0.234277830318609 1.0484681816124
v 1.98835825641251 0.285714725848662 0.882173
v 2.0060195910121 0.571636568437181 0.922981917798904
v 2.03939085022436 0.233409123832796 0.995375915976688
v 2.25766767253293 0.628561385418554 1.082173
v 1.98836220613072 0.12426623999409 0.946431755375466
v 1.990085 0.12178 0.980915191990186
v 1.98911885803368 0.123174282182844 1.00882428457849
v 1.9906647906637 0.121148145950459 1.04488584771163
v 2.01922196453377 0.358251308858762 1.0700900034823
v 2.33764340977851 0.0551687535101148 0.882173
v 2.47138724358749 0.227477483068957 1.082173
v 2.51681430525593 0.0371529697768578 1.02574653736021
v 2.20018539497165 -0.000803295149795769 1.02668349462301
v 2.42692444850994 0.0667718306062804 1.082173
v 1.95407839157925 0.179388516754042 0.912003331961227
v 2.2285385 -0.00592901553333886 0.947446164948041
v 2.0281572947994 0.47690770673284 0.882173
v 2.03131145416465 0.482245699685753 1.082173
v 2.22542747296146 -0.00536659901178752 1.01055823703024
v 2.2259989504027 -0.00546991163191769 0.921233525395278
v 2.22756793299593 -0.00575355485376318 0.984276962052656
v 2.18123106396675 0.00262329959850903 0.977581673390218
v 1.98698769922228 0.357328558839049 1.082173
v 2.10773741575505 0.143332326879444 1.06332873132492
v 1.96178371425637 0.303800487056253 0.882173
v 2.10240837644563 0.647061387607441 0.993903640588493
v 2.40905423492897 0.675088593218022 1.01317890350658
v 1.99587861183128 0.267864064261415 0.882173
v 2.05713013901826 0.619060632428506 0.919359967649848
v 2.05894757690105 0.620230410222743 0.955885738003904
v 2.05723900320625 0.585697506262777 0.882173
v 2.05723900320625 0.585697506262777 1.082173
v 1.965997399104 0.518536283072893 0.962760976090305
v 1.96549309272033 0.517691847012352 0.990345708363186
v 1.96475192688003 0.516225819621546 1.05298505500619
v 1.96691551665414 0.519871649179214 1.02377186969117
v 2.540039 0.312057451369436 0.928751880776121
v 2.31449763699257 0.690154662343842 0.900542699744747
v 1.99426349614887 0.403846874503738 0.882173
v 2.37420036584542 0.591141314827684 0.961593290078746
v 2.056893 0.618908 1.01291929764965
v 2.05663510113166 0.618689479636247 1.04226787104773
v 2.36147697244621 0.248 0.918784065723391
v 2.36463699358749 0.248 0.882173
v 1.95771531029678 0.502307379120495 1.00160622948033
v 1.98901910723081 0.326486628422586 1.082173
v 2.00908778032338 0.575066959125304 0.952038081297436
v 1.99390352905928 0.558290650061558 1.04820428593229
v 1.92908397649116 0.24357582603328 1.03626968834114
v 1.92968191904114 0.241146199519791 1.00910179736186
v 2.02380398295601 0.285505086825447 0.911405669026429
v 2.526039 0.574446382055755 0.882173
v 1.94287725641251 0.274247284819603 1.082173
v 2.526039 0.534112144912716 0.977825203024918
v 2.526039 0.534112144912716 1.04654586698436
v 2.442039 0.161208283256459 1.01679003017076
v 1.92013732204195 0.288978704940606 1.04854489093547
v 2.43708769324144 0.0102194896677775 0.946651679262708
v 1.9306973486151 0.435879405813831 0.913851186217582
v 1.92983670055661 0.433394285249405 0.951195766111021
v 2.442039 0.248 1.04298743017925
v 2.442039 0.248 1.01339615222695
v 2.442039 0.168842848196033 0.882173
v 2.442039 0.248 0.926647607150069
v 2.442039 0.248 0.975340829129303
v 2.18276663715214 0.00234569618368355 0.919887599697701
v 2.540039 0.0763848195134706 0.932554010197661
v 2.17839759282421 0.00342297822404161 0.948181491418703
v 2.18146378399205 0.678009487057155 0.950276736237923
v 2.48191653111023 0.0240469643905433 1.04710972628478
v 1.91857516482312 0.313182970170058 0.981414991277404
v 2.526039 0.620313030260364 0.964526541087526
v 2.21380435980371 0.592653882624934 1.03125619979314
v 2.3672873995821 0.684340941927421 0.955050631636881
v 2.50506938591324 0.544997041066869 1.04256430246183
v 2.311038 0.303197149765873 0.923628456442429
v 2.311038 0.315044863962129 0.98975398215217
v 2.311038 0.311465936933052 1.05045354709029
v 2.311038 0.336 0.917800133015636
v 2.311038 0.336 0.968503425811236
v 2.311038 0.336 1.00142502030611
v 2.311038 0.336 1.0328762927956
v 2.311038 0.248 0.991796083090079
v 2.311038 0.248 1.05014265851134
v 2.311038 0.248 0.926711985534631
v 2.02252772480315 0.0870357441393891 0.918819338613625
v 2.020164 0.0890000000000001 0.952884439714323
v 2.07346395086548 0.177032509932148 1.03685869910603
v 2.41095493612738 0.582020012525554 1.0449222802348
v 2.540039 0.239923556156613 0.953791104565969
v 2.540039 0.243047714076865 1.01935312942556
v 2.47395955809558 0.0214361897880215 0.977458497945746
v 2.44983141463842 0.0137449843500745 1.04311902315094
v 1.94399088607954 0.474264484361042 0.911310556801322
v 1.94486145350418 0.197586735130598 1.01465510035009
v 1.94351341157631 0.201038200937293 1.04376641883208
v 2.27546965980184 0.08203194371939 0.961764531524659
v 2.254577 0.083193 0.966480557071588
v 2.254577 0.083193 1.00237200479719
v 2.254577 0.083193 1.03905606071303
v 2.30297447678801 0.0811665037886417 1.04555304805
v 2.29604523137554 0.0810373841410867 0.979553011935028
v 2.27757869702791 0.0819147393547665 1.01860863494501
v 2.50377465873334 0.140260345567327 1.082173
v 2.49778996152171 0.204555671652446 0.882173
v 2.540039 0.174184853355278 1.01935312942556
v 2.540039 0.171807430685115 0.953744960936779
v 2.210168 0.591945 0.923937702987009
v 2.21167997922959 0.592239749657067 0.961173148456322
v 2.21201830862406 0.592305704579625 0.986180991013137
v 2.30507406669161 -0.00858429202665933 0.97930468875779
v 2.31297008152002 -0.00822358699797864 1.00449996068575
v 1.96077600132764 0.34176099321773 1.082173
v 2.311038 0.276452445128944 0.899664689033723
v 2.395559052759 0.586197909617768 0.951167740296116
v 2.51243691156665 0.0354699728727533 0.952701285515292
v 2.52200842816645 0.0393552241378402 0.983467030925552
v 2.02779210629636 0.266400602335946 0.943236430660986
v 2.442039 0.149786456156778 1.06830514638828
v 2.540039 0.290560894307005 0.967995055604653
v 2.150483 0.11437 0.908700382917266
v 2.15267821644684 0.113393314426555 0.934489486347926
v 2.47840585952055 0.652153151307322 0.918021400460352
v 2.48710554033815 0.648753397547497 1.00083981851616
v 2.5016118640061 0.204164410350717 1.082173
v 2.540039 0.135569920223165 1.082173
v 2.540039 0.168141065363902 1.082173
v 2.540039 0.206954966137915 1.082173
v 2.540039 0.0999799874744456 1.082173
v 2.540039 0.237003926085489 1.082173
v 2.540039 0.275817826859502 1.082173
v 2.540039 0.305866786807076 1.082173
v 2.26111561431015 0.0307228165788372 0.882173
v 2.26909718861247 0.650939854796116 1.082173
v 2.40139424636628 0.336 0.984833076191348
v 2.25717466983709 0.0329732763905768 1.082173
v 2.44191194506449 0.281888002567082 0.882173
v 2.3958617747105 0.248 0.934952444971118
v 2.34179418823384 0.248 0.974317534265
v 2.2555592285392 0.669234826578353 1.082173
v 1.9180210367057 0.32176870261952 1.06245917492048
v 2.311038 0.284186519189612 0.990060691249322
v 2.49504861568706 0.61813328971537 1.082173
v 2.49409343238404 0.618858606822923 0.882173
v 2.0242547800538 0.395689594563946 1.05627794273062
v 2.33865559388766 0.62260002157883 0.882173
v 2.50519137656479 0.0630985335533463 0.882173
v 2.27558237339687 0.0571550633764293 0.882172999999999
v 2.27514953060552 0.0511502577975277 1.082173
v 1.94469554903603 0.476299198071087 1.05019599500917
v 1.94417746996754 0.474803245184897 0.982633030301848
v 1.95802388264371 0.257782172813059 1.082173
v 1.92516157392756 0.410470190967275 1.05962673820222
v 2.20011462408935 0.0948145686296961 1.00793961096675
v 2.41988817432303 0.579458110141781 0.949986566507818
v 2.322103 0.599093 1.06073338360033
v 2.442039 0.152850477749506 0.904212066687303
v 1.9373405 0.4550615 1.05885385844932
v 2.12327099172771 0.656934666053987 1.01547925412545
v 2.52038724358749 0.0734899937372228 0.882173
v 1.93730414673646 0.219043574165238 1.05871543313101
v 2.49119088140256 0.551657292103672 0.93499390073152
v 2.10500049125694 0.535508390107728 0.981355804154792
v 1.920189 0.288178 0.915073318454008
v 2.20051904550629 0.0946928723707999 0.945044181690637
v 2.18275944340423 0.100036993737223 1.01370828949614
v 2.540039 0.180771730402717 0.923394724247484
v 2.540039 0.120053333978579 0.931731895670973
v 2.03807500489482 0.236304516214659 0.963408786826429
v 2.442039 0.108038042286836 1.0128073692442
v 2.23475353008476 0.0866201661119012 0.957564276947863
v 2.25719722089659 0.0115428480431687 1.082173
v 1.95764915966389 0.433989872849631 1.082173
v 2.25671867256131 0.689382905063251 0.907048176408608
v 2.45395422149672 0.279591325217665 1.082173
v 2.30308204113596 0.600415931481394 1.05766253342188
v 2.336149958594 0.0836199064158996 1.06314408646838
v 2.10770926371187 0.143727754990912 1.03896846966309
v 2.49070781796966 0.0271646110087297 0.933290100581464
v 2.311038 0.281467094370971 1.0467601008912
v 2.51727322323449 0.0685074427361853 1.082173
v 2.376115131785 0.618775935766535 1.082173
v 2.38257201101901 0.318952713844859 0.882173
v 2.02861385647022 0.0819781673099945 1.00188505710045
v 2.17854234708579 0.581376971589796 0.968818481951581
v 2.027087975302 0.268775784317493 1.00473097446375
v 2.01697490438757 0.0924754664109699 1.00734422193782
v 2.05205719767564 0.0624967453214095 0.951318187731228
v 2.05389250612794 0.0609716035711339 1.01435943349218
v 2.540039 0.139753422994485 0.987166695933374
v 2.540039 0.208616283716072 0.987166695933374
v 2.540039 0.274884101876566 0.986066622138804
v 2.35549700595288 0.336 0.948704228332224
v 2.3645032230955 0.336 1.01988377420107
v 2.4313452402943 0.336 1.01360518486793
v 2.43284689456007 0.336 0.947965624238931
v 2.02352004211702 0.590630749529251 1.01086728613826
v 2.48258071339146 0.555640203635734 1.00258735376751
v 2.09014904362113 0.640312957891875 1.00447869737302
v 2.45722259164857 0.336 0.975571668278797
v 2.24300808624249 0.598346942545638 0.967678617255402
v 2.33868370988445 0.336 1.0633129195542
v 2.33697361981168 0.248 0.903285152200118
v 2.33783749679375 0.336 0.899986566507818
v 2.30255541087347 0.0811586949090357 0.947724066351872
v 2.10401760246324 0.534655874939057 1.0218188747921
v 2.540039 0.0691161586117311 0.962223410466492
v 1.98916863417869 0.300973936632756 1.082173
v 2.22199181644396 0.0888264656501007 1.00330852220465
v 1.95435394382978 0.495658590086773 0.906890924001776
v 2.11061808961156 0.028193133074047 1.05888396964994
v 2.540039 0.0734899937372228 1.06435943349218
v 2.09273950320625 0.0681194937372228 0.882173
v 2.09273950320625 0.0681194937372228 1.082173
v 2.22802299674193 0.595425705332208 1.05953548905159
v 2.45671312179375 0.153632136147024 1.082173
v 2.45509953645426 0.124579413580236 0.882173
v 2.34744980294388 0.0852109618611152 1.01377903788296
v 1.94412244553096 0.404996274305978 1.082173
v 2.47539207547163 0.558757833757861 0.944270395808726
v 2.32226637339687 0.0126210633764293 1.082173
v 2.25805208227925 0.689464828440098 1.05597738332536
v 2.38658158651626 0.336 0.912249676405053
v 2.44602665379142 0.0126924139339726 1.01326627291548
v 2.17843848086613 0.101932176431423 0.949181506421356
v 2.223411875 0.608365968311785 0.882173
v 2.540039 0.204858264344197 1.04964861814973
v 2.540039 0.271844053618179 1.04889052636451
v 2.540039 0.140599140571305 1.05057731582038
v 2.03901755879802 0.0733326882583754 1.06074389597191
v 1.91856225922242 0.360212627520669 1.02323535284487
v 2.25737781971281 0.0830373515881053 0.946659772685371
v 2.25363858974649 -0.00745415350073944 0.905331792071135
v 2.283039 0.691 1.05092370565756
v 2.44178613745665 0.315736566764886 1.082173
v 2.039853469843 0.604470230838424 0.905800508198784
v 1.97916465680693 0.53768754496414 1.06341813075963
v 2.00418260092283 0.569647475200451 0.903555102667946
v 2.526039 0.606686077935754 1.05961812925275
v 1.99034547492618 0.12149613524119 0.913209208339485
v 2.39399024679375 0.660940186623571 1.082173
v 2.09009860492856 0.613922994133811 0.882173
v 2.09407250320625 0.612954506262777 1.082173
v 2.34053717741143 0.248 0.996795924897766
v 2.20569735995253 0.682884482449446 1.05964378848765
v 2.02351457755907 0.286979374802593 0.940716236605116
v 2.17885806476291 0.677164816691302 0.914659229100278
v 1.92476933185387 0.265210793917491 0.910266758205417
v 2.45635412434098 0.659975726993454 0.958486548335267
v 2.46552635155462 0.656905028086745 1.05752102352914
v 2.540039 0.154370102967603 1.06637515791019
v 2.25963452833619 0.689562052363786 1.00321310481285
v 2.51834282177047 0.261176938716299 0.882173
v 2.540039 0.148378014110934 0.882173
v 2.14503285576709 0.564872930554141 1.00798192734221
v 2.33730300696177 0.319190932896234 0.882173
v 2.34027563275396 0.319136895249415 1.082173
v 2.3906364444611 0.093787924788268 0.882173
v 1.99147560282602 0.555593334966875 0.987739290853614
v 2.442039 0.140506577702353 0.882173
v 2.442039 0.139878409709777 1.082173
v 2.13728957473912 0.122669185555569 0.988508986965449
v 2.40936231626542 0.67500891952469 1.06352480705895
v 2.03347894564723 0.42901790383625 0.906542048386466
v 1.93576661465147 0.223502047068905 0.903491006742347
v 2.03382764513329 0.116920026294013 0.882173
v 2.0452365 0.176222 0.882173
v 2.0285215 0.118074 1.082173
v 2.04404128766908 0.171408458922909 1.082173
v 2.027233 0.268037 0.912373023970217
v 2.20062584281849 -0.000882920027006258 1.05820638256063
v 2.14668942641673 0.565966748999425 0.936162623488594
v 2.01057579267378 0.576710988498028 1.05920656679066
v 2.36246537002371 0.248 1.01819558154747
v 2.526039 0.534056072456358 1.01658574840182
v 2.4091228633694 0.305783218102329 1.082173
v 2.44594357551853 0.336 0.996193080108107
v 2.12146150320625 0.107174993737223 0.882173
v 2.11866806442966 0.106398025694533 1.082173
v 2.526039 0.558390713519925 1.06493006907723
v 2.526039 0.556730080295799 0.901515464866382
v 2.540039 0.223272422212588 0.925875949765975
v 2.14406771232497 0.564235655168655 0.985239048198026
v 2.46641063149739 0.562652983379612 1.05892170555505
v 2.15982924565245 0.670996431617407 0.933674131446112
v 2.46573862926366 0.239505781782637 0.882173
v 1.9249865 0.4096015 0.899986566507818
v 2.42757800706293 0.576954894261875 1.01193832423096
v 2.21916473190355 0.0611715495598403 0.882173
v 2.22199919456976 0.0644693320777212 1.082173
v 2.16217513309829 0.57356987098855 0.896393884964824
v 2.50167424316058 0.643031488630711 0.905840296256123
v 1.95455235448547 0.496051046727456 1.05892585489919
v 2.38940445415446 0.0931091690511745 0.901305032812959
v 2.39491480595573 0.0944261770788651 1.05542447688857
v 2.540039 0.305956281734647 1.01465077692018
v 2.311038 0.277284284819603 0.922256059275133
v 2.47022563262444 0.101759806379382 0.882173
v 2.47138724358749 0.103989993737223 1.082173
v 2.526039 0.633 0.976494782780627
v 1.954536 0.178485 1.06296292041347
v 2.16126712620263 0.671462535208611 0.899986566507818
v 2.05950191938781 0.620587207853937 0.9884351157773
v 1.96619731896618 0.459000886184459 1.082173
v 1.99595866104328 0.512510922673533 0.882173
v 1.99991657369949 0.510697576797107 1.082173
v 2.32882104641117 0.0827402660627303 0.939554298183836
v 1.93754880239017 0.455662972981104 0.902657144198238
v 2.47024875340278 0.16885173389499 0.882173
v 2.47296676845991 0.172402547284202 1.082173
v 2.442039 0.170519404949051 0.958362818884975
v 2.36590589436346 0.277477842087346 0.882173
v 2.36316159118177 0.281002213994172 1.082173
v 2.526039 0.603723191027877 0.882173
v 2.540039 0.306840343972589 0.955003947515017
v 2.07411545544487 0.0481359940698233 1.05956641078874
v 2.07512502628287 0.0475023566019038 0.903513096257884
v 2.00352995219378 0.107127733205485 1.060851827715
v 2.24524489431021 0.0555595644204162 0.882173
v 2.24609937007083 0.0558779436066958 1.082173
v 2.52750629949827 0.0417304313853696 0.897636207222113
v 1.91908582114048 0.305270795391759 1.06422978144823
v 2.301571 0.6000465 1.082173
v 2.30875902006541 0.690113602213741 1.03311013914975
v 2.3982482865416 0.585520850223017 1.01577197290087
v 2.41779792677427 0.100612668501494 1.04933048349541
v 2.4047047541727 0.00268280096488854 0.987889654992112
v 1.91940125 0.3003835 0.898623159227004
v 2.2036976068171 0.682507263233161 0.904491333786079
v 1.97687887909442 0.140838336895539 1.0660104297774
v 2.15815158081172 0.0350734249730458 0.882173
v 2.16349070450332 0.0339462451197947 1.082173
v 2.31994624490436 0.599243005014683 0.968801233825516
v 2.12085330885839 0.0508779593458727 0.882173
v 2.1251722167792 0.0502820969956442 1.082173
v 2.31114055410368 0.625151665944682 1.082173
v 2.02552117992179 0.592326334173874 0.952982017745218
v 2.07135454400019 0.523857941308899 1.082173
v 2.27750872592738 0.0819186278202132 1.05435287451403
v 2.27143543682342 0.0822561353719084 0.992990626938284
v 2.02653691969986 0.40717386724526 0.912985384436081
v 1.99197654651556 0.16301751356317 0.882173
v 1.99327225 0.1609725 1.082173
v 2.42263328562436 0.248 1.00193124922376
v 2.43024256212748 0.10431131113134 1.06283265593367
v 1.9735079865329 0.479947903729526 0.882173
v 1.97650894498386 0.478167554492886 1.082173
v 2.20360189291501 -0.00142093519772243 0.999881003238497
v 2.31177016766281 0.666872007686896 0.882173
v 1.96066331245508 0.234837571927274 1.082173
v 2.35879049679375 0.622972936623571 0.882173
v 2.35511760279124 0.624627885605922 1.082173
v 2.04127373376329 0.605673635066164 0.941342048937289
v 2.0088943278994 0.574853223354123 0.999922964844685
v 2.30253524220905 0.600453962030724 1.01922149122493
v 2.51121297387829 0.607110308919537 1.082173
v 2.11463676797785 0.578390788835435 0.882173
v 2.11862001765139 0.577173544467473 1.082173
v 2.20461825846587 0.682680928415761 0.998622167790584
v 2.4084444231766 0.0290284268224282 0.882173
v 2.150483 0.11437 1.05376550606825
v 2.13436220816623 0.662183608563243 1.04920086269279
v 2.25593686325796 0.689334871471386 1.02755742889185
v 2.48169064294729 0.259765966607495 0.882173
v 2.3934962102739 0.679072778909962 0.953764950450309
v 2.19548696021293 0.587015570821601 0.949366108522639
v 2.350969279407 0.0855123515187356 0.940238549734196
v 2.442039 0.22747873662745 0.948058978011676
v 2.19079813930564 0.585472367208038 0.990544823175028
v 2.51769556224396 0.0375266136198088 1.05317525424548
v 2.0982514562441 0.645094116003437 0.945565765138076
v 2.027233 0.268037 1.0540694826892
v 2.16342553814646 0.574178370490978 1.02602523200438
v 1.97047993656444 0.281053971891093 1.082173
v 2.20476573401108 -0.00163133628160331 0.967660369036166
v 2.09133867084098 0.555882857204151 0.882173
v 2.09323900320625 0.554010006262777 1.082173
v 2.52479449849659 0.119359294754798 1.082173
v 2.50433554823142 0.641935772726917 0.934654296189129
v 1.93842066008268 0.45818046135457 0.932938315986166
v 2.15899590369528 0.00948579255234285 0.930433346355169
v 2.49529074445849 0.23595781768633 1.082173
v 2.44457584047841 0.0122910527882998 1.06217601872106
v 2.540039 0.0709748798336418 1.0342945937437
v 2.20776388634628 0.0175849152784348 0.882173
v 2.20850377112289 0.0171210841272951 1.082173
v 2.540039 0.120187927210926 0.912983400082964
v 2.34058341798965 0.298202832901725 0.882173
v 2.33537111472736 0.299959065768291 1.082173
v 2.07466650320625 0.63062591731131 0.899986566507818
v 1.98019041700649 0.179287708603971 1.082173
v 2.51507681515206 0.321792067564989 0.882173
v 2.33528781621933 0.336 0.970804215199218
v 2.33965837896256 0.336 1.03982547741361
v 2.06199740368151 0.193217513658306 0.902762698978811
v 2.41180874680399 0.0989475537359697 0.909772096401176
v 2.10309416093964 0.647385936623571 1.02018366791017
v 1.96408033725682 0.456044042960453 0.882173
v 1.93750477616775 0.218461797113684 0.933611694808496
v 2.311038 0.248 1.01936779015008
v 2.35770837362076 0.685976689580878 1.00893320842202
v 2.06764034672479 0.0521999699093247 1.00287561178722
v 2.08060954668064 0.0440601042241657 0.956122539016747
v 2.44281711025285 0.336 1.082173
v 2.12258121414484 0.62915043855981 0.882173
v 2.12060527727229 0.629253937764583 1.082173
v 1.93896150365748 0.357455431147758 1.082173
v 2.442039 0.151265990255133 1.04180774869551
v 1.9596205 0.168446 1.007173
v 1.96154424817106 0.164647689863446 1.05504245767742
v 2.45900892243692 0.659283998036008 1.03422604277406
v 2.07538180342079 0.0769612858866603 0.882173
v 2.07516221023935 0.0775155974277749 1.082173
v 2.52038724358749 0.187898907166974 1.082173
v 2.3399828797966 0.0130084984985765 0.882173
v 2.442039 0.225763639319085 1.03045265023827
v 2.442039 0.180604172071567 0.98936581951482
v 2.03302936921955 0.19876045599568 0.882173
v 2.0318117681496 0.202747779477559 1.082173
v 2.23665575 0.624786936623571 0.882173
v 2.22817033308049 0.621802530539147 1.082173
v 1.91825260388048 0.355496950550186 0.963538287416118
v 2.0815878652009 0.16827302931848 0.952702992920514
v 2.10742140188785 0.0296598789837045 1.00720547684562
v 2.10665616070227 0.0300109969144703 0.95653478898099
v 2.18157387711559 0.582389987686829 0.908915145934084
v 2.26798056548953 0.627408551446038 0.882173
v 2.01255762606965 0.445093667464564 0.882173
v 1.95326098490887 0.431019804789908 0.882173
v 2.21808920420413 0.0894057572671541 0.945044181690637
v 2.540039 0.118405168183119 0.993312057463865
v 2.540039 0.0737429894178191 1.00756157001582
v 2.41271691920407 0.336 0.882173
v 2.42256144346137 0.296530144976883 0.882173
v 2.27631412484215 0.0819850147286294 0.907657578674446
v 2.00318054403869 0.107508517118649 1.0237527614124
v 2.07265672143499 0.501866858216907 0.93405434699281
v 2.39460922146185 0.0943465991120088 1.00751784700525
v 2.01053497600734 0.24995826918503 1.082173
v 1.92002166945127 0.382437683169756 0.943422132803143
v 2.01920191165418 0.32156715333077 1.05703603954065
v 2.01911626951645 0.322924632540439 0.90717626305855
v 2.46273253390787 0.657608553014303 0.899986566507818
v 2.33783749679375 0.248 1.04940562750677
v 2.35174739907653 0.262124599063748 0.882173
v 2.03780298054748 0.237100679680244 1.02284593469067
v 2.00844957686523 0.534660114078281 0.882173
v 2.00453082688479 0.532753366722974 1.082173
v 2.46194035445468 0.336 1.0407093739585
v 2.51183934573945 0.336 1.04412915409596
v 2.09230002626878 0.524038341517165 1.01996162953994
v 2.526039 0.607632617676384 1.03313092713225
v 2.40958233270313 0.336 0.964447594550227
v 2.48054506036316 0.336 0.965205709137393
v 2.47114698911303 0.0451271081460045 0.882173
v 2.33879301808117 0.248 0.882173
v 2.33783749679375 0.248 1.082173
v 2.33783749679375 0.336 0.882173
v 2.33783749679375 0.336 1.082173
v 2.3361927721266 0.336 0.919745417186628
v 2.09128019874991 0.123491490918718 0.882173
v 2.08758722297172 0.123608605136451 1.082173
v 2.40408077464421 0.606613562940786 1.082173
v 2.41534389128393 0.336 0.901679787924759
v 2.252772631725 0.689140464209448 0.969857810934432
v 2.20618273644483 0.68297604042067 0.970646406151588
v 2.540039 0.0727760550487749 0.904893986613403
v 2.540039 0.118865742702316 1.05786889056774
v 2.37840066160522 -0.00149066945089968 1.05091807453196
v 1.929705 0.433014 1.00885385844932
v 2.24777986163225 0.688833713343368 0.94113609946409
v 2.540039 0.203540416836433 0.926585300511161
v 2.27654360745049 -0.00879533119810189 0.972997719228092
v 2.10836608367607 0.649880885623095 0.908893349761727
v 1.95239185946083 0.291533177079123 1.082173
v 1.96958135459152 0.150850775166724 1.057173
v 1.96958135459152 0.150850775166723 1.007173
v 2.01883268332521 0.352245303296062 1.00456032104931
v 2.01858652604014 0.348857857590198 0.957173
v 2.45332643887116 0.639543476257143 0.882173
v 2.20638821940956 0.590681948490124 1.05553759648958
v 2.02417100717789 0.395268029410435 1.01172316841268
v 2.540039 0.047 1.05568292963665
v 2.540039 0.0734899937372228 0.882173
v 2.540039 0.0734899937372228 1.082173
v 1.93586990174265 0.450815148735667 1.00826170817028
v 2.06668221572806 0.151449004237399 0.882173
v 2.07084525 0.1434805 1.082173
v 2.37876127309095 0.590049571341049 0.941006332785841
v 2.21100849091083 0.665641285379205 0.882173
v 2.21142935117883 0.664612567079269 1.082173
v 2.04448010168756 0.455619204695741 1.02473563572622
v 2.4579840146165 0.0340755451942604 1.082173
v 2.0196208690683 0.314926427229405 1.007173
v 2.36395016402006 -0.00401029901538248 0.96056986901299
v 2.34530049679375 -0.0059049641588221 0.899986566507818
v 2.153043536078 0.113230778101738 0.9984437507346
v 2.442039 0.108 0.908491930771504
v 2.16439765276305 0.0832871866588668 0.882173
v 2.16509096405866 0.0850217018381103 1.082173
v 2.29570675 0.6228165 0.882173
v 2.39174116623996 0.0746209978115641 0.882173
v 2.34567252245245 0.687507594542803 0.972021337718718
v 2.37456812716075 -0.00257531240703575 0.937764050460048
v 2.20435186017196 0.682630676935282 0.937593642943127
v 2.03891071266094 0.0734214774231112 0.899149632358404
v 2.540039 0.24762974742876 0.928126945242944
v 1.91859210475037 0.360667138874926 0.90517488576934
v 2.00848345978795 0.137774072010004 0.882173
v 2.00596225 0.142659 1.082173
v 2.526039 0.633 1.05600099609375
v 2.20080002648535 0.0708778769312956 0.882173
v 2.20078087689417 0.0707629239712611 1.082173
v 2.28363685186583 0.626869783686253 1.082173
v 2.540039 0.0999799874744456 0.928865293809638
v 2.41651685885814 0.10030895872541 1.00732633696702
v 2.35378160235257 0.594928071060714 1.01454637668098
v 1.98087510547987 0.499219990734981 0.882173
v 1.9803909755299 0.497283870379104 1.082173
v 2.01275541752919 0.46138300348393 1.082173
v 2.28438815623899 0.690980532054475 0.941033278339398
v 2.31540353789498 0.690398404875025 0.93559939567958
v 2.03200412714904 0.424691565441622 0.956576744460852
v 2.03708371067947 0.439211498371383 1.02133921729106
v 2.01726617905745 0.215467408008446 0.882173
v 2.01272539473619 0.21562974824556 1.082173
v 2.33476206704631 0.597631367532322 0.950149252448826
v 1.95848029449566 0.503820519268218 0.942345058771881
v 2.17493748905282 0.653099830370541 0.882173
v 2.17438704132026 0.654314038852782 1.082173
v 2.13675189449025 0.123085644359514 1.0025820219954
v 2.37985746902345 0.248 0.940784665149114
v 2.10853069274989 0.142684390520612 0.905774713094901
v 2.15998777721972 0.572505411943308 1.06280983293362
v 2.46206784732032 0.658167439613472 0.997936593869832
v 2.23473088533619 0.0866240810327109 0.904745736546018
v 2.442039 0.131978099752968 0.981860648624813
v 2.13321809873795 0.557071754571793 1.06240245172895
v 2.07466650320625 0.600464006262777 1.082173
v 2.24490080070801 0.598699136872961 0.907786176018778
v 2.42124719037228 0.314630799221478 0.882173
v 2.2545155 -0.0075055 0.882173
v 2.2545155 -0.0075055 1.082173
v 2.10656829850886 0.649030079849086 0.929306204261067
v 2.540039 0.187548015750908 1.082173
v 2.17152962660313 0.105006031994694 0.904631613713766
v 2.257591 0.6894365 0.882173
v 2.257591 0.6894365 1.082173
v 2.526039 0.606242349431871 1.082173
v 2.09386450320625 0.155035940869619 1.05678203617091
v 2.15783010323265 0.645128398668575 0.882173
v 2.15757487467281 0.643564691048935 1.082173
v 2.18941535874938 0.611521930377515 0.882173
v 2.19054413443093 0.609544222503511 1.082173
v 2.51564924241788 0.27009467471986 1.082173
v 2.46714853284259 0.257247021927336 1.082173
v 2.442039 0.184931289921375 1.03453048540754
v 2.540039 0.047 0.972947288191469
v 1.93668263087879 0.22084582052984 0.993768251550524
v 2.26142637278514 0.599751294428966 1.05932529486887
v 2.42268849839687 0.248 1.082173
v 2.311038 0.248 0.952063631932431
v 2.311038 0.309364571547919 1.01739058138825
v 2.311038 0.336 0.943151779413436
v 2.29553187975821 0.615117250947997 1.082173
v 2.03244121689029 0.425973755847959 1.00369265925738
v 2.38499753753962 0.248 1.03331220445862
v 2.38996157500826 0.336 1.082173
v 2.20254767442799 0.0940824285611517 1.06347183635367
v 2.19676595021891 0.0958222330738304 0.900540384240038
v 1.91882445131844 0.364205496564264 1.05147728327389
v 2.17002395578198 0.674301150498312 1.05833999889526
v 1.98972611416495 0.339987478083635 0.882173
v 1.94240381257301 0.337129676755529 0.882173
v 1.96697912152238 0.205499087261912 0.882173
v 1.97076279540161 0.205492468644389 1.082173
v 2.442039 0.248 0.950946474995338
v 2.28098765566971 0.600996730986085 1.0579528277129
v 2.28178538625866 0.690922979209188 0.99251247157354
v 2.44913420003352 0.569394792046744 0.945083157343828
v 2.34150620021722 0.688037531586201 0.994159479610881
v 2.1671756482546 0.106943183953542 1.06691593808311
v 2.51907370450999 0.336 0.897411432146946
v 2.10658296428997 0.536880958676349 0.900873132106049
v 2.30287636792644 0.0471193323960541 1.082173
v 2.41708267237382 0.601255782610754 0.882173
v 2.15145122693942 0.668280611719266 1.05782962835436
v 2.23911571725276 0.0858660125706762 1.02034439166458
v 2.12103307074525 0.655875565039925 0.938574244911964
v 2.02031828968943 0.303871892409802 1.057173
v 2.02108644163788 0.299348776456525 1.00880750846532
v 2.02031756393443 0.3038833960616 0.956284333583718
v 2.02031828968943 0.303871892409802 0.907173
v 2.37579377787046 0.590812410885397 1.01627681767893
v 2.47812922836643 0.0227038764240053 0.908878571955524
v 2.43632227140483 0.573961069157647 1.06129845991846
v 2.51497359899654 0.0364608627707391 0.913099414444227
v 2.16217112656118 0.00849357035153359 0.977700745331012
v 2.02034752604014 0.376027357590198 1.057173
v 2.020387 0.376226 1.00346138971788
v 2.02074080593191 0.378006436094417 0.957261176996467
v 2.02023698742778 0.373911538568526 0.905854789180707
v 2.01819942151872 0.342475055339504 1.05534741815366
v 2.01843208039725 0.333769440124643 1.00792631374732
v 2.09427513977937 0.0356918182412955 1.0583039595473
v 2.08839109881602 0.0391761646272925 1.0100140901521
v 2.18217043874106 0.00245347790089818 1.05519352734862
v 2.1788738753412 0.00327414517919179 1.00793947607391
v 1.96376200027945 0.160268888916236 0.956200180043807
v 2.0184930381133 0.332803223792248 0.956105243798873
v 2.093039 0.0362590000000002 0.957173
v 1.96487962551189 0.158154990203935 0.91115043897539
v 2.01837027680879 0.34511108759593 0.908959368780634
v 2.09219333561424 0.0367897647764106 0.90752181701601
v 2.07148315874555 0.179583328353857 0.945368420968139
v 2.48214761858749 0.0832822437372229 1.082173
v 2.30230161108556 0.0531796633604238 0.882173
v 1.97958975419332 0.53830583250432 0.903555812498608
v 2.44048616895525 0.0346707089031807 0.882173
v 2.31290723708187 -0.00822645785186603 1.04353565273843
v 1.94020660080952 0.318845775924528 1.082173
v 2.20533482875189 0.682816097140799 1.02397050886509
v 2.526039 0.556150782684992 0.925019732671968
v 2.51894374088644 0.224392328989286 1.082173
v 2.49056884230345 0.0494808134107418 0.882173
v 2.13898175 0.041296 0.882173
v 2.14664925 0.090012 0.882173
v 2.14232815879157 0.0877468166723395 1.082173
v 2.311038 0.336 1.0575246463978
v 1.918653 0.3615945 0.882173
v 1.918653 0.3615945 1.082173
v 2.207924 0.6833045 0.882173
v 2.207924 0.6833045 1.082173
v 2.50983413692273 0.303361440455971 0.882173
v 2.20162401301656 -0.00106337085683186 0.942129603803957
v 2.540039 0.262342690478649 0.882173
v 2.45671312179375 0.188632136147024 0.882173
v 2.486598722196 0.188931463292304 0.882173
v 2.48532126900265 0.188489602352638 1.082173
v 2.09244000641251 0.156199447780465 0.942409169186544
v 2.4776549784196 0.278957392497149 1.082173
v 2.204786 -0.001635 0.882173
v 2.20420069574178 -0.00152918774543713 1.082173
v 2.38552779776707 0.0925933841887425 1.03626702755375
v 2.05087672627922 0.511089790397994 0.882173
v 2.05035460192381 0.511361540838471 1.082173
v 2.14034475 0.63952025 0.882173
v 2.14499368684189 0.592133844860987 0.882173
v 2.13851838679836 0.638699547742351 1.082173
v 2.14659785081125 0.595002508790345 1.082173
v 2.37312921890969 0.0182798624914728 1.082173
v 2.39212710824785 0.065335261765261 1.082173
v 2.540039 0.311489836019839 0.882173
v 2.33572606027409 0.623784729280486 1.082173
v 1.9186135 0.312589 0.882173
v 1.91855839223854 0.313442846756539 1.08209558564166
v 2.29917275244658 -0.00872284184764958 0.903321554268796
v 2.10799956914071 0.143118204055682 0.93129840909049
v 2.24752380096613 0.598866139233188 1.0227602409407
v 2.51592919872414 0.149786789225091 0.882173
v 2.41634509546053 0.248 0.96763310162
v 2.18128765921749 0.0740696603070895 0.882173
v 2.18082400055248 0.073338965100482 1.082173
v 2.17689843075364 0.029106166955419 0.882173
v 2.17779201514927 0.0266288116569088 1.082173
v 2.03370900758872 0.429692784041403 1.06575470089307
v 2.31127587339687 0.0117435633764293 0.882172999999999
v 2.00929568638955 0.575296663992643 0.978344629539524
v 2.38549312201955 0.296417049156006 0.882173
v 2.38445795470288 0.295200470549172 1.082173
v 2.42407395483235 0.263815319071549 0.882173
v 2.42373470563784 0.270035476119157 1.082173
v 2.40549118824973 0.676010041728086 0.908230337629162
v 1.93929379771084 0.46070164554119 0.965324129238656
v 2.48606136538124 0.119200705786231 1.082173
v 2.4201727589337 0.00603724419624768 0.939826192652257
v 2.00330622478245 0.107371550637696 0.989957597966089
v 1.91825260388048 0.355496950550186 0.931351853923935
v 2.04486029557946 0.456384530062559 1.06465044640533
v 1.9184057705956 0.357829494683327 0.99731788787269
v 2.44603299674635 0.0126941686846606 0.899440678345658
v 2.540039 0.119212331130803 0.965319221231564
v 2.540039 0.119765788403191 1.0379111124103
v 2.40202785208114 0.0247414940064552 1.082173
v 2.42407838977455 0.64866967677274 0.882173
v 2.526039 0.558010006262777 1.082173
v 1.9399546175012 0.462609762144949 0.99694573164989
v 2.47157275 0.631135125 1.082173
v 2.51951514959555 0.336 1.00058892511359
v 2.03861043535816 0.570057314280262 0.882173
v 2.07082650072856 0.538214605207474 0.882173
v 2.03921681995084 0.569788651515928 1.082173
v 2.06863617823021 0.541917758768336 1.082173
v 2.526039 0.585331413680772 1.01429076896248
v 2.160903 0.6713445 0.882173
v 2.160903 0.6713445 1.082173
v 2.526039 0.558066078719135 1.04654586698436
v 2.16377134873086 0.574121006262777 0.921468165554906
v 2.14455341765549 0.0386052838484982 1.082173
v 2.03780107718275 0.23655585445881 0.906054708040851
v 2.526039 0.534084108684537 0.953912152268688
v 2.526039 0.534028036228179 0.906086050756229
v 2.47285795746136 0.579859176492684 0.882173
v 2.47224287698719 0.578002997904848 1.082173
v 2.03336770777919 0.250081878505447 1.06692662637823
v 2.51534600648306 0.336 0.967087081751029
v 2.42380283826478 0.00689380714941096 1.0032314333656
v 1.92527621369679 0.411039016567973 0.882173
v 1.92522293612234 0.41077466111356 1.08165746006041
v 1.91864297453849 0.312132317702865 1.01645453888074
v 1.92617492428199 0.258162717054383 1.05786017859307
v 2.41608297112249 0.336 0.93165988508921
v 2.47769793199589 0.336 0.989726636371266
v 2.23633310210206 0.0862993786335771 0.987330117581415
v 2.43725772959935 0.666701444980427 1.02470985515543
v 2.15927644269434 0.00939812720259804 0.959099681423385
v 2.157864 0.0098395 0.882173
v 2.16024965386251 0.00909400942318105 1.0820734164793
v 2.46739861793314 0.656221619741054 0.882173
v 2.52110190757354 0.336 0.934342897408475
v 2.29859225348242 0.600591068565913 0.900606885060948
v 2.36561071842367 0.592914345817444 1.06455610406365
v 2.37044118788168 0.591917265073191 0.90301310421216
v 2.2728967876776 0.600481597963591 0.904385701184708
v 2.43888057592164 0.593011939668081 0.882173
v 2.46831627044184 0.632064484793268 0.882173
v 2.38398749519062 0.247973024387323 1.00548352906365
v 2.41997294248552 0.248 1.03314409710457
v 2.22759830070801 0.595326136872961 1.01347002873293
v 2.29676797835309 -0.00875767572283599 0.959430953280982
v 2.43421656069881 0.640378029366764 1.082173
v 2.44203103229378 0.108051832609802 0.958491930771504
v 2.08239121023733 0.512854217917521 1.06146269767126
v 1.93031804377739 0.239301590924242 1.0567418668057
v 2.0455393267745 0.221239085118324 1.06490088805847
v 2.01159030039054 0.429753077391337 1.082173
v 2.00288739338148 0.318329646818017 0.882173
v 2.540039 0.189567229543592 1.03460086126826
v 2.00308106995686 0.1076169236615 0.961692363806917
v 1.92478524914364 0.265130979684333 0.882173
v 1.924801 0.265052 1.082173
v 2.540039 0.223949964627031 0.970043143127129
v 2.540039 0.225025070295881 1.00259068971471
v 2.540039 0.257921657567517 0.969981125797129
v 2.540039 0.259136666860494 1.00251927498542
v 2.540039 0.189690986358161 0.969833540540771
v 2.540039 0.190607910802996 1.00267346757105
v 2.540039 0.156162209574723 1.00259068971514
v 2.540039 0.155914348747953 0.969914554957727
v 2.2637381737807 0.599898483214571 0.982705954296495
v 2.33958864960054 0.688276350942718 1.01991088358341
v 2.3430185 0.66496525 1.082173
v 2.17579561179186 0.608596954534477 1.082173
v 2.44968767493018 0.590374784722546 1.082173
v 2.45233169054427 0.631971255545998 1.082173
v 2.138101 0.663953 1.00166683884355
v 2.31623875 0.621863 0.882173
v 2.45033014030497 0.0491122272353694 1.082173
v 2.3862714227222 0.680631381243733 0.904091654875693
v 2.35408645658279 0.061402360021884 1.082173
v 2.3512172566249 0.0173848963844618 1.082173
v 2.44673571298608 0.336 1.0275838394223
v 2.38115529751866 0.336 0.970126298652508
v 2.12429216093964 0.657417936623571 0.899986566507818
v 2.24185143214542 -0.00676396966878875 1.02861205945613
v 2.116903 0.653921 0.882173
v 2.116903 0.653921 1.082173
v 2.442039 0.223194759388568 1.0035305512376
v 2.41492390275366 0.336 1.02912972172062
v 2.3804871548108 0.336 0.998297684247923
v 2.2670526477529 0.663896980646851 0.882173
v 2.39855984729188 0.6563831842646 0.882173
v 2.46119290236069 0.305194446927735 0.882173
v 2.47352472216147 0.0476292323461394 1.082173
v 2.452799375 0.08729225 1.082173
v 2.39736246806369 0.585593006262777 1.0635476401174
v 2.38150013358642 0.0186226930371527 0.882173
v 1.9373405 0.4550615 0.882173
v 1.9373405 0.4550615 1.082173
v 1.93039786984284 0.435014661104065 1.05755548512294
v 2.10854775 0.62447225 0.882173
v 2.49541894166034 0.336 1.06181055475663
v 2.48102581797366 0.651129296089148 0.943819899616566
v 2.29948251308288 0.0811014344923414 1.00779754625628
v 2.47078742090795 0.560754819825296 1.0156207456031
v 2.33352054904689 -0.00682454821149219 1.06873164103978
v 2.08392138674957 0.165756947055276 0.899911331560003
v 2.18826460581843 0.679596091629774 1.05872855803455
v 2.1140935 0.0265985 1.082173
v 2.00304752936419 0.107653476094351 0.901456664178195
v 2.07453655603556 0.0478716984879981 0.983101671477961
v 2.44351012983362 0.0848157421041093 0.882173
v 2.35604680240183 0.686188033804738 1.05902880094042
v 2.311038 0.31658032832677 0.899705545485523
v 2.24359990086428 -0.00686634929933859 0.963742296169777
v 2.07677429093666 0.631704416801217 0.882173
v 2.45738723907454 0.591678560756839 0.882173
v 2.39648452482839 0.585964906610289 0.89991912910228
v 2.277595 0.08215775 1.082173
v 2.37157934008133 0.0606464933995683 1.082173
v 2.540039 0.18857985125865 1.06581052913224
v 2.540039 0.156247408139588 1.03462278555779
v 2.37917884275792 0.336 1.06435943349218
v 2.50752582491425 0.543746156327233 1.0639949256982
v 2.3030015 -0.008315 0.882173
v 1.9553405 0.49761 0.882173
v 1.9553405 0.49761 1.082173
v 2.22037723361073 0.0891056016234997 1.06352972741795
v 2.03313725398793 0.250756372869315 1.007395914534
v 2.17018374758038 0.60613469409263 0.882173
v 2.48949287093883 0.552472162030248 1.05984151127152
v 1.93689 0.2202445 0.882173
v 2.52089235128632 0.11652529001168 0.882173
v 2.4679998794415 0.561963744706393 0.988170802995661
v 1.91797283327904 0.321065520189393 0.964511911805
v 2.07139411157583 0.179711318756804 0.999440559008357
v 1.9786115 0.536883 0.882173
v 2.32899904758854 0.0596309011413423 1.082173
v 2.18046669746171 0.582020012525554 1.02380851208112
v 2.48527 0.0256342500000001 0.882173
v 2.0738175 0.048323 0.882173
v 2.0738175 0.048323 1.082173
v 2.2073398875707 0.618630600601252 0.882173
v 2.20504428713485 0.615201907947075 1.082173
v 2.19121504282404 0.658201805402402 0.882173
v 2.19172031765474 0.658480703407314 1.082173
v 2.00307528033115 0.355997841163618 0.882173
v 1.94929504693716 0.368492158341703 0.882173
v 2.04074520156965 0.605225804302297 0.972946622285267
v 2.38643075 0.61159325 0.882173
v 2.27733340601509 0.667458606680607 1.082173
v 2.505923 0.5441205 0.882173
v 2.50553108556808 0.544775472842249 1.082173
v 1.954536 0.178485 1.082173
v 2.4151404239891 0.0701885505062233 0.882173
v 2.10714809855342 0.143813672039213 0.96182191894235
v 2.36713575653869 0.248 0.986160215278759
v 1.977395 0.1400935 0.882173
v 1.977395 0.1400935 1.082173
v 1.944367 0.198563 0.963876750349584
v 2.311038 0.248 0.904442492767315
v 2.0051245 0.10539 0.882173
v 2.14758756477072 0.0130507729122651 1.06348044180962
v 2.442039 0.227949512732117 1.05907525600777
v 2.46655013259826 0.0188969888333802 1.082173
v 2.4529453868662 0.336 1.05545265023827
v 2.540039 0.336 0.932854830108668
v 2.07228527576489 0.178430419386294 0.902869676013573
v 2.42589137209363 0.603971371627385 1.082173
v 2.311038 0.314 0.882173
v 2.311038 0.314 1.082173
v 2.11230240994882 0.0274203112726224 0.985394909337279
v 2.42236866106879 0.248 1.06039656673807
v 2.01301034889042 0.25279493991263 0.882173
v 2.28937238863668 0.0199042596414365 1.082173
v 2.42195775 0.00688425000000073 1.082173
v 2.02294233118114 0.0866912061429514 1.05688862897806
v 2.00864134643888 0.281881462639433 0.882173
v 2.47839764366721 0.336 1.02525057659183
v 2.38261326604696 0.248 0.901333038230871
v 2.42168527651781 0.248 0.899019248411187
v 2.442039 0.188632136147024 1.05912512304327
v 2.51994847984959 0.336 1.02013673908183
v 2.28996673623739 0.672866379484043 0.882173
v 2.30621606022893 0.667486653034476 1.082173
v 2.49242938819816 0.151767440324009 0.882173
v 1.97017700641251 0.422149336570249 0.882173
v 2.12462075 0.02176825 0.934953667451768
v 2.38815745971059 0.588061383943424 0.97247588717312
v 2.38555815594102 0.248 1.05938811802593
v 2.10858152548756 0.538614424097252 1.00077363570334
v 2.13277094546341 0.556776503355272 0.898001831356942
v 2.4848431913103 0.296595443763851 0.882173
v 2.45949595351006 0.262756187445542 0.882173
v 1.97568923142696 0.236987823089954 0.882173
v 2.3269915805629 0.598528558082956 1.01720681169424
v 2.210168 0.591945 1.00873920420766
v 2.33824433236814 0.597229300615634 0.910629791887
v 2.442039 0.222706001251109 0.973703721044683
v 2.442039 0.198343159908873 0.943120126817805
v 2.32330413808935 0.0822528632750513 0.991347663464638
v 2.13243942789124 0.0181807823437581 1.02233201562044
v 2.13996880249482 0.0154315522755119 0.930854198732284
v 2.00302771528811 0.107675069412403 1.00593864056729
v 2.51781284278396 0.336 0.882173
v 2.526039 0.593777102277119 0.944681461564496
v 2.526039 0.556938686655101 0.973988836195196
v 2.540039 0.187334323058073 0.901742415186496
v 2.540039 0.19982617669967 0.882173
v 2.30056017549969 0.690747174359571 1.01182755875043
v 1.92590179415177 0.414143054377096 0.922429310169584
v 2.5160150699493 0.19174862232911 0.882173
v 2.51699281521099 0.217294781627984 0.882173
v 2.442039 0.188632136147024 0.882173
v 2.442039 0.188632136147024 1.082173
v 2.47138724358749 0.188632136147024 0.882173
v 2.51870412624699 0.336 0.982417124414819
v 2.50024837762154 0.259107624599191 0.882173
v 1.93706654788372 0.339418010692512 1.082173
v 2.48341400118045 0.336 0.941262708156818
v 2.52047173468052 0.336 0.952563340912332
v 2.442039 0.150408511238968 0.964714735392658
v 1.96575696874888 0.39264714554119 1.082173
v 2.23477072635339 0.0723062298311661 0.882173
v 2.00378262820625 0.313128642409802 1.082173
v 2.42531278335221 0.00725009771643426 1.0591555742795
v 2.11597801756483 0.653483250033509 1.06656274976909
v 2.540039 0.256410876472495 1.082173
v 2.526039 0.552366152514693 0.997416675150302
v 2.43296923640724 0.0896311129424241 1.082173
v 2.3847403439 0.248 0.882173
v 2.38598012661093 0.272633964920957 1.082173
v 2.42268849839687 0.248 0.882173
v 2.072003 0.501129 1.0380382960715
f 1 503 241
f 1 241 1278
f 1 1425 503
f 1 1278 1400
f 1 1400 1344
f 1 1344 1425
f 2 280 911
f 2 1401 280
f 2 911 1426
f 2 1177 1401
f 2 1669 1177
f 2 1426 1391
f 2 1391 1669
f 3 666 643
f 3 643 1510
f 3 1425 666
f 3 1018 934
f 3 934 1098
f 3 1510 1018
f 3 1098 1425
f 4 823 1245
f 4 1511 823
f 4 1092 827
f 4 827 1511
f 4 1426 1092
f 4 1245 1391
f 4 1391 1426
f 5 1478 486
f 5 486 1598
f 5 690 1057
f 5 1278 690
f 5 1057 1478
f 5 1400 1278
f 5 1598 1400
f 6 177 989
f 6 1177 177
f 6 923 693
f 6 693 1341
f 6 1479 923
f 6 989 1479
f 6 1401 1177
f 6 1341 1401
f 7 298 537
f 7 1510 298
f 7 412 1018
f 7 1035 412
f 7 537 1582
f 7 1018 1510
f 7 1582 1035
f 8 931 12
f 8 12 1120
f 8 922 823
f 8 823 1511
f 8 1120 922
f 8 1504 931
f 8 1481 1504
f 8 1511 1481
f 9 1057 829
f 9 829 1078
f 9 1478 1057
f 9 1078 1548
f 9 1199 1478
f 9 1548 1199
f 10 923 1479
f 10 1550 923
f 10 1549 928
f 10 928 1550
f 10 989 943
f 10 943 1549
f 10 1479 989
f 11 785 407
f 11 407 1035
f 11 668 785
f 11 1345 668
f 11 1035 1582
f 11 1582 1345
f 12 931 866
f 12 866 1071
f 12 1071 1604
f 12 1346 1120
f 12 1604 1346
f 13 864 980
f 13 1078 864
f 13 980 1576
f 13 1548 1078
f 13 1116 1168
f 13 1576 1116
f 13 1168 1548
f 14 920 928
f 14 1063 920
f 14 928 1549
f 14 1577 1063
f 14 1074 1117
f 14 1549 1074
f 14 1117 1577
f 15 668 436
f 15 436 1112
f 15 785 668
f 15 1382 785
f 15 1112 1608
f 15 1608 1382
f 16 1071 1180
f 16 1604 1071
f 16 1246 1100
f 16 1100 1609
f 16 1113 1161
f 16 1609 1113
f 16 1161 1604
f 16 1180 1246
f 17 980 714
f 17 714 1388
f 17 1576 980
f 17 1075 1288
f 17 1587 1075
f 17 1288 1576
f 17 1388 1587
f 18 613 1007
f 18 1218 613
f 18 1007 805
f 18 805 1063
f 18 1063 1577
f 18 1076 1218
f 18 1289 1076
f 18 1577 1289
f 19 1010 286
f 19 286 1608
f 19 1560 1010
f 19 1608 1279
f 19 1279 1612
f 19 1612 1560
f 20 26 1038
f 20 1088 26
f 20 778 1088
f 20 1100 778
f 20 1038 1280
f 20 1609 1100
f 20 1280 1609
f 21 31 702
f 21 1008 31
f 21 702 1217
f 21 710 1008
f 21 1388 710
f 21 1217 1587
f 21 1587 1388
f 22 703 32
f 22 32 1043
f 22 1007 613
f 22 613 1218
f 22 1218 703
f 22 818 1007
f 22 1043 818
f 23 1212 27
f 23 27 1507
f 23 29 1372
f 23 1597 29
f 23 1383 1212
f 23 1507 1343
f 23 1343 1597
f 23 1372 1383
f 24 28 1211
f 24 1675 28
f 24 779 30
f 24 30 793
f 24 1373 779
f 24 793 816
f 24 816 1675
f 24 1211 1373
f 25 765 45
f 25 45 1276
f 25 1036 765
f 25 1276 856
f 25 856 1560
f 25 1612 1036
f 25 1560 1612
f 26 46 766
f 26 1000 46
f 26 766 1038
f 26 1627 1000
f 26 1088 1627
f 27 821 33
f 27 33 1628
f 27 771 1507
f 27 1628 771
f 27 1363 821
f 27 1212 1363
f 28 644 34
f 28 34 1360
f 28 978 644
f 28 1675 978
f 28 1360 1211
f 29 809 35
f 29 35 1111
f 29 563 809
f 29 1597 563
f 29 1111 1372
f 30 36 662
f 30 915 36
f 30 662 793
f 30 779 1369
f 30 1369 915
f 31 47 801
f 31 1006 47
f 31 535 1006
f 31 1008 535
f 31 1460 702
f 31 801 1460
f 32 48 750
f 32 802 48
f 32 750 475
f 32 475 1043
f 32 703 1462
f 32 1462 802
f 33 1470 39
f 33 39 1624
f 33 1624 798
f 33 798 1628
f 33 821 1040
f 33 1040 1470
f 34 1209 40
f 34 40 1475
f 34 644 1209
f 34 1142 1360
f 34 1475 1142
f 35 37 1034
f 35 1198 37
f 35 809 277
f 35 277 1198
f 35 1034 1111
f 36 1436 38
f 36 38 1506
f 36 915 222
f 36 222 1436
f 36 1506 662
f 37 41 223
f 37 787 41
f 37 223 1034
f 37 1198 787
f 38 42 788
f 38 1449 42
f 38 1436 403
f 38 403 1449
f 38 788 1290
f 38 1290 1506
f 39 43 1188
f 39 1470 43
f 39 1295 620
f 39 620 1624
f 39 1188 1295
f 40 1189 44
f 40 44 1505
f 40 770 1475
f 40 1505 770
f 40 1296 1189
f 40 1209 1296
f 41 49 405
f 41 1415 49
f 41 405 223
f 41 787 459
f 41 459 1415
f 42 172 50
f 42 50 1416
f 42 427 172
f 42 1449 427
f 42 1416 788
f 43 51 1037
f 43 1165 51
f 43 716 1165
f 43 1470 716
f 43 1037 1188
f 44 52 721
f 44 1039 52
f 44 721 1505
f 44 1189 1039
f 45 1087 192
f 45 192 1276
f 45 765 1182
f 45 1591 1087
f 45 1182 1591
f 46 1000 194
f 46 194 1086
f 46 1183 766
f 46 1086 1592
f 46 1592 1183
f 47 1006 799
f 47 799 1160
f 47 1012 801
f 47 1566 1012
f 47 1160 1566
f 48 60 812
f 48 1013 60
f 48 812 750
f 48 802 1309
f 48 1309 1013
f 49 55 428
f 49 1461 55
f 49 428 405
f 49 1415 1461
f 50 56 1108
f 50 1503 56
f 50 172 1684
f 50 1108 1416
f 50 1684 1503
f 51 57 1257
f 51 1557 57
f 51 1257 1037
f 51 1165 1618
f 51 1618 1557
f 52 1258 58
f 52 58 1320
f 52 858 721
f 52 1320 858
f 52 1039 1258
f 53 65 607
f 53 1104 65
f 53 607 1384
f 53 983 1104
f 53 1591 983
f 53 1384 1087
f 53 1087 1591
f 54 1375 981
f 54 981 1559
f 54 1105 984
f 54 984 1592
f 54 1086 1375
f 54 1592 1086
f 54 1559 1105
f 55 1146 61
f 55 61 1354
f 55 216 428
f 55 1354 216
f 55 1461 1146
f 56 218 62
f 56 62 1147
f 56 1503 218
f 56 1463 1108
f 56 1147 1463
f 57 63 1231
f 57 1303 63
f 57 1231 364
f 57 364 1257
f 57 452 1303
f 57 1557 452
f 58 64 794
f 58 1232 64
f 58 794 1320
f 58 1258 1232
f 59 1160 290
f 59 290 1244
f 59 1551 1012
f 59 1012 1566
f 59 1566 1160
f 59 1536 1175
f 59 1175 1551
f 59 1244 1534
f 59 1534 1536
f 60 292 812
f 60 1677 292
f 60 1013 1176
f 60 1176 1537
f 60 1537 1677
f 61 1127 69
f 61 69 1642
f 61 464 1354
f 61 1642 464
f 61 1146 1127
f 62 70 1128
f 62 1308 70
f 62 218 468
f 62 468 1308
f 62 1128 1147
f 63 891 71
f 63 71 1048
f 63 453 891
f 63 1303 453
f 63 1048 1231
f 64 72 723
f 64 1049 72
f 64 723 456
f 64 456 794
f 64 1232 1049
f 65 737 607
f 65 1487 737
f 65 1396 1101
f 65 1101 1487
f 65 1104 1396
f 66 981 740
f 66 740 1613
f 66 1559 981
f 66 1102 1469
f 66 1488 1102
f 66 1469 1105
f 66 1105 1559
f 66 1613 1488
f 67 593 1072
f 67 1534 593
f 67 1072 1465
f 67 1321 1417
f 67 1465 1321
f 67 1417 1536
f 67 1536 1534
f 68 1357 1132
f 68 1132 1677
f 68 1419 1322
f 68 1322 1466
f 68 1466 1357
f 68 1537 1419
f 68 1677 1537
f 69 73 1061
f 69 1418 73
f 69 1061 654
f 69 654 1642
f 69 1127 1418
f 70 1304 74
f 70 74 1420
f 70 660 1304
f 70 1308 660
f 70 1420 1128
f 71 77 1269
f 71 1316 77
f 71 891 1316
f 71 1397 1048
f 71 1269 1397
f 72 1270 78
f 72 78 1352
f 72 1131 723
f 72 1049 1398
f 72 1352 1131
f 72 1398 1270
f 73 81 1196
f 73 1323 81
f 73 1196 1061
f 73 1580 1323
f 73 1418 1580
f 74 1251 82
f 74 82 1324
f 74 513 1251
f 74 1304 513
f 74 1324 1523
f 74 1523 1420
f 75 566 836
f 75 1412 566
f 75 836 608
f 75 608 1487
f 75 1155 1412
f 75 1434 1155
f 75 1487 1434
f 76 741 1377
f 76 1488 741
f 76 1377 1041
f 76 1041 1413
f 76 1413 1156
f 76 1156 1435
f 76 1435 1488
f 77 83 1282
f 77 1340 83
f 77 1316 259
f 77 259 1340
f 77 1432 1269
f 77 1282 1432
f 78 1283 84
f 78 84 1339
f 78 1339 261
f 78 261 1352
f 78 1270 1433
f 78 1433 1283
f 79 1072 1017
f 79 1017 1099
f 79 1465 1072
f 79 1099 1402
f 79 1402 1260
f 79 1260 1595
f 79 1299 1465
f 79 1595 1299
f 80 1403 1015
f 80 1015 1558
f 80 1261 1403
f 80 1596 1261
f 80 1466 1300
f 80 1300 1596
f 80 1342 1466
f 80 1558 1342
f 81 996 89
f 81 89 1310
f 81 878 1196
f 81 1310 878
f 81 1593 996
f 81 1323 1593
f 82 985 90
f 82 90 1191
f 82 1251 985
f 82 1191 1594
f 82 1594 1324
f 83 1306 91
f 83 91 1674
f 83 257 1306
f 83 1340 257
f 83 1059 1282
f 83 1674 1059
f 84 1060 92
f 84 92 1578
f 84 1283 1060
f 84 1578 1339
f 85 198 368
f 85 1155 198
f 85 368 1312
f 85 790 566
f 85 566 1412
f 85 1003 790
f 85 1312 1003
f 85 1412 1155
f 86 942 351
f 86 351 1156
f 86 1041 387
f 86 387 1313
f 86 1313 942
f 86 1413 1041
f 86 1156 1413
f 87 325 944
f 87 1099 325
f 87 401 1260
f 87 1317 401
f 87 944 1317
f 87 1402 1099
f 87 1260 1402
f 88 240 910
f 88 1261 240
f 88 992 463
f 88 463 1015
f 88 910 1318
f 88 1318 992
f 88 1015 1403
f 88 1403 1261
f 89 1197 95
f 89 95 1494
f 89 996 1190
f 89 1190 1197
f 89 1494 1310
f 90 96 774
f 90 1330 96
f 90 985 497
f 90 497 1330
f 90 774 1191
f 91 99 918
f 91 1205 99
f 91 605 1205
f 91 1306 605
f 91 918 1089
f 91 1089 1674
f 92 1109 870
f 92 870 1578
f 92 1090 919
f 92 919 1569
f 92 1060 1090
f 92 1569 1109
f 93 768 199
f 93 199 1437
f 93 529 1003
f 93 1427 529
f 93 1312 768
f 93 1003 1312
f 93 1575 1427
f 93 1437 1575
f 94 574 109
f 94 109 1625
f 94 388 532
f 94 1313 388
f 94 532 574
f 94 942 1313
f 94 1625 942
f 95 1271 110
f 95 110 1491
f 95 1197 1271
f 95 1491 1494
f 96 1284 774
f 96 946 1093
f 96 1348 946
f 96 1093 1335
f 96 1335 1284
f 96 1330 1348
f 97 461 106
f 97 106 1634
f 97 462 461
f 97 944 462
f 97 1317 944
f 97 1541 1317
f 97 1634 1541
f 98 107 1004
f 98 1635 107
f 98 1318 910
f 98 910 1601
f 98 1004 992
f 98 992 1318
f 98 1601 1635
f 99 378 108
f 99 108 1387
f 99 764 378
f 99 1205 764
f 99 1387 918
f 100 113 871
f 100 1588 113
f 100 871 1109
f 100 919 1355
f 100 1569 919
f 100 1109 1569
f 100 1355 1588
f 101 251 190
f 101 190 862
f 101 828 251
f 101 678 285
f 101 285 828
f 101 862 678
f 102 884 767
f 102 767 1226
f 102 1611 884
f 102 1226 973
f 102 973 1611
f 103 577 435
f 103 435 854
f 103 657 577
f 103 1227 657
f 103 854 1227
f 104 849 974
f 104 1564 849
f 104 974 1228
f 104 1228 1026
f 104 1026 1620
f 104 1620 1564
f 105 1229 972
f 105 972 1399
f 105 1027 1229
f 105 1621 1027
f 105 1399 1621
f 106 808 114
f 106 114 1119
f 106 461 808
f 106 1119 1634
f 107 115 306
f 107 1635 115
f 107 306 1094
f 107 1094 1004
f 108 378 116
f 108 116 780
f 108 780 1387
f 109 117 991
f 109 1556 117
f 109 574 1390
f 109 991 1625
f 109 1390 1556
f 110 916 118
f 110 118 1648
f 110 1527 916
f 110 1271 1527
f 110 1648 1491
f 111 926 119
f 111 119 1424
f 111 946 926
f 111 1093 946
f 111 1106 1093
f 111 1424 1106
f 112 1185 121
f 112 121 1266
f 112 1266 211
f 112 211 1427
f 112 1437 1185
f 112 1427 1575
f 112 1575 1437
f 113 122 947
f 113 1530 122
f 113 947 871
f 113 1588 1530
f 114 307 123
f 114 123 494
f 114 203 307
f 114 808 203
f 114 494 558
f 114 558 1119
f 115 1522 120
f 115 120 1563
f 115 1563 306
f 115 1635 1522
f 116 174 125
f 116 125 283
f 116 376 174
f 116 283 780
f 116 378 376
f 117 604 124
f 117 124 1531
f 117 1556 604
f 117 1531 991
f 118 126 1493
f 118 1600 126
f 118 916 1121
f 118 1121 1600
f 118 1493 1648
f 119 127 952
f 119 1492 127
f 119 926 399
f 119 399 1492
f 119 952 1122
f 119 1122 1424
f 120 353 128
f 120 128 701
f 120 1522 353
f 120 701 1563
f 121 131 444
f 121 1547 131
f 121 1185 206
f 121 206 1547
f 121 444 208
f 121 208 1266
f 122 129 1065
f 122 1422 129
f 122 402 947
f 122 1065 402
f 122 1570 1422
f 122 1530 1570
f 123 130 494
f 123 1529 130
f 123 307 1529
f 124 1239 132
f 124 132 1421
f 124 604 1239
f 124 1421 1531
f 125 174 1064
f 125 1272 283
f 125 1064 1028
f 125 1028 1272
f 126 1356 138
f 126 138 1568
f 126 1600 1356
f 126 1568 1493
f 127 139 1233
f 127 1546 139
f 127 1492 373
f 127 373 1546
f 127 1233 952
f 128 1011 137
f 128 137 1033
f 128 255 701
f 128 1033 255
f 128 353 1011
f 129 570 136
f 129 136 1065
f 129 1422 570
f 130 1443 135
f 130 135 1542
f 130 1542 494
f 130 1529 1443
f 131 140 213
f 131 1130 140
f 131 213 444
f 131 1547 1130
f 132 1239 210
f 132 210 1676
f 132 1454 1421
f 132 1626 1454
f 132 1676 1626
f 133 1302 167
f 133 167 1607
f 133 648 813
f 133 909 648
f 133 813 1302
f 133 1607 909
f 134 1268 141
f 134 141 1562
f 134 1028 1064
f 134 1272 1028
f 134 1064 1166
f 134 1166 1268
f 134 1605 1272
f 134 1562 1605
f 135 722 146
f 135 146 1455
f 135 1443 722
f 135 1455 1542
f 136 142 1115
f 136 1680 142
f 136 570 784
f 136 784 1680
f 136 1096 1065
f 136 1115 1096
f 137 147 250
f 137 1501 147
f 137 250 1033
f 137 1011 557
f 137 557 1501
f 138 148 516
f 138 1495 148
f 138 546 366
f 138 366 1568
f 138 516 546
f 138 1356 1495
f 139 1366 149
f 139 149 1524
f 139 1619 1233
f 139 1546 1366
f 139 1524 1619
f 140 1389 150
f 140 150 1451
f 140 1451 213
f 140 1130 1389
f 141 763 1030
f 141 1268 763
f 141 1030 987
f 141 987 1068
f 141 1068 1562
f 142 289 636
f 142 1031 289
f 142 603 1031
f 142 1069 603
f 142 636 1115
f 142 1545 1069
f 142 1680 1545
f 143 663 612
f 143 612 834
f 143 1056 663
f 143 834 1631
f 143 1441 907
f 143 907 1644
f 143 1644 1056
f 143 1683 1441
f 143 1631 1683
f 144 664 781
f 144 1614 664
f 144 781 1326
f 144 831 1614
f 144 1623 831
f 144 1326 945
f 144 945 1442
f 144 1442 1331
f 144 1331 1623
f 145 1263 178
f 145 178 1626
f 145 1153 189
f 145 189 1615
f 145 1676 1153
f 145 1615 1263
f 145 1626 1676
f 146 722 1213
f 146 1213 1489
f 146 1250 1455
f 146 1489 1250
f 147 155 1020
f 147 1458 155
f 147 1020 250
f 147 1525 1458
f 147 1501 1525
f 148 152 514
f 148 1473 152
f 148 514 516
f 148 1567 1473
f 148 1495 1567
f 149 1054 153
f 149 153 1474
f 149 1366 1054
f 149 1474 1524
f 150 1365 642
f 150 642 1451
f 150 1389 1225
f 150 1225 1590
f 150 1590 1365
f 151 158 700
f 151 1140 158
f 151 700 1544
f 151 840 1140
f 151 1615 840
f 151 1544 1263
f 151 1263 1615
f 152 1473 350
f 152 350 1602
f 152 555 514
f 152 1602 555
f 153 348 1474
f 153 1603 348
f 153 1054 1581
f 153 1581 1574
f 153 1574 1603
f 154 161 914
f 154 1062 161
f 154 893 1062
f 154 1213 893
f 154 914 1496
f 154 1489 1213
f 154 1496 1489
f 155 162 185
f 155 913 162
f 155 185 1020
f 155 1458 913
f 156 246 815
f 156 920 246
f 156 287 920
f 156 1256 287
f 156 815 921
f 156 921 1457
f 156 1457 1256
f 157 917 163
f 157 163 1091
f 157 1395 917
f 157 1091 1367
f 157 1367 1365
f 157 1365 1590
f 157 1590 1395
f 158 164 951
f 158 1140 164
f 158 951 700
f 159 822 1051
f 159 1602 822
f 159 1051 1472
f 159 1472 1602
f 160 825 1050
f 160 1574 825
f 160 1050 1456
f 160 1456 1603
f 160 1603 1574
f 161 482 581
f 161 1062 482
f 161 581 1084
f 161 1084 914
f 162 1281 185
f 162 913 1126
f 162 1009 1281
f 162 1319 1009
f 162 1126 1319
f 163 629 1091
f 163 1237 629
f 163 917 930
f 163 930 1254
f 163 1254 1237
f 164 1255 951
f 164 1253 982
f 164 982 1255
f 164 1140 1253
f 165 340 239
f 165 239 1423
f 165 1353 340
f 165 1423 1162
f 165 1162 1655
f 165 1655 1353
f 166 582 339
f 166 339 1220
f 166 902 582
f 166 752 902
f 166 1220 752
f 167 219 669
f 167 908 219
f 167 669 1607
f 167 1302 908
f 168 584 176
f 168 176 988
f 168 419 402
f 168 402 1414
f 168 988 419
f 168 1414 584
f 169 865 175
f 169 175 1610
f 169 288 509
f 169 1610 288
f 169 509 1179
f 169 1179 865
f 170 795 322
f 170 322 1343
f 170 771 795
f 170 1507 771
f 170 1343 1507
f 171 296 678
f 171 840 296
f 171 678 583
f 171 583 782
f 171 782 840
f 172 427 1684
f 173 448 775
f 173 1379 448
f 173 776 509
f 173 509 1379
f 173 775 776
f 174 732 245
f 174 245 1064
f 174 376 1137
f 174 1137 732
f 175 1329 724
f 175 724 1610
f 175 865 1329
f 176 732 418
f 176 418 988
f 176 584 1208
f 176 640 732
f 176 1208 640
f 177 883 793
f 177 793 1673
f 177 1177 883
f 177 1673 989
f 178 784 553
f 178 553 1454
f 178 1528 784
f 178 1263 1528
f 178 1454 1626
f 179 700 951
f 179 1386 700
f 179 1148 874
f 179 874 1445
f 179 951 899
f 179 899 1148
f 179 1069 1386
f 179 1445 1069
f 180 473 650
f 180 956 473
f 180 586 1264
f 180 1380 586
f 180 650 1362
f 180 1361 956
f 180 1264 1361
f 180 1362 1380
f 181 422 531
f 181 532 422
f 181 531 882
f 181 1390 532
f 181 882 1390
f 182 300 1037
f 182 1279 300
f 182 364 1036
f 182 1257 364
f 182 1036 1279
f 182 1037 1257
f 183 1039 301
f 183 301 1280
f 183 1038 365
f 183 365 1258
f 183 1280 1038
f 183 1258 1039
f 184 1070 682
f 184 682 1553
f 184 894 762
f 184 762 1070
f 184 1305 894
f 184 1019 1305
f 184 1553 1019
f 185 484 188
f 185 188 520
f 185 1281 484
f 185 520 1020
f 186 857 195
f 186 195 954
f 186 1509 857
f 186 954 957
f 186 957 1447
f 186 1447 1509
f 187 957 196
f 187 196 1627
f 187 1088 778
f 187 778 1206
f 187 1206 957
f 187 1627 1088
f 188 484 481
f 188 481 762
f 188 894 520
f 188 762 894
f 189 863 840
f 189 840 1615
f 189 1153 863
f 190 251 642
f 190 641 862
f 190 949 641
f 190 642 1365
f 190 1365 949
f 191 1379 288
f 191 288 1610
f 191 785 356
f 191 356 1379
f 191 408 785
f 191 1610 408
f 192 264 958
f 192 1087 264
f 192 958 856
f 192 856 1276
f 193 954 195
f 193 195 958
f 193 959 954
f 193 958 1561
f 193 1172 959
f 193 1561 1172
f 194 196 959
f 194 1000 196
f 194 959 263
f 194 263 1086
f 195 857 958
f 196 957 954
f 196 954 959
f 196 1000 1627
f 197 205 297
f 197 844 205
f 197 297 797
f 197 797 727
f 197 727 1135
f 197 1135 844
f 198 903 368
f 198 449 1059
f 198 1155 449
f 198 1089 903
f 198 1059 1089
f 199 1387 568
f 199 568 1437
f 199 768 903
f 199 903 918
f 199 918 1387
f 200 802 438
f 200 438 1147
f 200 543 1013
f 200 1128 543
f 200 1309 802
f 200 1013 1309
f 200 1147 1128
f 201 414 397
f 201 397 500
f 201 1103 414
f 201 500 499
f 201 499 1103
f 202 437 801
f 202 1146 437
f 202 1012 542
f 202 542 1127
f 202 801 1012
f 202 1127 1146
f 203 204 457
f 203 1292 204
f 203 457 307
f 203 808 487
f 203 487 1292
f 204 844 457
f 204 488 489
f 204 1292 488
f 204 489 1273
f 204 1273 844
f 205 1171 297
f 205 844 1273
f 205 1351 1171
f 205 1273 1351
f 206 283 547
f 206 780 283
f 206 547 1547
f 206 568 780
f 206 1185 568
f 207 226 1370
f 207 1371 226
f 207 1248 586
f 207 586 1249
f 207 1370 1248
f 207 1249 1371
f 208 571 211
f 208 211 1266
f 208 444 1274
f 208 1274 571
f 209 416 447
f 209 674 416
f 209 447 1239
f 209 604 606
f 209 1239 604
f 209 606 674
f 210 447 215
f 210 215 1676
f 210 1239 447
f 211 417 528
f 211 571 417
f 211 528 1427
f 212 474 967
f 212 1599 474
f 212 712 811
f 212 967 712
f 212 811 1073
f 212 1073 1599
f 213 642 251
f 213 251 828
f 213 1446 444
f 213 1451 642
f 213 828 1446
f 214 1097 284
f 214 284 1446
f 214 828 285
f 214 285 1097
f 214 1446 828
f 215 447 1477
f 215 994 863
f 215 863 1676
f 215 1477 994
f 216 1207 428
f 216 464 465
f 216 1354 464
f 216 465 726
f 216 726 1207
f 217 430 429
f 217 429 431
f 217 1221 430
f 217 431 726
f 217 726 933
f 217 933 1641
f 217 976 1221
f 217 1641 976
f 218 976 468
f 218 1221 976
f 218 1684 1221
f 218 1503 1684
f 219 1431 669
f 219 908 696
f 219 696 1431
f 220 1293 226
f 220 226 1371
f 220 1111 305
f 220 305 1293
f 220 347 1111
f 220 1371 347
f 221 224 222
f 221 222 915
f 221 1294 224
f 221 1252 226
f 221 226 1336
f 221 915 346
f 221 346 1252
f 221 1336 1294
f 222 224 1436
f 223 391 305
f 223 305 1034
f 223 405 391
f 224 1294 403
f 224 403 1436
f 225 226 1293
f 225 1336 226
f 225 248 404
f 225 1293 248
f 225 404 1336
f 226 1252 1370
f 227 1068 228
f 227 228 1583
f 227 917 369
f 227 369 1068
f 227 624 930
f 227 1583 624
f 227 930 917
f 228 1068 602
f 228 602 1636
f 228 1430 1583
f 228 1636 1430
f 229 626 1430
f 229 1662 626
f 229 1408 875
f 229 875 1662
f 229 1079 1408
f 229 1636 1079
f 229 1430 1636
f 230 1201 231
f 230 231 1202
f 230 977 616
f 230 616 1452
f 230 619 977
f 230 1202 619
f 230 1452 1201
f 231 1201 232
f 231 232 1453
f 231 233 1154
f 231 1453 233
f 231 1154 1202
f 232 1518 876
f 232 876 1572
f 232 1201 960
f 232 960 1518
f 232 999 1453
f 232 1572 999
f 233 899 982
f 233 1238 899
f 233 982 1154
f 233 1453 1238
f 234 1052 860
f 234 860 1512
f 234 877 937
f 234 1516 877
f 234 937 1242
f 234 1512 961
f 234 961 1516
f 234 1242 1052
f 235 861 548
f 235 548 997
f 235 1513 861
f 235 1508 876
f 235 876 1517
f 235 961 1513
f 235 1517 961
f 235 997 1508
f 236 420 237
f 236 237 1277
f 236 627 239
f 236 239 807
f 236 807 420
f 236 1277 623
f 236 623 1406
f 236 1406 627
f 237 420 1085
f 237 860 1277
f 237 1514 860
f 237 890 962
f 237 1085 890
f 237 962 1514
f 238 582 998
f 238 1066 582
f 238 998 861
f 238 861 1515
f 238 962 1066
f 238 1515 962
f 239 340 807
f 239 627 1423
f 240 561 1191
f 240 1261 561
f 240 774 904
f 240 1191 774
f 240 904 910
f 241 503 242
f 241 242 1448
f 241 1448 1278
f 242 243 1192
f 242 1585 243
f 242 503 278
f 242 278 1585
f 242 1192 1448
f 243 841 281
f 243 281 1450
f 243 1585 841
f 243 1450 1192
f 244 692 691
f 244 691 1210
f 244 1450 692
f 244 1210 1192
f 244 1192 1450
f 245 758 637
f 245 637 1166
f 245 732 640
f 245 640 758
f 245 1166 1064
f 246 805 806
f 246 1063 805
f 246 806 815
f 246 920 1063
f 247 728 727
f 247 727 797
f 247 1305 728
f 247 797 1485
f 247 1485 1305
f 248 391 425
f 248 1293 391
f 248 424 404
f 248 425 424
f 249 1244 290
f 249 290 1314
f 249 1359 593
f 249 593 1534
f 249 1534 1244
f 249 1314 1359
f 250 383 1033
f 250 1485 383
f 250 1020 1181
f 250 1181 1485
f 252 307 844
f 252 1529 307
f 252 1135 725
f 252 725 1443
f 252 844 1135
f 252 1443 1529
f 253 1130 392
f 253 392 1605
f 253 545 1389
f 253 1562 545
f 253 1389 1130
f 253 1605 1562
f 254 636 289
f 254 289 1178
f 254 826 611
f 254 611 940
f 254 940 636
f 254 1178 826
f 255 297 308
f 255 797 297
f 255 308 1563
f 255 383 797
f 255 1033 383
f 255 1563 701
f 256 1119 299
f 256 299 1271
f 256 1634 1119
f 256 1271 1197
f 256 1197 1541
f 256 1541 1634
f 257 259 935
f 257 1340 259
f 257 935 1200
f 257 1200 1306
f 258 676 924
f 258 935 676
f 258 924 979
f 258 1200 935
f 258 941 1200
f 258 1484 941
f 258 979 1484
f 259 892 995
f 259 1316 892
f 259 995 935
f 260 1141 290
f 260 290 1160
f 260 800 744
f 260 744 1141
f 260 799 800
f 260 1160 799
f 261 936 653
f 261 653 1131
f 261 675 924
f 261 1339 675
f 261 924 936
f 261 1131 1352
f 262 816 883
f 262 978 816
f 262 883 1391
f 262 1144 978
f 262 1245 1144
f 262 1391 1245
f 263 354 1086
f 263 1376 354
f 263 959 1172
f 263 1172 1376
f 264 1087 358
f 264 358 1173
f 264 1173 958
f 265 963 266
f 265 266 993
f 265 523 974
f 265 993 523
f 265 755 963
f 265 1230 755
f 265 974 1230
f 266 963 1533
f 266 1482 993
f 266 1223 1482
f 266 1533 1223
f 267 756 964
f 267 1163 756
f 267 963 1163
f 267 1533 963
f 267 964 1540
f 267 1540 1533
f 268 1179 349
f 268 349 1180
f 268 866 865
f 268 865 1179
f 268 1071 866
f 268 1180 1071
f 269 270 964
f 269 1573 270
f 269 972 748
f 269 748 1573
f 269 964 1164
f 269 1164 972
f 270 749 274
f 270 274 1539
f 270 534 964
f 270 1539 534
f 270 1338 749
f 270 1573 1338
f 271 661 1186
f 271 1327 661
f 271 671 1187
f 271 1538 671
f 271 1187 826
f 271 826 1327
f 271 1186 1538
f 272 905 534
f 272 534 965
f 272 1223 905
f 272 965 1047
f 272 970 966
f 272 966 1223
f 272 1047 970
f 273 673 1483
f 273 1629 673
f 273 1047 965
f 273 965 1532
f 273 970 1047
f 273 1483 970
f 273 1532 1219
f 273 1219 1629
f 274 749 1174
f 274 1532 965
f 274 965 1539
f 274 1174 1616
f 274 1219 1532
f 274 1616 1219
f 275 981 354
f 275 354 1194
f 275 740 981
f 275 1652 740
f 275 1194 1652
f 276 358 607
f 276 1195 358
f 276 607 1638
f 276 738 1195
f 276 1638 738
f 277 1168 362
f 277 362 1198
f 277 809 1637
f 277 1199 1168
f 277 1637 1199
f 278 314 316
f 278 934 314
f 278 316 841
f 278 503 934
f 278 841 1585
f 279 321 1120
f 279 1209 321
f 279 1120 324
f 279 324 1296
f 279 1296 1209
f 280 1001 281
f 280 281 1480
f 280 588 911
f 280 1480 588
f 280 1341 1001
f 280 1401 1341
f 281 841 1480
f 281 1001 1450
f 282 1219 573
f 282 573 1552
f 282 1220 673
f 282 673 1629
f 282 1629 1219
f 282 1552 1220
f 283 1272 547
f 284 1274 444
f 284 444 1446
f 284 1097 504
f 284 504 1274
f 285 678 994
f 285 994 1477
f 285 1477 1097
f 286 448 356
f 286 356 1382
f 286 775 448
f 286 1010 775
f 286 1382 1608
f 287 697 928
f 287 1240 697
f 287 928 920
f 287 1256 1240
f 288 1379 509
f 289 889 635
f 289 635 1178
f 289 1031 889
f 290 1141 1314
f 291 796 293
f 291 293 1141
f 291 744 1073
f 291 1141 744
f 291 969 796
f 291 1073 969
f 292 294 1167
f 292 1677 294
f 292 811 812
f 292 969 811
f 292 1167 969
f 293 502 596
f 293 796 502
f 293 596 595
f 293 595 1359
f 293 1359 1141
f 294 597 929
f 294 1132 597
f 294 929 1167
f 294 1677 1132
f 295 363 1074
f 295 1290 363
f 295 670 662
f 295 662 1506
f 295 943 670
f 295 1074 943
f 295 1506 1290
f 296 994 678
f 296 840 863
f 296 863 994
f 297 1171 308
f 298 1645 537
f 298 643 795
f 298 1510 643
f 298 798 688
f 298 688 1645
f 298 795 771
f 298 771 798
f 299 1119 558
f 299 558 1527
f 299 1527 1271
f 300 333 1037
f 300 1112 333
f 300 1279 1112
f 301 1039 334
f 301 334 1113
f 301 1113 1280
f 302 366 885
f 302 1568 366
f 302 1259 398
f 302 398 1493
f 302 885 1259
f 302 1493 1568
f 303 362 1116
f 303 1198 362
f 303 459 787
f 303 1075 459
f 303 787 1198
f 303 1288 1075
f 303 1116 1288
f 304 1117 363
f 304 363 1290
f 304 788 1076
f 304 1290 788
f 304 1076 1289
f 304 1289 1117
f 305 391 1293
f 305 1111 1034
f 306 308 1521
f 306 1563 308
f 306 1521 1094
f 307 457 844
f 308 1171 1521
f 309 605 1002
f 309 1205 605
f 309 975 764
f 309 764 1205
f 309 867 975
f 309 1002 867
f 310 311 316
f 310 409 311
f 310 316 314
f 310 314 934
f 310 412 409
f 310 1018 412
f 310 934 1018
f 311 312 317
f 311 820 312
f 311 317 316
f 311 409 410
f 311 410 820
f 312 827 317
f 312 820 819
f 312 819 827
f 313 551 1321
f 313 1580 551
f 313 1299 560
f 313 560 1323
f 313 1321 1299
f 313 1323 1580
f 315 1322 552
f 315 552 1523
f 315 561 1300
f 315 1324 561
f 315 1300 1322
f 315 1523 1324
f 316 317 841
f 317 827 588
f 317 588 1480
f 317 1480 841
f 318 1152 658
f 318 658 1325
f 318 1325 705
f 318 705 1411
f 318 781 1152
f 318 1326 781
f 318 1411 1326
f 319 1460 437
f 319 437 1461
f 319 459 702
f 319 1415 459
f 319 702 1460
f 319 1461 1415
f 320 438 1462
f 320 1463 438
f 320 703 458
f 320 458 1416
f 320 1462 703
f 320 1416 1108
f 320 1108 1463
f 321 644 1144
f 321 1209 644
f 321 922 1120
f 321 1144 922
f 322 563 1343
f 322 1598 563
f 322 795 1344
f 322 1344 1598
f 323 333 436
f 323 1295 333
f 323 436 1345
f 323 620 1295
f 323 1645 620
f 323 1345 1645
f 324 731 1296
f 324 1346 731
f 324 1120 1346
f 325 326 1241
f 325 1275 326
f 325 1241 944
f 325 1099 1275
f 326 327 1235
f 326 1236 327
f 326 1235 1241
f 326 1275 1236
f 327 328 1022
f 327 1129 328
f 327 1022 1235
f 327 1236 1129
f 328 463 1133
f 328 1392 463
f 328 1133 1022
f 328 1129 1392
f 329 330 754
f 329 966 330
f 329 526 525
f 329 525 1234
f 329 754 526
f 329 1482 966
f 329 1234 1482
f 330 1670 754
f 330 966 970
f 330 970 1224
f 330 1224 1670
f 331 340 1353
f 331 1490 340
f 331 527 754
f 331 1353 527
f 331 667 1490
f 331 1670 667
f 331 754 1670
f 332 667 1224
f 332 1476 667
f 332 673 1459
f 332 1483 673
f 332 1224 1483
f 332 1459 1667
f 332 1667 1476
f 333 1112 436
f 333 1188 1037
f 333 1295 1188
f 334 731 1161
f 334 1296 731
f 334 1039 1189
f 334 1161 1113
f 334 1189 1296
f 335 336 1085
f 335 1476 336
f 335 1085 807
f 335 807 1617
f 335 1671 1476
f 335 1617 1490
f 335 1490 1671
f 336 337 649
f 336 1459 337
f 336 649 1085
f 336 1667 1459
f 336 1476 1667
f 337 339 1066
f 337 1633 339
f 337 1066 649
f 337 1459 1633
f 338 466 465
f 338 465 1042
f 338 659 466
f 338 1042 659
f 339 582 1066
f 339 1633 1220
f 340 1617 807
f 340 1490 1617
f 341 523 953
f 341 1026 523
f 341 953 1439
f 341 1158 1026
f 341 1082 1158
f 341 1439 1082
f 342 352 1211
f 342 1264 352
f 342 1142 472
f 342 472 1361
f 342 1360 1142
f 342 1211 1360
f 342 1361 1264
f 343 748 1027
f 343 1338 748
f 343 1027 1159
f 343 1159 1083
f 343 1083 1440
f 343 1440 1338
f 344 1212 357
f 344 357 1380
f 344 1016 821
f 344 821 1363
f 344 1362 1016
f 344 1363 1212
f 344 1380 1362
f 345 636 940
f 345 1096 636
f 345 639 1096
f 345 1286 639
f 345 940 1286
f 346 352 1248
f 346 1373 352
f 346 915 1369
f 346 1248 1370
f 346 1370 1252
f 346 1369 1373
f 347 1249 357
f 347 357 1383
f 347 1372 1111
f 347 1371 1249
f 347 1383 1372
f 348 485 1126
f 348 1456 485
f 348 913 578
f 348 578 1474
f 348 1126 913
f 348 1603 1456
f 349 554 1246
f 349 1247 554
f 349 1179 1247
f 349 1246 1180
f 350 579 914
f 350 1473 579
f 350 1084 822
f 350 822 1602
f 350 914 1084
f 351 1060 450
f 351 450 1156
f 351 942 906
f 351 906 1090
f 351 1090 1060
f 352 1373 1211
f 352 1374 1248
f 352 1264 1374
f 353 952 557
f 353 557 1011
f 353 559 1122
f 353 1522 559
f 353 1122 952
f 354 981 1375
f 354 1375 1086
f 354 1376 1194
f 355 741 698
f 355 698 1378
f 355 1377 741
f 355 783 1041
f 355 1378 783
f 355 1041 1377
f 356 448 1379
f 356 785 1382
f 357 1212 1383
f 357 1249 1380
f 358 1384 607
f 358 1087 1384
f 358 1381 1173
f 358 1195 1381
f 359 395 983
f 359 1048 395
f 359 1182 765
f 359 765 1231
f 359 983 1182
f 359 1231 1048
f 360 367 925
f 360 1058 367
f 360 517 518
f 360 925 517
f 360 518 1058
f 361 1058 515
f 361 515 1366
f 361 859 1095
f 361 1366 859
f 361 1095 1058
f 362 1168 1116
f 363 1117 1074
f 364 765 1036
f 364 1231 765
f 365 766 451
f 365 451 1232
f 365 1038 766
f 365 1232 1258
f 366 546 925
f 366 925 885
f 367 1095 400
f 367 400 1639
f 367 885 925
f 367 1639 885
f 367 1058 1095
f 368 903 768
f 368 768 1312
f 369 1225 545
f 369 545 1562
f 369 917 1395
f 369 1562 1068
f 369 1395 1225
f 370 398 685
f 370 1648 398
f 370 1297 413
f 370 413 1648
f 370 685 1297
f 371 1104 395
f 371 395 1397
f 371 1269 439
f 371 439 1396
f 371 1396 1104
f 371 1397 1269
f 372 396 1105
f 372 1398 396
f 372 440 1270
f 372 1469 440
f 372 1105 1469
f 372 1270 1398
f 373 399 1287
f 373 1492 399
f 373 1095 859
f 373 859 1546
f 373 1364 1095
f 373 1287 1364
f 374 539 875
f 374 1056 539
f 374 663 1056
f 374 1407 663
f 374 875 1408
f 374 1666 1407
f 374 1408 1666
f 375 781 664
f 375 664 1665
f 375 895 781
f 375 1409 895
f 375 1080 1409
f 375 1665 1080
f 376 378 1077
f 376 1077 1137
f 377 542 1175
f 377 1418 542
f 377 1417 551
f 377 551 1418
f 377 1175 1417
f 378 764 1077
f 379 1176 543
f 379 543 1420
f 379 552 1419
f 379 1420 552
f 379 1419 1176
f 380 507 1421
f 380 1570 507
f 380 553 1422
f 380 1454 553
f 380 1421 1454
f 380 1422 1570
f 381 418 423
f 381 1651 418
f 381 423 1077
f 381 975 872
f 381 872 1651
f 381 1077 975
f 382 988 418
f 382 418 1651
f 382 947 419
f 382 419 988
f 382 871 947
f 382 1554 871
f 382 1651 1554
f 383 1485 797
f 384 1243 385
f 384 385 1565
f 384 529 530
f 384 1003 529
f 384 530 1243
f 384 786 790
f 384 1565 786
f 384 790 1003
f 385 531 386
f 385 386 791
f 385 1243 531
f 385 791 1565
f 386 422 388
f 386 388 1535
f 386 531 422
f 386 789 791
f 386 1535 789
f 387 388 1313
f 387 1535 388
f 387 783 789
f 387 1041 783
f 387 789 1535
f 388 422 532
f 389 1101 439
f 389 439 1432
f 389 1282 449
f 389 449 1434
f 389 1434 1101
f 389 1432 1282
f 390 440 1102
f 390 1433 440
f 390 450 1283
f 390 1435 450
f 390 1102 1435
f 390 1283 1433
f 391 405 425
f 392 1130 547
f 392 547 1272
f 392 1272 1605
f 393 677 1204
f 393 1439 677
f 393 1441 683
f 393 683 1681
f 393 1082 1439
f 393 1681 1082
f 393 1204 1441
f 394 550 1046
f 394 1442 550
f 394 684 1442
f 394 1682 684
f 394 1046 1440
f 394 1440 1682
f 395 1104 983
f 395 1048 1397
f 396 451 984
f 396 1049 451
f 396 984 1105
f 396 1398 1049
f 397 414 1646
f 397 1125 500
f 397 1646 1125
f 398 1259 685
f 398 1648 1493
f 399 926 415
f 399 415 1646
f 399 1646 1287
f 400 414 704
f 400 1287 414
f 400 704 810
f 400 810 1639
f 400 1095 1364
f 400 1364 1287
f 401 560 1260
f 401 1593 560
f 401 1197 1190
f 401 1190 1593
f 401 1541 1197
f 401 1317 1541
f 402 419 947
f 402 1065 1414
f 403 1262 427
f 403 427 1449
f 403 1294 1262
f 404 424 426
f 404 426 1262
f 404 1262 1294
f 404 1294 1336
f 405 1207 425
f 405 428 1207
f 406 510 921
f 406 1298 510
f 406 804 803
f 406 803 1298
f 406 815 804
f 406 921 815
f 407 785 408
f 407 408 1169
f 407 1169 1035
f 408 1610 1169
f 409 694 410
f 409 412 1169
f 409 1169 694
f 410 694 1329
f 410 1329 820
f 411 819 820
f 411 931 819
f 411 820 1329
f 411 865 866
f 411 1329 865
f 411 866 931
f 412 1035 1169
f 413 499 498
f 413 498 1491
f 413 1103 499
f 413 1297 1103
f 413 1491 1648
f 414 1103 704
f 414 1287 1646
f 415 946 501
f 415 501 1125
f 415 926 946
f 415 1125 1646
f 416 1097 447
f 416 504 1097
f 416 1265 504
f 416 610 609
f 416 609 1265
f 416 674 610
f 417 1500 528
f 417 571 609
f 417 609 610
f 417 610 881
f 417 881 1500
f 418 732 423
f 420 807 1085
f 421 632 927
f 421 1081 632
f 421 763 634
f 421 634 1081
f 421 927 763
f 423 732 1137
f 423 1137 1077
f 424 425 431
f 424 429 426
f 424 431 429
f 425 1207 431
f 426 655 427
f 426 427 1262
f 426 429 430
f 426 430 655
f 427 655 1684
f 430 1684 655
f 430 1221 1684
f 431 1207 726
f 432 618 617
f 432 617 937
f 432 877 618
f 432 937 877
f 433 443 1356
f 433 1455 443
f 433 565 1455
f 433 1600 565
f 433 1356 1600
f 434 874 572
f 434 572 897
f 434 1080 874
f 434 1184 895
f 434 895 1409
f 434 897 1184
f 434 1409 1080
f 435 577 950
f 435 950 854
f 436 668 1345
f 437 1460 801
f 437 1146 1461
f 438 802 1462
f 438 1463 1147
f 439 1101 1396
f 439 1269 1432
f 440 1469 1102
f 440 1433 1270
f 441 470 555
f 441 1471 470
f 441 555 1472
f 441 1393 680
f 441 680 1471
f 441 1472 1393
f 442 691 686
f 442 686 830
f 442 1210 691
f 442 830 1661
f 442 1661 1210
f 443 1496 579
f 443 579 1567
f 443 1455 1250
f 443 1250 1496
f 443 1495 1356
f 443 1567 1495
f 445 669 1114
f 445 1497 669
f 445 679 1337
f 445 1498 679
f 445 1114 1498
f 445 1337 1497
f 446 672 846
f 446 912 672
f 446 846 1067
f 446 853 912
f 446 1332 853
f 446 1067 1332
f 447 1097 1477
f 449 1282 1059
f 449 1155 1434
f 450 1060 1283
f 450 1435 1156
f 451 766 1183
f 451 1183 984
f 451 1049 1232
f 452 734 1410
f 452 1557 734
f 452 1428 1303
f 452 1410 1428
f 453 454 892
f 453 1428 454
f 453 892 891
f 453 1303 1428
f 454 647 652
f 454 1606 647
f 454 652 892
f 454 1428 1606
f 455 456 653
f 455 746 456
f 455 647 736
f 455 1032 647
f 455 653 1301
f 455 736 746
f 455 1301 1032
f 456 1131 653
f 456 723 1131
f 456 746 948
f 456 948 794
f 458 703 1218
f 458 1076 788
f 458 788 1416
f 458 1218 1076
f 459 1217 702
f 459 1075 1217
f 460 462 1241
f 460 1291 462
f 460 1235 491
f 460 491 1291
f 460 1241 1235
f 461 462 487
f 461 487 808
f 462 1291 487
f 462 944 1241
f 463 992 1133
f 463 1392 1015
f 464 1042 465
f 464 654 1042
f 464 1642 654
f 465 466 726
f 466 1025 467
f 466 467 1641
f 466 659 1053
f 466 933 726
f 466 1641 933
f 466 1053 1025
f 467 580 468
f 467 468 976
f 467 1025 580
f 467 976 1641
f 468 580 660
f 468 660 1308
f 469 1512 860
f 469 860 1514
f 469 861 1513
f 469 1515 861
f 469 961 1512
f 469 1513 961
f 469 1514 962
f 469 962 1515
f 470 932 555
f 470 824 564
f 470 564 990
f 470 1471 824
f 470 990 932
f 471 564 824
f 471 968 564
f 471 845 567
f 471 567 968
f 471 824 1045
f 471 1045 845
f 472 1142 541
f 472 541 1216
f 472 956 1361
f 472 1579 956
f 472 1216 1579
f 473 888 650
f 473 773 939
f 473 1579 773
f 473 939 888
f 473 956 1579
f 474 1107 817
f 474 817 1438
f 474 1124 967
f 474 1599 1107
f 474 1438 1124
f 475 967 533
f 475 533 1043
f 475 812 712
f 475 712 967
f 475 750 812
f 476 1084 477
f 476 477 1656
f 476 1051 822
f 476 822 1084
f 476 1393 1051
f 476 1656 1393
f 477 482 505
f 477 581 482
f 477 505 1656
f 477 1084 581
f 478 481 479
f 478 479 769
f 478 1070 481
f 478 769 651
f 478 651 842
f 478 842 1070
f 479 481 484
f 479 484 1222
f 479 1464 769
f 479 1222 1464
f 480 1009 485
f 480 485 1050
f 480 681 1464
f 480 1467 681
f 480 1222 1009
f 480 1050 1467
f 480 1464 1222
f 481 1070 762
f 482 483 505
f 482 1149 483
f 482 1062 1149
f 483 1656 505
f 483 682 1070
f 483 1149 682
f 483 1070 842
f 483 842 1656
f 484 1281 1222
f 485 1009 1319
f 485 1456 1050
f 485 1319 1126
f 486 809 563
f 486 563 1598
f 486 1637 809
f 486 1478 1199
f 486 1199 1637
f 487 1291 488
f 487 488 1292
f 488 491 489
f 488 1291 491
f 489 490 1351
f 489 1660 490
f 489 491 1349
f 489 1351 1273
f 489 1349 1660
f 490 1094 1521
f 490 1660 1094
f 490 1521 1351
f 491 1235 1349
f 492 1517 876
f 492 876 1518
f 492 877 1516
f 492 1519 877
f 492 1518 960
f 492 960 1519
f 492 1516 961
f 492 961 1517
f 493 1004 1094
f 493 1133 1004
f 493 1022 1133
f 493 1349 1022
f 493 1094 1660
f 493 1660 1349
f 494 916 558
f 494 565 1121
f 494 1542 565
f 494 1121 916
f 495 498 499
f 495 1310 498
f 495 499 971
f 495 879 878
f 495 878 1310
f 495 971 879
f 496 500 1429
f 496 1520 500
f 496 880 971
f 496 1499 880
f 496 971 1520
f 496 1429 1499
f 497 501 1330
f 497 1429 501
f 497 985 843
f 497 843 1429
f 498 1310 1494
f 498 1494 1491
f 499 500 1520
f 499 1520 971
f 500 1125 501
f 500 501 1429
f 501 946 1348
f 501 1348 1330
f 502 1526 596
f 502 796 1167
f 502 1167 929
f 502 929 1526
f 503 1098 934
f 503 1425 1098
f 504 1265 1274
f 506 575 1524
f 506 1525 575
f 506 578 1458
f 506 1524 578
f 506 1458 1525
f 507 556 1531
f 507 1588 556
f 507 1531 1421
f 507 1570 1530
f 507 1530 1588
f 508 775 1010
f 508 1509 775
f 508 856 857
f 508 1560 856
f 508 857 1509
f 508 1010 1560
f 509 776 1247
f 509 1247 1179
f 510 980 864
f 510 864 1150
f 510 1444 921
f 510 1298 980
f 510 1150 1444
f 511 878 1136
f 511 1196 878
f 511 955 1042
f 511 1136 955
f 511 1042 1468
f 511 1468 1196
f 512 730 955
f 512 1025 730
f 512 955 1139
f 512 1143 1025
f 512 1139 1647
f 512 1589 1143
f 512 1647 1589
f 513 660 1143
f 513 1304 660
f 513 843 1251
f 513 1589 843
f 513 1143 1589
f 514 990 516
f 514 555 932
f 514 932 990
f 515 1058 518
f 515 518 1555
f 515 567 1054
f 515 1555 567
f 515 1054 1366
f 516 1350 546
f 516 990 1350
f 517 1584 518
f 517 990 564
f 517 564 1584
f 517 925 1350
f 517 1350 990
f 518 968 1555
f 518 1584 968
f 519 722 729
f 519 1213 722
f 519 729 1019
f 519 893 1213
f 519 1553 893
f 519 1019 1553
f 520 894 1305
f 520 1181 1020
f 520 1305 1181
f 521 525 526
f 521 1311 525
f 521 526 1543
f 521 907 1204
f 521 1543 907
f 521 1204 1311
f 522 526 527
f 522 1543 526
f 522 527 1162
f 522 1162 1404
f 522 1404 1643
f 522 1643 1543
f 523 524 953
f 523 993 524
f 523 1228 974
f 523 1026 1228
f 524 677 953
f 524 1203 677
f 524 993 1234
f 524 1234 1203
f 525 1203 1234
f 525 1311 1203
f 526 754 527
f 527 1655 1162
f 527 1353 1655
f 528 530 529
f 528 529 1427
f 528 1500 530
f 530 1500 1243
f 531 881 882
f 531 1243 881
f 532 1390 574
f 533 713 818
f 533 1124 713
f 533 818 1043
f 533 967 1124
f 534 905 1540
f 534 1540 964
f 534 1539 965
f 535 772 817
f 535 1008 772
f 535 817 1107
f 535 1123 1006
f 535 1107 1123
f 536 1106 559
f 536 559 1635
f 536 904 1284
f 536 1601 904
f 536 1284 1106
f 536 1635 1601
f 537 1345 1582
f 537 1645 1345
f 538 1173 1381
f 538 1561 1173
f 538 1194 1376
f 538 1622 1194
f 538 1381 1195
f 538 1195 1622
f 538 1376 1561
f 539 1023 628
f 539 628 1663
f 539 1663 875
f 539 1668 1023
f 539 1056 1134
f 539 1134 1668
f 540 700 1386
f 540 1544 700
f 540 784 1528
f 540 1545 784
f 540 1386 1069
f 540 1069 1545
f 540 1528 1544
f 541 770 1216
f 541 1475 770
f 541 1142 1475
f 542 1012 1551
f 542 1418 1127
f 542 1551 1175
f 543 1176 1013
f 543 1128 1420
f 544 557 1233
f 544 1501 557
f 544 575 1501
f 544 1619 575
f 544 1233 1619
f 545 1225 1389
f 546 1350 925
f 547 1130 1547
f 548 900 569
f 548 569 997
f 548 861 998
f 548 1678 900
f 548 998 1678
f 549 876 1508
f 549 1572 876
f 549 897 1021
f 549 1571 897
f 549 1508 997
f 549 997 1571
f 549 1021 999
f 549 999 1572
f 550 945 1005
f 550 1442 945
f 550 1005 1046
f 551 1417 1321
f 551 1580 1418
f 552 1322 1419
f 552 1420 1523
f 553 784 1422
f 554 777 778
f 554 1247 777
f 554 778 1100
f 554 1100 1246
f 555 1602 1472
f 556 1355 991
f 556 991 1531
f 556 1588 1355
f 557 952 1233
f 558 916 1527
f 559 1106 1424
f 559 1424 1122
f 559 1522 1635
f 560 1595 1260
f 560 1299 1595
f 560 1593 1323
f 561 1594 1191
f 561 1261 1596
f 561 1596 1300
f 561 1324 1594
f 562 735 736
f 562 1193 735
f 562 736 1606
f 562 1410 1193
f 562 1606 1410
f 563 1597 1343
f 564 968 1584
f 565 1600 1121
f 565 1542 1455
f 566 790 1405
f 566 1405 836
f 567 845 1581
f 567 1555 968
f 567 1581 1054
f 568 1387 780
f 568 1185 1437
f 569 900 898
f 569 898 997
f 570 1422 784
f 571 1265 609
f 571 1274 1265
f 572 874 896
f 572 896 897
f 573 751 1552
f 573 1616 751
f 573 1219 1616
f 575 1525 1501
f 575 1619 1524
f 576 656 767
f 576 1158 656
f 576 767 884
f 576 884 846
f 576 846 1564
f 576 1620 1158
f 576 1564 1620
f 577 657 1159
f 577 848 950
f 577 1621 848
f 577 1159 1621
f 578 913 1458
f 578 1524 1474
f 579 1496 914
f 579 1473 1567
f 580 1025 660
f 582 902 760
f 582 760 998
f 583 862 641
f 583 641 887
f 583 678 862
f 583 887 782
f 584 1414 1208
f 585 719 721
f 585 1586 719
f 585 721 858
f 585 858 1586
f 586 1248 1374
f 586 1380 1249
f 586 1374 1264
f 587 617 625
f 587 937 617
f 587 625 1024
f 587 1024 626
f 587 626 1658
f 587 1658 937
f 588 827 1092
f 588 1092 911
f 589 596 590
f 589 590 598
f 589 595 596
f 589 1055 595
f 589 598 839
f 589 839 1055
f 590 597 591
f 590 591 599
f 590 596 1526
f 590 1526 597
f 590 599 598
f 591 597 1132
f 591 600 599
f 591 1342 600
f 591 1132 1357
f 591 1357 1342
f 592 1630 683
f 592 683 1631
f 592 696 908
f 592 1631 696
f 592 908 1630
f 593 595 1055
f 593 1359 595
f 593 1055 1072
f 594 739 742
f 594 743 739
f 594 742 1368
f 594 1378 743
f 594 1368 792
f 594 792 1378
f 597 1526 929
f 598 599 1129
f 598 1236 839
f 598 1129 1236
f 599 600 1392
f 599 1392 1129
f 600 1015 1392
f 600 1558 1015
f 600 1342 1558
f 601 912 1170
f 601 1333 912
f 601 1170 950
f 601 950 1333
f 602 987 1030
f 602 1068 987
f 602 1030 1079
f 602 1079 1636
f 603 874 1080
f 603 1445 874
f 603 986 1031
f 603 1080 986
f 603 1069 1445
f 604 1390 606
f 604 1556 1390
f 605 941 1002
f 605 1200 941
f 605 1306 1200
f 606 610 674
f 606 882 610
f 606 1390 882
f 607 737 1638
f 608 1151 737
f 608 737 1487
f 608 836 1151
f 610 882 881
f 611 826 633
f 611 633 1307
f 611 759 940
f 611 1307 759
f 612 632 1650
f 612 1664 632
f 612 663 1664
f 612 1138 834
f 612 1650 1138
f 614 782 631
f 614 631 1154
f 614 1140 782
f 614 1253 1140
f 614 1154 1253
f 615 665 1134
f 615 1643 665
f 615 907 1543
f 615 1644 907
f 615 1134 1644
f 615 1543 1643
f 616 977 837
f 616 837 1285
f 616 1285 938
f 616 938 1452
f 617 618 938
f 617 1157 625
f 617 938 1157
f 618 877 1519
f 618 1452 938
f 618 960 1452
f 618 1519 960
f 619 1202 631
f 619 631 1328
f 619 1328 977
f 620 688 1624
f 620 1645 688
f 621 624 625
f 621 1254 624
f 621 625 1157
f 621 837 1237
f 621 1285 837
f 621 1157 938
f 621 938 1285
f 621 1237 1254
f 622 628 623
f 622 623 1052
f 622 1659 628
f 622 1242 937
f 622 937 1658
f 622 1052 1242
f 622 1658 1659
f 623 628 1406
f 623 1277 1052
f 624 1583 625
f 624 1254 930
f 625 1430 1024
f 625 1583 1430
f 626 1024 1430
f 626 1659 1658
f 626 1662 1659
f 627 1023 665
f 627 665 1404
f 627 1406 1023
f 627 1404 1423
f 628 1023 1406
f 628 1659 1663
f 629 837 630
f 629 630 1367
f 629 1237 837
f 629 1367 1091
f 630 837 977
f 630 1328 886
f 630 886 1367
f 630 977 1328
f 631 782 887
f 631 887 1328
f 631 1202 1154
f 632 833 927
f 632 1664 833
f 632 1081 1650
f 633 826 1187
f 633 1187 1081
f 633 1081 1672
f 633 1672 1307
f 634 763 637
f 634 637 1502
f 634 1672 1081
f 634 1502 1307
f 634 1307 1672
f 635 889 638
f 635 638 1632
f 635 826 1178
f 635 1327 826
f 635 1632 1327
f 636 1096 1115
f 637 758 1502
f 637 763 1268
f 637 1268 1166
f 638 889 1031
f 638 1031 986
f 638 986 1080
f 638 1080 1665
f 638 1665 1632
f 639 1065 1096
f 639 1414 1065
f 639 1286 1208
f 639 1208 1414
f 640 759 758
f 640 1286 759
f 640 1208 1286
f 641 886 887
f 641 949 886
f 643 666 795
f 644 978 1144
f 645 853 1014
f 645 1170 853
f 645 854 1170
f 645 1214 854
f 645 1014 1044
f 645 1044 1214
f 646 708 699
f 646 699 710
f 646 714 708
f 646 710 1388
f 646 1388 714
f 647 1032 652
f 647 1606 736
f 648 973 813
f 648 855 973
f 648 1332 855
f 648 909 1332
f 649 962 890
f 649 890 1085
f 649 1066 962
f 650 888 1016
f 650 1016 1362
f 651 680 1656
f 651 1657 680
f 651 769 1657
f 651 1656 842
f 652 676 995
f 652 1267 676
f 652 995 892
f 652 1032 1267
f 653 936 1267
f 653 1267 1301
f 654 1468 1042
f 654 1061 1196
f 654 1196 1468
f 656 1226 767
f 656 1158 1082
f 656 1082 1215
f 656 1215 1226
f 657 757 1083
f 657 1227 757
f 657 1083 1159
f 658 1394 900
f 658 900 1678
f 658 1152 1394
f 658 1678 1325
f 659 955 730
f 659 730 1053
f 659 1042 955
f 660 1025 1143
f 661 664 1614
f 661 1632 664
f 661 1614 1186
f 661 1327 1632
f 662 670 1673
f 662 1673 793
f 663 1407 1664
f 664 1632 1665
f 665 1023 1668
f 665 1668 1134
f 665 1643 1404
f 666 1344 795
f 666 1425 1344
f 667 1670 1224
f 667 1476 1671
f 667 1671 1490
f 669 1431 1114
f 669 1497 1607
f 670 943 989
f 670 989 1673
f 671 1081 1187
f 671 1650 1081
f 671 1538 1649
f 671 1649 1650
f 672 1334 846
f 672 847 850
f 672 912 847
f 672 850 1334
f 673 1220 1633
f 673 1633 1459
f 675 870 1358
f 675 1578 870
f 675 979 924
f 675 1358 979
f 675 1339 1578
f 676 936 924
f 676 935 995
f 676 1267 936
f 677 1439 953
f 677 1203 1311
f 677 1311 1204
f 679 1623 684
f 679 684 1640
f 679 1640 1337
f 679 1498 1623
f 680 824 1471
f 680 1657 824
f 680 1393 1656
f 681 769 1464
f 681 1679 769
f 681 1467 1045
f 681 1045 1679
f 682 1149 1553
f 683 1441 1683
f 683 1630 1681
f 683 1683 1631
f 684 757 1640
f 684 1682 757
f 684 1331 1442
f 684 1623 1331
f 685 810 704
f 685 704 1297
f 685 1259 810
f 686 692 689
f 686 689 1240
f 686 691 692
f 686 695 830
f 686 1240 695
f 687 689 693
f 687 697 689
f 687 693 923
f 687 923 697
f 688 798 1624
f 689 692 693
f 689 697 1240
f 690 1661 1057
f 690 1448 1210
f 690 1210 1661
f 690 1278 1448
f 692 1001 693
f 692 1450 1001
f 693 1001 1341
f 694 724 1329
f 694 1610 724
f 694 1169 1610
f 695 1444 830
f 695 921 1444
f 695 1457 921
f 695 1240 1256
f 695 1256 1457
f 696 834 1347
f 696 1631 834
f 696 1347 835
f 696 835 1431
f 697 923 1550
f 697 1550 928
f 698 741 743
f 698 743 1378
f 699 708 803
f 699 709 711
f 699 803 709
f 699 711 710
f 704 1103 1297
f 705 720 747
f 705 902 720
f 705 747 1411
f 705 901 902
f 705 1325 901
f 706 707 713
f 706 806 707
f 706 709 804
f 706 1029 709
f 706 713 1029
f 706 804 806
f 707 818 713
f 707 806 805
f 707 805 1007
f 707 1007 818
f 708 714 980
f 708 1298 803
f 708 980 1298
f 709 1029 711
f 709 803 804
f 710 711 772
f 710 772 1008
f 711 817 772
f 711 1438 817
f 711 1029 1438
f 712 812 811
f 713 1124 1029
f 715 717 716
f 715 716 1470
f 715 939 717
f 715 888 939
f 715 1040 888
f 715 1470 1040
f 716 717 734
f 716 734 1165
f 717 718 735
f 717 939 718
f 717 1385 734
f 717 735 1385
f 718 773 719
f 718 719 1586
f 718 1586 735
f 718 939 773
f 719 761 721
f 719 1216 761
f 719 773 1216
f 720 751 747
f 720 752 751
f 720 902 752
f 721 761 770
f 721 770 1505
f 722 725 729
f 722 1443 725
f 725 727 729
f 725 1135 727
f 727 728 729
f 728 1019 729
f 728 1305 1019
f 730 1025 1053
f 731 1346 1161
f 733 746 736
f 733 736 1586
f 733 948 746
f 733 858 1320
f 733 1586 858
f 733 1320 948
f 734 1618 1165
f 734 1385 1193
f 734 1193 1410
f 734 1557 1618
f 735 1586 736
f 735 1193 1385
f 737 1151 1653
f 737 1653 1638
f 738 742 745
f 738 1486 742
f 738 745 1195
f 738 1151 1486
f 738 1653 1151
f 738 1638 1653
f 739 745 742
f 739 743 1652
f 739 1622 745
f 739 1194 1622
f 739 1652 1194
f 740 743 741
f 740 741 1613
f 740 1652 743
f 741 1488 1613
f 742 1486 1368
f 744 800 1073
f 745 1622 1195
f 747 751 1005
f 747 1005 945
f 747 945 1411
f 748 972 1229
f 748 1229 1027
f 748 1338 1573
f 749 1046 1005
f 749 1005 1174
f 749 1338 1046
f 751 752 1552
f 751 1174 1005
f 751 1616 1174
f 752 1220 1552
f 753 757 1227
f 753 1640 757
f 753 1214 1044
f 753 1044 1337
f 753 1227 1214
f 753 1337 1640
f 755 1230 849
f 755 849 1334
f 755 850 1163
f 755 1334 850
f 755 1163 963
f 756 851 852
f 756 1163 851
f 756 852 1164
f 756 1164 964
f 757 1682 1083
f 758 759 1502
f 759 1286 940
f 759 1307 1502
f 760 902 901
f 760 901 998
f 761 1216 770
f 763 927 1030
f 764 975 1077
f 769 1679 1657
f 771 1628 798
f 773 1579 1216
f 774 1284 904
f 775 1509 776
f 776 777 1247
f 776 1447 777
f 776 1509 1447
f 777 1206 778
f 777 1654 1206
f 777 1447 1654
f 779 1373 1369
f 781 895 1152
f 782 1140 840
f 783 1118 789
f 783 1378 1118
f 784 1545 1680
f 786 1405 790
f 786 791 1145
f 786 1565 791
f 786 1145 1405
f 789 1118 791
f 791 1118 1145
f 792 838 1145
f 792 1486 838
f 792 1145 1118
f 792 1118 1378
f 792 1368 1486
f 793 883 816
f 794 948 1320
f 796 969 1167
f 799 1123 800
f 799 1006 1123
f 800 1599 1073
f 800 1123 1599
f 804 815 806
f 810 1259 885
f 810 885 1639
f 811 969 1073
f 813 973 814
f 813 814 1630
f 813 908 1302
f 813 1630 908
f 814 973 1226
f 814 1215 1082
f 814 1082 1681
f 814 1226 1215
f 814 1681 1630
f 816 978 1675
f 819 1481 827
f 819 931 1504
f 819 1504 1481
f 821 1016 888
f 821 888 1040
f 823 922 1144
f 823 1144 1245
f 824 1679 1045
f 824 1657 1679
f 825 845 1045
f 825 1574 845
f 825 1045 1467
f 825 1467 1050
f 827 1481 1511
f 829 830 1150
f 829 1661 830
f 829 1057 1661
f 829 1150 1078
f 830 1444 1150
f 831 832 1186
f 831 1498 832
f 831 1186 1614
f 831 1623 1498
f 832 1114 835
f 832 835 1538
f 832 1498 1114
f 832 1538 1186
f 833 1030 927
f 833 1079 1030
f 833 1407 1079
f 833 1664 1407
f 834 1138 1347
f 835 1114 1431
f 835 1347 1138
f 835 1138 1649
f 835 1649 1538
f 836 838 1151
f 836 1405 838
f 838 1405 1145
f 838 1486 1151
f 839 1017 1055
f 839 1275 1017
f 839 1236 1275
f 843 985 1251
f 843 1499 1429
f 843 1647 1499
f 843 1589 1647
f 845 1574 1581
f 846 1334 849
f 846 849 1564
f 846 884 1067
f 847 851 850
f 847 1333 851
f 847 912 1333
f 848 852 1333
f 848 1399 852
f 848 1333 950
f 848 1621 1399
f 849 1230 974
f 850 851 1163
f 851 1333 852
f 852 1399 1164
f 853 909 1014
f 853 1332 909
f 853 1170 912
f 854 950 1170
f 854 1214 1227
f 855 1611 973
f 855 1332 1067
f 855 1067 1611
f 856 958 857
f 859 1366 1546
f 860 1052 1277
f 863 1153 1676
f 864 1078 1150
f 867 1002 868
f 867 868 1110
f 867 872 975
f 867 1110 872
f 868 869 1110
f 868 1484 869
f 868 1002 941
f 868 941 1484
f 869 870 873
f 869 1358 870
f 869 873 1110
f 869 979 1358
f 869 1484 979
f 870 1109 873
f 871 873 1109
f 871 1554 873
f 872 1110 1554
f 872 1554 1651
f 873 1554 1110
f 874 1148 896
f 875 1663 1662
f 878 879 1136
f 879 880 955
f 879 971 880
f 879 955 1136
f 880 1139 955
f 880 1647 1139
f 880 1499 1647
f 881 1243 1500
f 883 1177 1669
f 883 1669 1391
f 884 1611 1067
f 886 1328 887
f 886 949 1367
f 891 892 1316
f 893 1149 1062
f 893 1553 1149
f 895 1184 898
f 895 898 1394
f 895 1394 1152
f 896 1021 897
f 896 1148 899
f 896 899 1238
f 896 999 1021
f 896 1238 999
f 897 1315 1184
f 897 1571 1315
f 898 900 1394
f 898 1571 997
f 898 1184 1315
f 898 1315 1571
f 899 951 1255
f 899 1255 982
f 901 1678 998
f 901 1325 1678
f 903 1089 918
f 904 1601 910
f 905 1223 1533
f 905 1533 1540
f 906 919 1090
f 906 1625 919
f 906 942 1625
f 907 1441 1204
f 909 1607 1014
f 911 1092 1426
f 919 1625 1355
f 943 1074 1549
f 945 1326 1411
f 949 1365 1367
f 957 1206 1654
f 957 1654 1447
f 958 1173 1561
f 960 1201 1452
f 966 1482 1223
f 970 1483 1224
f 972 1164 1399
f 982 1253 1154
f 983 1591 1182
f 984 1183 1592
f 991 1355 1625
f 992 1004 1133
f 993 1482 1234
f 996 1593 1190
f 999 1238 1453
f 1009 1222 1281
f 1014 1607 1044
f 1017 1072 1055
f 1017 1275 1099
f 1022 1349 1235
f 1026 1158 1620
f 1027 1621 1159
f 1029 1124 1438
f 1032 1301 1267
f 1036 1612 1279
f 1044 1497 1337
f 1044 1607 1497
f 1046 1338 1440
f 1051 1393 1472
f 1056 1644 1134
f 1059 1674 1089
f 1075 1587 1217
f 1079 1407 1666
f 1079 1666 1408
f 1083 1682 1440
f 1093 1106 1335
f 1101 1434 1487
f 1102 1488 1435
f 1106 1284 1335
f 1107 1599 1123
f 1112 1279 1608
f 1113 1609 1280
f 1116 1576 1288
f 1117 1289 1577
f 1138 1650 1649
f 1141 1359 1314
f 1161 1346 1604
f 1162 1423 1404
f 1168 1199 1548
f 1171 1351 1521
f 1172 1561 1376
f 1175 1536 1417
f 1176 1419 1537
f 1181 1305 1485
f 1192 1210 1448
f 1225 1395 1590
f 1250 1489 1496
f 1263 1544 1528
f 1299 1321 1465
f 1300 1466 1322
f 1342 1357 1466
f 1344 1400 1598
f 1410 1606 1428
f 1659 1662 1663
