v 5.601061 0 0.882173
v 5.601061 0 1.082173
v 5.601061 0.682 0.882173
v 5.601061 0.682 1.082173
v 5.699061 0 0.882173
v 5.699061 0 1.082173
v 5.699061 0.297 0.882173
v 5.699061 0.297 1.082173
v 5.699061 0.385 0.882173
v 5.699061 0.385 1.082173
v 5.699061 0.682 0.882173
v 5.699061 0.682 1.082173
v 6.081061 0 0.882173
v 6.081061 0 1.082173
v 6.081061 0.297 0.882173
v 6.081061 0.297 1.082173
v 6.081061 0.385 0.882173
v 6.081061 0.385 1.082173
v 6.081061 0.682 0.882173
v 6.081061 0.682 1.082173
v 6.179061 0 0.882173
v 6.179061 0 1.082173
v 6.179061 0.682 0.882173
v 6.179061 0.682 1.082173
v 6.179061 0.467189851122122 1.02064007036351
v 6.081061 0.258736598746203 1.00022747519321
v 5.74608010039999 0.385 0.96562788672611
v 6.0499506504398 0.297 1.00191285443481
v 5.699061 0.24094184516213 0.949444041040729
v 5.75923678759886 0.385 0.902809623839956
v 5.8089342068755 0.385 0.91527868405234
v 5.80811817328637 0.385 0.964301640424798
v 6.1432469911762 0.112812395210388 1.082173
v 6.05783129686264 0.385 1.00933923035317
v 5.80797507759563 0.385 1.02823878235504
v 5.699061 0.454549835437893 1.06114381953114
v 6.081061 0.407126536792412 1.01731911027046
v 5.699061 0.408790942451066 0.947828733750109
v 6.179061 0.498128263624509 1.04031015697092
v 6.01278487856794 0.297 0.987313549600803
v 5.87211340186283 0.385 1.02784053929366
v 6.179061 0.063883204503372 1.025138134118
v 6.179061 0.0650468655703677 1.04302065116252
v 5.890061 0.385 0.982173
v 5.699061 0.243882241245946 1.04646011528659
v 5.93497195429302 0.385 0.982853463791877
v 5.93540989965688 0.385 1.02784053929366
v 5.7950117031871 0.297 1.00099485663203
v 6.179061 0.49642123992279 1.00845261981429
v 6.081061 0.220306068118996 0.980790801648133
v 6.081061 0.424413748161709 1.032173
v 5.699061 0.424413748161709 0.932173
v 5.99971273526889 0.385 1.02616234166352
v 5.72076408494247 0.385 1.02012606638622
v 5.72626171100395 0.297 1.02030983597155
v 6.081061 0.297 1.01919587306923
v 5.79990481067588 0.319143471307405 1.082173
v 5.9901104287395 0.297 0.996350402196538
v 6.179061 0.620994984136348 0.968575234892091
v 6.081061 0.495073107744704 0.950861532499782
v 6.179061 0.37574872378757 0.982173
v 6.14050967467381 0.558068241694799 1.082173
v 5.86421282181311 0.31903612767716 1.082173
v 5.75393895203439 0.385 1.05500676964683
v 6.081061 0.385 1.02103569254776
v 5.6509882895333 0.682 1.04451061433742
v 5.89165209289149 0.343041508086075 1.082173
v 5.92528009321638 0.342237653753464 1.082173
v 5.98869185386626 0.342242220391158 1.082173
v 5.77016191186419 0.385 1.082173
v 5.80881690406878 0.385 1.082173
v 5.87211340186283 0.385 1.082173
v 5.93540989965688 0.385 1.082173
v 5.98936326230337 0.385 1.082173
v 6.02043754787911 0.385 1.082173
v 5.601061 0.033931259191457 0.882366103038209
v 5.601061 0.0605962835655958 0.882366103038209
v 5.601061 0.033931259191457 0.918431755514874
v 5.699061 0.237011734025177 0.994757250397671
v 5.601061 0.033931259191457 0.982173
v 5.601061 0.0990605224905896 0.91721830670782
v 6.179061 0.513513745793282 1.05438186391113
v 6.179061 0.0788437585175338 1.01538825395314
v 5.601061 0.093912377745454 1.00821886386545
v 6.081061 0.50538429066642 0.922286565501199
v 5.601061 0.155866592240815 0.941689996312332
v 5.601061 0.183423779889013 0.918431755514874
v 5.601061 0.156758755514874 1.00984859200846
v 6.179061 0.0999629321765202 1.00263059561266
v 5.601061 0.21715723172538 0.918303490108963
v 5.601061 0.0646381332723113 0.964140173761668
v 5.601061 0.218172503676583 0.982173
v 5.601061 0.218172503676583 1.00984859200846
v 5.601061 0.30625127621243 0.946107347523335
v 5.601061 0.28045428258791 0.982660205630828
v 5.601061 0.278559445682536 1.01148772912428
v 5.601061 0.277857190492901 1.04046564468303
v 5.601061 0.34199891986559 0.983390813628154
v 5.601061 0.341746183894904 1.01158716941876
v 5.601061 0.343003053570816 1.04212017065333
v 5.601061 0.402413748161709 0.982173
v 5.601061 0.402751726239622 1.00812778070796
v 6.081061 0.242348955007676 0.882173
v 5.601061 0.45724258463155 0.983915650044868
v 5.601061 0.463827496323417 1.04591424448513
v 5.601061 0.553637559268947 1.00899817832621
v 5.601061 0.525241244485126 1.04591424448513
v 5.601061 0.586654992646835 1.04591424448513
v 5.98427484910287 0.385 0.960741474945094
v 5.601061 0.649347601135952 1.04458157120912
v 5.699061 0.240780338911188 0.88251976784451
v 5.6368750088238 0.463827496323417 0.882173
v 5.67216685715666 0.463981848890386 0.882173
v 5.63732238516418 0.524310187687267 0.882173
v 5.6299640845217 0.553152771967905 0.882173
v 5.67138200929723 0.527356801281823 0.882173
v 5.6368750088238 0.586654992646835 0.882173
v 5.67288077333312 0.586654992646835 0.882173
v 5.64008961151432 0.64472319205032 0.882173
v 5.6368750088238 0.341 0.882173
v 5.63631674846134 0.404298752040885 0.882173
v 6.10944976238676 0.464692038277376 0.882173
v 6.10724122666688 0.525241244485126 0.882173
v 6.10724122666688 0.55172021693239 0.882173
v 6.10515122191344 0.64348499292485 0.882173
v 6.14059194658104 0.521464829136423 0.882173
v 6.17053772446093 0.55172021693239 0.882173
v 6.14004338152494 0.649926804245455 0.882173
v 6.1202191874353 0.33928781400628 1.082173
v 6.11001717940105 0.118918706768733 0.882173
v 6.10724122666688 0.156758755514874 0.882173
v 6.10724122666688 0.183237727962138 0.882173
v 6.10412117685868 0.212620107335996 0.882173
v 6.14509157634923 0.0933393944211227 0.882173
v 6.1432469911762 0.156758755514874 0.882173
v 6.1432469911762 0.218172503676583 0.882173
v 6.1432469911762 0.341 0.882173
v 6.1432469911762 0.402413748161709 0.882173
v 6.16602131633239 0.492180405767012 0.882173
v 6.10827550780563 0 0.918431755514874
v 6.10612964256574 0 0.978148911279912
v 6.10289804129457 0 1.01224968515927
v 6.10827550780563 0 1.04591424448513
v 6.1432469911762 0 0.918431755514874
v 6.1432469911762 0 0.982173
v 6.13991989026772 0 1.04768740264957
v 5.87211340186283 0.385 0.900358050323405
v 5.93882959901471 0.385 0.900339057597167
v 5.99646600302264 0.385 0.90101102149438
v 5.75709813620176 0.297 1.05629551833959
v 5.8457777537363 0.297 1.05099352177727
v 5.90581775996773 0.297 1.04770855699634
v 5.87481901317599 0.297 1.06007482344918
v 5.97130509593122 0.297 0.936505460706344
v 5.95335749779405 0.297 0.982173
v 5.96895933904473 0.297 1.04199908474937
v 5.94457063609802 0.297 1.05697279565377
v 6.0166539955881 0.297 0.918431755514874
v 6.01382152743377 0.297 1.05759860892943
v 5.75572977037158 0.297 1.082173
v 5.78141560254907 0.297 1.082173
v 5.84766961982628 0.29705174402803 1.082173
v 5.890061 0.297 1.082173
v 5.92606676450932 0.297 1.082173
v 5.98936326230337 0.297 1.082173
v 6.10909514356034 0.682 0.917720659838941
v 6.10827550780563 0.682 0.982173
v 6.10795560478868 0.682 1.04166159493266
v 6.1451033201723 0.682 0.955356841402095
v 6.1395981516944 0.682 1.0490740755417
v 5.63630345733395 0.0298763921741395 1.082173
v 5.64361915275421 0.130006043231569 1.082173
v 5.63131291512084 0.0952322648544585 1.082173
v 5.63641921379722 0.161283145775374 1.082173
v 5.67059745411877 0.191169961822408 1.082173
v 5.6270133847032 0.139848073910154 1.082173
v 5.6368750088238 0.218172503676583 1.082173
v 5.67525607580251 0.224907869363137 1.082173
v 6.10724122666688 0.0953450073531656 1.082173
v 6.10740001957815 0.124162958224126 1.082173
v 6.10724122666688 0.156758755514874 1.082173
v 6.11292964945657 0.183127444737244 1.082173
v 6.10360777492717 0.219132323291234 1.082173
v 6.11115863020262 0.48951974311278 1.082173
v 6.11011661922256 0.525553902125832 1.082173
v 6.14020016779793 0.0343918493730953 1.082173
v 6.17925275568552 0.033931259191457 1.082173
v 5.699061 0.385 1.02776522120062
v 5.699061 0.297 1.02776522120062
v 5.68389123007929 0.247842156481767 0.882173
v 6.14347140799406 0.190968492383469 1.082173
v 6.17925275568552 0.156758755514874 1.082173
v 6.081061 0.242857572412921 1.082173
v 6.17925275568552 0.218172503676583 1.082173
v 6.1432469911762 0.279586251838291 1.082173
v 6.1432469911762 0.314521027552736 1.082173
v 6.17925275568552 0.279586251838291 1.082173
v 6.17925275568552 0.341 1.082173
v 6.17925275568552 0.375934775714445 1.082173
v 6.1432469911762 0.402413748161709 1.082173
v 6.14030924840092 0.436273265660831 1.082173
v 6.1432469911762 0.498762272037862 1.082173
v 6.14616029057965 0.61919892709614 1.082173
v 6.17925275568552 0.586654992646835 1.082173
v 6.1432469911762 0.648068740808543 1.082173
v 6.17925275568552 0.648068740808543 1.082173
v 5.74361411012463 0.297 0.917078278934198
v 5.74552040627473 0.297 0.964099294808531
v 6.1308791367748 0.26979725120322 0.882173
v 6.13486793555954 0.315324484541282 0.882173
v 5.82741521566734 0.297 0.917310834480123
v 5.82676450220595 0.297 0.982173
v 5.890061 0.297 0.918431755514874
v 5.95327340606795 0.297 0.914163648057935
v 6.081061 0.433659359582995 0.918431755514874
v 6.081061 0.433659359582995 0.950861532499782
v 5.76261408833056 0.297 1.01902925489616
v 5.699061 0.143622526660322 1.04737269411185
v 5.98418051298662 0.385 0.925115021269109
v 5.64951782028653 0.403882389721808 1.082173
v 6.081061 0.479497413837744 1.03034412261991
v 6.081061 0.463873212957115 0.980695035531056
v 5.699061 0.437341304810125 1.082173
v 6.081061 0.556424687724605 0.953868026146726
v 5.68172404506938 0 1.03226950768084
v 6.179061 0.207005863203789 0.92796596934186
v 5.90421929261586 0.385 0.942788143277013
v 6.081061 0.611970632957315 0.91589359123781
v 6.081061 0.622465281036395 0.948643517090549
v 6.081061 0.561509150455659 0.8992630096235
v 5.78877748677925 0.297 0.947522053097157
v 5.84943895203439 0.385 0.950302377757437
v 6.081061 0.622052270895274 1.01633298119528
v 6.081061 0.587060646846009 1.05027614530477
v 6.15741018735599 0.0892678204882847 1.082173
v 6.12418244029129 0.136348959074009 1.082173
v 6.12524410892154 0.599894478870467 0.882173
v 6.12738149267581 0.576671406044487 1.082173
v 6.03611381014754 0.319059280980749 1.082173
v 6.03521213115168 0.363 1.082173
v 5.601061 0.0432570921050578 1.02613855221074
v 6.081061 0.0325884353063718 1.00719219026751
v 5.83579358539202 0.349760513776368 1.082173
v 6.081061 0.197802655793278 0.967873354835023
v 6.179061 0.222214353383298 0.942430845498616
v 5.6679680044119 0.424413748161709 1.082173
v 5.66547299066754 0.264275594488457 0.882173
v 5.67155956034402 0.25747463668703 1.082173
v 6.081061 0.463827496323417 0.882173
v 6.081061 0.498626562590865 0.882173
v 6.11520149663482 0.261742500938595 0.882173
v 6.081061 0.525241244485126 0.882173
v 6.081061 0.455848372267702 1.03132434978971
v 6.081061 0.555776078016731 0.882173
v 6.081061 0.585233436867472 0.882173
v 6.081061 0.635367991925343 0.882173
v 6.081061 0.682 0.918431755514874
v 6.081061 0.682 0.968470136049885
v 6.081061 0.278323852679747 0.938828660622728
v 6.081061 0.682 0.999091243062334
v 6.081061 0.682 1.04591424448513
v 5.699061 0.201301990350631 0.961089225510183
v 6.179061 0.0950179365204946 1.08197989696179
v 6.179061 0.0686799829790266 1.08231936332776
v 6.179061 0.130093731140735 1.04591424448513
v 5.699061 0.463827496323417 0.932173
v 6.081061 0.567584968460933 0.99962886752057
v 5.68985372983684 0.336770708632176 1.082173
v 6.179061 0.192588221263388 0.980710428868676
v 6.179061 0.191507479302444 1.01823865247666
v 6.130061 0.290200057897114 0.882173
v 5.68597088666656 0.634327496323417 0.882173
v 6.179061 0.191507479302444 1.08197989696179
v 6.03879927573931 0.385 1.05747227312361
v 6.179061 0.130420801973406 1.08231936332776
v 6.081061 0.110967813063809 1.06404362224256
v 6.081061 0.0825922777205704 0.931511939169509
v 5.699061 0.472068981856972 1.03667945372613
v 6.179061 0.253398307725766 0.98335697828956
v 6.179061 0.252921227464153 1.01823865247666
v 6.01633016931533 0.385 0.981039625048621
v 6.179061 0.252921227464152 1.08197989696179
v 6.081061 0.175537406145602 0.934072508136169
v 5.699061 0.0483927262824391 0.927378683475048
v 6.081061 0.540864050195769 1.03025851073502
v 6.179061 0.315435421586587 0.985376950137788
v 6.179061 0.314334975625861 1.01823865247666
v 6.179061 0.314334975625861 1.08197989696179
v 5.699061 0.0465521230332469 0.972476996033751
v 6.10344864539305 0.598595427460363 0.882173
v 6.179061 0.377165521627258 0.956115573042802
v 6.179061 0.37574872378757 1.01823865247666
v 6.081061 0.0449613033704148 0.977113900518445
v 6.179061 0.402086677329038 1.08197989696179
v 6.081061 0.254040974019191 0.950302377757437
v 6.179061 0.437615180861412 0.953406690526771
v 6.179061 0.437162471949279 0.982173
v 6.179061 0.463500425490746 1.08197989696179
v 6.179061 0.437162471949278 1.08231936332776
v 6.179061 0.498576220110987 0.918431755514874
v 6.179061 0.498576220110987 0.954497407991539
v 6.081061 0.633395176643182 1.04910049798725
v 6.179061 0.600924933532507 0.936372340729479
v 6.179061 0.524914173652455 1.08197989696179
v 5.601061 0.186339587617748 1.04666221591787
v 5.601061 0.124842681678419 1.04558935935661
v 6.179061 0.498576220110987 1.08231936332776
v 6.179061 0.555124976776123 0.92077890328929
v 6.179061 0.558642352862062 0.953477400711508
v 6.179061 0.559989968272696 1.01823865247666
v 6.179061 0.559989968272696 1.08231936332776
v 6.179061 0.586654992646835 0.918431755514874
v 6.179061 0.623003768420444 1.01963486873685
v 5.7193951956454 0.297 0.925261809070494
v 5.72289203027382 0.385 0.922269758921737
v 6.179061 0.648250734598329 0.920878069275803
v 5.699061 0.0320496979659397 1.04782873375011
v 6.179061 0.542393255298771 0.897238576661291
v 6.179061 0.604520749119586 0.882173
v 6.179061 0.648068740808543 0.882173
v 5.699061 0.601739061017046 0.949743223015093
v 5.699061 0.25069714005626 1.082173
v 6.179061 0.621403716434404 1.082173
v 5.699061 0.269481723063824 1.01059308807567
v 5.91784013187686 0.297 1.01918417184337
v 5.98894032577117 0.297 1.02105673950934
v 6.081061 0.033931259191457 0.918431755514874
v 6.081061 0.0654032165115857 0.950397371629702
v 6.081061 0.126590618774452 0.950861532499782
v 6.081061 0.0947595518316152 0.983730082427475
v 6.081061 0.126590618774452 1.01460277698491
v 6.081061 0.173680497627402 0.895333295615679
v 5.601061 0.385039386267924 1.05975204048936
v 6.14369960232598 0.682 0.998856175114882
v 6.081061 0.189536648152917 1.01855534963661
v 6.081061 0.221346037650396 0.915965253021036
v 5.6368750088238 0 0.964564396449897
v 6.179061 0.421809034908851 1.01823865247666
v 6.15689235781857 0.446360108466195 0.882173
v 6.03521213115168 0.297 1.082173
v 6.081061 0.526135370770399 0.916517266249891
v 6.081061 0.217227711303496 1.0479480648521
v 5.699061 0.141135949804231 1.01348446750022
v 6.179061 0.130093731140735 1.00020582623833
v 5.601061 0.0953450073531656 0.964140173761668
v 5.699061 0.489727005839084 0.917626768630928
v 5.699061 0.297 0.927765221200617
v 5.699061 0.385 0.927765221200617
v 6.081061 0.297 0.956218746138455
v 6.081061 0.274163707450532 1.0402021840383
v 5.75937073534302 0.344808244347421 0.882173
v 5.78361188217702 0.359719831573728 0.882173
v 5.82676450220595 0.341 0.882173
v 5.890061 0.341 0.882173
v 5.91735173328473 0.341 0.882173
v 5.95335749779405 0.341 0.882173
v 5.98064823107878 0.341 0.882173
v 6.02000381064322 0.340362350369327 0.882173
v 5.7634680044119 0.385 0.882173
v 5.80881690406878 0.385 0.882173
v 5.85405523549068 0.385 0.882173
v 5.91735173328473 0.385 0.882173
v 5.98064823107878 0.385 0.882173
v 6.00029507024946 0.385 0.882173
v 5.601061 0.0898007854464591 0.882173
v 5.60086924431448 0.12182397980043 0.882173
v 5.60143858248789 0.152410812032578 0.882173
v 5.60086924431448 0.183237727962138 0.882173
v 5.601061 0.214475345580799 0.882173
v 5.601061 0.338351914366852 0.882173
v 5.60086924431448 0.402413748161709 0.882173
v 5.60086924431448 0.463827496323417 0.882173
v 5.63638047482734 0.0942039750315625 0.882173
v 5.63687545526015 0.125476026947122 0.882173
v 5.67547220483954 0.128028388199507 0.882173
v 5.6368750088238 0.156758755514874 0.882173
v 5.67288077333312 0.156758755514874 0.882173
v 5.66918441751773 0.188902392463333 0.882173
v 5.6334168274187 0.21656620356544 0.882173
v 5.6368750088238 0.279586251838291 0.882173
v 5.77708664409894 0.385 0.993397286762787
v 5.6368750088238 0.682 0.918431755514874
v 5.6385507894782 0.682 0.955843734635054
v 5.6700771147749 0.682 0.95619184301868
v 5.67473921446056 0.682 0.987382112681098
v 5.67448258265252 0.682 1.01646452774035
v 5.96760739132894 0.297 0.882173
v 6.0166539955881 0.297 0.882173
v 5.75977029980962 0.297 0.882173
v 5.79075873769663 0.297 0.882173
v 5.82676450220595 0.297 0.882173
v 5.890061 0.297 0.882173
v 6.1094730861221 0.029187496707923 0.882173
v 6.1122300157851 0.0579295702053032 0.882173
v 6.10640921542365 0.0904373290322803 0.882173
v 6.1432469911762 0 0.882173
v 6.081061 0.033931259191457 0.882173
v 6.081061 0.0694898940563335 0.882173
v 6.081061 0.104011408242116 0.882173
v 6.081061 0.14839120707615 0.882173
v 6.081061 0.187697910015351 0.882173
v 5.601061 0.278615253763119 0.92049866379724
v 5.601061 0.367665024374139 0.918431755514874
v 5.601061 0.368459052186972 0.945792646863968
v 5.601061 0.429595973625774 0.917756852199646
v 5.601061 0.429078772535847 0.946107347523335
v 5.601061 0.461520085486435 0.916927200898336
v 5.601061 0.525216991398579 0.944503639942293
v 5.601061 0.551906268859265 0.918431755514874
v 5.601061 0.526062187847018 0.981816390364524
v 5.601061 0.586654992646835 0.918431755514874
v 5.601061 0.586654992646835 0.946107347523335
v 5.601061 0.586654992646835 0.982173
v 5.601061 0.648068740808543 0.946107347523335
v 5.601061 0.662801237691864 0.918431755514874
v 5.601061 0.648068740808543 0.982173
v 5.601061 0.244837528050722 0.88236610303821
v 5.601061 0.279586251838291 0.88236610303821
v 5.601061 0.30625127621243 0.88236610303821
v 5.601061 0.367665024374139 0.88236610303821
v 5.601061 0.429078772535848 0.88236610303821
v 5.601061 0.490492520697556 0.88236610303821
v 5.60142598007192 0.520309360849324 0.882173
v 5.601061 0.551906268859265 0.88236610303821
v 5.601061 0.585797684020773 0.882173
v 5.601061 0.613320017020973 0.88236610303821
v 5.601061 0.648068740808543 0.88236610303821
v 5.601061 0.682 0.936021514920948
v 5.601061 0.682 1.00984859200846
v 5.699061 0.430575579617612 1.01417060650116
v 5.699061 0.463827496323417 0.982173
v 5.699061 0.461870642118664 1.01266456750586
v 5.699061 0.525889653064503 0.945058420479414
v 5.92361254164256 0.297 0.950983690541227
v 5.699061 0.555409381225548 0.949743223015093
v 5.699061 0.525241244485126 0.982173
v 5.699061 0.523482062834945 1.04777403984865
v 5.699061 0.614722728601246 0.924554690460886
v 5.699061 0.58718326070452 1.01192216458608
v 5.699061 0.586566767386407 1.04613838189044
v 5.699061 0.653708466212212 0.955959925304898
v 5.8380822946573 0.385 0.996173673326113
v 5.699061 0.644327087251392 1.01566218288748
v 5.699061 0.682 1.03109307105032
v 6.081061 0.0660553629448254 1.04741645867661
v 5.85822138239722 0.297 0.947967134930531
v 6.081061 0 0.918431755514874
v 6.081061 0 0.968470136049885
v 6.081061 0 0.996994173434804
v 6.081061 0 1.04591424448513
v 6.081061 0.156758755514874 1.082173
v 6.081061 0.188715144825842 1.082173
v 6.10627989287838 0.59081777449687 1.082173
v 6.10701771505069 0.651640151255381 1.082173
v 6.1432469911762 0.682 1.082173
v 6.081061 0.635367991925343 1.082173
v 6.081061 0.65811065400573 1.082173
v 5.63861824658398 0 0.919621793934824
v 5.63210928122466 0 1.01188677514868
v 5.67659110887247 0 0.948377167794602
v 5.67379337645193 0 0.980185821025651
v 6.179061 0.347981989477632 1.04999828284754
v 5.601061 0 0.918431755514874
v 5.601061 0 0.945456278529214
v 5.601061 0 0.982173
v 5.601061 0 1.00919752301434
v 5.601061 0 1.04441473011455
v 6.179061 0.588794539406629 1.04981268905284
v 6.179061 0.283400115794228 0.910490561036744
v 6.179061 0.331363360460775 0.910490561036744
v 6.179061 0.283400115794228 0.882173
v 6.179061 0.033931259191457 0.918431755514874
v 6.179061 0.0656871131673963 0.921900430754654
v 6.179061 0.0665402284676554 0.951163694475484
v 6.179061 0.033931259191457 0.982173
v 6.179061 0.129517903196295 0.923320986076711
v 6.179061 0.124848841025027 0.950941129477108
v 6.179061 0.160247966586329 0.915401107613432
v 6.179061 0.1924889704165 0.908368702579944
v 6.179061 0.252082431175583 0.906395165426435
v 6.179061 0.378625719713032 0.904816954951219
v 6.179061 0.40451637646015 0.905295243848178
v 6.179061 0.433280627461906 0.903298703351075
v 6.179061 0.502387904876232 0.895969968026762
v 6.179061 0.540505785081127 0.882173
v 6.179061 0.559989968272696 0.882173
v 6.179061 0.0301843890187918 0.882173
v 6.179061 0.0604102316387211 0.882173
v 6.179061 0.115555884087562 0.882173
v 6.179061 0.156758755514874 0.882173
v 6.179061 0.191507479302444 0.882173
v 6.179061 0.218172503676583 0.882173
v 6.179061 0.252921227464153 0.882173
v 6.179061 0.341 0.882173
v 6.179061 0.373432637685341 0.882173
v 6.179061 0.402413748161709 0.882173
v 6.179061 0.440130902105553 0.882173
v 6.179061 0.484038373057814 0.882173
v 6.179061 0.505255607870246 0.882173
v 5.64141462085003 0 1.05887553515072
v 5.6368750088238 0 1.082173
v 5.6368750088238 0.341 1.082173
v 5.601061 0.494762887611213 1.01404362224257
v 5.699061 0.494934002242381 1.00977252938722
v 5.63796806046666 0.461805449576231 1.082173
v 5.64078967290552 0.49653561930915 1.082173
v 5.67288077333312 0.463827496323417 1.082173
v 5.63367808767776 0.525827635880737 1.082173
v 5.63930881218027 0.557793661506351 1.082173
v 5.67380719826318 0.557918913741612 1.082173
v 5.6368750088238 0.586654992646835 1.082173
v 5.63798493768818 0.62004054472009 1.082173
v 5.6732112214612 0.590919928571342 1.082173
v 5.6368750088238 0.648068740808543 1.082173
v 5.601061 0.648068740808543 1.082173
v 5.699061 0.48968260962025 1.082173
v 5.699061 0.524617385334694 1.082173
v 6.10808718952191 0.0596245497506372 1.082173
v 6.081061 0.0470856236050894 1.082173
v 6.081061 0.0826442584699659 1.082173
v 6.081061 0.0238893459942703 1.082173
v 6.081061 0.400473516143096 0.993519586427735
v 6.081061 0.495073107744704 1.01460277698491
v 5.601061 0.617361866727689 1.01404362224256
v 6.179061 0.529283094191841 0.986368030234102
v 5.699061 0.617361866727689 0.981613845257656
v 6.081061 0.524212337593537 1.06621356247065
v 6.081061 0.600608870789162 1.08180837671114
v 6.081061 0.385 0.959898385095516
v 6.081061 0.495783885634385 1.082173
v 6.081061 0.455525712066489 1.082173
v 6.081061 0.541890729476473 1.082173
v 6.081061 0.573954243763635 1.082173
v 5.67184649219437 0.682 0.918431755514874
v 5.69935897870691 0.682 0.965069514704849
v 5.601061 0.125118094611837 0.978660757627855
v 5.6368750088238 0.682 0.882173
v 5.699061 0.682 0.93213461946499
v 5.699061 0.682 0.907538783368237
v 5.699061 0.0616871517679158 1.01182458971918
v 5.699061 0.125513144093588 0.949743223015093
v 5.699061 0.0953450073531656 0.982173
v 5.699061 0.0932935010315789 1.01541966761082
v 5.699061 0.125513144093588 0.982173
v 5.699061 0.0934039067740056 1.0663822855517
v 5.699061 0.156758755514874 0.949743223015093
v 5.699061 0.184424319803293 0.914631888174316
v 5.601061 0.248795601560403 0.949661439666523
v 5.699061 0.188844247554802 1.01102675738999
v 5.699061 0.217792728805112 0.91841658287842
v 5.699061 0.033931259191457 1.082173
v 5.699061 0.0783746691812859 1.082173
v 5.699061 0.106297885967436 1.082173
v 5.699061 0.148456971257946 1.082173
v 5.699061 0.17493594370521 1.082173
v 5.699061 0.204394280112519 1.082173
v 5.699061 0.297 0.973357442401233
v 5.699061 0.0605927187990356 0.949452790780702
v 6.081061 0.587193729987267 0.982732154742344
v 6.179061 0.59069684235355 0.986368030234102
v 5.699061 0.0973671083700813 0.917654342741006
v 5.699061 0 0.936730719552746
v 5.699061 0 0.962605043881519
v 5.699061 0 1.01279410701245
v 6.081061 0.158062420222975 0.984591892517635
v 5.699061 0.385 0.973357442401233
v 5.699061 0.463827496323417 0.882173
v 5.699061 0.493284855174159 0.882173
v 5.699061 0.525241244485126 0.882173
v 5.699061 0.554956880150714 0.882173
v 5.699061 0.586654992646835 0.882173
v 5.699061 0.616112351497576 0.882173
v 6.1432469911762 0 1.082173
v 6.179061 0 1.01151184708889
v 6.179061 0 1.04012705783991
v 6.179061 0 0.918431755514874
v 6.179061 0 0.958588122430536
v 6.179061 0 0.982173
v 6.081061 0.524078781863381 0.980871056406036
v 5.601061 0.494021829877389 0.952759767784695
v 6.179061 0.286628429006451 1.04947455717341
v 6.179061 0.225616012450623 1.04808697628539
v 5.62663955868867 0.29066547416323 1.082173
v 5.62886127563802 0.260913749511995 1.082173
v 5.62448623154033 0.316745424382641 1.082173
v 5.62726149392268 0.376832139953246 1.082173
v 5.601061 0.0392765862317431 1.08204388823317
v 5.601061 0.0688660349059015 1.082173
v 5.601061 0.102236226917451 1.082173
v 5.601061 0.156758755514874 1.082173
v 5.601061 0.218172503676583 1.082173
v 5.601061 0.262675570233571 1.082173
v 5.601061 0.294754462113911 1.082173
v 5.601061 0.321233434561175 1.082173
v 5.601061 0.341 1.082173
v 5.601061 0.374734735442573 1.082173
v 5.601061 0.422732838152605 1.082173
v 5.601061 0.484146586314314 1.082173
v 5.601061 0.545560334476023 1.082173
v 5.601061 0.606974082637731 1.082173
v 5.67288077333312 0.033931259191457 0.882173
v 5.67573414988895 0.0721626165443706 0.882173
v 5.67405439319879 0.102027808027555 0.882173
v 5.69936754721142 0.139805940521161 0.882173
v 5.69914618732403 0.188152358966552 0.882173
v 5.6368750088238 0 0.882173
v 5.699061 0.0242356316556873 0.882173
v 5.69903252673919 0.0575195724135889 0.882173
v 5.699061 0.0947211482027342 0.882173
v 6.13937644009884 0.682 0.882173
v 6.179061 0.682 0.982653061792642
v 6.179061 0.682 1.04554586090131
v 6.179061 0.682 0.918431755514874
v 6.179061 0.682 0.953648962615081
v 6.179061 0.682 1.01634267388698
v 5.67013648344013 0.620863929580107 1.082173
v 5.67288077333312 0.648068740808543 1.082173
v 5.62843801193073 0.682 1.082173
v 5.699061 0.56017602019957 1.082173
v 5.699061 0.586031133496403 1.082173
v 5.699061 0.622205733479437 1.082173
v 5.699061 0.657140509193881 1.082173
v 5.601061 0.142980094089508 0.915161593142932
v 5.601061 0.323625638106215 0.918431755514874
v 5.699061 0.341 0.882173
v 6.07847563315888 0.340886262862395 0.882173
v 6.081061 0.341 1.082173
v 6.03536034244309 0.297 0.959918833438813
v 6.1432469911762 0.235639891533805 1.082173
v 5.65436075050908 0 1.02215647057327
v 6.14262941949399 0.577645080124876 0.882173
v 5.699061 0.257586251838291 0.900302377757437
v 6.081061 0.256236440339131 0.90462219329016
v 6.081061 0.262124104991121 1.06276294345042
v 5.7662802643819 0.385 1.02291003975505
v 5.699061 0.215689805716327 0.981471110468015
v 5.699061 0.269481723063824 0.915000866875055
v 6.1368336632528 0.0543351739051334 0.882173
v 5.63766094980295 0.0507245052569688 0.882173
v 5.77249708759797 0.363 1.082173
v 5.601061 0.240424036955077 1.04601079600423
v 6.081061 0.408201600364539 0.920462729163651
v 5.87721970008989 0.385 0.940611771512278
v 5.699061 0.408790942451066 1.04782873375011
v 5.90376165075985 0.385 1.05500676964683
v 5.83849919170758 0.385 1.05962785417547
v 5.78513481325858 0.297 0.973582399719925
v 5.84943895203439 0.385 0.973136147404265
v 5.68597088666656 0.424413748161709 0.882173
v 6.09800011378137 0.260353466764942 1.082173
v 5.8832592681032 0.297 1.0230804748383
v 5.65778173176819 0.295877231056956 1.082173
v 6.03988369872546 0.385 0.882173
v 5.93540989965688 0.385 0.941265525161702
v 6.081061 0.0291113806118287 1.02253187201641
v 6.10876754286615 0.415251286553832 1.082173
v 5.78735956963611 0.297 0.919705002905635
v 5.699061 0.033951601771385 0.909412035026085
v 6.081061 0.59069998929584 0.923989800895221
v 6.179061 0.0354702604646903 1.05530857272465
v 6.05749811115631 0.352693003450331 1.082173
v 6.179061 0.46749487112849 0.921800938634394
v 5.6630371923516 0.279837785116786 1.082173
v 6.179061 0.188629943890925 0.939056724951233
v 6.179061 0.249903086620967 0.941506358891721
v 5.699061 0.0344491173975525 0.989664939483269
v 6.081061 0.654782982879733 0.991959820725073
v 5.85405523549068 0.345532612142778 0.882173
v 6.081061 0.0707831646341484 0.908868002739383
v 6.14375098834038 0.143472075270463 1.082173
v 6.13523273509086 0.0774956344042041 1.082173
v 5.699061 0.424413748161709 0.882173
v 6.081061 0.424413748161709 0.882173
v 5.699061 0.170292675780009 1.05077670795755
v 5.699061 0.653819553112157 1.05748573113712
v 6.12587648538815 0.1603085963733 1.082173
v 5.601061 0.0326143428554303 1.05809529287531
v 5.78614245424034 0.385 0.932228672565967
v 5.86738655017156 0.297 1.01404362224256
v 6.081061 0.533322016010664 1.00649533273868
v 5.6612415437203 0.38232611294118 1.082173
v 6.081061 0.164839527040412 0.958689399374836
v 6.179061 0.298159574885372 0.940139098259581
v 5.96477651512728 0.385 0.999648034521729
v 6.04885749779405 0.319 0.882173
v 6.04934743835204 0.359903907448775 0.882173
v 5.73126450220595 0.319 0.882173
v 5.72429892200674 0.362062711848054 0.882173
v 6.179061 0.274547383411669 0.945436509312478
v 6.081061 0.385 0.921035692547758
v 5.62537758998087 0.682 1.04668282194276
v 5.95799491472268 0.316443732296186 1.082173
v 5.95771501340634 0.363 1.082173
v 5.96020782317398 0.385 0.929848640338288
v 5.601061 0.0875000795983136 1.04633517176752
v 6.04623281654556 0.297 1.06686787949701
v 5.96561519945321 0.385 1.05587674128698
v 5.68122996786462 0 0.920491028764827
v 6.04650910107112 0.385 0.97468846637251
v 6.06944614843132 0.385 1.04575611517659
v 5.6679680044119 0.319 0.882173
v 5.6679680044119 0.319 1.082173
v 5.6679680044119 0.363 0.882173
v 5.67211475818779 0.357907079047245 1.082173
v 6.1121539955881 0.319 0.882173
v 6.1123580497828 0.36507279308897 0.882173
v 5.601061 0.624728115169349 0.918431755514874
v 5.601061 0.682 0.97178559285613
v 6.081061 0.15101801149832 0.919957908972052
v 5.67518502925293 0.0571548789055384 1.082173
v 5.699061 0.514035184763366 0.912263713066107
v 5.699061 0.635394846075675 0.911357376917775
v 6.04125234326337 0.297 0.934267878437179
v 5.6644385618524 0.0911090980258342 1.082173
v 5.699061 0.573218447555381 0.910047496691079
v 6.081061 0.166694346095532 1.05321266399001
v 5.94948838077389 0.297 1.01918417184337
v 5.61923433950359 0 0.982635154929858
v 6.081061 0.11970150699242 1.082173
v 6.081061 0.297 0.919195873069227
v 5.699061 0.540325312855337 0.915958111507547
v 6.081061 0.141674687144663 1.04838788849245
v 6.179061 0.322849168043318 0.946331780518372
v 5.86035631970796 0.297 0.909526396786037
v 6.12576124949092 0.682 1.01404362224256
v 5.65001198337413 0.682 0.984325087480459
v 5.6507016616598 0 0.950239958947404
v 6.179061 0.174133117408659 0.950302377757437
v 5.601061 0.507866882591341 0.914236725280772
v 5.699061 0.487937045020022 1.05277029336557
v 5.601061 0.156758755514874 1.04601079600423
v 5.601061 0.218172503676583 1.04601079600423
v 5.601061 0.682 1.04601079600423
v 6.081061 0.115301013508284 0.916517266249891
v 6.14760450678849 0.358467387857222 1.082173
v 6.15945198946733 0.682 0.98005287109741
v 6.14315111333344 0.118689931943996 0.882173
v 5.65837589650973 0.682 0.900063100337318
v 6.11582788931824 0 1.06572244350174
v 6.11249993429555 0.682 1.0650839526155
v 6.081061 0.649309960204681 0.930965183718887
v 6.14585596522168 0.682 0.918643261875828
v 6.179061 0.0992670240579145 1.0599936440806
v 6.081061 0.649016981644795 1.02648686230109
v 5.601061 0.125043643110306 0.901679357359414
v 6.15294278970276 0.589833929241715 1.082173
v 5.601061 0.247763470636855 1.02634173936151
v 5.601061 0.431960207439001 1.02425948633024
v 6.179061 0.406455597868424 1.00020582623833
v 5.601061 0.310293125919146 1.02788141824679
v 5.601061 0.371706874080854 1.02788141824679
v 6.179061 0.343837579350522 0.993974454819107
v 5.601061 0.55594811856598 0.964140173761667
v 5.601061 0.187465629595729 0.964140173761667
v 5.601061 0.616866777067961 0.958275339876456
v 5.601061 0.341206768584238 0.90488690730469
v 6.179061 0.157801081049499 1.0604118419003
v 6.12340841552145 0.249625590148297 1.082173
v 5.65995268062074 0.437936764422511 0.882173
v 5.65487789107846 0.55594811856598 0.882173
v 6.12524410892154 0.433120622242563 0.882173
v 5.65420795300348 0.492915176120765 0.882173
v 6.1279546816926 0.493081513874925 0.882173
v 5.65638355413607 0.613896014226615 0.882173
v 6.11503313769901 0.62215938867941 1.082173
v 5.63782947088489 0.682 1.01074465868248
v 5.73461145593209 0.385 1.082173
v 5.80168372444114 0.349521603907702 1.082173
v 5.86744183428905 0.349760513776368 1.082173
v 5.62870634627469 0.188814820595313 1.082173
v 6.179061 0.44941996940852 1.04805494965196
v 5.699061 0.569673849463276 0.975905314782548
v 6.15889522810262 0.22400819655206 1.082173
v 5.601061 0.0169656295957285 1.01329386505727
v 6.081061 0.628927975946361 0.909098066387461
v 5.699061 0.199720317651554 1.05069919040393
v 5.6679680044119 0.0169656295957285 1.082173
v 5.6679680044119 0.665034370404272 0.882173
v 5.67002380722562 0.66514640879069 1.082173
v 6.10887937567142 0.0202236982673983 1.082173
v 6.10901399275841 0.664145892196969 0.882173
v 6.15999035324118 0.0615889905450316 1.082173
v 5.66374950596536 0.682 1.082173
v 5.699061 0.649056175748788 0.894855891684119
v 6.081061 0.420262856033244 1.082173
v 5.699061 0.174813513540737 0.976359203072292
v 6.081061 0.0793879520235665 1.01433901256974
v 6.179061 0.649088814559079 0.997776591607215
v 6.081061 0.421494519687246 0.983689399374836
v 5.98946572951449 0.385 0.991779551976408
v 5.699061 0.421816760563131 0.983501456646084
v 5.699061 0.396895471225533 0.915000866875055
v 5.699061 0.0700948702069229 1.04782873375011
v 5.699061 0.150833872350786 0.915419725870364
v 5.699061 0.556554513678035 1.02384700823576
v 5.699061 0.495998397712526 0.972238552936288
v 5.699061 0.494654890573177 1.03004540212938
v 5.699061 0 1.04748355350623
v 6.09805321121594 0.682 1.01662466944937
v 6.17915687784276 0.266253739651222 1.05020582623833
v 6.179061 0.207450905638414 1.05108278455151
v 6.179061 0.329089910513807 1.05090626049891
v 6.17915687784276 0.634736228621474 1.05020582623833
v 6.179061 0.467869346030133 1.06629918561499
v 6.179061 0.528584314124519 1.03336193856464
v 5.601061 0.411106601935171 1.04368837944485
v 5.65625621137353 0.0396958160000379 0.882173
v 6.01085032005786 0.297 1.02175444664377
v 6.01048524775047 0.297 0.953727838137652
v 6.179061 0.397654726759123 1.04809075953318
v 5.699061 0.555516271184897 0.996457991867162
v 5.699061 0.156220018174442 0.997828733750109
v 5.699061 0.187465629595729 0.934087489264984
v 5.699061 0.126707785632559 0.925749105175942
v 5.699061 0.586116255306403 0.934087489264984
v 6.081061 0.095883744693598 1.03025851073502
v 6.03150519470616 0.297 1.02719718830346
v 5.76782552002419 0.327760513776368 1.082173
v 6.13888947556391 0.477066982547049 0.882173
v 6.1611539955881 0 1.01115002891995
v 6.081061 0.188359755881001 1.04838788849245
v 6.081061 0.494844428262636 1.05138368627541
v 6.081061 0.0639667213297687 0.994682595133753
v 6.081061 0.0325884353063718 0.959665834274833
v 6.179061 0.0952707481692689 1.03536121524241
v 6.179061 0.0320251306123283 1.01422447596495
v 5.601061 0.433196409016939 1.00120933010535
v 5.601061 0.0612765465894959 0.99660264164843
v 5.601061 0.18861258302241 0.992768375308718
v 6.179061 0.16080060522159 1.0320764484809
v 6.179061 0.406455597868424 0.96833520399577
v 5.601061 0.371706874080854 0.99601079600423
v 5.601061 0.190927015025255 0.937335786661339
v 6.179061 0.16080060522159 0.96833520399577
v 5.601061 0.12605188143402 0.932269551519105
v 5.601061 0.336958150293285 0.932269551519105
v 6.179061 0.345041849706716 0.96833520399577
v 6.12842826673284 0.374859763546236 1.082173
v 5.78679108385042 0.385 1.05960284025654
v 5.6679680044119 0.118288834517523 1.082173
v 5.62192268695907 0.682 0.982091381281924
v 6.081061 0.55594811856598 1.05880412862556
v 6.081061 0.649950302034061 0.959665834274833
v 6.179061 0.651701858217202 1.03189225668899
v 5.7570406245225 0.385 0.937615033919127
v 6.179061 0.0367600232616161 1.03402249198946
v 5.69920998935346 0.682 0.998081292877586
v 6.179061 0.429485753429065 1.05027900790221
v 5.99347872203754 0.320001411523522 0.882173
v 5.699061 0.648870388192885 0.882173
v 5.83610431400659 0.385 0.906468165935131
v 5.699061 0.59419702683194 0.981613845257656
v 5.699061 0.0320496979659397 0.94323697128392
v 6.081061 0.030996025453645 1.04698558594604
v 5.699061 0.434960137137992 0.963364317338275
v 5.699061 0.217100559469844 1.03054612553566
v 5.699061 0.267910866267355 1.06013227279964
v 6.10445351136226 0.44216218818874 1.082173
v 6.11753936079574 0.30616614476688 1.082173
v 5.66945756680909 0.395485995265766 0.882173
v 5.66897665671795 0.286233538792461 0.882173
v 6.114410842788 0.399258139281568 0.882173
v 6.11061392255568 0.386699391213405 1.082173
v 6.1078110817488 0.285092602810422 1.082173
v 6.081061 0.513779215620963 1.03922748978868
v 6.04885749779405 0.297 0.882173
v 6.04885749779405 0.385 1.082173
v 6.04885749779405 0.341 0.882173
v 5.73126450220595 0.385 0.882173
v 5.73126450220595 0.341 0.882173
v 5.91083540160761 0.385 1.00395394171902
v 5.76412226140217 0.297 0.988465278125968
v 5.82844624781905 0.297 1.02366975402588
v 5.699061 0.0320496979659397 1.01313928725633
v 6.179061 0.559989968272696 1.05027900790221
v 6.179061 0.529283094191841 1.0092222393575
v 6.179061 0.160010115954259 1.0069467613531
v 5.601061 0.123996352611799 0.953470428595941
v 6.179061 0.467740600780003 0.989056573857614
v 6.17915687784276 0.375841749751007 1.05020582623833
v 6.179061 0.615682698947511 1.05081841952647
v 5.62241880226572 0 1.03442453787529
v 5.699061 0.492691062937363 0.942086519120444
v 5.80811721229165 0.385 0.996977587516486
v 5.601061 0.463827496323417 1.01404362224256
v 5.601061 0.525241244485126 1.01404362224256
v 5.601061 0.586654992646835 1.01404362224256
v 5.601061 0.649850172298156 1.01144292067653
v 6.13694150322984 0 1.01281094448662
v 5.699061 0.524146941433972 1.0151360731594
v 5.699061 0.650261084662359 0.984309739088081
v 6.081061 0.218172503676583 0.950302377757437
v 6.081061 0.219560502339673 1.01179311244769
v 5.601061 0.156758755514874 0.977977969765898
v 6.179061 0.559989968272696 0.986368030234102
v 5.601061 0.033931259191457 0.950302377757437
v 5.601061 0.21129514383436 0.952242412399359
v 5.601061 0.278067537232499 0.950336926597588
v 5.601061 0.463827496323417 0.950302377757437
v 6.11134552046728 0 0.949913794536758
v 6.13790325819995 0 0.950418282199963
v 5.89058564109833 0.297 0.950466256830312
v 5.95319811434557 0.297 0.950708120459966
v 6.10520674143931 0.682 0.949415087201122
v 5.82676450220595 0.297 0.950302377757437
v 6.081061 0.622655543520101 0.982422347397058
v 6.081061 0.126590618774452 0.982732154742344
v 6.179061 0.033931259191457 0.950302377757437
v 6.179061 0.185048244890326 1.04817606259647
v 6.179061 0.247830294826536 1.04739901760638
v 6.179061 0.309624041889491 1.05087277073161
v 5.601061 0.525241244485126 0.914236725280772
v 6.081061 0.444120622242563 1.007173
v 6.081061 0.406641350090477 1.05238011356085
v 5.699061 0.444120622242563 0.907173
v 5.699061 0.404706874080854 0.907173
v 6.081061 0.525779981825558 0.942754088253555
v 6.081061 0.46436623366385 0.942754088253555
v 5.78688962067647 0.328485455802273 0.882173
v 5.73510703647275 0.385 0.992748615321435
v 5.71603074015755 0.385 1.05187315505403
v 5.73592245407737 0.297 0.994558516366071
v 5.77910228161978 0.385 0.960041258307214
v 5.90303133305683 0.385 1.0283816519387
v 5.9670581485539 0.385 1.02784053929366
v 5.95160109051514 0.337140570002314 1.082173
v 5.90376165075985 0.385 1.082173
v 6.14889918749123 0.337558036926703 1.082173
v 5.90525739752967 0.385 0.901955076900092
v 5.96349309885156 0.385 0.906258016054957
v 5.92170924889702 0.297 0.982173
v 5.81306385144609 0.297 1.082173
v 5.95771501340634 0.297 1.082173
v 5.92061249430813 0.297 0.919646600479389
v 5.94929705022982 0.385 0.882173
v 5.92170924889702 0.297 0.882173
v 5.8404651529658 0.385 1.02784053929366
v 5.83112201781824 0.314521027552736 1.082173
v 5.8404651529658 0.385 1.082173
v 6.13823146312962 0.55021137793528 0.882173
v 5.85432728975928 0.297 0.985338134785548
v 5.88570348438771 0.385 0.882173
v 5.85841275110297 0.297 0.882173
v 5.91273544982844 0.363 1.082173
v 6.081061 0.297 0.987707309603841
v 6.081061 0.297 1.05068443653461
v 5.6679680044119 0.15260786338641 1.082173
v 5.9794802101033 0.297 0.967238972450792
v 6.179061 0.590492476204522 0.961536321441815
v 6.179061 0.651497492068174 0.975614148342366
v 6.179061 0.350452596082298 0.934285692224493
v 6.179061 0.419788110055494 0.928593049494385
v 5.699061 0.403887624919646 0.99652505303122
v 5.6319441967635 0.0646381332723113 1.082173
v 5.66831013774829 0.522422103518893 1.082173
v 5.6679680044119 0 0.882173
v 5.6679680044119 0 1.082173
v 5.6679680044119 0.682 0.882173
v 5.66560822378967 0.0351061338598491 1.082173
v 5.66449743617065 0.34017954790487 0.882173
v 6.1121539955881 0 0.882173
v 6.11342718635957 0 1.0816723403323
v 6.1121539955881 0.682 0.882173
v 6.1150266355679 0.682 1.082173
v 6.1121539955881 0.341 0.882173
v 6.02826884715678 0.385 1.01858988482341
v 6.13075116117035 0.0342835849359754 0.882173
v 6.1611539955881 0.0352127770523791 0.882173
v 6.081061 0.589858585258823 0.90554187137444
v 5.601061 0.248879377757437 0.918431755514874
v 5.601061 0.24949925667982 0.977128886764499
v 5.601061 0.244361313282454 1.00408042556643
v 5.6368750088238 0.248879377757437 0.882173
v 6.1432469911762 0.529469146118716 1.082173
v 5.601061 0.432107732539908 0.977148378447719
v 5.601061 0.55594811856598 1.04591424448513
v 5.6368750088238 0.433120622242563 0.882173
v 5.67288077333312 0.55594811856598 0.882173
v 6.16684829394366 0.520930638786211 0.882173
v 6.10724122666688 0.55594811856598 1.082173
v 6.1432469911762 0.468055397957008 1.082173
v 6.081061 0.587797278324582 0.953806309047542
v 6.179061 0.283226540712222 0.988569239126081
v 6.179061 0.283628101545007 1.01823865247666
v 6.179061 0.529283094191841 0.918431755514874
v 6.179061 0.529283094191841 0.954497407991539
v 5.601061 0.557597044132549 0.983260401747086
v 5.699061 0.558564851958455 1.05118330384314
v 5.601061 0.45343971223346 1.082173
v 5.601061 0.514853460395168 1.082173
v 5.601061 0.576267208556877 1.082173
v 5.601061 0.0648323938421424 0.917776023699235
v 5.601061 0.187465629595729 1.00984859200846
v 6.1432469911762 0.187465629595729 0.882173
v 6.179061 0.223415198110512 0.983019633156387
v 6.179061 0.220489680614101 1.01934781709174
v 6.081061 0.0980478621009385 0.955964252444796
v 6.081061 0.159811845929694 1.02021653337337
v 5.6368750088238 0.187465629595729 0.882173
v 6.179061 0.100308594676197 0.922758042787237
v 6.179061 0.0993868570598812 0.954497407991539
v 5.699061 0.0948663181010482 0.951106564757229
v 5.601061 0.187465629595729 1.082173
v 5.601061 0.126628858144153 1.01248609109508
v 5.601061 0.12605188143402 1.082173
v 5.601061 0.336958150293285 0.946107347523335
v 5.601061 0.30934212135962 0.976299533438825
v 5.601061 0.310078102263929 1.00657979785869
v 5.601061 0.310293125919146 1.04591424448513
v 5.601061 0.371706874080854 0.982173
v 5.601061 0.494534370404272 0.982173
v 5.601061 0.491949669472426 1.04438830211604
v 5.6368750088238 0.494534370404272 0.882173
v 5.67288077333312 0.494534370404272 0.882173
v 5.6368750088238 0.371706874080854 0.882173
v 5.6368750088238 0.310293125919146 0.882173
v 6.10194828451017 0.498517517086447 0.882173
v 6.179061 0.343540803981007 1.0226971980361
v 6.179061 0.466938714748917 0.950483110983532
v 5.601061 0.398941590352583 0.916834711858784
v 5.601061 0.401259872967703 0.946686178051621
v 5.601061 0.616273290657526 1.0436365634814
v 5.6368750088238 0.617361866727689 0.882173
v 6.179061 0.59069684235355 1.01823865247666
v 6.179061 0.617361866727689 0.918431755514874
v 5.601061 0.617361866727689 0.982173
v 5.699061 0.617225500995247 1.0112064663959
v 5.64222134328564 0.429083720311143 1.082173
v 5.74972967915456 0.385 1.00955303222768
v 5.77695272230909 0.385 1.03943338845483
v 6.081061 0.385 1.0523758245603
v 6.081061 0.385 0.995370791371947
v 5.98891247083318 0.297 0.905849553358313
v 5.62445103500667 0.682 1.0295865358806
v 6.081061 0.616424089399681 1.06481893460112
v 5.72941564990481 0.297 0.882173
v 6.081061 0.409030326741756 0.899638869546563
v 5.699061 0.27208713896902 0.958767742512332
v 6.154561 0.301200057897114 0.882173
v 5.79007454987915 0.297 1.03712226166498
v 6.081061 0.0158985826221426 0.942201382415685
v 6.081061 0.237879377757437 1.02310831112128
v 5.699061 0.0121178158278437 0.909451859776373
v 5.699061 0.167066547935147 0.898604500656674
v 6.179061 0.0828232449053429 0.900716259128302
v 6.179061 0.62932071037648 0.900288596907848
v 5.601061 0.66642847545209 0.954735656009848
v 6.081061 0.658683995962672 0.900302377757437
v 6.16069401966424 0.623314246166274 0.882173
v 5.601061 0.0582692692912422 1.05465233053075
v 6.081061 0.439969730114099 1.057173
v 6.09415111333344 0.130385081878495 0.882173
v 5.699061 0.214445169191472 1.00345271122547
v 5.699061 0.269481723063824 0.98338919867598
v 5.699061 0.274003294127255 1.0387248631724
v 5.699061 0.269481723063824 0.937796977475363
v 6.081061 0.562496227075866 0.926762883031367
v 6.14124942733834 0.248172400685849 0.882173
v 6.179061 0.275894386587099 0.964252390259186
v 6.179061 0.389081235974639 0.928593049494385
v 5.78225423703485 0.385 0.90158037365817
v 6.04327768764664 0.297 1.04475060978344
v 5.76813957198568 0.297 0.900302377757437
v 6.179061 0.0574819391804208 0.9960054446319
v 6.081061 0.486992336219166 0.899345133124945
v 6.179061 0.312200057897114 0.882173
v 6.081061 0.0916898079216876 0.906843510297366
v 5.71761913556358 0.319 1.082173
v 5.71761913556358 0.363 1.082173
v 5.64749069455755 0.0751779045949387 1.082173
v 5.69921427360571 0.117575473937163 0.900302377757437
v 5.699061 0.0958687192713706 1.04440560678518
v 6.01037175418526 0.385 1.05881534021851
v 6.179061 0.63249734399678 0.944702348302912
v 6.09419626919241 0 0.940264581734284
v 5.80981041862442 0.321361425722891 0.882173
v 5.94194014558645 0.361638435126375 0.882173
v 5.87205811774534 0.363 0.882173
v 5.72739538518579 0.297 1.082173
v 5.699061 0.540594681525553 1.00593617799634
v 6.179061 0.228880609476833 0.917430845498616
v 6.09850862894573 0.319 1.082173
v 6.09850862894573 0.363 1.082173
v 6.179061 0.305837907723173 0.899556474467342
v 5.65898386672757 0.232253299368982 0.882173
v 6.081061 0.467665701522695 1.057173
v 5.699061 0.443851253572347 1.03876404487139
v 5.71326491194748 0.297 0.946065523084029
v 5.71067585156868 0.385 0.948246794902749
v 6.179061 0.0879830578631418 0.882173
v 5.98908132278039 0.385 1.05072431435657
v 6.179061 0.116272866492391 1.02438998410638
v 6.179061 0.084033420019454 0.977351617114936
v 6.179061 0.114740294100308 0.977351617114936
v 5.601061 0.0801131053004431 0.94587470850209
v 5.601061 0.0801962426018312 0.981463350910189
v 5.71432225822733 0.385 0.996702371730646
v 5.71067585156868 0.297 0.998246794902749
v 6.179061 0.130048670722643 0.901963243620618
v 5.86077617694861 0.385 0.925330214040421
v 6.081061 0.269674477503838 0.882173
v 6.081061 0.213550965361681 0.882173
v 6.06361309246967 0.385 0.985448083966497
v 5.96020782317398 0.385 0.970756115176586
v 6.00778905879754 0.385 0.949684203506426
v 6.16336528337954 0.132293584831873 0.882173
v 5.699061 0 0.909451859776373
v 5.62025299487642 0.444898443437558 1.082173
v 5.61802043078098 0.497399214417518 1.082173
v 6.179061 0.520405427705864 0.90539914067217
v 5.69908229683101 0.269788089741638 0.882173
v 5.69912489049302 0.215364269224914 0.882173
v 5.699061 0.385 1.00056133180092
v 5.699061 0.241963446127648 1.02062484435042
v 5.69937463300267 0.385 1.05354352054276
v 5.699061 0.297 1.05496911060031
v 5.699061 0.297 1.00056133180093
v 5.81223620206749 0.385 1.05429375665054
v 5.87211340186283 0.385 1.05500676964683
v 5.93540989965688 0.385 1.05500676964683
v 5.67852658404016 0.218646147354194 0.882173
v 5.699061 0.661038969589186 0.925686566740852
v 6.081061 0.268056041792637 1.082173
v 6.081061 0.215786358619381 1.082173
v 5.699061 0.118240478578698 1.05647488367342
v 5.699061 0.164562812628108 1.02457962404432
v 5.699061 0.118240478578698 1.02781460622462
v 5.96238658098012 0.385 1.082173
v 6.14941510348007 0.599299055350552 0.882173
v 6.16137735301856 0 0.935903824819041
v 5.66142294774518 0.413413748161709 0.882173
v 6.11869905225482 0.268586251838291 1.082173
v 6.154561 0.263940920598115 0.882173
v 6.10879843759245 0.283890267202843 0.882173
v 5.601061 0.393726567214816 1.03480031624891
v 6.01431775931016 0.385 0.918186406358621
v 6.13384483049686 0.455216364493462 0.882173
v 5.62317000481767 0.413051870345375 1.082173
v 6.081061 0.471816593651159 1.007173
v 5.699061 0.411170652405062 1.082173
v 5.699061 0.462278055771617 1.08191403266375
v 6.05783129686264 0.385 0.94820192290093
v 6.081061 0.118852294485328 1.03795347057502
v 5.67677310760938 0 1.00593275890305
v 6.179061 0.437162471949279 0.928593049494385
v 6.00300862894573 0.363 1.082173
v 5.84333624366013 0.36524656208908 0.882173
v 5.96722628177631 0.363205016399347 0.882173
v 6.179061 0.195397274995315 0.95533986385223
v 6.179061 0.211506247583048 0.907173
v 5.9162788684872 0.385 0.963158125095573
v 5.8912499925142 0.385 0.919891151997884
v 5.76483131347356 0.297 0.934854225605592
v 5.80607516634133 0.297 0.929167892385188
v 5.80613804804693 0.297 0.972041686691671
v 5.83010201093739 0.385 0.931687610041978
v 5.86974997601719 0.385 0.966237688878719
v 5.601061 0.682 0.912055406103582
v 5.61758169572833 0.24305287904259 1.082173
v 5.6140371923516 0.11759654063166 1.082173
v 5.8652630764829 0.385 0.989071458525547
v 5.63704101381235 0 1.03372213898538
v 6.13491733559271 0.62438251022317 0.882173
v 6.11706995564295 0.578935227391016 0.882173
v 6.10813452443142 0.62134138146111 0.882173
v 5.93038397787951 0.297 1.00136305243371
v 6.179061 0.460600422503546 0.892430845498616
v 5.80876161995129 0.297 0.900302377757437
v 5.699061 0.682 1.05663303552516
v 5.66318454002285 0.637482264133611 0.882173
v 5.6189680044119 0 0.900302377757437
v 5.6172821205636 0.682 0.902644187065533
v 6.1611539955881 0 0.900302377757438
v 6.1611539955881 0.682 0.900302377757437
v 6.16071716415315 0 1.0634107301689
v 6.16072495778861 0.682 1.06430311090269
v 5.699061 0.224643404298352 1.06121831700518
v 6.05733303844842 0.309642950387278 1.082173
v 6.01306348025428 0.311104365876568 1.082173
v 6.01228769672753 0.33 1.082173
v 6.01564143123289 0.349102502852273 1.082173
v 6.05563326111185 0.329842349910381 1.082173
v 6.081061 0.0517105766238953 0.900302377757437
v 5.699061 0.0745883571692908 0.899720637543318
v 5.699061 0.507461927052688 1.06404362224256
v 5.601061 0.0248147143037338 1.03605303841351
v 5.601061 0.0670308872326159 1.02523096365884
v 6.081061 0.0162942176531859 0.987831163158695
v 5.81691488599227 0.333733953956986 1.082173
v 6.081061 0.197614918350765 0.991429958130916
v 6.081061 0.502615141929809 0.990560021617399
v 6.12681368764131 0.682 0.901271652929915
v 5.60096512215724 0.200705115819361 0.900302377757437
v 6.179061 0.236971599923626 0.960188835549757
v 6.179061 0.207082098788785 0.962871640941408
v 5.65242150661785 0.444120622242563 1.082173
v 5.68077792548582 0.402931567778764 1.082173
v 6.12798159191099 0.384315305447644 0.882173
v 5.64822334582594 0.24007287375096 1.082173
v 6.12333063424621 0.23647566207248 0.882173
v 5.65242150661785 0.299293125919146 0.882173
v 5.61887212656914 0.139291367657652 0.882173
v 5.93527261656407 0.320507563627993 0.882173
v 6.12524410892154 0.542708632342348 1.082173
v 6.12524410892154 0.200705115819361 0.882173
v 5.65298388303105 0.539127547721389 1.082173
v 6.12632902867065 0.134203221270889 0.882173
v 5.65487789107846 0.112812395210388 0.882173
v 6.12642631882931 0.0763826092161356 0.882173
v 5.65487789107846 0.174226143372096 1.082173
v 5.87205811774534 0.323532612142778 0.882173
v 6.12901458411123 0.60213076025953 1.082173
v 5.65487789107846 0.604122380504057 1.082173
v 6.081061 0.610300714396408 0.882173
v 5.601061 0.56928063075305 1.02788141824679
v 5.601061 0.447813179575577 0.965973613030092
v 5.601061 0.0779706454593807 0.900398929276542
v 5.601061 0.325710750716761 0.962301599261785
v 5.601061 0.385039386267924 0.964140173761667
v 5.601061 0.262211889944507 0.900398929276542
v 5.601061 0.447215127596 0.901356378212648
v 5.601061 0.56928063075305 0.900398929276542
v 6.081061 0.682 0.94345094578238
v 6.081061 0 0.941301465371847
v 6.15987528281693 0.0759039075960463 0.882173
v 5.699061 0.241478178420622 0.920465213096747
v 5.699061 0.462932963537218 0.956794064820386
v 5.699061 0.466631014936547 0.908186161566556
v 5.601061 0.0169656295957285 0.963814639264607
v 5.6189680044119 0.0779706454593807 0.882269551519105
v 5.6189680044119 0.446453134429632 0.882269551519105
v 5.6189680044119 0.56928063075305 0.882269551519105
v 5.6189680044119 0.323625638106215 0.882269551519105
v 5.6189680044119 0.262211889944507 0.882269551519105
v 5.61927719150487 0.386347714146318 0.882173
v 6.1611539955881 0.296960613732076 1.0820764484809
v 5.62200929920558 0.629871309737992 0.882173
v 6.1611539955881 0.419788110055493 1.08224618166388
v 6.15881163756024 0.423616169865041 0.882173
v 6.16105208910212 0.173099794933805 0.882173
v 6.1611539955881 0.235546865570368 0.882173
v 6.16076657003683 0.367853142260982 0.882173
v 6.081061 0.564028890091518 0.974624710496118
v 6.081061 0.579112958461729 1.02215106648879
v 6.081061 0.197852676098816 0.906208360915994
v 6.02157941825498 0.366481888153269 0.882173
v 6.154561 0.279180364763152 0.882173
v 5.699061 0.404505010275475 1.018400387287
v 6.179061 0.620651450727197 0.990722551811398
v 5.601061 0.0169656295957285 0.900302377757437
v 6.081061 0.0170155939526571 0.902354676313667
v 6.179061 0.0163118163092648 0.900866494834176
v 6.179061 0.665034370404272 0.900302377757437
v 5.601061 0.665034370404272 1.06404362224256
v 5.71558274879252 0.345327973179233 1.082173
v 6.179061 0.563866107370515 0.90104052785554
v 6.12576124949092 0 1.02830564093502
v 6.12639097361525 0.682 0.935593063285726
v 5.65436075050908 0.682 0.936040359064978
v 5.66194391890419 0 0.934453170128692
v 5.67942582999984 0.610491244485126 0.882173
v 5.6189680044119 0.0169656295957285 1.082173
v 6.1611539955881 0.0169656295957285 1.082173
v 5.6189680044119 0.665034370404272 0.882173
v 5.6189680044119 0.665034370404272 1.082173
v 6.1611539955881 0.665034370404272 0.882173
v 6.1611539955881 0.665034370404272 1.082173
v 6.06393826319482 0.385 1.0684944361044
v 6.03590776885683 0.385 0.995580312325486
v 6.02460882777337 0.385 1.03771985899069
v 6.081061 0.0880723418382763 1.05497893336384
v 6.081061 0.0604344559898365 0.923506655909081
v 6.081061 0.594735764172372 1.00649533273868
v 5.699061 0.429400426077967 1.05632356762338
v 6.04885749779405 0.385 1.032173
v 5.88108720093141 0.385 1.00500676964683
v 6.01013225304675 0.385 1.00230904085853
v 5.99213069345852 0.297 0.882173
v 6.081061 0 1.02145420895996
v 6.081061 0.411102318701048 0.941517266249891
v 5.99704221071562 0.297 0.929286412781277
v 5.66116437746049 0 0.918171368411207
v 5.699061 0.179654226740407 0.95785066726132
v 6.081061 0.178542158171075 0.975537910709707
v 6.081061 0.152069585275052 0.940586954576272
v 6.081061 0.19527703245105 0.926539199761101
v 5.699061 0.0715087555148742 0.923006496524342
v 5.699061 0.0228024480555324 0.926561597740774
v 6.05690837334554 0.297 0.957792906387305
v 6.081061 0.56545351127284 1.03939848137342
v 6.081061 0.54623066605329 0.989544860467379
v 6.081061 0.519559254086021 1.02223970911516
v 6.179061 0.310321240208399 0.926788987922556
v 5.69925686726772 0.163979149743856 0.882173
v 5.699061 0.0730504119450263 0.980204876858313
v 6.081061 0.0564246871446633 1.01061790625503
v 5.74595352074937 0.319 1.082173
v 6.081061 0.242358504164109 0.929136963732429
v 6.081061 0.271924548312441 0.965383982161106
v 6.081061 0.272515765712746 0.91926953933035
v 6.081061 0.135461984952113 0.901233016377064
v 5.80489250293113 0.350485455802273 0.882173
v 6.081061 0.610491244485126 1.04591424448513
v 6.179061 0.582009661406658 0.945480994872373
v 5.98967731426486 0.363 0.882173
v 5.89005324884591 0.364176041148013 1.082173
v 5.699061 0.0160248489829698 1.03031142038128
v 5.601061 0.172112192555301 1.06409189800212
v 5.601061 0.110698444393593 1.06409189800212
v 5.601061 0.202850333152273 1.06389966462556
v 5.601061 0.141405318474447 1.06409189800212
v 5.601061 0.172112192555301 1.02792969400635
v 5.601061 0.107810839106489 1.02716118541381
v 5.601061 0.202232925026859 1.03016762203912
v 5.601061 0.141405318474447 1.02792969400635
v 5.72229070313736 0.385 0.968728368604882
v 5.72229070313736 0.297 0.968728368604882
v 6.179061 0.450502246707672 1.00083733090066
v 5.699061 0.598314567826332 0.904513385852767
v 6.081061 0.448195132886333 0.900873399628141
v 5.73390555470605 0.297 0.943617721106398
v 5.71580736009159 0.297 0.903957406832426
v 5.71345884403567 0.385 0.906921827936519
v 5.73341900421969 0.385 0.94633583500588
v 5.69910359366202 0.203162431321567 0.900302377757437
v 5.74271453621087 0.385 0.911535545630672
v 5.73682464776791 0.297 1.04268783113258
v 5.601061 0.0408018814340199 1.00465233053075
v 5.699061 0.0547445521901466 0.904724834556062
v 5.699061 0.0160248489829698 1.06500086687505
v 5.699061 0.0495069252440223 1.02855715705881
v 6.179061 0.460600422503546 0.882173
v 6.179061 0.522014170665255 0.882173
v 6.179061 0.624630790254275 0.882173
v 6.081061 0.682 1.01922565907564
v 5.601061 0.399333806933525 1.082173
v 6.081061 0.203443824251212 1.06404362224256
v 6.081061 0.659558274027463 0.882173
v 6.15319511210289 0.682 1.0270287524201
v 5.99143785195083 0.297 0.946159991599631
v 6.081061 0.101021369359152 1.01243487238207
v 5.699061 0.577908753339941 0.954213407131904
v 5.699061 0.62320098270976 0.952026057257177
v 5.699061 0.225284901516631 1.082173
v 5.699061 0.27384857002813 1.082173
v 5.699061 0.257453746727679 1.03046541831949
v 5.92857702492012 0.297 1.03691158730517
v 5.99555084255303 0.297 1.04350387828217
v 5.90587949388371 0.297 1.00192329014191
v 5.96724706373248 0.297 1.00067858592168
v 5.96147494912344 0.320511082417123 0.882173
v 6.081061 0.518890870043526 1.082173
v 6.13776026594613 0.682 0.980270926890332
v 5.6368750088238 0 0.941498075982385
v 5.63871892007803 0 0.989390417310908
v 6.179061 0.443890105124028 1.02140537804327
v 6.179061 0.398778879348211 1.01823865247666
v 6.179061 0.476518548472694 1.04535170965558
v 6.16354911741643 0.471663630684222 0.882173
v 5.601061 0.431099697389205 1.05073562737019
v 5.64856114073375 0.360733693928611 1.082173
v 6.05813656557584 0.297 1.082173
v 6.01228769672753 0.297 1.082173
v 6.081061 0.514756023874646 0.900337865707068
v 5.699061 0.55045105361495 0.976277589548061
v 6.179061 0.135372265437205 1.02205202979799
v 6.179061 0.496829111809575 0.980212862112909
v 5.601061 0.102506770314611 0.942243489408489
v 5.601061 0.0953450073531656 0.986994382885064
v 5.601061 0.0646381332723113 0.941285964638271
v 5.93540989965688 0.385 1.00500676964683
v 5.80335674440922 0.385 0.940039462447448
v 5.699061 0.243849854023081 0.974039710903705
v 5.699061 0.297 0.950561331800925
v 5.699061 0.297 0.904969110600308
v 5.699061 0.385 0.904969110600308
v 5.699061 0.385 0.950561331800925
v 6.04955162389445 0.385 0.911140995037812
v 6.14518165776933 0.494796131097285 0.882173
v 5.699061 0 0.990072966788823
v 6.081061 0.265571999552398 1.02339766681199
v 5.91273544982844 0.385 0.982173
v 5.78614245424034 0.385 0.882173
v 5.86738655017156 0.297 1.082173
v 6.09466825390282 0.682 0.900302377757437
v 6.09624101920809 0 1.06122341833296
v 5.64239755823569 0.279276400645263 1.082173
v 5.83143606977973 0.385 0.882173
v 6.11937827267666 0 0.99807062325925
v 5.65376748967419 0 1.00119143524727
v 5.69921427360571 0.117263544361948 0.882173
v 6.179061 0.353556042124173 0.906589626016988
v 6.081061 0.483446425960924 0.992874458223144
v 6.081061 0.0495540649021004 0.934646644007328
v 6.081061 0.110339879640576 0.998362308702668
v 5.699061 0.142658072470754 0.966438261156212
v 5.601061 0.16478851587514 0.901640261584379
v 5.75941062925638 0.385 0.984725413201344
v 5.79114235140098 0.385 1.01635478132849
v 5.85628927741432 0.385 1.01190522817237
v 5.73802387133965 0.385 1.04211027641272
v 5.93753337334554 0.297 0.966237688878719
v 5.84258862665446 0.297 0.934367066636156
v 5.84258862665444 0.297 0.966237688878724
v 5.82464102851729 0.385 0.980034605929812
v 5.87249565275001 0.297 0.967503119224423
v 5.87423687555149 0.297 0.934367066636156
v 5.601061 0.108455211486122 0.89717004194159
v 6.179061 0.0485410884723372 0.901350971720255
v 5.601061 0.540017247520102 1.02807619719976
v 5.601061 0.0472637713785264 0.900398929276542
v 5.601061 0.293602615009542 0.963396687651634
v 5.601061 0.354332512187069 0.964140173761667
v 5.601061 0.416585634675935 0.963678553446756
v 6.179061 0.573322480459765 0.936464581753207
v 6.179061 0.145188321379872 0.940756864354199
v 5.601061 0.231957272315947 0.902431428193653
v 5.601061 0.599987504833904 0.900398929276542
v 5.86398568422316 0.297 1.03449735966171
v 5.601061 0.361433209538151 1.05497893336384
v 6.16170474230521 0.204530458640929 1.082173
v 6.15465904959258 0.381311829354943 1.082173
v 5.61887212656914 0.169998241738506 0.882173
v 5.61887212656914 0.108584493576798 0.882173
v 6.12635672292984 0.208363901483058 1.082173
v 5.65420730779845 0.0774021786707276 0.882173
v 5.65487789107846 0.573415506423202 1.082173
v 5.65540550658181 0.634153387052861 1.082173
v 6.12524410892154 0.169998241738506 0.882173
v 5.65487789107846 0.204933017452951 0.882173
v 6.15770993564754 0.255917616026802 1.082173
v 5.6189680044119 0.599987504833904 0.882269551519105
v 5.6189680044119 0.35433251218707 0.882269551519105
v 5.6189680044119 0.477160008510487 0.882269551519105
v 5.62004837336398 0.294552937553955 0.882173
v 5.601061 0.240424036955077 1.082173
v 5.601061 0.56928063075305 0.99601079600423
v 5.601061 0.446453134429632 0.932269551519105
v 5.601061 0.568574164080394 0.931768237112173
v 5.601061 0.6330492523137 1.05898182728824
v 6.179061 0.0518930581043336 0.969377169384072
v 6.081061 0.126201307659133 0.882173
v 5.85057867419226 0.333495359722032 1.082173
v 5.8223052447304 0.367380256888184 1.082173
v 6.081061 0.469995109169659 0.910116877777855
v 6.1611539955881 0.45042447468345 1.0820764484809
v 6.1611539955881 0.511838222845158 1.0820764484809
v 6.081061 0.533052647340448 1.05097626175051
v 6.179061 0.359911371298481 1.03607255252141
v 5.601061 0.479180933363844 1.02997893336384
v 5.601061 0.509315464817292 1.02971983807365
v 5.699061 0.512283522357418 1.02602073225107
v 5.601061 0.632715303768116 1.02997893336384
v 6.179061 0.544078402886777 0.969813695955787
v 6.179061 0.236369604124752 1.03240697573449
v 5.601061 0.141405318474447 0.962042658644617
v 5.699061 0.634088395772183 0.969338691324506
v 5.699061 0.632715303768116 0.997549156378938
v 6.179061 0.575343405313123 0.970432719112821
v 5.601061 0.233665189956916 0.934974895723764
v 5.601061 0.23352594071701 0.966237688878719
v 6.081061 0.187734998265945 0.950581955128609
v 5.601061 0.478410073843928 0.997797948647184
v 5.699061 0.482027272478816 0.991771792540527
v 5.601061 0.264232814797864 0.966237688878719
v 5.601061 0.263701303171476 0.934874027015608
v 6.081061 0.51386542613292 1.00352813110964
v 5.601061 0.478287466269931 0.96700696907311
v 5.601061 0.479180933363844 0.934367066636156
v 5.601061 0.1127603794258 0.994012347713874
v 5.601061 0.141881866846439 0.991833517798732
v 6.081061 0.148343083910988 0.96507956668786
v 6.081061 0.141944055814879 0.998667465863626
v 5.601061 0.509547921514249 0.998300375895987
v 5.699061 0.510869158161454 0.995912259546261
v 5.601061 0.602008429687262 0.998108311121281
v 6.179061 0.574785276967675 1.00168431819839
v 6.081061 0.541133418865985 0.966796843621063
v 5.601061 0.510606246893088 0.963445570943493
v 6.179061 0.298981538585434 1.06604458584051
v 6.179061 0.237567790423725 1.06604458584051
v 5.601061 0.485074067637947 0.907592380584855
v 5.699061 0.0811301009197793 0.998748679462612
v 6.081061 0.59932377603541 1.02977358163915
v 5.699061 0.44109296925866 0.992717865066738
v 5.699061 0.0797222016425225 0.934087489264984
v 6.081061 0.480848649139357 0.971841213287784
v 5.89079539712093 0.363029390714449 0.882173
v 5.75811317576865 0.319142984515838 0.882173
v 5.68595935276961 0.60680146016701 1.082173
v 6.179061 0.270408012467447 0.927785078527937
v 6.10969761112749 0.468371793371001 1.082173
v 6.179061 0.666850929108601 1.06618941311917
v 5.601061 0.301605944972253 0.918431755514874
v 5.890061 0.319 1.082173
v 5.92606676450932 0.319 1.082173
v 5.98936326230337 0.319 1.082173
v 5.83146240936969 0.321467708488687 0.882173
v 5.890061 0.319 0.882173
v 5.69925742246802 0.363153495696392 0.882173
v 6.081061 0.363 0.882173
v 6.03521213115168 0.341 1.082173
v 5.69472015259201 0.317908268859597 0.882173
v 6.07668896212198 0.318819157619234 1.082173
v 5.98936326230337 0.363 1.082173
v 5.91464050478342 0.362529140846017 0.882173
v 6.04193137196024 0.297 0.977549068287312
v 6.09870398395313 0.572499349585424 0.882173
v 5.601061 0.667009627906986 0.993232862142682
v 5.699061 0.0625528360218173 1.06500086687505
v 5.699061 0.231531441686735 0.8999460742314
v 6.02985390892595 0.297 1.0110284122006
v 5.65023236869994 0 1.04070978113304
v 5.67671087525454 0 1.05216473528664
v 6.12519617000016 0.564088372624294 0.882173
v 5.65666878179004 0.47926700424479 1.082173
v 5.699061 0.110429075723377 0.997828733750109
v 5.699061 0.1095166109726 0.936497330733874
v 6.081061 0.444727175834812 0.971757951804997
v 6.081061 0.0802609389829547 0.966517266249891
v 6.081061 0.670055327002865 1.06404362224256
v 6.081061 0.013796246525048 1.06073015685153
v 6.081061 0.245175204219134 1.04580809036247
v 6.081061 0.243468642165214 0.982402924074809
v 5.64843709618443 0.66960576437004 1.082173
v 5.76807580752603 0.297 0.961235472147807
v 5.83053510089025 0.385 0.957925528031618
v 5.699061 0.279240136040362 0.898508667124553
v 5.63655727723058 0.0730365280890078 0.882173
v 5.74407435679413 0.346929081561427 1.082173
v 5.699061 0.0550108018367117 1.082173
v 5.64048388171186 0.682 1.06477708839057
v 6.081061 0.169835480952622 0.912050570768176
v 5.699061 0.420686413676598 1.03065660062516
v 5.699061 0.476075133420534 1.06945792693383
v 5.67928004644676 0.443019774813863 0.882173
v 5.67942582999984 0.444120622242563 1.082173
v 6.09931541525735 0.441571923678985 0.882173
v 5.68801219817717 0.403318608973856 0.882173
v 6.09415111333344 0.479805690978901 0.882173
v 5.601061 0.331116717280588 1.06404362224256
v 6.179061 0.580591403986352 0.882173
v 5.6189680044119 0.473987041318866 1.082173
v 5.601061 0.669113845330421 0.895649795108235
v 5.6189680044119 0.682 0.94368577815944
v 5.68425904985764 0.175266977250785 0.882173
v 5.94090246202721 0.385 0.958208060944266
v 5.93002328188533 0.385 0.920059328725525
v 6.081061 0.0483343920192441 1.02946567418662
v 5.98033417911729 0.297 1.06404362224256
v 6.081061 0.475654798850437 1.082173
v 6.15977264622608 0.12511359564334 1.082173
v 6.179061 0.222214353383298 0.962301922749308
v 6.10196115889531 0.241420657774622 0.882173
v 6.179061 0.609277353213848 0.900302377757437
v 5.699061 0.0160248489829698 0.978884986798952
v 5.85502567253194 0.323933436076926 0.882173
v 6.179061 0.0600701513190875 1.06325403996057
v 6.1611539955881 0.682 1.00806213871854
v 5.699061 0.442404197641448 0.882173
v 5.699061 0.61513868379191 1.0509645988487
v 6.081061 0.168044558545751 0.882173
v 5.88490555015089 0.297 0.989037209984842
v 5.699061 0.0175388410856006 1.00089237597541
v 6.179061 0.30294471327094 0.962671852488415
v 5.7461477447865 0.371197559164515 0.882173
v 6.179061 0.258136703116235 0.961097835014437
v 5.6189680044119 0.682 0.926077174609337
v 5.96353075926752 0.297 1.06234722698749
v 5.61860254349161 0.682 1.06365961565024
v 5.82388696943022 0.367248796918539 0.882173
v 6.05423736980913 0.297 1.02833371208618
v 6.06302469038694 0.297 1.07567858592168
v 6.030821188181 0.297 0.99380796367912
v 6.04040901950961 0.385 0.954713903118051
v 5.68291686805138 0.376386583133548 0.882173
v 5.68351450220595 0.374 1.082173
v 5.69637840096915 0.359359900585087 1.082173
v 5.601061 0.682 0.990817092432296
v 6.15689235781857 0.538480730708758 0.882173
v 5.65242150661785 0.0444710305140844 1.082173
v 5.699061 0.0414732933765626 1.06500086687505
v 5.699061 0.63968660761086 0.935834303453414
v 6.06655934230772 0.297 0.942531571187488
v 6.09438970028046 0.0503153012087468 0.882173
v 6.081061 0.50297053087465 0.899345133124945
v 5.699061 0.56394923270697 0.931273343502382
v 5.61863589411054 0 0.960405739592312
v 6.179061 0.323684778993473 0.966698281430801
f 1 76 606
f 1 1250 76
f 1 1171 463
f 1 463 1250
f 1 606 1171
f 2 467 500
f 2 677 467
f 2 500 501
f 2 501 1262
f 2 587 677
f 2 1262 587
f 3 1264 427
f 3 427 1544
f 3 1172 537
f 3 537 1264
f 3 1158 1172
f 3 1544 1158
f 4 1254 515
f 4 515 1265
f 4 1265 618
f 4 618 1570
f 4 733 1254
f 4 1570 733
f 5 601 607
f 5 956 601
f 5 607 1043
f 5 1107 956
f 5 1043 1107
f 6 551 777
f 6 1330 551
f 6 777 957
f 6 798 1330
f 6 1514 798
f 6 957 1514
f 7 861 701
f 7 701 1503
f 7 1111 861
f 7 1036 1322
f 7 1503 1036
f 7 1528 1111
f 7 1322 1375
f 7 1375 1528
f 8 652 663
f 8 702 652
f 8 663 1345
f 8 1068 702
f 8 857 1116
f 8 1345 857
f 8 1079 1068
f 8 1116 1079
f 9 672 916
f 9 1539 672
f 9 916 792
f 9 792 1376
f 9 860 1539
f 9 1576 860
f 9 1323 869
f 9 869 1500
f 9 1376 1323
f 9 1500 1576
f 10 1115 644
f 10 644 1140
f 10 767 921
f 10 1069 767
f 10 921 1115
f 10 1578 1069
f 10 1140 1197
f 10 1197 1577
f 10 1577 1578
f 11 738 539
f 11 539 784
f 11 958 738
f 11 850 778
f 11 778 958
f 11 784 850
f 12 622 675
f 12 779 622
f 12 675 1169
f 12 783 779
f 12 1169 783
f 13 140 447
f 13 961 140
f 13 397 393
f 13 393 961
f 13 1251 397
f 13 447 1251
f 14 450 1386
f 14 1522 450
f 14 780 521
f 14 521 1522
f 14 739 962
f 14 1386 739
f 14 962 780
f 15 685 626
f 15 626 705
f 15 1101 633
f 15 633 1300
f 15 866 685
f 15 705 1134
f 15 720 866
f 15 1300 720
f 15 1134 1101
f 16 946 634
f 16 634 1123
f 16 650 864
f 16 1123 650
f 16 864 859
f 16 859 1082
f 16 1573 946
f 16 1082 1504
f 16 1178 1362
f 16 1504 1178
f 16 1362 1573
f 17 653 1378
f 17 1501 653
f 17 673 862
f 17 1037 673
f 17 690 1037
f 17 1378 690
f 17 862 706
f 17 706 1501
f 18 661 627
f 18 627 1083
f 18 656 785
f 18 863 656
f 18 867 661
f 18 785 914
f 18 1083 863
f 18 1268 867
f 18 914 1031
f 18 1031 1268
f 19 1048 257
f 19 257 1385
f 19 963 781
f 19 781 1338
f 19 1385 963
f 19 1338 1048
f 20 740 261
f 20 261 1521
f 20 457 454
f 20 454 964
f 20 1521 457
f 20 964 740
f 21 396 968
f 21 1173 396
f 21 968 487
f 21 487 1252
f 21 576 1173
f 21 1252 576
f 22 660 187
f 22 187 1263
f 22 573 1175
f 22 1263 573
f 22 575 660
f 22 1175 575
f 23 1253 320
f 23 320 1266
f 23 610 1174
f 23 1266 610
f 23 1174 613
f 23 613 1253
f 24 1267 206
f 24 206 1493
f 24 1176 455
f 24 455 1267
f 24 612 1176
f 24 1493 612
f 25 879 49
f 25 49 1358
f 25 771 1356
f 25 1358 771
f 25 1318 879
f 25 1356 1318
f 26 56 945
f 26 1381 56
f 26 893 1042
f 26 1524 893
f 26 945 1299
f 26 1042 1381
f 26 1299 1524
f 27 923 845
f 27 845 1324
f 27 1316 920
f 27 920 1398
f 27 1398 923
f 27 1324 1316
f 28 945 56
f 28 56 1572
f 28 817 1512
f 28 1572 817
f 28 1507 945
f 28 1574 1507
f 28 1512 1574
f 29 636 262
f 29 262 813
f 29 813 550
f 29 550 1226
f 29 1373 636
f 29 1056 1038
f 29 1038 1373
f 29 1226 1056
f 30 359 869
f 30 1061 359
f 30 845 678
f 30 678 1061
f 30 1326 845
f 30 869 1326
f 31 851 360
f 31 360 1061
f 31 1061 678
f 31 678 1372
f 31 1156 851
f 31 1372 1156
f 32 381 884
f 32 923 381
f 32 884 1405
f 32 1372 923
f 32 1156 1372
f 32 1527 1156
f 32 1405 1527
f 33 180 179
f 33 179 671
f 33 236 180
f 33 235 263
f 33 671 235
f 33 670 236
f 33 263 1552
f 33 1552 670
f 34 65 1032
f 34 1275 65
f 34 1269 966
f 34 966 1275
f 34 1032 1103
f 34 1103 1269
f 35 442 884
f 35 937 442
f 35 1030 839
f 35 839 1118
f 35 884 1399
f 35 1118 937
f 35 1399 1030
f 36 223 1140
f 36 1141 223
f 36 278 730
f 36 1087 278
f 36 730 1535
f 36 1274 1087
f 36 1140 1274
f 36 1535 1141
f 37 51 913
f 37 914 51
f 37 522 65
f 37 65 914
f 37 789 522
f 37 913 789
f 38 792 52
f 38 52 855
f 38 348 792
f 38 1377 348
f 38 791 566
f 38 566 1377
f 38 855 791
f 39 49 805
f 39 1358 49
f 39 82 804
f 39 805 82
f 39 804 1358
f 40 808 58
f 40 58 948
f 40 809 628
f 40 628 1507
f 40 1512 808
f 40 948 809
f 40 1507 1574
f 40 1574 1512
f 41 1119 924
f 41 924 1276
f 41 937 1119
f 41 1400 937
f 41 1276 1400
f 42 825 43
f 42 43 846
f 42 83 825
f 42 1064 83
f 42 846 826
f 42 826 1064
f 43 660 846
f 43 1558 660
f 43 825 743
f 43 743 1558
f 44 1151 227
f 44 227 1157
f 44 1276 871
f 44 871 1382
f 44 1382 1151
f 44 1157 1161
f 44 1161 1276
f 45 857 322
f 45 322 1177
f 45 856 1114
f 45 1177 856
f 45 1055 857
f 45 1346 1055
f 45 1114 1346
f 46 684 1104
f 46 1371 684
f 46 871 1371
f 46 1382 871
f 46 1104 1547
f 46 1151 1382
f 46 1547 1151
f 47 925 684
f 47 684 1371
f 47 697 925
f 47 1120 697
f 47 871 924
f 47 1371 871
f 47 924 1120
f 48 212 873
f 48 1155 212
f 48 217 872
f 48 1040 217
f 48 872 647
f 48 647 1155
f 48 873 1040
f 49 525 876
f 49 1367 525
f 49 876 805
f 49 879 1367
f 50 892 244
f 50 244 1190
f 50 295 892
f 50 1524 295
f 50 1190 893
f 50 893 1524
f 51 253 913
f 51 1051 253
f 51 914 1051
f 52 915 266
f 52 266 1227
f 52 792 916
f 52 1227 855
f 52 916 915
f 53 790 684
f 53 684 925
f 53 1277 790
f 53 925 1091
f 53 1270 966
f 53 966 1277
f 53 1091 1073
f 53 1073 1270
f 54 188 921
f 54 1097 188
f 54 1029 920
f 54 920 1097
f 54 921 1401
f 54 1401 1029
f 55 189 1098
f 55 1116 189
f 55 922 217
f 55 217 1327
f 55 1098 922
f 55 1327 1116
f 56 350 946
f 56 1381 350
f 56 946 1572
f 57 818 161
f 57 161 932
f 57 768 818
f 57 1189 768
f 57 932 938
f 57 938 1189
f 58 808 326
f 58 326 1350
f 58 1350 948
f 59 949 303
f 59 303 1074
f 59 560 949
f 59 1249 560
f 59 1074 950
f 59 950 1249
f 60 917 85
f 60 85 1445
f 60 579 917
f 60 1191 579
f 60 1445 918
f 60 918 1487
f 60 1487 1191
f 61 291 831
f 61 837 291
f 61 749 292
f 61 292 752
f 61 831 749
f 61 752 837
f 62 746 238
f 62 238 980
f 62 311 746
f 62 974 311
f 62 1204 974
f 62 980 1204
f 63 67 769
f 63 1495 67
f 63 938 162
f 63 162 1384
f 63 1384 163
f 63 163 1495
f 63 769 1443
f 63 1443 938
f 64 767 70
f 64 70 839
f 64 1030 635
f 64 635 1401
f 64 1401 767
f 64 839 1030
f 65 522 1032
f 65 700 1031
f 65 1275 700
f 65 1031 914
f 66 386 766
f 66 1169 386
f 66 1034 691
f 66 691 1532
f 66 766 1034
f 66 783 1169
f 66 1532 783
f 67 68 944
f 67 1495 68
f 67 1306 769
f 67 944 1306
f 68 926 693
f 68 693 944
f 68 1496 926
f 68 1495 1496
f 69 926 692
f 69 692 1497
f 69 693 926
f 69 1505 693
f 69 1181 1146
f 69 1146 1505
f 69 1180 1181
f 69 1497 1180
f 70 640 71
f 70 71 839
f 70 1530 640
f 70 767 1530
f 71 640 768
f 71 939 646
f 71 646 1118
f 71 768 1444
f 71 1118 839
f 71 1444 939
f 72 646 939
f 72 1119 646
f 72 939 769
f 72 769 1306
f 72 927 1119
f 72 1306 927
f 73 645 927
f 73 1120 645
f 73 944 693
f 73 693 1128
f 73 927 944
f 73 1128 1120
f 74 75 1073
f 74 1146 75
f 74 1091 697
f 74 697 1128
f 74 1073 1091
f 74 1128 1505
f 74 1505 1146
f 75 240 867
f 75 1146 240
f 75 867 274
f 75 274 1073
f 76 77 639
f 76 1411 77
f 76 1250 78
f 76 78 1411
f 76 639 606
f 77 1217 365
f 77 365 1230
f 77 1230 639
f 77 992 1217
f 77 1411 992
f 78 463 464
f 78 1250 463
f 78 464 896
f 78 896 992
f 78 992 1411
f 79 1054 324
f 79 324 1114
f 79 1053 636
f 79 636 1373
f 79 1114 1053
f 79 1373 1054
f 80 828 91
f 80 91 896
f 80 465 774
f 80 1229 465
f 80 774 1328
f 80 1328 828
f 80 896 1229
f 81 365 1217
f 81 1408 365
f 81 835 745
f 81 745 1408
f 81 1368 835
f 81 992 1095
f 81 1217 992
f 81 1095 1368
f 82 304 307
f 82 875 304
f 82 307 804
f 82 805 875
f 83 89 825
f 83 1093 89
f 83 1064 1093
f 84 1187 695
f 84 695 1313
f 84 1096 828
f 84 828 1187
f 84 1313 1004
f 84 1004 1470
f 84 1369 1096
f 84 1470 1369
f 85 917 341
f 85 341 1364
f 85 1065 1445
f 85 1586 1065
f 85 1364 1586
f 86 833 87
f 86 87 1397
f 86 623 835
f 86 1397 623
f 86 754 833
f 86 894 754
f 86 835 878
f 86 878 1456
f 86 1456 894
f 87 833 90
f 87 90 1193
f 87 1193 368
f 87 368 1397
f 88 731 1312
f 88 1315 731
f 88 829 894
f 88 993 829
f 88 894 1471
f 88 1312 993
f 88 1004 1315
f 88 1471 1004
f 89 344 1092
f 89 1094 344
f 89 1092 825
f 89 1093 1094
f 90 369 1193
f 90 1417 369
f 90 833 897
f 90 897 1460
f 90 970 1417
f 90 1460 970
f 91 345 1095
f 91 1096 345
f 91 828 1096
f 91 1370 896
f 91 1095 1370
f 92 829 93
f 92 93 972
f 92 754 829
f 92 897 754
f 92 1461 897
f 92 972 971
f 92 971 1461
f 93 732 641
f 93 641 747
f 93 1314 732
f 93 747 972
f 93 829 993
f 93 993 1314
f 94 402 898
f 94 1494 402
f 94 836 624
f 94 624 1494
f 94 1006 836
f 94 898 1412
f 94 1218 1006
f 94 1007 1218
f 94 1412 1007
f 95 972 96
f 95 96 1008
f 95 1412 898
f 95 898 1465
f 95 971 972
f 95 1465 971
f 95 1008 1007
f 95 1007 1412
f 96 747 97
f 96 97 750
f 96 972 747
f 96 750 1008
f 97 592 593
f 97 641 592
f 97 593 1009
f 97 747 641
f 97 1009 750
f 98 99 832
f 98 1008 99
f 98 832 1010
f 98 1006 1218
f 98 1413 1006
f 98 1007 1008
f 98 1218 1007
f 98 1010 1413
f 99 750 100
f 99 100 751
f 99 1008 750
f 99 751 832
f 100 595 1420
f 100 1541 595
f 100 750 1009
f 100 1420 751
f 100 1009 1541
f 101 102 827
f 101 832 102
f 101 827 975
f 101 1010 832
f 101 975 1414
f 101 1219 1010
f 101 1021 1219
f 101 1414 1021
f 102 806 748
f 102 748 827
f 102 832 751
f 102 751 1135
f 102 1135 806
f 103 133 1102
f 103 1554 133
f 103 336 633
f 103 1245 336
f 103 633 1101
f 103 1101 1554
f 103 1102 1245
f 104 827 885
f 104 975 827
f 104 885 1463
f 104 899 1216
f 104 1468 899
f 104 1216 975
f 104 1463 1011
f 104 1011 1468
f 105 989 598
f 105 598 1012
f 105 885 748
f 105 748 1360
f 105 1450 885
f 105 1360 989
f 105 1012 1450
f 106 410 886
f 106 987 410
f 106 886 1410
f 106 1215 887
f 106 887 1437
f 106 976 1215
f 106 1410 976
f 106 1437 987
f 107 599 976
f 107 990 599
f 107 1410 886
f 107 886 1451
f 107 976 1410
f 107 1012 990
f 107 1451 1012
f 108 991 600
f 108 600 1022
f 108 1022 887
f 108 887 1215
f 108 976 991
f 108 1215 976
f 109 219 694
f 109 1105 219
f 109 790 281
f 109 281 1105
f 109 694 1104
f 109 1104 790
f 110 515 1254
f 110 1440 515
f 110 733 888
f 110 1254 733
f 110 888 1453
f 110 1022 1440
f 110 1453 1022
f 111 190 1111
f 111 1121 190
f 111 1111 632
f 111 632 1511
f 111 1112 1121
f 111 1511 1112
f 112 113 759
f 112 762 113
f 112 1231 372
f 112 372 1434
f 112 759 977
f 112 1013 762
f 112 977 1231
f 112 1434 1013
f 113 568 567
f 113 567 1536
f 113 1014 568
f 113 1536 759
f 113 762 1014
f 114 423 115
f 114 115 760
f 114 760 116
f 114 116 762
f 114 1013 423
f 114 762 1013
f 115 117 760
f 115 1232 117
f 115 423 424
f 115 424 1232
f 116 570 569
f 116 569 1014
f 116 978 570
f 116 760 978
f 116 1014 762
f 117 118 760
f 117 764 118
f 117 1232 425
f 117 425 1432
f 117 1023 764
f 117 1432 1023
f 118 571 978
f 118 1261 571
f 118 978 760
f 118 764 1261
f 119 1237 427
f 119 427 1264
f 119 537 778
f 119 1264 537
f 119 764 1023
f 119 1170 764
f 119 778 1170
f 119 1023 1237
f 120 1233 370
f 120 370 1433
f 120 960 701
f 120 701 1016
f 120 703 960
f 120 1015 703
f 120 1433 1015
f 120 1016 1233
f 121 371 421
f 121 1235 371
f 121 421 977
f 121 977 759
f 121 759 1131
f 121 860 1015
f 121 1131 860
f 121 1015 1235
f 122 1538 249
f 122 249 1540
f 122 1137 761
f 122 761 1538
f 122 763 819
f 122 1017 763
f 122 819 1137
f 122 1540 1017
f 123 252 124
f 123 124 940
f 123 126 763
f 123 940 126
f 123 1017 252
f 123 763 1017
f 124 252 254
f 124 254 1508
f 124 1515 940
f 124 1508 1164
f 124 1164 1515
f 125 781 128
f 125 128 1163
f 125 1165 256
f 125 256 1338
f 125 1338 781
f 125 1163 1165
f 126 1379 763
f 126 940 1580
f 126 979 1379
f 126 1580 979
f 127 486 485
f 127 485 979
f 127 1542 486
f 127 940 631
f 127 631 1542
f 127 1580 940
f 127 979 1580
f 128 320 1049
f 128 1266 320
f 128 781 610
f 128 610 1266
f 128 1049 1163
f 129 859 196
f 129 196 928
f 129 627 1082
f 129 1083 627
f 129 735 838
f 129 928 735
f 129 838 1083
f 129 1082 859
f 130 1052 131
f 130 131 1207
f 130 395 399
f 130 737 395
f 130 399 1052
f 130 1207 737
f 131 132 1429
f 131 1562 132
f 131 135 1207
f 131 1429 135
f 131 1052 400
f 131 400 1562
f 132 401 133
f 132 133 1205
f 132 1562 401
f 132 1205 994
f 132 994 1429
f 133 1200 136
f 133 136 1205
f 133 401 1102
f 133 1554 1200
f 134 395 737
f 134 1209 395
f 134 737 489
f 134 489 1090
f 134 1090 1225
f 134 1225 1209
f 135 490 1106
f 135 1240 490
f 135 1106 737
f 135 737 1207
f 135 994 1240
f 135 1429 994
f 136 492 994
f 136 1241 492
f 136 994 1205
f 136 1200 1058
f 136 1058 1241
f 137 210 965
f 137 1039 210
f 137 494 1066
f 137 1242 494
f 137 965 706
f 137 706 1242
f 137 1066 1039
f 138 1239 496
f 138 496 1242
f 138 862 761
f 138 761 1239
f 138 1198 862
f 138 1242 1198
f 139 499 498
f 139 498 1359
f 139 979 499
f 139 1359 819
f 139 819 1379
f 139 1379 979
f 140 396 144
f 140 144 901
f 140 961 396
f 140 1075 447
f 140 901 900
f 140 900 1075
f 141 142 449
f 141 1389 142
f 141 901 145
f 141 145 1389
f 141 449 448
f 141 448 900
f 141 900 901
f 142 1257 143
f 142 143 1279
f 142 1279 449
f 142 889 1257
f 142 1389 889
f 143 146 739
f 143 1257 146
f 143 450 1279
f 143 1386 450
f 143 739 1386
f 144 396 1173
f 144 576 1130
f 144 1173 576
f 144 1130 901
f 145 577 578
f 145 901 577
f 145 578 820
f 145 820 889
f 145 889 1389
f 146 573 739
f 146 1175 573
f 146 820 575
f 146 575 1175
f 146 889 820
f 146 1257 889
f 147 361 851
f 147 942 361
f 147 851 1100
f 147 929 942
f 147 1152 929
f 147 1100 1152
f 148 362 929
f 148 935 362
f 148 929 1548
f 148 930 935
f 148 1548 930
f 149 930 219
f 149 219 1136
f 149 364 363
f 149 363 930
f 149 653 364
f 149 1136 653
f 150 161 160
f 150 160 1079
f 150 1040 161
f 150 217 1040
f 150 1327 217
f 150 1079 1327
f 151 153 162
f 151 1419 153
f 151 162 932
f 151 932 873
f 151 873 1419
f 152 163 153
f 152 153 651
f 152 164 163
f 152 1347 164
f 152 651 325
f 152 325 1347
f 153 1384 162
f 153 163 1384
f 153 1419 651
f 154 903 214
f 154 214 1033
f 154 948 903
f 154 1340 948
f 154 1033 1281
f 154 1281 1340
f 155 717 1166
f 155 1350 717
f 155 903 948
f 155 1402 903
f 155 1166 931
f 155 931 1402
f 155 948 1350
f 156 157 717
f 156 1569 157
f 156 326 1348
f 156 1350 326
f 156 717 1350
f 156 1348 1550
f 156 1550 1569
f 157 933 164
f 157 164 1347
f 157 1347 717
f 157 1569 933
f 158 388 866
f 158 1033 388
f 158 713 809
f 158 866 713
f 158 809 1281
f 158 1281 1033
f 159 1363 165
f 159 165 1550
f 159 696 340
f 159 340 1363
f 159 1062 696
f 159 808 817
f 159 1348 808
f 159 817 1062
f 159 1550 1348
f 160 161 818
f 160 818 1297
f 160 1297 1079
f 161 1040 932
f 162 938 932
f 163 164 1495
f 164 933 692
f 164 692 1496
f 164 1496 1495
f 165 692 933
f 165 1497 692
f 165 933 1550
f 165 1363 1179
f 165 1179 1497
f 166 257 904
f 166 1385 257
f 166 742 1192
f 166 1258 742
f 166 904 1258
f 166 1192 963
f 166 963 1385
f 167 258 260
f 167 904 258
f 167 260 799
f 167 725 334
f 167 334 1353
f 167 799 725
f 167 1353 904
f 168 170 725
f 168 740 170
f 168 261 740
f 168 799 261
f 168 725 799
f 169 736 614
f 169 614 742
f 169 1353 736
f 169 742 1258
f 169 1258 904
f 169 904 1353
f 170 740 455
f 170 455 1176
f 170 1176 612
f 170 612 1339
f 170 1339 725
f 171 501 777
f 171 1262 501
f 171 954 587
f 171 587 1262
f 171 777 959
f 171 1581 954
f 171 959 1581
f 172 173 714
f 172 1160 173
f 172 174 176
f 172 947 174
f 172 176 1160
f 172 714 840
f 172 840 947
f 173 589 588
f 173 588 954
f 173 1160 589
f 173 1070 714
f 173 954 1070
f 174 590 176
f 174 770 590
f 174 1210 770
f 174 947 1210
f 175 178 177
f 175 177 770
f 175 556 178
f 175 555 556
f 175 947 555
f 175 770 1210
f 175 1210 947
f 176 590 1005
f 176 1005 1160
f 177 178 1199
f 177 591 770
f 177 1159 591
f 177 1199 1159
f 178 322 248
f 178 248 1199
f 178 1344 322
f 178 556 1344
f 179 180 719
f 179 520 518
f 179 518 671
f 179 719 520
f 180 236 181
f 180 181 451
f 180 451 719
f 181 182 451
f 181 676 182
f 181 236 676
f 182 183 452
f 182 1425 183
f 182 676 191
f 182 191 1425
f 182 452 451
f 183 650 193
f 183 193 1124
f 183 1124 452
f 183 629 758
f 183 1425 629
f 183 758 650
f 184 202 185
f 184 185 530
f 184 981 202
f 184 530 1551
f 184 1492 981
f 184 1551 1492
f 185 202 974
f 185 1352 530
f 185 980 532
f 185 532 1352
f 185 974 1204
f 185 1204 980
f 186 187 782
f 186 1263 187
f 186 671 518
f 186 518 780
f 186 780 573
f 186 573 1263
f 186 782 671
f 187 264 782
f 187 1558 264
f 187 660 1558
f 188 644 1115
f 188 1248 644
f 188 1115 921
f 188 1097 1113
f 188 1113 1248
f 189 1055 324
f 189 324 1117
f 189 1116 1055
f 189 1117 1098
f 190 1085 247
f 190 247 1111
f 190 1121 1085
f 191 192 273
f 191 670 192
f 191 273 1421
f 191 773 629
f 191 629 1425
f 191 676 670
f 191 1421 773
f 192 757 273
f 192 275 757
f 192 1552 275
f 192 670 1552
f 193 342 1124
f 193 1523 342
f 193 1123 634
f 193 634 1523
f 193 650 1123
f 194 273 801
f 194 1421 273
f 194 282 773
f 194 1481 282
f 194 801 582
f 194 582 1481
f 194 773 1421
f 195 196 859
f 195 1236 196
f 195 197 1236
f 195 1431 197
f 195 1132 758
f 195 758 1431
f 195 859 864
f 195 864 1132
f 196 288 928
f 196 1236 288
f 197 282 800
f 197 1431 282
f 197 288 1236
f 197 1480 288
f 197 800 581
f 197 581 1480
f 198 462 199
f 198 199 735
f 198 288 802
f 198 928 288
f 198 802 462
f 198 735 928
f 199 810 294
f 199 294 1422
f 199 462 880
f 199 1422 735
f 199 880 810
f 200 201 656
f 200 1238 201
f 200 294 1238
f 200 1422 294
f 200 656 863
f 200 863 838
f 200 838 1422
f 201 1238 299
f 201 299 1446
f 201 858 656
f 201 981 858
f 201 1446 981
f 202 981 307
f 202 307 1447
f 202 1447 974
f 203 323 205
f 203 205 765
f 203 746 323
f 203 1212 746
f 203 765 1212
f 204 311 468
f 204 746 311
f 204 323 746
f 204 881 323
f 204 468 881
f 205 323 206
f 205 206 1267
f 205 455 454
f 205 454 765
f 205 1267 455
f 206 323 803
f 206 803 1493
f 207 1321 314
f 207 314 1322
f 207 1036 389
f 207 389 1063
f 207 1322 1036
f 207 1063 1153
f 207 1153 1321
f 208 872 922
f 208 1526 872
f 208 922 1317
f 208 1321 1153
f 208 1153 1526
f 208 1317 1321
f 209 1058 251
f 209 251 1134
f 209 1134 271
f 209 271 1247
f 209 1133 1058
f 209 1247 1133
f 210 271 705
f 210 1039 271
f 210 705 965
f 211 391 724
f 211 1168 391
f 211 724 1403
f 211 905 1154
f 211 1403 905
f 211 1154 1168
f 212 941 873
f 212 1155 905
f 212 905 1404
f 212 1404 941
f 213 724 392
f 213 392 936
f 213 1407 724
f 213 934 902
f 213 902 1407
f 213 936 934
f 214 936 387
f 214 387 1033
f 214 903 434
f 214 434 934
f 214 934 936
f 215 216 918
f 215 1280 216
f 215 1037 642
f 215 642 1280
f 215 673 1037
f 215 1320 673
f 215 918 1320
f 216 1280 789
f 216 789 1519
f 216 1519 918
f 217 922 872
f 218 343 1126
f 218 1127 343
f 218 674 554
f 218 554 1125
f 218 1126 674
f 218 1125 1127
f 219 930 694
f 219 1105 1136
f 220 246 1028
f 220 1197 246
f 220 586 681
f 220 1138 586
f 220 681 1197
f 220 1028 1138
f 221 253 1086
f 221 1139 253
f 221 822 523
f 221 523 1139
f 221 1086 822
f 222 913 1139
f 222 1519 913
f 222 1487 918
f 222 918 1519
f 222 1139 1393
f 222 1393 1487
f 223 1537 1140
f 223 1141 1537
f 224 1057 917
f 224 917 1478
f 224 982 1057
f 224 1243 982
f 224 1478 1243
f 225 564 798
f 225 1144 564
f 225 630 1144
f 225 1514 630
f 225 798 1514
f 226 1081 245
f 226 245 1149
f 226 664 479
f 226 479 1150
f 226 1149 664
f 226 1150 1081
f 227 1152 643
f 227 643 1157
f 227 1151 654
f 227 654 1548
f 227 1548 1152
f 228 659 229
f 228 229 775
f 228 969 659
f 228 775 1214
f 228 1214 969
f 229 659 982
f 229 741 775
f 229 843 741
f 229 906 843
f 229 982 906
f 230 254 252
f 230 252 341
f 230 255 254
f 230 969 255
f 230 341 1057
f 230 1057 969
f 231 1155 647
f 231 647 1526
f 231 1153 657
f 231 657 1154
f 231 1154 905
f 231 905 1155
f 231 1526 1153
f 232 643 1100
f 232 1157 643
f 232 648 1157
f 232 1527 648
f 232 1100 1156
f 232 1156 1527
f 233 302 744
f 233 1303 302
f 233 744 667
f 233 667 906
f 233 906 1273
f 233 1273 1484
f 233 1484 1303
f 234 533 528
f 234 528 1035
f 234 842 533
f 234 1290 842
f 234 1035 1303
f 234 1244 1290
f 234 1484 1244
f 234 1303 1484
f 235 782 263
f 235 671 782
f 236 670 676
f 237 1164 290
f 237 290 1165
f 237 1129 631
f 237 631 1164
f 237 1163 1129
f 237 1165 1163
f 238 453 980
f 238 1212 453
f 238 746 1212
f 239 340 1178
f 239 1179 340
f 239 1178 1182
f 239 1180 1179
f 239 1502 1180
f 239 1182 1502
f 240 661 867
f 240 1502 661
f 240 1146 1181
f 240 1181 1502
f 241 677 1050
f 241 1186 677
f 241 774 1186
f 241 1328 774
f 241 1187 828
f 241 828 1328
f 241 1050 1187
f 242 823 293
f 242 293 1188
f 242 449 655
f 242 1188 449
f 242 655 1296
f 242 1296 823
f 243 768 1189
f 243 1444 768
f 243 769 939
f 243 1443 769
f 243 1189 938
f 243 938 1443
f 243 939 1444
f 244 892 1462
f 244 1284 1190
f 244 1462 1284
f 245 1081 665
f 245 665 1194
f 245 1195 1149
f 245 1194 1553
f 245 1553 1195
f 246 1196 1028
f 246 1537 1196
f 246 1197 1537
f 247 380 861
f 247 973 380
f 247 861 1111
f 247 1085 973
f 248 322 1345
f 248 663 1199
f 248 1345 663
f 249 1065 250
f 249 250 1540
f 249 673 1320
f 249 1538 673
f 249 1445 1065
f 249 1320 1445
f 250 252 1017
f 250 1364 252
f 250 1017 1540
f 250 1065 1586
f 250 1586 1364
f 251 1058 1200
f 251 1101 1134
f 251 1554 1101
f 251 1200 1554
f 252 1364 341
f 253 1139 913
f 253 1051 1086
f 254 255 1508
f 255 1214 290
f 255 290 1508
f 255 969 1214
f 256 775 1048
f 256 1214 775
f 256 1048 1338
f 256 1165 1214
f 257 1048 741
f 257 741 1223
f 257 1223 904
f 258 667 260
f 258 843 667
f 258 1223 843
f 258 904 1223
f 259 295 1299
f 259 1300 295
f 259 349 720
f 259 1299 349
f 259 720 1300
f 260 667 1335
f 260 1335 799
f 261 1335 744
f 261 744 1521
f 261 799 1335
f 262 636 786
f 262 786 1283
f 262 1283 813
f 263 264 743
f 263 782 264
f 263 743 275
f 263 275 1552
f 264 1558 743
f 265 275 743
f 265 757 275
f 265 743 825
f 265 830 757
f 265 825 1092
f 265 1366 830
f 265 1092 1366
f 266 346 883
f 266 1228 346
f 266 883 1227
f 266 915 1228
f 267 680 285
f 267 285 1244
f 267 559 1243
f 267 1273 559
f 267 1291 680
f 267 1243 1291
f 267 1244 1273
f 268 704 702
f 268 702 1068
f 268 1578 704
f 268 1068 1255
f 268 1255 1578
f 269 270 877
f 269 995 270
f 269 834 728
f 269 728 1149
f 269 877 834
f 269 1195 995
f 269 1149 1195
f 270 801 909
f 270 996 801
f 270 830 877
f 270 909 830
f 270 995 996
f 271 1134 705
f 271 1039 1247
f 272 850 572
f 272 572 1261
f 272 764 1170
f 272 1261 764
f 272 778 850
f 272 1170 778
f 273 757 909
f 273 909 801
f 274 1268 700
f 274 700 1275
f 274 867 1268
f 274 1270 1073
f 274 1275 1270
f 276 520 719
f 276 1271 520
f 276 719 722
f 276 722 1143
f 276 1143 816
f 276 816 1271
f 277 328 997
f 277 1272 328
f 277 1067 669
f 277 669 1272
f 277 997 734
f 277 734 1067
f 278 432 797
f 278 1087 432
f 278 797 730
f 279 983 280
f 279 280 995
f 279 1059 983
f 279 995 1194
f 279 1567 1059
f 279 1194 1567
f 280 800 910
f 280 984 800
f 280 910 1455
f 280 983 984
f 280 996 995
f 280 1455 996
f 281 1269 699
f 281 699 1575
f 281 790 1277
f 281 1575 1105
f 281 1277 1269
f 282 1431 773
f 282 910 800
f 282 1481 910
f 283 1285 682
f 283 682 1462
f 283 709 1285
f 283 1533 709
f 283 1286 1245
f 283 1245 1533
f 283 1462 1286
f 284 558 853
f 284 1287 558
f 284 1288 658
f 284 658 1329
f 284 853 1288
f 284 1329 1287
f 285 680 1292
f 285 842 1290
f 285 1448 842
f 285 1292 865
f 285 865 1448
f 285 1290 1244
f 286 752 287
f 286 287 983
f 286 837 752
f 286 1589 837
f 286 983 1565
f 286 1565 1589
f 287 752 1018
f 287 802 911
f 287 1018 802
f 287 911 984
f 287 984 983
f 288 911 802
f 288 1480 911
f 289 540 666
f 289 1295 540
f 289 853 558
f 289 558 1295
f 289 666 1556
f 289 1556 853
f 290 1164 1508
f 290 1214 1165
f 291 1060 831
f 291 837 951
f 291 951 1060
f 292 749 1357
f 292 1018 752
f 292 810 880
f 292 1357 810
f 292 880 1449
f 292 1449 1018
f 293 328 824
f 293 1520 328
f 293 823 1520
f 293 824 1188
f 294 848 299
f 294 299 1238
f 294 810 848
f 295 1298 892
f 295 1300 1298
f 295 1524 1299
f 296 297 831
f 296 1019 297
f 296 831 952
f 296 952 1145
f 296 1145 1019
f 297 338 749
f 297 1318 338
f 297 749 831
f 297 1019 879
f 297 879 1318
f 298 299 804
f 298 1446 299
f 298 804 307
f 298 307 981
f 298 981 1446
f 299 771 804
f 299 848 771
f 300 301 662
f 300 985 301
f 300 498 484
f 300 484 1110
f 300 662 498
f 300 1110 985
f 301 1019 662
f 301 985 986
f 301 986 1367
f 301 1367 1019
f 302 456 457
f 302 1035 456
f 302 457 1521
f 302 1521 744
f 302 1303 1035
f 303 312 1025
f 303 1304 312
f 303 949 1304
f 303 1025 1074
f 304 1447 307
f 304 875 311
f 304 311 974
f 304 974 1447
f 305 731 1308
f 305 1312 731
f 305 1310 732
f 305 732 1314
f 305 993 1312
f 305 1314 993
f 305 1308 1003
f 305 1003 1310
f 306 695 1309
f 306 1313 695
f 306 1311 731
f 306 731 1315
f 306 1004 1313
f 306 1315 1004
f 306 1309 1005
f 306 1005 1311
f 308 309 985
f 308 1415 309
f 308 1256 312
f 308 312 1415
f 308 985 318
f 308 318 1256
f 309 895 1454
f 309 1459 895
f 309 1304 949
f 309 949 1459
f 309 986 985
f 309 1454 986
f 309 1415 1304
f 310 468 875
f 310 1024 468
f 310 875 805
f 310 805 876
f 310 876 895
f 310 895 1477
f 310 1477 1024
f 311 875 468
f 312 1555 1025
f 312 1256 1542
f 312 1304 1415
f 312 1542 1555
f 313 788 844
f 313 1249 788
f 313 844 803
f 313 803 881
f 313 881 1024
f 313 1024 1249
f 314 1088 347
f 314 347 1322
f 314 1321 1088
f 315 348 1089
f 315 1323 348
f 315 1324 845
f 315 845 1326
f 315 869 1323
f 315 1326 869
f 315 1089 1324
f 316 1046 320
f 316 320 1253
f 316 613 614
f 316 1253 613
f 316 614 1074
f 316 1025 1046
f 316 1074 1025
f 317 551 1330
f 317 1582 551
f 317 1331 793
f 317 793 1582
f 317 798 1307
f 317 1330 798
f 317 1307 874
f 317 874 1331
f 318 485 486
f 318 1333 485
f 318 486 1256
f 318 985 1110
f 318 1110 1333
f 319 1334 1046
f 319 1046 1555
f 319 1129 1049
f 319 1049 1334
f 319 1542 1129
f 319 1555 1542
f 320 1046 1334
f 320 1334 1049
f 321 815 438
f 321 438 1343
f 321 526 852
f 321 1343 526
f 321 1342 815
f 321 852 1342
f 322 857 1345
f 322 1344 1177
f 323 881 803
f 324 1054 1117
f 324 1055 1346
f 324 1346 1114
f 325 651 1349
f 325 1166 717
f 325 717 1347
f 325 1349 1166
f 326 808 1348
f 327 1183 397
f 327 397 1251
f 327 447 1041
f 327 1251 447
f 327 1041 824
f 327 824 1394
f 327 1272 1183
f 327 1394 1272
f 328 1394 824
f 328 1520 997
f 328 1272 1394
f 329 709 734
f 329 1285 709
f 329 734 997
f 329 997 907
f 329 907 1472
f 329 1472 1285
f 330 823 787
f 330 787 1341
f 330 1520 823
f 330 907 997
f 330 1395 907
f 330 997 1520
f 330 1341 1395
f 331 722 998
f 331 1143 722
f 331 816 1143
f 331 1341 816
f 331 907 1395
f 331 1473 907
f 331 998 1473
f 331 1395 1341
f 332 400 1533
f 332 1562 400
f 332 1245 401
f 332 401 1562
f 332 1533 1245
f 333 596 1336
f 333 1420 596
f 333 1135 751
f 333 751 1420
f 333 806 1135
f 333 1336 806
f 334 725 1339
f 334 736 1353
f 334 1559 736
f 334 1339 1559
f 335 821 342
f 335 342 893
f 335 565 998
f 335 1190 565
f 335 716 821
f 335 998 716
f 335 893 1190
f 336 1298 633
f 336 1286 892
f 336 892 1298
f 336 1245 1286
f 337 727 461
f 337 461 1355
f 337 1355 718
f 337 718 1588
f 337 1354 727
f 337 1588 1354
f 338 1357 749
f 338 848 810
f 338 810 1357
f 338 1356 848
f 338 1318 1356
f 339 497 1239
f 339 1332 497
f 339 761 1137
f 339 1239 761
f 339 1137 819
f 339 819 1359
f 339 1359 1332
f 340 696 1362
f 340 1362 1178
f 340 1179 1363
f 341 917 1057
f 342 821 1337
f 342 1042 893
f 342 1523 1042
f 342 1337 1124
f 343 544 812
f 343 1517 544
f 343 812 1126
f 343 1127 1517
f 344 834 877
f 344 1094 834
f 344 877 1366
f 344 1366 1092
f 345 536 878
f 345 1369 536
f 345 878 1368
f 345 1368 1095
f 345 1096 1369
f 346 568 711
f 346 1228 568
f 346 711 883
f 347 1056 637
f 347 637 1375
f 347 1038 1056
f 347 1374 1038
f 347 1088 1374
f 347 1375 1322
f 348 1376 792
f 348 1377 1089
f 348 1323 1376
f 349 1584 720
f 349 945 1289
f 349 1299 945
f 349 1289 1584
f 350 634 946
f 350 1523 634
f 350 1381 1523
f 351 359 352
f 351 352 919
f 351 1566 359
f 351 870 688
f 351 688 1566
f 351 1489 870
f 351 919 1489
f 352 359 1383
f 352 360 1302
f 352 1383 360
f 352 1302 919
f 353 1147 668
f 353 668 1498
f 353 1076 1302
f 353 1498 1076
f 353 1571 1147
f 353 1302 1571
f 354 355 936
f 354 1506 355
f 354 668 1078
f 354 1211 668
f 354 936 1499
f 354 1078 1488
f 354 1499 1211
f 354 1488 1506
f 355 1077 356
f 355 356 1203
f 355 1203 936
f 355 1506 1077
f 356 1148 357
f 356 357 1351
f 356 1077 1148
f 356 1351 1203
f 357 358 849
f 357 1305 358
f 357 849 1351
f 357 1148 1305
f 358 685 388
f 358 388 849
f 358 868 685
f 358 686 868
f 358 1246 686
f 358 1305 1246
f 359 1566 869
f 359 1061 1383
f 360 851 1388
f 360 1383 1061
f 360 1571 1302
f 360 1388 1571
f 361 1388 851
f 361 942 1078
f 361 1078 1147
f 361 1147 1388
f 362 942 929
f 362 935 1077
f 362 1506 942
f 362 1077 1506
f 363 364 1305
f 363 935 930
f 363 1148 935
f 363 1305 1148
f 364 653 1246
f 364 1246 1305
f 365 1408 366
f 365 366 1424
f 365 373 1230
f 365 1424 373
f 366 745 367
f 366 367 1202
f 366 1202 374
f 366 374 1424
f 366 1408 745
f 367 1397 368
f 367 368 1423
f 367 376 1202
f 367 1423 376
f 367 745 623
f 367 623 1397
f 368 369 379
f 368 1193 369
f 368 379 999
f 368 999 1423
f 369 417 379
f 369 1417 417
f 370 419 756
f 370 1233 419
f 370 756 420
f 370 420 1433
f 371 420 1020
f 371 1235 420
f 371 1020 421
f 372 1221 407
f 372 407 1482
f 372 421 1221
f 372 1231 421
f 372 422 1434
f 372 1482 422
f 373 374 1208
f 373 1424 374
f 373 1208 603
f 373 603 1426
f 373 1529 1230
f 373 1426 1529
f 374 377 375
f 374 375 1208
f 374 376 377
f 374 1202 376
f 375 377 604
f 375 603 1208
f 375 1391 603
f 375 604 1391
f 376 378 377
f 376 999 378
f 376 1423 999
f 377 378 1546
f 377 1294 604
f 377 1546 1294
f 378 1121 605
f 378 605 1546
f 378 999 1430
f 378 1430 1121
f 379 417 973
f 379 973 1085
f 379 1430 999
f 379 1085 1430
f 380 1234 418
f 380 418 1435
f 380 1201 861
f 380 973 1234
f 380 1016 1201
f 380 1435 1016
f 381 1029 635
f 381 635 1399
f 381 1399 884
f 381 923 1398
f 381 1398 1029
f 382 383 1259
f 382 1545 383
f 382 534 738
f 382 1259 534
f 382 738 537
f 382 537 1172
f 382 1172 1568
f 382 1568 1545
f 383 726 384
f 383 384 1259
f 383 841 726
f 383 1545 841
f 384 385 535
f 384 726 385
f 384 538 534
f 384 534 1259
f 384 535 538
f 385 726 386
f 385 386 847
f 385 847 535
f 386 444 847
f 386 1169 444
f 386 726 766
f 387 849 1278
f 387 1351 849
f 387 936 1203
f 387 1278 1033
f 387 1203 1351
f 388 685 866
f 388 1278 849
f 388 1033 1278
f 389 390 1063
f 389 1489 390
f 389 1036 687
f 389 687 1489
f 390 1076 391
f 390 391 1168
f 390 657 1063
f 390 1168 657
f 390 919 1076
f 390 1489 919
f 391 943 724
f 391 1498 943
f 391 1076 1498
f 392 724 943
f 392 1499 936
f 392 943 1211
f 392 1211 1499
f 393 394 967
f 393 1585 394
f 393 396 961
f 393 967 396
f 393 397 1585
f 394 398 395
f 394 395 1209
f 394 1585 398
f 394 638 967
f 394 1209 638
f 395 398 399
f 396 967 968
f 397 1183 398
f 397 398 1585
f 398 1067 399
f 398 669 1067
f 398 1183 669
f 399 1067 734
f 399 734 1301
f 399 1442 1052
f 399 1301 1442
f 400 1301 709
f 400 709 1533
f 400 1052 1442
f 400 1442 1301
f 401 1245 1102
f 402 418 1220
f 402 1494 418
f 402 1466 898
f 402 1220 970
f 402 970 1466
f 403 836 404
f 403 404 1020
f 403 420 756
f 403 1020 420
f 403 756 836
f 404 836 1006
f 404 1006 1413
f 404 1010 1219
f 404 1413 1010
f 404 1021 1020
f 404 1219 1021
f 405 1020 406
f 405 406 1438
f 405 407 1221
f 405 1438 407
f 405 421 1020
f 405 1221 421
f 406 1216 899
f 406 899 1438
f 406 975 1216
f 406 1414 975
f 406 1020 1021
f 406 1021 1414
f 407 1438 899
f 407 899 1469
f 407 1469 1482
f 408 753 409
f 408 409 912
f 408 410 753
f 408 1479 410
f 408 1469 580
f 408 580 1479
f 408 912 729
f 408 729 1469
f 409 411 1222
f 409 1439 411
f 409 424 912
f 409 1222 424
f 409 753 1439
f 410 987 753
f 410 1474 886
f 410 1011 1474
f 410 1479 1011
f 411 412 707
f 411 1439 412
f 411 425 1222
f 411 1418 425
f 411 707 1418
f 412 753 413
f 412 413 755
f 412 755 707
f 412 1439 753
f 413 753 987
f 413 1026 755
f 413 1437 887
f 413 887 1476
f 413 987 1437
f 413 1476 1026
f 414 428 415
f 414 415 707
f 414 755 416
f 414 416 1047
f 414 1047 428
f 414 707 755
f 415 427 707
f 415 1544 427
f 415 428 1158
f 415 1158 1544
f 416 708 1047
f 416 1509 708
f 416 755 1026
f 416 1026 888
f 416 888 1509
f 417 1220 418
f 417 418 1234
f 417 970 1220
f 417 1417 970
f 417 1234 973
f 418 419 1435
f 418 1494 419
f 419 624 756
f 419 1494 624
f 419 1233 1016
f 419 1016 1435
f 420 1235 1015
f 420 1015 1433
f 421 1231 977
f 422 729 423
f 422 423 1013
f 422 1482 729
f 422 1013 1434
f 423 912 424
f 423 729 912
f 424 1222 425
f 424 425 1232
f 425 1418 426
f 425 426 1432
f 426 707 427
f 426 427 1237
f 426 1418 707
f 426 1237 1023
f 426 1023 1432
f 428 1047 708
f 428 708 1545
f 428 1568 1158
f 428 1545 1568
f 429 888 733
f 429 733 1034
f 429 766 841
f 429 1034 766
f 429 841 1579
f 429 1509 888
f 429 1579 1509
f 430 432 1087
f 430 1485 432
f 430 953 791
f 430 791 1485
f 430 1248 953
f 430 1087 1534
f 430 1534 1248
f 431 1464 432
f 431 432 1485
f 431 1227 796
f 431 796 1464
f 431 855 1227
f 431 1485 855
f 432 504 797
f 432 1464 504
f 433 721 435
f 433 435 1365
f 433 436 796
f 433 1365 436
f 433 711 721
f 433 883 711
f 433 796 883
f 434 931 902
f 434 902 934
f 434 903 1402
f 434 1402 931
f 435 721 1587
f 435 1342 772
f 435 772 1365
f 435 815 1342
f 435 1587 815
f 436 1475 796
f 436 811 1080
f 436 1365 811
f 436 1080 890
f 436 890 1475
f 437 988 517
f 437 517 1185
f 437 730 797
f 437 1185 730
f 437 890 795
f 437 795 988
f 437 797 1452
f 437 1452 890
f 438 572 712
f 438 1319 572
f 438 712 1583
f 438 815 1319
f 438 1583 1343
f 439 440 795
f 439 1561 440
f 439 811 772
f 439 772 852
f 439 795 811
f 439 852 1027
f 439 1027 1561
f 440 620 988
f 440 1561 620
f 440 988 795
f 441 535 847
f 441 1122 535
f 441 847 891
f 441 891 1457
f 441 1583 1122
f 441 1457 1343
f 441 1343 1583
f 442 1161 648
f 442 648 1405
f 442 1405 884
f 442 937 1400
f 442 1400 1161
f 443 444 675
f 443 847 444
f 443 675 1561
f 443 891 847
f 443 1458 891
f 443 1027 1458
f 443 1561 1027
f 444 1169 675
f 445 519 520
f 445 854 519
f 445 520 1271
f 445 816 787
f 445 787 1296
f 445 1271 816
f 445 1549 854
f 445 1296 1549
f 446 1403 724
f 446 724 1407
f 446 902 1406
f 446 1407 902
f 446 905 1403
f 446 1404 905
f 446 941 1404
f 446 1406 941
f 447 1224 1041
f 447 1075 1224
f 448 449 1188
f 448 824 1041
f 448 1188 824
f 448 1075 900
f 448 1041 1224
f 448 1224 1075
f 449 1279 655
f 450 854 1279
f 450 1522 854
f 451 452 716
f 451 716 722
f 451 722 719
f 452 821 716
f 452 1337 821
f 452 1124 1337
f 453 528 533
f 453 765 528
f 453 533 980
f 453 1212 765
f 454 455 964
f 454 457 456
f 454 456 765
f 455 740 964
f 456 528 765
f 456 1035 528
f 458 463 1171
f 458 1354 463
f 458 606 956
f 458 1171 606
f 458 1260 727
f 458 727 1354
f 458 956 1282
f 458 1282 1260
f 459 466 718
f 459 882 466
f 459 630 1162
f 459 1390 630
f 459 718 1355
f 459 1162 882
f 459 1355 1390
f 460 563 461
f 460 461 727
f 460 562 563
f 460 698 562
f 460 1260 698
f 460 727 1260
f 461 563 1380
f 461 1380 1144
f 461 1144 1390
f 461 1390 1355
f 462 802 1018
f 462 1449 880
f 462 1018 1449
f 463 1354 464
f 464 465 1229
f 464 1588 465
f 464 1229 896
f 464 1354 1588
f 465 718 466
f 465 466 774
f 465 1588 718
f 466 467 774
f 466 882 467
f 467 882 500
f 467 677 1186
f 467 1186 774
f 468 1024 881
f 469 480 471
f 469 471 1084
f 469 1491 480
f 469 1293 683
f 469 683 1491
f 469 1084 1293
f 470 1066 494
f 470 494 1392
f 470 951 723
f 470 723 1293
f 470 1392 951
f 470 1084 1066
f 470 1293 1084
f 471 480 493
f 471 493 1133
f 471 1039 1066
f 471 1247 1039
f 471 1066 1084
f 471 1133 1247
f 472 473 908
f 472 1409 473
f 472 1252 487
f 472 487 1409
f 472 908 576
f 472 576 1252
f 473 474 908
f 473 1000 474
f 473 1045 1000
f 473 1409 1045
f 474 1441 908
f 474 1000 1001
f 474 1001 1093
f 474 1093 1441
f 475 578 577
f 475 577 908
f 475 826 578
f 475 1064 826
f 475 908 1441
f 475 1441 1064
f 476 477 1000
f 476 1416 477
f 476 1099 478
f 476 478 1416
f 476 1000 1099
f 477 834 1094
f 477 1416 834
f 477 1001 1000
f 477 1094 1001
f 478 490 479
f 478 479 664
f 478 1099 490
f 478 664 728
f 478 728 1416
f 479 490 491
f 479 491 492
f 479 492 1150
f 480 492 493
f 480 1081 492
f 480 665 1081
f 480 1491 665
f 481 496 482
f 481 482 1060
f 481 495 496
f 481 1392 495
f 481 1060 951
f 481 951 1392
f 482 496 483
f 482 483 952
f 482 952 1060
f 483 496 497
f 483 497 1167
f 483 662 1145
f 483 1167 662
f 483 1145 952
f 484 498 499
f 484 499 1333
f 484 1333 1110
f 485 1333 979
f 486 1542 1256
f 487 968 488
f 487 488 1409
f 488 968 638
f 488 638 1225
f 488 1090 1045
f 488 1045 1409
f 488 1225 1090
f 489 490 1099
f 489 1106 490
f 489 737 1106
f 489 1045 1090
f 489 1099 1045
f 490 1240 491
f 491 994 492
f 491 1240 994
f 492 1241 493
f 492 1081 1150
f 493 1241 1133
f 494 1242 495
f 494 495 1392
f 495 1242 496
f 496 1239 497
f 497 1332 1167
f 498 662 1167
f 498 1167 1332
f 498 1332 1359
f 499 979 1333
f 500 957 501
f 500 882 1162
f 500 1514 957
f 500 1162 1513
f 500 1513 1514
f 501 957 777
f 502 595 585
f 502 585 702
f 502 586 595
f 502 1361 586
f 502 702 704
f 502 704 1361
f 503 885 1450
f 503 1463 885
f 503 1451 886
f 503 886 1474
f 503 1011 1463
f 503 1474 1011
f 503 1450 1012
f 503 1012 1451
f 504 1464 796
f 504 796 1475
f 504 1452 797
f 504 890 1452
f 504 1475 890
f 505 1516 506
f 505 506 1543
f 505 1196 507
f 505 507 1516
f 505 1108 1028
f 505 1028 1196
f 505 1543 1108
f 506 955 508
f 506 508 1109
f 506 516 955
f 506 1516 516
f 506 1109 1543
f 507 1141 516
f 507 516 1516
f 507 1537 1141
f 507 1196 1537
f 508 509 599
f 508 1206 509
f 508 599 990
f 508 955 1206
f 508 990 1109
f 509 1206 510
f 509 510 1427
f 509 511 599
f 509 1427 511
f 510 620 513
f 510 513 1427
f 510 517 619
f 510 955 517
f 510 619 620
f 510 1206 955
f 511 512 600
f 511 1213 512
f 511 513 1213
f 511 1427 513
f 511 991 599
f 511 600 991
f 512 514 600
f 512 1428 514
f 512 1213 616
f 512 616 1428
f 513 616 1213
f 513 1490 616
f 513 620 1490
f 514 515 600
f 514 1265 515
f 514 617 779
f 514 1428 617
f 514 618 1265
f 514 1525 618
f 514 779 1525
f 515 1440 600
f 516 517 955
f 516 1185 517
f 516 730 1185
f 516 1535 730
f 516 1141 1535
f 517 988 619
f 518 520 519
f 518 519 780
f 519 521 780
f 519 854 521
f 521 854 1522
f 522 789 529
f 522 529 1032
f 523 822 865
f 523 865 1292
f 523 1393 1139
f 523 1191 1393
f 523 1467 1191
f 523 1292 1467
f 524 887 1022
f 524 1476 887
f 524 888 1026
f 524 1453 888
f 524 1022 1453
f 524 1026 1476
f 525 895 876
f 525 1454 895
f 525 1367 986
f 525 986 1454
f 526 1027 852
f 526 1457 891
f 526 891 1458
f 526 1458 1027
f 526 1343 1457
f 527 822 530
f 527 530 1352
f 527 532 842
f 527 1352 532
f 527 865 822
f 527 842 1448
f 527 1448 865
f 529 690 1142
f 529 1280 690
f 529 699 1103
f 529 1142 699
f 529 789 1280
f 529 1103 1032
f 530 822 1086
f 530 1086 1551
f 531 785 858
f 531 1051 785
f 531 858 1492
f 531 1086 1051
f 531 1551 1086
f 531 1492 1551
f 532 533 842
f 532 980 533
f 534 538 539
f 534 539 738
f 535 1122 538
f 536 1456 878
f 536 894 1456
f 536 1471 894
f 536 1470 1004
f 536 1004 1471
f 536 1369 1470
f 537 738 958
f 537 958 778
f 538 1122 539
f 539 1122 784
f 540 543 793
f 540 1483 543
f 540 874 666
f 540 793 1331
f 540 1331 874
f 540 1295 1483
f 541 544 1002
f 541 1396 544
f 541 814 546
f 541 546 1396
f 541 1518 814
f 541 1002 1518
f 542 543 1483
f 542 1517 543
f 542 1002 544
f 542 544 1517
f 542 1295 1002
f 542 1483 1295
f 543 1072 793
f 543 1127 1072
f 543 1517 1127
f 544 1396 812
f 545 553 552
f 545 552 793
f 545 1125 553
f 545 793 1072
f 545 1072 1125
f 546 794 547
f 546 547 813
f 546 1283 786
f 546 786 1396
f 546 814 794
f 546 813 1283
f 547 550 813
f 547 1325 550
f 547 1044 605
f 547 605 1325
f 547 794 1044
f 548 1460 897
f 548 897 1461
f 548 1465 898
f 548 898 1466
f 548 970 1460
f 548 1466 970
f 548 1461 971
f 548 971 1465
f 549 786 636
f 549 636 1053
f 549 776 674
f 549 674 1126
f 549 856 776
f 549 812 786
f 549 1126 812
f 549 1053 856
f 550 1325 1112
f 550 1112 1511
f 550 1511 1226
f 551 710 959
f 551 1531 710
f 551 959 777
f 551 1510 1531
f 551 1582 1510
f 552 553 714
f 552 714 710
f 552 710 1531
f 552 1510 793
f 552 1531 1510
f 553 554 840
f 553 1125 554
f 553 840 714
f 554 674 555
f 554 555 947
f 554 947 840
f 555 776 556
f 555 674 776
f 556 776 1177
f 556 1177 1344
f 557 1054 1038
f 557 1038 1374
f 557 1117 1054
f 557 1088 1317
f 557 1374 1088
f 557 1098 1117
f 557 1317 1098
f 558 1002 1295
f 558 1486 1002
f 558 1287 1486
f 559 906 982
f 559 1273 906
f 559 982 1243
f 560 895 1459
f 560 1477 895
f 560 1459 949
f 560 1249 1024
f 560 1024 1477
f 561 609 1071
f 561 1184 609
f 561 1071 814
f 561 814 1518
f 561 1002 1486
f 561 1518 1002
f 561 1287 1184
f 561 1486 1287
f 562 853 563
f 562 698 1107
f 562 1288 853
f 562 1107 1043
f 562 1043 1288
f 563 853 1556
f 563 1556 1380
f 564 1307 798
f 564 874 1307
f 564 1564 874
f 564 1144 1380
f 564 1380 1564
f 565 1284 682
f 565 682 1472
f 565 1472 907
f 565 907 1473
f 565 1473 998
f 565 1190 1284
f 566 791 953
f 566 953 1113
f 566 1316 1089
f 566 1089 1377
f 566 1113 1097
f 566 1097 1316
f 567 568 1228
f 567 1228 915
f 567 915 1560
f 567 1560 1536
f 568 569 711
f 568 1014 569
f 569 570 721
f 569 721 711
f 570 571 715
f 570 978 571
f 570 715 721
f 571 1261 572
f 571 572 1319
f 571 1319 715
f 572 784 712
f 572 850 784
f 573 962 739
f 573 780 962
f 574 575 820
f 574 826 575
f 574 820 578
f 574 578 826
f 575 846 660
f 575 826 846
f 576 908 577
f 576 577 1130
f 577 901 1130
f 579 680 1291
f 579 1467 680
f 579 1478 917
f 579 1191 1467
f 579 1291 1478
f 580 899 1468
f 580 1469 899
f 580 1468 1011
f 580 1011 1479
f 581 800 984
f 581 984 911
f 581 911 1480
f 582 801 996
f 582 1455 910
f 582 910 1481
f 582 996 1455
f 583 592 584
f 583 584 1387
f 583 585 593
f 583 652 585
f 583 593 592
f 583 1387 652
f 584 592 1159
f 584 1159 1199
f 584 1199 1387
f 585 594 593
f 585 595 594
f 585 652 702
f 586 596 595
f 586 1336 596
f 586 1361 681
f 586 1138 1336
f 587 954 588
f 587 588 1050
f 587 1050 677
f 588 589 695
f 588 695 1050
f 589 1309 695
f 589 1160 1005
f 589 1005 1309
f 590 1308 731
f 590 731 1311
f 590 770 1003
f 590 1003 1308
f 590 1311 1005
f 591 641 732
f 591 1436 641
f 591 732 1310
f 591 1003 770
f 591 1310 1003
f 591 1159 1436
f 592 641 1436
f 592 1436 1159
f 593 594 1541
f 593 1541 1009
f 594 595 1541
f 595 596 1420
f 597 806 1336
f 597 1360 806
f 597 1108 989
f 597 989 1360
f 597 1138 1108
f 597 1336 1138
f 598 989 1543
f 598 990 1012
f 598 1109 990
f 598 1543 1109
f 599 991 976
f 600 1440 1022
f 601 602 608
f 601 807 602
f 601 608 607
f 601 956 807
f 602 603 609
f 602 1426 603
f 602 609 608
f 602 807 639
f 602 639 1426
f 603 1391 609
f 604 1044 794
f 604 794 1071
f 604 1294 1044
f 604 1071 1391
f 605 1044 1294
f 605 1121 1112
f 605 1112 1325
f 605 1294 1546
f 606 639 807
f 606 807 956
f 607 608 1329
f 607 658 1043
f 607 1329 658
f 608 609 1184
f 608 1184 1329
f 609 1391 1071
f 610 742 1174
f 610 1192 742
f 610 781 963
f 610 963 1192
f 611 614 736
f 611 950 614
f 611 736 615
f 611 615 788
f 611 788 950
f 612 844 615
f 612 615 1339
f 612 803 844
f 612 1493 803
f 613 742 614
f 613 1174 742
f 614 950 1074
f 615 736 1559
f 615 844 788
f 615 1559 1339
f 616 621 617
f 616 617 1428
f 616 1490 621
f 617 621 622
f 617 622 779
f 618 1525 783
f 618 783 1532
f 618 1532 1570
f 619 988 620
f 620 621 1490
f 620 1561 621
f 621 675 622
f 621 1561 675
f 623 745 835
f 624 836 756
f 625 870 687
f 625 687 1503
f 625 688 870
f 625 1500 688
f 625 701 960
f 625 1503 701
f 625 960 703
f 625 703 1500
f 626 685 868
f 626 868 686
f 626 686 1501
f 626 965 705
f 626 706 965
f 626 1501 706
f 627 661 1182
f 627 1504 1082
f 627 1182 1504
f 628 809 713
f 628 713 1289
f 628 1289 1507
f 629 1431 758
f 629 773 1431
f 630 1390 1144
f 630 1513 1162
f 630 1514 1513
f 631 940 1515
f 631 1129 1542
f 631 1515 1164
f 632 637 1226
f 632 1528 637
f 632 1111 1528
f 632 1226 1511
f 633 1298 1300
f 635 1029 1401
f 635 1030 1399
f 637 1056 1226
f 637 1528 1375
f 638 968 967
f 638 1209 1225
f 639 1230 1529
f 639 1529 1426
f 640 818 768
f 640 1530 818
f 642 1037 690
f 642 690 1280
f 643 1152 1100
f 644 1087 1274
f 644 1534 1087
f 644 1274 1140
f 644 1248 1534
f 645 924 1119
f 645 1120 924
f 645 1119 927
f 646 937 1118
f 646 1119 937
f 647 872 1526
f 648 1161 1157
f 648 1527 1405
f 649 672 1539
f 649 1560 672
f 649 1131 759
f 649 759 1536
f 649 860 1131
f 649 1539 860
f 649 1536 1560
f 650 758 1132
f 650 1132 864
f 651 1419 679
f 651 679 1563
f 651 1563 1349
f 652 1387 663
f 653 686 1246
f 653 1501 686
f 653 1136 1378
f 654 1547 694
f 654 694 1548
f 654 1151 1547
f 655 1279 854
f 655 854 1549
f 655 1549 1296
f 656 858 785
f 657 1153 1063
f 657 1168 1154
f 658 1288 1043
f 659 969 1057
f 659 1057 982
f 661 1502 1182
f 662 1019 1145
f 663 1387 1199
f 664 1149 728
f 665 1491 689
f 665 689 1567
f 665 1567 1194
f 666 874 1564
f 666 1380 1556
f 666 1564 1380
f 667 744 1335
f 667 843 906
f 668 1147 1078
f 668 1211 1557
f 668 1557 1498
f 669 1183 1272
f 672 915 916
f 672 1560 915
f 673 761 862
f 673 1538 761
f 678 845 923
f 678 923 1372
f 679 873 941
f 679 1419 873
f 679 941 1563
f 680 1467 1292
f 681 1361 704
f 681 704 1577
f 681 1577 1197
f 682 1284 1462
f 682 1285 1472
f 683 1059 689
f 683 689 1491
f 683 1293 723
f 683 723 1565
f 683 1565 1059
f 684 790 1104
f 687 870 1489
f 687 1036 1503
f 688 1500 869
f 688 869 1566
f 689 1059 1567
f 690 1378 1142
f 691 1034 733
f 691 733 1570
f 691 1570 1532
f 692 926 1496
f 693 1505 1128
f 694 930 1548
f 694 1547 1104
f 695 1187 1050
f 696 1062 946
f 696 946 1573
f 696 1573 1362
f 697 1091 925
f 697 1120 1128
f 698 956 1107
f 698 1282 956
f 698 1260 1282
f 699 1269 1103
f 699 1142 1575
f 700 1268 1031
f 701 861 1201
f 701 1201 1016
f 703 1015 860
f 703 860 1576
f 703 1576 1500
f 704 1578 1577
f 706 862 1198
f 706 1198 1242
f 708 841 1545
f 708 1579 841
f 708 1509 1579
f 709 1301 734
f 710 714 1070
f 710 1581 959
f 710 1070 1581
f 712 784 1122
f 712 1122 1583
f 713 866 720
f 713 720 1584
f 713 1584 1289
f 715 1587 721
f 715 1319 815
f 715 815 1587
f 716 998 722
f 723 951 837
f 723 837 1589
f 723 1589 1565
f 726 841 766
f 728 834 1416
f 729 1482 1469
f 735 1422 838
f 741 1048 775
f 741 843 1223
f 748 806 1360
f 748 885 827
f 754 894 829
f 754 897 833
f 757 830 909
f 763 1379 819
f 767 1401 921
f 767 1069 1530
f 771 1358 804
f 771 848 1356
f 772 811 1365
f 772 1342 852
f 776 856 1177
f 779 783 1525
f 785 1051 914
f 786 812 1396
f 787 816 1341
f 787 823 1296
f 788 1249 950
f 789 913 1519
f 791 855 1485
f 793 1510 1582
f 794 814 1071
f 795 1080 811
f 795 890 1080
f 796 1227 883
f 808 1512 817
f 809 948 1340
f 809 1340 1281
f 817 1572 1062
f 818 1530 1297
f 830 1366 877
f 831 1060 952
f 835 1368 878
f 838 863 1083
f 851 1156 1100
f 856 1053 1114
f 857 1055 1116
f 858 981 1492
f 871 1276 924
f 873 932 1040
f 879 1019 1367
f 892 1286 1462
f 896 1370 992
f 902 931 1563
f 902 1563 1406
f 918 1445 1320
f 919 1302 1076
f 920 1029 1398
f 920 1316 1097
f 922 1098 1317
f 927 1306 944
f 929 1152 1548
f 931 1166 1349
f 931 1349 1563
f 933 1569 1550
f 935 1148 1077
f 941 1406 1563
f 942 1488 1078
f 942 1506 1488
f 943 1557 1211
f 943 1498 1557
f 945 1507 1289
f 946 1062 1572
f 953 1248 1113
f 954 1581 1070
f 966 1269 1277
f 966 1270 1275
f 983 1059 1565
f 989 1108 1543
f 992 1370 1095
f 995 1553 1194
f 995 1195 1553
f 1000 1045 1099
f 1001 1094 1093
f 1025 1555 1046
f 1028 1108 1138
f 1038 1054 1373
f 1042 1523 1381
f 1049 1129 1163
f 1058 1133 1241
f 1064 1441 1093
f 1068 1079 1297
f 1068 1530 1255
f 1068 1297 1530
f 1069 1255 1530
f 1069 1578 1255
f 1072 1127 1125
f 1079 1116 1327
f 1085 1121 1430
f 1088 1321 1317
f 1089 1316 1324
f 1105 1575 1136
f 1136 1575 1378
f 1140 1537 1197
f 1142 1378 1575
f 1147 1571 1388
f 1158 1568 1172
f 1161 1400 1276
f 1178 1504 1182
f 1179 1180 1497
f 1180 1502 1181
f 1184 1287 1329
f 1191 1487 1393
f 1243 1478 1291
f 1244 1484 1273
