v 4.714694 0 0.882173
v 4.714694 0 1.082173
v 4.714694 0.682 0.882173
v 4.714694 0.682 1.082173
v 4.812694 0 0.882173
v 4.812694 0 1.082173
v 4.812694 0.295 0.882173
v 4.812694 0.295 1.082173
v 4.812694 0.383 0.882173
v 4.812694 0.383 1.082173
v 4.812694 0.594 0.882173
v 4.812694 0.594 1.082173
v 4.914693 0.295 0.882173
v 4.91446844942624 0.295 1.082173
v 4.923693 0.383 0.882173
v 4.92133013229744 0.383 1.082173
v 4.927693 0.594 0.882173
v 4.9234117485454 0.594157613833838 1.082173
v 4.927693 0.682 0.882173
v 4.927693 0.682 1.082173
v 4.94049669323701 0.38376626436358 0.882668240846589
v 4.94139 0.383807 1.082173
v 4.94556582465737 0.593070534739445 0.882173
v 4.94496921722585 0.593595301522051 1.082173
v 4.95620064756954 0.297269828992435 0.882173
v 4.95408131094394 0.29695962621493 1.08214596578164
v 4.95793 0.386204 0.882173
v 4.95793 0.386204 1.082173
v 4.963264 0.680206 0.882173
v 4.96155527562154 0.680292178390682 1.08171562880658
v 4.96381660306987 0.590340870516855 0.882173
v 4.967189 0.589769 1.082173
v 4.97324 0.390156 0.882173
v 4.97213412747971 0.389870538981046 1.082173
v 4.983365 0.584781 0.882173
v 4.983365 0.584781 1.082173
v 4.986591 0.301718 0.882173
v 4.98693849380847 0.302176547629994 1.082173
v 4.987249 0.39563 0.882173
v 4.987249 0.39563 1.082173
v 4.995503 0.674982 0.882173
v 4.995503 0.674982 1.082173
v 4.997323 0.578148 0.882173
v 4.997323 0.578148 1.082173
v 4.99959472263673 0.402430212429078 0.882173
v 4.999883 0.402589 1.082173
v 5.01043758478137 0.569289736940502 0.882173
v 5.00973562593591 0.569549904769991 1.082173
v 5.011068 0.411 0.882173
v 5.011068 0.411 1.082173
v 5.017287 0.309797 0.882173
v 5.01753061918448 0.309894812325005 1.082173
v 5.01991737393977 0.559654095036252 0.882448685655034
v 5.01969023359508 0.559947162929616 1.08200868837641
v 5.020733 0.420828 0.882173
v 5.020733 0.420828 1.082173
v 5.02401196920315 0.666692974868029 0.882578558411261
v 5.024459 0.666563 1.082173
v 5.027099 0.550388 0.882173
v 5.027099 0.550388 1.082173
v 5.02904819439183 0.432200816838539 0.882173
v 5.02887069948142 0.432167764307295 1.082173
v 5.033397 0.539185 0.882173
v 5.03290641567841 0.540057660551732 1.082173
v 5.035209 0.444594 0.882173
v 5.035209 0.444594 1.082173
v 5.038084 0.527344 0.882173
v 5.038084 0.527344 1.082173
v 5.039874 0.458463 0.882173
v 5.04029076259636 0.458790706642244 1.082173
v 5.04120521756843 0.515356064271908 0.882173
v 5.04109925313463 0.515763051223001 1.082173
v 5.042727 0.47361 0.882173
v 5.042727 0.47361 1.082173
v 5.043111 0.50255 0.882173
v 5.043111 0.50255 1.082173
v 5.04361901196444 0.488729003202778 0.882529924692343
v 5.043694 0.49 1.082173
v 5.044545 0.320741 0.882173
v 5.044545 0.320741 1.082173
v 5.050175 0.655185 0.882173
v 5.04728119078526 0.656465360913259 1.08211481914699
v 5.068415 0.334337 0.882173
v 5.06547565799098 0.332662794136797 1.082173
v 5.072696 0.641086 0.882173
v 5.07126759162564 0.641980237807828 1.082173
v 5.088943 0.350375 0.882173
v 5.08909207260817 0.350532971303715 1.082173
v 5.092069 0.6245 0.882173
v 5.092069 0.6245 1.082173
v 5.106181 0.368642 0.882173
v 5.106181 0.368642 1.082173
v 5.10858536182054 0.605270408918427 0.882173
v 5.108336 0.605664 1.082173
v 5.120175 0.388926 0.882173
v 5.120175 0.388926 1.082173
v 5.12205507740901 0.583682923341484 0.882249799209875
v 5.11985028796429 0.587489922494708 1.082173
v 5.130975 0.411016 0.882173
v 5.13111239094443 0.411441170486988 1.082173
v 5.13174 0.562188 0.882173
v 5.13174 0.562188 1.082173
v 5.1390030525338 0.436761994692198 0.882353788196106
v 5.138628 0.434699 1.082173
v 5.138967 0.538019 0.882173
v 5.138967 0.538019 1.082173
v 5.143185 0.459765 0.882173
v 5.143185 0.459765 1.082173
v 5.143269 0.512544 0.882173
v 5.143269 0.512544 1.082173
v 5.144693 0.486 0.882173
v 5.144693 0.486 1.082173
v 4.714694 0.220367184760882 1.05641187236166
v 4.812694 0.574865103623805 1.01114026261441
v 4.714694 0.576779886846363 0.988407999347628
v 4.76922348377533 0.0799079815735119 1.082173
v 5.04254698824757 0.472654290916921 1.02879440690356
v 4.87559262969072 0.636471938174125 0.882173
v 4.96952695049169 0.299220371502001 0.990177179872708
v 4.812694 0.594 1.02110516610421
v 5.11123215132638 0.479515910157095 0.882173
v 4.82728935849644 0.383 1.02886666002211
v 4.96691014000041 0.298837354536791 0.956121379230712
v 4.73406843214257 0.457646051160242 1.082173
v 4.812694 0.564082752736744 1.03278548931623
v 4.812694 0.245452290435868 0.895310589320199
v 4.99132030102457 0.37004192526043 0.882173
v 4.78140069058795 0.466438921547662 1.082173
v 4.89951243531925 0.637856373116626 1.082173
v 4.7652409300515 0 1.06490599973224
v 4.84274380168367 0.639704244781467 1.082173
v 4.84265541082923 0.337925146144986 0.882173
v 5.10989213104212 0.603207812847514 0.922624541837002
v 5.10756757044299 0.606553785402092 0.980830019965942
v 4.83119276615439 0.594 1.03315491519005
v 5.10578707849715 0.608615465262662 1.0471734197957
v 4.83178971616038 0.594 0.934452869128702
v 4.812694 0.131916171665118 0.934798478545251
v 4.97320808492173 0.299759171289998 1.02237480848194
v 4.97043549726013 0.299353353552922 1.04997391076776
v 5.04514172666945 0.59572317087716 0.882173
v 5.14333870023898 0.511244756219376 0.918224255784437
v 5.14331656356498 0.511657393771849 0.980751884728236
v 5.14329494381025 0.512060395716731 1.04470679522086
v 4.812694 0.426071151586928 0.918651161794475
v 4.812694 0.462599741113825 0.952350289982077
v 4.812694 0.46146137725867 1.01508849187036
v 4.812694 0.427445612526394 1.0446658244302
v 4.812694 0.512617849002865 0.920627911170115
v 4.812694 0.51590808960091 0.949487120160048
v 4.812694 0.512736372084208 0.975270150041413
v 4.812694 0.511049498506337 1.01250045854209
v 4.812694 0.539362471692461 0.984333162499875
v 4.812694 0.565386671722146 0.951786038286391
v 4.98926103404414 0.396738259055972 1.01366383146757
v 5.09030516643693 0.626010088446661 0.915581885530771
v 5.092069 0.6245 0.9531872976097
v 5.0908382918354 0.625553658474068 0.980649912630834
v 5.092069 0.6245 1.02634250932247
v 5.05416252415061 0.370490383759138 0.882173
v 4.92716750783242 0.649904755740368 1.082173
v 4.98072174231306 0.647818049493667 1.082173
v 4.714694 0.129311820933714 0.957102130639319
v 5.10551117508919 0.424756014285586 1.082173
v 5.10659002090049 0.487509321698672 1.082173
v 5.13191918531854 0.561588756888919 0.980769031964264
v 5.13152461833939 0.562666022641945 1.04518908466428
v 5.00053390989779 0.305446400667196 0.991328534117058
v 4.714694 0.462681800708588 0.981638023000433
v 4.98241634185561 0.585073526386265 0.921511923024206
v 5.03683268196272 0.661102259775619 0.901145706844489
v 5.04304334394102 0.571899247072091 1.082173
v 5.08750124794847 0.535976944205527 1.082173
v 5.1132005522172 0.540270113148918 0.882173
v 4.714694 0.129176612558851 0.934657590718271
v 4.97959152341345 0.585944581924684 1.02824352577784
v 4.714694 0.571497747336789 1.00637862464147
v 4.98389479362421 0.5845292360575 0.987149479885546
v 4.98440047785648 0.584288929171655 1.0465617597845
v 4.99216232249907 0.36732875713599 1.082173
v 5.05102501527757 0.372073191643251 1.082173
v 5.04725490133893 0.425249392878525 1.082173
v 4.75165247854241 0.069503340653753 1.082173
v 4.812694 0.24725935895069 1.06450849691617
v 4.714694 0.183808440972697 0.976893682077785
v 4.73148549200649 0.0444245675854987 0.882173
v 4.7478249416932 0.0318113801219176 0.882173
v 4.74675031943966 0.0557196659478021 0.882173
v 4.74291589710312 0.0828443040044665 0.882173
v 4.74668626447036 0.111548881176672 0.882173
v 4.79129162084978 0.682 0.929532591417071
v 4.75134474081075 0.167028977777743 0.882173
v 4.78297628553038 0.176718696213861 0.882173
v 4.7515064474648 0.198270023224206 0.882173
v 4.79034940157793 0.230762122029813 0.882173
v 4.74776600622184 0.25683327914204 0.882173
v 5.07585769473481 0.55955586033716 0.882173
v 4.88864203796794 0.335208398077306 0.882173
v 4.75131165026625 0.309757908296168 0.882173
v 4.75077278414238 0.371390524710925 0.882173
v 4.74815112186781 0.4260739538139 0.882173
v 4.78954613561011 0.425443143717977 0.882173
v 5.14057238125547 0.445394163605381 1.06109274437524
v 4.75425404672769 0.482270830353779 0.882173
v 4.75191769093864 0.507514060875992 0.882173
v 4.79096902029002 0.480006084570936 0.882173
v 4.78736984776533 0.512057035855637 0.882173
v 4.91212435119455 0.668969250643034 1.082173
v 4.74602060313304 0.534619871934111 0.882173
v 4.812694 0.167431918550182 1.06014274029549
v 4.73539814403428 0.236228311409673 1.082173
v 4.75861693580063 0.589273430305441 0.882173
v 4.74975365791658 0.650624860299247 0.882173
v 4.812694 0.424790295589992 0.882173
v 4.812694 0.461034539226179 0.882173
v 4.92200811142864 0.594 0.916463755833979
v 4.92393282940062 0.594 0.949114364098687
v 4.91971462816824 0.594 0.984055242414257
v 4.921514689412 0.594 1.03929592126891
v 5.09893836682613 0.36096702725449 0.901486767053882
v 4.73170570675583 0.609549169079782 1.082173
v 4.93367447236214 0.295863091579422 1.06716525743733
v 4.7317994028832 0.436571020907454 0.882173
v 5.10674321171006 0.369456913700643 0.918716131156213
v 5.10585074511933 0.368292030983567 0.944419244902535
v 5.10706381530956 0.369921621676373 0.986123643154704
v 5.1049938237575 0.367383956815076 1.00996348051291
v 5.10682243144196 0.369571740986759 1.03754859123696
v 4.78255303313503 0.355341998634294 0.882173
v 4.714694 0.237419388564051 1.04855259247689
v 5.088943 0.350375 0.919712855277718
v 5.088943 0.350375 0.949608532890941
v 5.08675640873688 0.34866667231694 0.976753338378577
v 5.0914868875899 0.353070741652432 0.996676005293244
v 4.88067867396289 0.682 0.882173
v 4.812694 0.0287290917047141 0.919718958079475
v 4.812694 0.0299728201864366 0.978580451463392
v 4.812694 0.0600903573286084 1.04123127379928
v 4.812694 0.0859907315519194 0.92329863479102
v 4.73293818686801 0.549315378310905 1.082173
v 4.84895071247352 0.637590619693367 0.882173
v 4.812694 0.126035040612936 0.984183712714362
v 5.02446582403764 0.612690833064578 0.882173
v 5.02857204704713 0.61924680446087 1.082173
v 4.812694 0.170074615378375 0.924391853781436
v 4.812694 0.173187181026175 0.954564496718096
v 4.812694 0.169572382332368 0.983374020906705
v 4.812694 0.16977378376331 1.0147492530206
v 4.812694 0.198523298713468 0.955623804208119
v 4.812694 0.229798411779301 0.952484331815787
v 4.812694 0.198536760152367 0.98459285216909
v 4.812694 0.25574995718809 0.921467546271725
v 4.812694 0.254915302822751 0.9513274702554
v 5.00535272110373 0.622644588619569 1.082173
v 4.812694 0.18939723002655 0.903985515680903
v 4.812694 0.22539499516788 0.924593742100762
v 5.00389685205893 0.306385579527511 0.959683201177925
v 4.73273339207119 0.38119119630941 0.882173
v 4.79200652758943 0.539909026051423 0.882173
v 4.812694 0.494358191461441 0.882173
v 4.812694 0.529235506241177 0.882359215726923
v 4.9121886420345 0.682 1.06497450123689
v 4.812694 0.493947809516052 0.955710734496853
v 4.94490733570091 0.593104779052877 0.900406196706598
v 4.79323789083187 0.682 0.902341225595982
v 4.714694 0.389896396604521 1.02109831346266
v 4.812694 0.101300890579915 1.06199370010132
v 4.91145579443341 0.594 0.896071183582052
v 4.88336544017045 0.682 1.00080337263246
v 4.812694 0.551331045268924 0.901065102625876
v 4.82416194864727 0.682 1.03695053488247
v 4.9642329963099 0.590270261089103 0.912492972180853
v 4.88676894061184 0.682 1.0266803223043
v 4.96943776256918 0.589075575933788 1.05544498495729
v 4.82980600901335 0.638097815852248 0.882173
v 4.9660755933392 0.589957804715392 0.933260996462654
v 4.96326419298699 0.590434544851804 0.955134287886715
v 4.96765646731241 0.589624852685812 0.976090286140196
v 4.9638784116981 0.5903303893864 0.997533593800854
v 4.967189 0.589769 1.02121895551465
v 4.96478824990234 0.590176104569135 1.03750501327151
v 4.94706585201512 0.592992526738715 1.04466905373766
v 4.94528235995357 0.593085276147131 0.970266444459033
v 4.76247627819135 0.0921615772937181 0.882173
v 4.94435093040392 0.593133714568346 1.00311278264976
v 4.94520035954937 0.593089540527749 1.02211347277784
v 4.95759004746832 0.34041036840387 0.882173
v 4.95320211931827 0.341354322970011 1.082173
v 5.04310700527257 0.502577319133215 0.949526881693255
v 5.04292310968722 0.503834943860371 0.978084415934244
v 5.0431339433116 0.502056108815389 1.01426076586866
v 5.04317311070857 0.501212968451895 1.03659110225553
v 4.97564755418249 0.345367745080985 0.882173
v 4.97245893100882 0.353788246661686 1.082173
v 4.714694 0.102553253528523 1.00946863800341
v 4.84295229074616 0.594 0.91404722763338
v 4.8886810069745 0.682 0.974562607906797
v 4.76972015688157 0.395118048030677 1.082173
v 4.8300436257609 0.295 0.983242956979551
v 4.87010733145025 0.295 0.916341699233437
v 4.86992776514351 0.295 0.962760776028366
v 4.86845781047945 0.295 1.02078704232361
v 4.80112639897971 0.639936205001018 1.082173
v 4.92355830021403 0.295403107083466 1.0417969182067
v 4.95496642272155 0.639106215443421 0.882173
v 4.95351852333013 0.636495277633878 1.082173
v 4.93011261066596 0.295701132971661 1.01919479075101
v 4.949990386804 0.296604979674122 0.944412397135984
v 4.95341884974263 0.296862663183124 0.922136783161001
v 4.95080470671258 0.296642006973303 0.973178090179759
v 4.85848246095396 0.383 1.03004700629818
v 4.91892527342754 0.337431100125147 0.882173
v 4.91335808028719 0.336282566491432 1.082173
v 4.95660711934086 0.297329323397862 1.0073332033049
v 4.95218122567164 0.296704597582705 1.03652808229796
v 4.91308273675317 0.295 0.99854118048808
v 4.77397550115547 0.502765828668095 1.082173
v 4.94723251133493 0.592983859723227 0.93644855824629
v 4.76788689082505 0.41751457820379 1.082173
v 4.81672467627528 0.338456826673126 0.882173
v 4.86599068712828 0.340075762248538 0.882173
v 4.76420325451568 0.133697038287952 1.082173
v 4.714694 0.482674071955292 1.06288840373423
v 4.714694 0.660335771447516 0.990583020753917
v 4.87011309399838 0.638577466760091 1.082173
v 4.93480467742883 0.34010588465551 1.082173
v 5.13923868346172 0.536410181732399 0.950531298445717
v 5.13236145464257 0.560109691261052 0.947759551556925
v 5.13287643420382 0.558387463363487 1.00762102610918
v 4.714694 0.239192002848645 1.02142719887792
v 4.91184476534299 0.295 0.917241264075847
v 4.91244372041468 0.295 0.941398429274825
v 4.98641269679778 0.647012811908766 0.882173
v 4.75012082822299 0 0.920097060959082
v 4.74706312522791 0 0.944606902386454
v 4.75202128809771 0 0.982786296771956
v 4.75259485143929 0 1.00645841617093
v 4.75967308403658 0 1.04574471545853
v 4.78462351297334 0 0.919542023532503
v 4.78655372341278 0 0.957121878993536
v 4.78760302144086 0 0.980133869342675
v 4.77972266395939 0 1.02132018455988
v 4.78933066225542 0 1.0478850863194
v 4.812694 0 0.919712855277718
v 4.812694 0 0.947362078471501
v 4.812694 0 0.982173
v 4.812694 0 1.01724029636536
v 4.812694 0 1.04463314472228
v 5.00952489576189 0.67090511298455 0.975589314156308
v 4.98812956040246 0.396115026107388 0.924820010269557
v 4.99971866259022 0.402498480446838 0.936715203825318
v 4.99811638567325 0.401615921869572 0.957663516027568
v 4.99765175778721 0.401359997739529 0.976192054551802
v 4.99620371678889 0.400562394659955 1.04059127366833
v 4.999883 0.402589 1.01927632364816
v 4.99763460143539 0.577935790489572 1.05683679261729
v 5.00506494823318 0.599598077266517 0.882173
v 5.13858785490358 0.434574766847185 0.909683890840858
v 5.13906232236679 0.437088011289445 0.954833609206255
v 5.13912479899979 0.437431667046034 0.98165562777422
v 5.07358413737034 0.425443143717977 0.882173
v 5.05355394489008 0.653069652368668 0.915246343182611
v 5.04965339472228 0.655511544683209 1.01611397641204
v 5.0474587334082 0.656386807484894 1.04295259057479
v 4.89620808578817 0.383 1.01423923239556
v 5.07357304965981 0.640335122714207 0.904086895683182
v 5.0702975953391 0.642587492265619 0.941023078071364
v 5.06998555170817 0.642782843411327 0.974927183495113
v 5.07310402857517 0.64073667042029 1.0092982965051
v 5.07169515460684 0.641712567168336 1.03104444419964
v 4.714694 0.032104869365563 0.922036169334989
v 4.714694 0.0853095516722729 0.922587413472279
v 4.714694 0.110054529177597 0.948131422696178
v 4.714694 0.143115103200654 0.918982355605354
v 4.714694 0.149645522303301 0.948290744966991
v 4.714694 0.205116803331318 0.92194659410492
v 4.714694 0.222609116080596 0.941062707285618
v 4.714694 0.254631236715233 0.918914672845828
v 4.714694 0.255150812668468 0.981571781160474
v 5.00630858918151 0.628583518101114 0.882173
v 4.714694 0.331570347630266 0.919527938253224
v 4.714694 0.324611870185284 0.988396410635528
v 4.714694 0.337894356608794 1.01239951559876
v 4.714694 0.505659611402799 1.06291404965782
v 4.714694 0.367442419133902 0.924371637412525
v 4.714694 0.375668116694169 0.982882957748931
v 4.714694 0.429467445196151 0.918862928674864
v 4.714694 0.428999378546763 0.944453058658111
v 4.714694 0.445750268251528 1.00362921093321
v 4.714694 0.428418763462862 1.0466801202183
v 4.82947591474095 0.295 1.00664765785861
v 4.714694 0.481870835729571 0.920425231034365
v 4.714694 0.48249217769847 0.945343861772957
v 4.714694 0.488084454123595 0.988735811064201
v 4.714694 0.480295225985276 1.04168253491545
v 4.714694 0.530841350073467 0.916249855526866
v 4.714694 0.532834964336378 0.94363884406488
v 4.714694 0.534212200059799 0.98513511686562
v 4.714694 0.53899892664343 1.03879225751172
v 4.714694 0.59432943115393 0.919712855277718
v 4.714694 0.59500530526747 0.944925435127431
v 4.714694 0.59432943115393 1.00812375443893
v 4.714694 0.615057531083979 1.06823531044826
v 4.714694 0.650601094569045 0.950946267340191
v 4.714694 0.641637851325811 0.97898150859953
v 4.714694 0.650884519002049 1.01322502027596
v 4.714694 0.650624860299247 1.04463314472228
v 4.714694 0.0313751397007526 0.882173
v 4.71514604231978 0.0570377550490799 0.882173
v 4.714694 0.0876705688460704 0.882173
v 4.714694 0.109514722181307 0.882173
v 4.714694 0.14237440945358 0.882206967433593
v 4.714694 0.170237792248487 0.882173
v 4.714694 0.200261427136706 0.882173
v 4.714694 0.225923226537324 0.882173
v 4.714694 0.256556856282023 0.882173
v 4.714694 0.27840100961726 0.882173
v 4.714694 0.312852285427341 0.882173
v 4.714694 0.334696438762578 0.882173
v 4.714694 0.369147714572659 0.882173
v 4.714694 0.390991867907896 0.882173
v 4.714694 0.425443143717977 0.882173
v 4.714694 0.447287297053214 0.882173
v 4.714694 0.481738572863294 0.882173
v 4.714694 0.503582726198531 0.882173
v 4.714694 0.538034002008612 0.882173
v 4.71514704139907 0.561469746937514 0.882173
v 4.714694 0.59432943115393 0.882173
v 4.714694 0.616173584489167 0.882173
v 4.714694 0.650624860299247 0.882173
v 4.94753723149977 0.384697865411424 0.938052704474784
v 4.94098748604156 0.383788644981383 0.983898329521402
v 4.94177391062569 0.383862636866372 1.00186729061788
v 4.8740777007556 0.682 0.954863421775285
v 4.812694 0.237856266960935 1.02311782258068
v 4.77736099674293 0.0555256287907725 1.082173
v 4.812694 0.0793409624444105 0.98430754422709
v 4.812694 0.467122418741387 0.920801961330341
v 5.03501796590774 0.444219477736694 0.915819852060731
v 5.03530136171677 0.444868590493014 0.937651763713848
v 5.03536401805223 0.445054867173937 0.96015305006709
v 5.03535335159933 0.445023155912337 1.00192738941686
v 5.03647800937065 0.448366752617704 1.02562347761961
v 5.03434287383545 0.442895959992474 1.04230436162359
v 4.77971219064402 0.62658994666749 0.882173
v 4.78078193862058 0.622870715666342 1.082173
v 5.01220776308458 0.67012506532639 1.04018827904048
v 4.812694 0.24678373404232 0.882173
v 5.04361833394152 0.4887175111702 1.05520809023946
v 5.04307804437301 0.479559966156728 0.975233963709134
v 4.7822897779766 0.568609039324886 0.882173
v 4.78228098507311 0.565550920712466 1.082173
v 4.812694 0.150562841338592 0.91887916573735
v 5.04367088602409 0.490497565004592 0.995720826878454
v 4.92368439272676 0.653328643795936 0.882173
v 5.03797979525848 0.52760725759427 1.03147332743013
v 5.03223710877299 0.541248236172792 0.92123051942655
v 5.03825926405471 0.52667084787997 0.976686897346457
v 5.03219347121673 0.541325859472677 0.97651355562732
v 5.03329436163699 0.539367575036643 1.03346811924984
v 4.812694 0.4837664043927 1.04367928388803
v 4.812694 0.534372472601559 1.03564306040941
v 4.93127372625451 0.681819408425386 0.914340403437619
v 4.9704231258747 0.299351542779647 0.938262428090975
v 5.03393988465351 0.316483080036979 0.968309536257288
v 5.08690881218432 0.348785741222334 1.06002856054049
v 5.03883244713629 0.318447428258111 0.988380847355593
v 5.0354067417052 0.317072018461431 1.03609751518212
v 4.714694 0.0851189144808548 0.983860487246044
v 4.714694 0.507644473891804 1.01373988205972
v 4.812694 0.0935549740642331 1.01426457712552
v 5.11931733133764 0.387682827844267 0.93020503726314
v 5.12001801424192 0.388698452542747 0.977445091531065
v 5.11981931625099 0.388410444107123 1.00108972961456
v 5.12147069173664 0.39157616948725 1.03180371833904
v 4.812694 0.0569843748013961 0.954659152195472
v 4.87116073599648 0.295207170196687 0.882173
v 4.714694 0.285442481589857 0.950496713326382
v 4.812694 0.480964837147734 0.973490034769539
v 4.714694 0.399412175289933 0.991339683406564
v 4.85592666762626 0.383 0.956353370242402
v 5.01988499507501 0.559695871875577 0.923003447054145
v 5.01862636969874 0.56116643257846 0.943928916879704
v 5.0380309650579 0.639189600220746 1.082173
v 4.85324850418967 0.295 1.06815670114503
v 5.01935153824219 0.560384164703582 0.971332592907595
v 5.01695826817054 0.562739358662858 0.998265260464527
v 4.714694 0.581387930303071 0.95975578829544
v 4.714694 0.557416870680277 0.987088673041204
v 5.01936821743711 0.560362644367659 1.01756082568837
v 5.0193450228524 0.560392571187086 1.04639449090476
v 4.88074909872589 0.594 0.981975312486543
v 4.812694 0.100218210502822 1.04086475476183
v 4.84883870550544 0.312741367043953 1.082173
v 4.86780630844997 0.295 1.082173
v 4.7378199305155 0.328626946671553 1.082173
v 5.0111316531079 0.411064726616087 0.913424974180362
v 5.01087773753012 0.410856924663911 0.937539992238579
v 5.00990569858159 0.410125961803284 0.963451403193244
v 5.01087790527676 0.410857050807582 0.991752596602598
v 5.01132662201757 0.411262983671873 1.0180672266378
v 5.0085536680183 0.409109249325161 1.04390711549547
v 5.02906265880336 0.432544100483035 0.920956558049707
v 5.02927002030368 0.432950632623466 0.959198372180071
v 5.02829086875254 0.431324363628702 0.981785941104309
v 5.02907615421937 0.432570558240845 1.01847512290186
v 5.02776058068742 0.430587899879237 1.0436804595984
v 5.0212738809991 0.42157917520987 0.923952310821721
v 5.02949033943228 0.433382568189094 0.939104742112308
v 5.05157247854971 0.324743748150896 0.999288560541554
v 5.04965339472228 0.323650666302646 1.04463314472228
v 5.07002593001376 0.33559557831063 0.996961841740058
v 4.9670858730565 0.388567423273631 0.996285342443391
v 4.97877029447926 0.392316955955419 1.00013898729423
v 4.97327188271119 0.390168458131277 1.01650249595406
v 4.9717441640861 0.389769876973761 1.04047076359174
v 4.95844085621277 0.386335868305218 0.92362063621987
v 4.95777836193103 0.386182024398349 0.95731626937096
v 4.95642563067961 0.38598598468797 0.982730891043698
v 4.95567638698529 0.385877403240855 1.01140912417096
v 5.06986726569588 0.642856894940445 1.05203447194606
v 5.04000513130738 0.459159195553073 0.906136307866239
v 5.03882846739646 0.455354641655183 1.06312589826589
v 5.04146728363903 0.466921979067793 0.965297577956793
v 5.04012706780429 0.459806574494052 0.939274199073652
v 5.03926948036266 0.45666576894957 0.98224409708156
v 5.04042307600217 0.461378125904266 1.01692883109208
v 5.03990599498995 0.458632866145362 1.04171601157644
v 5.04285213928024 0.475731026683626 0.922216087182934
v 5.04193683230774 0.469414882567582 1.05729343993168
v 5.04268921095173 0.473409372339926 0.999954525740787
v 4.87264447910495 0.383 0.92015647389361
v 4.88253021831916 0.383 0.939869798360756
v 4.87041331292785 0.383 0.982553115000903
v 4.86633593694047 0.383 1.04801789163347
v 4.92375143831885 0.383002664842816 0.977616173496206
v 4.92603977163321 0.383107015014296 1.04624044437981
v 4.75262112672615 0.682 0.918536499436848
v 4.78324848130137 0.682 0.955294998088174
v 4.8482220673677 0.682 0.952236209414982
v 4.8102001184749 0.682 0.979798507537964
v 4.84357240951165 0.682 1.01462610839748
v 4.90942514274967 0.682 0.917987673933401
v 4.86844076832342 0.682 1.04585692379112
v 4.94136332888201 0.68131054594995 0.9554258729335
v 4.92902573407338 0.681932784433172 1.01966962922983
v 5.01652702610309 0.309596979505044 0.901341799680722
v 5.1427287088636 0.457255148425505 1.00188587140794
v 5.14264117334054 0.456773655026121 1.0469588203513
v 5.14314597729162 0.459550353695795 0.923355663557159
v 5.14343182749774 0.464059111010029 0.951893218884655
v 4.91769661429715 0.295136574979972 1.06222667256828
v 4.812694 0.200400648596152 1.04652667947182
v 4.812694 0.277682840920913 0.983451599250738
v 4.812694 0.276303600822573 1.00819046052941
v 4.812694 0.27847243311665 1.03363441462593
v 4.8349022129442 0.383 0.945088131553545
v 4.812694 0.295 0.926696045545263
v 4.714694 0.219456078168657 0.961402791985565
v 4.812694 0.294620492776713 0.970658171060123
v 4.812694 0.295 0.994040728023681
v 4.812694 0.295 1.02014496284106
v 4.812694 0.594 0.924680360342473
v 4.714694 0.578448742321249 1.0381957373442
v 4.83959576688307 0.295 1.05456322732356
v 4.812694 0.418990064180286 0.996579512406618
v 4.77136542038505 0.44052571498182 1.082173
v 4.78917219176413 0.0309871748397131 0.882173
v 4.79402682187157 0.0615058708425816 0.882173
v 4.79106741376978 0.0912451029262035 0.882173
v 4.79222918019033 0.123141439495056 0.882173
v 4.77113685946783 0.11179547732393 0.882173
v 5.07661765855474 0.398314897841156 1.082173
v 4.812694 0.0313751397007526 0.882173
v 4.812694 0.0642727454879339 0.882173
v 4.812694 0.0888518654057144 0.882173
v 4.812694 0.123261964354273 0.882173
v 4.812694 0.146470747486123 0.882173
v 4.812694 0.1748999639948 0.882173
v 4.812694 0.210417494606765 0.882173
v 4.97318148820777 0.626790121369563 0.882173
v 5.02399894705615 0.666696761076607 0.915006247694258
v 5.02764282192448 0.665154323461787 1.03066140763595
v 4.714694 0.296172576039403 0.919273877424437
v 5.02436632936739 0.666589944124048 1.00208214385615
v 4.714694 0.177959995609528 0.948349605619034
v 5.02825927900541 0.664881573085876 0.979288257705844
v 4.714694 0.179557876800489 1.00502466027133
v 4.812694 0.234189677487318 0.996541554601027
v 4.93783840314861 0.338947439776392 0.882173
v 4.75630102413835 0.682 0.983405600780604
v 4.78320722602846 0.682 1.01663974310683
v 4.74798557037108 0.682 1.04548861141639
v 4.74326680909556 0.682 0.96505062721657
v 4.73340566316393 0.682 1.02123102627813
v 4.812694 0.421709546594484 0.941636800444474
v 4.714694 0.682 0.931200471976642
v 4.714694 0.681646772308308 0.96491108145666
v 4.8637964610556 0.682 0.907793484604229
v 5.08958060671252 0.351050667816317 1.04279535998271
v 4.714694 0.681607279659045 1.02631815880478
v 4.812694 0.406061140199998 1.01552621102603
v 4.99172637729066 0.303069599984728 0.923118368988967
v 4.74259308675516 0.218164824564622 1.082173
v 4.75915637369802 0.335080482531521 1.082173
v 4.98967344736114 0.302529281347103 1.04463314472228
v 4.98889960088676 0.302325609674361 0.973236507016901
v 5.07085771390502 0.336245429735423 1.04153371588289
v 5.01357758754717 0.308820705264321 0.920917529881238
v 4.714694 0.0166490693555763 1.02396392417926
v 5.01608172402724 0.309479778714363 0.948051058047306
v 5.01817743227537 0.310154505716547 1.01031807849847
v 5.01548193500785 0.309321917902282 0.977278625675234
v 4.94173044503297 0.383856337771707 0.910095619817219
v 4.714694 0.365771107636493 1.01901046138173
v 4.92547815529363 0.383081404776062 0.924253635361947
v 4.97912676245252 0.677635601691989 1.06761203474645
v 4.82914868996652 0.345707427085648 1.082173
v 4.90735937060118 0.682 0.97732892565994
v 4.714694 0.561269314904319 1.04232923878465
v 4.82228272761592 0.631153973842728 1.082173
v 4.94139 0.383807 0.957631524492219
v 4.94258412476535 0.383980054235945 1.04361542651324
v 4.72942227318113 0.682 1.04383570769881
v 5.07141687135514 0.444212016145287 1.082173
v 4.812694 0.234803560008093 1.04099253754707
v 4.82856583802003 0.682 1.0622950556724
v 4.93380115817773 0.681691939057917 1.0630036908512
v 5.01173645282173 0.567663237354443 1.06353790795763
v 5.00363573260044 0.573848848127001 1.0326724353813
v 4.997323 0.578148 0.922142585629481
v 4.99796167725238 0.577713042481661 0.967464095164742
v 4.77014469630847 0.145807175275319 0.882173
v 5.03748214111082 0.528864505890076 0.94687221166322
v 4.97606667141253 0.678131458126521 0.991939102413845
v 4.99365861848708 0.57988935567955 1.02509296413739
v 4.812694 0.417568551223704 0.966990646760195
v 4.99744326610796 0.578066095332713 1.04317625477634
v 5.07023940414094 0.542729866327679 0.882173
v 4.99710419178416 0.578251980147273 0.996076105281979
v 4.812694 0.577419903978746 0.918970692077908
v 5.00726145777976 0.571379625338356 1.01644671352677
v 5.00860103844033 0.570467332505687 0.986505478641138
v 4.714694 0.576721330983738 0.933213700324838
v 4.812694 0.226662307679811 0.904265280156474
v 5.00892314976542 0.57024796545908 1.04507750686424
v 4.7771569609395 0.409255885260987 0.882173
v 4.89442078215852 0.654531301887424 0.882173
v 4.75465174961546 0 1.02567680633255
v 5.00783530386498 0.570988819703419 0.94212025924546
v 5.00976795422273 0.569519421010614 0.919864696595902
v 5.07391478323044 0.521881211090816 0.882173
v 5.04302564421039 0.502965237729715 0.995468461808093
v 5.04298275941923 0.503427011403461 0.923583807306968
v 4.98558588478772 0.30157088343211 1.00537844255888
v 4.93239307100906 0.383396731497108 0.940138823643052
v 4.85418059085019 0.295 0.949307214622073
v 5.04360465924538 0.491923201493154 0.907640970261741
v 5.0434711185988 0.486222310066473 0.949524020560728
v 5.04364718208813 0.491007829835318 0.973055369474862
v 4.85644646977048 0.344866736523584 1.082173
v 4.78577835472982 0.278440549387025 1.082173
v 5.04080673864603 0.516886537430544 0.930269212185686
v 5.04130427855298 0.514905802682757 0.971949285448818
v 5.04103569021245 0.51600718294694 0.996526557623356
v 5.041281 0.515065000000001 1.03591454777392
v 5.04197184465234 0.510340453101616 0.905602849002472
v 5.06465859513779 0.467678136483854 0.882173
v 5.06727170570278 0.463911408161302 1.082173
v 4.812694 0.208217980219401 0.936933716485042
v 4.77881171506173 0 0.903080265594466
v 5.04216506279541 0.51166950201289 1.06033600528283
v 5.138967 0.538019000000001 0.901635658026759
v 5.01667926270297 0.341336387380474 0.882173
v 5.01590513522604 0.343292836063218 1.082173
v 5.08676387065927 0.57580944640186 1.082173
v 4.8381803598576 0.682 0.925423994753516
v 5.05370627342466 0.599009766180649 1.082173
v 4.8927724078157 0.295 1.05248146172492
v 5.14277074081623 0.515494523641704 0.950728678226488
v 4.714694 0.0989816764258766 0.933994526821011
v 5.14342350623148 0.50966393440421 1.01479938397169
v 5.08279253581512 0.585648223788203 0.882173
v 4.88490956106441 0.341549730688735 1.082173
v 4.714694 0.632167142834521 0.910908679024805
v 5.13923680499341 0.536421305391161 1.00030168655793
v 5.1376316045955 0.542484915529448 1.03046821181473
v 4.98471986534103 0.394641743655991 1.05295308605926
v 4.98549778898476 0.394945716389649 0.95407680146559
v 4.98552301857549 0.394679303092198 0.977850949147729
v 5.14328197190513 0.512302197858366 1.06343989761043
v 4.76811765038125 0.682 1.04957846076425
v 4.812694 0.0854879437197829 1.04933278980045
v 4.812694 0.0290238291603325 1.06512187860007
v 4.79291355377593 0.105536759502949 1.082173
v 4.72856436437963 0.0710054238458283 1.082173
v 4.79167942394442 0.0298824982438701 1.082173
v 4.74975365791658 0.0188571161485676 1.082173
v 4.75048033065961 0.123284068019804 1.082173
v 4.75363368758387 0.179590893823538 1.082173
v 4.78503182073127 0.14582191136875 1.082173
v 4.714694 0.579267718695964 1.02159537205868
v 4.79408177290573 0.180874962261202 1.082173
v 4.7904044312219 0.204166067140621 1.082173
v 4.79136940891452 0.228980115406943 1.082173
v 4.78751528207437 0.255363174526564 1.082173
v 4.812694 0.0422380948795943 1.082173
v 4.812694 0.0778294903877971 1.082173
v 4.812694 0.113420885896 1.082173
v 4.75249905585283 0 1.082173
v 4.812694 0.143965997991388 1.082173
v 4.812694 0.164305630149202 1.082173
v 4.812694 0.200261427136706 1.082173
v 4.812694 0.235852822644909 1.082173
v 4.99250939762505 0.675467082626841 1.04963997735155
v 4.87943209921067 0.295 1.03829105365315
v 4.98211340216321 0.677151647293632 0.92040085627567
v 4.98081948056149 0.677361314046552 1.00999342649744
v 4.97977530388921 0.67753051218967 1.03247362415168
v 4.9996742173705 0.673769212355219 0.925897485694646
v 4.9965119131414 0.674688657005889 0.961941012660875
v 4.99116479457003 0.675684961790569 0.981835411923471
v 4.99882217477731 0.674016945004485 1.00094201093169
v 4.96388684201963 0.680105074825195 0.920033802883917
v 4.96813158754199 0.679417257256138 0.945657714057527
v 4.96358280903373 0.680154340258934 0.97144791535061
v 4.714694 0.264859795609594 1.02343742670194
v 4.714694 0.660833974537503 0.908203148480096
v 4.96330136861067 0.617226594716801 1.082173
v 4.93602151105536 0.681579957020232 1.04333439507678
v 4.88298705682185 0.383 1.06355532870295
v 4.92512898069538 0.682 0.976933066639706
v 5.02323278398903 0.667105537166464 0.94546958158462
v 5.01430459713095 0.309012049753094 1.03495807685538
v 5.12073354355281 0.586095797597658 0.908578790102884
v 4.97193102016954 0.373009700797769 1.082173
v 5.12245722635215 0.582790385417344 1.05673597998827
v 5.14397065591964 0.49946481830689 0.937477619400559
v 5.14117005077753 0.52497327276674 1.06844499641276
v 4.714694 0.348792929468682 0.949951705656844
v 4.95696942901525 0.386064792705536 1.04661752620366
v 4.714694 0.0328742428988992 0.941073776872234
v 4.714694 0.425132226400868 1.06439967016447
v 5.11551707918307 0.59432943115393 1.04463314472228
v 5.12176857812533 0.584318785949797 0.938759981801261
v 5.11965047335263 0.587805308582867 0.968954838478538
v 5.12068668214344 0.586169763342531 0.997546337864404
v 5.12197903300664 0.583851697906702 1.03112112247947
v 4.76992051037856 0.161413173565587 1.082173
v 4.96925468400654 0.299180520437808 0.974397819259852
v 5.02559143958368 0.552333130249527 1.06319235305469
v 4.714694 0.0782463594152074 1.03417692307371
v 4.812694 0.25256982231008 0.976422172689062
v 5.02648719162761 0.551177385923886 0.960890158706179
v 4.812694 0.0246601053150678 1.01543992164949
v 5.02595953643774 0.551858193180443 0.993606079609714
v 5.07028365916793 0.490850253313107 0.882173
v 5.07977993087965 0.492337784170758 1.082173
v 5.03151029913346 0.542541098730999 0.944705119769211
v 5.043694 0.49 0.930864579629981
v 5.14446365466209 0.482010029880637 0.981381671811297
v 5.14461376924144 0.484621605470274 0.92334115136615
v 4.86950051267721 0.682 0.932636444243306
v 5.14448889613492 0.489804587777212 0.953864822214422
v 4.95830546559654 0.680456080422811 1.00279020538283
v 4.84707774709219 0.594 1.01327489938743
v 4.812694 0.0478717846731815 1.01305359088002
v 4.812694 0.107771043527382 0.949760458401864
v 5.14449842907202 0.482615007761549 1.01352944243317
v 5.14451772216058 0.48295065376842 1.04287910158853
v 4.89007430566259 0.682 1.06197935336292
v 4.714694 0.309390673370957 0.905104400715381
v 4.8153128812383 0.331019878242121 1.082173
v 4.812694 0.383 0.919712855277718
v 4.812694 0.383 0.978214548275167
v 4.812694 0.383 1.04463314472228
v 4.7288230204262 0.290459135468898 1.082173
v 4.72795087932464 0.401688991746699 1.082173
v 4.73174979705697 0.513657300942525 1.082173
v 4.79229429019784 0.149222530804555 0.882173
v 4.83275495227424 0.295 0.901590875306686
v 4.84120377631943 0.383 0.900942927638859
v 4.84292667370688 0.383 1.06255861341892
v 4.84198372123573 0.594 1.06034403765104
v 4.75277495899669 0.252531360814394 1.082173
v 4.74955547872902 0.283063440110169 1.082173
v 4.714694 0.666300547284522 0.941073369658416
v 4.78578197837329 0.344723310491017 1.082173
v 4.75065695012579 0.377568204091771 1.082173
v 4.75408501240865 0.509581599635389 1.082173
v 4.75125004562262 0.533913059661704 1.082173
v 4.74973314837807 0.595657362829178 1.082173
v 4.812694 0.464078478983783 0.90148748066517
v 4.78950956461063 0.682 1.04957057003576
v 4.97308991821599 0.390117259097948 1.06262294140052
v 4.7479026005531 0.651296644502691 1.082173
v 4.72857812303346 0.628075448636956 1.082173
v 4.73152591295549 0.650747270787188 1.082173
v 4.812694 0.128551447645495 1.01231694733155
v 4.714694 0.625082997033469 1.082173
v 4.714694 0.65291346849704 1.08186977164492
v 4.8079496649518 0.654044934166009 0.882173
v 4.79606197454661 0.34115628808052 0.882173
v 4.74975365791658 0.682 0.882173
v 4.77285532398727 0.682 0.882342958498124
v 5.07433127914891 0.591992659760334 1.082173
v 4.83471893458134 0.682 0.882503565680138
v 4.92250345467524 0.383 0.94892243592169
v 4.79375648426701 0.488095546281996 1.082173
v 4.79260062453933 0.516596413996216 1.082173
v 4.79218459967325 0.54125296557778 1.082173
v 4.8124623637078 0.427423080537969 1.082173
v 4.87165690607993 0.666371536557417 0.882173
v 4.812694 0.459762303933257 1.082173
v 4.8125296297637 0.486919546987941 1.082173
v 4.812694 0.515992097104349 1.082173
v 4.812694 0.538034002008612 1.082173
v 5.05309257600485 0.653358486786007 1.06452286835748
v 5.00404117528342 0.30631077971445 0.936432293337226
v 4.714694 0.0547645965180521 0.945663609716644
v 4.95869985037507 0.386402722970757 0.903947556007592
v 4.714694 0.0547702375507275 1.01019273531171
v 4.714694 0.0269689294908354 1.05257980964473
v 4.714694 0.055846553752337 1.05451341737594
v 4.714694 0.105663122867806 1.05636666190924
v 4.714694 0.153687084420432 1.01024455580955
v 4.714694 0.135574778862161 1.06015519713378
v 4.714694 0.157845988604298 1.05771035869908
v 4.714694 0.227884791271645 1.00486551693845
v 4.714694 0.196771465660702 1.04741561155925
v 5.12623222640321 0.479306206624979 1.082173
v 4.812694 0.449262137522083 1.06489549774479
v 4.714694 0.274291282110586 1.00928544368713
v 4.714694 0.269052538318246 1.06286377504763
v 4.73376899099438 0.533168665531565 1.082173
v 4.714694 0.310025238163833 1.04619740381786
v 4.714694 0.295333762751801 1.06740409162385
v 4.714694 0.33903139681855 1.05521717378971
v 4.714694 0.366681281656272 1.06093610949531
v 4.99311466177281 0.331448242506054 0.882173
v 4.98802507197517 0.341419622588495 1.082173
v 4.714694 0.524149590787918 1.06373345600977
v 4.812694 0.565152760926921 1.05629147265153
v 4.714694 0.053510052094588 1.08194408797809
v 4.714694 0.0261741886509617 1.082173
v 4.714694 0.103572435178426 1.082173
v 4.714694 0.15802355145768 1.082173
v 4.714694 0.177800730080286 1.082173
v 4.714694 0.223650883954005 1.082173
v 4.99247936786513 0.349732815568981 0.882173
v 4.714694 0.276449834899637 1.082173
v 4.714694 0.331294134907984 1.082173
v 4.714694 0.356018920867246 1.082173
v 4.714694 0.392537171389958 1.082173
v 4.714694 0.449369779324045 1.082173
v 4.714694 0.502656121545631 1.082173
v 4.98769526292274 0.395875808428 0.996386833995996
v 4.714694 0.531319720722216 1.082173
v 4.71471170255992 0.559839263189424 1.082173
v 5.01997950578238 0.559573929408918 1.06338881614669
v 4.714694 0.59432943115393 1.082173
v 5.14140364903206 0.449966592415536 0.966644655641578
v 5.04838468250402 0.322928026532246 0.917395178439668
v 4.714694 0.394557605455076 0.964106021912825
v 4.714694 0.510658264482208 0.961073137211377
v 4.714694 0.565653347062467 0.969896068567353
v 4.714694 0.559085024153362 1.02464393799811
v 5.04499496296592 0.320997292269992 0.950470671901423
v 4.714694 0.618660170771793 0.965522800890929
v 4.714694 0.624483455730287 1.02328020945214
v 4.714694 0.174853874096338 1.03056414576535
v 4.714694 0.454178253800327 0.956220883568344
v 4.714694 0.117652127005288 1.03532451507361
v 5.04862259561488 0.323063538331794 0.982347054554114
v 4.714694 0.466673472281352 1.05296221136855
v 5.0022075450834 0.323761896358322 1.082173
v 4.76462798946729 0.202422290472571 1.082173
v 5.06677774051712 0.333404441142472 0.936610115611267
v 4.76777826027312 0.31853930294358 1.082173
v 5.068415 0.334337 0.957305386747821
v 5.09071053562053 0.457010045461911 0.882173
v 4.76987526513572 0.459931467526841 0.882173
v 4.92923633640902 0.295661288595102 0.980897934053927
v 4.714694 0.439426727370534 0.974731403687559
v 4.714694 0.600446931812304 1.0358652280658
v 4.714694 0.327373932291412 0.947223030426234
v 4.76846507223617 0.0123487548431103 1.082173
v 5.03824120066937 0.526740225517937 0.90818766437414
v 5.00548179620883 0.354455729088238 0.882173
v 4.8787747273312 0.594 0.893595280366584
v 4.812694 0.563678157368568 0.975641857575746
v 4.812694 0.383 1.01142384649872
v 4.81506114795472 0.682 0.909645658020984
v 5.13907110155505 0.53740254553348 1.05471699282552
v 4.714694 0.651660582358906 1.06368740875914
v 4.99130930157384 0.615467447542771 0.882173
v 4.98651922368057 0.617702930149624 1.082173
v 4.95968347368057 0.680437028442188 1.03080853312539
v 4.91705022036317 0.626211955067844 0.882173
v 5.03924318828873 0.456587602867393 0.961268510236377
v 4.812694 0.561096461775169 0.882173
v 4.89884758467727 0.383 0.901377243608311
v 4.90498682050217 0.383 1.06045025727952
v 5.13267671718497 0.559661841767911 1.02532745645973
v 5.10363166177613 0.429694681802981 0.882173
v 5.138628 0.434699000000003 1.01236659984993
v 5.13809812650277 0.433059251661463 1.04276310674692
v 4.8662652064332 0.383 0.882173
v 5.09665980948478 0.398901574255258 0.882173
v 4.78131217233501 0.296748597936997 0.882173
v 4.8919399691361 0.594 1.06383431253055
v 5.027099 0.550387999999999 1.02114611579918
v 4.90708298290567 0.383 0.958627528019937
v 4.8424405474621 0.383 1.01571828888182
v 4.714694 0.025366138664733 0.960106507989813
v 4.812694 0.147664316476727 1.00375049868223
v 5.02590110747809 0.551933581161998 0.93511440601805
v 4.75896192968932 0.0449562503864662 1.082173
v 4.77506587651091 0.106610885732811 1.082173
v 5.05734703856256 0.328032852379415 0.898489992724884
v 5.09031307348484 0.606739891070561 0.882173
v 4.87502076337241 0.594 0.949901041453566
v 4.87220758414504 0.594 1.01414188492682
v 4.92286950809781 0.594 1.01388943190452
v 4.83549662918726 0.594 0.97975099014556
v 4.87135207489843 0.594 1.04387796606481
v 4.98179681932733 0.585264561152032 0.948264335235436
v 4.77301444859746 0.478550716558714 0.882173
v 4.87398580683428 0.594364541089645 1.082173
v 5.00588569514471 0.671963215968252 0.948895966369629
v 4.7764021725229 0.383819512383723 0.882173
v 5.01265029108602 0.56680153917928 1.0322171162184
v 4.78030041809622 0.37502488158403 1.082173
v 4.90249948305563 0.610254690545099 0.882173
v 4.85717151094433 0.66 0.882173
v 5.04755256601797 0.656345291407977 0.95330522920791
v 5.04797468583911 0.65615852521864 0.97588304614641
v 5.02836293046817 0.431424442896504 1.00134759101065
v 5.08855314007335 0.350159173457485 1.02369912967516
v 4.812694 0.0715658423817747 1.01278703801965
v 4.812694 0.0833323434414644 0.949754402462669
v 5.13162781655048 0.562436982335677 0.919878264593398
v 4.80743452592056 0.682 0.882173
v 4.812694 0.148383432258085 0.961588918848954
v 4.714694 0.110800878780307 0.978686469693558
v 5.14108639300496 0.449689722398412 0.94141636100034
v 4.812694 0.116136187791525 1.02744726136789
v 5.02130016668624 0.42161568075655 1.05994934020001
v 4.78465655567486 0.298522053886864 1.082173
v 5.020733 0.420828 0.952541351527379
v 4.89536241143953 0.594 0.907285437844454
v 5.01863747406147 0.4186971330653 0.980444333288387
v 5.03499041094953 0.6619033953265 0.96401676751548
v 5.11422533730672 0.524705426946431 1.082173
v 4.78383200229921 0.596952744538689 0.882173
v 4.78122382895829 0.594164715576965 1.082173
v 4.78122382895829 0 0.882173
v 4.78122382895829 0 1.082173
v 4.812694 0.537508757352923 0.934540954318095
v 4.812694 0.484723046635345 0.902798921588542
v 4.78809502512292 0.664695702837788 1.082173
v 4.83053157693128 0.663378695454275 1.082173
v 4.83347261270743 0.681662346384888 1.082173
v 4.86971355263886 0.682 1.082173
v 4.80239067900966 0.682 1.082173
v 4.75305301007288 0.682 1.082173
v 4.73319607359844 0 0.997836470136712
v 4.74975365791658 0 0.882173
v 4.714694 0 0.919712855277718
v 4.714694 0 0.944456343716379
v 4.714694 0 0.972341003448737
v 4.714694 0 1.01384422731025
v 4.714694 0 1.04187008002536
v 4.86125487407901 0.594 0.90427620180994
v 4.812694 0.594 0.963286321992626
v 4.86388692072128 0.594 0.882173
v 4.9730162218646 0.390098235715799 0.938502790092406
v 4.9719107836737 0.389812886811135 0.914825778169165
v 4.86729034783119 0.383 1.082173
v 5.13028120199892 0.409596926125563 0.922907936510143
v 5.13061440625387 0.410278452235916 0.945264726415343
v 5.1295226741819 0.408045455803543 0.979110578999211
v 5.130975 0.411016 1.00501401041761
v 5.13006036201921 0.409145226574475 1.04345367579565
v 5.10857899350008 0.605280460634169 1.01841240214868
v 4.812694 0.539276780447098 1.01401582138906
v 4.812694 0.199773161074562 1.01574384472365
v 4.714694 0.142248051938604 0.978593711424633
v 4.714694 0.22311143994141 0.980856205954402
v 4.714694 0.486708328002164 1.02052364067968
v 4.714694 0.534330620792097 1.01164070890283
v 4.714694 0.591797414413905 0.975825373940262
v 4.86943738914611 0.383 1.01151710172333
v 4.84031745531396 0.682 0.98587681554054
v 4.73633384209045 0.682 0.991932341995912
v 4.714694 0.682 0.997241465866282
v 4.714694 0.0556168668393432 0.976876589617339
v 5.10901610383131 0.604590528520026 0.952674651467637
v 4.812694 0.457038060551929 0.980470344818122
v 4.812694 0.0304781989225788 0.951815612714727
v 4.87011190638831 0.295 0.99302072186598
v 4.714694 0.25751335528413 0.948942014395079
v 4.714694 0.370575544573362 0.953529938624847
v 4.94436795496028 0.681159009608986 0.981472255634304
v 4.89324603131716 0.594 0.882173
v 4.714694 0.0415053005921321 1.0682224794356
v 4.86519916744124 0.682 0.975423801295304
v 4.714694 0.625505929934392 0.996358398242867
v 4.714694 0.392917581478332 0.938840406690491
v 4.714694 0.510462547155571 0.9395765276427
v 4.714694 0.622604887305215 0.936778453204865
v 4.714694 0.456109611005142 0.936334186997826
v 5.0998182852215 0.615526892701046 0.967008658787821
v 4.89870855556553 0.383 0.988055838183065
v 4.8963971666233 0.594 1.02128914977175
v 4.89889756636969 0.594 0.96437874175101
v 4.90112056397157 0.594 0.934147967338868
v 4.89685162510552 0.594 0.99788717119458
v 4.714694 0.354337059495276 1.03759659333683
v 4.79695891447914 0.321463071356835 0.882173
v 4.99293715046947 0.303388268101475 1.02431569075118
v 4.92199038279312 0.594 1.06271521476628
v 5.00387549687396 0.306267174167472 1.06797458497609
v 4.9335515 0.2958575 1.082173
v 4.73670427915894 0.194594996785166 1.082173
v 4.73529594568756 0.0914378697424015 1.082173
v 5.06388882623231 0.393755094337105 0.882173
v 5.09678864734449 0.511631932330602 1.082173
v 4.714694 0.0299587370019136 0.992691407905951
v 5.07213155298879 0.641338459762496 0.921667064033318
v 4.812694 0.0306673183566753 1.04128097867187
v 5.04979452722596 0.629022096846646 0.882173
v 4.94024108858593 0.618451683560204 0.882173
v 4.93805876320609 0.615569699609286 1.082173
v 4.98293632263151 0.301183072675622 0.903646691112665
v 4.98800801994569 0.30209095100799 1.06390350230179
v 4.97995421186828 0.58583274401589 0.902304597962647
v 4.82805874933836 0.682 0.942202531440752
v 4.812694 0.0384160036993374 0.905208506248673
v 4.714694 0.309708600070676 0.936014702464047
v 5.02022737506576 0.420313847713014 0.902515579085201
v 5.04358663298752 0.488180201308673 1.0221140168514
v 4.90413894210292 0.383 0.920775663256257
v 4.89705782335349 0.383 1.03978834365873
v 5.02792172867615 0.364473323048872 0.882173
v 5.0759245390046 0.421110511675988 1.082173
v 5.02138348813685 0.367443503970208 1.082173
v 4.77974363159715 0.650624860299247 0.882173
v 4.80699362027959 0.682 0.948995157196603
v 4.78194572168255 0.682 0.982299677645611
v 4.81037829390264 0.682 1.01641082700439
v 5.02686800980743 0.390926723742842 1.082173
v 4.84888950921423 0.383 0.976445916877733
v 4.90664481670314 0.682 1.04694607541946
v 4.812694 0.594 1.05245133049816
v 4.812694 0.594 0.994352316284395
v 4.714694 0.0379092446703262 1.03363572668057
v 4.812694 0.265426411322454 1.082173
v 4.84768637423668 0.295 1.00037215370731
v 4.714694 0.152582135501923 0.901248123313509
v 4.812694 0.000288550064221848 0.899239846212839
v 4.812694 0 1.06340307236114
v 5.10192978926627 0.558837993756131 1.082173
v 5.08080954528826 0.633908883533777 0.927605996529534
v 4.96270762834528 0.680234060238637 0.902047082227276
v 5.088943 0.350375 0.900942927638859
v 5.13746279460004 0.431093151380216 1.06221846562154
v 4.714694 0 0.993036825800841
v 5.03737008573766 0.529147596923478 0.928373920540642
v 4.89091848173842 0.295 0.90104688939136
v 4.812694 0.383 0.948963701776442
v 4.79924843131483 0.32084350875812 1.082173
v 4.9003930982975 0.594361260585894 1.082173
v 4.89525236099607 0.682 1.082173
v 5.13654744979644 0.546110616005234 0.961961980753067
v 4.82930211259306 0.295 0.950548603913179
v 4.92800121969449 0.593983971224239 0.898740892954711
v 4.7324559741311 0.426811566539969 1.082173
v 4.74532992990709 0.486912341921637 1.082173
v 5.04197138027922 0.567137406797034 0.882173
v 4.82866168208463 0.61473049921628 0.882173
v 4.812694 0.295 1.05349945897419
v 4.86786532465308 0.295 1.05140129406941
v 4.84177607661969 0.383 0.993728278927693
v 4.73360694984043 0.563551385859051 1.082173
v 4.812694 0.218389501533427 1.00831591060836
v 4.8469032381206 0.594 1.082173
v 4.84120377631943 0.295 0.882173
v 4.84093880918343 0.295 1.082173
v 4.84120377631943 0.383 0.882173
v 4.84120377631943 0.383 1.082173
v 4.714694 0.185896853118812 0.924256033596222
v 4.84213650841446 0.295 1.0266469318844
v 4.84115093299218 0.383 0.922799151591921
v 4.84120377631943 0.383 1.04463314472228
v 5.03395322982553 0.39374169159738 0.882173
v 4.812694 0.439471704589346 0.969288942189832
v 4.80748272882656 0.682 1.05215704508064
v 4.807933195206 0.623877491210789 0.882173
v 4.812694 0.404166619736475 0.90048825133336
v 4.812694 0.404109291692697 1.06447372840768
v 5.0816045419331 0.37650967376085 0.882173
v 5.08132334780919 0.376839754794699 1.082173
v 4.714694 0.251758396261619 1.00607045991099
v 4.812694 0.218057124890807 1.082173
v 5.11068121772474 0.510256581369549 0.882173
v 5.05014232665017 0.403276290603485 1.082173
v 4.78260820992554 0.204592813703629 0.882173
v 4.75006777668779 0.231149678069904 0.882173
v 4.75521139719523 0.285242297607441 0.882173
v 4.75209205778152 0.343465722035651 0.882173
v 4.74975365791658 0.397295429145318 0.882173
v 4.74827162786427 0.567054610810858 0.882173
v 4.74975365791658 0.622477145726589 0.882173
v 4.812694 0.0595778652493286 0.923008260405459
v 4.714694 0.0592076494048302 0.92112480280613
v 4.714694 0.0816499866432938 0.945165982429294
v 4.714694 0.164535817135723 0.923412072973938
v 4.714694 0.229048224507016 0.916153584466461
v 4.714694 0.284704570854682 0.982173
v 4.714694 0.306499790510012 1.01105784728109
v 4.714694 0.508536575155548 0.918777768483595
v 4.714694 0.511204225790697 0.987925730149426
v 4.714694 0.508487911284857 1.04213649213179
v 4.714694 0.559394893903008 0.920759191132803
v 4.714694 0.559211882712749 0.949097971689837
v 4.714694 0.410443101307374 0.955606013422554
v 4.812694 0.509686345823177 1.04368257643777
v 4.812694 0.168177486894322 1.04341187844084
v 4.74658812697897 0.150204649838126 1.082173
v 4.72902077171376 0.260699301940752 1.082173
v 4.74946261092855 0.565272354588881 1.082173
v 4.74975365791658 0.622477145726589 1.082173
v 4.714694 0.249707275619023 1.082173
v 4.71488021298226 0.129249630641909 1.082173
v 4.74975365791658 0.138278980475149 0.882173
v 4.812694 0.148588667076555 0.982122810473376
v 4.714694 0.109305712888199 0.921192846057768
v 4.77826213048627 0.126497506815681 1.082173
v 4.812694 0.48459665672223 1.01297085184825
v 4.812694 0.456442269282257 1.04378748475355
v 5.10946228107591 0.443652864747362 1.082173
v 4.74280108850391 0.451526471299253 0.882173
v 4.714694 0.453129362565484 0.916598271425648
v 4.714694 0.456219531064771 1.04324363619518
v 4.714694 0.41834490762287 1.082173
v 4.714694 0.476980315107935 1.082173
v 4.714694 0.307095805806037 1.082173
v 5.01037956207544 0.410482302066746 1.06218074102785
v 4.89564384950856 0.682 0.954672494657909
v 4.812694 0.577466224384338 0.987941425436003
v 4.812694 0.558770607429927 1.082173
v 5.0893724171358 0.626808652422736 1.05095398930113
v 4.812694 0.192658729300783 0.882173
v 4.812694 0.470833528834307 1.03177489476342
v 4.812694 0.0373749112995267 0.996119265618574
v 5.06535388543548 0.520195854869306 1.082173
v 4.812694 0.40068452152038 0.95206791428947
v 5.12415822851228 0.454764462893073 0.882173
v 5.11842035609492 0.459005360825831 1.082173
v 4.88924588575627 0.295 1.00462694379514
v 5.01900802422651 0.668147879300906 0.963144227344641
v 4.97122315875331 0.299468641884169 0.917807428223231
v 4.714694 0.662725489518402 0.974169181859667
v 4.714694 0.666286864068369 1.03626582135863
v 4.812694 0.191685784718239 0.932071297929427
v 4.80057488384488 0 0.966487969226272
v 4.714694 0.427215746623803 0.992426946536156
v 4.76940784431105 0.485751547379403 1.082173
v 4.79473694200208 0.444069433806021 1.082173
v 4.88793632098443 0.295 0.975385516841933
v 5.04001311090811 0.45920156043644 0.999400275641111
v 4.812694 0.557392261301481 1.00424769323788
v 5.06917484563424 0.334930647909293 0.911804139198656
v 4.91276048316621 0.364874445053182 0.882173
v 4.90640013984963 0.359749062701839 1.082173
v 4.89670327631943 0.383 0.882173
v 4.89796763826826 0.382852904092232 1.082173
v 4.714694 0.157360005457777 1.03823868924194
v 4.93932540772415 0.646217429619679 0.882173
v 4.812694 0.27849143192681 0.904862587553391
v 4.714694 0.682 1.05532226911371
v 4.84899068075207 0.363467607407511 1.082173
v 4.714694 0.011146596211151 1.00287093533468
v 4.812694 0.540827174855922 0.958860212450779
v 4.77307587199452 0.0459972910838526 0.882173
v 4.71470285127996 0.577084347171677 1.082173
v 4.90278938621716 0.295 1.06887073498684
v 4.86813832316626 0.325821791434949 1.082173
v 4.89702034373975 0.594 1.04462063108866
v 5.11187983954181 0.542812982992273 1.082173
v 4.9345591097318 0.295903316228492 0.901200874536343
v 5.05755028929713 0.481064550723952 0.882173
v 4.89022158423011 0.295 0.92980438834439
v 4.88783512501681 0.682 1.04297831295739
v 5.06425068281059 0.38649521793538 1.082173
v 4.73177231914903 0.423065933958277 0.882173
v 4.812694 0.555910997999867 0.925579474172748
v 5.03629789523081 0.661324901153519 0.932986190363856
v 4.714694 0.275280361423819 1.03417692307371
v 4.714694 0.136984174315939 1.02858378637013
v 5.09145511871769 0.461568929311252 1.082173
v 4.83912576863954 0.594 0.882173
v 4.7928819721582 0.415596051922324 1.082173
v 4.9144616067075 0.618791358461916 1.082173
v 4.88623654765413 0.656569131861567 1.082173
v 4.77429252008895 0.243834939752062 1.082173
v 4.88623857017673 0.616682736066508 1.082173
v 4.714694 0.409947962948607 0.939648838068468
v 4.79563547478111 0.382598824564338 0.882173
v 4.714694 0.550067970547228 0.976922673728991
v 4.85741265059518 0.661132299775406 1.082173
v 4.85240929563176 0.364258054382158 0.882173
v 4.85249175939547 0.315489861669502 0.882173
v 4.83012963485653 0.615826834786331 1.082173
v 4.82924977711793 0.359458960228617 0.882173
v 4.82584504290011 0.315495067525759 0.882173
v 4.714694 0.556392187727429 1.00292624683197
v 4.714694 0.0566900822904933 1.03373268680579
v 4.85654732920525 0.617574117763013 1.082173
v 4.76812848986829 0.520039547634104 0.882173
v 4.73827827408498 0.0476838089889947 1.082173
v 4.714694 0.0994617632830445 1.03443128105844
v 4.714694 0.416403333641941 0.972542657022256
v 4.714694 0.253712035041962 1.0231047753982
v 5.07150021521267 0.606336334401603 0.882173
v 4.85212165394623 0.329115890731024 1.082173
v 4.89740608324911 0.632732420015934 0.882173
v 4.85350767586649 0.682 1.06533388270713
v 5.00188165853154 0.305862694574329 1.00784826052867
v 4.76895059319895 0 0.966140815151056
v 4.77255652672689 0 0.937964418861708
v 4.87622429920102 0.383 1.02993157143285
v 4.812694 0.457816960343255 0.99965595804361
v 4.714694 0.244742820311692 1.0652584733869
v 4.83397810550384 0.594 0.955115681126987
v 4.82650346019912 0.594 0.904536889181892
v 4.714694 0.418076639682563 1.00770135129795
v 4.812694 0.126064398100637 0.961200063476886
v 4.812694 0.136185729964049 0.907420962634244
v 5.03620472710823 0.593283733821611 1.082173
v 4.812694 0.0560823259021561 0.900570656274729
v 4.812694 0.444668823566155 0.900768360938157
v 4.812694 0.107731954999262 0.900086414786406
v 4.812694 0.505763644626569 1.06503380093277
v 4.812694 0.217386813255336 1.0666289092565
v 4.85168895028232 0.682 1.082173
v 5.00643063195984 0.306939670139548 1.02004994287724
v 5.02454447984778 0.66652517958827 1.05385783991765
v 4.73735832898401 0 0.964851097728856
v 4.73493663643639 0 0.902014592897706
v 4.73913973088876 0 1.06076824158944
v 4.73222382895829 0.682 0.900942927638859
v 4.73391445955708 0.682 1.0642078110965
v 4.714694 0.0227263298535441 1.00815007911125
v 4.75571981862626 0.095893784398173 1.082173
v 4.812694 0.277316607560156 1.05897893912863
v 4.85781483422325 0.295 0.896621377830228
v 5.06174582827685 0.498311300447181 1.082173
v 4.812694 0.222611805337051 1.0511664504683
v 4.714694 0.0691979154845411 0.90073272060057
v 4.714694 0.244934397184491 0.897710637574697
v 4.714694 0.352769108668839 0.903757972329955
v 4.714694 0.401939345686244 0.90260523209659
v 4.714694 0.1239078703395 0.905231313627118
v 4.714694 0.462571190060988 0.900182627264071
v 4.714694 0.518216304931435 0.901730887251811
v 4.714694 0.57590786995111 0.900384513214633
v 5.09192601460093 0.500311166837776 0.882173
v 4.98084273193753 0.585558761689886 1.00937366928073
v 4.96932158323253 0.299190312334699 1.06782368979753
v 4.79103655543368 0.667117288216949 0.882173
v 5.03751226075591 0.528788413140449 1.00398566586498
v 4.97329737742576 0.320461600842385 0.882173
v 4.96857586793504 0.321658537949514 1.082173
v 4.77065919517184 0 0.993849882389629
v 4.73491282312514 0.13538712567286 1.082173
v 4.714694 0.202426921210167 0.999555972012107
v 4.714694 0.164081017482525 0.964553423641482
v 4.714694 0.164522038074564 0.99270402004262
v 4.714694 0.338015942828384 0.968483519699778
v 4.92512184584706 0.314046693011602 0.882173
v 4.84680696343809 0.295 0.926161517660121
v 4.714694 0.18042787539782 0.902419354996312
v 4.812694 0.186137551150835 1.06327470029644
v 5.04965339472228 0.323650666302646 1.0193935092623
v 4.94706773720193 0.681022847866513 0.903344105099175
v 4.98342867312327 0.58475074180924 0.968749073043785
v 4.79799187120847 0.057479005200062 1.082173
v 4.76274931452594 0.682 0.955032605460893
v 4.75914063231488 0.682 1.02161592020862
v 4.99128433331929 0.302953256707275 0.947062548472232
v 4.93178501431048 0.634539414001589 0.882173
v 4.90952788690808 0.383 0.940259173323712
v 4.812694 0.105466266600172 0.882173
v 4.923693 0.383 0.960379037489862
v 4.93249110815996 0.327850460734106 0.882173
v 5.05558544357147 0.555476671231541 0.882173
v 5.10040378118066 0.575012818793033 0.882173
v 5.0382331134006 0.526771287004719 1.0582000032627
v 4.76860721809158 0.223576442863636 0.882173
v 5.06767799707882 0.554951368053061 1.082173
v 4.77391334833111 0.49670432460406 0.882173
v 4.88139151042701 0.363372610707899 0.882173
v 4.87597691164188 0.360413855333875 1.082173
v 4.90346934513724 0.31424831724301 0.882173
v 4.882279004395 0.314562034646151 0.882173
v 4.89909971325508 0.348444908737708 0.882173
v 4.88156551127616 0.383 0.961950181019211
v 4.77772184454127 0.682 1.082173
v 5.04168872356815 0.319594214129055 1.05776887308298
v 4.92991365097376 0.681888002928033 0.997524629517495
v 4.93871360219998 0.318605027048082 1.082173
v 4.73222382895829 0.239331218376983 0.882173
v 4.73268384812311 0.297483394333394 0.882173
v 4.73164927170053 0.353088342337465 0.882173
v 4.73037437473555 0.408671118145478 0.882173
v 4.73144158151763 0.470314511034524 0.882173
v 4.73102329408696 0.51816185251769 0.882173
v 4.73170460006235 0.581806917679024 0.882173
v 4.73222382895829 0.633399222394207 0.882173
v 4.714694 0.23685162005316 0.960298559006987
v 4.714694 0.46302144315839 1.02392911913952
v 4.714694 0.293735819820232 1.02922201489752
v 4.714694 0.682 0.911445766904967
v 5.12631643133525 0.574225183734889 0.960982908175814
v 5.1110901293347 0.572848136230559 1.082173
v 4.714694 0.666312430149624 1.06340307236114
v 4.714694 0.0170206158306063 0.900712829377995
v 4.812694 0.0184953944304729 0.900904168052697
v 4.82712657454176 0.594 1.00638478817409
v 4.74077161272212 0.682 0.941648676127824
v 5.14291308667027 0.458269327513061 1.06456591017565
v 4.74705918301234 0.682 1.0090641580311
v 4.73442944285253 0.180182720130025 0.882173
v 5.04734660634384 0.349916436142171 0.882173
v 5.04298808454956 0.347900211504454 1.082173
v 4.93554175 0.383540314248178 1.02103813056737
v 5.13910554361968 0.537198591187489 0.926721599106349
v 4.95131377867632 0.296665154583607 1.05667437362546
v 4.73298008183405 0 1.02672154585003
v 5.04279637935201 0.474785933380936 0.945101286279935
v 5.08348207776507 0.631851607504704 0.994921406582639
v 4.812694 0.423975278145099 1.02019954033609
v 4.80112006780505 0.404221571858988 0.882173
v 5.11558917104171 0.561424501004306 0.882173
v 4.72981918701405 0.377585228186128 1.082173
v 4.82597587882122 0.682 0.999563692750706
v 4.76164040225605 0.682 1.00040247992938
v 4.76838508320616 0.682 0.933566719828454
v 4.812694 0.0163597829502281 0.998394141827554
v 5.13039662317505 0.565169519118993 0.901116966698114
v 4.73131683295446 0.129522294867557 0.882173
v 4.73142582891453 0.577886159863398 1.082173
v 4.7323181355983 0.351463343461462 1.082173
v 4.714694 0.0763112205173591 1.06435006810371
v 4.99466149820028 0.633336196124011 1.082173
v 5.143185 0.459764999999998 0.978589946829222
v 4.99703181157369 0.674537495764648 1.02389406059769
v 4.812694 0.16272610399091 0.901285912663016
v 5.04324088555628 0.482320014754289 1.03950462797845
v 5.14061423889687 0.528264604161376 1.01905618663189
v 4.73222382895829 0 1.082173
v 5.04014887458826 0.519445251599711 1.04648602763838
v 4.812694 0.15171541096381 0.939874175434638
v 5.1393812201187 0.535566127493311 0.975692659268254
v 4.714694 0.389246633560836 0.917308253669151
v 5.120175 0.388926 1.05763682543185
v 4.812694 0.183344061092257 1.082173
v 5.03574806620605 0.533245385119307 1.01798124900887
v 5.04319859628382 0.481603240012187 1.0699703362815
v 5.13463535948157 0.422343360982898 1.02374628660101
v 4.78747778386972 0.682 1.06730188237667
v 5.04347573167565 0.494698571990667 1.07018226222957
v 4.88881401007557 0.295 0.951227340049556
v 4.87535076771705 0.594 0.925418102317505
v 5.13217026433914 0.560749082217699 0.963648755169877
v 4.812694 0.295 1.03682221090762
v 5.0364580461602 0.531451727633256 1.04520031782563
v 5.03837398381647 0.526230233568219 1.01768014033235
v 5.0427957328415 0.474774975462365 0.904462616930883
v 5.05491402952248 0.446589776726178 0.882173
v 5.0254269457363 0.58197820236099 0.882173
v 4.7260196133377 0.31304185422107 1.082173
v 5.04960888102659 0.410495896015338 0.882173
v 5.00114714557674 0.305549088744935 0.90150807336061
v 5.12050855987412 0.389608253483259 0.906953997108637
v 4.8779495417367 0.594 0.907305822418166
v 4.80483481608818 0.361718100607342 0.882173
v 4.77508124488934 0.326454850885604 0.882173
v 4.812694 0.295 0.950253418167621
v 4.93218339953966 0.295795292181524 0.936214144935654
v 4.7329647485489 0.666544228166266 0.882173
v 4.73222382895829 0.666312430149624 1.082173
v 4.73090041246391 0.018356202788575 0.882173
v 4.714694 0.577757820227629 0.946056659818476
v 5.04245167691816 0.507058977250965 1.02565173492868
v 4.90418583698144 0.682 0.882173
v 4.85717151094433 0.682 0.882173
v 5.07249307348484 0.624450891070561 0.882173
v 5.14064156325139 0.446412125830731 1.03317184069518
v 5.04240582591413 0.507372542997079 1.04772717235326
v 4.71503346319285 0.0814027375050773 1.082173
v 4.812694 0 0.96476753923575
v 5.04034647356777 0.518654318129911 1.02441938322485
v 5.12114967740508 0.390919576285024 0.956028260285972
v 4.812694 0.0157593068082776 0.964533982667399
v 4.85692422286044 0.615130141516346 0.882173
v 5.01858068711897 0.596326532764639 1.082173
v 5.14399931440242 0.498930611307607 0.999071592396214
v 5.06800454321581 0.334103209868547 0.979433067572044
v 4.77506430942582 0.186029715714287 1.082173
v 5.03708824093203 0.660975214056441 1.063691108302
v 5.07965550669443 0.34316330015027 1.01129894735727
v 5.02641173007152 0.551274750217773 0.90776537979387
v 4.93249114351167 0.359451922024628 1.082173
v 5.05078265444738 0.654804585273586 0.935559168624895
v 4.91275086343553 0.667810195732922 0.882173
v 4.714694 0.609515919996397 1.01882617042092
v 4.812694 0.275521100089771 0.941562336715731
v 4.91139070826943 0.682 0.958050465820481
v 4.99905824692106 0.599223959210648 1.082173
v 5.02440573843436 0.641347265670264 0.882173
v 5.01381637168991 0.643819244143056 1.082173
v 5.0979390719136 0.617702884701264 1.0625855003405
v 4.812694 0.20833787474386 0.913783606497075
v 4.812694 0.242761549537849 0.937212604648867
v 4.97646872368057 0.678441475543351 0.900942927638859
v 5.03222545134298 0.541268972626954 1.00679452443158
v 5.04940780720965 0.548339921084511 1.082173
v 4.8145621626798 0.682 0.929692205508037
v 4.77317250690591 0.682 0.909751477965651
v 4.812694 0.489452028687579 0.934821447700065
v 4.714694 0.200725807017146 1.082173
v 5.14386947715064 0.471672996052479 1.06330881595673
v 4.714694 0.379332177261128 1.00454887793242
v 4.77542634972058 0.524326879077625 1.082173
v 4.79767548772266 0 0.90142958224127
v 4.714694 0.496166691442571 0.930000879338533
v 5.12739690136814 0.500809548951207 0.882173
v 5.12157455227591 0.503735887428258 1.082173
v 4.812694 0.124006734483114 1.04995203797924
v 4.90828816874735 0.682 0.999317662620149
v 4.714694 0.40854215290438 0.923641127993636
v 4.85210652130311 0.295 0.971547747122322
v 4.812694 0.574306992437679 0.897048198565774
v 4.84636670719761 0.682 1.03910136665623
v 4.86697907762183 0.682 1.02241596969428
v 5.04624471442406 0.426954930020797 0.882173
v 4.94691314922804 0.681030644409348 0.932314543299213
v 4.83345917534672 0.66088449381682 0.882173
v 4.80171291857349 0.364596005872248 1.082173
v 4.85080187098527 0.594 1.03905651370036
v 4.89948131714118 0.295 1.02423637035851
v 5.11318059241928 0.378787757655622 1.0707325613647
v 4.76772265394862 0.297922375705501 1.082173
v 4.78796545034392 0.0798322311525758 1.082173
v 5.10838995800268 0.37184383679622 0.900749087801584
v 4.714694 0.290361154735171 1.05176474037376
v 4.714694 0.177920742022193 1.05787128792196
v 4.91218453084577 0.295 0.967472163095393
v 4.82694888815971 0.383 0.910327891458288
v 4.89220327631943 0.295 0.882173
v 4.89220327631943 0.295 1.082173
v 4.7945737153251 0 0.998253751664593
v 4.91214908216032 0.682 0.899154919152177
v 4.9468918420167 0.318824781268459 0.882173
v 4.9562153580246 0.364385830394385 1.082173
v 4.99959554748461 0.402430666767883 0.907879473777741
v 4.92030023700844 0.682 1.03465326670027
v 4.94854915520331 0.66033814423471 0.882173
v 4.714694 0.608378773704662 0.984719804264914
v 4.812694 0.106736307612907 0.927760087205482
v 5.07382855806141 0.448604373444135 0.882173
v 4.73292615410177 0 0.927461726780215
v 4.96517934414956 0.363902183720058 0.882173
v 4.714694 0.0770649468863861 1.00812375443893
v 4.714694 0.124797767318437 1.00453905878139
v 4.85473630132865 0.594 0.935100801461449
v 4.86007329911163 0.682 0.99837350964205
v 4.78962003982629 0.393573897971373 1.082173
v 4.812694 0.295 0.904434522772631
v 4.714694 0.618947145142523 1.05057711354347
v 4.87919203260449 0.611615859872976 0.882173
v 4.714694 0.0339258454217665 1.01574090543447
v 4.93529512707836 0.295936783093549 0.960765783281952
v 4.80790095640171 0.660133497309927 1.082173
v 4.96619198600787 0.656048690406396 0.882173
v 4.95170275866418 0.660182090531264 1.082173
v 4.714694 0.328613772868932 0.899377030999422
v 4.714694 0.547914450835049 1.05694313370498
v 4.91207308039168 0.313895818478565 1.082173
v 5.09324675328757 0.623136247561033 1.00422627315031
v 4.812694 0.442664687000794 0.93440554448972
v 4.75519162166622 0.463292203190805 1.082173
v 4.74636071030299 0.403057345558868 1.082173
v 4.98781987557875 0.323718367692717 1.082173
v 5.02753586161217 0.549610902406925 1.04620686559352
v 4.93711256446147 0.358209496197933 0.882173
v 4.96015483313532 0.386778300493193 0.939881566072037
v 4.714694 0.214190136351841 1.02659321444481
v 4.714694 0.313215164523193 0.919978608532946
v 4.796003256025 0.682 0.999179893770968
v 4.92293780510581 0.682 0.937139877632645
v 4.90589329027577 0.682 1.02413023611698
v 5.1194379752134 0.434540060168898 0.882173
v 5.07029729617364 0.358889683031042 0.882173
v 5.06585811356998 0.355784471862579 1.082173
v 4.80657690352611 0.347231280153249 1.082173
v 4.714694 0.499821895959448 0.90138558935814
v 4.714694 0.55489736803372 0.900838299162765
v 4.714694 0.605251507821548 0.900942927638859
v 4.714694 0.0419854159066083 0.900092261973475
v 4.714694 0.214596300389858 0.902218394640911
v 4.714694 0.264797908379115 0.900158301851384
v 4.714694 0.380069791240277 0.900942927638859
v 4.714694 0.440963725722597 0.901384074758025
v 4.714694 0.0985926455136888 0.900942927638859
v 5.01062554231322 0.670585098365279 1.06461268649202
v 4.82562293396945 0.682 0.96165695978223
v 4.714694 0.330170534477145 1.03131045522037
v 4.714694 0.439720411138424 1.02552843459482
v 4.85674071627578 0.594 0.963545813621222
v 5.05655260187912 0.327580352959721 1.06317328186011
v 5.10813104095449 0.452975626316884 0.882173
v 4.88445593041639 0.383 0.999702907307026
v 4.73627941849839 0.111685707473594 1.082173
v 4.714694 0.0527250825256665 0.994189328856076
v 4.91663071779417 0.383 1.03045466434132
v 4.812694 0.255071016720439 1.01460770768203
v 4.812694 0.215034156582316 1.03144604049723
v 5.03111273489696 0.315347988433207 0.900573760933699
v 4.77063032824129 0.032591283663343 1.082173
v 5.10529625149094 0.367704437578897 1.06068419013176
v 5.10089371998108 0.614281617657614 0.936916638654687
v 4.812694 0.0563707273882946 0.98417029020099
v 4.812694 0.103103195241383 0.975381279329707
v 4.812694 0.274875169796811 0.962942424337266
v 4.86825306773607 0.295 0.938512762895095
v 5.06356219736114 0.578164715576965 0.882173
v 4.75528201057125 0.682 0.898723491626311
v 4.76379493835294 0.185000018579735 0.882173
v 4.76680938767981 0.2459842758698 0.882173
v 4.76783949623483 0.358351915343114 1.082173
v 4.80112006780505 0.105466266600172 0.882173
v 4.812694 0.404221571858988 0.882173
v 4.812694 0.404221571858988 1.082173
v 4.812694 0.404929755353017 0.925084476658864
v 4.812694 0.405767887556203 1.03927276059891
v 4.79628798991976 0.609807266443145 0.882173
v 4.8040858163695 0.61365177347659 1.082173
v 4.76290256271829 0.637681662567434 0.882173
v 4.76942889062695 0.639856672344515 1.082173
v 4.7650831739658 0.578261135338283 1.082173
v 4.812694 0.524829249097639 0.997831264024749
v 4.812694 0.184261381238577 1.00017468406053
v 4.812694 0.273854373651691 0.882173
v 4.812694 0.231563120955074 0.882173
v 4.79808639625407 0.193173206240874 0.882173
v 5.14460962835991 0.487554084841697 0.904256425782774
v 4.812694 0.0211190474397972 1.082173
v 5.12645117104171 0.525289001004306 0.882173
v 4.73318105546539 0.152764958932282 0.882173
v 4.79695891447914 0.580008500502153 0.882173
v 4.79810624407984 0.579178584257546 1.082173
v 4.76598005683407 0.608276635077661 0.882173
v 4.76548874343743 0.608320930651777 1.082173
v 4.76548874343743 0.552025501506459 0.882173
v 4.76548874343743 0.552025501506459 1.082173
v 5.02052132263909 0.420612752705326 1.03110785834033
v 5.143185 0.459764999999998 1.02358057464343
v 4.812694 0.108476735551438 1.00056135061639
v 4.714694 0.0908119978746254 0.96397044684605
v 4.714694 0.0722865609106562 0.962171714998491
v 4.714694 0.0682299357302118 0.994376537586775
v 4.812694 0.0454489969870821 0.935327891458288
v 4.714694 0.275073488429202 0.929957464773283
v 4.714694 0.409748531111682 1.03179978892185
v 4.714694 0.523480449386325 1.02713387775317
v 4.714694 0.270544452451193 0.966601509435544
v 4.714694 0.301048907244364 0.963643175176057
v 4.812694 0.495005720125509 0.993427545184912
v 4.812694 0.0800287626728648 1.03307772320975
v 4.812694 0.474488601576718 0.997280175820387
v 5.03035916563684 0.315045432780453 0.931022688447165
v 4.78656063951318 0.257100764021069 0.882173
v 4.812694 0.0537482029346346 1.06509659478692
v 4.714694 0.635765786889306 1.06750993308552
v 4.714694 0.353740783447473 0.99041293319886
v 4.714694 0.467309228696007 1.00399513486455
v 4.714694 0.241091264500151 0.935690665283405
v 4.714694 0.403839444872896 1.05745680602174
v 4.812694 0.441057536581701 1.02832600956284
v 4.812694 0.497471268012542 1.02758224761038
v 4.812694 0.148228344541361 1.03002238966291
v 4.812694 0.213586008798902 0.969419700920998
v 4.83358079751066 0.383 0.967004468656974
v 5.041281 0.515065000000001 1.01498916726039
v 5.04096625739253 0.516273859705077 0.954293517750414
v 5.08114935817185 0.63384874203075 1.06779465982235
v 4.812694 0.0142642826664717 0.9343216854104
v 5.05683966192917 0.626928638632919 1.082173
v 4.714694 0.287400154440296 0.900942927638859
v 4.86073007836825 0.594 0.988502309031092
v 4.73326409417787 0.495520831726434 0.882173
v 4.73190519079802 0.55351425854145 0.882173
v 4.73462872486586 0.607042906462632 0.882173
v 4.73411182476174 0.210745654529203 0.882173
v 4.73247177101007 0.271430972054222 0.882173
v 4.73194434519937 0.323132365806465 0.882173
v 4.7310099556991 0.0980824711236353 0.882173
v 5.144693 0.485999999999998 1.06154660017753
v 4.812694 0.259561733477809 1.04203715245598
v 4.812694 0.509575889763846 0.89775202576637
v 4.812694 0.53238711867749 0.908874715351609
v 4.812694 0.074375039722894 1.06258106326718
v 4.94584296711302 0.593056122116388 0.916548445426949
v 4.74831958074628 0.349343364915321 1.082173
v 4.74806539576168 0.30678011828546 1.082173
v 4.94927189891155 0.384949255845888 1.06346385344611
v 5.03819477591741 0.318191405299001 1.01215290369097
v 5.00985586607241 0.569436525072235 0.964091109234353
v 5.01614093912087 0.309495363765883 1.05445756872508
v 4.85864972435971 0.383 0.937343948865768
v 4.99816967055287 0.401645271994416 1.0618661213672
v 5.01103740619728 0.670465348329365 1.01789653026455
v 4.96231177868095 0.387335077031163 1.06396780400262
v 4.79736781061127 0.126024495052027 1.082173
v 4.77005259408024 0.658853008719943 1.082173
v 4.812694 0.594 0.905141790065944
v 4.812694 0.594 0.943007991494469
v 4.714694 0.570235621946921 1.06119978550329
v 4.714694 0.592207903955246 1.05843813248832
v 5.02475933325477 0.579141103594059 1.082173
v 4.85532998068982 0.295 1.0385831840201
v 4.82618451351188 0.295 1.06976565921354
v 4.82581366400263 0.295 1.03801083300937
v 4.79898852534869 0.0118479287431747 1.082173
v 4.812694 0.401956159656021 0.98629975000718
v 4.99978528196437 0.402535175414759 0.997386864102354
v 5.13800761165314 0.432779144097904 0.930684661725787
v 4.714694 0 1.06202154001268
v 4.7508079155806 0.433232427555214 1.082173
v 4.714694 0.317859896833585 1.06778806638625
v 5.03499132705234 0.444167252271083 0.984321016760871
v 5.12993819587071 0.40889535155408 1.02447665294371
v 5.1348015 0.422857500000001 0.965696272342801
v 5.00243283866378 0.574668053382178 0.899659573231707
v 4.795478717118 0.636468645224435 0.882173
v 4.97189761435882 0.389809487390337 0.967822767130687
v 5.09407117210629 0.545432846522942 0.882173
v 5.12948977741427 0.476699436819056 0.882173
v 4.714694 0.191985999285983 1.02100926836875
v 4.812694 0.184791664787876 1.02939328443909
v 4.714694 0.014503802410042 0.936354999980275
v 5.11400402565999 0.59671762502952 1.06336840552844
v 4.714694 0.277146325397987 0.913496505703454
v 4.714694 0.203729662463351 0.945663609716644
v 4.714694 0.20221861475418 0.9690690357289
v 4.714694 0.165723740661337 0.978273918474359
v 4.812694 0.217287971516053 0.987724797840228
v 4.76737390474304 0.225166736203177 1.082173
v 5.1000267810474 0.398308523054656 1.082173
v 4.97646872368057 0.665415430149624 0.882173
v 4.99041455647664 0.675806530195293 0.944598726958923
v 4.88771855869726 0.682 0.91084203381306
v 5.12712631088251 0.572427719829468 1.02040598203003
v 4.93662402263187 0.383589666907607 1.06199952079082
v 4.92176490426288 0.383 0.903563215531658
v 5.06806871065989 0.334139758698444 1.02372254116009
v 4.812694 0.27685561406878 0.923995261947111
v 5.12567392897897 0.400173346402348 1.01543688372257
v 5.04965339472228 0.655463664020907 0.996607892789001
v 4.79886463092001 0.0131298077501637 0.882173
v 5.04184408627744 0.468922480141756 0.982265924886278
v 5.0117320010337 0.384544803956813 0.882173
v 5.00334485963787 0.385803666866296 1.082173
v 4.83662239481273 0.334265876894283 1.082173
v 4.82600659737903 0.363186268639474 1.082173
v 4.82315915170795 0.647064389002769 1.082173
v 4.89385084491024 0.682 0.936799698531149
v 5.05136626712116 0.446661673453179 1.082173
v 5.0927448057231 0.438006171027494 1.082173
v 4.99297534644559 0.580214054307668 0.903070530254971
v 4.73387350503644 0.682 1.082173
v 5.00639082466891 0.651671713956128 0.882173
v 4.812694 0.440936451355002 0.998521428951418
v 5.05290535070968 0.536814778488144 0.882173
v 4.99928265394867 0.673883060001595 0.901322943654107
v 4.79717279904529 0 0.934615352152698
v 4.714694 0.454411143078049 1.06281443916004
v 4.76596039270778 0.170494483326412 0.882173
v 4.93224655759798 0.295798163991848 0.882173
v 4.93267115201353 0.295817470390095 0.91907679934575
v 4.9481089413142 0.592938281520864 1.06601009372446
v 5.06126323186891 0.511672798617637 0.882173
v 4.75083934694783 0.682 1.06178802725669
v 4.98357305035848 0.394193627072762 1.03018642708236
v 4.98479695439447 0.394671866111451 0.902245805310978
v 5.10744599641798 0.606694559259291 0.9023471951191
v 5.10746061854972 0.606677627896811 1.06382371420297
v 5.03259345644593 0.540614358278223 1.06314229471392
v 4.96217507085889 0.680260919425351 1.05631135496984
v 4.8661158894286 0.594 1.06333745735124
v 4.714694 0 0.900942927638859
v 4.812694 0.383 0.90037578505862
v 4.81281507630337 0.383 1.06349803222786
v 4.95861035898072 0.297622533307409 0.901857542227179
v 4.98269817764017 0.584986620050126 1.06577563832938
v 5.01099433011365 0.568363017401176 0.901352738152274
v 5.0180867281196 0.561675284289043 0.90367347579253
v 5.028804 0.432037 0.901498405788142
v 5.03020373024308 0.434781170595208 1.06164021725747
v 5.03569208533916 0.446030208053349 1.05865040062185
v 5.13159318428821 0.412929035214653 0.90270693566817
v 5.13048334558516 0.410010384627413 1.06476945624135
v 5.14326577142362 0.461170197810863 0.9037970206609
v 4.812694 0.425269990790671 0.901379740113115
v 4.812694 0.425175094962314 1.0644676111216
v 4.812694 0.0813461263139843 0.901348644501994
v 4.75553426088824 0 0.900514165670975
v 4.714694 0.59432943115393 0.900942927638859
v 4.812694 0.477841042864642 1.06372173732021
v 4.812694 0.533857434290098 1.06335661932252
v 4.86710975770759 0.383 0.901001256092311
v 4.812694 0.145308185663474 1.06256284406826
v 4.93483963237096 0.295916071652469 1.0001999217551
v 5.11304556543527 0.378592038965922 1.02246084910694
v 4.89049164983885 0.320229734991658 1.082173
v 4.94966 0.3850055 1.02810511824517
v 4.76701551679998 0 0.916389925555806
v 4.73156509249626 0.682 0.920639982019954
v 4.7909265630565 0.27728943689257 0.882173
v 4.76685950415157 0.269080571403725 0.882173
v 4.76530626483519 0.269288440022097 1.082173
v 4.96181156258415 0.387205955279722 1.02750940030613
v 4.99669266479017 0.578447542444963 0.94460725993194
v 4.714694 0.479874240436235 0.965345631610067
v 4.714694 0.538034002008612 0.963918304858322
v 4.84069259051636 0.682 0.902612196119972
v 4.982021134978 0.677166598246687 0.961108525460589
v 5.14412780535145 0.496535482268966 1.02983095524884
v 5.12039130957105 0.389368433187459 1.01729694867295
v 5.05472071827042 0.523042299576622 0.882173
v 4.714694 0.254929911832385 1.0385720195097
v 4.77831076442612 0.682 1.03500632486687
v 4.76715854191261 0.682 1.06741464971797
v 4.714694 0.380655744348552 1.04669151876717
v 5.07837011455928 0.608041641901504 1.082173
v 4.7895277026735 0.443845878180494 0.882173
v 4.812694 0.0956251881418985 1.082173
v 5.09617276343017 0.594410044286414 1.082173
v 4.714694 0.655450943164078 0.929202165492184
v 4.9608540669626 0.611868081236191 0.882173
v 4.714694 0.342019348596404 0.935107293827468
v 4.714694 0.355789217277879 0.967150857254962
v 5.10441150298188 0.366766875157795 0.96453813350143
v 4.76776660258816 0.0232567375381763 0.882173
v 4.73120640835674 0.112072321689426 0.882173
v 4.73222382895829 0 0.882173
v 4.73655126201203 0.170447224908997 1.082173
v 4.812694 0.231053255444836 0.976875688738272
v 4.812694 0.261625079934974 0.996273980492345
v 4.7806386023725 0.682 0.999965520882554
v 4.81039420742509 0.682 0.999538745911309
v 5.09677999599781 0.524011275262754 0.882173
v 5.06064307109619 0.481904956673041 1.082173
v 4.812694 0.12123276498798 0.916865113317832
v 4.82685783397173 0.314693821713714 1.082173
v 5.14300178323744 0.514126367974473 0.998935018027389
v 4.79867444561104 0.682 1.03272636446283
v 4.92102204077348 0.383 1.00500069994702
v 5.02029643060523 0.420384067872551 1.00370799095366
v 4.76905163675951 0.0690985669308906 0.882173
v 5.06200613759294 0.577661372385314 1.082173
v 4.714694 0.0881905186910484 1.01960489477787
v 4.76856194098562 0.432877793069868 0.882173
v 5.08624695406459 0.438621513198644 0.882173
v 4.714694 0.291364907295865 0.934160689965733
v 5.08840171653399 0.479140287128233 0.882173
f 1 1329 408
f 1 408 1395
f 1 1251 1705
f 1 1760 1251
f 1 1705 1329
f 1 1395 1760
f 2 1363 845
f 2 845 1642
f 2 1252 1363
f 2 1642 1252
f 3 430 728
f 3 1393 430
f 3 728 1325
f 3 1253 804
f 3 804 1393
f 3 1325 1253
f 4 1328 801
f 4 801 1394
f 4 1254 1182
f 4 1182 1328
f 4 1685 1254
f 4 1394 1685
f 5 574 1330
f 5 1674 574
f 5 1438 957
f 5 957 1674
f 5 1330 1061
f 5 1061 1438
f 6 958 1062
f 6 1638 958
f 6 1062 1561
f 6 1561 1638
f 7 1088 781
f 7 781 1482
f 7 910 1020
f 7 1733 910
f 7 1020 1217
f 7 1217 1088
f 7 1482 1181
f 7 1181 1557
f 7 1557 1733
f 8 949 662
f 8 662 1058
f 8 1072 949
f 8 1058 1257
f 8 1769 1072
f 8 1257 1082
f 8 1082 1636
f 8 1636 1089
f 8 1089 1769
f 9 782 1090
f 9 1706 782
f 9 1090 1216
f 9 1546 1100
f 9 1100 1706
f 9 1210 1345
f 9 1389 1210
f 9 1216 1389
f 9 1345 1546
f 10 933 1452
f 10 1481 933
f 10 1679 1091
f 10 1091 1707
f 10 1101 1547
f 10 1707 1101
f 10 1452 1679
f 10 1547 1481
f 11 1446 901
f 11 901 1564
f 11 955 1550
f 11 1564 955
f 11 1099 1081
f 11 1081 1203
f 11 1550 1099
f 11 1203 1237
f 11 1237 1630
f 11 1630 1446
f 12 1055 784
f 12 784 1087
f 12 843 1055
f 12 1152 843
f 12 1551 956
f 12 956 1565
f 12 1087 1215
f 12 1565 1152
f 12 1215 1551
f 13 331 1070
f 13 1192 331
f 13 1070 1463
f 13 1693 1192
f 13 1306 1282
f 13 1282 1693
f 13 1463 1306
f 14 552 222
f 14 222 1024
f 14 1188 552
f 14 1024 1492
f 14 1464 1188
f 14 1492 1464
f 15 21 1499
f 15 1669 21
f 15 1177 902
f 15 902 1669
f 15 1175 1177
f 15 1499 1175
f 16 1416 22
f 16 22 1668
f 16 903 1178
f 16 1668 903
f 16 1178 1176
f 16 1176 1416
f 17 23 264
f 17 1033 23
f 17 264 1077
f 17 268 1005
f 17 1077 268
f 17 934 899
f 17 899 1033
f 17 1005 934
f 18 24 1034
f 18 1695 24
f 18 1073 1022
f 18 1022 1695
f 18 1034 1205
f 18 1205 1073
f 19 1287 29
f 19 29 1471
f 19 455 1418
f 19 1471 455
f 19 463 1287
f 19 1466 463
f 19 1418 1398
f 19 1398 1466
f 20 30 628
f 20 1489 30
f 20 208 161
f 20 161 1489
f 20 1074 208
f 20 628 262
f 20 262 1074
f 21 614 27
f 21 27 1476
f 21 1669 614
f 21 1476 1499
f 22 1468 28
f 22 28 1620
f 22 1416 1468
f 22 1620 1668
f 23 31 264
f 23 1754 31
f 23 1033 1754
f 24 32 729
f 24 1695 32
f 24 729 1034
f 25 1274 37
f 25 37 1708
f 25 1192 1693
f 25 1708 1192
f 25 1467 1274
f 25 1693 1467
f 26 1271 38
f 26 38 1275
f 26 1024 222
f 26 222 1340
f 26 1313 1024
f 26 1340 1271
f 26 1275 1313
f 27 821 33
f 27 33 1476
f 27 614 821
f 28 736 34
f 28 34 1627
f 28 1468 736
f 28 1627 1620
f 29 1428 41
f 29 41 1664
f 29 1287 1065
f 29 1065 1428
f 29 1488 1471
f 29 1664 1488
f 30 162 42
f 30 42 617
f 30 1489 162
f 30 617 1703
f 30 1703 628
f 31 896 35
f 31 35 1037
f 31 272 264
f 31 1037 272
f 31 1754 896
f 32 36 897
f 32 1709 36
f 32 1695 274
f 32 274 1709
f 32 897 729
f 33 39 127
f 33 1699 39
f 33 127 1476
f 33 821 978
f 33 978 1699
f 34 180 40
f 34 40 795
f 34 736 180
f 34 795 1627
f 35 357 43
f 35 43 1684
f 35 896 357
f 35 1684 1037
f 36 44 1422
f 36 1709 44
f 36 1422 897
f 37 840 51
f 37 51 1386
f 37 1274 840
f 37 1386 1035
f 37 1035 1708
f 38 52 876
f 38 1023 52
f 38 876 1497
f 38 1036 1023
f 38 1271 1036
f 38 1497 1275
f 39 45 1676
f 39 1699 45
f 39 1676 127
f 40 46 1625
f 40 1677 46
f 40 180 1677
f 40 688 795
f 40 1625 688
f 41 57 1686
f 41 1689 57
f 41 333 1664
f 41 1686 333
f 41 1428 1689
f 42 1424 58
f 42 58 1519
f 42 162 1424
f 42 715 617
f 42 1519 715
f 43 1383 47
f 43 47 1648
f 43 357 1383
f 43 1648 1684
f 44 356 48
f 44 48 1634
f 44 1709 356
f 44 1409 1422
f 44 1634 1409
f 45 1469 49
f 45 49 1676
f 45 1699 1469
f 46 1052 50
f 46 50 1625
f 46 1677 1052
f 47 1383 53
f 47 53 1711
f 47 1710 1648
f 47 1711 1710
f 48 629 54
f 48 54 1634
f 48 356 629
f 49 1041 55
f 49 55 1096
f 49 497 1041
f 49 1469 497
f 49 1096 1676
f 50 56 948
f 50 1052 56
f 50 948 1149
f 50 1149 1625
f 51 674 79
f 51 79 1532
f 51 547 1386
f 51 1532 547
f 51 840 674
f 52 80 675
f 52 1311 80
f 52 675 876
f 52 1023 1623
f 52 1623 1311
f 53 1080 59
f 53 59 1415
f 53 1383 1080
f 53 1415 1711
f 54 60 172
f 54 751 60
f 54 172 1634
f 54 629 860
f 54 860 751
f 55 61 1449
f 55 1712 61
f 55 1041 1712
f 55 1385 1096
f 55 1449 1385
f 56 182 62
f 56 62 948
f 56 1107 182
f 56 1052 1107
f 57 171 81
f 57 81 1423
f 57 582 171
f 57 1689 582
f 57 1423 1686
f 58 484 82
f 58 82 1413
f 58 1424 484
f 58 1413 1249
f 58 1249 1519
f 59 1080 63
f 59 63 1415
f 60 64 1430
f 60 1702 64
f 60 1430 172
f 60 751 1702
f 61 65 1449
f 61 1712 65
f 62 182 66
f 62 66 1713
f 62 1713 948
f 63 67 888
f 63 1688 67
f 63 888 457
f 63 457 1415
f 63 1080 1298
f 63 1298 1688
f 64 68 1430
f 64 1702 68
f 65 522 69
f 65 69 1382
f 65 439 522
f 65 1712 439
f 65 1382 1449
f 66 70 523
f 66 1682 70
f 66 182 1682
f 66 523 1714
f 66 1714 1713
f 67 71 888
f 67 1744 71
f 67 1688 1744
f 68 72 1157
f 68 1300 72
f 68 1157 1430
f 68 1702 1300
f 69 522 73
f 69 73 668
f 69 668 1382
f 70 74 530
f 70 669 74
f 70 530 523
f 70 1682 669
f 71 75 667
f 71 1696 75
f 71 667 888
f 71 1744 1696
f 72 672 76
f 72 76 1157
f 72 1300 672
f 73 658 77
f 73 77 1193
f 73 522 1381
f 73 1381 658
f 73 1193 668
f 74 78 1371
f 74 1767 78
f 74 1371 530
f 74 669 1767
f 75 77 658
f 75 757 77
f 75 658 667
f 75 1696 757
f 76 78 1259
f 76 1374 78
f 76 672 1374
f 76 1259 1157
f 77 757 1193
f 78 1767 1259
f 78 1374 1371
f 79 83 920
f 79 1336 83
f 79 674 1336
f 79 920 863
f 79 863 1532
f 80 84 1337
f 80 1524 84
f 80 1337 675
f 80 1311 1524
f 81 366 85
f 81 85 1032
f 81 171 362
f 81 362 366
f 81 1032 1423
f 82 86 818
f 82 1602 86
f 82 484 1602
f 82 818 1413
f 83 87 1066
f 83 1507 87
f 83 1174 920
f 83 1066 1174
f 83 1336 1507
f 84 466 88
f 84 88 1508
f 84 608 466
f 84 1524 608
f 84 1508 1337
f 85 366 89
f 85 89 1400
f 85 1400 1032
f 86 90 1600
f 86 1602 90
f 86 521 818
f 86 1600 521
f 87 91 220
f 87 1102 91
f 87 220 1066
f 87 1507 1102
f 88 92 1103
f 88 1534 92
f 88 466 1534
f 88 1103 1508
f 89 93 921
f 89 1700 93
f 89 366 156
f 89 156 1700
f 89 921 1226
f 89 1226 1400
f 90 94 1425
f 90 1749 94
f 90 1425 1153
f 90 1153 1600
f 90 1602 1749
f 91 909 95
f 91 95 1458
f 91 1458 220
f 91 1102 909
f 92 1455 96
f 92 96 1663
f 92 1663 1103
f 92 1534 1455
f 93 97 1299
f 93 1700 97
f 93 683 921
f 93 1299 683
f 94 98 1656
f 94 1752 98
f 94 1701 1425
f 94 1656 1701
f 94 1749 1752
f 95 909 99
f 95 99 1387
f 95 1387 1458
f 96 100 1663
f 96 1716 100
f 96 1455 1368
f 96 1368 1716
f 97 101 1346
f 97 1352 101
f 97 735 1352
f 97 1700 735
f 97 1346 1299
f 98 102 737
f 98 1327 102
f 98 737 1656
f 98 1752 1327
f 99 1506 103
f 99 103 1715
f 99 909 905
f 99 905 1506
f 99 1715 1387
f 100 104 164
f 100 1716 104
f 100 164 1663
f 101 105 174
f 101 673 105
f 101 174 1346
f 101 1352 673
f 102 106 894
f 102 1191 106
f 102 167 737
f 102 894 167
f 102 1063 1191
f 102 1327 1063
f 103 1159 107
f 103 107 1717
f 103 358 1715
f 103 1717 358
f 103 1506 1159
f 104 203 108
f 104 108 1160
f 104 1142 164
f 104 1067 203
f 104 1716 1067
f 104 1160 1142
f 105 673 109
f 105 109 1562
f 105 1562 174
f 106 110 739
f 106 954 110
f 106 739 894
f 106 1191 954
f 107 1652 111
f 107 111 1717
f 107 1159 1652
f 108 112 831
f 108 1435 112
f 108 203 1333
f 108 831 1160
f 108 1333 1435
f 109 111 1440
f 109 1560 111
f 109 673 142
f 109 142 1560
f 109 1440 1562
f 110 112 691
f 110 1441 112
f 110 691 739
f 110 954 1441
f 111 1652 1440
f 111 1560 1717
f 112 1612 691
f 112 1441 831
f 112 1435 1612
f 113 1235 230
f 113 230 1501
f 113 830 1434
f 113 1501 830
f 113 849 1235
f 113 1434 849
f 114 120 125
f 114 1056 120
f 114 125 1173
f 114 1151 1056
f 114 1173 1151
f 115 177 402
f 115 1218 177
f 115 402 992
f 115 866 489
f 115 489 1218
f 115 992 866
f 116 183 436
f 116 1256 183
f 116 436 1457
f 116 919 1256
f 116 1457 919
f 117 527 528
f 117 531 527
f 117 528 530
f 117 530 1361
f 117 1042 531
f 117 1361 1042
f 118 241 935
f 118 1408 241
f 118 813 648
f 118 648 1228
f 118 935 813
f 118 1228 1484
f 118 1484 1408
f 119 314 310
f 119 310 750
f 119 655 314
f 119 607 655
f 119 750 607
f 120 1055 125
f 120 135 1055
f 120 1331 135
f 120 1056 1331
f 121 1525 881
f 121 881 1780
f 121 1269 1106
f 121 1106 1440
f 121 1159 1525
f 121 1652 1159
f 121 1780 1269
f 121 1440 1652
f 122 892 776
f 122 776 1095
f 122 914 892
f 122 1095 914
f 123 310 308
f 123 308 464
f 123 750 310
f 123 464 1292
f 123 607 750
f 123 1292 607
f 124 855 1078
f 124 1147 855
f 124 1078 1643
f 124 1079 1147
f 124 1495 1079
f 124 1643 1495
f 125 843 462
f 125 462 986
f 125 1055 843
f 125 986 1173
f 126 252 645
f 126 1181 252
f 126 448 1557
f 126 1558 448
f 126 645 1558
f 126 1557 1181
f 127 850 293
f 127 293 1476
f 127 889 850
f 127 1045 889
f 127 1676 1045
f 128 567 1170
f 128 1495 567
f 128 814 809
f 128 809 1169
f 128 1170 814
f 128 1169 1495
f 129 161 208
f 129 1205 161
f 129 208 1206
f 129 1206 325
f 129 325 1208
f 129 1208 1205
f 130 338 343
f 130 1252 338
f 130 343 958
f 130 958 710
f 130 710 1252
f 131 325 1212
f 131 1220 325
f 131 621 1215
f 131 1680 621
f 131 1212 962
f 131 962 1680
f 131 1215 1220
f 132 320 1216
f 132 1217 320
f 132 1213 321
f 132 321 1214
f 132 1216 1213
f 132 1214 1217
f 133 156 1535
f 133 1700 156
f 133 745 735
f 133 735 1700
f 133 998 745
f 133 1535 998
f 134 1013 158
f 134 158 1493
f 134 747 746
f 134 746 998
f 134 985 747
f 134 1493 985
f 134 998 1013
f 135 1331 766
f 135 766 1453
f 135 784 1055
f 135 1453 784
f 136 985 159
f 136 159 1153
f 136 744 985
f 136 1656 744
f 136 1153 1425
f 136 1425 1701
f 136 1701 1656
f 137 1237 296
f 137 296 1479
f 137 563 1237
f 137 1631 563
f 137 1479 1236
f 137 1236 1631
f 138 1240 453
f 138 453 1365
f 138 1239 768
f 138 768 1473
f 138 944 1239
f 138 1365 944
f 138 1768 1240
f 138 1473 1768
f 139 140 315
f 139 606 140
f 139 315 314
f 139 314 655
f 139 1021 606
f 139 655 1021
f 140 1340 315
f 140 606 1036
f 140 1036 1271
f 140 1271 1340
f 141 243 1032
f 141 1383 243
f 141 1032 1226
f 141 1080 1383
f 141 1540 1080
f 141 1226 1540
f 142 673 1339
f 142 680 738
f 142 1339 680
f 142 738 762
f 142 762 1560
f 143 764 680
f 143 680 1366
f 143 1366 686
f 143 686 1770
f 143 761 764
f 143 1410 761
f 143 1770 1410
f 144 682 1362
f 144 1742 682
f 144 687 894
f 144 1362 687
f 144 894 691
f 144 691 1612
f 144 1612 770
f 144 770 1742
f 145 1494 596
f 145 596 1548
f 145 1548 1100
f 145 1100 1718
f 145 1243 1494
f 145 1718 1243
f 146 263 479
f 146 1433 263
f 146 438 1433
f 146 1494 438
f 146 479 999
f 146 999 1097
f 146 1097 1494
f 147 1140 1155
f 147 1584 1140
f 147 1155 1141
f 147 1141 1593
f 147 1234 1584
f 147 1687 1234
f 147 1593 1687
f 148 1141 832
f 148 832 1719
f 148 1101 1549
f 148 1719 1101
f 148 1593 1141
f 148 1549 1344
f 148 1344 1593
f 149 959 150
f 149 150 1433
f 149 1615 959
f 149 1433 960
f 149 960 1614
f 149 1614 1615
f 150 151 263
f 150 1185 151
f 150 263 1433
f 150 959 1185
f 151 1185 153
f 151 153 1555
f 151 479 263
f 151 1582 479
f 151 1555 1582
f 152 986 462
f 152 462 1128
f 152 1555 986
f 152 1128 1594
f 152 1140 1582
f 152 1594 1140
f 152 1582 1555
f 153 891 1173
f 153 1185 891
f 153 1173 986
f 153 986 1555
f 154 1198 641
f 154 641 1631
f 154 975 891
f 154 891 1185
f 154 1185 959
f 154 959 1198
f 154 1631 975
f 155 354 355
f 155 1698 354
f 155 355 1640
f 155 514 515
f 155 857 514
f 155 515 1698
f 155 1640 857
f 156 1064 157
f 156 157 1535
f 156 366 1030
f 156 1030 1064
f 157 368 158
f 157 158 1013
f 157 367 368
f 157 1064 367
f 157 1013 998
f 157 998 1535
f 158 368 1343
f 158 1343 1493
f 159 369 370
f 159 1493 369
f 159 370 1153
f 159 985 1493
f 160 1096 1027
f 160 1027 1102
f 160 1045 1096
f 160 1336 1045
f 160 1102 1507
f 160 1507 1336
f 161 1034 306
f 161 306 1489
f 161 1205 1034
f 162 306 729
f 162 1489 306
f 162 729 897
f 162 897 1357
f 162 1357 1424
f 163 175 373
f 163 375 175
f 163 373 945
f 163 988 375
f 163 945 988
f 164 1046 1663
f 164 1683 1046
f 164 1142 1683
f 165 1028 758
f 165 758 1202
f 165 1160 831
f 165 831 1441
f 165 1441 1028
f 165 1202 1160
f 166 329 686
f 166 747 329
f 166 686 1366
f 166 746 747
f 166 1326 746
f 166 1366 1075
f 166 1075 1377
f 166 1377 1326
f 167 894 687
f 167 687 904
f 167 748 737
f 167 1667 748
f 167 904 1667
f 168 607 613
f 168 655 607
f 168 613 612
f 168 612 1230
f 168 1230 655
f 169 884 389
f 169 389 1590
f 169 1590 394
f 169 394 1738
f 169 872 884
f 169 1738 872
f 170 276 272
f 170 272 1037
f 170 927 276
f 170 631 927
f 170 1684 631
f 170 1037 1684
f 171 582 362
f 172 678 1241
f 172 1775 678
f 172 1241 1634
f 172 1430 1302
f 172 1302 1775
f 173 1028 954
f 173 954 1191
f 173 1157 1028
f 173 1191 1063
f 173 1063 1302
f 173 1302 1157
f 174 1562 1106
f 174 1106 1766
f 174 1651 1346
f 174 1766 1651
f 175 1138 373
f 175 375 374
f 175 374 1265
f 175 1265 1138
f 176 179 281
f 176 636 179
f 176 281 280
f 176 280 1270
f 176 1270 636
f 177 702 402
f 177 867 702
f 177 1218 867
f 178 279 278
f 178 278 1288
f 178 1270 279
f 178 632 640
f 178 1288 632
f 178 640 1270
f 179 274 281
f 179 1709 274
f 179 638 356
f 179 356 1709
f 179 636 638
f 180 736 294
f 180 294 841
f 180 841 675
f 180 675 1047
f 180 1047 1677
f 181 1052 1047
f 181 1047 1337
f 181 1107 1052
f 181 1103 1196
f 181 1508 1103
f 181 1196 1107
f 181 1337 1508
f 182 1046 625
f 182 625 1682
f 182 1107 1046
f 183 918 436
f 183 1026 696
f 183 696 1222
f 183 1222 918
f 183 1256 1026
f 184 1260 626
f 184 626 1613
f 184 1058 714
f 184 714 1246
f 184 1257 1058
f 184 1246 1260
f 184 1613 1257
f 185 586 1279
f 185 1659 586
f 185 588 1278
f 185 1280 588
f 185 1278 1659
f 185 1279 1660
f 185 1660 1280
f 186 188 187
f 186 187 408
f 186 409 188
f 186 408 409
f 187 188 1186
f 187 1395 408
f 187 968 1395
f 187 1758 968
f 187 1186 1758
f 188 409 189
f 188 189 1774
f 188 1774 1186
f 189 190 284
f 189 1611 190
f 189 284 1774
f 189 409 410
f 189 410 1611
f 190 572 284
f 190 1136 572
f 190 1353 1136
f 190 1759 1353
f 190 1611 1759
f 191 893 265
f 191 265 1432
f 191 539 1049
f 191 1350 539
f 191 1431 893
f 191 1049 1431
f 191 1432 1350
f 192 1335 194
f 192 194 1542
f 192 633 1136
f 192 1692 633
f 192 1136 1563
f 192 1563 1335
f 192 1542 1692
f 193 579 780
f 193 1559 579
f 193 780 633
f 193 633 1692
f 193 1542 1108
f 193 1108 1559
f 193 1692 1542
f 194 1301 1108
f 194 1108 1542
f 194 1109 1301
f 194 1608 1109
f 194 1335 1608
f 195 448 1558
f 195 1586 448
f 195 580 1108
f 195 1558 580
f 195 1108 1301
f 195 1301 1543
f 195 1543 1586
f 196 1109 1314
f 196 1543 1109
f 196 1609 1110
f 196 1110 1734
f 196 1314 1609
f 196 1734 1543
f 197 639 1298
f 197 1651 639
f 197 683 1299
f 197 1540 683
f 197 1298 1540
f 197 1299 1651
f 198 312 1306
f 198 1308 312
f 198 321 1304
f 198 1307 321
f 198 1304 1308
f 198 1306 1307
f 199 910 1110
f 199 1390 910
f 199 1110 1315
f 199 1111 1390
f 199 1610 1111
f 199 1315 1610
f 200 931 229
f 200 229 1111
f 200 258 1112
f 200 1316 258
f 200 1112 931
f 200 1111 1316
f 201 223 1143
f 201 1197 223
f 201 647 1112
f 201 1777 647
f 201 1112 1317
f 201 1143 1777
f 201 1317 1197
f 202 214 1345
f 202 1750 214
f 202 1345 647
f 202 647 1777
f 202 1777 1750
f 203 907 549
f 203 549 1333
f 203 1067 907
f 204 205 1303
f 204 1605 205
f 204 928 882
f 204 882 1143
f 204 1303 928
f 204 1143 1318
f 204 1318 1605
f 205 209 1221
f 205 1319 209
f 205 1221 1303
f 205 1605 1319
f 206 207 260
f 206 1303 207
f 206 260 215
f 206 215 1750
f 206 882 928
f 206 1750 882
f 206 928 1303
f 207 259 261
f 207 1221 259
f 207 261 260
f 207 1303 1221
f 208 1074 1206
f 209 1319 426
f 209 426 1606
f 209 1113 1568
f 209 1606 1113
f 209 1568 1221
f 210 1285 712
f 210 712 1726
f 210 1129 1285
f 210 1726 1129
f 211 849 604
f 211 604 1662
f 211 785 1131
f 211 1662 785
f 211 1134 849
f 211 1131 1134
f 212 955 451
f 212 451 1113
f 212 1566 955
f 212 1113 1320
f 212 1320 1607
f 212 1607 1566
f 213 1321 430
f 213 430 1393
f 213 804 805
f 213 1393 804
f 213 805 1048
f 213 1048 1552
f 213 1114 1321
f 213 1552 1114
f 214 215 1243
f 214 1750 215
f 214 1100 1546
f 214 1718 1100
f 214 1243 1718
f 214 1546 1345
f 215 260 960
f 215 960 793
f 215 793 1243
f 216 318 217
f 216 217 1017
f 216 1077 264
f 216 264 1617
f 216 951 268
f 216 268 1077
f 216 1617 318
f 216 1017 951
f 217 283 218
f 217 218 1016
f 217 318 283
f 217 1016 1017
f 218 283 285
f 218 285 924
f 218 924 1018
f 218 1018 1016
f 219 286 282
f 219 282 1022
f 219 924 286
f 219 1015 924
f 219 1190 1015
f 219 1022 1190
f 220 224 231
f 220 1458 224
f 220 231 1066
f 221 861 792
f 221 792 1133
f 221 797 800
f 221 1133 797
f 221 800 861
f 222 552 304
f 222 304 1340
f 223 422 423
f 223 1197 422
f 223 423 1143
f 224 225 231
f 224 472 225
f 224 1387 472
f 224 1458 1387
f 225 232 231
f 225 1757 232
f 225 472 1406
f 225 1406 1757
f 226 227 234
f 226 474 227
f 226 234 233
f 226 233 1757
f 226 473 474
f 226 1757 473
f 227 228 939
f 227 1728 228
f 227 939 234
f 227 474 1728
f 228 475 1368
f 228 1728 475
f 228 600 939
f 228 1534 600
f 228 1368 1534
f 229 1389 803
f 229 803 1390
f 229 931 1210
f 229 1390 1111
f 229 1210 1389
f 230 330 1501
f 230 1745 330
f 230 1235 1745
f 231 232 878
f 231 878 1174
f 231 1174 1066
f 232 233 880
f 232 1757 233
f 232 880 878
f 233 234 512
f 233 512 1411
f 233 1411 880
f 234 1414 512
f 234 939 1414
f 235 1399 599
f 235 599 1666
f 235 648 813
f 235 1398 648
f 235 813 1399
f 235 1666 1398
f 236 344 1330
f 236 1601 344
f 236 1576 1000
f 236 1000 1601
f 236 1039 1115
f 236 1330 1039
f 236 1115 1576
f 237 1351 346
f 237 346 1407
f 237 1000 476
f 237 476 1536
f 237 1407 1000
f 237 1156 1351
f 237 1536 1156
f 238 1583 693
f 238 693 1616
f 238 767 940
f 238 1031 767
f 238 940 1583
f 238 1587 1031
f 238 1616 1587
f 239 941 1115
f 239 1473 941
f 239 1115 1720
f 239 1244 1473
f 239 1720 1244
f 240 835 791
f 240 791 1132
f 240 858 835
f 240 859 858
f 240 1085 859
f 240 1132 1085
f 241 1081 275
f 241 275 1451
f 241 1451 935
f 241 1408 1081
f 242 916 799
f 242 799 1572
f 242 1137 916
f 242 944 1137
f 242 1239 944
f 242 1537 1239
f 242 1572 1537
f 243 357 380
f 243 1383 357
f 243 380 1423
f 243 1423 1032
f 244 254 1409
f 244 1424 254
f 244 484 1424
f 244 1602 484
f 244 1241 678
f 244 678 1602
f 244 1409 1241
f 245 1166 246
f 245 246 1365
f 245 255 1166
f 245 1360 255
f 245 453 1360
f 245 1365 453
f 246 251 247
f 246 247 944
f 246 249 251
f 246 1166 249
f 246 944 1365
f 247 248 916
f 247 1556 248
f 247 251 1556
f 247 916 1137
f 247 1137 944
f 248 1595 916
f 248 1556 987
f 248 987 1654
f 248 1129 1595
f 248 1654 1129
f 249 670 250
f 249 250 1596
f 249 1596 251
f 249 1166 670
f 250 253 753
f 250 1427 253
f 250 670 256
f 250 256 1427
f 250 753 1762
f 250 1762 1596
f 251 1086 987
f 251 987 1556
f 251 1661 1086
f 251 1596 1661
f 252 1420 253
f 252 253 1427
f 252 256 645
f 252 1427 256
f 252 1181 1671
f 252 1671 1420
f 253 1538 753
f 253 1420 1538
f 254 1357 897
f 254 897 1422
f 254 1424 1357
f 254 1422 1409
f 255 579 1154
f 255 1360 579
f 255 1154 580
f 255 580 1426
f 255 1426 1166
f 256 1426 645
f 256 670 1426
f 257 613 607
f 257 607 1292
f 257 611 613
f 257 1292 611
f 258 420 421
f 258 1316 420
f 258 421 1317
f 258 1317 1112
f 259 901 261
f 259 451 901
f 259 1568 451
f 259 1221 1568
f 260 261 1614
f 260 1614 960
f 261 901 270
f 261 270 1615
f 261 1615 1614
f 262 628 730
f 262 730 1054
f 262 1054 771
f 262 771 1074
f 264 272 1617
f 265 943 805
f 265 805 1432
f 265 893 943
f 266 1238 480
f 266 480 1436
f 266 1436 615
f 266 615 1748
f 266 1578 1238
f 266 1748 1578
f 267 693 493
f 267 493 1442
f 267 1616 693
f 267 708 1616
f 267 1751 708
f 267 1442 709
f 267 709 1751
f 268 951 1005
f 269 1448 273
f 269 273 1505
f 269 297 1007
f 269 1443 297
f 269 1007 1480
f 269 1505 1443
f 269 1480 1448
f 270 641 1198
f 270 1446 641
f 270 901 1446
f 270 1198 1615
f 271 542 1051
f 271 1447 542
f 271 1098 627
f 271 627 1447
f 271 1051 1771
f 271 1771 1098
f 272 276 318
f 272 318 1617
f 273 544 1195
f 273 1448 544
f 273 1195 1054
f 273 1054 1505
f 274 282 281
f 274 1695 282
f 275 1099 802
f 275 802 1451
f 275 1081 1099
f 276 277 318
f 276 927 277
f 277 278 283
f 277 927 278
f 277 283 318
f 278 279 283
f 278 927 1288
f 279 280 285
f 279 1270 280
f 279 285 283
f 280 281 286
f 280 286 285
f 281 282 286
f 282 1695 1022
f 284 572 570
f 284 570 1774
f 285 286 924
f 287 293 1274
f 287 1476 293
f 287 1467 590
f 287 590 1499
f 287 1274 1467
f 287 1499 1476
f 288 1275 294
f 288 294 1468
f 288 326 1313
f 288 1416 326
f 288 1313 1275
f 288 1468 1416
f 289 660 290
f 289 290 664
f 289 663 654
f 289 654 760
f 289 659 660
f 289 760 659
f 289 1599 663
f 289 664 1599
f 290 454 653
f 290 660 454
f 290 653 665
f 290 665 664
f 291 653 454
f 291 454 1042
f 291 665 653
f 291 1598 665
f 291 1042 1397
f 291 1397 1598
f 292 1361 449
f 292 449 1402
f 292 666 1397
f 292 1402 666
f 292 1042 1361
f 292 1397 1042
f 293 850 840
f 293 840 1274
f 294 736 1468
f 294 1275 841
f 295 945 469
f 295 469 1477
f 295 1223 873
f 295 873 1478
f 295 1478 945
f 295 1776 1223
f 295 1477 1776
f 296 1203 974
f 296 974 1479
f 296 1237 1203
f 297 434 1007
f 297 1150 434
f 297 619 1421
f 297 1443 619
f 297 1421 1150
f 298 1204 319
f 298 319 1496
f 298 789 933
f 298 1496 789
f 298 933 1481
f 298 1481 1204
f 299 391 561
f 299 1059 391
f 299 561 560
f 299 560 1076
f 299 1445 1059
f 299 1076 1445
f 300 1070 1194
f 300 1258 1070
f 300 1194 1539
f 300 1283 1258
f 300 1539 1283
f 301 1445 657
f 301 657 1539
f 301 1171 1001
f 301 1001 1445
f 301 1375 1171
f 301 1539 1375
f 302 716 1083
f 302 1454 716
f 302 1059 1001
f 302 1001 1161
f 302 1093 1059
f 302 1083 1635
f 302 1635 1093
f 302 1161 1454
f 303 446 1551
f 303 1553 446
f 303 1551 621
f 303 621 1680
f 303 1487 961
f 303 961 1553
f 303 1680 1487
f 304 307 315
f 304 1454 307
f 304 315 1340
f 304 552 679
f 304 679 1454
f 305 333 581
f 305 1488 333
f 305 581 1754
f 305 1033 1293
f 305 1754 1033
f 305 1293 1180
f 305 1180 1471
f 305 1471 1488
f 306 1034 729
f 307 314 315
f 307 1727 314
f 307 1454 316
f 307 316 1727
f 308 309 464
f 308 1392 309
f 308 310 1486
f 308 1486 1392
f 309 1163 464
f 309 1708 1163
f 309 1694 1192
f 309 1192 1708
f 309 1392 1694
f 310 314 1727
f 310 883 1486
f 310 1727 883
f 311 1095 535
f 311 535 1233
f 311 993 914
f 311 914 1095
f 311 1233 993
f 312 590 1297
f 312 1499 590
f 312 1308 1175
f 312 1175 1499
f 312 1297 1282
f 312 1282 1306
f 313 1313 326
f 313 326 1416
f 313 1176 684
f 313 684 1729
f 313 1416 1176
f 313 1492 1313
f 313 1729 1492
f 316 1461 883
f 316 883 1727
f 316 1161 1171
f 316 1454 1161
f 316 1171 1461
f 317 790 1169
f 317 1437 790
f 317 809 810
f 317 1169 809
f 317 810 1437
f 319 1204 567
f 319 567 1643
f 319 1643 1496
f 320 1020 803
f 320 803 1389
f 320 1217 1020
f 320 1389 1216
f 321 1213 1304
f 321 1307 1214
f 322 699 919
f 322 1130 699
f 322 701 749
f 322 1139 701
f 322 749 1130
f 322 919 1139
f 323 856 384
f 323 384 1124
f 323 395 875
f 323 1124 395
f 323 1147 856
f 323 875 1691
f 323 1691 1147
f 324 405 406
f 324 1164 405
f 324 406 996
f 324 996 1164
f 325 1206 1212
f 325 1220 1208
f 327 328 1075
f 327 1339 328
f 327 680 1339
f 327 1366 680
f 327 1075 1366
f 328 942 745
f 328 745 1326
f 328 1339 942
f 328 1377 1075
f 328 1326 1377
f 329 687 686
f 329 904 687
f 329 747 1667
f 329 1667 904
f 330 1104 829
f 330 829 1501
f 330 1225 1104
f 330 1745 1225
f 331 332 1194
f 331 1392 332
f 331 1194 1070
f 331 1192 1694
f 331 1694 1392
f 332 1375 1194
f 332 1461 1375
f 332 1392 1486
f 332 1486 1461
f 333 380 896
f 333 1686 380
f 333 896 581
f 333 1488 1664
f 334 1232 335
f 334 335 1475
f 334 1731 1232
f 334 1475 1251
f 334 1251 1721
f 334 1721 1731
f 335 1250 970
f 335 970 1475
f 335 1232 1231
f 335 1231 1250
f 336 337 967
f 336 1276 337
f 336 967 1250
f 336 1250 1231
f 336 1231 1276
f 337 342 649
f 337 1276 342
f 337 649 1341
f 337 1341 967
f 338 342 343
f 338 649 342
f 338 1341 649
f 338 1252 1341
f 339 1438 344
f 339 344 1690
f 339 671 1438
f 339 1731 671
f 339 1690 1232
f 339 1232 1731
f 340 1167 341
f 340 341 1231
f 340 345 1167
f 340 1690 345
f 340 1231 1232
f 340 1232 1690
f 341 1167 346
f 341 346 1465
f 341 1276 1231
f 341 1465 1276
f 342 347 343
f 342 1465 347
f 342 1276 1465
f 343 347 348
f 343 348 1062
f 343 1062 958
f 344 1601 345
f 344 345 1690
f 344 1061 1330
f 344 1438 1061
f 345 1000 1407
f 345 1601 1000
f 345 1404 1167
f 345 1407 1404
f 346 1351 347
f 346 347 1465
f 346 1167 1404
f 346 1404 1407
f 347 1031 348
f 347 755 1031
f 347 1351 755
f 348 1031 694
f 348 694 1062
f 349 585 587
f 349 723 585
f 349 587 1162
f 349 721 722
f 349 930 721
f 349 722 723
f 349 1162 930
f 350 689 351
f 350 351 1469
f 350 977 689
f 350 978 977
f 350 1699 978
f 350 1469 1699
f 351 352 499
f 351 689 352
f 351 498 497
f 351 497 1469
f 351 499 498
f 352 353 499
f 352 689 353
f 353 500 499
f 353 1640 500
f 353 689 690
f 353 690 1640
f 354 502 355
f 354 1625 502
f 354 688 1625
f 354 1698 688
f 355 502 501
f 355 501 1640
f 356 646 629
f 356 638 646
f 357 896 380
f 358 550 1641
f 358 1717 550
f 358 1641 980
f 358 980 1715
f 359 862 360
f 359 360 1647
f 359 551 862
f 359 946 551
f 359 1641 946
f 359 981 1641
f 359 1647 981
f 360 548 906
f 360 1358 548
f 360 862 1358
f 360 906 983
f 360 983 982
f 360 982 1647
f 361 905 909
f 361 1778 905
f 361 909 1027
f 361 1027 1385
f 361 1449 1382
f 361 1382 1474
f 361 1385 1449
f 361 1474 1778
f 362 1030 366
f 362 367 1030
f 362 1417 367
f 362 582 1199
f 362 1199 1417
f 363 364 370
f 363 583 364
f 363 370 369
f 363 369 1673
f 363 585 583
f 363 1673 585
f 364 521 370
f 364 818 521
f 364 583 1249
f 364 1413 818
f 364 1249 1413
f 365 993 1233
f 365 1526 993
f 365 1014 1526
f 365 1772 1014
f 365 1233 1044
f 365 1044 1529
f 365 1529 1772
f 367 936 368
f 367 1417 936
f 367 1064 1030
f 368 369 1343
f 368 1673 369
f 368 936 937
f 368 937 1673
f 369 1493 1343
f 370 521 1153
f 371 742 820
f 371 1655 742
f 371 820 1116
f 371 1329 969
f 371 969 1655
f 371 1116 1513
f 371 1513 1329
f 372 1117 681
f 372 681 1138
f 372 1116 1117
f 372 1261 1116
f 372 1138 1518
f 372 1518 1261
f 373 681 1117
f 373 1138 681
f 373 1573 945
f 373 1117 1573
f 374 375 1118
f 374 1118 1060
f 374 1060 1265
f 375 586 1118
f 375 1279 586
f 375 988 1279
f 376 377 1119
f 376 1658 377
f 376 1284 1092
f 376 1092 1658
f 376 1119 1514
f 376 1514 1284
f 377 559 1322
f 377 1658 559
f 377 1591 1119
f 377 1322 1591
f 378 1002 1577
f 378 1591 1002
f 378 1262 1119
f 378 1119 1591
f 378 1515 1262
f 378 1657 1515
f 378 1577 1657
f 379 989 829
f 379 829 1104
f 379 1104 833
f 379 833 1120
f 379 1322 989
f 379 1002 1322
f 379 1580 1002
f 379 1120 1580
f 380 1686 1423
f 381 1490 772
f 381 772 1502
f 381 1040 886
f 381 886 1755
f 381 1502 1040
f 381 1263 1490
f 381 1755 1263
f 382 1121 383
f 382 383 1589
f 382 1120 1121
f 382 1581 1120
f 382 1281 1581
f 382 1589 1281
f 383 1019 615
f 383 615 1589
f 383 1521 1019
f 383 1121 1521
f 384 856 842
f 384 842 1124
f 385 740 1003
f 385 1755 740
f 385 1003 1009
f 385 1009 1367
f 385 1516 1263
f 385 1263 1755
f 385 1367 1516
f 386 480 864
f 386 1436 480
f 386 864 1003
f 386 1003 1756
f 386 1589 1436
f 386 1756 1589
f 387 388 1012
f 387 1444 388
f 387 422 1264
f 387 1517 422
f 387 1012 1144
f 387 1144 1517
f 387 1264 1444
f 388 884 872
f 388 872 1012
f 388 1224 884
f 388 1209 1127
f 388 1127 1224
f 388 1444 1209
f 389 884 1168
f 389 1168 1238
f 389 1238 1522
f 389 1522 1323
f 389 1323 1590
f 390 1592 743
f 390 743 1691
f 390 1145 1522
f 390 1691 1145
f 390 1522 1578
f 390 1578 1592
f 391 562 561
f 391 1093 562
f 391 1059 1093
f 392 1012 393
f 392 393 1439
f 392 424 1266
f 392 1510 424
f 392 1144 1012
f 392 1439 1122
f 392 1122 1510
f 392 1266 1144
f 393 865 1010
f 393 1738 865
f 393 1012 872
f 393 872 1738
f 393 1010 1439
f 394 990 470
f 394 470 1123
f 394 1123 865
f 394 865 1738
f 394 1590 990
f 395 1145 875
f 395 1124 990
f 395 990 1323
f 395 1323 1145
f 396 1010 397
f 396 397 1125
f 396 426 1267
f 396 1511 426
f 396 1122 1010
f 396 1267 1122
f 396 1125 1511
f 397 1010 865
f 397 865 1739
f 397 1126 1125
f 397 1739 1126
f 398 489 1211
f 398 1218 489
f 398 865 1123
f 398 1739 865
f 398 1123 991
f 398 991 1218
f 398 1211 1739
f 399 620 867
f 399 1491 620
f 399 1124 842
f 399 842 1491
f 399 867 991
f 399 991 1579
f 399 1579 1124
f 400 644 401
f 400 401 1011
f 400 1125 644
f 400 1011 685
f 400 685 1512
f 400 1268 1125
f 400 1722 1268
f 400 1512 1722
f 401 488 992
f 401 1396 488
f 401 644 1396
f 401 992 869
f 401 869 1011
f 402 702 885
f 402 885 1419
f 402 1472 992
f 402 1419 1008
f 402 1008 1472
f 403 861 800
f 403 800 1588
f 403 1633 861
f 403 1588 1483
f 403 1483 1633
f 404 869 405
f 404 405 1164
f 404 598 787
f 404 1164 598
f 404 787 1753
f 404 1011 869
f 404 1753 1011
f 405 1008 406
f 405 869 1008
f 406 870 407
f 406 407 1165
f 406 601 996
f 406 1165 601
f 406 1008 870
f 407 870 1483
f 407 895 1328
f 407 1588 895
f 407 1182 1165
f 407 1328 1182
f 407 1483 1588
f 408 1513 409
f 408 1329 1513
f 409 1261 410
f 409 1513 1261
f 410 1518 411
f 410 411 1611
f 410 1261 1518
f 411 1265 412
f 411 412 1353
f 411 1518 1265
f 411 1353 1759
f 411 1759 1611
f 412 1060 413
f 412 413 1563
f 412 1265 1060
f 412 1563 1353
f 413 1284 414
f 413 414 1335
f 413 1060 1284
f 413 1335 1563
f 414 1514 415
f 414 415 1608
f 414 1284 1514
f 414 1608 1335
f 415 1262 416
f 415 416 1314
f 415 1514 1262
f 415 1314 1608
f 416 1515 417
f 416 417 1609
f 416 1262 1515
f 416 1609 1314
f 417 418 1315
f 417 1603 418
f 417 1315 1609
f 417 1515 1603
f 418 1490 419
f 418 419 1610
f 418 772 1490
f 418 1603 772
f 418 1610 1315
f 419 1263 420
f 419 420 1316
f 419 1490 1263
f 419 1316 1610
f 420 1516 421
f 420 1263 1516
f 421 1264 422
f 421 422 1317
f 421 1516 1264
f 422 1517 423
f 422 1197 1317
f 423 1266 424
f 423 424 1318
f 423 1318 1143
f 423 1517 1266
f 424 1510 425
f 424 425 1605
f 424 1605 1318
f 425 1267 426
f 425 426 1319
f 425 1510 1267
f 425 1319 1605
f 426 1511 427
f 426 427 1606
f 427 1268 428
f 427 428 1320
f 427 1511 1268
f 427 1320 1606
f 428 1512 429
f 428 429 1607
f 428 1268 1722
f 428 1607 1320
f 428 1722 1512
f 429 685 430
f 429 430 1321
f 429 1512 685
f 429 1321 1607
f 430 685 728
f 431 517 614
f 431 1500 517
f 431 622 518
f 431 518 1500
f 431 614 616
f 431 616 656
f 431 656 622
f 432 433 519
f 432 1772 433
f 432 519 622
f 432 622 536
f 432 536 1772
f 433 520 519
f 433 1338 520
f 433 1772 1338
f 434 763 540
f 434 540 1007
f 434 1681 763
f 434 1150 1681
f 435 1086 589
f 435 589 1530
f 435 626 1531
f 435 1613 626
f 435 1531 1086
f 435 1530 1613
f 436 697 1289
f 436 1533 697
f 436 918 1533
f 436 1289 1457
f 437 471 940
f 437 1572 471
f 437 476 941
f 437 1536 476
f 437 940 1536
f 437 941 1537
f 437 1537 1572
f 438 793 960
f 438 1243 793
f 438 960 1433
f 438 1494 1243
f 439 509 440
f 439 440 525
f 439 503 509
f 439 1712 503
f 439 525 522
f 440 509 441
f 440 441 525
f 441 504 505
f 441 509 504
f 441 505 1645
f 441 900 525
f 441 526 900
f 441 1645 526
f 442 506 443
f 442 443 527
f 442 505 938
f 442 1645 505
f 442 938 506
f 442 1172 526
f 442 526 1645
f 442 527 1172
f 443 506 444
f 443 444 528
f 443 528 527
f 444 506 507
f 444 507 1713
f 444 1714 528
f 444 1713 1714
f 445 1550 955
f 445 955 1566
f 445 1552 1048
f 445 1048 1649
f 445 1099 1550
f 445 1649 1099
f 445 1114 1552
f 445 1566 1114
f 446 956 1551
f 446 1567 956
f 446 1553 1133
f 446 1133 1567
f 447 1249 583
f 447 583 1626
f 447 1359 715
f 447 715 1519
f 447 1519 1249
f 447 1626 1359
f 448 1586 1557
f 449 1361 530
f 449 530 1371
f 449 1374 672
f 449 672 1402
f 449 1371 1374
f 450 531 454
f 450 454 660
f 450 1342 524
f 450 524 1675
f 450 1675 531
f 450 660 659
f 450 659 1342
f 451 1564 901
f 451 955 1564
f 451 1568 1113
f 452 811 1152
f 452 1569 811
f 452 956 1554
f 452 1565 956
f 452 1554 1132
f 452 1132 1569
f 452 1152 1565
f 453 1240 1360
f 454 531 1042
f 455 1228 648
f 455 648 1418
f 455 899 1228
f 455 1293 899
f 455 1180 1293
f 455 1471 1180
f 456 460 1370
f 456 1379 460
f 456 666 1364
f 456 1405 666
f 456 1364 1379
f 456 1370 1380
f 456 1380 1405
f 457 634 759
f 457 1069 634
f 457 759 917
f 457 888 1069
f 457 917 1415
f 458 459 634
f 458 1273 459
f 458 634 1599
f 458 664 665
f 458 1599 664
f 458 665 1273
f 459 759 634
f 459 756 754
f 459 754 759
f 459 1429 756
f 459 1273 1429
f 460 912 1429
f 460 1498 912
f 460 1429 1370
f 460 1379 1702
f 460 1702 1498
f 461 1128 1245
f 461 1594 1128
f 461 1155 1140
f 461 1140 1594
f 461 1141 1155
f 461 1723 1141
f 461 1245 1723
f 462 843 1724
f 462 1724 1128
f 463 1466 543
f 463 543 1504
f 463 1450 1287
f 463 1504 1450
f 464 1163 603
f 464 603 1292
f 465 467 613
f 465 874 467
f 465 613 611
f 465 611 868
f 465 868 874
f 466 608 600
f 466 600 1534
f 467 874 510
f 467 510 1621
f 467 612 613
f 467 1621 612
f 468 1286 511
f 468 511 1311
f 468 734 612
f 468 612 1621
f 468 1623 734
f 468 1621 1286
f 468 1311 1623
f 469 945 1573
f 469 1574 997
f 469 997 1575
f 469 1575 1477
f 469 1573 1574
f 470 990 1124
f 470 991 1123
f 470 1579 991
f 470 1124 1579
f 471 947 493
f 471 493 1583
f 471 1583 940
f 471 1572 947
f 472 980 981
f 472 1387 980
f 472 981 1406
f 473 982 474
f 473 1406 982
f 473 1757 1406
f 474 982 983
f 474 983 1672
f 474 1672 1743
f 474 1743 1728
f 475 984 1368
f 475 1646 984
f 475 1672 1646
f 475 1743 1672
f 475 1728 1743
f 476 1115 941
f 476 1000 1576
f 476 1576 1115
f 477 1070 1258
f 477 1463 1070
f 477 1088 1214
f 477 1258 1088
f 477 1214 1307
f 477 1307 1463
f 478 1577 1002
f 478 1002 1580
f 478 1581 1040
f 478 1040 1779
f 478 1580 1120
f 478 1120 1581
f 478 1779 1577
f 479 1584 999
f 479 1582 1584
f 480 1224 864
f 480 1168 1224
f 480 1238 1168
f 481 1309 533
f 481 533 1624
f 481 1053 534
f 481 534 1309
f 481 557 1597
f 481 1624 557
f 481 1597 1053
f 482 483 651
f 482 917 483
f 482 651 1711
f 482 1415 917
f 482 1711 1415
f 483 754 486
f 483 486 1622
f 483 650 651
f 483 1622 650
f 483 917 754
f 485 1083 495
f 485 495 1089
f 485 565 1083
f 485 1089 565
f 486 487 643
f 486 756 487
f 486 643 1622
f 486 754 756
f 487 490 642
f 487 756 490
f 487 642 643
f 488 866 992
f 488 1126 866
f 488 1396 1126
f 489 866 1211
f 490 912 491
f 490 491 932
f 490 932 642
f 490 756 912
f 491 629 646
f 491 860 629
f 491 646 932
f 491 751 860
f 491 1498 751
f 491 912 1498
f 492 922 1016
f 492 1523 922
f 492 1018 923
f 492 923 1604
f 492 1016 1018
f 492 1604 1523
f 493 693 1583
f 493 947 1442
f 494 1089 495
f 494 495 1189
f 494 1769 1089
f 494 1189 1227
f 494 1227 1678
f 494 1678 1769
f 495 1083 679
f 495 679 1464
f 495 1729 1189
f 495 1464 1729
f 496 605 1618
f 496 1619 605
f 496 1355 852
f 496 852 1384
f 496 1618 1355
f 496 1384 1619
f 497 498 508
f 497 508 1041
f 498 499 950
f 498 950 508
f 499 500 952
f 499 952 950
f 500 1640 501
f 500 501 1773
f 500 1773 952
f 501 502 1570
f 501 1570 1773
f 502 1149 948
f 502 948 1570
f 502 1625 1149
f 503 508 509
f 503 1712 508
f 504 950 505
f 504 509 950
f 505 1773 938
f 505 950 952
f 505 952 1773
f 506 1570 507
f 506 938 1773
f 506 1773 1570
f 507 1570 948
f 507 948 1713
f 508 950 509
f 508 1712 1041
f 510 874 512
f 510 512 1286
f 510 1286 1621
f 511 608 1524
f 511 1670 608
f 511 1286 1670
f 511 1524 1311
f 512 874 1411
f 512 1670 1286
f 512 1414 1670
f 513 515 514
f 513 514 690
f 513 520 515
f 513 519 520
f 513 1650 519
f 513 690 1650
f 514 857 690
f 515 516 1698
f 515 1736 516
f 515 520 1736
f 516 795 688
f 516 688 1698
f 516 741 1627
f 516 1736 741
f 516 1627 795
f 517 821 614
f 517 978 821
f 517 977 978
f 517 1500 977
f 518 622 519
f 518 519 1650
f 518 977 1500
f 518 1650 977
f 520 1338 1730
f 520 1730 1736
f 521 1600 1153
f 522 525 529
f 522 529 1381
f 523 530 528
f 523 528 1714
f 524 525 900
f 524 1342 525
f 524 900 526
f 524 526 1675
f 525 1342 529
f 526 1172 531
f 526 531 1675
f 527 531 1172
f 529 760 658
f 529 658 1381
f 529 1342 760
f 532 533 1043
f 532 1624 533
f 532 1043 902
f 532 902 1725
f 532 1094 1624
f 532 1725 1094
f 533 913 1294
f 533 1309 913
f 533 1294 1043
f 534 1084 993
f 534 993 1526
f 534 1014 1309
f 534 1526 1014
f 534 1053 1084
f 535 979 731
f 535 731 1044
f 535 783 979
f 535 1095 783
f 535 1044 1233
f 536 622 1296
f 536 913 1014
f 536 1296 913
f 536 1014 1772
f 537 623 1338
f 537 1668 623
f 537 1044 903
f 537 903 1668
f 537 1529 1044
f 537 1338 1529
f 538 1541 1253
f 538 1253 1732
f 538 1332 1350
f 538 1732 1332
f 538 1350 1432
f 538 1432 1541
f 539 541 1049
f 539 1050 541
f 539 1290 1050
f 539 1350 1290
f 540 763 677
f 540 677 1038
f 540 994 1007
f 540 1520 994
f 540 1038 1520
f 541 1348 994
f 541 994 1520
f 541 1520 1049
f 541 1050 1503
f 541 1765 1348
f 541 1503 1765
f 542 994 1348
f 542 1480 994
f 542 1348 1051
f 542 1447 1448
f 542 1448 1480
f 543 1466 1666
f 543 1681 1504
f 543 1666 1681
f 544 964 771
f 544 771 1195
f 544 1229 964
f 544 1447 1229
f 544 1448 1447
f 545 726 725
f 545 725 1450
f 545 1004 726
f 545 732 1004
f 545 1421 732
f 545 1504 1421
f 545 1450 1504
f 546 730 898
f 546 1470 730
f 546 898 765
f 546 765 1312
f 546 1312 1443
f 546 1443 1505
f 546 1505 1470
f 547 609 1386
f 547 1532 609
f 548 761 769
f 548 1358 761
f 548 769 1571
f 548 1571 906
f 549 770 1435
f 549 1571 770
f 549 907 1401
f 549 1435 1333
f 549 1401 1571
f 550 762 551
f 550 551 946
f 550 1717 762
f 550 946 1641
f 551 764 761
f 551 761 1358
f 551 762 764
f 551 1358 862
f 552 1188 679
f 553 987 1531
f 553 1654 987
f 553 1285 1129
f 553 1129 1654
f 553 1260 1246
f 553 1246 1285
f 553 1531 1260
f 554 561 555
f 554 555 1763
f 554 560 561
f 554 1538 560
f 554 753 1538
f 554 1763 753
f 555 562 556
f 555 556 1530
f 555 561 562
f 555 1530 1763
f 556 562 1378
f 556 1082 1257
f 556 1378 1082
f 556 1257 1613
f 556 1613 1530
f 557 774 1071
f 557 1094 774
f 557 1071 1597
f 557 1624 1094
f 558 781 1283
f 558 1482 781
f 558 1283 1076
f 558 1076 1391
f 558 1181 1482
f 558 1671 1181
f 558 1391 1420
f 558 1420 1671
f 559 989 1322
f 559 1659 989
f 559 1658 1659
f 560 1391 1076
f 560 1538 1391
f 562 1093 1637
f 562 1637 1378
f 563 641 1630
f 563 1631 641
f 563 1630 1237
f 564 867 620
f 564 620 1632
f 564 702 867
f 564 885 702
f 564 1633 885
f 564 1632 1633
f 565 1636 1082
f 565 1082 1637
f 565 1635 1083
f 565 1089 1636
f 565 1093 1635
f 565 1637 1093
f 566 1344 602
f 566 602 1639
f 566 637 1097
f 566 1639 637
f 566 1097 1687
f 566 1687 1344
f 567 1204 1170
f 567 1495 1643
f 568 569 574
f 568 1186 569
f 568 574 1674
f 568 1674 957
f 568 957 1758
f 568 1758 1186
f 569 570 576
f 569 1774 570
f 569 575 574
f 569 576 575
f 569 1186 1774
f 570 572 1545
f 570 1545 576
f 571 572 633
f 571 1545 572
f 571 578 577
f 571 577 1545
f 571 780 578
f 571 633 780
f 572 1136 633
f 573 1046 1107
f 573 1663 1046
f 573 1196 1103
f 573 1103 1663
f 573 1107 1196
f 574 575 1242
f 574 1242 1039
f 574 1039 1330
f 575 576 1720
f 575 1720 1242
f 576 1295 1244
f 576 1244 1720
f 576 1545 1295
f 577 578 1240
f 577 1240 1244
f 577 1244 1295
f 577 1295 1545
f 578 780 579
f 578 579 1360
f 578 1360 1240
f 579 1559 1154
f 580 645 1426
f 580 1558 645
f 580 1559 1108
f 580 1154 1559
f 581 896 1754
f 582 720 733
f 582 1689 720
f 582 733 1199
f 583 585 1626
f 584 1502 772
f 584 772 1603
f 584 1040 1502
f 584 1779 1040
f 584 1657 1577
f 584 1577 1779
f 584 1603 1657
f 585 1673 587
f 585 723 1626
f 586 1092 1118
f 586 1658 1092
f 586 1659 1658
f 587 937 953
f 587 1673 937
f 587 953 1162
f 588 826 871
f 588 1280 826
f 588 871 1653
f 588 1653 1278
f 589 1762 753
f 589 753 1763
f 589 1086 1661
f 589 1763 1530
f 589 1661 1762
f 590 1467 1297
f 591 594 995
f 591 1290 594
f 591 995 1349
f 591 1050 1290
f 591 1349 1050
f 592 1051 1503
f 592 1771 1051
f 592 1349 1291
f 592 1291 1746
f 592 1764 1349
f 592 1503 1764
f 592 1746 1771
f 593 595 624
f 593 1291 595
f 593 624 1254
f 593 692 1291
f 593 1697 692
f 593 1254 1697
f 594 598 995
f 594 1332 598
f 594 1290 1332
f 595 601 624
f 595 996 601
f 595 995 996
f 595 1334 995
f 595 1291 1334
f 596 1097 637
f 596 637 1158
f 596 1494 1097
f 596 1158 1548
f 597 787 598
f 597 598 1332
f 597 1325 728
f 597 728 1753
f 597 1753 787
f 597 1732 1325
f 597 1332 1732
f 598 996 995
f 598 1164 996
f 599 677 763
f 599 1740 677
f 599 763 1666
f 599 1399 1740
f 600 608 939
f 601 1182 624
f 601 1165 1182
f 602 1549 892
f 602 892 1639
f 602 1344 1549
f 603 609 819
f 603 1386 609
f 603 819 1292
f 603 1163 1035
f 603 1035 1386
f 604 849 1434
f 604 1025 877
f 604 877 1662
f 604 1434 1025
f 605 879 788
f 605 788 1544
f 605 1619 879
f 605 1544 1618
f 606 1021 734
f 606 734 1623
f 606 1023 1036
f 606 1623 1023
f 608 1670 939
f 609 611 819
f 609 1585 611
f 609 1532 1585
f 610 973 823
f 610 823 1057
f 610 972 973
f 610 1184 972
f 610 1057 1485
f 610 1255 1184
f 610 1485 1255
f 611 1292 819
f 611 1585 868
f 612 734 1248
f 612 1248 1230
f 614 1669 616
f 615 1019 1748
f 615 1436 1589
f 616 1294 656
f 616 1043 1294
f 616 1669 1043
f 617 715 1703
f 618 661 1183
f 618 1678 661
f 618 1509 773
f 618 773 1678
f 618 1183 1679
f 618 1679 1509
f 619 732 1421
f 619 1443 732
f 620 1491 1632
f 621 1551 1215
f 622 656 808
f 622 808 1296
f 623 1620 741
f 623 741 1730
f 623 1730 1338
f 623 1668 1620
f 624 1182 1254
f 625 1202 669
f 625 669 1682
f 625 1046 1683
f 625 1683 1202
f 626 1260 1531
f 627 965 963
f 627 963 1229
f 627 1098 965
f 627 1229 1447
f 628 1703 730
f 630 638 636
f 630 636 642
f 630 646 638
f 630 642 932
f 630 932 646
f 631 651 650
f 631 650 1737
f 631 1648 651
f 631 1737 927
f 631 1684 1648
f 632 643 640
f 632 1622 643
f 632 650 1622
f 632 1737 650
f 632 1288 927
f 632 927 1737
f 634 1069 663
f 634 663 1599
f 635 718 722
f 635 765 718
f 635 722 726
f 635 726 765
f 636 640 642
f 636 1270 640
f 637 1639 1158
f 639 1651 652
f 639 652 1688
f 639 1688 1298
f 640 643 642
f 641 1446 1630
f 644 1125 1126
f 644 1126 1396
f 647 931 1112
f 647 1345 931
f 648 1398 1418
f 651 1648 1710
f 651 1710 1711
f 652 1269 757
f 652 757 1696
f 652 1766 1269
f 652 1651 1766
f 652 1744 1688
f 652 1696 1744
f 654 667 658
f 654 658 760
f 654 663 667
f 655 1230 1021
f 656 1294 808
f 657 1076 1283
f 657 1445 1076
f 657 1283 1539
f 659 760 1342
f 661 1189 684
f 661 684 1305
f 661 1305 1183
f 661 1227 1189
f 661 1678 1227
f 662 706 1058
f 662 1735 706
f 662 949 1456
f 662 1456 1735
f 663 888 667
f 663 1069 888
f 665 1598 1273
f 666 1402 1364
f 666 1405 1397
f 668 1193 757
f 668 757 1780
f 668 881 1474
f 668 1780 881
f 668 1474 1382
f 669 1202 758
f 669 758 1767
f 670 1166 1426
f 671 957 1438
f 671 1721 957
f 671 1731 1721
f 672 1300 1364
f 672 1364 1402
f 673 942 1339
f 673 1352 942
f 674 840 850
f 674 850 889
f 674 889 1045
f 674 1045 1336
f 675 841 876
f 675 1337 1047
f 676 1752 806
f 676 806 1775
f 676 1302 1063
f 676 1063 1327
f 676 1775 1302
f 676 1327 1752
f 677 893 1431
f 677 1740 893
f 677 1431 1038
f 678 806 1749
f 678 1775 806
f 678 1749 1602
f 679 1083 716
f 679 716 1454
f 679 1188 1464
f 680 764 738
f 682 686 1362
f 682 1770 686
f 682 769 1410
f 682 1742 769
f 682 1410 1770
f 683 1226 921
f 683 1540 1226
f 684 1176 1305
f 684 1189 1729
f 685 1753 728
f 685 1011 1753
f 686 687 1362
f 689 1650 690
f 689 977 1650
f 690 857 1640
f 691 894 739
f 692 1373 794
f 692 794 1746
f 692 1746 1291
f 692 1747 1373
f 692 1697 1747
f 694 707 1561
f 694 1587 707
f 694 1031 1587
f 694 1561 1062
f 695 709 1628
f 695 1751 709
f 695 919 1457
f 695 1628 919
f 695 1457 1751
f 696 844 1222
f 696 1403 844
f 696 1026 1403
f 697 707 1289
f 697 1561 707
f 697 887 958
f 697 1533 887
f 697 958 1638
f 697 1638 1561
f 698 710 887
f 698 1363 710
f 698 1222 845
f 698 845 1363
f 698 887 1533
f 698 918 1222
f 698 1533 918
f 699 1256 919
f 699 1130 1277
f 699 1527 1256
f 699 1277 1527
f 700 1130 749
f 700 749 1412
f 700 877 1025
f 700 1412 877
f 700 1025 1761
f 700 1761 1130
f 701 712 703
f 701 703 749
f 701 711 712
f 701 1628 711
f 701 1139 1628
f 703 713 704
f 703 704 1412
f 703 712 1369
f 703 1369 713
f 703 1412 749
f 704 1105 705
f 704 705 1662
f 704 713 1105
f 704 877 1412
f 704 1662 877
f 705 714 706
f 705 706 1207
f 705 1105 714
f 705 1207 1662
f 706 714 1058
f 706 1735 1207
f 707 708 1289
f 707 1587 708
f 708 1457 1289
f 708 1751 1457
f 708 1587 1616
f 709 711 1628
f 709 1726 711
f 709 1442 1726
f 710 958 887
f 710 1363 1252
f 711 1726 712
f 712 1285 1369
f 713 1246 1105
f 713 1285 1246
f 713 1369 1285
f 714 1105 1246
f 715 1359 719
f 715 719 1703
f 717 1665 720
f 717 720 1689
f 717 724 725
f 717 1428 724
f 717 725 1665
f 717 1689 1428
f 718 898 719
f 718 719 1359
f 718 723 722
f 718 1359 723
f 718 765 898
f 719 898 1703
f 720 930 733
f 720 1665 930
f 721 1741 722
f 721 930 1665
f 721 1665 1741
f 722 1741 726
f 723 1359 1626
f 724 1450 725
f 724 1065 1287
f 724 1428 1065
f 724 1287 1450
f 725 726 1741
f 725 1741 1665
f 726 1004 765
f 727 833 1104
f 727 1200 833
f 727 1104 1225
f 727 1745 1200
f 727 1225 1745
f 730 1703 898
f 730 1470 1054
f 731 903 1044
f 731 1178 903
f 731 979 1178
f 732 1312 1004
f 732 1443 1312
f 733 930 1162
f 733 953 936
f 733 936 1199
f 733 1162 953
f 734 1021 1248
f 735 745 942
f 735 942 1352
f 737 748 744
f 737 744 1656
f 738 764 762
f 740 886 1281
f 740 1755 886
f 740 1756 1003
f 740 1281 1756
f 741 1620 1627
f 741 1736 1730
f 742 915 820
f 742 1655 915
f 743 1146 855
f 743 855 1691
f 743 1592 1146
f 744 748 985
f 745 998 746
f 745 746 1326
f 747 985 748
f 747 748 1667
f 751 1498 1702
f 752 822 1219
f 752 1477 822
f 752 1219 824
f 752 824 1356
f 752 825 1223
f 752 1356 825
f 752 1223 1776
f 752 1776 1477
f 754 917 759
f 755 767 1031
f 755 1156 767
f 755 1351 1156
f 756 1429 912
f 757 1269 1780
f 758 1028 1157
f 758 1157 1259
f 758 1259 1767
f 761 1410 769
f 762 1717 1560
f 763 1681 1666
f 765 1004 1312
f 766 923 1453
f 766 1604 923
f 766 1331 925
f 766 925 1604
f 767 1536 940
f 767 1156 1536
f 768 941 1473
f 768 1537 941
f 768 1239 1537
f 769 770 1571
f 769 1742 770
f 770 1612 1435
f 771 964 1074
f 771 1054 1195
f 773 1509 1072
f 773 1072 1769
f 773 1769 1678
f 774 1548 1071
f 774 1094 1462
f 774 1100 1548
f 774 1706 1100
f 774 1462 1706
f 775 892 1084
f 775 1639 892
f 775 1071 1158
f 775 1597 1071
f 775 1084 1597
f 775 1158 1639
f 776 892 1549
f 776 1707 1095
f 776 1549 1101
f 776 1101 1707
f 777 1131 786
f 777 786 1619
f 777 851 1131
f 777 1148 851
f 777 1384 1148
f 777 1619 1384
f 778 1146 854
f 778 854 1347
f 778 1078 1146
f 778 1496 1078
f 778 1347 1496
f 779 790 791
f 779 1079 790
f 779 791 835
f 779 835 858
f 779 858 856
f 779 856 1079
f 781 1088 1258
f 781 1258 1283
f 782 1725 1090
f 782 1462 1094
f 782 1094 1725
f 782 1706 1462
f 783 1091 979
f 783 1707 1091
f 783 1095 1707
f 784 1704 1087
f 784 1453 1704
f 785 786 1131
f 785 1735 786
f 785 1662 1207
f 785 1207 1735
f 786 1456 1619
f 786 1735 1456
f 788 879 1072
f 788 1452 933
f 788 933 1544
f 788 1072 1509
f 788 1509 1452
f 789 1544 933
f 789 1347 1355
f 789 1496 1347
f 789 1355 1618
f 789 1618 1544
f 790 1437 791
f 790 1079 1169
f 791 1569 1132
f 791 1437 1569
f 792 861 1354
f 792 1554 956
f 792 956 1567
f 792 1354 1132
f 792 1132 1554
f 792 1567 1133
f 794 1373 1098
f 794 1098 1771
f 794 1771 1746
f 796 798 797
f 796 797 1133
f 796 1394 798
f 796 966 1394
f 796 1629 966
f 796 1133 1553
f 796 1553 1629
f 797 798 801
f 797 801 800
f 798 1394 801
f 799 916 1595
f 799 947 1572
f 799 1595 947
f 800 801 1588
f 801 1328 895
f 801 895 1588
f 802 1272 943
f 802 943 1451
f 802 1048 1272
f 802 1649 1048
f 802 1099 1649
f 803 1020 1390
f 804 1541 805
f 804 1253 1541
f 805 943 1272
f 805 1272 1048
f 805 1541 1432
f 806 1752 1749
f 807 943 893
f 807 893 1740
f 807 1399 935
f 807 935 1451
f 807 1451 943
f 807 1740 1399
f 808 1294 913
f 808 913 1296
f 809 816 810
f 809 814 815
f 809 815 816
f 810 817 811
f 810 811 1437
f 810 816 817
f 811 817 1152
f 811 1569 1437
f 812 832 814
f 812 814 1170
f 812 1719 832
f 812 1547 1101
f 812 1101 1719
f 812 1170 1204
f 812 1204 1547
f 813 935 1399
f 814 1723 815
f 814 832 1723
f 815 1245 816
f 815 1723 1245
f 816 1724 817
f 816 1245 1724
f 817 1724 1152
f 820 915 997
f 820 997 1574
f 820 1117 1116
f 820 1574 1117
f 822 1029 1485
f 822 1528 1029
f 822 1057 1219
f 822 1485 1057
f 822 1477 1575
f 822 1575 1528
f 823 1006 824
f 823 824 1057
f 823 845 1006
f 823 1642 845
f 823 973 1642
f 824 1006 844
f 824 844 1356
f 824 1219 1057
f 825 827 873
f 825 1135 827
f 825 846 1135
f 825 1356 846
f 825 873 1223
f 826 1179 871
f 826 1280 988
f 826 988 1478
f 826 1201 1179
f 826 1478 1201
f 827 847 828
f 827 828 1179
f 827 1135 847
f 827 1201 873
f 827 1179 1201
f 828 847 848
f 828 848 1460
f 828 1460 1179
f 829 989 1278
f 829 1278 1501
f 830 871 1460
f 830 1653 871
f 830 1460 1434
f 830 1501 1653
f 832 1141 1723
f 833 1121 1120
f 833 1324 1121
f 833 1200 1324
f 834 851 837
f 834 837 1459
f 834 1134 851
f 834 1235 1134
f 834 1459 1200
f 834 1200 1745
f 834 1745 1235
f 836 1459 837
f 836 837 1644
f 836 838 1521
f 836 1644 838
f 836 1121 1324
f 836 1521 1121
f 836 1324 1459
f 837 851 1148
f 837 1148 1644
f 838 853 839
f 838 839 1019
f 838 852 853
f 838 1644 852
f 838 1019 1521
f 839 853 854
f 839 854 1748
f 839 1748 1019
f 841 1497 876
f 841 1275 1497
f 842 856 858
f 842 858 1491
f 843 1152 1724
f 844 1006 845
f 844 845 1222
f 844 1403 1356
f 846 1403 1026
f 846 1026 1527
f 846 1527 1135
f 846 1356 1403
f 847 1761 848
f 847 1277 1130
f 847 1130 1761
f 847 1135 1277
f 848 1025 1434
f 848 1761 1025
f 848 1434 1460
f 849 1134 1235
f 851 1134 1131
f 852 1355 853
f 852 1148 1384
f 852 1644 1148
f 853 1347 854
f 853 1355 1347
f 854 1146 1592
f 854 1592 1748
f 855 1146 1078
f 855 1147 1691
f 856 1147 1079
f 858 859 1491
f 859 1085 1354
f 859 1354 1187
f 859 1187 1632
f 859 1632 1491
f 861 1187 1354
f 861 1632 1187
f 861 1633 1632
f 863 878 868
f 863 868 1585
f 863 1174 878
f 863 920 1174
f 863 1585 1532
f 864 1009 1003
f 864 1127 1009
f 864 1224 1127
f 866 1126 1739
f 866 1739 1211
f 867 1218 991
f 868 880 874
f 868 878 880
f 869 992 1472
f 869 1472 1008
f 870 1419 885
f 870 885 1483
f 870 1008 1419
f 871 1179 1460
f 873 1201 1478
f 874 880 1411
f 875 1145 1691
f 879 949 1072
f 879 1456 949
f 879 1619 1456
f 881 1525 905
f 881 905 1778
f 881 1778 1474
f 882 1777 1143
f 882 1750 1777
f 883 1461 1486
f 884 1224 1168
f 885 1633 1483
f 886 1040 1581
f 886 1581 1281
f 890 1005 951
f 890 951 1388
f 890 974 976
f 890 1388 974
f 890 976 1005
f 891 975 1151
f 891 1151 1173
f 892 914 1084
f 899 934 1228
f 899 1293 1033
f 902 1043 1669
f 902 1177 1725
f 905 1525 1506
f 906 907 1372
f 906 1401 907
f 906 1372 983
f 906 1571 1401
f 907 984 1372
f 907 1716 984
f 907 1067 1716
f 908 1213 1090
f 908 1090 1725
f 908 1177 1304
f 908 1725 1177
f 908 1304 1213
f 909 1102 1027
f 910 1390 1020
f 910 1734 1110
f 910 1733 1734
f 911 926 1190
f 911 1704 926
f 911 1073 929
f 911 929 1704
f 911 1022 1073
f 911 1190 1022
f 913 1309 1014
f 914 993 1084
f 915 970 971
f 915 1655 970
f 915 971 1029
f 915 1029 997
f 919 1628 1139
f 922 1017 1016
f 922 1376 1017
f 922 1479 1376
f 922 1523 1479
f 923 1015 926
f 923 926 1453
f 923 1018 1015
f 924 1015 1018
f 925 1056 975
f 925 975 1236
f 925 1331 1056
f 925 1236 1523
f 925 1523 1604
f 926 1015 1190
f 926 1704 1453
f 929 1073 1208
f 929 1220 1087
f 929 1087 1704
f 929 1208 1220
f 931 1345 1210
f 934 1005 1484
f 934 1484 1228
f 936 953 937
f 936 1417 1199
f 939 1670 1414
f 945 1478 988
f 947 1595 1442
f 951 1017 1376
f 951 1376 1388
f 954 1028 1441
f 957 1721 968
f 957 968 1758
f 959 1615 1198
f 961 965 1310
f 961 1487 965
f 961 1310 1629
f 961 1629 1553
f 962 963 965
f 962 1212 963
f 962 965 1487
f 962 1487 1680
f 963 1212 1247
f 963 1247 1229
f 964 1206 1074
f 964 1212 1206
f 964 1247 1212
f 964 1229 1247
f 965 1098 1373
f 965 1373 1310
f 966 1254 1685
f 966 1697 1254
f 966 1629 1310
f 966 1310 1747
f 966 1685 1394
f 966 1747 1697
f 967 1068 971
f 967 971 1250
f 967 972 1068
f 967 1341 972
f 968 1721 1251
f 968 1251 1760
f 968 1760 1395
f 969 1475 970
f 969 970 1655
f 969 1251 1475
f 969 1705 1251
f 969 1329 1705
f 970 1250 971
f 971 1068 1029
f 972 1341 973
f 972 1184 1068
f 973 1341 1252
f 973 1252 1642
f 974 1203 976
f 974 1388 1376
f 974 1376 1479
f 975 1056 1151
f 975 1631 1236
f 976 1484 1005
f 976 1203 1408
f 976 1408 1484
f 979 1091 1183
f 979 1305 1178
f 979 1183 1305
f 980 1641 981
f 980 1387 1715
f 981 982 1406
f 981 1647 982
f 983 1372 1646
f 983 1646 1672
f 984 1716 1368
f 984 1646 1372
f 987 1086 1531
f 988 1660 1279
f 988 1280 1660
f 989 1659 1278
f 990 1590 1323
f 994 1480 1007
f 995 1334 1349
f 997 1029 1528
f 997 1528 1575
f 999 1687 1097
f 999 1584 1234
f 999 1234 1687
f 1001 1059 1445
f 1001 1171 1161
f 1002 1591 1322
f 1009 1127 1209
f 1009 1209 1444
f 1009 1444 1367
f 1010 1122 1439
f 1021 1230 1248
f 1024 1313 1492
f 1026 1256 1527
f 1027 1096 1385
f 1029 1068 1184
f 1029 1184 1255
f 1029 1255 1485
f 1032 1400 1226
f 1035 1163 1708
f 1038 1431 1049
f 1038 1049 1520
f 1039 1242 1115
f 1045 1676 1096
f 1047 1052 1677
f 1050 1349 1764
f 1050 1764 1503
f 1051 1348 1765
f 1051 1765 1503
f 1053 1597 1084
f 1054 1470 1505
f 1060 1118 1284
f 1071 1548 1158
f 1073 1205 1208
f 1078 1496 1643
f 1079 1495 1169
f 1080 1540 1298
f 1081 1408 1203
f 1082 1378 1637
f 1085 1132 1354
f 1087 1220 1215
f 1088 1217 1214
f 1090 1213 1216
f 1091 1679 1183
f 1092 1284 1118
f 1106 1269 1766
f 1106 1562 1440
f 1109 1543 1301
f 1109 1608 1314
f 1110 1609 1315
f 1111 1610 1316
f 1113 1606 1320
f 1114 1607 1321
f 1114 1566 1607
f 1115 1242 1720
f 1116 1261 1513
f 1117 1574 1573
f 1119 1262 1514
f 1122 1267 1510
f 1125 1268 1511
f 1128 1724 1245
f 1129 1726 1595
f 1135 1527 1277
f 1136 1353 1563
f 1138 1265 1518
f 1140 1584 1582
f 1142 1160 1202
f 1142 1202 1683
f 1144 1266 1517
f 1145 1323 1522
f 1150 1421 1681
f 1157 1302 1430
f 1159 1506 1525
f 1171 1375 1461
f 1175 1304 1177
f 1175 1308 1304
f 1176 1178 1305
f 1194 1375 1539
f 1200 1459 1324
f 1204 1481 1547
f 1236 1479 1523
f 1238 1578 1522
f 1240 1768 1244
f 1241 1409 1634
f 1244 1768 1473
f 1253 1325 1732
f 1264 1367 1444
f 1264 1516 1367
f 1273 1380 1370
f 1273 1370 1429
f 1273 1598 1380
f 1278 1653 1501
f 1281 1589 1756
f 1282 1297 1467
f 1282 1467 1693
f 1290 1350 1332
f 1291 1349 1334
f 1299 1346 1651
f 1300 1379 1364
f 1300 1702 1379
f 1306 1463 1307
f 1310 1373 1747
f 1338 1772 1529
f 1344 1687 1593
f 1368 1455 1534
f 1380 1598 1405
f 1391 1538 1420
f 1397 1405 1598
f 1398 1666 1466
f 1421 1504 1681
f 1442 1595 1726
f 1452 1509 1679
f 1464 1492 1729
f 1515 1657 1603
f 1543 1734 1586
f 1557 1586 1733
f 1578 1748 1592
f 1586 1734 1733
f 1596 1762 1661
