v 2.891484 0 0.882173
v 2.891484 0 1.082173
v 2.891484 0.682 0.882173
v 2.891484 0.682 1.082173
v 2.989484 0 0.882173
v 2.989484 0 1.082173
v 2.989484 0.296 0.882173
v 2.989484 0.296 1.082173
v 2.98962593908055 0.38366600211838 0.882173
v 2.989484 0.384 1.082173
v 2.989484 0.598 0.882173
v 2.989484 0.598 1.082173
v 3.036657 0.295802 0.882173
v 3.03487655497184 0.296217229459584 1.082173
v 3.052484 0.384 0.882173
v 3.052484 0.384 1.082173
v 3.052484 0.598 0.882173
v 3.052484 0.598 1.082173
v 3.055002 0.294167 0.882173
v 3.055002 0.294167 1.082173
v 3.063484 0.682 0.882173
v 3.063484 0.682 1.082173
v 3.067202 0.291313 0.882173
v 3.067202 0.291313 1.082173
v 3.075058 0.597196 0.882173
v 3.075058 0.597196 1.082173
v 3.077197 0.385095 0.882173
v 3.07446205974135 0.384973818452506 1.082173
v 3.079632 0.286667 0.882173
v 3.08026211307096 0.286333177266526 1.082173
v 3.09277532172757 0.279952502988708 0.882173
v 3.092492 0.279854 1.082173
v 3.095326 0.594815 0.882173
v 3.095326 0.594815 1.082173
v 3.096881 0.680495 0.882173
v 3.096881 0.680495 1.082173
v 3.098937 0.388264 0.882173
v 3.098937 0.388264 1.082173
v 3.105984 0.2705 0.882173
v 3.105984 0.2705 1.082173
v 3.113359 0.590906 0.882173
v 3.113359 0.590906 1.082173
v 3.11884702871428 0.393740316892393 0.882173
v 3.117859 0.393328 1.082173
v 3.120309 0.258229 0.882173
v 3.120309 0.258229 1.082173
v 3.127993 0.676046 0.882173
v 3.127993 0.676046 1.082173
v 3.129224 0.585519 0.882173
v 3.129224 0.585519 1.082173
v 3.134113 0.400111 0.882173
v 3.134113 0.400111 1.082173
v 3.135669 0.242667 0.882173
v 3.135669 0.242667 1.082173
v 3.142993 0.5787 0.882173
v 3.142993 0.5787 1.082173
v 3.14814866816448 0.408686882235996 0.882173
v 3.147854 0.408436 1.082173
v 3.152265 0.223437 0.882173
v 3.152265 0.223437 1.082173
v 3.15420446669486 0.570869829920974 0.882173
v 3.15543290471723 0.569818814396438 1.082173
v 3.156702 0.66875 0.882173
v 3.156702 0.66875 1.082173
v 3.159234 0.418125 0.882173
v 3.159234 0.418125 1.082173
v 3.164516 0.560966 0.882173
v 3.164516 0.560966 1.082173
v 3.16728805304039 0.427677277278415 0.882517396516332
v 3.168405 0.429002 1.082173
v 3.17054429326377 0.199821753970761 0.882173
v 3.16875398006644 0.202160601744153 1.082173
v 3.17241 0.550148 0.882173
v 3.17241 0.550148 1.082173
v 3.173484 0.324 0.882173
v 3.173484 0.324 1.082173
v 3.175521 0.440889 0.882173
v 3.175521 0.440889 1.082173
v 3.178484 0.538094 0.882173
v 3.178484 0.538094 1.082173
v 3.18045426344646 0.452926427784186 0.882173
v 3.18025612310913 0.452442954718618 1.082173
v 3.182808 0.524852 0.882173
v 3.182808 0.524852 1.082173
v 3.18272255486595 0.658768614907657 0.882377097681213
v 3.18093578030062 0.659454014781016 1.082173
v 3.184197 0.466986 0.882173
v 3.184197 0.466986 1.082173
v 3.185451 0.510471 0.882173
v 3.185451 0.510471 1.082173
v 3.1860112460285 0.480464923844968 0.882173
v 3.186062 0.480842 1.082173
v 3.186484 0.495 0.882173
v 3.18647824059704 0.494806773395391 1.082173
v 3.188506 0.313292 0.882173
v 3.19232473409205 0.310155587408503 1.082173
v 3.189971 0.172479 0.882173
v 3.189971 0.172479 1.082173
v 3.191062 0.331869 0.882173
v 3.191062 0.331869 1.082173
v 3.20266 0.301667 0.882173
v 3.2040962036652 0.647269397819771 0.882173
v 3.206441 0.646005 1.082173
v 3.207275 0.340954 0.882173
v 3.20659395422925 0.340572374093178 1.082173
v 3.20593787824089 0.298602891115956 1.082173
v 3.211484 0.14 0.882173
v 3.21224240960052 0.138820251732531 1.082173
v 3.216077 0.289125 0.882173
v 3.222093 0.351219 0.882173
v 3.222093 0.351219 1.082173
v 3.22653046538163 0.631266155465935 0.882535273979629
v 3.227234 0.63075 1.082173
v 3.22610944375788 0.278588350390707 1.082173
v 3.2350615 0.2684795 0.882173
v 3.235484 0.36263 0.882173
v 3.23676950143251 0.363979065449039 1.082173
v 3.245152 0.613037 0.882173
v 3.245152 0.613037 1.082173
v 3.247233 0.253646 1.082173
v 3.247416 0.375152 0.882173
v 3.24716160119201 0.374991285524744 1.082173
v 3.253234 0.246 0.882173
v 3.257859 0.38875 0.882173
v 3.257859 0.38875 1.082173
v 3.260076 0.592963 0.882173
v 3.26061153880588 0.591950399200462 1.082173
v 2.989484 0.435214720449398 0.94558831446232
v 3.266781 0.40339 0.882173
v 3.26655859893518 0.403282185893263 1.082173
v 3.2703878161436 0.221956221879556 1.082173
v 3.27141137812006 0.571529981848163 0.882173
v 3.27189 0.570625 1.082173
v 3.27415 0.419037 0.882173
v 3.27415 0.419037 1.082173
v 3.276743 0.212667 0.882173
v 3.279937 0.435656 0.882173
v 3.279937 0.435656 1.082173
v 3.280474 0.54612 0.882173
v 3.280474 0.54612 1.082173
v 3.284109 0.453213 0.882173
v 3.284109 0.453213 1.082173
v 3.285712 0.519546 0.882173
v 3.285712 0.519546 1.082173
v 3.28631037238428 0.469300622412463 0.882173
v 3.286635 0.471673 1.082173
v 3.287484 0.491 0.882173
v 3.287484 0.491 1.082173
v 3.288515 0.194625 1.082173
v 3.30020058778879 0.176100426599225 1.082173
v 3.301484 0 0.882173
v 3.30177537091249 0 1.082173
v 3.312753 0.155792 1.082173
v 3.32580000953624 0.134492153239597 0.882173
v 3.32990536198978 0.127894599353554 1.082173
v 3.35571751989592 0.0881202109204225 1.08179703075369
v 3.35772580502556 0.0851525460211558 0.882173
v 3.37891243532744 0.0548731599605364 1.082173
v 3.38809355231398 0.0420572290792031 0.882173
v 3.407334 0.015413 0.882173
v 3.40946191528357 0.01247151495375 1.082173
v 3.418484 0 0.882173
v 3.418484 0 1.082173
v 3.18538348813214 0.510838343235618 0.93486306323632
v 3.17355330399543 0.32395059864312 0.96835514460817
v 3.30052772506156 0.175402372608123 0.900537076458397
v 3.18624165597777 0.49862952988178 1.00924394392035
v 3.18461907832534 0.514997623383759 1.00454639775458
v 3.0387285018489 0.384 0.981570151187045
v 3.0435133723749 0.384 1.02888114416577
v 2.989484 0.564382967038754 1.01474431561329
v 3.02172207824701 0.682 1.014780083832
v 2.989484 0.27200642084781 1.01225110016471
v 3.1872110771296 0.279742717638931 0.882173
v 2.891484 0.0347135881946569 0.881686098877006
v 2.891484 0.0347135881946569 0.918901152916794
v 2.891484 0.0959708705557255 0.881686098877006
v 2.891484 0.0959708705557255 0.918901152916794
v 2.97542208401855 0.533489261203814 0.882173
v 2.891484 0.121198019792977 0.944957945960212
v 2.891484 0.157228152916794 0.881686098877006
v 2.891484 0.157228152916794 0.918901152916794
v 3.05804102693565 0.682 1.0177342710788
v 3.32077892908512 0.142733317961681 0.983542162224771
v 2.989484 0.440903096508773 1.04300300805135
v 2.891484 0.218485435277863 0.918901152916794
v 2.99690584629617 0.342582532832913 0.882173
v 2.891484 0.219217938284514 0.982482687629627
v 3.26333784645759 0.147116829252609 0.882173
v 2.989484 0.543713540369028 1.04792586651244
v 2.891484 0.279742717638931 0.918901152916794
v 2.989484 0.438034569664536 0.915283900088335
v 2.99617789829841 0.682 1.02035390008155
v 2.891484 0.280255624446743 0.981277331501602
v 2.989484 0.257242717638931 1.032173
v 2.891484 0.343523839820174 0.882173
v 3.20701585258116 0.340808786017383 0.986345030604204
v 2.891484 0.341 0.918901152916794
v 2.95155452075564 0.481391698303064 0.882173
v 2.891484 0.33950465147962 0.981326321748041
v 2.891484 0.364352915926051 1.00506220283341
v 2.891484 0.399462156603696 0.882173
v 2.891484 0.402257282361069 0.918901152916794
v 2.891484 0.405535715001243 0.944532442178626
v 3.31106739093664 0.158520355740227 0.977881062523017
v 2.891484 0.404365240471098 1.00652211165424
v 2.891484 0.463514564722137 0.881686098877006
v 2.891484 0.463514564722137 0.918901152916794
v 2.891484 0.463514564722137 0.944957945960212
v 2.989484 0.0969361994149222 0.979949390029294
v 2.891484 0.465774707579853 0.983114234965606
v 2.891484 0.524771847083206 0.881686098877006
v 2.891484 0.524771847083206 0.918901152916794
v 2.891484 0.518642122470345 0.941551175142995
v 2.891484 0.525292240463355 0.987723002310023
v 2.891484 0.523050791313673 1.04288262718289
v 2.891484 0.548669225599617 1.04279402082511
v 2.891484 0.586029129444275 0.881686098877006
v 2.891484 0.58585983907041 0.920241520176186
v 2.891484 0.586029129444275 0.982173
v 2.891484 0.647286411805343 0.918901152916794
v 2.891484 0.649179483030791 0.9412769984966
v 3.31130536248459 0.15813517091121 1.05322735724132
v 2.9667667741287 0.682 1.02437848113238
v 2.891484 0.641721731795164 1.00531522574123
v 3.23597871744008 0.267411110023402 0.972980706661699
v 3.2522896910948 0.464137931056542 0.882173
v 3.2476824611658 0.523326047746328 0.882173
v 3.25224398173925 0.459459657298042 1.082173
v 3.25301888241615 0.525512071096384 1.082173
v 3.18620314629304 0.49920628044562 0.939748172222545
v 3.16340457200716 0.562049250305026 0.919691057148665
v 3.16272611820655 0.56271050347769 0.948865830553051
v 3.16216822597705 0.563254251639217 0.975205049855671
v 3.16270113159295 0.562734856613459 1.02138449684144
v 3.0175955833938 0.598 1.032173
v 3.02287467067637 0.598 0.934023042036663
v 3.09426181227663 0.278626989620845 0.917696959064784
v 3.21265099705265 0.412133033191499 1.082173
v 3.1227569228704 0.647286411805343 0.882173
v 3.1882237343154 0.587673213658161 0.882173
v 3.01545522706943 0.295890990546292 1.032173
v 3.01611506115067 0.296 0.929568595714034
v 2.989484 0.457396254395464 1.06182106775952
v 3.18626751354894 0.487736930866895 1.02331943305416
v 2.91068361743235 0.608237412458743 1.082173
v 3.31979460461385 0 0.916975132208555
v 2.989484 0.439699977696021 0.994893749431799
v 3.34562900590987 0 0.917985160832445
v 3.32073421667218 0 0.984118193472562
v 3.34053732025661 0 1.03808231453555
v 3.11248215422972 0.678264042968371 0.903031415526439
v 3.38057353990721 0 0.982173
v 3.01500929732029 0.384 1.02561114440162
v 3.40379814042941 0 0.983339962961806
v 3.01212485990222 0.384 0.931801569487361
v 2.94014962560545 0.266893443882789 1.082173
v 2.989484 0.0819866571007501 0.953529259667691
v 3.30067597270587 0.175061209667022 1.032173
v 2.9314737973233 0.682 0.922304661525515
v 2.93356675377509 0.682 0.98101759822493
v 2.91296729225861 0.682 0.966047161981329
v 2.99264094989877 0.682 0.956006183008299
v 3.03203223592992 0.682 0.954078374066906
v 3.40730197876607 0.0154572878051774 1.02495615803745
v 3.40967079800771 0.0121827697136521 0.996747205007505
v 3.28468193350561 0.524771847083206 0.951312217052792
v 3.05784892995299 0.33560729524718 1.082173
v 3.11950067028685 0.340175725788105 1.082173
v 3.09174887212393 0.680726273840569 0.952904454908944
v 3.09113219226199 0.680754063857404 1.01477203226611
v 3.09634851258055 0.680518995974676 0.918035679839275
v 3.09784154026764 0.680357643235706 0.987135861822179
v 3.09856786736284 0.68025377883462 1.04707194306621
v 3.06401521050554 0.68197606156808 0.914908670362907
v 3.06115915768396 0.682 0.943956432003874
v 3.12450318724947 0.645255448408459 1.082173
v 3.21725730758691 0.131019299309257 0.920207648694451
v 3.21901088050011 0.128291519222047 0.94892259078958
v 3.18364819524629 0.181378238410974 0.934515049564853
v 3.19655947292161 0.162532130106395 0.916386447962017
v 3.1872110771296 0.176645761256341 1.00222919410831
v 3.20052689897847 0.156542355044779 0.98749004605074
v 3.1872110771296 0.176645761256341 1.04544484708321
v 3.36223965625556 0.0785889432744982 0.919561330228827
v 3.36319855546984 0.0771994537396259 0.968191718199675
v 3.35071069041842 0.095561853334399 0.984661577064175
v 3.35120022587202 0.0948226157835072 1.01477456993451
v 3.35031131587244 0.0959708705557255 1.04544484708321
v 3.37591958401495 0.0590848693466423 0.982649489865021
v 3.1845666522358 0.277199672116397 1.082173
v 2.989484 0.0356459132155937 0.917432469287939
v 2.989484 0.0336884896248271 0.982838676869382
v 2.90961961471599 0.0171569212746013 0.882173
v 2.989484 0.0334876742651883 1.04420213232892
v 2.989484 0.122441191868916 0.912825908654237
v 2.91060040577736 0.266636697763884 0.882173
v 2.989484 0.0959708705557255 1.04544484708321
v 2.989484 0.185782727523729 0.918901152916794
v 2.989484 0.156855170247198 0.982858741036492
v 2.989484 0.218817780226806 0.945117540860758
v 2.989484 0.249408207080294 0.946260662241036
v 2.989484 0.217212751145741 0.98048402624932
v 3.0583027686112 0.341 0.882173
v 3.12056439472658 0.344542244136381 0.882173
v 3.26419968939155 0.399154359189907 0.916255650806518
v 3.2656202709786 0.401485374033476 0.985983422936825
v 3.18456957496129 0.407205295891667 1.082173
v 3.1872110771296 0.586029129444275 1.082173
v 2.891484 0.0161744659922626 0.964400476796891
v 3.2596143406502 0.593583969564991 0.989976295713291
v 2.99384861435199 0.647286411805343 0.882173
v 3.20081897805011 0.260054212719444 1.082173
v 2.989484 0.543599640641522 0.882173
v 2.9097765673004 0.200107074975547 0.882173
v 3.10238671286465 0.389187229359824 0.917694878004408
v 3.09728695490076 0.388023475946665 0.954149667348671
v 3.09654912675392 0.387915924088462 0.979737807589812
v 3.09722324460204 0.388014189013058 1.02953574938474
v 3.01703011380261 0.682 0.914438897783119
v 2.891484 0.448469084317079 1.03851023318951
v 3.22399409902582 0.28081000712584 0.957298543539429
v 3.22363912871535 0.28118281736763 0.983975222907128
v 3.22564549031946 0.279075620983357 1.04355030014488
v 3.2516652313888 0.248504903623624 0.918901152916794
v 3.249564204659 0.250675763235678 0.983147021035485
v 3.25159824246688 0.248084152990869 1.0478513543775
v 2.94491058344217 0.682 1.03162922621139
v 3.33769402952485 0.115534090173549 0.937134850854614
v 3.35042511394989 0.0963273525650354 0.952577598138084
v 3.01081275703393 0.682 0.970867049156137
v 3.09934121261014 0.321422998972613 1.082173
v 2.891484 0.592031895236505 1.02987753749107
v 2.989484 0.277060414040065 0.993522057283572
v 2.94810169042417 0.415106556117211 0.882173
v 3.09442306699273 0.278515191769198 0.950353564273549
v 3.09455672485476 0.278422526809112 0.984071403056988
v 3.09594298038513 0.277461436219795 1.01642584209281
v 3.16876595138672 0.202145154665135 0.925367515290315
v 2.90984201446053 0.138950006365207 0.882173
v 2.9594392300464 0.64 0.882173
v 3.17172882003066 0.198154553019064 0.982841064160739
v 3.17119183433514 0.198910351104541 1.02720277845631
v 3.01602461095205 0.665083117793523 1.082173
v 3.08035796562389 0.681239592829777 0.898435453158573
v 2.97293795790035 0.548711284037335 1.082173
v 3.12152169088035 0.588134338117085 1.03261822031475
v 3.18347925181218 0.464213456682493 1.03167293547935
v 3.12819132189782 0.585869648404441 0.980983505357579
v 2.93147897252061 0.296160807560046 1.082173
v 3.26319699086963 0.439248328649021 1.082173
v 2.989484 0.0512274313155661 1.06527459944181
v 3.20657215912452 0.340560161145145 1.03874912238702
v 3.18689836872842 0.33000510112208 0.920625017579366
v 3.18957467349516 0.331203180665232 1.02014589203286
v 3.1829441000848 0.52411145693546 1.03035198568537
v 3.18282108643756 0.524811923541603 0.932173
v 2.989484 0.296 1.032173
v 2.989484 0.38442857550617 1.03342555533353
v 2.989484 0.598 1.03010751181971
v 3.207275 0.340954 0.918901152916794
v 3.10911865026459 0.591825177458865 1.03864919889232
v 3.13302216463983 0.583637985788439 1.0241257931482
v 2.989484 0.296 0.932173
v 2.989484 0.384 0.932173
v 2.98952110257452 0.598 0.936396779799739
v 3.1857521792045 0.403073945142489 0.882173
v 3.14041730007612 0.579975597195215 0.929373520726133
v 3.11043200144531 0.591540483300076 0.929504033064945
v 3.14199056385806 0.579196449419121 0.90863178458281
v 3.12639225746305 0.58648052518415 0.934872224643291
v 3.14243022471957 0.578978710482769 1.03694088474906
v 3.14096547301986 0.579704118416558 1.05686885610556
v 3.2238861893171 0.436033922477312 0.882173
v 3.22419446982033 0.430323182604358 1.082173
v 3.154734 0.5705 0.908584391857754
v 3.15143555902127 0.572803655227457 0.925259217187198
v 3.14061669736329 0.35538012206819 0.882173
v 3.15339287131744 0.571436654049657 0.953239846038593
v 3.154734 0.5705 1.01026251782142
v 3.15328926026822 0.571509016761827 0.98517618180999
v 2.97681235814635 0 0.998455062051339
v 3.15345075585613 0.571396227065814 1.04381642179735
v 3.14102768443233 0.579673308653928 0.982656492974509
v 3.22797832248608 0.552959544128243 0.882173
v 3.22737098091336 0.549757905210847 1.082173
v 3.00734709702613 0.61955582598029 1.082173
v 2.989484 0.565584055643418 0.917445064306442
v 3.221151 0.4221395 0.882173
v 3.06981205860329 0.290337430227603 0.930888188072132
v 3.0689396456102 0.290663514762269 0.989426849748798
v 3.079632 0.286667 0.918901152916794
v 3.21928 0.5655285 1.082173
v 3.08097008992752 0.285958103679921 0.979249514852075
v 3.0829035448771 0.284933793526617 1.0028576212776
v 3.08014267188535 0.286396455089047 1.04526008443073
v 3.24309361629309 0.164977098083376 0.882173
v 3.01470183395364 0.682 0.882173
v 3.2216025 0.2092395 0.882173
v 3.29875948887863 0.178384928074161 1.0105456455982
v 2.891484 0.140196059804951 1.02830929962857
v 3.17272295089309 0.549526941378777 0.904758186802026
v 3.34983839692063 0.0243368567100075 0.882173
v 3.17065254023293 0.552556436757057 0.959016942892997
v 3.17171246891384 0.551103902114277 0.933918611379538
v 3.23738709091544 0.188003892200764 0.882173
v 3.21116671196391 0.229176788229199 0.882173
v 3.17213169850565 0.550529386567752 0.982473304102306
v 3.18910603001168 0.222328640843229 1.082173
v 2.90959928559134 0.631667423239595 1.082173
v 3.18283417287511 0.524771847083206 0.982173
v 3.17809089204446 0.538874132251581 1.0594937241356
v 3.276182 0.5583725 0.900537076458397
v 3.17824535153018 0.538567603664003 1.03478797145021
v 3.178484 0.538094000000001 0.982173
v 3.33855295130068 0.0298165781417097 1.082173
v 3.28870378996535 0.194325720782417 0.924662749736456
v 2.9575922097961 0.55710136762219 1.082173
v 2.94810169042417 0.506992479658814 0.882173
v 2.94810169042417 0.261963350214539 0.882173
v 3.31394396665346 0.153846938444839 0.918336357567771
v 3.23257283984776 0.19893634662233 1.082173
v 3.12882391954775 0.397903799759592 0.986250354087508
v 3.11470781527146 0.392484664228658 0.969386479432786
v 3.11793551434458 0.393359930404778 0.999478132756395
v 3.11610015588604 0.39285728936724 1.04112088336364
v 3.35680279763254 0.0862846361635292 1.05871101931785
v 3.28488839667178 0.111982049621674 0.882173
v 3.38583390937568 0.0452082757582076 0.92645203865088
v 2.891484 0.471806070008226 1.02697537715414
v 2.891484 0.168052013842195 1.02591577620583
v 3.17038487998311 0.619058761631665 0.882173
v 2.94676758819274 0 1.03139316042249
v 2.989484 0.249781047474061 1.082173
v 3.362194453073 0.0786544447872474 1.02683104802216
v 3.14031621254516 0.403869223159774 0.987141996886589
v 3.13270316043378 0.399522656098333 0.931761216478867
v 3.13553586875198 0.400973046602159 0.961990443076938
v 2.989484 0.0804139318977546 1.06719267892985
v 2.891484 0.379505545874121 0.99583181671578
v 3.15810306813052 0.417162117848556 1.01702064055219
v 3.15859633585791 0.417368716838562 1.0329634002969
v 3.3011135 0.1738335 0.882173
v 3.04846274392017 0.598 0.914704726563773
v 3.04443646069818 0.598 1.03192510966025
v 3.07122305489689 0.597332586154997 0.934590738091457
v 3.07666712411998 0.597006966818153 0.981660645502457
v 3.07223729877462 0.597296462646638 1.0457480162825
v 3.20469439916955 0.647286411805343 0.93606377170114
v 3.1560575 0.6221115 0.882173
v 3.20469439916955 0.647286411805343 0.999335618784346
v 3.22448263527971 0.632768567248983 0.967177707924628
v 3.22448263527971 0.632768567248983 1.01876087171953
v 3.22814832680186 0.629846134019348 1.04717273953607
v 3.09262250948521 0.279763517808726 1.04537075532509
v 3.18652979563624 0.177322435666112 0.979751179148127
v 2.9989842084092 0.342736451728385 1.082173
v 3.25670504955614 0.156618205737886 1.082173
v 3.24284136430147 0.43814448028072 1.082173
v 3.15793945002606 0.417022812416742 0.951965252228669
v 2.92933446754158 0.434554111624297 1.082173
v 2.9676019329529 0.439953341532553 1.082173
v 2.92840700272202 0.462223579049563 1.082173
v 2.92729154028159 0.494344014926591 1.082173
v 2.96747692602083 0.497934262054054 1.082173
v 2.92939446009279 0.524771847083206 1.082173
v 2.93286844440428 0.559017165079742 1.082173
v 2.93238177701554 0.626576736505622 1.082173
v 2.90755372115566 0.56946888040701 1.082173
v 2.9673220236706 0.647970887864484 1.082173
v 2.91942306460996 0.6503606577841 1.082173
v 2.891484 0.620915946591726 1.082173
v 2.891484 0.647286411805343 1.082173
v 3.23903922481636 0.366361019539933 0.962300632131478
v 3.24946785260332 0.377305310283173 1.01967228093456
v 3.23755176578413 0.36480001032089 0.982444506606556
v 3.23639740847558 0.363588573661683 1.00312324641193
v 2.891484 0.0619333752741238 0.943969986228905
v 2.891484 0.0347135881946569 0.982173
v 2.891484 0.0368457449592339 1.04432205694483
v 2.891484 0.0959708705557255 0.982173
v 2.891484 0.0946493096731221 1.04176889969781
v 2.891484 0.127152912616947 1.0683438935753
v 2.891484 0.157228152916794 0.982173
v 2.891484 0.240630114832501 1.00701750424329
v 2.891484 0.219287663984896 1.04332359829859
v 2.891484 0.304058816017316 1.00719040199847
v 2.891484 0.279742717638931 1.04544484708321
v 2.891484 0.341 1.04544484708321
v 2.891484 0.403521155447591 1.04384066802046
v 2.891484 0.4869121937522 1.06634111101609
v 3.18518481281127 0.470801758583983 0.959028349790988
v 3.18472188724185 0.470885644838098 1.00096907278915
v 3.18117557058299 0.455314714608317 0.903722220747434
v 3.18075534148612 0.453691438654279 0.922432654514197
v 3.18182075288208 0.457806947820851 0.981526703242073
v 2.891484 0.532907970571404 1.06252781359144
v 3.29709295189914 0.181026805158966 0.955282659916166
v 3.22184376183078 0.451426446255962 1.082173
v 3.32242067382973 0.140002959526532 0.900636341987871
v 3.34974805650809 0 1.00691632223657
v 2.99726468076356 0.682 0.925312689759952
v 3.11344652681921 0.590876280051995 0.989050285933597
v 3.05316013555011 0.294384446534217 0.904050914923623
v 3.067202 0.291313 0.903577003380797
v 3.05425371716202 0.29425534065381 0.938469014001566
v 3.0583027686112 0.293394836588823 0.996274095400672
v 3.0583027686112 0.293394836588823 1.040159129615
v 3.06973679518398 0.290365561671377 1.04958882384011
v 2.989484 0.0766782296800117 0.916192327449111
v 2.989484 0.13915132577267 1.04413581648841
v 3.05890199261369 0.384284372674786 0.921062041800587
v 3.05999568044788 0.384332832520958 0.980193418194371
v 3.16237216217438 0.617568378023144 1.082173
v 3.1083518121309 0.678854679764388 0.964005292842963
v 3.08121402601965 0.385680554528807 0.91561168879592
v 3.08363441241905 0.386033369823182 0.940562766667545
v 3.07656679757798 0.385067076572973 0.962166256706332
v 3.13278680717461 0.295365204438175 1.082173
v 3.077197 0.385095 1.00487271691331
v 3.07352086300757 0.384932115283183 1.03380111352059
v 3.18578164671478 0.315233976765951 1.01904626696575
v 3.11894904533325 0.393782889719174 0.919435873828124
v 3.117859 0.393328 0.941866696177112
v 2.92072385649072 0.682 1.03080021363795
v 2.891484 0.682 0.918901152916794
v 2.891484 0.682 0.964264140347101
v 2.891484 0.682 0.993463797091278
v 2.891484 0.682 1.02931900906453
v 2.9291564492499 0.682 1.082173
v 2.96680892075555 0.682 1.082173
v 3.27652432701002 0.212483116251296 0.982173
v 3.03783990004279 0.295764058284712 0.982123794544808
v 3.38025153051879 0.0197972703440529 0.882173
v 3.38247016435198 0 0.882173
v 3.39686297406632 0 0.882173
v 2.91457190910512 0.54882747361976 1.082173
v 3.18619824695702 0.485413053122065 0.941461853027234
v 3.18484137072802 0.471773346277424 0.980660749776546
v 3.21005533198294 0.294753960294398 0.995850097425387
v 3.20556889115371 0.298947814425745 1.0472023258504
v 3.2760264416681 0.424425730617285 0.914120852913438
v 3.27653881615014 0.425897158216539 0.943318472010008
v 3.27604816215532 0.424488107112357 0.962622411241436
v 3.28035842407762 0.437429476157922 0.926416349541609
v 3.19691252544345 0.306387530713568 1.00959463857003
v 3.1898498786014 0.312188242140644 1.06030017022446
v 3.19134063785 0.31096384788708 0.960003182192055
v 2.989484 0.185189644335943 1.04554352880119
v 2.989484 0.217654378448553 1.04395430774422
v 2.989484 0.296 0.982173
v 3.1227569228704 0.255748884393936 0.982173
v 3.23977940345333 0.262984008375198 1.03129297978922
v 3.24841239300579 0.252143310627853 1.01467872848925
v 3.23573509417583 0.267694886412969 0.912048817312667
v 3.26682248823503 0.227167577328029 0.978353098094436
v 3.26996862075194 0.222568949865406 1.04906714817655
v 3.20626428748648 0.646100289690411 1.04739921693323
v 3.27428221324417 0.216002386282223 0.99479377709849
v 2.92960089806637 0.0615812780726786 0.882173
v 2.93070448050948 0.0933382225837981 0.882173
v 2.92811177605115 0.123662148110678 0.882173
v 2.89197999943003 0.0604121357069408 0.882173
v 2.92864183282074 0.185096158411187 0.882173
v 2.89197999943003 0.121669418068009 0.882173
v 2.96538201085603 0.159724618277286 0.882173
v 2.9645652376606 0.187477096347076 0.882173
v 2.92719439278758 0.244101886867066 0.882173
v 2.89197999943003 0.182926700429078 0.882173
v 2.891484 0.215384967581349 0.882173
v 2.96904659273069 0.224154369983164 0.882173
v 2.93133602439984 0.304962921127713 0.882173
v 2.89197999943003 0.244183982790147 0.882173
v 2.89197999943003 0.279742717638931 0.882173
v 2.92939446009279 0.341 0.882173
v 2.92939446009279 0.366698547512284 0.882173
v 2.89197999943003 0.305441265151215 0.882173
v 2.92939446009279 0.427955829873353 0.882173
v 2.89197999943003 0.366698547512284 0.882173
v 2.93176799078776 0.464334270204215 0.882173
v 2.92870357436446 0.491823610727639 0.882173
v 2.9702451232693 0.467099595160353 0.882173
v 2.89197999943003 0.427955829873352 0.882173
v 2.92939446009279 0.55047039459549 0.882173
v 2.89197999943003 0.489213112234421 0.882173
v 2.92939446009279 0.611727676956558 0.882173
v 2.89197999943003 0.55047039459549 0.882173
v 2.89197999943003 0.611727676956558 0.882173
v 2.89197999943003 0.647286411805343 0.882173
v 3.10640086040605 0.270142911410639 1.03235958867334
v 2.891484 0.544765395840123 1.00885505556943
v 3.12573614221486 0.25273048521174 0.915501110060518
v 3.11982841669194 0.258640674539146 0.960984969665299
v 3.11949746549678 0.258924172069041 1.02658078160158
v 3.15996940416392 0.363287883545323 0.882173
v 3.15397635770129 0.362214059356476 1.082173
v 2.989484 0.553924253376732 1.082173
v 2.989484 0.492069139329072 0.94839480017667
v 2.989484 0.491456479496168 1.01006170823571
v 2.989484 0.503177798219652 1.06775408771292
v 2.989484 0.524771847083206 0.918901152916794
v 2.989484 0.529602392740309 0.953810431971114
v 2.989484 0.58059439022585 0.980714559084653
v 2.891484 0.494143205902672 1.0138089235416
v 2.989484 0.445354757122471 1.082173
v 2.989484 0.474275940953303 1.082173
v 2.989484 0.507424932342755 1.082173
v 3.27514097369368 0.421882859999192 1.06024367972627
v 3.27163143272564 0.413689188608779 0.920935085720696
v 3.27051267742292 0.411313674397673 0.968768203416006
v 3.26639630037248 0.402758751115576 1.0453087404445
v 3.2732542305401 0.417134963802552 0.992292433941711
v 3.23980296556375 0.0959482757897277 0.981884493594611
v 3.24131831485517 0.0935910657808391 1.03600311225956
v 3.21984812125537 0.126989144713866 1.01421137035654
v 3.2180172370791 0.129837186765844 1.04156070976571
v 3.2516652313888 0.0774958622840831 0.963090405193815
v 3.27864887837319 0.0355213003083733 0.918971083254633
v 3.26936059197122 0.0499697458225529 0.934296038110347
v 3.25242449529551 0.076314785095878 1.02638269329255
v 3.26818152239125 0.0518038540580484 0.989162944348897
v 3.27916812187486 0.0347135881946569 1.04544484708321
v 3.29066787299468 0.0168250864527125 0.919955554971879
v 3.29078775221729 0.0166386076619869 0.957971966554554
v 3.29190275475371 0.0149041592720007 0.990069065118502
v 3.28995726788452 0.0179304721796361 1.02516621090852
v 3.301484 0 0.918901152916794
v 3.301484 0 0.966147082313632
v 3.301484 0 1.01667248728722
v 3.301484 0 1.04544484708321
v 2.99384861435199 0.682 1.082173
v 3.17213705072787 0.550522051840125 1.02064716354182
v 3.22708630181604 0.355473989696278 0.918901152916794
v 3.22709211585045 0.355478944064635 0.947586296279997
v 3.2267898448829 0.355221367034482 0.979101794255174
v 3.22335903406114 0.352297837627633 1.03106808601358
v 2.989484 0.0646231947514398 1.0146098664899
v 2.989484 0.126547449909221 1.01383291610739
v 2.989484 0.192564191459744 1.01421478360059
v 2.891484 0.0653422293751912 1.0138089235416
v 2.891484 0.12720761367379 1.00859377591633
v 2.891484 0.187856794097328 1.0138089235416
v 2.96680892075555 0.0347135881946569 0.882173
v 2.96525615154435 0.0682874201396117 0.882173
v 2.96680892075555 0.13152960540451 0.882173
v 2.989484 0.0347135881946569 0.882173
v 2.989484 0.0686045278987314 0.882173
v 2.989484 0.104163262747516 0.882173
v 2.989484 0.142304812587053 0.882173
v 2.989484 0.168003360099337 0.882173
v 2.989484 0.203562094948121 0.882173
v 2.989484 0.232011975180746 0.882173
v 3.25975772384938 0.59356479893791 1.04544484708321
v 3.1540438151298 0.221141722852926 0.91861963002107
v 3.13968282249572 0.238016131923795 0.979908769933193
v 3.15653833167595 0.218485435277863 0.982173
v 3.15525875420311 0.219574037800469 1.01589458203179
v 3.13895027118855 0.238864948604738 0.999074520653881
v 2.891484 0.249020355151486 0.950411291146996
v 3.13862309577926 0.239244050986075 0.921760582702599
v 3.13469211064684 0.243798934337261 1.04544484708321
v 3.24502494062055 0.372038562727017 1.06051697657004
v 3.25864768084962 0.390044136700121 0.974658205227845
v 3.257859 0.38875 1.04544484708321
v 3.25537940362309 0.385521277263884 0.921099680432365
v 2.891484 0.186724280350819 0.950715382518078
v 2.891484 0.310371358819466 0.950537076458397
v 3.04298471258135 0.598 0.983424964383477
v 2.989484 0.598 0.982173
v 3.28091860262252 0.439786871822529 0.95083098237793
v 3.15578844040034 0.289268044619501 0.882173
v 3.15349731412566 0.288976585727172 1.082173
v 3.14210986654356 0.627892240211174 0.882173
v 3.14070192668697 0.624273157290632 1.082173
v 3.06850047576217 0.384709668634305 0.900765110957357
v 3.28043151374663 0.437737058928466 1.04541291542083
v 3.28081950443697 0.439369837583858 1.01091891823593
v 2.891484 0.0782586323532931 1.06247740086938
v 3.284269017592 0.454382408055541 0.933173864260517
v 3.3410287699536 0 0.900537076458397
v 3.28421289617528 0.453972272919895 0.98762302626618
v 3.07858315236808 0.681267189623116 0.931428792460334
v 3.28387550836327 0.452230398689834 1.01754387251884
v 3.2804134498813 0.437661040883502 0.978705484252511
v 3.28535730602312 0.199464544234692 1.0514952064233
v 3.139734 0.29725 0.882173
v 3.08967158655772 0.64062979350677 0.882173
v 3.09203413331908 0.642487588350778 1.082173
v 2.989484 0.255918186206031 1.06147719063844
v 2.95302820244808 0.632709688263064 1.082173
v 3.31932606591538 0.145057007736025 1.03288650488306
v 3.27819369627968 0.126633475655772 1.082173
v 3.29733320269999 0.105997524656863 1.082173
v 3.0560926834954 0.637453942705692 0.882173
v 3.06034175508014 0.640307539012057 1.082173
v 3.27496479944411 0.215266153680406 0.927329887035265
v 2.989484 0.405986093655448 0.919718794078931
v 2.989484 0.411017284832268 1.01454641181497
v 2.989484 0.461688915034715 0.977972191710354
v 2.891484 0.319077435655393 1.06340081144724
v 2.95590177615875 0.667385735430378 0.882173
v 2.90987149351491 0.169737712678982 0.882173
v 2.92939446009279 0.682 0.882173
v 2.96591966790728 0.682 0.882173
v 3.14083396853075 0.672782643338312 1.03373883215929
v 3.38274491269561 0 0.929394103309995
v 3.39246301281121 0.0359976956727949 1.04021803652786
v 3.40410324036965 0 0.895564111777485
v 3.1120976447275 0.299017557674849 1.082173
v 3.18622105832807 0.486178369215239 0.973054206840724
v 2.989484 0.469799205295709 0.91250775217913
v 3.24502494062055 0.372038562727017 0.903829023429965
v 2.989484 0.274997982593593 0.919447656138731
v 3.01960098670611 0.323244762030829 0.882173
v 2.96879284521208 0.411741494112758 1.082173
v 2.989484 0.560709979935019 0.897742374539686
v 3.30395256062122 0.170036542116879 0.971024102808364
v 2.891484 0.664187781346357 1.04496264064493
v 3.25148132324616 0.38044552346082 0.937233722190443
v 3.27440959042059 0.419782486988052 1.03446300281449
v 3.18338234689863 0.658439048226512 0.965412430819626
v 2.96627212450167 0.422979335842731 0.882173
v 3.28716175918374 0.496191132246534 1.04601780459392
v 3.0238933843056 0.3625 0.882173
v 3.28586478204992 0.517084760498219 0.913840021607068
v 3.28621195283482 0.511492019400248 0.952814170652906
v 3.28582258594156 0.51776451789633 0.996180173062622
v 3.28621195283482 0.511492019400248 0.968456439387748
v 3.34197708217599 0 0.882173
v 3.28746294069081 0.490520596856724 0.919675853596114
v 3.28740863182061 0.489284286451036 0.944947296162876
v 3.28747301773405 0.490749994989377 0.969009987894509
v 3.28732387962961 0.493579456034582 1.0089577224185
v 3.03730190548668 0.295781314549431 0.918354052348924
v 3.036657 0.295802 0.951375782445624
v 2.9691274295377 0.252697339143786 0.882173
v 2.9695517313855 0.253136843400572 1.082173
v 2.989484 0.429718361360879 1.06695581099075
v 3.03676304766939 0.295798598503396 1.02851483249559
v 3.036657 0.295802 1.04881729537904
v 2.97217576753632 0.0519502122545121 0.882173
v 3.05219165104381 0.682 0.990577340936398
v 2.9466225333783 0 0.984645868202361
v 2.891484 0.587845335726137 1.05733765665478
v 3.24271722539119 0.615443918330498 1.05980217380068
v 3.24258244391157 0.615577157773986 0.905938526500187
v 3.24378092275718 0.61439239073569 0.931818540248572
v 3.24378572402119 0.614387644402979 0.975836788363735
v 3.245152 0.613037 1.00416724974938
v 3.22928296623314 0.628724476008059 0.915333423205874
v 3.2292202200582 0.628786504303443 0.942270574753114
v 3.10947733814346 0.267507556554386 0.916593898266638
v 2.91339731646683 0.646458577306588 0.882173
v 3.0573980005281 0.682 0.967074021145931
v 3.10745600234041 0.269239061729905 0.971834293059498
v 2.989484 0.423757282361069 0.882173
v 3.18121324943603 0.659347578684397 1.06255995869028
v 3.16854155644991 0.664208391534773 0.963845941470746
v 3.16126519775509 0.666999574834946 1.04420265481118
v 2.989484 0.175601636316157 1.0638089235416
v 3.36214021876241 0 0.913061948317573
v 3.1835608445616 0.658342795919843 1.02432901967072
v 2.9104392300464 0.533768498456171 1.082173
v 3.18066316582255 0.659558588649687 0.98835317414907
v 3.15737641493376 0.668491297016894 0.922432851455811
v 3.34082062534759 0 1.082173
v 3.15494399411855 0.669196773169077 0.951261989089952
v 3.18606642580695 0.504659797378088 0.964619080188075
v 3.15211793586163 0.6699149772529 1.00110738162226
v 2.94993351886597 0.302577332632797 1.082173
v 2.891484 0.629838447510818 1.04714144113592
v 3.18963092044571 0.331228360279173 0.972143266580533
v 3.02056495891655 0.384 0.908054166432454
v 3.19014698299349 0.33145938179405 1.04297883206295
v 3.11907455314394 0.39383526571769 1.02127687007359
v 3.03145026133688 0.665518037607215 0.882173
v 3.01074889462654 0.660308576861358 0.882173
v 3.173484 0.324 0.903819435812676
v 3.173484 0.324 0.939874050529439
v 3.31891861089322 0.073770074782298 1.082173
v 3.095326 0.594815 0.926531675199025
v 3.09689306177278 0.594475309184839 0.988069806512278
v 3.09571069492905 0.594731609966302 1.01232435798698
v 3.09486062993287 0.594869669732083 1.04073819576864
v 3.18598182540809 0.480246343621679 1.0422285714685
v 3.10233669022515 0.593692234108053 0.961177939179302
v 3.22597607376736 0.488522557146243 0.882173
v 2.989484 0.475191706740686 1.06364772619853
v 3.285712 0.519545999999999 1.02099294494284
v 3.2853195746063 0.521536895840417 1.04895030445029
v 2.9594392300464 0.574235197297745 0.882173
v 3.023166307176 0.622643205902672 0.882173
v 3.13393238709681 0.400035627948668 1.01100526317162
v 3.13237365290235 0.399385148433411 1.03780173412806
v 3.24219713479236 0.0922240125452186 1.082173
v 3.25955580533826 0.0652216361404792 1.082173
v 3.02959390217192 0.632677476081805 1.082173
v 3.27916812187486 0.0347135881946569 1.082173
v 2.989484 0.541359020208507 0.983687143363355
v 3.18464671580349 0.470327159342162 0.902703328774254
v 3.28032860544366 0.174012653380653 1.082173
v 3.2866578352689 0.472192831851699 0.926777534839017
v 3.28639566308441 0.469923926578863 0.952458353570164
v 2.91832331061472 0 0.972594227320106
v 3.286635 0.471673 0.981437520860184
v 3.2862344191901 0.46874555670995 1.01498280628856
v 3.28663940538873 0.471773286157774 1.04397061849749
v 3.28433041121208 0.454831072436661 1.04426316784453
v 2.93988810650708 0.682 1.05574600453227
v 2.94888176405884 0.459568123747237 1.082173
v 3.19549658539372 0.164136812113481 0.967588030316477
v 2.97224188764267 0.0194783061108343 0.882173
v 2.93042362948826 0 0.947378937789925
v 2.92939446009279 0 1.00958963510995
v 2.92978005855372 0 1.04485802312502
v 2.96817621855023 0 0.915439954236686
v 2.9594392300464 0.3185 0.882173
v 2.96414071629269 0 1.01734147376177
v 2.97063925056701 0 1.04691278756821
v 2.891484 0 0.918901152916794
v 2.891484 0 0.944005827947392
v 2.989484 0.000272855334830828 0.919224476423748
v 2.989484 0 0.943713438367654
v 2.989484 0 0.979568650340909
v 2.891484 0 0.978477621737608
v 2.891484 0 1.0072776750306
v 2.891484 0 1.04544484708321
v 2.9299339808176 0 0.882173
v 2.891484 0.659467120386237 0.998500335186925
v 3.21808182449379 0.287019417977413 0.90154956838349
v 3.01865404622881 0.598 1.05461687519894
v 2.9104392300464 0 0.914245394013372
v 3.0115025856147 0.384 1.05152439842275
v 3.22223200114992 0.282660663690059 1.01701856078728
v 2.891484 0.511502185543172 0.96795331691945
v 3.41026642805972 0.0113594113287543 0.901073158867531
v 3.07683916014224 0.385079144594171 0.982354806419904
v 3.04911094970516 0.384 0.954809728537809
v 2.891484 0.643117636572546 1.04295801133061
v 2.96352413975025 0.362687330198224 0.882173
v 2.9594392300464 0.3625 1.082173
v 2.96398690000617 0.682 0.997082447107411
v 2.95848031605041 0.682 0.938362698680714
v 3.26794573849359 0.225525749001137 0.901322260696064
v 2.94605840651955 0.625954836000367 0.882173
v 3.28411471788003 0.201368959395897 1.00741455419698
v 3.22167281977946 0.590237122158468 0.882173
v 3.22026751364308 0.593645656545691 1.082173
v 3.07461038124347 0.356636059477094 0.882173
v 2.989484 0.47809546598405 0.898761387396805
v 2.989484 0.384 0.982173
v 2.989484 0.465252285989156 0.882173
v 2.989484 0.489199281283045 0.882173
v 3.29352081730757 0.186689530101436 1.0650412168108
v 3.35596318495953 0 0.956968523497016
v 2.891484 0.568757895469128 1.01298492020062
v 3.1900885603005 0.624135278738643 0.882173
v 3.18714184933902 0.624028630658291 1.082173
v 3.023166307176 0.3625 1.082173
v 3.046075153588 0.682 1.05031884122251
v 3.18526685079926 0.474934446474311 1.02108976664769
v 3.28130509659521 0.0892137567750094 0.882173
v 3.07368364236739 0.681540364051773 1.04890798145024
v 3.256682379961 0.241260634070383 0.952206064884667
v 3.35526648807707 0.0436140751479717 0.882173
v 3.22959880767615 0.399752720268079 0.882173
v 3.01260366138556 0.682 1.04768727004391
v 3.30560773864622 0.0349484167951554 1.082173
v 2.91068722976141 0.519841753414956 0.882173
v 2.91403384869478 0.576071887005924 0.882173
v 2.94810169042417 0.407187376029319 1.082173
v 2.91458893448411 0.40284998055293 0.882173
v 2.891484 0.665140286707779 0.977058082352576
v 2.891484 0.494143205902672 0.963565472980106
v 2.891484 0.435923112099018 0.966979995733043
v 2.891484 0.558255595371382 0.959358844091617
v 2.891484 0.374371978322366 0.958770909644842
v 2.891484 0.61555328721188 0.968450190663504
v 3.2190746156944 0.509885923541603 1.082173
v 2.891484 0.257011334476838 1.06396614180955
v 2.989484 0.176893043811533 0.900537076458397
v 2.989484 0.276169648578124 1.04751721372255
v 2.989484 0.258120828080131 0.979871114567145
v 2.989484 0.512469528402211 0.9813862527932
v 2.989484 0.13609878711184 0.949389084538766
v 2.989484 0.19773957092638 0.956427256825919
v 2.989484 0 1.01802821197326
v 2.989484 0 1.04284049742412
v 3.39708727549494 0.0295857104395059 0.90545212490032
v 3.24099038864391 0.0941011732205841 0.945422817726142
v 2.9570003865552 0.579302596510916 1.082173
v 3.40647036199536 0.0166074771327476 1.05003797745188
v 3.40070621376198 0.0245797331214399 1.00760491103649
v 2.96085608186592 0 1.06307627085719
v 3.23180609380805 0.225831050644632 1.082173
v 3.1487043172318 0.268604855121914 0.882173
v 3.1537600385648 0.268985858819466 1.082173
v 2.93166553372595 0.646265536633109 0.882173
v 3.18534447059675 0.475511122031388 0.922860617044315
v 2.95753019867711 0.682 0.969600730060129
v 3.28024363008989 0.546777643831216 1.04089889360137
v 2.989484 0.55438409109402 0.96655974657212
v 3.27141349573206 0.571525977851474 1.0566960106838
v 3.27110733396676 0.572104870818572 0.917640351016292
v 2.989484 0.0173567940973284 1.01250674871206
v 3.27091834466074 0.572462213218928 0.9705018261821
v 3.27015164524299 0.573911894240911 0.998579805048524
v 3.27020786502961 0.573805593445799 1.02967166088325
v 2.891484 0.664643205902672 0.95550255397077
v 3.11517540593017 0.318460921652688 1.082173
v 3.15434429206085 0.220754005309089 1.05262281280631
v 3.15610240946279 0.218485435277863 0.951634970509123
v 3.03026055179662 0.682 1.082173
v 3.27991865711266 0.547705353850685 0.917202393327045
v 3.27967615861144 0.548397621531518 0.949493301667797
v 3.21442687897061 0.240365707799957 1.082173
v 3.28050032111452 0.545986464815358 0.978501061743193
v 3.27932259570383 0.549406948075219 1.00955601978286
v 2.989484 0.170033768581627 1.01511451010608
v 2.989484 0.110248157859193 0.950537076458397
v 2.989484 0.173503936542164 0.947528274934406
v 2.989484 0.526501064575414 1.00894552827415
v 3.23863575861937 0.392815496457968 1.082173
v 3.28126697001088 0.0816214208679455 1.082173
v 3.31921338918944 0.0349456391624854 0.882173
v 3.17864071105372 0.53761408145853 0.91922492295479
v 2.989484 0.557833371791697 0.940214558608295
v 3.32649255970501 0 1.01195849403034
v 3.33016243702471 0 0.953464393040894
v 2.97513085847752 0.682 0.919957829926886
v 3.18824336630807 0.313479210862281 0.923202645409661
v 3.2172366156944 0.524811923541603 0.882173
v 3.21170397723914 0.530037141385759 1.082173
v 3.20627678698103 0.298286084570616 0.940037944130105
v 3.20370909306265 0.300686324350324 0.913449531643304
v 3.18327636053592 0.463429721019072 0.923150833315644
v 3.07114374389345 0.681654821853471 0.984822855389532
v 2.96498935508862 0 0.968829243302993
v 3.18491550032751 0.657612317211928 0.944244879175574
v 3.164516 0.560966 1.05132714568161
v 3.37406520703597 0.0616944533561119 0.90448209399937
v 3.10780756232773 0.309627560957802 0.882173
v 2.97247769056666 0.497135923541603 0.882173
v 3.21851242733084 0.467950515141149 0.882173
v 3.21599219849814 0.475003892822713 1.082173
v 3.22971010224179 0.111648285401656 0.901529705176542
v 2.91254067840845 0.0315531952326452 1.082173
v 2.93022006760185 0.0948112255902889 1.082173
v 2.93923334913384 0.132534459978289 1.082173
v 2.91349033045536 0.0702723230434416 1.082173
v 2.90981093689984 0.0966723372012833 1.082173
v 2.9326839924658 0.156800682558285 1.082173
v 2.92939446009279 0.192786887765579 1.082173
v 2.96813249959547 0.194518129076924 1.082173
v 2.9661223913235 0.225470257749396 1.082173
v 2.90795916179604 0.19353491765361 1.082173
v 2.91426169575292 0.253337087275503 1.082173
v 2.9140797078242 0.280512691111613 1.082173
v 2.93220089458122 0.347581088498251 1.082173
v 2.93216537735916 0.377305414899996 1.082173
v 2.91686473668931 0.315572755315766 1.082173
v 2.91349033045536 0.341 1.082173
v 2.90687883326822 0.498978649342761 1.082173
v 2.891484 0.542765149829135 1.082173
v 3.18645613864402 0.495417273028454 0.989893248693268
v 2.89159162356719 0.592822382522939 1.082173
v 2.891484 0.0347135881946569 1.082173
v 2.891484 0.0656933143090744 1.082173
v 2.891484 0.113964173301655 1.082173
v 3.20073092392782 0.249114076458397 0.882173
v 2.891484 0.175221455662723 1.082173
v 2.891484 0.218485435277863 1.082173
v 2.891484 0.249664409331758 1.082173
v 2.891484 0.279742717638931 1.082173
v 2.891484 0.310416760113916 1.082173
v 3.02121237877602 0.598 0.907404388215445
v 2.891484 0.35737476712067 1.082173
v 3.38483023086399 0.0466078941613901 1.01518305121945
v 2.891484 0.420250585106998 1.082173
v 2.891484 0.481507867468067 1.082173
v 2.989484 0.0915336906536238 0.902400595164397
v 2.891484 0.499073299570922 1.082173
v 2.989484 0.157822268891765 1.0638089235416
v 3.18558075141148 0.657253590098751 0.915011832064837
v 3.29300094833589 0.142907774810837 0.882173
v 3.26134391079993 0.186731409001127 1.082173
v 3.04110378630247 0.682 1.00173353061776
v 2.891484 0.543354590030501 0.947968643688792
v 2.989484 0.254882026514819 0.925821208029653
v 3.14868770209424 0.409145818944732 1.02088128903793
v 3.15846576956294 0.312536609242104 1.082173
v 3.17375386682017 0.437937073059497 1.0469962343449
v 3.175521 0.440889 1.02665993573132
v 2.9890383067252 0.261707508117636 0.882173
v 3.28739844868183 0.492164725511979 0.988983855156506
v 2.891484 0.433074489105673 0.93713974950759
v 2.891484 0.431930672077253 0.996722525522907
v 2.891484 0.554272164133768 0.928322914387746
v 2.891484 0.374509568056895 0.931105815150458
v 3.17620076651656 0.442547666811941 1.00611559334978
v 2.891484 0.62211298427959 0.93711475531282
v 2.891484 0.614080541002838 0.993125496367012
v 3.168405 0.429002 1.05265413763481
v 3.16847300265747 0.429115595782646 1.0073195540909
v 3.18624610136888 0.498562952296269 0.9152575381379
v 3.1666674872019 0.426941273066743 0.938875877766011
v 3.16890520671346 0.429837575773313 0.907811260728217
v 3.16891133719279 0.429847816499534 0.96928699358822
v 3.17655529914956 0.443412745479081 0.900273799138136
v 3.1752580757859 0.440449795371975 0.95189531269294
v 3.1763926774997 0.443015939918692 0.978706035111842
v 3.17302899360087 0.250896802489213 0.882173
v 3.28903686801956 0.0686656274004961 0.882173
v 3.27182970159964 0.0461289086227849 1.01387837190433
v 3.2173135385648 0.388704641180534 1.082173
v 3.1227569228704 0.67679475633677 0.949379936677818
v 3.1227569228704 0.67679475633677 0.980949374268394
v 3.12301950618765 0.676757207057442 1.0133397753116
v 3.12770938942483 0.676086556166396 0.902635105181228
v 3.12421734101006 0.676585917293849 1.04396418405948
v 3.20498744668985 0.149808095335855 0.900537076458397
v 3.33883665863208 0.0618551366304282 0.882173
v 2.989484 0.150946744235265 1.0141254830071
v 3.25841479950097 0.389662004561112 1.01328390978196
v 3.34771236140015 0.0622962846835879 1.082173
v 3.24462315813397 0.0884501984582649 0.914145138782703
v 2.891484 0.549663899891749 1.06284278744857
v 3.20109316629068 0.155687439596751 1.04099807498196
v 3.20905274835811 0.143670553715292 0.965229899858843
v 3.21297138033262 0.13768629726037 0.986873312261897
v 3.25900878242584 0.594398494879634 0.91555963081685
v 3.40275574012082 0.0217450820807842 0.974794300094113
v 2.891484 0.387947242500859 1.082173
v 2.989484 0.419007080998352 1.082173
v 2.989484 0.477127241489086 1.04284090876295
v 2.95262867187469 0.608750867272761 1.082173
v 3.02487243253309 0.645360460029108 0.882173
v 2.989484 0.40734269670279 1.06155404394327
v 2.989484 0.409408785017502 0.964160427371868
v 2.989484 0.461694100729189 1.02532181852983
v 3.1972430385648 0.371605641180534 0.882173
v 3.1972430385648 0.371605641180534 1.082173
v 3.173484 0.324 0.99808288060005
v 3.173484 0.324 1.02626907434026
v 3.173484 0.324 1.04599672528438
v 3.17354002160424 0.323960066613087 1.06732847311175
v 3.20939302159454 0.643839218755127 0.920584079503725
v 3.17574777419961 0.441442341227506 0.92264239296351
v 3.15968902652079 0.418664671079117 1.05855970240843
v 3.15809984809749 0.417159376293195 0.918901152916794
v 2.96162153722239 0.341 0.882173
v 3.03244552575792 0.337542471488204 1.082173
v 3.14533524422777 0.406910009038366 0.946815597509448
v 3.147854 0.408436 0.925517736410204
v 3.14928867871124 0.409657494027524 0.973755310999335
v 3.14872267828243 0.40917559788036 1.00093918316684
v 3.147854 0.408436 1.04304149352012
v 3.18042362788586 0.452851675370839 1.05065421205607
v 3.18048713827108 0.453006644122027 0.995023236428186
v 3.33391832924015 0.12148803554005 0.985253008231552
v 3.30150282764142 0.174001721933936 0.927590599031987
v 3.29555726332971 0.183461254853704 0.984697854403803
v 3.31159345232949 0.157668863747167 0.951988091520174
v 3.0260756914816 0.341 0.882173
v 3.3493792469635 0 0.976339442295187
v 3.0905298457408 0.341 1.082173
v 3.08787399569743 0.339170656674838 0.882173
v 2.96162153722239 0.341 1.082173
v 3.2496652706064 0.378080811807508 0.989013526513264
v 3.30865852513182 0.0946060968636222 0.882173
v 3.27014785220067 0.0487451187989584 0.882173
v 3.24429279334356 0.0889640992433487 0.882173
v 2.93487065874542 0 0.915842834099711
v 2.94004741619455 0.237966817785702 1.082173
v 3.22440194989317 0.280381658680956 0.932054890393449
v 3.25167753122148 0.118936437722886 0.882173
v 3.26863044833589 0.181741274810837 0.882173
v 3.39046013922748 0.0387748726459473 0.989046587383636
v 3.34906371145481 0.0980489228336006 0.923713357052532
v 3.39720088377642 0.0294281816239805 1.06066692725666
v 3.32582075429565 0.134458815135358 0.929219831315127
v 3.17952766867318 0.18717780834572 0.909932062907733
v 3.031317812982 0.682 0.985759186929631
v 2.989484 0.571307072555429 1.06277716304326
v 2.989484 0.515283527436476 1.03125389357405
v 3.21996915799394 0.167541066954452 1.082173
v 3.38015725069519 0 1.082173
v 3.16278769144084 0.254102217489547 1.082173
v 3.40142197326344 0 1.00548660558134
v 3.09323868938925 0.363512601379899 0.882173
v 3.37903876386089 0 1.04477887675711
v 3.09051879962644 0.363831903334012 1.082173
v 2.989484 0.463041484810603 0.933865934888335
v 2.989484 0.407765241907626 0.899452682269611
v 3.39717598152671 0 1.03309440909124
v 3.418484 0 0.952402266906364
v 3.418484 0 1.00958963510995
v 3.418484 0 0.990618938936353
v 3.418484 0 1.04419774822205
v 3.41842902007415 7.60005019874832e-05 0.918751346408456
v 3.418484 0 0.978124752116611
v 3.095326 0.594815 1.06243210637783
v 3.36229174481667 0.078595837141668 0.995921035809183
v 2.92153295465452 0.220248088803365 1.082173
v 3.26019967850241 0.592729147758019 0.950742208783541
v 2.96680892075555 0.0347135881946569 1.082173
v 2.96859445324404 0.0659702052592563 1.082173
v 3.18111775482859 0.455091381848683 0.947753541346247
v 2.93648240659854 0.0229906397284219 1.082173
v 2.96961277167848 0.109266506548712 1.082173
v 3.26781584017935 0.405587332648422 1.01245021070466
v 2.989484 0.0347135881946569 1.082173
v 2.989484 0.0660783712467722 1.08214005615634
v 2.989484 0.0933880555649734 1.082173
v 2.989484 0.1298618102598 1.082173
v 2.989484 0.165420545108585 1.082173
v 2.989484 0.203562094948121 1.082173
v 2.92939446009279 0 1.082173
v 2.98148979339036 0.682 1.0643750888785
v 2.891484 0.216620492801622 1.01145535092359
v 2.989484 0.0942827283771022 1.01293377990049
v 2.891484 0.524771847083206 1.0138089235416
v 3.38184242089465 0 1.01329049023542
v 2.989484 0.0377732531905481 1.01427156164537
v 2.989484 0.218485435277863 1.0138089235416
v 3.07023321983813 0.597367840314084 1.0138089235416
v 2.891484 0.0347135881946569 1.0138089235416
v 2.891484 0.0959708705557255 1.0138089235416
v 2.989484 0.492069139329072 0.980030723718273
v 3.2516652313888 0.0774958622840831 0.994726328735418
v 2.891484 0.157228152916794 0.950537076458397
v 2.891484 0.218485435277863 0.950537076458397
v 2.891484 0.279742717638931 0.950537076458397
v 2.9970376088138 0.682 0.991440745762995
v 2.891484 0.342018228294881 0.952727585933299
v 2.891484 0.393964729190222 0.97875904048406
v 2.891484 0.584474809846049 0.953812201425475
v 2.891484 0.646844021785378 0.973271178601047
v 3.38093137559083 0 0.952364158265615
v 2.93456966593134 0.682 0.948455395683485
v 2.989484 0.0352117761120719 0.949385062356962
v 3.16832604469707 0.202712784068932 0.953060242268888
v 3.07991892446328 0.286514992506349 0.955451041414349
v 3.20438474079072 0.647113808309924 0.964724843596084
v 3.05429218973149 0.294250798665449 0.96882815790174
v 3.20729071556458 0.340962806260669 0.950531511802034
v 3.20512174413472 0.339747417039654 1.01452597322768
v 2.989484 0.540041094087685 0.929010290856098
v 3.10945013390344 0.289447890346749 0.882173
v 3.020984 0.384 0.882173
v 3.0186010759329 0.384 1.082173
v 3.020984 0.598 0.882173
v 3.020984 0.598 1.082173
v 3.2368045811729 0.266449130349205 1.00141498443764
v 3.13800399611295 0.239961409782354 0.949839239661582
v 3.33655888683075 0.117324109792223 1.0067378115499
v 2.94574865574726 0.0448317755579171 1.082173
v 2.95530867658197 0.381146740033958 0.882173
v 2.989484 0.243655659287704 1.00226285183221
v 3.21679791870851 0.383377838344164 0.882173
v 3.0176380668774 0.317266461009931 1.082173
v 3.26476508882427 0.23015196407498 1.0144199575471
v 3.18221953932012 0.219432422084769 0.882173
v 2.891484 0.162501796777652 1.05045614465156
v 3.12328164823911 0.255217258340038 1.05827105274363
v 3.11927194777411 0.616649954205946 1.082173
v 3.28679826596899 0.502046819215198 0.934119658932276
v 3.17280601867391 0.549362091357379 1.05565042744559
v 3.31034869459472 0.0174728195812427 0.882173
v 2.9594392300464 0.604863838478279 0.882173
v 3.20641701813211 0.147649816580073 1.0142779271874
v 3.14763726035688 0.408304688048251 1.06254602504221
v 2.891484 0.492536642982018 0.928531032462479
v 2.891484 0.495602418079326 0.985784901352558
v 3.25204525281107 0.49111274184237 0.882173
v 3.2516652313888 0.494143205902672 1.082173
v 2.96422652399555 0.467882228412564 1.082173
v 2.93221346269043 0.521557475134784 0.882173
v 2.891484 0.249114076458397 0.918901152916794
v 2.891484 0.248567784473896 0.980972824829617
v 2.891484 0.432820261999365 0.913726178115619
v 2.891484 0.556087895755383 0.9877723831128
v 3.18151286665485 0.247294492356792 1.082173
v 2.93133731278639 0.593066639754503 1.082173
v 2.891484 0.274341225695648 1.00822979304342
v 2.891484 0.250909840883864 1.04544785610817
v 2.92939446009279 0.213555341609612 0.882173
v 2.9323257955672 0.395382576770175 0.882173
v 2.891484 0.450879226287532 1.082173
v 2.96542680038101 0.0995622811864325 0.882173
v 2.891484 0.0689099395374083 0.920217453533789
v 2.891484 0.125961203234429 0.916351099726974
v 2.891484 0.0906648010935469 0.945995073642286
v 2.891484 0.187709056418151 0.920842921480728
v 2.891484 0.189234856957455 0.982619930562813
v 2.989484 0.0658958142635737 0.984420895613986
v 2.989484 0.127112553432408 0.98203346100515
v 2.989484 0.0652250871117031 1.04779464867637
v 2.989484 0.155747043320456 0.922513270286712
v 2.989484 0.187749044177579 0.983566420927763
v 3.25480930070074 0.12797964079327 1.082173
v 2.891484 0.0653422293751912 0.982173
v 2.891484 0.0667753889593627 1.04133515392808
v 2.891484 0.125166936089106 0.98529639118205
v 2.92441462185877 0.15509002730352 0.882173
v 3.31372129259629 0.0693945772840618 0.882173
v 2.891484 0.152419191530312 1.06703805356735
v 2.891484 0.144592814482189 1.082173
v 2.891484 0.310404534336626 0.921994185943713
v 2.891484 0.309852098723021 0.981015458420946
v 2.891484 0.371176322319225 0.912260869965933
v 2.891484 0.33262752539166 1.00742939809733
v 2.92939446009279 0.407187376029319 1.082173
v 2.891484 0.312238560011543 1.04416682323464
v 2.891484 0.375285984685393 1.04576397125878
v 2.891484 0.396185177454367 1.06527021419434
v 2.9292946664751 0.275154568006286 0.882173
v 2.891484 0.616657770624809 0.918901152916794
v 2.9384197383896 0.585407515535493 0.882173
v 3.17788495292186 0.539282823424414 0.954301982890425
v 3.28345539466689 0.153354866762798 1.082173
v 3.18618163165741 0.48485561375727 0.909971086752215
v 3.28115394367107 0.0316245320672261 1.0017417243512
v 2.9589725471536 0.298426769048019 0.882173
v 3.22788839667178 0.114482049621674 0.882173
v 2.9578166127062 0.385338337513532 1.082173
v 2.891484 0.447970384448754 1.01210496181008
v 2.92886743108998 0.0314747956349715 0.882173
v 3.40674070098116 0.016233577727109 0.914033525574319
v 2.96120130849921 0 0.882173
v 2.9594392300464 0 1.082173
v 2.989484 0.489821636525491 1.05495895210736
v 3.25837631266413 0.0670564025224648 1.05411964189598
v 2.891484 0.218836392087368 1.06217785143142
v 3.20975449719061 0.611408981718121 0.882173
v 3.20671279228603 0.612892167036331 1.082173
v 3.23146346448367 0.108920833025409 0.933076125823147
v 2.891484 0.0305770953070162 0.944819449007205
v 2.891484 0.61011528417798 1.05450516003166
v 3.32694862664069 0.132646254908866 1.0578410754562
v 3.39516892073986 0.0322456939229465 1.02123509236851
v 2.989484 0.274559090621119 0.96573635320626
v 3.34160490251278 0.110076273010578 0.882173
v 3.11655517173024 0.617826818628863 0.882173
v 2.94550799865759 0.682 1.00695476476412
v 2.9847826301319 0.682 1.04706442212384
v 3.33671956753582 0.117070730533464 0.908321470688405
v 3.03191165913835 0.384 1.06909258060468
v 2.989484 0.498423621354269 1.03963195051421
v 2.94209785611149 0.655914321129321 1.082173
v 2.96073883691024 0.168884899541886 1.082173
v 2.989484 0.489250352842548 0.920818841058987
v 2.989484 0.459921332181603 1.04151978246569
v 2.989484 0 0.998798431157083
v 2.9107089904088 0 0.882173
v 2.97660499195033 0.682 0.947319251085851
v 2.90339364211396 0.682 1.04391418389582
v 3.2272460664879 0.115481229907714 1.082173
v 2.91075295630524 0.591377183475112 1.082173
v 3.32338016692717 0.098492395052962 1.082173
v 2.97735264811927 0.352033080894738 1.082173
v 3.07021320075692 0.290187494069458 0.971252729851213
v 2.91094400230959 0.397375032861896 1.082173
v 3.245152 0.613037 1.03307476733791
v 3.0130705 0.295901 0.898850852310482
v 3.40318402690403 0.0211527288424336 0.933503658656067
v 3.00776150916502 0.634029018618038 0.882173
v 3.006325153588 0.610321602951336 0.882173
v 2.9118115183769 0.136925556720264 1.082173
v 3.25900464350989 0.066078998984617 0.90085076448459
v 3.00488827789265 0.598 1.00294380022255
v 3.00751071677336 0.598 0.960414747972078
v 3.02657000762877 0.598 1.00617880337233
v 3.02577715721068 0.598 0.960068970550612
v 2.96602300060699 0.280029860564032 1.082173
v 3.04891998082441 0.384 1.05755335320129
v 3.0485562515845 0.598 0.954008860478186
v 2.91039995383145 0.0331551651251758 0.882173
v 2.989484 0.210706210963686 0.908827250289589
v 2.989484 0.148138690174482 0.902287838968251
v 3.1077631629718 0.268975943537382 1.00214025614884
v 2.989484 0.123234037667284 0.882173
v 2.989484 0.185794857759181 1.082173
v 3.23967705729953 0.36703039084015 0.935269456995166
v 3.10636643763829 0.270172398446109 0.940310100285656
v 3.28620785104433 0.0237628983754882 0.882173
v 3.26438161249346 0.398637530837608 0.946798282374755
v 3.0225221825366 0.296 1.00703026934995
v 3.23128515090802 0.359051994848139 1.05456534682704
v 3.01829771929669 0.598 0.983237312506421
v 3.32275028646914 0 1.06142606330529
v 3.18617974716491 0.484792389480513 0.996543317906412
v 3.19188431883237 0.388258957647893 1.082173
v 2.989484 0.412079303506825 0.940024886429593
v 2.989484 0.413062161238019 0.988294552484739
v 2.989484 0.412170363200754 1.03939580705905
v 2.989484 0.465051854496804 1.00429323544491
v 3.20075117107335 0.398016174902871 1.082173
v 3.18392263974545 0.604500701928556 1.082173
v 3.37455938584 0.060999017034672 0.945291742615896
v 2.891484 0.0323419784553055 0.963327443476901
v 3.23599958837196 0.505819650591391 0.882173
v 3.23400431425237 0.533548840942892 1.082173
v 3.01073352516286 0.296 1.05382912380764
v 3.00565046866504 0.296 1.0084488100478
v 3.007747920668 0.296 0.958913284957538
v 3.00231673245588 0.296 0.912666712578297
v 3.00519342972166 0.384 1.00691846616838
v 3.00393044834227 0.384 0.954728413353668
v 3.02843301789459 0.384 1.00474416356387
v 3.02482644315093 0.384 0.955891861454476
v 3.36931297279745 0.0684362982606126 1.05619666726306
v 3.18151988972793 0.528796763233741 1.05174360319126
v 3.31176134230648 0.157397114150876 1.00419457810258
v 2.9104392300464 0 1.04544484708321
v 2.97773507578719 0.682 0.977428485438339
v 3.22084302311949 0.350353092814252 1.05340992930588
v 3.03021128321955 0.384 1.05453887581202
v 3.32512157047521 0.135591912236233 1.0110233486986
v 3.3718799448419 0.0647776296249378 1.00757600171844
v 3.2594624497717 0.593788275213274 1.01568905809979
v 3.13713856415257 0.312552967756424 1.082173
v 3.28601054201108 0.514736643200789 0.934164676691009
v 3.1878585385648 0.313753524234331 0.990133804420804
v 2.92106187075426 0.682 1.05574600453227
v 3.2468395847856 0.212164133759255 0.882173
v 3.29032606093743 0.0173567940973284 1.0638089235416
v 3.2879018413009 0.0211278024208283 0.901672874512588
v 2.989484 0.056714559608579 0.933709413560892
v 2.989484 0.0988535195808456 0.929932549183415
v 2.989484 0.0565927097051256 0.962329847704588
v 3.01150738603262 0.682 0.955381273949175
v 2.90248716522768 0.295079738876424 1.082173
v 3.0036745832072 0.384 1.06850611647459
v 3.13967273005395 0.403479368583012 1.02618239343095
v 2.989484 0.516399460962284 0.882173
v 2.989484 0.570799820320761 0.882173
v 3.24144663209306 0.368585391809706 1.03380791621154
v 3.37832259859545 0.0253104377086745 1.082173
v 3.26541667663183 0.05610472523937 1.03590354968011
v 3.26117464630594 0.0627034390796481 1.00805412808787
v 3.17159247921241 0.198346450364319 1.05359510818491
v 3.21704225 0.17440625 0.882173
v 2.9761735378842 0.62056361231536 1.082173
v 2.95235171410782 0.536633754763128 1.082173
v 2.891484 0.630945161585351 0.985214087399702
v 2.891484 0.570762221367831 0.941511005782297
v 2.891484 0.356314320590267 0.94123331294845
v 2.891484 0.601343450034542 0.94123331294845
v 3.22465613536302 0.243482467638931 0.882173
v 2.989484 0.462979953732058 0.954489656237758
v 3.301484 0 0.994786402335696
v 2.90923691125147 0 1.02676840725724
v 2.989484 0.502743652091494 0.899560243302077
v 2.99310705451926 0.682 0.90513144760822
v 3.04079737641801 0.682 0.931987471235538
v 3.01757094294976 0.682 1.06829305689045
v 3.26907838435646 0.0504087354455081 0.907889824452574
v 2.891484 0.424521929930725 1.02294296915531
v 3.14230113581542 0.579042640850801 0.954895187711965
v 3.14266469345206 0.578862591499049 1.00975075090791
v 3.21961432210519 0.349501924241448 1.00351721050562
v 3.14834342184883 0.339525589620009 0.882173
v 3.14773565901174 0.32891391699912 1.082173
v 2.94810169042417 0.115041645475494 1.082173
v 2.91068722976141 0.121669418068009 0.882173
v 2.90809604366122 0.546157986281812 0.882173
v 2.94900668706877 0.187714973965411 1.082173
v 2.93758965783816 0.066018239170243 1.082173
v 3.18444468481724 0.467942765752319 0.940578630856272
v 3.19158077564279 0.332159697385726 0.999887886213677
v 3.2502926814507 0.07963093996558 0.939055871323916
v 3.311524125 0.157588625 0.882173
v 3.18169255253441 0.18413077172769 0.957093185067519
v 3.11932510761529 0.374398824158716 0.882173
v 3.11959029051895 0.370264453282769 1.082173
v 2.891484 0.682 1.05574600453227
v 2.989484 0.0135227436628634 0.993455016588677
v 2.91050896422115 0 1.06368018009615
v 2.91091087145432 0.682 0.904267418771766
v 2.989484 0.45690802600197 0.916297192466251
v 3.39751428542703 0 1.06262139455693
v 3.2256514624654 0.117961725053819 0.989047463914759
v 2.95377046023528 0.540613838478279 0.882173
v 2.92521767514663 0.0500239245983431 1.082173
v 2.91294279265517 0.447372431867464 1.082173
v 2.891484 0.339969194565771 1.06330669360128
v 2.891484 0.415833529609357 0.987515518719396
v 3.33570189631134 0 0.934633505581794
v 3.156702 0.66875 0.97828301125665
v 3.20204231918002 0.154254467129278 0.943755281570058
v 2.891484 0.621419366097281 1.02502956217098
v 2.891484 0.500449993211984 1.03614108357326
v 2.891484 0.195885040959851 1.03653447250433
v 2.891484 0.571789094686788 1.04155129727253
v 3.37271915234208 0.063870574372619 0.882173
v 2.91641652853686 0.298194909364582 1.082173
v 3.01545522706943 0.295890990546292 0.982173
v 3.27029846670427 0.410858829084242 0.941554457935501
v 2.989484 0.0175170802608444 0.963146075354451
v 2.891484 0.260815547160179 1.02695779604432
v 2.891484 0.38424221579916 1.02683732006331
v 2.891484 0.322899046137191 1.02628797958973
v 2.891484 0.137722498028196 0.965223792378985
v 2.891484 0.0763408590240414 0.965143683371844
v 3.34157442690878 0.109494780189559 1.0619489207264
v 2.96879284521208 0.399553278058605 0.882173
v 2.989484 0.552499839058334 0.997707457960484
v 2.94497916534517 0.479194557443235 1.082173
v 2.91118402692827 0.446390492393514 0.882173
v 2.91068722976141 0.0781915031313331 0.882173
v 2.94897040655094 0.114838393310168 0.882173
v 2.94828749357234 0.142572091757191 0.882173
v 2.94918463238422 0.204629360505863 0.882173
v 2.91068722976141 0.323220632575608 0.882173
v 2.95167497647667 0.444052335407584 0.882173
v 3.24004352337176 0.095574074755038 1.00777025187264
v 3.32175887236912 0 0.937384637984705
v 2.891484 0.0176321057972168 1.02851285076107
v 3.22828329888752 0.62971270615054 0.990493003036118
v 2.989484 0.271545713190568 0.939903117098484
v 3.07795726700778 0.596855406219384 0.954783567898839
v 3.2795832483634 0.43464010256632 1.0635302495062
v 2.891484 0.566760795118622 1.06407678009747
v 2.98896559717365 0.65706847780941 1.082173
v 3.04616038586123 0.668760015392134 1.082173
v 3.24853059989992 0.418831644231413 0.882173
v 3.13518055532342 0.243232967168631 1.0638089235416
v 3.1599879341337 0.419019181831021 0.901046521609285
v 3.25537503421872 0.071725057881985 0.925809847272649
v 3.28159144565334 0.0309439734281454 0.945583079054254
v 2.891484 0 0.900537076458397
v 3.08001307948003 0.28646511084779 0.900087293088101
v 2.891484 0.505910890054613 0.899962151629124
v 2.891484 0.566406125965281 0.902917715826905
v 2.89173199971502 0.20070606785347 0.900537076458397
v 2.89173199971502 0.261963350214539 0.900537076458397
v 2.89173199971502 0.445735197297745 0.900537076458397
v 2.89173199971502 0.0781915031313331 0.900537076458397
v 2.891484 0.139474364459771 0.897637534103251
v 2.891484 0.326742815734175 0.900303790053171
v 2.89173199971502 0.384477914936676 0.900537076458397
v 2.891484 0.627854301212272 0.898936762733721
v 3.27189 0.570625 0.900537076458397
v 2.96721733355968 0.204217212383113 0.882173
v 2.91384982780143 0.662280974882834 0.882173
v 2.99812088198132 0.682 1.06287400969056
v 3.14270332761286 0.672307571275091 1.06182078706631
v 2.97525980365508 0.573897703744897 1.082173
v 2.97115110270131 0.52171906313752 1.082173
v 2.96368846173864 0.682 1.05225377649935
v 3.11732525 0.58955925 1.057173
v 3.12654447420898 0.586428839611485 1.00764580621466
v 3.11280303634919 0.591026515827151 1.01162336641817
v 3.11865457694749 0.589107873746226 0.90900868789919
v 3.18623930860232 0.494680432459363 1.0435361407671
v 3.04814661757959 0.598 1.00429791700385
v 3.28399978154273 0.452753376688819 0.956851228644576
v 3.39952379175569 0 0.965397280030657
v 3.13003554996202 0.58511708561326 1.053335501051
v 3.13213927770616 0.584075229306534 0.962779622342257
v 3.13006909796532 0.585100471201576 0.910447671954757
v 3.18449578024968 0.469205785061417 1.05700119890479
v 3.18443793363087 0.515983261617271 1.05501055321225
v 3.18226198047282 0.526524153232874 0.902732996866936
v 2.891484 0.0179725849187528 0.899172911487784
v 2.891484 0.0178889137495489 1.06355806629298
v 2.989484 0.0162225927564073 0.902455052492331
v 2.989484 0.015610130140249 1.06281724060555
v 3.18479679321878 0.514046211770802 0.907173
v 2.989484 0.133303394099614 0.894195558110146
v 3.18235891754154 0.526227289064501 1.00397130803848
v 3.18245091202034 0.525945561292022 0.962473022895185
v 3.17945059208115 0.18728629231685 1.082173
v 3.07074315165506 0.314871724525727 0.882173
v 3.07172434560041 0.315012543547377 1.082173
v 3.11032726790831 0.266779494554774 1.05628005475965
v 2.989484 0.581601022926441 1.00531238549149
v 2.989484 0.582857408616621 0.954179038996823
v 3.31261031072194 0.156022959312767 0.90010311248537
v 3.23871388136473 0.138592695094304 0.882173
v 3.03729641533147 0.372255181930183 1.082173
v 3.04530366556918 0.318628191749721 1.082173
v 3.25940619204423 0.065454367931194 0.974276091098702
v 3.23759994513771 0.265522677306981 1.06199936880913
v 2.989484 0.296 1.05701541400065
v 2.989484 0.296 1.007173
v 2.989484 0.384 1.057173
v 2.989484 0.384262034565293 1.01027596483305
v 2.989484 0.598 1.05614704806714
v 2.989484 0.598 1.007173
v 2.989484 0.296 0.955245290309149
v 2.989484 0.384 0.957173
v 2.989484 0.598 0.957173000000001
v 3.11752918054682 0.589490004878303 0.957749929449407
v 2.989484 0.433481201968772 0.971896397233609
v 2.989484 0.438034569664536 1.02191982362994
v 2.989484 0.296 0.907173
v 2.989484 0.384 0.907173
v 2.989484 0.598 0.907173
v 2.989484 0.0543699015365702 0.905503547624593
v 2.989484 0.112916340407763 1.0638089235416
v 2.891484 0.412820162358547 0.969240905912518
v 2.97058875153177 0.596202299342519 1.082173
v 2.91553364241248 0.682 0.942953181976139
v 2.91973174724447 0.682 1.00420750005609
v 3.03909291697682 0.682 0.907047240587142
v 3.04173996303599 0.598 1.05692916552005
v 3.28749337115624 0.196190768569413 1.0330530315672
v 3.25290181933253 0.543044826750485 0.882173
v 3.38751162510175 0.042868720035775 0.962444304073178
v 3.24526925 0.41594475 1.082173
v 3.19879627982355 0.433982335549647 0.882173
v 3.19963925 0.43469425 1.082173
v 3.18910458124085 0.330992738296974 0.944168287447558
v 3.01428372100735 0.384 0.981672990545675
v 2.91002456701541 0.183877941399412 0.882173
v 3.2606051892958 0.235869224446163 1.06501363765226
v 2.991666307176 0.622643205902672 0.882173
v 3.32689829242525 0.0503397302553369 1.082173
v 3.25264649487696 0.559721139487298 0.882173
v 3.25050106860761 0.550381418689648 1.082173
v 3.03106523018889 0.610321602951336 1.082173
v 2.99231440659879 0.635149731987982 1.082173
v 3.03820864822136 0.650378997493475 1.082173
v 3.2837454604478 0.451683118907486 0.907507872428171
v 2.97966795752312 0.341152187641649 1.082173
v 3.195845 0.55783825 0.882173
v 3.06786432861659 0.384681481804522 0.945606662479935
v 3.25761224771611 0.0682449479971626 0.882173
v 3.26548360277897 0.501826844200483 0.882173
v 3.2695746156944 0.507885923541603 1.082173
v 2.96159799505494 0 0.949317205086299
v 3.095634423998 0.294668459649504 1.082173
v 3.19321116369538 0.167587200778035 1.02625254701292
v 3.20085969051644 0.548448363467994 1.082173
v 3.24394509450098 0.579206375101477 0.882173
v 3.239678 0.57924575 1.082173
v 3.21133746647393 0.26534751227764 0.882173
v 3.24212371094562 0.260155852376232 0.949784479262125
v 3.301484 0 0.943353614869556
v 3.04083609592021 0.682 0.882173
v 2.99031075093046 0.682 0.882173
v 3.23803337759548 0.0987009681848166 1.06104655499252
v 3.39321348993048 0.0349570869237383 0.945781156079882
v 3.31797214830255 0 1.0313879021017
v 3.07997789420315 0.596618031374694 0.906548059853754
v 3.14610366583798 0.230576217638931 0.900537076458397
v 3.07075392244612 0.660376607929372 1.082173
v 3.29067300578097 0.0582012067655883 1.082173
v 3.30642503195037 0.126296951170173 1.082173
v 3.05535526774135 0.384127222036045 1.00583493501898
v 3.15964080296761 0.418607476924949 0.989187067473641
v 3.20954957348508 0.21010601288365 1.082173
v 3.2319956902813 0.108092926229093 0.962488067454956
v 2.989484 0.233387001273929 1.0627886581809
v 3.26689422792803 0.52624444805767 0.882173
v 3.40103941637305 0 0.931771462447119
v 2.891484 0.14822061963584 1.00450516003166
v 2.891484 0.129950957803769 1.04945353223544
v 3.35822654729721 0.0191742499455228 1.082173
v 3.32403385913466 0.0141839347519907 0.882173
v 3.37131382654633 0.0341087029746675 0.882173
v 3.30243255265128 0.0852889249517766 1.082173
v 3.39607223840605 0.0309931570467463 1.082173
v 3.37697113328202 0.0576050698325199 1.03693406944998
v 3.13266690472879 0.39950752613359 0.908162320970107
v 3.232678428771 0.466053817131333 1.082173
v 3.19222233544238 0.310239689733106 1.03456087537211
v 3.19646324310832 0.20210141728653 0.882173
v 3.35830453612881 0.0426225508407809 1.082173
v 3.32093361585612 0.0152745954625585 1.082173
v 3.098937 0.388264 1.05847786466343
v 3.27276413457872 0.568129582030344 0.943341739794107
v 2.94882636745608 0.283118549681212 0.882173
v 2.97092827336792 0.554486278508877 0.882173
v 3.20889215515124 0.188724433128747 1.082173
v 2.92939446009279 0.323220632575608 0.882173
v 3.0130705 0.295901 0.882173
v 3.0130705 0.295901 1.082173
v 2.891484 0.682 0.942474157449061
v 2.989484 0.423584067160984 1.05434113141771
v 2.97536122798889 0.179763984818974 1.082173
v 2.989484 0.517024986422109 1.05321226156221
v 3.29352554386833 0.0411196924728166 0.882173
v 2.989484 0.180618466131428 1.07303234644778
v 3.13008294046002 0.322636274284803 0.882173
v 2.91056604902526 0 0.999322836778093
v 3.18123551136662 0.184774049272118 1.06379481139852
v 3.2631985534348 0.0986583129115042 0.882173
v 3.3063490799738 0.121460811648729 0.882173
v 3.28121374765346 0.161288072516713 0.882173
v 3.15425271139163 0.645515280873485 1.082173
v 3.14539726005482 0.231142184807562 0.935268061712959
v 3.27630687733745 0.213304470177214 0.956625471285717
v 3.26873746543175 0.0509390537728317 0.958916612224161
v 2.891484 0.470524632059228 1.00783310838026
v 2.891484 0.471936762043411 1.05156714232595
v 2.891484 0.596942334593802 1.00568697138821
v 3.16177325 0.592551 0.882173
v 3.1643410412744 0.591112769046957 1.082173
v 3.17585175 0.636653 1.082173
v 2.989484 0.27289052373703 1.082173
v 2.989484 0.226671571211091 1.082173
v 3.13941901544526 0.238321808567589 1.02436282742919
v 3.19191993245781 0.198086304369407 1.082173
v 3.25670715113615 0.241226589195735 0.99986476335962
v 3.17853344516412 0.537942577043646 1.00988181706236
v 3.3873236645582 0.0431173517400718 0.905150214252551
v 3.03841549155371 0.384 0.932085658671526
v 3.27270314667178 0.131398799621674 0.882173
v 3.28892825 0.19325025 0.882173
v 2.91070046559649 0.0535837734457537 0.882173
v 2.90868755294612 0.604347147903907 0.882173
v 3.16725827898881 0.204090565372657 1.00392825261834
v 2.95095175663874 0.682 0.908632948038415
v 2.94791521947831 0 0.930771809369405
v 3.28256009937941 0.53553657027332 1.0630646053604
v 3.2090045111359 0.295736251049682 0.96520130668995
v 3.180734 0.453609 1.01718142922115
v 3.14018148314975 0.672948463580739 0.968286020184384
v 2.94829528256377 0.508741836974435 1.082173
v 2.911188114263 0.228655704206148 0.882173
v 2.94939162554039 0.233011188734147 0.882173
v 2.94810169042417 0.0831215967995835 0.882173
v 2.9555189810285 0.0874204109975063 1.082173
v 2.94810169042417 0.170077426672936 0.882173
v 2.94608194321735 0.210335422644432 1.082173
v 2.91103571750802 0.287190816268758 0.882173
v 2.91060692097544 0.353853101992926 0.882173
v 2.91107893270524 0.471019317719117 0.882173
v 2.97515570969154 0.659422244438265 0.882173
v 3.14233041408778 0.605734753718628 0.882173
v 3.14334154314447 0.605630794139574 1.082173
v 3.16595391262692 0.64090817368517 0.882173
v 3.36149888540066 0.0796623546771738 0.945907289469001
v 3.36081792150051 0 0.89731129797829
v 3.04233346550672 0.295619926426319 1.00575981182002
v 3.06574625726097 0.291653548342393 0.956773146746547
v 2.99391747860133 0.319324531863344 0.882173
v 2.98872084981073 0.321597067456111 1.082173
v 3.27958020408953 0.0340725714162883 0.974141717844047
v 3.36127951719897 0 1.0274900393114
v 3.01491260917077 0.682 0.938714048006569
v 3.33559937032404 0 0.993778569107532
v 3.36446000134241 0 0.997990961770801
v 3.28670697801556 0.473311538406008 0.904273606593119
v 3.18620561720463 0.501439864918725 1.06054227987462
v 2.891484 0.360752090313165 1.02696490553478
v 2.891484 0.236383532147537 1.02816427488922
v 2.891484 0.115172926716554 0.964736042671069
v 2.891484 0.0473271628132826 0.963565472980106
v 3.24139982883743 0.179014502949652 1.082173
v 3.25893006085145 0.390507490569958 0.902058276480252
v 2.989484 0.120407766866186 1.04097917956026
v 2.989484 0.163329763281728 1.04544484708321
v 2.891484 0.22993478956102 0.899324927747946
v 2.891484 0.297809411643963 0.899770949440524
v 2.891484 0.354490078815527 0.899440316846598
v 2.891484 0.418794378833069 0.898566418967169
v 2.89173199971502 0.476363838478279 0.900537076458397
v 2.891484 0.0530194019502689 0.900193846574231
v 2.891484 0.110038048325923 0.899579313568376
v 2.89173199971502 0.170077426672936 0.900537076458397
v 2.891484 0.542940232538696 0.900888236249501
v 2.891484 0.603673913846344 0.899865378280146
v 3.08569561085277 0.283454606474347 1.02476995866273
v 3.245152 0.613037 0.95348799000445
v 2.891484 0.506756780521297 1.05847324360491
v 2.891484 0.194872964848966 1.06206897833285
v 2.891484 0.142001499756542 0.933257321689054
v 3.12185895829533 0.256658658138551 0.936376032616253
v 3.07217012073387 0.289456049965441 1.02348366552038
v 3.10235837663083 0.593290596947268 0.908021056957175
v 3.2081998304651 0.296488453850097 1.02486847369951
v 2.989484 0.234336877907395 0.967117522952306
v 3.11864624494308 0.393656527282447 1.06115057297424
v 3.16066550355925 0.393928829604079 0.882173
v 3.1542615 0.387327 1.082173
v 3.1670765 0.345109 0.882173
v 3.16218443462522 0.343681993338317 1.082173
v 2.989484 0.531886380065098 1.082173
v 2.989484 0.575962126688366 1.082173
v 2.989484 0.508420493206139 0.933647976546732
v 2.989484 0.197985016184888 0.935887734914972
v 2.989484 0.110713373402972 1.02821378671941
v 2.891484 0.111285191145993 1.0296268853124
v 2.989484 0.0502268991061132 1.02958161163222
v 2.989484 0.0801018406255213 1.02975450272835
v 2.891484 0.23379975586813 0.934719114687596
v 2.891484 0.264397345175444 0.934836224984488
v 2.891484 0.325685679409733 0.934719114687596
v 2.891484 0.172542473507061 0.934719114687596
v 2.891484 0.481812387118549 0.997942592745897
v 2.891484 0.509457526492939 0.997990961770801
v 2.989484 0.110385100276075 0.996200387723883
v 2.891484 0.110921979920362 0.997374417177753
v 2.891484 0.203171114687596 0.997990961770801
v 2.891484 0.23379975586813 0.966355038229199
v 2.891484 0.262868021585822 0.963906792386346
v 2.891484 0.203171114687596 0.966355038229199
v 2.989484 0.0808812271286777 0.99804863984218
v 2.989484 0.0507317681591626 0.998595993603636
v 2.891484 0.050027908784924 0.997990961770801
v 2.891484 0.0806565499654583 0.997990961770801
v 2.989484 0.141913832326527 0.997990961770801
v 2.891484 0.169665137761077 1.00110608009477
v 2.891484 0.172542473507061 0.966355038229199
v 2.891484 0.295057038229198 0.966355038229199
v 3.18026 0.35101075 0.882173
v 3.17842336381764 0.350687748453879 1.082173
v 3.3838885966428 0.0479209924988336 1.0639214749819
v 3.0583027686112 0.293394836588823 1.01821661250783
v 3.26390711670763 0.0584529295659025 0.918283938652963
v 3.20585572781147 0.646320599640008 1.022994706572
v 3.17145675 0.29952625 0.882173
v 3.17145675 0.29952625 1.082173
v 3.13289670984587 0.277659198400046 1.082173
v 3.37461906446085 0.0611264597220889 0.923514290710948
v 3.23517023035754 0.141256792979141 1.082173
v 2.891484 0.520919224700029 1.082173
v 2.891484 0.0921182481725482 1.082173
v 2.891484 0.0580947636173185 1.05797287083994
v 3.26621835301099 0.581348992757791 0.899753962181217
v 3.35715317095628 0 1.05756459569728
v 2.891484 0.426116341962467 1.04939754285254
v 2.891484 0.36500895290753 0.97894348043637
v 3.12820907955967 0.281970776681489 0.882173
v 3.29376194469203 0.0120120860346206 0.940091305298943
v 3.25307771632584 0.602376263634082 0.899046920388646
v 3.28563988200806 0.199031462692037 0.903011855163528
v 3.12232681920991 0.256184644365583 1.00617838582719
v 3.28357003500903 0.530412853316154 0.929634308036109
v 3.05160913601118 0.363439480623086 0.882173
v 3.0535848331415 0.360222899311628 1.082173
v 3.147854 0.408436 0.903845368205102
v 3.19612355353572 0.334705255712823 0.902618426035181
v 2.9104392300464 0.366101317371753 1.082173
v 3.16341866583798 0.209326217638931 0.900537076458397
v 2.891484 0.565530867795578 1.082173
v 2.891484 0.196853445470293 1.082173
v 3.27672786039922 0.212689129196266 1.02998534467238
v 2.991666307176 0.3625 0.882173
v 2.99276387639497 0.362882635986527 1.082173
v 3.21870905417635 0.286360665279752 1.0612488474856
v 3.147391 0.3831645 0.882173
v 3.08051375 0.61802075 0.882173
v 3.0823240340417 0.620579953777316 1.082173
v 3.07490127951288 0.384993279693546 1.05976065818772
v 3.33692259533678 0.0905617082884407 0.882173
v 2.989484 0.563362553777779 0.987931326284878
v 2.9762985577448 0.454814265049886 1.082173
v 3.14185405053574 0.67252340343764 0.903027568569932
v 2.989484 0.240656394250844 1.04670451160713
v 2.989484 0.235173399680777 1.02837865869928
v 3.33896766317057 0.0783936496589368 1.082173
v 3.11525676497138 0.262556816826259 0.900837480199383
v 2.891484 0.0173567940973284 0.994725337515299
v 2.989484 0.0173912017218067 0.929445056509468
v 2.94787311817992 0.0487357382621154 0.882173
v 2.94737522308893 0.0176132077953781 0.882173
v 3.26541600185713 0.102681326685294 1.082173
v 3.01239646037777 0.643643205902672 1.082173
v 3.05521045379449 0.617888561004791 0.882173
v 3.05525375919612 0.618175122684093 1.082173
v 3.06171848674034 0.662377085457317 0.882173
v 3.24954334779879 0.377922054138459 0.963388533025851
v 3.32835487239964 0.130386331485313 0.963660928864487
v 3.168405 0.429002 1.03154722442523
v 3.1697965 0.663727 0.897936728162801
v 2.989484 0.397508642416134 0.948359705907484
v 2.989484 0.45154321208067 1.01310652953742
v 2.989484 0.423508484165938 0.928714875724886
v 2.989484 0.399106516832716 0.998810923755796
v 2.989484 0.45154321208067 0.963106529537423
v 2.989484 0.396400939665366 1.04663733350396
v 2.989484 0.480876772000232 0.993515238147385
v 3.28689626139882 0.477620466495809 1.06335771832954
v 2.891484 0.296828302869028 1.06238201495651
v 3.0566523843056 0.293780918294412 1.0611660648075
v 3.20614352714455 0.148062716398092 1.06393094239872
v 2.90809762552029 0.467679226054993 1.082173
v 2.91484472755912 0.116045579355574 1.082173
v 2.90867924288254 0.160397751549744 1.082173
v 3.24927389282457 0.21830532143746 1.082173
v 3.285372 0.462443 1.06344118397169
v 3.26092384729938 0.0630935708676238 0.946583233488456
v 2.90674194933007 0.0514586925137561 1.082173
v 2.90441483298114 0.235696797791021 1.082173
v 2.910602806695 0.430607656379405 1.082173
v 2.989484 0.450774567193337 0.898728450044167
v 3.22982587262835 0.111468198133684 1.02269440033601
v 2.94044081266024 0.323325363121929 1.082173
v 2.97814646037777 0.0173567940973284 1.082173
v 3.29032606093743 0.0173567940973284 1.082173
v 3.35914429912082 0.0119819599638059 0.882173
v 3.13118283701469 0.247212160701656 0.900724119054116
v 2.989484 0.278989871343615 0.898472822288518
v 3.26752733628719 0.404974736583741 0.901240824406422
v 3.26918610294466 0.408496886385552 1.06492141752435
v 3.19344030807643 0.167241252730233 1.06184713898518
v 3.0425575773552 0.323331365714541 0.882173
v 2.989484 0.236122245678263 0.930093346554456
v 2.989484 0.479039341415917 0.966073422992701
v 2.989484 0.542695813631623 0.909205148158044
v 3.34175962249587 0.109514114511944 1.082173
v 3.2129449651968 0.344881803532538 0.90026416314419
v 2.891484 0.10496752192869 1.0638089235416
v 2.891484 0.657503563019239 1.0616234260374
v 2.891484 0.651782405340972 1.02840188001029
v 2.989484 0.19393344498807 1.06560574252742
v 3.06135860991906 0.597683920157042 1.0638089235416
v 3.2649885 0.2293335 0.882173
v 3.08411003418575 0.596132604825525 1.02737127371149
v 2.891484 0.66749685056285 1.01505001430601
v 3.20653681973888 0.64595333057902 0.902459899953441
v 3.0068288280509 0.374112324596109 0.882173
v 3.03928174134913 0.351492124592471 0.882173
v 3.26345172780812 0.397927038232551 1.06062687310526
v 3.321730541088 0 0.882173
v 3.36222362326399 0 0.882173
v 2.97208949707083 0.278079424986877 0.882173
v 2.891484 0.335472676191218 1.082173
v 3.09914741394794 0.275239803285724 1.06592952707907
v 3.16155673051121 0.666887743987336 1.01929388270842
v 3.10035382110102 0.274403401528392 0.902461009933362
v 2.989484 0.248226132112274 0.904789350513358
v 3.1008686181482 0.388780949281392 0.937746230984776
v 3.10097117365073 0.3888083956964 1.00616431316248
v 3.21735432379522 0.130868385207436 1.06725430848138
v 2.91374847847096 0.628397785411199 0.882173
v 3.20845748962173 0.409608040640648 0.882173
v 3.27815450241419 0.0362903295779274 0.898814124995858
v 2.989484 0.447088448400208 0.882173
v 2.989484 0.403878641180534 0.882173
v 3.26513518706985 0.441495963422986 0.882173
v 2.989484 0.215180167541492 1.0647987874745
v 3.08622050344727 0.283176527683807 1.06170909820322
v 3.21962611161353 0.127334493045616 0.969236400327916
v 3.08963351708791 0.28136837356766 0.900119395417305
v 3.3502398765298 0.0962728198300655 0.899664951429823
v 3.28255889275826 0.446689693949364 1.06377962777787
v 3.18562844529424 0.507813443226295 1.03239507884826
v 3.12670996467052 0.676229473392287 1.06251927101347
v 3.19063728470059 0.331678871163327 1.06279137975055
v 3.36000147650983 0 1.082173
v 3.3211523126738 0 1.082173
v 2.989484 0 1.06250674871206
v 3.2843548996949 0.526430991124058 0.973354228808464
v 3.2870595 0.4813365 1.02763585757528
v 3.16554278807204 0.559558881509584 1.00075931868553
v 2.97118585094379 0.302205230541824 1.082173
v 2.891484 0.63688520617651 1.06293605422754
v 3.38491628548402 0 0.908251130161593
v 3.07502309741786 0.288389683941803 1.06214296933904
v 3.00775288019072 0.384 0.89490666968392
v 3.04065553968287 0.384 0.907335062760621
v 3.13377551995684 0.399970165304984 1.05947198297372
v 2.94728424042748 0.185431191884854 0.882173
v 2.96886343060983 0.140750687988891 1.082173
v 3.2323169130232 0.359931200097658 0.899120907162685
v 2.989484 0.136506107398398 1.06209697108611
v 3.13107259942376 0.247323848031737 0.967048008683551
v 2.96705543810925 0.515351025375233 0.882173
v 3.04205099405203 0.653197678629572 0.882173
v 3.39928903651485 2.8925044136897e-05 1.0821423963229
v 3.27899345899068 0.432946356310037 0.901095354999107
v 2.989484 0.568463706355846 1.04085863559567
v 2.989484 0.537411348583443 1.02541045669823
v 3.27315112216102 0.416916028152195 0.900276363023265
v 3.418484 0 1.06404844875626
v 3.34101284389981 0.110361662039517 0.965055099337186
v 2.9099651289382 0.101190639245618 0.882173
v 2.91106221847158 0.339813254192684 0.882173
v 2.9104392300464 0 1.082173
v 2.90868507103145 0.682 0.927104827985965
v 3.27160242264611 0.0464824536616054 1.06397538108355
v 3.33809306250287 0.114904850463997 1.03544266968278
v 2.891484 0.296720016547494 1.02614926394081
v 2.94441684506959 0.32975 0.882173
v 2.94828427003335 0.437250178260863 1.082173
v 2.91068722976141 0.305441265151215 0.882173
v 2.90998514001754 0.37586389636252 0.882173
v 2.90833283641402 0.495187710010348 0.882173
v 3.22359387744013 0.352497956946403 0.900117792021262
v 3.02945822563461 0.384 1.03957911558263
v 2.989484 0.0222227266557647 1.02966228283323
v 2.891484 0.402257282361069 0.9002936258969
v 2.891484 0.524223084285916 0.900266844529084
v 2.891484 0.531308691797262 0.964007737939081
v 3.19945297275925 0.539639797973282 0.882173
v 3.14866580686186 0.227607431673075 0.966082085757226
v 3.07730888587103 0.596931575327663 1.06379522489778
v 2.94659629424245 0.351885959238008 0.882173
v 3.20780022302921 0.341317842245568 1.06177104263218
v 3.25801834768503 0.595730710571605 1.0640163562982
v 2.891484 0.651205720896825 0.899535027210595
v 3.06503463034792 0.291820022375986 1.06233111797513
v 3.25599272458877 0.386319892459835 1.06252689684353
v 3.27913147187883 0.549952554940505 1.06246992692954
v 3.301484 0 0.900537076458397
v 3.28122502724857 0.0315139576133299 1.06385684441936
v 3.17674378709842 0.375928362058989 0.882173
v 3.17383548310842 0.381109929043466 1.082173
v 3.12761013004267 0.676100750207 0.922068252960848
v 3.3584852846474 0 0.936144138484098
v 2.891484 0.139507886381485 0.948674841829474
v 3.24175821328774 0.442904923615752 0.882173
v 3.18767941327061 0.640634753508639 1.082173
v 2.891484 0.363364168444699 1.06295146890249
v 3.15063091859523 0.317105773764609 0.882173
v 3.20402050394962 0.494583011747361 0.882173
v 3.20303341438419 0.494204650628369 1.082173
v 3.19214772769431 0.566493002266731 1.082173
v 3.26803249119934 0.486975758899365 1.082173
v 3.26784705209378 0.478382366302885 0.882173
v 2.92201846626916 0.594605819331323 0.882173
v 2.891484 0.632076962726675 0.953838570876998
v 3.23545587973444 0.487764144518888 1.082173
v 2.891484 0.238510349242905 1.0596052745945
v 3.15168817741885 0.572627224696824 1.06429540990754
v 3.23271233026778 0.106978152916794 1.0458826874251
v 3.26022224393817 0.592686480862472 0.898232690613296
v 2.891484 0.507361802868464 0.882173
v 2.891484 0.568973389589703 0.882173
v 2.89173199971502 0.445735197297745 0.881929549438503
v 2.89190698353172 0.0784176352357837 0.882173
v 2.89173199971502 0.323220632575608 0.881929549438503
v 2.891484 0.629216379454365 0.882173
v 2.989484 0.0863838953231237 0.882173
v 3.24264888329357 0.0915212926544535 0.931939582447119
f 1 175 294
f 1 1466 175
f 1 294 1255
f 1 1255 1432
f 1 1432 1466
f 2 827 1379
f 2 1467 827
f 2 967 1467
f 2 1875 967
f 2 1379 1875
f 3 526 1380
f 3 1897 526
f 3 1446 589
f 3 589 1897
f 3 1380 703
f 3 703 1446
f 4 473 471
f 4 471 530
f 4 1809 473
f 4 530 1377
f 4 1377 1809
f 5 812 646
f 5 646 1468
f 5 1230 812
f 5 822 816
f 5 816 1230
f 5 1468 822
f 6 1231 894
f 6 894 1848
f 6 1469 1112
f 6 1112 1794
f 6 1794 1231
f 6 1848 1469
f 7 1224 817
f 7 817 1640
f 7 1798 994
f 7 994 1822
f 7 1822 1224
f 7 1265 1307
f 7 1579 1265
f 7 1307 1498
f 7 1498 1798
f 7 1640 1579
f 8 1275 1603
f 8 1852 1275
f 8 1486 1304
f 8 1304 1580
f 8 1603 1486
f 8 1580 1641
f 8 1641 1852
f 9 840 1158
f 9 1743 840
f 9 1094 1499
f 9 1835 1094
f 9 1150 1817
f 9 1856 1150
f 9 1158 1407
f 9 1407 1835
f 9 1499 1856
f 9 1817 1743
f 10 1034 715
f 10 715 1226
f 10 1226 841
f 10 841 1744
f 10 1038 1034
f 10 1488 1038
f 10 1151 1334
f 10 1744 1151
f 10 1334 1488
f 11 791 1170
f 11 1337 791
f 11 1268 1152
f 11 1152 1500
f 11 1170 1519
f 11 1519 1268
f 11 1500 1337
f 12 1153 387
f 12 387 1344
f 12 1084 1490
f 12 1683 1084
f 12 1490 1153
f 12 1344 1504
f 12 1504 1449
f 12 1449 1683
f 13 19 504
f 13 1802 19
f 13 504 734
f 13 1579 714
f 13 714 1802
f 13 734 1265
f 13 1265 1579
f 14 20 1483
f 14 1780 20
f 14 1304 740
f 14 740 1780
f 14 1483 1161
f 14 1161 1580
f 14 1580 1304
f 15 675 27
f 15 27 1734
f 15 1857 675
f 15 724 1150
f 15 1734 724
f 15 1150 1857
f 16 1735 28
f 16 28 1749
f 16 1248 1151
f 16 1151 1482
f 16 1276 1248
f 16 1749 1276
f 16 1482 1735
f 17 25 444
f 17 1764 25
f 17 444 976
f 17 1152 792
f 17 792 1764
f 17 976 1152
f 18 26 1765
f 18 1812 26
f 18 1153 1508
f 18 1523 1153
f 18 1508 1812
f 18 1765 1523
f 19 23 504
f 19 1475 23
f 19 1802 1475
f 20 24 1476
f 20 1898 24
f 20 1476 1483
f 20 1780 1898
f 21 345 35
f 21 35 1766
f 21 275 345
f 21 1507 275
f 21 1542 1507
f 21 1766 1542
f 22 36 863
f 22 1549 36
f 22 863 860
f 22 860 913
f 22 913 1426
f 22 1426 1549
f 23 29 505
f 23 1475 29
f 23 505 504
f 24 30 1476
f 24 1855 30
f 24 1898 1855
f 25 33 1547
f 25 1747 33
f 25 1547 444
f 25 1764 1747
f 26 1102 34
f 26 34 1748
f 26 1893 1102
f 26 1748 1765
f 26 1812 1893
f 27 516 37
f 27 37 1090
f 27 675 516
f 27 1090 849
f 27 849 1734
f 28 1092 38
f 28 38 1573
f 28 1735 1092
f 28 1573 1749
f 29 942 31
f 29 31 1840
f 29 1433 505
f 29 1475 942
f 29 1840 1433
f 30 32 1534
f 30 1838 32
f 30 1534 1476
f 30 1855 1838
f 31 1149 39
f 31 39 1826
f 31 942 1149
f 31 1826 1840
f 32 40 709
f 32 1824 40
f 32 709 1534
f 32 1838 1824
f 33 1244 41
f 33 41 1674
f 33 1747 1244
f 33 1674 1547
f 34 1102 42
f 34 42 1166
f 34 1166 1748
f 35 47 240
f 35 252 47
f 35 240 687
f 35 272 252
f 35 345 272
f 35 687 1766
f 36 277 48
f 36 48 1844
f 36 274 863
f 36 1844 274
f 36 688 277
f 36 1549 688
f 37 316 43
f 37 43 1375
f 37 516 316
f 37 1375 1090
f 38 1376 44
f 38 44 1573
f 38 1092 1376
f 39 1728 45
f 39 45 1757
f 39 1149 1728
f 39 1757 1826
f 40 1477 46
f 40 46 1718
f 40 1718 709
f 40 1824 1477
f 41 1244 49
f 41 49 1455
f 41 1455 1674
f 42 50 1166
f 42 1452 50
f 42 1102 1452
f 43 51 1375
f 43 1567 51
f 43 316 523
f 43 523 1567
f 44 1376 52
f 44 52 1858
f 44 1677 1573
f 44 1858 1677
f 45 896 53
f 45 53 1797
f 45 1728 896
f 45 1797 1757
f 46 54 897
f 46 1165 54
f 46 897 1718
f 46 1477 1165
f 47 63 240
f 47 1753 63
f 47 252 1019
f 47 1019 1753
f 48 277 64
f 48 64 1448
f 48 1448 1844
f 49 55 370
f 49 1633 55
f 49 370 1462
f 49 1244 1633
f 49 1462 1455
f 50 373 56
f 50 56 1634
f 50 1460 373
f 50 1634 1166
f 50 1452 1460
f 51 57 1678
f 51 1736 57
f 51 1746 1375
f 51 1567 1736
f 51 1678 1746
f 52 1679 58
f 52 58 1858
f 52 1376 1679
f 53 1012 59
f 53 59 1548
f 53 896 1012
f 53 1548 1797
f 54 60 1088
f 54 1428 60
f 54 1088 897
f 54 1165 1428
f 55 61 376
f 55 1600 61
f 55 376 370
f 55 1633 1600
f 56 62 1601
f 56 1921 62
f 56 373 1921
f 56 1601 1634
f 57 65 1678
f 57 1736 65
f 58 66 1049
f 58 1679 66
f 58 1049 1172
f 58 1172 1858
f 59 1163 71
f 59 71 1739
f 59 1012 1163
f 59 1739 1548
f 60 72 409
f 60 911 72
f 60 409 1183
f 60 1428 911
f 60 1183 1088
f 61 67 376
f 61 1600 67
f 62 940 68
f 62 68 1601
f 62 1921 940
f 63 85 1635
f 63 1770 85
f 63 1635 240
f 63 1753 765
f 63 765 1770
f 64 86 757
f 64 1593 86
f 64 277 1593
f 64 757 759
f 64 759 1448
f 65 69 367
f 65 1429 69
f 65 367 1678
f 65 1736 1429
f 66 308 70
f 66 70 1049
f 66 1904 308
f 66 1679 1904
f 67 73 402
f 67 1528 73
f 67 232 376
f 67 402 232
f 67 241 1528
f 67 1600 241
f 68 940 74
f 68 74 1914
f 68 309 1601
f 68 1914 309
f 69 1007 77
f 69 77 1513
f 69 1513 367
f 69 1429 1007
f 70 78 1003
f 70 1514 78
f 70 308 1514
f 70 1003 1049
f 71 97 1082
f 71 1570 97
f 71 1082 1739
f 71 1163 1570
f 72 1606 409
f 72 911 1342
f 72 1342 1589
f 72 1589 1474
f 72 1474 1606
f 73 79 402
f 73 1528 79
f 74 1168 80
f 74 80 1914
f 74 940 1168
f 75 778 95
f 75 95 1716
f 75 99 778
f 75 1710 99
f 75 1363 1680
f 75 1911 1363
f 75 1680 1710
f 75 1716 1911
f 76 96 547
f 76 1717 96
f 76 1046 100
f 76 100 1711
f 76 547 1046
f 76 1364 991
f 76 991 1717
f 76 1681 1364
f 76 1711 1681
f 77 1009 81
f 77 81 1513
f 77 1007 1009
f 78 82 1058
f 78 1514 82
f 78 992 1003
f 78 1058 992
f 79 83 1465
f 79 1891 83
f 79 926 402
f 79 1465 926
f 79 1528 1891
f 80 412 84
f 80 84 1536
f 80 1168 412
f 80 1536 1914
f 81 494 87
f 81 87 944
f 81 1009 494
f 81 944 1513
f 82 88 1058
f 82 1514 88
f 83 932 89
f 83 89 1465
f 83 1891 932
f 84 90 933
f 84 1464 90
f 84 412 1313
f 84 933 1536
f 84 1313 1464
f 85 102 1635
f 85 1816 102
f 85 1770 984
f 85 984 1816
f 86 103 757
f 86 1909 103
f 86 1593 1602
f 86 1602 1909
f 87 800 91
f 87 91 944
f 87 494 800
f 88 945 92
f 88 92 1463
f 88 499 945
f 88 1514 499
f 88 1463 1058
f 89 93 1470
f 89 1912 93
f 89 932 1912
f 89 1470 1465
f 90 1648 94
f 90 94 1913
f 90 879 933
f 90 1913 879
f 90 1464 1648
f 91 1222 93
f 91 93 1912
f 91 800 1222
f 91 1912 944
f 92 94 1648
f 92 1913 94
f 92 785 1463
f 92 1648 785
f 92 945 1913
f 93 1222 1005
f 93 1005 1470
f 95 101 174
f 95 935 101
f 95 174 1716
f 95 778 931
f 95 931 935
f 96 291 106
f 96 106 547
f 96 1717 291
f 97 107 1021
f 97 1343 107
f 97 1021 281
f 97 281 1082
f 97 1570 1343
f 98 108 1086
f 98 1781 108
f 98 1086 1577
f 98 1474 1589
f 98 1606 1474
f 98 1577 1606
f 98 1589 1801
f 98 1801 1781
f 99 1710 104
f 99 104 1737
f 99 1737 778
f 100 105 1711
f 100 1895 105
f 100 1046 1845
f 100 1845 1895
f 101 109 174
f 101 830 109
f 101 935 830
f 102 112 1235
f 102 1816 112
f 102 1235 857
f 102 857 1635
f 103 113 558
f 103 1236 113
f 103 558 757
f 103 858 1236
f 103 1909 858
f 104 1041 110
f 104 110 1807
f 104 1710 1041
f 104 1807 1737
f 105 111 1042
f 105 1895 111
f 105 1042 1711
f 106 291 114
f 106 114 1745
f 106 541 547
f 106 1745 541
f 107 946 278
f 107 278 1021
f 107 1343 397
f 107 397 1481
f 107 1225 946
f 107 1481 1225
f 108 1720 1086
f 108 1258 1720
f 108 1830 1258
f 108 1781 1830
f 109 830 115
f 109 115 1539
f 109 1539 174
f 110 1160 116
f 110 116 1861
f 110 1041 1160
f 110 1885 1807
f 110 1861 1885
f 111 117 1015
f 111 1289 117
f 111 1015 1042
f 111 1317 1289
f 111 1895 1317
f 112 746 118
f 112 118 1235
f 112 750 746
f 112 1816 750
f 113 119 745
f 113 848 119
f 113 454 558
f 113 745 454
f 113 1236 848
f 114 916 120
f 114 120 1485
f 114 291 313
f 114 313 916
f 114 1485 1745
f 115 325 123
f 115 123 1350
f 115 555 325
f 115 830 555
f 115 1350 1539
f 116 121 712
f 116 1160 121
f 116 712 1861
f 117 662 122
f 117 122 1015
f 117 1289 662
f 118 126 1537
f 118 1730 126
f 118 746 1730
f 118 847 1235
f 118 1537 847
f 119 1538 127
f 119 127 1896
f 119 1896 745
f 119 848 1538
f 120 131 1518
f 120 1785 131
f 120 327 1485
f 120 1518 327
f 120 916 895
f 120 895 1785
f 121 124 712
f 121 866 124
f 121 1160 866
f 122 662 125
f 122 125 923
f 122 923 1015
f 123 325 844
f 123 844 1813
f 123 1326 1350
f 123 1813 1326
f 124 1427 129
f 124 129 1654
f 124 1654 712
f 124 866 1427
f 125 130 1512
f 125 1819 130
f 125 662 1899
f 125 1512 923
f 125 1899 1819
f 126 132 1537
f 126 1724 132
f 126 1923 1724
f 126 1730 1923
f 127 1538 133
f 127 133 1896
f 128 192 1093
f 128 1773 192
f 128 1039 1294
f 128 1496 1039
f 128 1093 1351
f 128 1294 1773
f 128 1351 1775
f 128 1775 1496
f 129 1427 134
f 129 134 1799
f 129 1799 1654
f 130 135 1512
f 130 1800 135
f 130 1819 1800
f 131 149 685
f 131 986 149
f 131 685 557
f 131 557 1518
f 131 1785 986
f 132 413 139
f 132 139 1521
f 132 1444 413
f 132 1724 1444
f 132 1521 1537
f 133 140 903
f 133 1522 140
f 133 903 1896
f 133 1538 1522
f 134 1836 137
f 134 137 1867
f 134 1427 1836
f 134 1870 1799
f 134 1867 1870
f 135 138 351
f 135 608 138
f 135 351 1512
f 135 1800 608
f 136 844 1731
f 136 1813 844
f 136 1077 1326
f 136 1612 1077
f 136 1326 1813
f 136 1731 1612
f 137 141 1526
f 137 1836 141
f 137 1526 1867
f 138 142 351
f 138 1842 142
f 138 608 1423
f 138 1423 1842
f 139 914 143
f 139 143 1557
f 139 413 914
f 139 1510 1521
f 139 1557 1510
f 140 230 144
f 140 144 1618
f 140 1522 230
f 140 1900 903
f 140 1618 1900
f 141 145 1526
f 141 1916 145
f 141 1836 227
f 141 227 1916
f 142 146 229
f 142 1786 146
f 142 229 351
f 142 1842 1786
f 143 725 147
f 143 147 1531
f 143 914 725
f 143 1531 1557
f 144 148 790
f 144 1532 148
f 144 230 1532
f 144 790 1618
f 145 147 1647
f 145 1916 147
f 145 1647 1526
f 146 1778 148
f 146 148 1915
f 146 1915 229
f 146 1786 1778
f 147 725 730
f 147 730 1647
f 147 1916 1531
f 148 723 790
f 148 1778 723
f 148 1532 1915
f 149 801 150
f 149 150 854
f 149 854 685
f 149 986 801
f 150 153 223
f 150 1221 153
f 150 223 259
f 150 259 854
f 150 801 1221
f 151 1286 1169
f 151 1169 1562
f 151 1328 1286
f 151 1901 1328
f 151 1562 1820
f 151 1820 1901
f 152 630 1291
f 152 1327 630
f 152 1291 1847
f 152 1795 1327
f 152 1572 1795
f 152 1847 1572
f 153 155 1240
f 153 1551 155
f 153 1240 223
f 153 1221 1551
f 154 500 1247
f 154 1373 500
f 154 985 1373
f 154 1591 985
f 154 1247 1243
f 154 1243 1591
f 155 1406 1240
f 155 1551 1260
f 155 1260 1806
f 155 1806 1406
f 156 1025 158
f 156 158 1312
f 156 1312 427
f 156 427 1406
f 156 1756 1025
f 156 1260 1756
f 156 1806 1260
f 156 1406 1806
f 157 285 941
f 157 1841 285
f 157 941 1396
f 157 1396 1022
f 157 1022 1750
f 157 1750 1243
f 157 1243 1841
f 158 1025 1571
f 158 1712 1312
f 158 1339 1565
f 158 1571 1339
f 158 1565 1712
f 159 160 534
f 159 889 160
f 159 534 1563
f 159 1609 889
f 159 1396 941
f 159 941 1609
f 159 1563 1396
f 160 162 536
f 160 836 162
f 160 536 534
f 160 889 836
f 161 1866 163
f 161 163 1871
f 161 892 1080
f 161 1871 892
f 161 1080 1565
f 161 1339 1087
f 161 1087 1866
f 161 1565 1339
f 162 708 536
f 162 1100 708
f 162 836 1100
f 163 1866 1382
f 163 1382 1871
f 164 231 768
f 164 1005 231
f 164 357 1470
f 164 1473 357
f 164 768 1473
f 164 1470 1005
f 165 548 779
f 165 1324 548
f 165 772 1043
f 165 1515 772
f 165 779 1515
f 165 1043 1324
f 166 417 1061
f 166 1731 417
f 166 1061 421
f 166 421 1480
f 166 1373 443
f 166 443 1612
f 166 1480 1373
f 166 1612 1731
f 167 168 965
f 167 1843 168
f 167 1292 245
f 167 245 1843
f 167 965 1292
f 168 356 1472
f 168 1843 356
f 168 411 768
f 168 1472 411
f 168 768 965
f 169 513 838
f 169 1552 513
f 169 838 1311
f 169 1516 1310
f 169 1310 1552
f 169 1311 1516
f 170 1310 254
f 170 254 1886
f 170 1276 521
f 170 521 1552
f 170 1886 1276
f 170 1552 1310
f 171 1868 190
f 171 190 1869
f 171 1478 360
f 171 360 1868
f 171 1408 1751
f 171 1869 1408
f 171 1751 1478
f 172 860 183
f 172 183 987
f 172 193 867
f 172 1134 193
f 172 867 860
f 172 987 1083
f 172 1083 1134
f 173 882 195
f 173 195 1159
f 173 883 334
f 173 334 1487
f 173 358 882
f 173 1487 358
f 173 1159 883
f 174 896 671
f 174 671 1716
f 174 1012 896
f 174 970 1012
f 174 1539 970
f 175 1466 176
f 175 176 1662
f 175 1278 294
f 175 563 1613
f 175 1662 563
f 175 1613 1278
f 176 478 1191
f 176 1238 478
f 176 820 821
f 176 1466 820
f 176 821 1238
f 176 1191 1662
f 177 1663 565
f 177 565 1873
f 177 1873 1411
f 177 1411 1927
f 177 1439 1663
f 177 1927 1439
f 178 180 1192
f 178 1193 180
f 178 1191 1193
f 178 1439 1191
f 178 1192 1663
f 178 1663 1439
f 179 314 1336
f 179 1576 314
f 179 1336 1864
f 179 1384 1576
f 179 1864 1384
f 180 1671 1192
f 180 1193 1651
f 180 1651 1404
f 180 1404 1907
f 180 1907 1671
f 181 340 565
f 181 1205 340
f 181 565 1440
f 181 569 702
f 181 1664 569
f 181 702 1205
f 181 1440 1664
f 182 1671 1131
f 182 1131 1693
f 182 1440 1192
f 182 1192 1671
f 182 1194 1664
f 182 1693 1194
f 182 1664 1440
f 183 863 271
f 183 271 937
f 183 937 742
f 183 742 987
f 183 860 863
f 184 205 1314
f 184 1768 205
f 184 1319 1060
f 184 1060 1768
f 184 1314 1319
f 185 244 738
f 185 1253 244
f 185 1296 698
f 185 698 1497
f 185 738 1582
f 185 1040 1253
f 185 1497 1040
f 185 1582 1296
f 186 1194 1132
f 186 1132 1690
f 186 1179 1657
f 186 1690 1179
f 186 1436 1194
f 186 1657 1436
f 187 1064 714
f 187 714 1640
f 187 724 1064
f 187 1743 724
f 187 1640 1051
f 187 1051 1743
f 188 1120 485
f 188 485 1180
f 188 1698 1120
f 188 1699 1132
f 188 1132 1701
f 188 1180 1699
f 188 1195 1698
f 188 1701 1195
f 189 397 1077
f 189 1481 397
f 189 1592 985
f 189 985 1611
f 189 1076 1481
f 189 1611 1076
f 189 1077 1592
f 190 1084 597
f 190 597 1682
f 190 1868 1084
f 190 1584 1085
f 190 1085 1869
f 190 1682 1584
f 191 1133 1209
f 191 1691 1133
f 191 1437 1179
f 191 1179 1691
f 191 1209 1658
f 191 1658 1437
f 192 697 1094
f 192 1773 697
f 192 1094 756
f 192 756 1791
f 192 1381 1093
f 192 1791 1381
f 193 842 224
f 193 224 1246
f 193 1134 842
f 193 1246 867
f 194 1185 487
f 194 487 1210
f 194 1133 1700
f 194 1709 1133
f 194 1180 1185
f 194 1700 1180
f 194 1210 1709
f 195 882 689
f 195 689 1754
f 195 1755 1159
f 195 1754 1755
f 196 579 1630
f 196 1659 579
f 196 1874 1415
f 196 1415 1928
f 196 1441 1659
f 196 1928 1441
f 196 1630 1874
f 197 1146 635
f 197 635 1362
f 197 772 1146
f 197 1371 772
f 197 1362 1147
f 197 1147 1371
f 198 999 1211
f 198 1348 999
f 198 1135 1348
f 198 1692 1135
f 198 1441 1209
f 198 1209 1692
f 198 1211 1659
f 198 1659 1441
f 199 581 419
f 199 419 943
f 199 580 581
f 199 582 580
f 199 943 582
f 200 1212 201
f 200 201 1727
f 200 1135 667
f 200 667 1210
f 200 1727 1135
f 200 1210 1212
f 201 1402 440
f 201 440 1727
f 201 1212 1649
f 201 1649 1402
f 202 579 1442
f 202 1883 579
f 202 583 872
f 202 1660 583
f 202 872 1883
f 202 1442 1888
f 202 1888 1660
f 203 204 996
f 203 999 204
f 203 996 1181
f 203 1211 999
f 203 1181 1660
f 203 1442 1211
f 203 1888 1442
f 203 1660 1888
f 204 875 996
f 204 1503 875
f 204 999 877
f 204 877 1136
f 204 1136 1503
f 205 717 1062
f 205 1063 717
f 205 1062 1314
f 205 1768 1063
f 206 1136 440
f 206 440 1402
f 206 490 1359
f 206 1402 490
f 206 1359 997
f 206 997 1388
f 206 1388 1136
f 207 585 1631
f 207 1661 585
f 207 1631 1410
f 207 1410 1926
f 207 1438 1661
f 207 1926 1438
f 208 996 209
f 208 209 1173
f 208 1181 996
f 208 1173 1661
f 208 1438 1181
f 208 1661 1438
f 209 211 874
f 209 875 211
f 209 874 1173
f 209 996 875
f 210 258 920
f 210 1196 258
f 210 920 1197
f 210 1696 1121
f 210 1121 1702
f 210 1702 1196
f 210 1197 1696
f 211 1174 874
f 211 875 997
f 211 997 1227
f 211 1694 1174
f 211 1227 1597
f 211 1597 1694
f 212 587 1367
f 212 1665 587
f 212 1367 869
f 212 869 1924
f 212 1434 1889
f 212 1924 1434
f 212 1889 1665
f 213 214 988
f 213 1173 214
f 213 988 998
f 213 998 1665
f 213 1434 1173
f 213 1889 1434
f 213 1665 1889
f 214 874 835
f 214 835 1890
f 214 1173 874
f 214 1890 988
f 215 1122 591
f 215 591 1182
f 215 835 1174
f 215 1890 835
f 215 1695 1122
f 215 1174 1695
f 215 1182 1890
f 216 497 217
f 216 217 1122
f 216 1669 497
f 216 1122 1393
f 216 1393 1669
f 217 497 1027
f 217 856 591
f 217 591 1122
f 217 1395 856
f 217 1027 1424
f 217 1424 1395
f 218 1435 219
f 218 219 1666
f 218 588 1614
f 218 1666 588
f 218 1614 870
f 218 870 1925
f 218 1925 1435
f 219 998 1347
f 219 1435 998
f 219 1347 1137
f 219 1137 1349
f 219 1349 1218
f 219 1218 1666
f 220 1182 856
f 220 856 1599
f 220 1137 876
f 220 876 1182
f 220 1002 878
f 220 878 1137
f 220 1599 1002
f 221 222 526
f 221 1001 222
f 221 526 1897
f 221 1218 1001
f 221 1443 1218
f 221 1897 1443
f 222 1581 526
f 222 1138 909
f 222 909 1581
f 222 1001 1918
f 222 1918 1138
f 223 691 259
f 223 1240 691
f 224 1245 328
f 224 328 1451
f 224 842 1245
f 224 1451 1246
f 225 829 1138
f 225 1815 829
f 225 1346 1002
f 225 1002 1392
f 225 1138 1346
f 225 1392 1810
f 225 1810 1815
f 226 322 323
f 226 1540 322
f 226 323 1154
f 226 1154 326
f 226 326 1540
f 227 944 787
f 227 787 1175
f 227 1908 944
f 227 1175 1916
f 227 1836 1908
f 228 932 385
f 228 385 1510
f 228 1302 932
f 228 1175 1302
f 228 1531 1175
f 228 1510 1557
f 228 1557 1531
f 229 459 351
f 229 499 459
f 229 1568 499
f 229 1915 1176
f 229 1176 1919
f 229 1919 1568
f 230 879 1176
f 230 1303 879
f 230 1176 1532
f 230 1522 1303
f 231 538 768
f 231 1005 538
f 232 233 377
f 232 405 233
f 232 377 376
f 232 402 405
f 233 234 379
f 233 404 234
f 233 379 377
f 233 405 404
f 234 381 379
f 234 1851 381
f 234 404 408
f 234 408 1851
f 235 383 380
f 235 380 1851
f 235 940 383
f 235 632 940
f 235 1851 632
f 236 360 1271
f 236 1490 360
f 236 445 831
f 236 1273 445
f 236 831 1490
f 236 1271 1273
f 237 1272 366
f 237 366 1500
f 237 976 444
f 237 444 1277
f 237 1500 976
f 237 1274 1272
f 237 1277 1274
f 238 336 392
f 238 1285 336
f 238 392 1840
f 238 752 1285
f 238 1826 752
f 238 1840 1826
f 239 308 1298
f 239 1514 308
f 239 1512 375
f 239 375 1514
f 239 1015 923
f 239 923 1512
f 239 1298 1015
f 240 673 1244
f 240 1635 673
f 240 1244 687
f 241 432 857
f 241 1600 432
f 241 1235 847
f 241 847 1528
f 241 857 1235
f 242 1304 358
f 242 358 1305
f 242 739 740
f 242 1288 739
f 242 740 1304
f 242 1305 1288
f 243 1306 364
f 243 364 1307
f 243 734 735
f 243 1265 734
f 243 735 1306
f 243 1307 1265
f 244 606 605
f 244 605 738
f 244 788 606
f 244 1035 788
f 244 1253 1035
f 245 493 861
f 245 1292 493
f 245 861 785
f 245 785 1456
f 245 1456 1843
f 246 468 410
f 246 410 472
f 246 1184 468
f 246 472 966
f 246 966 1259
f 246 1259 1184
f 247 680 249
f 247 249 1389
f 247 1541 627
f 247 627 1901
f 247 1820 680
f 247 1389 1418
f 247 1418 1541
f 247 1901 1820
f 248 698 1295
f 248 1497 698
f 248 699 1297
f 248 1496 699
f 248 1295 1496
f 248 1297 1772
f 248 1772 1497
f 249 680 1637
f 249 1637 761
f 249 761 1906
f 249 1906 1389
f 250 628 929
f 250 1352 628
f 250 928 1352
f 250 1645 928
f 250 929 1065
f 250 1065 1645
f 251 928 501
f 251 501 1643
f 251 1546 928
f 251 1291 1546
f 251 1725 1291
f 251 1643 1725
f 252 272 1905
f 252 1905 1019
f 253 255 1089
f 253 1459 255
f 253 1065 855
f 253 855 1139
f 253 1646 1065
f 253 1089 1123
f 253 1123 1646
f 253 1139 1459
f 254 359 833
f 254 1308 359
f 254 833 1886
f 254 1310 1308
f 255 1098 1089
f 255 1096 1101
f 255 1459 1096
f 255 1101 1098
f 256 365 1309
f 256 1499 365
f 256 773 1499
f 256 1610 773
f 256 1309 1311
f 256 1311 1610
f 257 770 350
f 257 350 958
f 257 1074 737
f 257 737 1275
f 257 1275 770
f 257 958 957
f 257 957 1074
f 258 1329 510
f 258 510 1330
f 258 1330 920
f 258 1196 1331
f 258 1331 1329
f 259 400 846
f 259 1314 400
f 259 685 854
f 259 1509 685
f 259 691 1314
f 259 846 1509
f 260 703 1380
f 260 1616 703
f 260 1140 843
f 260 843 1616
f 260 1505 1140
f 260 1380 1876
f 260 1876 1505
f 261 1140 262
f 261 262 1506
f 261 842 900
f 261 1245 842
f 261 900 1140
f 261 1506 1245
f 262 527 528
f 262 1581 527
f 262 528 1506
f 262 1140 1505
f 262 1505 1581
f 263 1134 331
f 263 331 1332
f 263 502 1256
f 263 1644 502
f 263 1316 1134
f 263 1256 1316
f 263 1332 1644
f 264 754 276
f 264 276 1356
f 264 331 1083
f 264 1332 331
f 264 1083 754
f 264 1644 1332
f 264 1356 1644
f 265 266 893
f 265 1097 266
f 265 707 892
f 265 1241 707
f 265 892 1099
f 265 893 1241
f 265 1099 1097
f 266 1032 893
f 266 1101 1032
f 266 1097 1098
f 266 1098 1101
f 267 728 726
f 267 726 1323
f 267 1849 728
f 267 915 917
f 267 1733 915
f 267 917 1849
f 267 1323 1733
f 268 1052 1483
f 268 1735 1052
f 268 1476 1066
f 268 1066 1735
f 268 1483 1476
f 269 332 910
f 269 1066 332
f 269 1364 596
f 269 596 1376
f 269 910 1322
f 269 1092 1066
f 269 1376 1092
f 269 1322 1364
f 270 272 682
f 270 1016 272
f 270 273 515
f 270 937 273
f 270 682 276
f 270 276 754
f 270 515 1016
f 270 754 937
f 271 273 937
f 271 1018 273
f 271 863 274
f 271 274 1018
f 272 345 275
f 272 275 682
f 272 1016 1905
f 273 1017 515
f 273 1018 1017
f 274 1020 1018
f 274 1844 1020
f 275 276 682
f 275 1356 276
f 275 1507 1356
f 277 1166 674
f 277 674 1593
f 277 688 1166
f 278 1237 279
f 278 279 1391
f 278 281 1021
f 278 1391 281
f 278 946 1237
f 279 1029 1391
f 279 1839 1029
f 279 1237 1555
f 279 1555 1839
f 280 1082 281
f 280 281 1391
f 280 339 1082
f 280 1142 339
f 280 1374 1142
f 280 1391 1374
f 282 456 283
f 282 283 1171
f 282 342 456
f 282 1615 342
f 282 1535 343
f 282 343 1615
f 282 1171 1535
f 283 456 811
f 283 811 1029
f 283 1029 1030
f 283 1030 1171
f 284 1342 343
f 284 343 1535
f 284 1535 1028
f 284 1028 1801
f 284 1589 1342
f 284 1801 1589
f 285 1719 941
f 285 1079 1636
f 285 1841 1079
f 285 1636 1300
f 285 1300 1719
f 286 330 287
f 286 287 1103
f 286 1103 290
f 286 290 1300
f 286 1636 330
f 286 1300 1636
f 287 288 1103
f 287 1156 288
f 287 330 1872
f 287 1060 1156
f 287 1872 1060
f 288 289 435
f 288 1878 289
f 288 435 1103
f 288 1156 1878
f 289 427 435
f 289 1406 427
f 289 1878 1406
f 290 978 1078
f 290 1320 978
f 290 1078 1511
f 290 1103 1320
f 290 1511 1300
f 291 1183 313
f 291 672 897
f 291 1717 672
f 291 897 1088
f 291 1088 1183
f 292 1468 646
f 292 646 1501
f 292 1329 1141
f 292 1141 1759
f 292 1501 1329
f 292 1759 1468
f 293 1378 824
f 293 824 1400
f 293 1124 905
f 293 905 1378
f 293 1703 1124
f 293 1141 1331
f 293 1400 1141
f 293 1331 1196
f 293 1196 1703
f 294 1228 828
f 294 828 1255
f 294 1278 1228
f 295 352 1112
f 295 1198 352
f 295 1469 888
f 295 888 1887
f 295 1112 1469
f 295 1124 1688
f 295 1887 1124
f 295 1688 1198
f 296 981 648
f 296 648 1282
f 296 885 920
f 296 1199 885
f 296 920 1330
f 296 1330 981
f 296 1280 1199
f 296 1471 1280
f 296 1282 1471
f 297 568 573
f 297 1217 568
f 297 573 574
f 297 574 1629
f 297 1629 1217
f 298 1114 439
f 298 439 1198
f 298 1502 1114
f 298 1121 1686
f 298 1689 1121
f 298 1198 1689
f 298 1655 1502
f 298 1686 1655
f 299 1199 881
f 299 881 1279
f 299 921 1199
f 299 1685 921
f 299 1279 1685
f 300 885 921
f 300 1197 885
f 300 919 1023
f 300 1200 919
f 300 921 1200
f 300 1023 1706
f 300 1706 1197
f 301 302 1676
f 301 1803 302
f 301 303 886
f 301 1676 303
f 301 886 1685
f 301 1685 1279
f 301 1279 1803
f 302 1242 883
f 302 883 1676
f 302 989 1421
f 302 1803 989
f 302 1421 1242
f 303 1125 639
f 303 639 1200
f 303 1200 886
f 303 1159 1125
f 303 1676 1159
f 304 849 1067
f 304 1734 849
f 304 1802 1064
f 304 1064 1818
f 304 1067 1475
f 304 1475 1802
f 304 1818 1734
f 305 378 1363
f 305 1375 378
f 305 942 1067
f 305 1587 942
f 305 1067 1090
f 305 1090 1375
f 305 1363 1587
f 306 609 1399
f 306 1799 609
f 306 1287 665
f 306 665 1654
f 306 1399 1287
f 306 1654 1799
f 307 610 612
f 307 1287 610
f 307 612 1111
f 307 1024 663
f 307 663 1287
f 307 1111 1024
f 308 1293 1298
f 308 1904 1293
f 309 848 1236
f 309 1914 848
f 309 1236 1299
f 309 1299 1601
f 310 825 479
f 310 479 1301
f 310 821 825
f 310 1238 821
f 310 1301 1238
f 311 748 749
f 311 1105 748
f 311 749 1321
f 311 907 906
f 311 906 1105
f 311 1321 907
f 312 1519 341
f 312 341 1632
f 312 777 1037
f 312 1543 777
f 312 1037 1267
f 312 1267 1519
f 312 1632 1543
f 313 1183 916
f 314 1337 716
f 314 716 1805
f 314 1805 1336
f 314 1576 1337
f 315 1187 564
f 315 564 1517
f 315 569 570
f 315 1517 569
f 315 570 1623
f 315 1623 1187
f 316 516 517
f 316 517 1828
f 316 524 523
f 316 1828 524
f 317 318 424
f 317 518 318
f 317 424 524
f 317 517 518
f 317 1828 517
f 317 524 1828
f 318 425 424
f 318 1829 425
f 318 518 837
f 318 837 520
f 318 520 1829
f 319 426 775
f 319 1573 426
f 319 520 521
f 319 1829 520
f 319 521 1573
f 319 775 1829
f 320 398 1355
f 320 1507 398
f 320 1355 502
f 320 502 1644
f 320 1356 1507
f 320 1644 1356
f 321 430 1227
f 321 1598 430
f 321 1189 1598
f 321 1726 1189
f 321 1227 1359
f 321 1359 1726
f 322 1619 323
f 322 1075 934
f 322 934 1619
f 322 1540 1075
f 323 540 834
f 323 1619 540
f 323 834 1154
f 324 1675 541
f 324 541 1745
f 324 553 834
f 324 1485 553
f 324 834 1675
f 324 1745 1485
f 325 555 1540
f 325 696 844
f 325 864 696
f 325 1540 864
f 326 1154 554
f 326 554 1607
f 326 556 864
f 326 1607 556
f 326 864 1540
f 327 554 553
f 327 553 1485
f 327 1162 554
f 327 557 1162
f 327 1518 557
f 328 525 809
f 328 1245 525
f 328 809 1451
f 329 330 1079
f 329 1872 330
f 329 1079 1247
f 329 1247 1081
f 329 1081 1768
f 329 1768 1872
f 330 1636 1079
f 331 1134 1083
f 332 709 910
f 332 1534 709
f 332 1066 1476
f 332 1476 1534
f 333 744 1239
f 333 1395 744
f 333 856 1395
f 333 1599 856
f 333 1239 1392
f 333 1392 1599
f 334 1242 551
f 334 551 1487
f 334 883 1242
f 335 1188 578
f 335 578 1416
f 335 722 1407
f 335 1416 722
f 335 1158 1188
f 335 1407 1158
f 336 755 337
f 336 337 1143
f 336 1143 392
f 336 1285 755
f 337 338 395
f 337 1281 338
f 337 395 394
f 337 394 1143
f 337 755 1281
f 338 1667 395
f 338 590 455
f 338 455 1667
f 338 1281 590
f 339 912 654
f 339 654 1739
f 339 1142 912
f 339 1739 1082
f 340 1205 562
f 340 562 1366
f 340 1366 565
f 341 898 701
f 341 701 1632
f 341 845 898
f 341 1170 845
f 341 1519 1170
f 342 1374 456
f 342 656 1142
f 342 1615 656
f 342 1142 1374
f 343 911 657
f 343 657 1615
f 343 1342 911
f 344 913 631
f 344 631 1425
f 344 1426 913
f 344 1425 1763
f 344 1525 1426
f 344 1763 1525
f 346 418 1345
f 346 1449 418
f 346 597 1449
f 346 1682 597
f 346 1345 1450
f 346 1450 1682
f 347 1452 362
f 347 362 1454
f 347 1453 363
f 347 363 1460
f 347 1460 1452
f 347 1454 1453
f 348 861 493
f 348 493 1620
f 348 785 861
f 348 1463 785
f 348 1058 1463
f 348 1620 1058
f 349 384 1453
f 349 1461 384
f 349 1453 503
f 349 503 1495
f 349 1495 1461
f 350 770 1793
f 350 1397 958
f 350 961 1397
f 350 1793 961
f 351 459 1512
f 352 1113 1112
f 352 1198 1113
f 353 774 355
f 353 355 1147
f 353 1147 636
f 353 636 1317
f 353 1895 774
f 353 1317 1895
f 354 361 1515
f 354 1737 361
f 354 779 778
f 354 778 1737
f 354 1515 779
f 355 774 1044
f 355 1044 1043
f 355 1043 1371
f 355 1371 1147
f 356 1313 414
f 356 414 1608
f 356 1464 1313
f 356 1843 1464
f 356 1608 1472
f 357 1220 926
f 357 926 1465
f 357 1473 1220
f 357 1465 1470
f 358 1486 882
f 358 1304 1486
f 358 1487 1305
f 359 698 1296
f 359 1489 698
f 359 1488 833
f 359 1296 1776
f 359 1308 1489
f 359 1776 1488
f 360 1491 1271
f 360 1478 1491
f 360 1490 1868
f 361 633 634
f 361 1807 633
f 361 634 1146
f 361 1146 1515
f 361 1737 1807
f 362 784 783
f 362 783 1454
f 362 1102 784
f 362 1452 1102
f 363 1361 372
f 363 372 1460
f 363 1453 1361
f 364 1421 713
f 364 713 1498
f 364 1306 1492
f 364 1498 1307
f 364 1492 1421
f 365 697 1294
f 365 1499 697
f 365 1294 1771
f 365 1493 1309
f 365 1771 1493
f 366 1479 388
f 366 388 1500
f 366 1272 1494
f 366 1494 1479
f 367 1160 1041
f 367 1041 1903
f 367 1832 1160
f 367 1513 1832
f 367 1903 1678
f 368 370 377
f 368 1462 370
f 368 1360 371
f 368 371 1462
f 368 377 379
f 368 379 1360
f 369 1455 371
f 369 371 1495
f 369 786 781
f 369 781 1674
f 369 1495 786
f 369 1674 1455
f 370 376 377
f 371 1360 1461
f 371 1455 1462
f 371 1461 1495
f 372 383 373
f 372 373 1460
f 372 380 383
f 372 1361 380
f 373 383 1921
f 374 1427 389
f 374 389 1513
f 374 1513 944
f 374 944 1908
f 374 1908 1427
f 375 459 499
f 375 1512 459
f 375 499 1514
f 378 595 1363
f 378 1746 595
f 378 1375 1746
f 379 381 1360
f 380 1361 381
f 380 381 1851
f 381 384 1360
f 381 1361 384
f 382 818 743
f 382 743 938
f 382 887 818
f 382 938 824
f 382 824 1254
f 382 1254 887
f 383 940 1921
f 384 1461 1360
f 384 1361 1453
f 385 1528 847
f 385 847 1537
f 385 932 1891
f 385 1521 1510
f 385 1537 1521
f 385 1891 1528
f 386 393 1536
f 386 1538 393
f 386 933 1303
f 386 1536 933
f 386 1303 1522
f 386 1522 1538
f 387 1523 797
f 387 797 1763
f 387 1153 1523
f 387 1524 1344
f 387 1763 1524
f 388 716 1500
f 388 1805 716
f 388 1479 927
f 388 927 1805
f 389 1427 866
f 389 866 1832
f 389 1832 1513
f 390 505 392
f 390 392 1143
f 390 504 505
f 390 506 504
f 390 1639 506
f 390 1143 1639
f 391 394 395
f 391 1262 394
f 391 395 1673
f 391 507 1145
f 391 1673 507
f 391 1145 1262
f 392 505 1433
f 392 1433 1840
f 393 1538 848
f 393 848 1914
f 393 1914 1536
f 394 1262 1143
f 395 1667 1673
f 396 1667 455
f 396 455 1838
f 396 509 1673
f 396 1855 509
f 396 1673 1667
f 396 1838 1855
f 397 406 1077
f 397 1343 406
f 398 776 777
f 398 1542 776
f 398 777 1543
f 398 1543 1355
f 398 1507 1542
f 399 1326 406
f 399 406 1343
f 399 407 1350
f 399 1570 407
f 399 1350 1326
f 399 1343 1570
f 400 1062 846
f 400 1314 1062
f 401 1164 431
f 401 431 1559
f 401 1559 641
f 401 641 1687
f 401 1560 1164
f 401 1687 1560
f 402 926 405
f 403 1563 534
f 403 534 1796
f 403 729 1562
f 403 1796 729
f 403 925 865
f 403 865 1563
f 403 1562 925
f 404 405 1220
f 404 1220 408
f 405 926 1220
f 406 1326 1077
f 407 1163 970
f 407 970 1350
f 407 1570 1163
f 408 1220 415
f 408 415 1608
f 408 1608 632
f 408 632 1851
f 409 916 1183
f 409 1554 916
f 409 1606 1554
f 410 468 471
f 410 471 473
f 410 473 472
f 411 1472 415
f 411 415 1473
f 411 1473 768
f 412 1168 414
f 412 414 1313
f 413 904 914
f 413 1444 904
f 414 1168 632
f 414 632 1608
f 415 1220 1473
f 415 1472 1608
f 416 766 1561
f 416 1572 766
f 416 1520 868
f 416 868 1572
f 416 1571 1520
f 416 1561 1571
f 417 696 498
f 417 498 1061
f 417 1731 696
f 418 891 467
f 418 467 1345
f 418 1449 891
f 419 581 1178
f 419 1864 943
f 419 1178 1384
f 419 1384 1864
f 420 568 1217
f 420 1624 568
f 420 736 1624
f 420 1822 736
f 420 1217 1575
f 420 1575 1822
f 421 1081 500
f 421 500 1480
f 421 1061 1063
f 421 1063 1081
f 422 895 1554
f 422 1785 895
f 422 1653 986
f 422 986 1785
f 422 1577 1086
f 422 1086 1653
f 422 1554 1577
f 423 424 425
f 423 438 424
f 423 425 793
f 423 436 438
f 423 793 436
f 424 438 524
f 425 775 793
f 425 1829 775
f 426 794 775
f 426 1858 794
f 426 1573 1677
f 426 1677 1858
f 427 1312 435
f 428 1070 862
f 428 862 1590
f 428 985 1591
f 428 1611 985
f 428 1591 1070
f 428 1590 1076
f 428 1076 1611
f 429 1266 889
f 429 889 1609
f 429 1609 941
f 429 941 1719
f 429 1545 1266
f 429 1300 1545
f 429 1719 1300
f 430 1393 604
f 430 604 1597
f 430 1597 1227
f 430 1598 1393
f 431 1394 642
f 431 642 1707
f 431 1164 1394
f 431 1707 1559
f 432 1600 450
f 432 450 1635
f 432 1635 857
f 433 815 814
f 433 814 818
f 433 894 815
f 433 818 819
f 433 819 894
f 434 1556 689
f 434 689 1603
f 434 737 955
f 434 1603 737
f 434 955 1604
f 434 1604 1556
f 435 1320 1103
f 435 1312 1566
f 435 1566 1320
f 436 1055 438
f 436 793 1056
f 436 1056 1055
f 437 524 438
f 437 438 1053
f 437 523 524
f 437 1567 523
f 437 1053 1054
f 437 1054 1567
f 438 1055 1053
f 439 1114 1113
f 439 1113 1198
f 440 1136 1727
f 441 1057 442
f 441 442 1769
f 441 1056 990
f 441 990 1057
f 441 1004 1553
f 441 1769 1004
f 441 1553 1056
f 442 1049 1003
f 442 1003 1769
f 442 1057 1049
f 443 1373 985
f 443 985 1592
f 443 1592 1077
f 443 1077 1612
f 444 446 1277
f 444 1547 446
f 445 1126 448
f 445 448 1508
f 445 1508 831
f 445 1457 1126
f 445 1273 1457
f 446 781 1422
f 446 1547 781
f 446 1422 1277
f 447 668 1277
f 447 1457 668
f 447 782 783
f 447 786 782
f 447 783 1126
f 447 1422 786
f 447 1126 1457
f 447 1277 1422
f 448 784 1102
f 448 1814 784
f 448 1102 1893
f 448 1126 1814
f 448 1812 1508
f 448 1893 1812
f 449 751 1047
f 449 1144 751
f 449 984 939
f 449 939 1144
f 449 1047 984
f 450 1633 673
f 450 673 1635
f 450 1600 1633
f 451 452 1144
f 451 1420 452
f 451 453 1420
f 451 1715 453
f 451 764 762
f 451 762 1715
f 451 1144 764
f 452 1420 748
f 452 748 1668
f 452 751 1144
f 452 1668 751
f 453 558 454
f 453 454 1264
f 453 1715 558
f 453 1264 749
f 453 749 1420
f 454 745 1264
f 455 590 1477
f 455 1477 1824
f 455 1824 1838
f 456 1374 811
f 457 1052 859
f 457 859 1744
f 457 1161 1052
f 457 1641 1161
f 457 1261 1527
f 457 1744 1261
f 457 1527 1641
f 458 1201 692
f 458 692 1221
f 458 801 986
f 458 1221 801
f 458 986 1653
f 458 1653 1086
f 458 1086 1720
f 458 1720 1201
f 460 1008 1006
f 460 1006 1050
f 460 1553 1008
f 460 1050 1054
f 460 1054 1053
f 460 1053 1055
f 460 1055 1553
f 461 463 1386
f 461 1881 463
f 461 1213 871
f 461 871 1881
f 461 1790 1213
f 461 1386 1790
f 462 1034 605
f 462 605 1752
f 462 715 1034
f 462 1881 715
f 462 1177 810
f 462 810 1881
f 462 1752 1177
f 463 1409 464
f 463 464 1782
f 463 810 1409
f 463 1881 810
f 463 1782 1386
f 464 466 963
f 464 1622 466
f 464 963 1782
f 464 1409 1622
f 465 606 607
f 465 1177 606
f 465 607 1450
f 465 1409 1177
f 465 1622 1409
f 465 1450 1622
f 466 467 537
f 466 1345 467
f 466 537 763
f 466 763 963
f 466 1622 1345
f 467 469 537
f 467 1184 469
f 467 891 1184
f 468 1250 471
f 468 1036 690
f 468 690 1250
f 468 1184 1036
f 469 964 537
f 469 1740 964
f 469 1259 966
f 469 966 1740
f 469 1184 1259
f 470 531 1250
f 470 1425 531
f 470 1250 690
f 470 690 1344
f 470 1344 1524
f 470 1524 1425
f 471 1250 530
f 472 473 1853
f 472 1239 966
f 472 1853 1239
f 473 1809 1853
f 474 476 635
f 474 1069 476
f 474 635 634
f 474 634 1284
f 474 1284 719
f 474 719 1767
f 474 1767 1069
f 475 477 1069
f 475 1338 477
f 475 1024 664
f 475 664 1338
f 475 1069 1024
f 476 477 635
f 476 1069 477
f 477 1362 635
f 477 1338 636
f 477 636 1362
f 478 1193 1191
f 478 1405 1193
f 478 1238 1652
f 478 1652 1405
f 479 825 1758
f 479 1127 1704
f 479 1758 1127
f 479 1202 1652
f 479 1704 1202
f 479 1652 1301
f 480 640 1127
f 480 1203 640
f 480 1419 827
f 480 827 1467
f 480 1467 967
f 480 967 1723
f 480 1127 1419
f 480 1723 1203
f 481 1128 1697
f 481 1705 1128
f 481 1193 1405
f 481 1651 1193
f 481 1405 1202
f 481 1202 1705
f 481 1204 1651
f 481 1697 1204
f 482 1128 640
f 482 640 1203
f 482 1203 678
f 482 678 1808
f 482 1687 1128
f 482 1560 1687
f 482 1808 1560
f 483 969 1208
f 483 1808 969
f 483 1208 1207
f 483 1207 1560
f 483 1560 1808
f 484 1131 1404
f 484 1708 1131
f 484 1707 1195
f 484 1195 1708
f 484 1404 1204
f 484 1204 1559
f 484 1559 1707
f 485 1120 1650
f 485 1185 1180
f 485 1401 1185
f 485 1650 1401
f 486 1120 1394
f 486 1650 1120
f 486 1186 1650
f 486 1920 1186
f 486 1670 1234
f 486 1234 1920
f 486 1394 1670
f 487 1185 1879
f 487 1212 1210
f 487 1403 1212
f 487 1879 1403
f 488 880 974
f 488 1186 880
f 488 974 1779
f 488 1401 1186
f 488 1779 1214
f 488 1214 1879
f 488 1879 1401
f 489 1214 700
f 489 700 1387
f 489 1212 1403
f 489 1649 1212
f 489 1403 1214
f 489 1215 1649
f 489 1910 1215
f 489 1387 1910
f 490 1215 1216
f 490 1402 1215
f 490 1216 1726
f 490 1726 1359
f 491 980 982
f 491 1189 980
f 491 982 1669
f 491 1598 1189
f 491 1669 1598
f 492 496 539
f 492 1108 496
f 492 710 538
f 492 538 1370
f 492 539 710
f 492 1370 1108
f 493 539 496
f 493 496 1059
f 493 1292 539
f 493 1059 1620
f 494 495 936
f 494 1048 495
f 494 936 800
f 494 1009 1048
f 495 1108 936
f 495 1048 1108
f 496 1011 1059
f 496 1108 1011
f 497 964 1027
f 497 1721 964
f 497 1669 1721
f 498 696 1595
f 498 1062 717
f 498 717 1063
f 498 1063 1061
f 498 1595 1062
f 499 1568 945
f 500 1081 1247
f 500 1373 1480
f 501 928 1645
f 501 1645 1065
f 501 1065 1646
f 501 1123 1643
f 501 1646 1123
f 502 930 1256
f 502 1355 930
f 503 783 782
f 503 782 786
f 503 1454 783
f 503 786 1495
f 503 1453 1454
f 504 506 734
f 506 735 734
f 506 1145 735
f 506 1639 1145
f 507 533 1145
f 507 1638 533
f 507 1713 1638
f 507 1673 1713
f 508 1673 509
f 508 509 1898
f 508 740 739
f 508 739 1713
f 508 1780 740
f 508 1713 1673
f 508 1898 1780
f 509 1855 1898
f 510 647 981
f 510 1501 647
f 510 981 1330
f 510 1329 1501
f 511 638 1023
f 511 1655 638
f 511 1656 983
f 511 983 1862
f 511 1023 1656
f 511 1502 1655
f 511 1862 1502
f 512 517 516
f 512 516 675
f 512 1529 517
f 512 675 1857
f 512 838 1529
f 512 1610 838
f 512 1857 1610
f 513 837 518
f 513 518 838
f 513 520 837
f 513 1552 520
f 514 1593 674
f 514 674 1634
f 514 1299 858
f 514 858 1602
f 514 1601 1299
f 514 1602 1593
f 514 1634 1601
f 515 1017 1016
f 517 1529 518
f 518 1529 838
f 519 672 1322
f 519 1718 672
f 519 1322 709
f 519 709 1718
f 520 1552 521
f 521 1276 1749
f 521 1749 1573
f 522 546 1324
f 522 1569 546
f 522 1043 1044
f 522 1324 1043
f 522 1044 1045
f 522 1045 1569
f 525 529 1257
f 525 1506 529
f 525 1325 809
f 525 1245 1506
f 525 1257 1325
f 526 1876 1380
f 526 1581 1876
f 527 873 528
f 527 909 873
f 527 1581 909
f 528 529 1506
f 528 1815 529
f 528 873 829
f 528 829 1815
f 529 718 1377
f 529 1810 718
f 529 1377 1257
f 529 1815 1810
f 530 531 809
f 530 1250 531
f 530 809 1325
f 530 1325 1377
f 531 631 1119
f 531 1425 631
f 531 1451 809
f 531 1119 1451
f 532 556 559
f 532 1595 556
f 532 559 846
f 532 846 1062
f 532 1062 1595
f 533 735 1145
f 533 1398 735
f 533 1288 1398
f 533 1638 1288
f 534 536 535
f 534 535 1796
f 535 536 1854
f 535 1637 1821
f 535 1854 1637
f 535 1821 1796
f 536 708 1854
f 537 964 763
f 538 710 768
f 538 1222 899
f 538 899 1370
f 538 1005 1222
f 539 1292 710
f 540 1324 546
f 540 546 1675
f 540 548 1324
f 540 1619 548
f 540 1675 834
f 541 1569 547
f 541 1675 1569
f 542 545 543
f 542 543 609
f 542 1867 545
f 542 609 1870
f 542 1870 1867
f 543 670 544
f 543 544 1399
f 543 545 670
f 543 1399 609
f 544 612 610
f 544 610 1399
f 544 684 612
f 544 670 684
f 545 679 670
f 545 1526 679
f 545 1867 1526
f 546 1569 1675
f 547 1045 1046
f 547 1569 1045
f 548 931 779
f 548 934 931
f 548 1619 934
f 549 639 550
f 549 550 1811
f 549 919 639
f 549 760 983
f 549 1811 760
f 549 1656 919
f 549 983 1656
f 550 639 1125
f 550 1125 1755
f 550 1754 1556
f 550 1556 1837
f 550 1755 1754
f 550 1837 1811
f 551 1242 1492
f 551 1398 1305
f 551 1305 1487
f 551 1306 1398
f 551 1492 1306
f 552 755 593
f 552 593 1863
f 552 655 658
f 552 1863 655
f 552 658 1732
f 552 1281 755
f 552 1732 1281
f 553 554 1154
f 553 1154 834
f 554 1162 1607
f 555 830 1075
f 555 1075 1540
f 556 1162 559
f 556 1595 864
f 556 1607 1162
f 557 685 1742
f 557 1742 1162
f 558 762 757
f 558 1715 762
f 559 1162 846
f 560 1411 561
f 560 561 1625
f 560 1228 1613
f 560 1760 1228
f 560 1613 1411
f 560 1625 1760
f 561 562 1412
f 561 1873 562
f 561 1411 1873
f 561 1412 1625
f 562 1205 1413
f 562 1873 1366
f 562 1413 1412
f 563 1411 1613
f 563 1927 1411
f 563 1662 1439
f 563 1439 1927
f 564 1205 702
f 564 702 1517
f 564 1187 1414
f 564 1627 1205
f 564 1414 1859
f 564 1859 1627
f 565 1366 1873
f 565 1663 1440
f 566 567 650
f 566 1627 567
f 566 649 645
f 566 645 1413
f 566 650 649
f 566 1413 1627
f 567 651 650
f 567 1445 651
f 567 1414 1445
f 567 1859 1414
f 567 1627 1859
f 568 1623 573
f 568 1187 1623
f 568 1624 1187
f 569 1436 570
f 569 1517 702
f 569 1664 1436
f 570 573 1623
f 570 1657 573
f 570 1436 1657
f 571 652 651
f 571 651 1445
f 571 736 652
f 571 1624 736
f 571 1445 1414
f 571 1414 1624
f 572 817 1224
f 572 1880 817
f 572 1575 1217
f 572 1217 1629
f 572 1224 1575
f 572 1415 1578
f 572 1882 1415
f 572 1578 1880
f 572 1629 1882
f 573 1437 574
f 573 1179 1437
f 573 1657 1179
f 574 577 1629
f 574 1658 577
f 574 1437 1658
f 575 1630 576
f 575 576 1894
f 575 1051 1880
f 575 1894 1051
f 575 1578 1415
f 575 1415 1874
f 575 1880 1578
f 575 1874 1630
f 576 1158 840
f 576 840 1894
f 576 1188 1158
f 576 1883 1188
f 576 1630 1883
f 577 1415 1882
f 577 1928 1415
f 577 1658 1441
f 577 1441 1928
f 577 1882 1629
f 578 1410 580
f 578 580 1416
f 578 872 583
f 578 583 1410
f 578 1188 872
f 579 1659 1442
f 579 1883 1630
f 580 1631 581
f 580 582 1416
f 580 1410 1631
f 581 869 1178
f 581 1884 869
f 581 1631 1884
f 582 853 852
f 582 852 1834
f 582 943 853
f 582 1834 1416
f 583 1926 1410
f 583 1660 1438
f 583 1438 1926
f 584 1219 791
f 584 791 1384
f 584 1178 869
f 584 869 1367
f 584 870 1219
f 584 1367 870
f 584 1384 1178
f 585 1661 1434
f 585 1434 1924
f 585 1884 1631
f 585 1924 1884
f 586 898 845
f 586 845 1170
f 586 1831 898
f 586 1170 1219
f 586 1219 1917
f 586 1614 1831
f 586 1917 1614
f 587 870 1367
f 587 1925 870
f 587 1665 1435
f 587 1435 1925
f 588 1666 1443
f 588 1443 1929
f 588 1831 1614
f 588 1929 1831
f 589 1446 753
f 589 753 1831
f 589 1443 1897
f 589 1929 1443
f 589 1831 1929
f 590 1281 594
f 590 594 1477
f 591 856 1182
f 592 660 1672
f 592 1797 660
f 592 1672 752
f 592 752 1757
f 592 1757 1797
f 593 755 1285
f 593 1672 1155
f 593 1155 1863
f 593 1285 1672
f 594 661 1165
f 594 1605 661
f 594 1165 1477
f 594 1281 1732
f 594 1732 1605
f 595 1680 1363
f 595 1746 1678
f 595 1678 1903
f 595 1710 1680
f 595 1903 1710
f 596 1364 1681
f 596 1679 1376
f 596 1904 1679
f 596 1681 1711
f 596 1711 1904
f 597 1084 1683
f 597 1683 1449
f 598 602 884
f 598 1684 602
f 598 884 1129
f 598 1093 1252
f 598 1351 1093
f 598 1129 1804
f 598 1252 1684
f 598 1804 1351
f 599 884 922
f 599 1129 884
f 599 922 1085
f 599 1035 1040
f 599 1249 1035
f 599 1040 1297
f 599 1085 1249
f 599 1777 1129
f 599 1297 1777
f 600 607 606
f 600 606 788
f 600 1682 607
f 600 788 1232
f 600 1232 1249
f 600 1249 1584
f 600 1584 1682
f 601 1148 602
f 601 602 1684
f 601 1805 1148
f 601 1252 1354
f 601 1684 1252
f 601 1354 1336
f 601 1336 1805
f 602 799 884
f 602 902 799
f 602 927 902
f 602 1148 927
f 603 669 1478
f 603 1479 669
f 603 902 927
f 603 1751 902
f 603 927 1479
f 603 1478 1751
f 604 1393 1122
f 604 1122 1695
f 604 1174 1694
f 604 1695 1174
f 604 1694 1597
f 605 606 1752
f 605 1034 738
f 606 1177 1752
f 607 1682 1450
f 608 611 720
f 608 1800 611
f 608 720 676
f 608 676 1423
f 609 1799 1870
f 610 1287 1399
f 611 664 1024
f 611 1819 664
f 611 1111 720
f 611 1024 1111
f 611 1800 1819
f 612 684 677
f 612 677 720
f 612 720 1111
f 613 617 1130
f 613 1555 617
f 613 1130 1417
f 613 1417 1383
f 613 1383 1555
f 614 620 1233
f 614 1417 620
f 614 1233 1544
f 614 1792 1417
f 614 1544 1922
f 614 1922 1792
f 615 616 1171
f 615 1792 616
f 615 1171 1030
f 615 1030 1383
f 615 1383 1792
f 616 1028 1171
f 616 1781 1028
f 616 1830 1781
f 616 1792 1922
f 616 1922 1830
f 617 890 1372
f 617 1555 890
f 617 1484 1130
f 617 1372 1787
f 617 1596 1484
f 617 1787 1596
f 618 619 1358
f 618 1431 619
f 618 1328 623
f 618 623 1431
f 618 1833 1328
f 618 1358 1833
f 619 1714 1358
f 619 1430 1714
f 619 1787 1430
f 619 1431 1596
f 619 1596 1787
f 620 1130 1341
f 620 1417 1130
f 620 1340 1233
f 620 1341 1340
f 621 1223 1014
f 621 1014 1341
f 621 1341 1130
f 621 1130 1484
f 621 1642 1223
f 621 1484 1596
f 621 1596 1642
f 622 1014 626
f 622 626 1327
f 622 1340 1014
f 622 1233 1340
f 622 1877 1233
f 622 1327 1902
f 622 1902 1877
f 623 627 1729
f 623 1901 627
f 623 1328 1901
f 623 1729 1431
f 624 628 625
f 624 625 1642
f 624 1541 628
f 624 1642 1431
f 624 1431 1729
f 624 1729 1541
f 625 629 626
f 625 626 1223
f 625 628 1352
f 625 1352 629
f 625 1223 1642
f 626 629 630
f 626 630 1327
f 626 1014 1223
f 627 1541 1729
f 628 1541 929
f 629 1546 630
f 629 1352 928
f 629 928 1546
f 630 1546 1291
f 631 913 1357
f 631 1447 1119
f 631 1357 1447
f 632 1168 940
f 633 1284 634
f 633 712 1284
f 633 1861 712
f 633 1807 1885
f 633 1885 1861
f 634 635 1146
f 636 1147 1362
f 636 1289 1317
f 636 1338 1289
f 637 1121 1689
f 637 1702 1121
f 637 1688 1124
f 637 1124 1703
f 637 1196 1702
f 637 1703 1196
f 637 1198 1688
f 637 1689 1198
f 638 1706 1023
f 638 1686 1121
f 638 1121 1696
f 638 1696 1197
f 638 1197 1706
f 638 1655 1686
f 639 919 1200
f 640 1704 1127
f 640 1128 1705
f 640 1202 1704
f 640 1705 1202
f 641 1128 1687
f 641 1697 1128
f 641 1559 1204
f 641 1204 1697
f 642 1394 1120
f 642 1120 1698
f 642 1698 1195
f 642 1195 1707
f 643 741 646
f 643 646 812
f 643 1760 741
f 643 812 1761
f 643 1228 1760
f 643 1761 1228
f 644 647 741
f 644 1930 647
f 644 741 1760
f 644 1625 1190
f 644 1190 1930
f 644 1760 1625
f 645 648 1190
f 645 1282 648
f 645 649 1282
f 645 1190 1412
f 645 1412 1413
f 646 741 647
f 646 647 1501
f 647 1930 981
f 648 981 1930
f 648 1930 1190
f 649 650 1280
f 649 1280 1471
f 649 1471 1282
f 650 651 881
f 650 881 1280
f 651 652 1279
f 651 1279 881
f 652 736 994
f 652 994 1827
f 652 1827 1279
f 653 1264 745
f 653 745 1896
f 653 903 908
f 653 1896 903
f 653 908 1321
f 653 1321 1264
f 654 660 1548
f 654 1594 660
f 654 912 1594
f 654 1548 1739
f 655 656 658
f 655 1892 656
f 655 1863 1155
f 655 1155 1892
f 656 657 658
f 656 1615 657
f 656 912 1142
f 656 1892 912
f 657 1605 658
f 657 911 1605
f 658 1605 1732
f 659 1690 1132
f 659 1132 1699
f 659 1133 1691
f 659 1700 1133
f 659 1179 1690
f 659 1691 1179
f 659 1699 1180
f 659 1180 1700
f 660 1594 1155
f 660 1155 1672
f 660 1797 1548
f 661 911 1428
f 661 1605 911
f 661 1428 1165
f 662 1338 664
f 662 664 1899
f 662 1289 1338
f 663 1024 1069
f 663 1069 1767
f 663 1767 1287
f 664 1819 1899
f 665 719 712
f 665 712 1654
f 665 1287 719
f 666 1693 1131
f 666 1131 1708
f 666 1132 1194
f 666 1701 1132
f 666 1194 1693
f 666 1195 1701
f 666 1708 1195
f 667 1209 1133
f 667 1133 1709
f 667 1135 1692
f 667 1692 1209
f 667 1709 1210
f 668 1273 1290
f 668 1457 1273
f 668 1274 1277
f 668 1290 1274
f 669 1290 1271
f 669 1271 1491
f 669 1272 1290
f 669 1494 1272
f 669 1491 1478
f 669 1479 1494
f 670 679 1458
f 670 1458 684
f 671 1728 686
f 671 686 1911
f 671 896 1728
f 671 1911 1716
f 672 1718 897
f 672 991 1322
f 672 1717 991
f 673 1633 1244
f 674 1166 1634
f 676 677 683
f 676 720 677
f 676 683 808
f 676 808 1842
f 676 1842 1423
f 677 681 683
f 677 684 681
f 678 968 1722
f 678 1723 968
f 678 1203 1723
f 678 1722 1808
f 679 802 803
f 679 1526 802
f 679 803 1458
f 680 729 1637
f 680 1820 729
f 681 806 683
f 681 684 1458
f 681 805 806
f 681 1458 805
f 683 806 808
f 685 1509 1742
f 686 942 1587
f 686 1728 942
f 686 1587 1911
f 687 1747 694
f 687 694 1766
f 687 1244 1747
f 688 1549 695
f 688 695 1748
f 688 1748 1166
f 689 882 1603
f 689 1556 1754
f 690 1036 1344
f 691 1240 1878
f 691 1319 1314
f 691 1878 1319
f 692 693 1551
f 692 1762 693
f 692 1201 1762
f 692 1551 1221
f 693 924 1564
f 693 1762 924
f 693 1260 1551
f 693 1564 1260
f 694 792 1037
f 694 1764 792
f 694 1037 1865
f 694 1747 1764
f 694 1865 1766
f 695 1525 797
f 695 797 1765
f 695 1426 1525
f 695 1549 1426
f 695 1765 1748
f 696 1731 844
f 696 864 1595
f 697 1499 1094
f 697 1773 1294
f 698 1774 1295
f 698 1489 1774
f 699 1129 1777
f 699 1804 1129
f 699 1777 1297
f 699 1775 1351
f 699 1351 1804
f 699 1496 1775
f 700 1779 975
f 700 975 1823
f 700 1214 1779
f 700 1823 1387
f 701 703 704
f 701 898 703
f 701 704 1632
f 703 1616 704
f 703 898 1446
f 704 930 1355
f 704 1616 930
f 704 1355 1543
f 704 1543 1632
f 705 1448 759
f 705 759 1825
f 705 769 1018
f 705 1825 769
f 705 1018 1020
f 705 1020 1448
f 706 761 1854
f 706 1906 761
f 706 1558 1139
f 706 1139 1906
f 706 1854 1558
f 707 1080 892
f 707 1241 978
f 707 978 1566
f 707 1712 1080
f 707 1566 1712
f 708 1100 1854
f 709 1322 910
f 710 965 768
f 710 1292 965
f 711 850 1252
f 711 1791 850
f 711 1252 1093
f 711 1093 1381
f 711 1381 1791
f 712 719 1284
f 713 1421 989
f 713 989 1827
f 713 1798 1498
f 713 1827 1798
f 714 1064 1802
f 714 1579 1640
f 715 871 1226
f 715 1881 871
f 716 1337 1500
f 718 839 1809
f 718 1810 839
f 718 1809 1377
f 719 1287 1767
f 721 758 764
f 721 939 758
f 721 764 1144
f 721 1144 939
f 722 756 1407
f 722 1834 756
f 722 1416 1834
f 723 733 789
f 723 1850 733
f 723 789 790
f 723 1778 807
f 723 807 1850
f 724 1818 1064
f 724 1817 1150
f 724 1734 1818
f 724 1743 1817
f 725 1167 730
f 725 914 1733
f 725 1323 1167
f 725 1733 1323
f 726 728 732
f 726 732 731
f 726 731 1167
f 726 1167 1323
f 727 995 728
f 727 728 1849
f 727 789 733
f 727 733 995
f 727 918 789
f 727 917 918
f 727 1849 917
f 728 995 732
f 729 1820 1562
f 729 1821 1637
f 729 1796 1821
f 730 731 802
f 730 1167 731
f 730 802 1647
f 731 732 803
f 731 803 802
f 732 805 803
f 732 995 805
f 733 806 805
f 733 805 995
f 733 1850 806
f 735 1398 1306
f 736 1822 994
f 737 1074 955
f 737 1603 1275
f 738 1034 1038
f 738 1038 1582
f 739 1288 1638
f 739 1638 1713
f 742 937 754
f 742 754 1083
f 742 1083 987
f 743 804 813
f 743 814 804
f 743 813 938
f 743 818 814
f 744 966 1239
f 744 1424 966
f 744 1395 1424
f 746 750 747
f 746 747 1031
f 746 1031 1730
f 747 750 751
f 747 751 1668
f 747 1105 1031
f 747 1668 1105
f 748 1420 749
f 748 1105 1668
f 749 1264 1321
f 750 1047 751
f 750 1816 1047
f 752 1672 1285
f 752 1826 1757
f 753 1446 898
f 753 898 1831
f 756 1094 1835
f 756 1835 1407
f 756 1834 1791
f 757 762 759
f 758 1390 764
f 758 939 767
f 758 767 1390
f 759 762 1825
f 760 1116 983
f 760 1586 1116
f 760 1811 1586
f 761 1637 1854
f 762 764 1825
f 763 1721 963
f 763 964 1721
f 764 1390 769
f 764 769 1825
f 765 767 939
f 765 1905 767
f 765 939 984
f 765 984 1770
f 765 1753 1905
f 766 1291 1725
f 766 1847 1291
f 766 1846 1561
f 766 1572 1847
f 766 1725 1846
f 767 1016 1621
f 767 1905 1016
f 767 1621 1390
f 769 1017 1018
f 769 1621 1017
f 769 1390 1621
f 770 1275 1852
f 770 1852 1793
f 771 839 1392
f 771 1853 839
f 771 1392 1239
f 771 1239 1853
f 772 1371 1043
f 772 1515 1146
f 773 1150 1856
f 773 1857 1150
f 773 1856 1499
f 773 1610 1857
f 774 1045 1044
f 774 1046 1045
f 774 1845 1046
f 774 1895 1845
f 775 794 793
f 776 1037 777
f 776 1865 1037
f 776 1542 1766
f 776 1766 1865
f 778 779 931
f 780 1520 1025
f 780 1025 1756
f 780 1260 1564
f 780 1756 1260
f 780 1550 1520
f 780 1564 1550
f 781 786 1422
f 781 1547 1674
f 783 784 1814
f 783 1814 1126
f 785 1648 1456
f 787 932 1302
f 787 1912 932
f 787 944 1912
f 787 1302 1175
f 788 1035 1232
f 789 901 790
f 789 918 901
f 790 901 1618
f 791 1219 1170
f 791 1337 1576
f 791 1576 1384
f 792 1267 1037
f 792 1152 1268
f 792 1519 1267
f 792 1268 1519
f 793 794 1335
f 793 990 1056
f 793 1335 990
f 794 1057 1335
f 794 1858 1057
f 795 1233 796
f 795 796 1762
f 795 1544 1233
f 795 1258 1544
f 795 1762 1258
f 796 798 1550
f 796 1877 798
f 796 1550 924
f 796 924 1762
f 796 1233 1877
f 797 1523 1765
f 797 1525 1763
f 798 868 1550
f 798 1795 868
f 798 1327 1795
f 798 1902 1327
f 798 1877 1902
f 799 922 884
f 799 902 1751
f 799 1408 922
f 799 1751 1408
f 800 936 899
f 800 899 1222
f 802 1526 1647
f 803 805 1458
f 804 821 813
f 804 814 1588
f 804 825 821
f 804 1588 825
f 806 807 808
f 806 1850 807
f 807 1786 808
f 807 1778 1786
f 808 1786 1842
f 810 1177 1409
f 811 1391 1029
f 811 1374 1391
f 812 1230 1761
f 813 821 832
f 813 832 1073
f 813 1533 938
f 813 1073 1617
f 813 1617 1533
f 814 815 1353
f 814 1353 1588
f 815 894 1118
f 815 1118 1379
f 815 1315 1353
f 815 1379 1315
f 816 822 823
f 816 823 1533
f 816 1073 1230
f 816 1617 1073
f 816 1533 1617
f 817 1051 1640
f 817 1880 1051
f 818 888 819
f 818 887 888
f 819 888 1848
f 819 1848 894
f 820 832 821
f 820 1432 832
f 820 1466 1432
f 822 1759 823
f 822 1468 1759
f 823 824 938
f 823 1400 824
f 823 938 1533
f 823 1141 1400
f 823 1759 1141
f 824 1378 1254
f 825 1588 826
f 825 826 1758
f 826 1353 827
f 826 827 1419
f 826 1419 1127
f 826 1127 1758
f 826 1588 1353
f 827 1353 1315
f 827 1315 1379
f 828 1073 832
f 828 832 1255
f 828 1230 1073
f 828 1228 1761
f 828 1761 1230
f 829 873 1138
f 830 935 1075
f 831 1153 1490
f 831 1508 1153
f 832 1432 1255
f 833 1151 1248
f 833 1334 1151
f 833 1248 1318
f 833 1318 1886
f 833 1488 1334
f 835 874 1174
f 836 889 1229
f 836 1229 1100
f 838 1610 1311
f 839 1810 1392
f 839 1853 1809
f 840 1743 1051
f 840 1051 1894
f 841 960 959
f 841 959 1068
f 841 1226 960
f 841 1068 1261
f 841 1261 1744
f 842 1316 900
f 842 1134 1316
f 843 1140 900
f 843 900 1256
f 843 1256 930
f 843 930 1616
f 846 1162 1742
f 846 1742 1509
f 849 1090 1067
f 850 852 853
f 850 1791 852
f 850 853 1354
f 850 1354 1252
f 851 1039 1295
f 851 1493 1039
f 851 1295 1774
f 851 1489 1308
f 851 1308 1516
f 851 1309 1493
f 851 1516 1309
f 851 1774 1489
f 852 1791 1834
f 853 943 1336
f 853 1336 1354
f 855 1065 929
f 855 929 1906
f 855 1906 1139
f 858 1299 1236
f 858 1909 1602
f 859 1052 1735
f 859 1482 1151
f 859 1151 1744
f 859 1735 1482
f 860 867 1357
f 860 1357 913
f 862 1070 1013
f 862 1013 1530
f 862 1530 1590
f 865 925 1022
f 865 1022 1396
f 865 1396 1563
f 866 1160 1832
f 867 1246 1447
f 867 1447 1357
f 868 1520 1550
f 868 1795 1572
f 869 1884 1924
f 870 1917 1219
f 870 1614 1917
f 871 1213 960
f 871 960 1226
f 872 1188 1883
f 873 909 1138
f 875 1388 997
f 875 1503 1388
f 876 998 988
f 876 988 1890
f 876 1347 998
f 876 1137 1347
f 876 1890 1182
f 877 999 1348
f 877 1348 1135
f 877 1135 1727
f 877 1727 1136
f 878 1001 1349
f 878 1918 1001
f 878 1002 1346
f 878 1349 1137
f 878 1346 1138
f 878 1138 1918
f 879 1303 933
f 879 1913 945
f 879 945 1919
f 879 1919 1176
f 880 973 974
f 880 1920 973
f 880 1186 1920
f 881 1199 1280
f 882 1486 1603
f 883 1159 1676
f 885 1197 920
f 885 1199 921
f 886 1200 921
f 886 921 1685
f 887 905 888
f 887 1254 905
f 888 905 1887
f 888 1469 1848
f 889 1266 1229
f 890 1555 1237
f 890 1237 1931
f 890 1931 1372
f 891 1036 1184
f 891 1504 1036
f 891 1449 1504
f 892 1871 1099
f 893 1078 978
f 893 978 1241
f 893 1032 1078
f 894 1231 1118
f 895 916 1554
f 899 936 1370
f 900 1316 1256
f 901 908 903
f 901 903 1900
f 901 918 908
f 901 1900 1618
f 904 1574 914
f 904 1031 1105
f 904 1724 1031
f 904 1105 1574
f 904 1444 1724
f 905 1124 1887
f 905 1254 1378
f 906 907 917
f 906 917 915
f 906 915 1574
f 906 1574 1105
f 907 908 918
f 907 1321 908
f 907 918 917
f 912 1155 1594
f 912 1892 1155
f 914 1574 915
f 914 915 1733
f 919 1656 1023
f 922 1869 1085
f 922 1408 1869
f 924 1550 1564
f 925 1206 1022
f 925 1169 1286
f 925 1562 1169
f 925 1585 1206
f 925 1286 1585
f 927 1148 1805
f 929 1418 1389
f 929 1389 1906
f 929 1541 1418
f 931 934 935
f 934 1075 935
f 936 1108 1370
f 942 1475 1067
f 942 1728 1149
f 943 1864 1336
f 945 1568 1919
f 946 1072 1026
f 946 1026 1237
f 946 1225 1072
f 947 1788 967
f 947 967 1875
f 947 1109 1385
f 947 1875 1109
f 947 1385 1788
f 948 951 950
f 948 950 1369
f 948 1783 951
f 948 1626 1365
f 948 1365 1783
f 948 1369 1626
f 949 952 1269
f 949 1860 952
f 949 1269 1783
f 949 1783 1365
f 949 1365 1860
f 950 951 1722
f 950 1722 968
f 950 968 1788
f 950 1385 1369
f 950 1788 1385
f 951 969 1722
f 951 1783 969
f 952 1368 953
f 952 953 1784
f 952 1251 1368
f 952 1860 1251
f 952 1784 1269
f 953 1104 956
f 953 956 1784
f 953 1628 1104
f 953 1368 1628
f 954 1117 955
f 954 955 1628
f 954 1283 1117
f 954 1368 1251
f 954 1251 1583
f 954 1583 1283
f 954 1628 1368
f 955 1074 1628
f 955 1117 1604
f 956 1741 971
f 956 971 1784
f 956 1104 972
f 956 972 1741
f 957 958 974
f 957 974 973
f 957 973 1789
f 957 1104 1074
f 957 1789 1104
f 958 1333 974
f 958 1397 1333
f 959 960 1738
f 959 962 961
f 959 961 1793
f 959 1738 962
f 959 1793 1068
f 960 1213 1263
f 960 1263 1738
f 961 962 1823
f 961 975 1333
f 961 1823 975
f 961 1333 1397
f 962 1738 977
f 962 977 1823
f 963 982 980
f 963 980 1782
f 963 1721 982
f 964 1424 1027
f 964 1740 1424
f 966 1424 1740
f 967 968 1723
f 967 1788 968
f 969 1269 1208
f 969 1783 1269
f 969 1808 1722
f 970 1163 1012
f 970 1539 1350
f 971 1164 1207
f 971 1670 1164
f 971 1207 1208
f 971 1208 1784
f 971 1741 1670
f 972 1789 973
f 972 973 1920
f 972 1104 1789
f 972 1234 1670
f 972 1920 1234
f 972 1670 1741
f 974 1333 975
f 974 975 1779
f 976 1500 1152
f 977 1738 1033
f 977 1033 1910
f 977 1910 1823
f 978 1320 1566
f 979 1216 1033
f 979 1033 1263
f 979 1189 1726
f 979 1790 1189
f 979 1726 1216
f 979 1263 1790
f 980 1189 1782
f 982 1721 1669
f 983 1116 1115
f 983 1115 1862
f 984 1047 1816
f 989 1803 1827
f 990 1335 1057
f 991 1364 1322
f 992 1058 993
f 992 993 1769
f 992 1769 1003
f 993 1000 1004
f 993 1620 1000
f 993 1004 1769
f 993 1058 1620
f 994 1798 1827
f 997 1359 1227
f 998 1435 1665
f 1000 1011 1004
f 1000 1059 1011
f 1000 1620 1059
f 1001 1218 1349
f 1002 1599 1392
f 1004 1011 1008
f 1004 1008 1553
f 1006 1048 1007
f 1006 1007 1050
f 1006 1008 1010
f 1006 1010 1048
f 1007 1048 1009
f 1007 1429 1050
f 1008 1011 1010
f 1010 1011 1108
f 1010 1108 1048
f 1013 1070 1206
f 1013 1071 1530
f 1013 1585 1071
f 1013 1206 1585
f 1014 1340 1341
f 1015 1293 1042
f 1015 1298 1293
f 1016 1017 1621
f 1019 1905 1753
f 1020 1844 1448
f 1022 1206 1750
f 1025 1520 1571
f 1026 1072 1270
f 1026 1931 1237
f 1026 1270 1430
f 1026 1430 1372
f 1026 1372 1931
f 1028 1535 1171
f 1028 1781 1801
f 1029 1839 1030
f 1030 1839 1383
f 1031 1724 1923
f 1031 1923 1730
f 1032 1511 1078
f 1032 1101 1096
f 1032 1096 1266
f 1032 1266 1545
f 1032 1545 1511
f 1033 1216 1910
f 1033 1738 1263
f 1035 1253 1040
f 1035 1249 1232
f 1036 1504 1344
f 1038 1296 1582
f 1038 1776 1296
f 1038 1488 1776
f 1039 1771 1294
f 1039 1496 1295
f 1039 1493 1771
f 1040 1772 1297
f 1040 1497 1772
f 1041 1710 1903
f 1042 1293 1904
f 1042 1904 1711
f 1049 1057 1172
f 1050 1736 1054
f 1050 1429 1736
f 1052 1161 1483
f 1054 1736 1567
f 1055 1056 1553
f 1057 1858 1172
f 1060 1319 1156
f 1060 1872 1768
f 1063 1768 1081
f 1066 1092 1735
f 1068 1527 1261
f 1068 1641 1527
f 1068 1852 1641
f 1068 1793 1852
f 1070 1750 1206
f 1070 1591 1243
f 1070 1243 1750
f 1071 1358 1270
f 1071 1270 1530
f 1071 1585 1286
f 1071 1286 1833
f 1071 1833 1358
f 1072 1225 1076
f 1072 1076 1590
f 1072 1530 1270
f 1072 1590 1530
f 1074 1104 1628
f 1076 1225 1481
f 1079 1841 1247
f 1080 1712 1565
f 1084 1868 1490
f 1085 1584 1249
f 1087 1091 1382
f 1087 1725 1091
f 1087 1339 1561
f 1087 1382 1866
f 1087 1561 1846
f 1087 1846 1725
f 1089 1097 1095
f 1089 1095 1123
f 1089 1098 1097
f 1091 1123 1095
f 1091 1095 1382
f 1091 1643 1123
f 1091 1725 1643
f 1095 1097 1099
f 1095 1099 1382
f 1096 1100 1266
f 1096 1558 1100
f 1096 1459 1558
f 1099 1871 1382
f 1100 1229 1266
f 1100 1558 1854
f 1106 1112 1107
f 1106 1107 1157
f 1106 1157 1109
f 1106 1109 1794
f 1106 1794 1112
f 1107 1112 1113
f 1107 1113 1114
f 1107 1114 1626
f 1107 1369 1157
f 1107 1626 1369
f 1109 1118 1231
f 1109 1875 1118
f 1109 1157 1385
f 1109 1231 1794
f 1110 1114 1115
f 1110 1626 1114
f 1110 1115 1860
f 1110 1365 1626
f 1110 1860 1365
f 1114 1502 1115
f 1115 1116 1860
f 1115 1502 1862
f 1116 1583 1251
f 1116 1251 1860
f 1116 1283 1583
f 1116 1586 1283
f 1117 1283 1811
f 1117 1837 1604
f 1117 1811 1837
f 1118 1875 1379
f 1119 1447 1246
f 1119 1246 1451
f 1125 1159 1755
f 1131 1907 1404
f 1131 1671 1907
f 1136 1388 1503
f 1139 1558 1459
f 1141 1329 1331
f 1143 1262 1639
f 1145 1639 1262
f 1156 1319 1878
f 1157 1369 1385
f 1161 1641 1580
f 1164 1560 1207
f 1164 1670 1394
f 1173 1434 1661
f 1175 1531 1916
f 1176 1915 1532
f 1181 1438 1660
f 1185 1401 1879
f 1186 1401 1650
f 1187 1624 1414
f 1189 1386 1782
f 1189 1790 1386
f 1190 1625 1412
f 1191 1439 1662
f 1192 1440 1663
f 1194 1436 1664
f 1201 1720 1258
f 1201 1258 1762
f 1202 1405 1652
f 1204 1404 1651
f 1205 1627 1413
f 1208 1269 1784
f 1209 1441 1658
f 1211 1442 1659
f 1213 1790 1263
f 1214 1403 1879
f 1215 1910 1216
f 1215 1402 1649
f 1218 1443 1666
f 1224 1822 1575
f 1228 1278 1613
f 1238 1301 1652
f 1240 1406 1878
f 1242 1421 1492
f 1243 1247 1841
f 1248 1276 1318
f 1257 1377 1325
f 1258 1922 1544
f 1258 1830 1922
f 1270 1358 1714
f 1270 1714 1430
f 1271 1290 1273
f 1272 1274 1290
f 1276 1886 1318
f 1279 1827 1803
f 1283 1586 1811
f 1286 1328 1833
f 1288 1305 1398
f 1300 1511 1545
f 1308 1310 1516
f 1309 1516 1311
f 1312 1712 1566
f 1339 1571 1561
f 1345 1622 1450
f 1363 1911 1587
f 1372 1430 1787
f 1383 1417 1792
f 1383 1839 1555
f 1387 1823 1910
f 1393 1598 1669
f 1425 1524 1763
f 1427 1908 1836
f 1431 1642 1596
f 1456 1648 1843
f 1464 1843 1648
f 1505 1876 1581
f 1554 1606 1577
f 1556 1604 1837
