v 0.04 0.509 0.882173
v 0.04 0.509 1.082173
v 0.041686 0.535899 0.882173
v 0.041686 0.535899 1.082173
v 0.044 0.054 0.882173
v 0.044 0.054 1.082173
v 0.044 0.178 0.882351892072998
v 0.044 0.178 1.082173
v 0.045804 0.465641 0.882173
v 0.045804 0.465641 1.082173
v 0.046653 0.561023 0.882173
v 0.046653 0.561023 1.082173
v 0.054766 0.584266 0.882173
v 0.054766 0.584266 1.082173
v 0.056766 0.162608 0.882173
v 0.056766 0.162608 1.082173
v 0.191099272711608 0.317469298098382 1.05534873392592
v 0.0440869407789365 0.054175294790479 1.03663827630214
v 0.061852 0.42838 0.882173
v 0.061852 0.42838 1.082173
v 0.065889 0.605519 0.882173
v 0.065889 0.605519 1.082173
v 0.070042 0.148444 0.882173
v 0.070042 0.148444 1.082173
v 0.072801 0.034403 0.882173
v 0.0698182776529122 0.0363233772382438 1.082173
v 0.079887 0.624674 0.882173
v 0.079887 0.624674 1.082173
v 0.0849158068225448 0.134613929731179 0.882173
v 0.083797 0.135531 1.082173
v 0.086094 0.396187 0.882173
v 0.085982322103644 0.396335306514206 1.08187277165915
v 0.0949834818868243 0.0222670128743745 0.882173
v 0.0948089802476478 0.0224267997310429 1.082173
v 0.096625 0.641625 0.882173
v 0.096625 0.641625 1.082173
v 0.098 0.123889 0.882173
v 0.098 0.123889 1.082173
v 0.11262 0.113538 0.882173
v 0.11262 0.113538 1.082173
v 0.115967 0.656263 0.882173
v 0.116765851304624 0.656710534000788 1.08170984942136
v 0.116481 0.368037 0.882173
v 0.116481 0.368037 1.082173
v 0.115297762029664 0.0130065528108599 0.882173
v 0.117608 0.012012 1.082173
v 0.127625 0.1045 0.882173
v 0.127625 0.1045 1.082173
v 0.131 0.522 0.882173
v 0.131 0.522 1.082173
v 0.131922 0.533677 0.882173
v 0.132122403868552 0.534491812621306 1.082173
v 0.133125 0.006375 0.882173
v 0.134387887261004 0.543702934516623 0.882173
v 0.134625 0.544667 1.082173
v 0.136804 0.491817 0.882173
v 0.136804 0.491817 1.082173
v 0.13877868721298 0.668883617755706 0.882173
v 0.137778 0.668482 1.082173
v 0.139016 0.554906 0.882173
v 0.139016 0.554906 1.082173
v 0.1410605 0.0040045 1.082173
v 0.142984 0.096795 0.882173
v 0.142984 0.096795 1.082173
v 0.145 0.564333 0.882173
v 0.145 0.564333 1.082173
v 0.148996 0.001634 0.882173
v 0.151731626641138 0.342414855839975 0.882173
v 0.150966 0.3429 1.082173
v 0.152484 0.572885 0.882173
v 0.153157202159928 0.573461586935986 1.082173
v 0.152852 0.465954 0.882173
v 0.152852 0.465954 1.082173
v 0.158667 0.090444 0.882173
v 0.158667 0.090444 1.082173
v 0.161375 0.5805 0.882173
v 0.161375 0.5805 1.082173
v 0.161922 0.678172 0.882173
v 0.161728693560353 0.678094418016891 1.082173
v 0.165259 -0.002222 0.882173
v 0.165259 -0.002222 1.082173
v 0.170957652747608 0.586712804854007 0.882173
v 0.171578 0.587115 1.082173
v 0.177191964452651 0.0849064490119201 0.882173
v 0.17634137943709 0.0850940241231501 1.082173
v 0.177094 0.443187 0.882173
v 0.177094 0.443187 1.082173
v 0.183 0.592667 0.882173
v 0.182373259099573 0.592801299555293 1.082173
v 0.185141663191218 0.321244375023904 0.882173
v 0.1875 0.31975 1.082173
v 0.188264 0.685227 0.882173
v 0.188264 0.685227 1.082173
v 0.191528780959787 -0.00638358337766759 0.882173
v 0.1905345 -0.006261 1.082173
v 0.190875 0.081889 0.882173
v 0.190875 0.081889 1.082173
v 0.195547 0.597094 0.882173
v 0.195547 0.597094 1.082173
v 0.207339 0.079726 0.882173
v 0.207339 0.079726 1.082173
v 0.207482 0.422296 0.882173
v 0.207482 0.422296 1.082173
v 0.209125 0.600333 0.882173
v 0.209125 0.600333 1.082173
v 0.21472458681212 0.689243971212993 0.882621514738618
v 0.216668 0.689539 1.082173
v 0.216785 -0.008582 0.882173
v 0.214177703983485 -0.00839562754718104 1.082173
v 0.223641 0.602323 0.882173
v 0.224221289098564 0.602348578209501 1.082173
v 0.224 0.079 0.882173
v 0.224 0.079 1.082173
v 0.224034 0.297558 0.882173
v 0.224034 0.297558 1.082173
v 0.235 -0.009 0.882173
v 0.235 -0.009 1.082173
v 0.239 0.603 0.882173
v 0.241966 0.402058 0.882173
v 0.241966 0.402058 1.082173
v 0.242149 0.079966 0.882173
v 0.242149 0.079966 1.082173
v 0.246993629653693 0.60276300499916 1.082173
v 0.242333247563215 0.690775216757545 0.882173
v 0.247 0.691 1.082173
v 0.25675 0.6021065 0.882173
v 0.258519 0.275296 0.882173
v 0.261837541917246 0.272744980792939 1.08174061557933
v 0.258611 0.082731 0.882173
v 0.258611 0.082731 1.082173
v 0.259998 0.690667 0.882173
v 0.261866 -0.007403 0.882173
v 0.261866 -0.007403 1.082173
v 0.262796 0.60156 1.082173
v 0.205951798567827 0.599576040253439 0.941961041166901
v 0.272981 0.689667 1.082173
v 0.273406 0.087094 0.882173
v 0.273406 0.087094 1.082173
v 0.272452790253655 0.600072013770936 0.882173
v 0.184736805455105 0.6842823353005 1.00644903791545
v 0.2785 0.38125 0.882173
v 0.2785 0.38125 1.082173
v 0.277654258574377 0.689065755727137 0.882173
v 0.286556 0.092852 0.882173
v 0.286556 0.092852 1.082173
v 0.287343 -0.002727 0.882173
v 0.287343 -0.002727 1.082173
v 0.288037 0.596815 0.882173
v 0.280766162771735 0.598421896536097 1.082173
v 0.288906 0.251937 0.882173
v 0.288906 0.251937 1.082173
v 0.292395 0.6868335 1.082173
v 0.29808 0.099804 0.882173
v 0.29808 0.099804 1.082173
v 0.298852 0.685667 0.882173
v 0.30113 0.593003 1.082173
v 0.30882333081131 0.590196113859568 0.882173
v 0.308 0.10775 0.882173
v 0.308 0.10775 1.082173
v 0.31125 0.004859 0.882173
v 0.314258844490178 0.00626123532994442 1.082173
v 0.311135004260681 0.682801379595455 1.082173
v 0.313148 0.226454 0.882173
v 0.313148 0.226454 1.082173
v 0.3145 0.588125 1.082173
v 0.315099048676862 0.358601686479326 0.882173
v 0.315034 0.35865 1.082173
v 0.316337 0.116487 0.882173
v 0.316749259018019 0.117054692961335 1.082173
v 0.3181055 0.6808335 0.882173
v 0.323111 0.125815 0.882173
v 0.323111 0.125815 1.082173
v 0.3245 0.679 1.082173
v 0.32812 0.582101 0.882173
v 0.328344 0.135531 0.882173
v 0.328344 0.135531 1.082173
v 0.329196 0.197817 0.882173
v 0.329196 0.197817 1.082173
v 0.332056 0.145435 0.882173
v 0.332132233339773 0.145775998521192 1.082173
v 0.333407 0.015185 0.882173
v 0.333407 0.015185 1.082173
v 0.334267 0.155325 0.882173
v 0.334267 0.155325 1.082173
v 0.335 0.165 0.882173
v 0.335 0.165 1.082173
v 0.3350415 0.5784765 1.082173
v 0.337227112498325 0.674658628004471 0.882173
v 0.341963 0.574852 0.882173
v 0.343510500000004 0.672166999999999 1.082173
v 0.349519 0.333037 0.882173
v 0.349519 0.333037 1.082173
v 0.353634 0.02808 0.882173
v 0.353634 0.02808 1.082173
v 0.356073055796902 0.56624587534348 0.882591840655611
v 0.356 0.566297 1.082173
v 0.35881324267768 0.665586903884268 0.882173
v 0.363491193177913 0.66339690451053 1.082173
v 0.370204 0.556357 0.882173
v 0.370204 0.556357 1.082173
v 0.37175 0.043375 0.882173
v 0.37175 0.043375 1.082173
v 0.379906 0.303187 0.882173
v 0.379906 0.303187 1.082173
v 0.380802 0.654167 0.882173
v 0.380802 0.654167 1.082173
v 0.381720514256153 0.547244631756491 0.882173
v 0.384546 0.544951 1.082173
v 0.38823666356562 0.0618708602413101 0.882173
v 0.387574 0.060899 1.082173
v 0.399 0.532 0.882173
v 0.399 0.532 1.082173
v 0.399 0.643 0.882173
v 0.399 0.643 1.082173
v 0.400926 0.080481 0.882173
v 0.400926 0.080481 1.082173
v 0.404443396928936 0.267107104832435 0.88243201018386
v 0.404662683871948 0.266533348635392 1.08194154388261
v 0.411625 0.101953 0.882173
v 0.411625 0.101953 1.082173
v 0.419491 0.125144 0.882173
v 0.419491 0.125144 1.082173
v 0.420196 0.225891 0.882173
v 0.420196 0.225891 1.082173
v 0.424467274529268 0.151841767580502 0.88242551752574
v 0.423921762980131 0.147735229465262 1.08173000363916
v 0.425935487935027 0.176554543665331 0.882173
v 0.426 0.176 1.082173
v 0.24954005341706 0.081207420404457 1.05888610959409
v 0.203316723474213 -0.007410864435586 1.03354000828931
v 0.145780975956559 0.00259439499653159 1.05706991163002
v 0.13443709051873 0.00598305109008254 0.982368452538692
v 0.140726412302799 0.0979275420409488 0.917974309705484
v 0.140467246033177 0.0980575554602753 0.99899311858239
v 0.137760538156446 0.0994154032492078 1.04863843415585
v 0.221298790539163 0.602001906253302 0.940133802935023
v 0.189722432508478 0.341196794955467 1.082173
v 0.265139336520587 0.690270994722284 1.06036391784559
v 0.273656230520012 0.689580127322925 0.954845424111631
v 0.270280012832219 0.330716097545434 1.082173
v 0.0735700312671073 0.0339637256529845 0.980120891531701
v 0.261827448353986 0.656827280339133 1.082173
v 0.324410383494674 0.679025695810856 0.948586178537317
v 0.341416592250748 0.67299732268588 0.990446750041466
v 0.342007351559277 0.672619788449395 1.04453318203749
v 0.201857673730927 0.598599396392287 1.01176711372513
v 0.198414360169035 0.59777800203178 1.03953143876374
v 0.260577548623912 0.0228999118701089 0.882173
v 0.388514545767849 0.0622784013800197 0.919812817962506
v 0.387699236627472 0.0610826716326504 0.959136625618162
v 0.388250573694123 0.0618912607907667 1.04750081280047
v 0.401535065630983 0.0817033438852673 0.992741952263499
v 0.20141535781867 0.656060410476654 0.882173
v 0.26410290915357 0.658071077294221 0.882173
v 0.399 0.560652054216021 1.05939233392931
v 0.350487269188419 0.0829331472278187 0.882173
v 0.137895312201368 0.592974990021357 1.082173
v 0.199767470176143 0.655058437902084 1.082173
v 0.0877935494825908 0.632681164552479 1.06300103671494
v 0.326308727460709 0.0815782094865462 1.082173
v 0.165575915546695 0.333642334677123 0.918790467630284
v 0.167533015355213 0.33240220601431 0.939495549376266
v 0.167236342087808 0.332590194905218 0.984515853346741
v 0.170458981346043 0.330548149171706 1.00471396055047
v 0.20169048475279 0.311130214659388 0.984580981351488
v 0.20402192734353 0.309714016762259 1.01175514455856
v 0.273911528341735 0.689547281643461 1.03751142516916
v 0.272281836609921 0.689720852221372 0.92087462178739
v 0.29580595701178 0.686217287927174 1.01382413825091
v 0.275009378984448 0.689406036214627 0.902568450613584
v 0.295013974672863 0.686717929458793 0.95030911760145
v 0.280469692335783 0.688703532366771 0.997525358123877
v 0.390816323730097 0.139560041585224 0.882173
v 0.204530496958762 0.0173900740991606 0.882173
v 0.32697777590451 0.623572361457696 0.882173
v 0.325843945362506 0.654999930946293 0.882173
v 0.277497644101128 0.67552840424292 0.882173
v 0.138941478725451 0.554732230168501 0.924845304955578
v 0.138890538410797 0.5546134467748 0.982535202433234
v 0.147331839886812 0.345549032413084 1.05214165352536
v 0.131300916464767 0.357234383205021 0.976444148245924
v 0.132332103545822 0.356482724522798 1.03637729474558
v 0.114998769893149 0.369410112762295 1.01814311044823
v 0.194895343615678 0.368259997806353 1.082173
v 0.1122070250649 0.113830387383941 1.04749021358813
v 0.320231232569603 0.213814261023448 0.935267016664977
v 0.112294473704676 0.113768473507722 0.92370609843409
v 0.112226839591883 0.113774813313466 0.952269958294464
v 0.111656116385285 0.114220432236383 0.981673519647302
v 0.109650571168424 0.115640363737048 1.02104073073714
v 0.128931475837968 0.103844592985771 0.935925975960748
v 0.127595783747332 0.104517597900141 0.965092095413814
v 0.126270198152127 0.105316041259652 0.989605186542113
v 0.126882383676491 0.104947301988129 1.03642281604092
v 0.163727590545779 0.391937599188755 1.082173
v 0.195372324083464 0.314968081347232 0.941181757848906
v 0.208480393454918 0.330282557664123 1.082173
v 0.234690900567019 0.602810061832403 1.03437222809728
v 0.096152063548155 0.0216828395048424 0.918185654326061
v 0.0935161959929365 0.0230005083356358 0.938588221180689
v 0.0968901630549144 0.0213138639422595 0.985428777236839
v 0.26473581608837 0.0845371894284258 0.931306575334261
v 0.09125322589794 0.0241317659184727 1.04162681572917
v 0.119607561811999 0.0112856012158124 0.932929544317506
v 0.311870133404002 0.682621371554267 0.960043253530246
v 0.332041620647796 0.180356781922978 1.069673
v 0.331924452335741 0.182389773896967 0.915470707266011
v 0.0622610011633415 0.0606279419909288 1.082173
v 0.041155289959159 0.524029120079306 1.06666288876538
v 0.334580300818074 0.159460314344978 1.02699997270439
v 0.334323901334333 0.156076051036387 0.930332961783141
v 0.240341439776784 0.0798697906674953 1.03299104342783
v 0.329196 0.197817 1.032173
v 0.335 0.165 1.032173
v 0.238699296262854 0.0797823858168449 0.933223426503481
v 0.0747761428968485 0.0860182146000757 1.082173
v 0.329196 0.197817 0.932173
v 0.335 0.165 0.932173
v 0.328198859121986 0.135261520013226 0.901598315193512
v 0.251267 0.339404 1.082173
v 0.328324175228273 0.135494191767227 1.06239834816334
v 0.237358877465521 -0.00885978086382653 1.02207803094564
v 0.328425241708611 0.135747761282888 0.980752606289122
v 0.380792450447586 0.189413902854559 1.082173
v 0.0500497093068518 0.170705849471168 0.9201571789129
v 0.0550485210401708 0.164678768929163 0.955438064033971
v 0.116857225150162 0.0123352070664655 0.973751685546464
v 0.179224 0.382598 1.082173
v 0.387746876515136 0.138052236690136 1.082173
v 0.170961278188329 -0.00324023956387974 0.966224255063278
v 0.0598214563830544 0.0427596679108135 0.899386998815119
v 0.0589327165626381 0.0433318685796135 1.0673633932293
v 0.0584113579361108 0.0436675368459952 0.938042158595849
v 0.058838385236108 0.043392602268922 1.00000294932834
v 0.0578636346010257 0.0440536966089576 1.02408959909755
v 0.234147255498933 0.690380922467491 0.923125768952605
v 0.376419288280306 0.215584451733436 1.082173
v 0.240034662542133 0.690664500922262 1.01742984261107
v 0.25150232610834 0.690884653439446 0.918446343783786
v 0.255604183202339 0.690779566625144 0.942654703113304
v 0.228181902893421 0.338483511311002 1.082173
v 0.0400163021137103 0.509260089298157 1.06086331160804
v 0.238563622564202 0.690593645409676 0.977301093221691
v 0.252337098326673 0.69125707176102 1.04453318203749
v 0.248220222435427 0.602726638996489 0.988748079659067
v 0.237652266468058 0.69054974816398 0.955479470325518
v 0.1997158483797 0.312329676267523 0.905804373602421
v 0.225249816904587 0.0351592159120317 1.082173
v 0.383500732773429 0.545782286988305 0.98518910234839
v 0.38030037838513 0.166007419204404 1.082173
v 0.044 0.0841237690811567 0.920837679918635
v 0.044 0.0544753388821682 0.947563279548036
v 0.044 0.0848068015374009 1.00960065247471
v 0.354811615925871 0.0914651260718234 1.082173
v 0.044 0.0534584638372351 0.982173
v 0.044 0.0544753388821682 1.00992346158553
v 0.044 0.0815782094865462 1.04453318203749
v 0.322042601557149 0.210581947109168 0.99521769763724
v 0.044 0.114937424620441 1.06241200069148
v 0.365910123628114 0.104893523779997 0.882173
v 0.044 0.112610878239205 0.919812817962506
v 0.044 0.111268675789679 0.948100707533198
v 0.044 0.138976777483235 0.953896366432327
v 0.369252366684142 0.104966664815095 1.082173
v 0.044 0.138488317511266 0.996169025916216
v 0.138653099071172 0.0501372837050693 0.882173
v 0.044 0.178 1.04453318203749
v 0.231560449461391 -0.00892106878258915 0.919074757360647
v 0.231664642429798 -0.00892345981529814 0.944503660640542
v 0.313940152390183 0.0507474741878907 0.882173
v 0.317435382690255 0.0533899505218961 1.082173
v 0.292027944741402 0.0463919483589964 0.882173
v 0.291862686747808 0.043663830292031 1.082173
v 0.161277637902942 0.580416610913385 0.931956806965562
v 0.322323452257504 0.210080780514821 1.0657015011739
v 0.161083872603015 0.580250654017766 0.97627521072893
v 0.158439974705934 0.577986197546473 1.00127138222512
v 0.163778763007352 0.582058452640756 1.04864621894841
v 0.0812741374125018 0.084411976450912 0.882173
v 0.241047990367945 0.40259676229363 0.95320956789263
v 0.240030952474926 0.403193642379435 1.017166691528
v 0.184622959301484 0.379025881655007 0.882173
v 0.26271828197296 0.3902385035503 0.936771481384791
v 0.372162521033024 0.123478961818402 0.882173
v 0.36520593386511 0.122856233360008 1.082173
v 0.295764957532486 0.64134352390326 0.882173
v 0.096891 0.569586 0.882173
v 0.097078577790888 0.564819069256543 1.082173
v 0.044262489699476 0.548931359011402 0.985038215845972
v 0.269443650513699 0.334054950616055 0.882173
v 0.325759968603657 0.313158225387817 0.882173
v 0.313664480547342 0.588429836491403 0.922275419221415
v 0.317687454153595 0.586715218515326 0.970895986240606
v 0.299260193361853 0.643173435825481 1.082173
v 0.332161453578626 0.181049720522094 0.945611575275072
v 0.207482 0.422296 0.914566481880038
v 0.1024525 0.5802125 1.082173
v 0.107593581623287 0.59334545382195 0.882173
v 0.200101939776235 0.427369609258085 0.950914470594758
v 0.34506157226463 0.624834349624599 0.882173
v 0.205064855135391 0.423957727437362 0.979366215689191
v 0.201020478981206 0.426738136224945 1.04526433317341
v 0.2295 0.035 0.882173
v 0.120585120507396 0.0592962114090053 1.082173
v 0.205751482815174 0.423485687854028 1.01213282006716
v 0.0798353617870776 0.542671536833362 0.882173
v 0.104516565591332 0.0688845437863611 1.082173
v 0.110459915758988 0.065273866450969 0.882173
v 0.35752139682172 0.611882716000023 1.082173
v 0.0612953749422303 0.157775665962507 0.971088952816335
v 0.0564750144372495 0.162958842063438 1.02208302687305
v 0.0589434598504295 0.160284895049602 1.04403239795299
v 0.365149513011794 0.611281943775547 0.882173
v 0.152461377816325 0.627019263500431 0.882173
v 0.17085640882214 0.0428758676052211 0.882173
v 0.187707109194438 0.0309476376783703 0.882173
v 0.149681823805347 0.628851829318189 1.082173
v 0.286274980173457 -0.00292302232244439 1.06148430456035
v 0.307578505194908 0.68363110952759 1.04502032741021
v 0.294781451390905 0.686502438340283 0.919812817962506
v 0.316662844116363 0.681247153852944 0.981338218236416
v 0.044 0.0948140056738552 1.082173
v 0.118378982026497 0.657614245169032 0.920381592634036
v 0.118724057630537 0.657807564081772 0.981581963119342
v 0.116967393139067 0.656823442151495 1.02370252077559
v 0.119265643200702 0.658110972182356 1.04527776835147
v 0.139716171346508 0.599610693700465 0.882173
v 0.072801 0.034403 1.05373269293378
v 0.0768753753415949 0.408429190562991 1.00421824781947
v 0.0724055868239422 0.0346575803379066 1.03562101964025
v 0.262635829366784 0.60157447787811 0.922067259404377
v 0.26410290915357 0.601778476205399 0.951726683598787
v 0.266089112767542 0.601052574000248 0.980943394060299
v 0.13969127253929 0.669249876528567 0.919812817962506
v 0.136448608188367 0.667737245584965 0.938835630821757
v 0.141717227104794 0.670062977081074 0.996763681634845
v 0.13349836493629 0.509007555328732 1.06943020786947
v 0.425862969303723 0.173840174595863 0.919812817962506
v 0.425862969303723 0.173840174595863 0.957253921606716
v 0.425862969303723 0.173840174595863 1.01961410364421
v 0.319377328601873 0.120673623147073 1.03252729495492
v 0.323111 0.125815 0.982173
v 0.0734513284322463 0.412976271750709 0.922544836211899
v 0.0710649537532214 0.416145340311135 1.04402128796133
v 0.0765399333075951 0.408874652381346 0.983524231953161
v 0.0766951133299743 0.408668575718511 1.024516556353
v 0.325103811797577 0.310612486087909 1.082173
v 0.334768379091538 0.166309631866469 0.982698311139569
v 0.227610338047556 0.368423292488665 0.882173
v 0.190591253208235 0.685580299388604 0.923667952204831
v 0.164783378405554 0.454748584103652 0.970673485845712
v 0.181786229275355 0.683492102404435 0.945086356164847
v 0.17657981636006 0.634961968614182 1.082173
v 0.183978072281259 0.684079128917481 0.985106978613285
v 0.187945660931651 0.685141741396735 1.03413724576005
v 0.175437820691402 0.0407745752991439 1.082173
v 0.172426281893548 0.636424949092432 0.882173
v 0.163270191316719 0.67853307697743 0.940505020122091
v 0.161922 0.678172 0.982173
v 0.165142653919321 0.679034565993501 1.00155282578805
v 0.105462465225211 0.463213756384234 1.082173
v 0.161922 0.678172 1.04453318203749
v 0.191889040815869 0.0817557778009764 0.938795173298005
v 0.06041581125571 0.505956668960999 1.082173
v 0.0784511705864013 0.14054958925611 1.04777210602769
v 0.0838181705361501 0.13551364680829 0.928028903996878
v 0.0831490271182978 0.136139307802357 0.956459197138912
v 0.0857944135665319 0.133655856315185 0.982173
v 0.0857944135665319 0.133655856315185 1.01222461075628
v 0.207618708987617 0.0797138117324885 1.03535194625829
v 0.0697664512657647 0.148737979532367 0.91994735791108
v 0.0694097164268137 0.149118575514508 0.949208255715816
v 0.0728952897689585 0.145765371807593 0.97157973574818
v 0.0689864154034591 0.149570190134484 0.996482183311929
v 0.379986531314788 0.303069711033281 0.975827879396435
v 0.129328011269645 0.0417347113528893 1.082173
v 0.378717508354217 0.30435448858481 1.03267699110067
v 0.34917931083211 0.333370686170452 0.919812817962506
v 0.34917931083211 0.333370686170452 0.942740154683684
v 0.34917931083211 0.333370686170452 0.982173
v 0.349393374282738 0.333130305828512 1.00687606482904
v 0.164386945446753 0.455120896172501 0.948269268215679
v 0.197291799555191 0.686597506678003 0.950561403637349
v 0.142973005399449 0.38091506948243 1.082173
v 0.21235109149378 0.688883651827953 1.0017040464615
v 0.211723070404387 0.688788312194892 0.979128510975269
v 0.219348499141603 0.689668111474544 1.0420214026371
v 0.191363268627741 0.0818248524634473 0.902697674822114
v 0.192594941741126 0.0816630382661531 1.04745553277031
v 0.190837502335772 0.0818972691658208 0.983380600350371
v 0.0774854542321508 0.621387701301389 0.942491988622319
v 0.077452473375597 0.621342569974965 0.982567111242796
v 0.0774854542321508 0.621387701301389 1.00485217065981
v 0.314689966035821 0.358862820046818 0.973920632524258
v 0.298798829074344 0.368693106775054 0.920234703713525
v 0.296504846054348 0.370112168915852 0.951837056607678
v 0.294937133159324 0.371081959013502 0.979222379535222
v 0.293779935885658 0.37179780338819 1.01648853244154
v 0.353634 0.02808 0.919812817962506
v 0.353978407219248 0.0283707765742108 0.942709426027642
v 0.356213729080147 0.0302580170170488 0.960547967874163
v 0.353800569194204 0.028220631255539 0.979625857860192
v 0.13969127253929 0.0239289227057787 1.082173
v 0.196676512159605 0.0271999323799136 1.082173
v 0.274576240073365 0.0876064138663451 0.913924854307194
v 0.272744367443485 0.0868988865938443 0.985871741915122
v 0.273406 0.087094 1.0209994399273
v 0.270802444523862 0.0863262194969658 1.04241302662308
v 0.0761571149633302 0.54462002057664 1.082173
v 0.0510412563751078 0.573594951550183 0.956279203634804
v 0.192364870707425 -0.00648666360291974 1.05256439881254
v 0.21268577610228 -0.00828898286361307 0.953439588933149
v 0.213236589944367 -0.00832835565678509 0.980501632846091
v 0.215126302686909 -0.0084634344498028 1.01420714889123
v 0.21536056071231 -0.00848017947703028 1.04058115060616
v 0.380788899204362 0.654174495959577 0.905416751242814
v 0.145232823980887 0.00275813946862915 1.03226504242401
v 0.277218736459996 0.381979745763957 1.04434042118726
v 0.25774049220873 0.393073611926445 1.00446591181771
v 0.243317109891928 0.401288473131022 0.916656808400812
v 0.275780339050315 0.382798987382741 0.918052414822328
v 0.313261393377927 0.588576901503551 1.04511670614593
v 0.138491239867458 0.426850505421292 1.082173
v 0.0658889999999999 0.605519 0.919812817962506
v 0.0658889999999999 0.605519 0.970547769168121
v 0.0650945013770178 0.604000931202532 0.994314566665935
v 0.0658889999999999 0.605519 1.04453318203749
v 0.0536112730705865 0.580957813383414 1.02699655490243
v 0.0866807643898058 0.63155421867437 0.947587205750809
v 0.0879598462942348 0.632849577579972 0.969614208725975
v 0.0994727735290744 0.643780191237648 0.920864951151933
v 0.0966249999999999 0.641625 0.954367054988451
v 0.0976956368806836 0.642435256574266 0.982391075387044
v 0.0979767389225573 0.642647994227505 1.01426025362708
v 0.0967390855742086 0.641711339811564 1.04338624393026
v 0.0818727817359542 0.626685051870364 0.917841693771111
v 0.164607482521469 0.454913777635249 0.919229535327505
v 0.175074397561632 0.445083720102068 1.00917762672063
v 0.177393648553914 0.442980999014749 1.04735795378084
v 0.135080724872047 0.393112937801629 0.882173
v 0.13969127253929 0.427473930171151 0.882173
v 0.178722405143589 0.590587748849344 0.998654233038735
v 0.176500844750388 0.589507893893728 1.01907391515994
v 0.379906 0.303187 0.911503558808839
v 0.390618715795203 0.287584580373681 0.922165474613809
v 0.390241294957441 0.288134270890918 0.963083476344468
v 0.404148 0.26788 1.05039071726622
v 0.114866971780095 0.446302192711951 0.882173
v 0.12027435279026 0.448422130290993 1.082173
v 0.044 0.0775367814225797 0.977395326244579
v 0.329196 0.197817 0.982173
v 0.26410290915357 0.0239289227057787 1.082173
v 0.131 0.522 1.05444827562493
v 0.131922 0.533677 0.924078194929447
v 0.131839403280557 0.532630924194218 0.969981693126991
v 0.272253629523099 0.0867541694903199 0.962378858523594
v 0.131 0.522 0.919812817962506
v 0.13118019057374 0.521062940715508 0.958519099102867
v 0.131356190739012 0.520147673143421 0.992668032967865
v 0.131 0.522 1.02894178253902
v 0.410794837466583 0.100286933085566 0.945895905709486
v 0.412437089900949 0.104347250812728 0.984108100059507
v 0.412140872181331 0.103473924454265 1.00585795513952
v 0.314564345608096 0.358940529075848 0.919812817962506
v 0.329416675599222 0.138393009465167 0.939415110820661
v 0.389653026712125 0.063948093849374 1.00526661907717
v 0.353352624702741 0.567835454919626 1.00928400666966
v 0.334469862125909 0.578775842841096 0.918528335578504
v 0.331129279110859 0.580525166418073 1.02829581989253
v 0.362053417683455 0.221318685788543 0.882173
v 0.287625552706951 0.620870023679511 1.082173
v 0.3257275 0.130673 1.02252895208518
v 0.310587713227925 0.589552384807344 1.02428379782128
v 0.0886272981937875 0.425260304963866 0.882173
v 0.0802046787038155 0.45183508136078 0.882173
v 0.0774854542321508 0.485123216951919 0.882173
v 0.399 0.608370689634893 0.904348189370701
v 0.307823079114729 0.00377159372419504 1.05317791222482
v 0.31932352250309 0.215434032532341 1.02414028939935
v 0.334311338399047 0.0157615285833643 0.961290484680207
v 0.3325427040747 0.0147822054102698 0.989166663935702
v 0.305004001611946 0.684231740272507 0.993961303247673
v 0.33281367927758 0.0149084901033665 1.04699574645407
v 0.334107025085919 0.0156312759422025 0.919217453031929
v 0.309376242422324 0.00426443250996582 0.965875966202394
v 0.313516213258491 0.00591514108891899 0.985777238410892
v 0.311393537598849 0.00492589394979965 1.00608054511586
v 0.313147749601841 0.00574342308925422 1.03242038809051
v 0.388514545767849 0.179478592494438 0.882173
v 0.0826147354136373 0.504329454732125 1.082173
v 0.35314192307469 0.241653649677992 0.882173
v 0.320092849224913 0.2140612004453 1.04438306567915
v 0.18812911843418 0.353509748614295 0.882173
v 0.0985555838848261 0.488174314017018 1.082173
v 0.155141999288306 0.000176767431857144 0.978779619205182
v 0.226221066005717 0.602436725156968 0.913810976306714
v 0.145592587244384 0.00265067064925818 0.921051163624742
v 0.138186836817925 0.00486292335997853 0.957723692905957
v 0.130267196737656 0.615833917361826 1.082173
v 0.283643931865177 0.353519839152404 1.082173
v 0.35939525 0.591738447628363 0.882173
v 0.044 0.131484910068334 0.910847024423957
v 0.400301314250874 0.0795648379014837 0.956159628196858
v 0.25933624806772 -0.00755337645484448 0.949682696229433
v 0.263586180855404 -0.00708728128587089 0.984301367528723
v 0.257763816702048 -0.00764684674781615 1.0074269531799
v 0.240198545423215 0.375537321695192 1.082173
v 0.234612736662264 -0.00899111303457736 1.00141829681706
v 0.235 -0.009 1.04453318203749
v 0.160257410974039 0.0899486766873768 0.905736496415262
v 0.292377371230299 0.296120555977516 0.882173
v 0.292413863730355 0.293735678304808 1.082173
v 0.334540647514257 0.63808107534929 0.882173
v 0.151468874343174 0.0933589586205765 1.04729813371667
v 0.157244386630027 0.0910201026278579 0.979392204303275
v 0.155803127412944 0.0916037560926093 1.00023259001488
v 0.145056578105259 0.0959556871423517 0.942991699229743
v 0.144273434433759 0.0962728296187718 0.969577670802502
v 0.157877069937512 0.0907638906986459 0.930491736459313
v 0.360931579184505 0.321826104266382 1.02514701593977
v 0.361696411946132 0.19536395477745 0.882173
v 0.322892166000342 0.633643132131679 1.082173
v 0.3331615 0.15038 1.02544587658336
v 0.374457963417029 0.657783215864853 0.924186896385708
v 0.25656672189111 0.0823876377735949 0.95865872026529
v 0.258425069238834 0.0826997705895625 0.98393344872685
v 0.256520160039339 0.0823798171248191 1.03397202868114
v 0.263046657936631 0.0840390618842528 1.06008958371902
v 0.331170194814502 0.143071580130071 1.04144223111563
v 0.226263143042949 0.0791204582169535 1.00342887310064
v 0.1783665 0.3255375 1.06557223965404
v 0.161996948000051 0.33591017008263 1.06479083070814
v 0.372990318415013 0.0447485679919543 0.926890706069425
v 0.273406 0.087094 0.944339857923936
v 0.37175 0.043375 0.96173468703037
v 0.369686500482238 0.0416328259481026 1.02844527757879
v 0.37175 0.0433750000000001 0.997652739689309
v 0.286239952385073 0.0927136120025285 0.90110500613724
v 0.255260748276833 0.0821682830752913 0.918677793740893
v 0.28658248353437 0.0928679765299325 1.06183388579864
v 0.276438612430938 0.382424066692315 0.974939720256888
v 0.0732824001046437 0.413200605949641 0.901874861857939
v 0.282607348568341 0.0911230011449814 0.936305428282587
v 0.286268720467224 0.0927262087034432 0.983211737537056
v 0.285799493589599 0.0925207479915521 1.01791626931383
v 0.28366545038964 0.091586312953882 1.04253179365608
v 0.315544174132467 0.681567910974763 1.01038549004844
v 0.322227592764373 0.679651569108847 1.03085638184423
v 0.31949604985108 0.680434786550636 0.915142403201054
v 0.171928499212525 0.411745539045792 0.882173
v 0.10391238546758 0.606436174483395 1.082173
v 0.15862984671478 0.0330486418971043 1.082173
v 0.365250546083577 0.317583462283386 0.981096617683449
v 0.222308332579197 0.41359470900308 1.05191131269042
v 0.310021396522812 0.683061183873673 0.940466031796364
v 0.054766 0.584266 1.05760503284611
v 0.131922 0.533677 0.903331747159428
v 0.135520100875488 0.546754209716266 0.955820451104841
v 0.131907893861075 0.533498347739447 0.952400905258378
v 0.134322988469486 0.543439065586257 0.987569724565059
v 0.13189270718727 0.533306010656998 0.997851292137147
v 0.131793530372084 0.532049950276386 1.02573666943188
v 0.352302254999711 0.277603682693772 0.882173
v 0.350727048777176 0.278898625584619 1.082173
v 0.189134380782356 0.434909535378301 0.969774990832511
v 0.0432602299741349 0.484644329522999 0.920918765276195
v 0.0432589748468728 0.484653705998353 0.947049331409123
v 0.0402688553581488 0.50699150594866 0.944855877291637
v 0.309887365058753 0.628389898873591 0.882173
v 0.183691094609066 0.322163536973782 0.941833826212937
v 0.203522458576461 0.310017411158679 0.924619493593157
v 0.261525091644731 -0.00742326467071258 1.06272046715605
v 0.33491680373616 0.578541798216902 1.05383485324504
v 0.086094 0.396187 1.0464312974475
v 0.399 0.618215036836245 0.956105019372043
v 0.309027070493295 0.283156312343003 0.882173
v 0.3078631447848 0.284389424959594 1.082173
v 0.332244165194607 0.579941347215509 0.958612930759888
v 0.154801134189869 0.0562674983401046 1.082173
v 0.336209876227469 0.577864670246845 0.982241946896106
v 0.063811177647668 0.458921080955959 0.882173
v 0.253034454576785 0.368543131141549 0.882173
v 0.0528123453718937 0.167374931853032 0.984968924610238
v 0.322438796170461 0.209874954017106 0.967359205416122
v 0.108461282963246 0.650582683280736 0.969996017087486
v 0.044 0.0970945438628754 0.979784542636104
v 0.288696711168527 0.687501620477298 0.980564674640748
v 0.399 0.604772371192966 1.06143773856007
v 0.29102986576658 0.687080120579725 1.03988914578227
v 0.322938092619329 0.679447846928213 0.96640452746689
v 0.171795483886088 0.0863552177705467 0.972685328947773
v 0.241066801431607 0.631318415022551 1.082173
v 0.188629487011857 0.0823841913574937 1.01942360625949
v 0.145249590904176 0.56461820863342 1.05662813434473
v 0.153846887640881 0.574052291574099 0.908053859845277
v 0.117679791942413 0.489995657008509 1.082173
v 0.256167549163337 0.69096203588051 0.900992908981253
v 0.146700506662774 0.566276176507222 0.994386061953861
v 0.233230198699698 0.407184874687261 1.06401601512092
v 0.28543131995439 -0.00307786611034547 0.962488317445137
v 0.390006548641669 0.28847616463611 1.01184414397962
v 0.305394746465483 0.684310674320606 0.966241058800725
v 0.145507961030745 0.564913449323213 1.01743835489326
v 0.143666823039012 0.562232756147855 1.03305041660444
v 0.152017966511482 0.572352461465285 0.932663252291051
v 0.251803260919906 0.0522669191482508 1.082173
v 0.153214533403824 0.573510690233958 0.958898480501225
v 0.152484 0.572885 0.988086057285167
v 0.15313816298504 0.573445280185702 1.01308061869182
v 0.152913483809632 0.573252846047728 1.04377728440088
v 0.0443477631157459 0.0537505013975796 0.919812817962506
v 0.371381955032346 0.590930601180699 1.082173
v 0.272364305437939 0.264652879924809 0.977629458183821
v 0.276429497406414 0.261527898215802 0.995239845708034
v 0.330116543108022 0.347447762023321 0.963176697206325
v 0.350466461587636 0.332106281982725 1.04609121920199
v 0.243208613661565 0.602875223091203 0.939353141015721
v 0.400530326636675 0.0799007067255368 0.915935804451223
v 0.0630549420312761 0.10453784174439 0.882173
v 0.400926 0.080481 1.04323809770583
v 0.412149128139318 0.103498265151147 0.920738977719427
v 0.044431500404246 0.54921160709921 0.895487137190809
v 0.210853255826625 -0.00815799225247767 0.920981139765035
v 0.054963704459186 0.444373568054977 0.938093434317931
v 0.0553361148409742 0.443508888142476 0.981914558950636
v 0.0549905493981431 0.444311238215092 1.00333387919936
v 0.0525067827203848 0.450078164323015 1.02347943306271
v 0.0616346592166661 0.428884632036877 0.918236819560193
v 0.061852 0.42838 0.966500751353126
v 0.0461317535589278 0.464880006395862 0.9320051040622
v 0.0459561953511197 0.46528762568681 0.954518678903743
v 0.045804 0.465641 0.982173
v 0.045804 0.465641 1.00269067150426
v 0.0460095136382525 0.465163828783965 1.0468618907119
v 0.34874708914008 0.2236013927555 1.082173
v 0.316751043410125 0.117057150122476 1.06168009306843
v 0.310466354287799 0.11033468722712 0.910614334588181
v 0.309715037371092 0.109547322959245 0.933395225016539
v 0.310852767380619 0.11073963999094 0.954611360350195
v 0.272677442799029 0.0458194199681811 1.082173
v 0.311296386772862 0.111204543748889 1.03672414143968
v 0.311296386772862 0.111204543748889 1.00488612128939
v 0.220448545423215 0.630535538647111 0.882173
v 0.29520581830714 0.323601809446357 0.882173
v 0.314287921729128 0.114339609229626 0.98306275903042
v 0.044 0.105488833397299 1.02662848123844
v 0.0985759775601147 0.384623908272708 0.921156431242864
v 0.114551297701471 0.369824643390384 1.04453318203749
v 0.113405339446388 0.370886239628268 0.984792196053346
v 0.266144697454785 0.624768509964952 1.082173
v 0.299892909686817 0.685424156150521 0.902852493400001
v 0.258141025615488 0.601980764720664 1.00358420480198
v 0.341886411911276 0.67281101938644 0.962674290119389
v 0.0690153777450051 0.0368403112764517 0.913493344982749
v 0.399 0.582577919693944 0.952582363035993
v 0.315343789730087 0.0854061170796351 0.882173
v 0.399 0.59918389476344 0.965930292702529
v 0.152852 0.465954 0.905051288668913
v 0.152852 0.465954 1.04689365000366
v 0.152852 0.465954 0.933006203766764
v 0.269778140905044 0.266640908269953 0.953249079314814
v 0.152852 0.465954 0.982173
v 0.152852 0.465954 1.00958195523304
v 0.221766288993227 0.0790973335448603 1.04720942690971
v 0.178886499239614 0.441954701013072 0.911257202360228
v 0.212132758024145 0.600745333870767 0.918625585426155
v 0.179559941198323 0.441491726287543 0.955798378923263
v 0.177094 0.443187 0.982173
v 0.326308727460709 0.254526069828849 0.882173
v 0.261866 -0.007403 0.916919744528
v 0.263008578643535 -0.00719329329445507 1.04287324976478
v 0.178164749794274 -0.00427454128443072 1.06854358271722
v 0.22624899310612 -0.0087991808464649 1.03090387541573
v 0.105215781389055 0.506756989683221 0.882173
v 0.272761207078833 -0.00540331446792694 1.01759438104514
v 0.289878390183942 -0.00192248793510743 0.9218729477586
v 0.286517852603988 -0.00287844597965814 0.943080008934675
v 0.399 0.549969255060195 1.00791682316532
v 0.287343 -0.00272700000000002 0.981487113769481
v 0.287314622596529 -0.00273220833452246 1.0087612492938
v 0.185615017883485 0.320944430831481 1.00936780167664
v 0.136804 0.491817 0.919812817962506
v 0.136804 0.491817 0.953166077957682
v 0.136804 0.491817 0.979278562694264
v 0.137287803311704 0.491037301280495 1.00065803076772
v 0.136804 0.491817 1.04163874473176
v 0.38121586998608 0.653930193566899 1.03832968174755
v 0.0736266471493448 0.412743451213643 0.952987154781928
v 0.383025758054337 0.652984339339699 0.975357049633944
v 0.289195008382527 0.251633196658199 0.900992908981253
v 0.36271651127655 0.663793449974588 0.980456613628992
v 0.350897322712872 0.331683035048566 0.899169950076001
v 0.0441738815578729 0.0538752506987898 0.900992908981253
v 0.286811759349676 -0.00282450289598134 0.904068067724249
v 0.391762374805403 0.285793448730007 1.05877285522021
v 0.380802 0.654167 0.947835962393349
v 0.096625 0.641625 1.06335309101875
v 0.210965590665196 0.0795679719810976 0.959512559255354
v 0.209500106373703 0.0796318301886256 0.989965395237037
v 0.132315658643956 0.393758491109912 1.082173
v 0.224586297336733 0.0790312063048809 0.918764138736637
v 0.345456973660663 0.181177849641059 0.882173
v 0.207028131594167 0.344787321695192 0.882173
v 0.382134378816346 0.546868929941484 1.01287528075645
v 0.333534769063208 0.152049665777987 0.957183688112435
v 0.230299199814078 0.602616482731567 0.986787574518146
v 0.388514545767849 0.254526069828849 0.882173
v 0.38944302600493 0.242480010948174 1.082173
v 0.244082299463365 0.400852658147651 1.05063541861353
v 0.117838220953855 0.01192836556571 1.03401450342367
v 0.296767 0.36995 1.05914279784828
v 0.3322765 0.3458435 1.05914279784828
v 0.175174609395952 -0.00399260210910099 0.983962544254858
v 0.225696166166525 0.363724218511719 1.082173
v 0.184066880394369 -0.00546361707827797 1.00742161962926
v 0.185874937161212 -0.00568652962961746 1.02949527373465
v 0.224090851769329 0.673056507007774 0.882397257369309
v 0.19213971655325 -0.00651751202384037 0.938151256027235
v 0.19182528415468 -0.00642013880273285 0.971856221028208
v 0.0818634416895313 0.0292264898556086 1.01360090523698
v 0.044 0.153457570175071 1.03831167550811
v 0.425908632071809 0.174559893674981 1.04842146855819
v 0.165611277162693 -0.00228490512890793 1.01793742665676
v 0.044 0.156964021596082 1.02268246825948
v 0.315034 0.35865 1.03611259569656
v 0.212325741736484 0.600771790028631 0.972092091374127
v 0.403791114869194 0.268537694421126 1.01335309101875
v 0.0864218992203878 0.395883239738904 0.925387745133619
v 0.0852604577727865 0.397293931149273 0.948731590860714
v 0.0981052303641389 0.385060000468934 0.946766470947831
v 0.217546342399884 0.68958130707656 0.913032511822607
v 0.21606071039344 0.689446807605144 0.936529255197944
v 0.0696155617818784 0.418070110368616 1.01359312817559
v 0.419491 0.125144 1.05875470851972
v 0.424401089109677 0.150798578320723 0.923996920365219
v 0.423747335900828 0.146845874247853 0.955661146217625
v 0.423824675729782 0.14724020854886 0.986875802213652
v 0.423748220290142 0.146850383503259 1.04100191311068
v 0.419826316110908 0.126853683690797 0.978509007369447
v 0.419100651862384 0.123993152852852 1.00266538527441
v 0.419491 0.125144 1.02929883240375
v 0.0815232905096388 0.626331113181317 1.04625595225603
v 0.130723546996348 0.357655242602662 1.00364670391529
v 0.097976399548649 0.0207708548795201 1.01745352090696
v 0.379376749610806 0.303706897460014 1.00419261942168
v 0.334878987837826 0.675111499120389 1.0142217135432
v 0.239240317789623 0.403657650753207 0.984368667261737
v 0.425862969303723 0.173840174595863 0.988434012625464
v 0.061852 0.42838 0.997680842371873
v 0.0715027796320566 0.147072640684206 1.02323179534236
v 0.349792861805861 0.57008000685694 0.918696597373959
v 0.367939781603683 0.557941506537552 0.944547645162659
v 0.354151651595638 0.567423495732658 1.04107741969549
v 0.288037 0.596815 0.919812817962506
v 0.286171205076003 0.597227351329883 0.970975571161489
v 0.288850957066792 0.596578018075414 1.01324610338904
v 0.288037 0.596815 1.05122315341875
v 0.136234050479586 0.667617045656323 0.967981573067052
v 0.313986664222816 0.359297883849684 0.944782382545956
v 0.274124534773885 0.599814419605662 0.99859236400301
v 0.363584338719901 0.256963699314412 1.082173
v 0.3331615 0.15038 0.91289204863087
v 0.118627832683739 0.657753656758636 0.958365300589262
v 0.138534954859158 0.668785797737957 1.04218106848834
v 0.0874828511837424 0.394900391883952 0.967355132533168
v 0.0861015158234424 0.396180037468987 1.01236199773105
v 0.259948805186238 0.690668260337974 0.968928357642635
v 0.259998 0.690667 0.994055769462402
v 0.267434810983254 0.690476473914647 1.01628676536438
v 0.046653 0.561023 0.939554680057562
v 0.0463905767843023 0.559695615085326 0.968564317967382
v 0.046653 0.561023 1.00191486209506
v 0.0460194764098779 0.557818521103638 1.03207070087605
v 0.387965444421836 0.635105123620531 1.082173
v 0.040107676268752 0.510717902700569 0.919069249760837
v 0.041686 0.535899 0.912152224264428
v 0.173611327420664 0.58810335876725 1.06294456962908
v 0.170778528065455 0.58659667138616 0.913843118170292
v 0.171326049801661 0.586951650929921 0.939411805326987
v 0.167798077246541 0.584664329705564 0.999762541926981
v 0.171401750888146 0.587000730875731 0.958733726568535
v 0.171578 0.587115 0.978292161655449
v 0.312697625298593 0.226927430348814 0.917338797804399
v 0.313148 0.226454 0.941472837699334
v 0.313148 0.226454 1.04062828106326
v 0.313148 0.226454 1.00890600638661
v 0.300951913685223 0.239274430144355 0.95669111749701
v 0.29957500143447 0.240721829487888 1.01665861484886
v 0.313148 0.226454 0.982173
v 0.39054221842817 0.21821113653596 0.882173
v 0.0987576753503866 0.123352563778943 0.905688195853391
v 0.0960638403264481 0.125476042943004 1.05829893018055
v 0.098 0.123889 0.924113892961886
v 0.0984028496008041 0.123603781380443 0.940879034910544
v 0.0977066423468353 0.124129461155963 0.967425896621563
v 0.0979715164503471 0.123912347566363 0.998358405143922
v 0.0958400234389001 0.125659502508225 1.02985091550567
v 0.214855069918932 0.601118535900983 1.03138915250281
v 0.210944165197604 0.600582389552441 1.05702687484705
v 0.212785839018908 0.600834864814524 1.00159690853234
v 0.137668019319373 0.551762758326364 1.00999991413659
v 0.138959437894552 0.554774107629769 1.04092349878417
v 0.134884542849133 0.545272205928553 0.926829514556772
v 0.134150747855188 0.542738760609883 1.01784102918307
v 0.134175994280225 0.542841408856707 1.04444680920549
v 0.245800384321636 0.0805792959330169 0.992559927344789
v 0.225498573833516 0.0790797632003513 0.94550991005885
v 0.228401738601895 0.0792342872604238 1.02155430961149
v 0.226894663300153 0.0791540715603035 0.979897935370994
v 0.420026019196195 0.127871914240451 0.913256962768981
v 0.23456904707603 0.661758720190297 1.082173
v 0.233457116726539 0.656869042802554 0.882173
v 0.10842106559631 0.430406672723706 1.082173
v 0.419491 0.125144 0.9406969730458
v 0.361512404156097 0.258930992854514 0.882173
v 0.2760524682701 0.382643995736458 0.955983927884164
v 0.112075035323757 0.413660487179372 0.882173
v 0.116347689069398 0.411928484423774 1.082173
v 0.298025951807474 0.0997713947384208 0.970690937864779
v 0.0856959438252931 0.0531917523063171 1.082173
v 0.0862154771160753 0.0519321047432731 0.882173
v 0.302342541475562 0.103218330097259 0.912774824923247
v 0.303672802225126 0.10428387968557 1.0139602973831
v 0.378413725252904 0.304652903221799 0.942454244548327
v 0.368766251847912 0.314129886179611 1.05417826229729
v 0.301700477011695 0.102704031283763 0.937192201585795
v 0.330803620300887 0.142093521406247 0.918098365114188
v 0.369044048116991 0.313856999134755 1.00122777989058
v 0.303105678886912 0.103829609318085 1.04271016207624
v 0.293084676490515 0.096790507372619 0.91751677447999
v 0.044 0.144694381825668 0.916448630903216
v 0.294981288138321 0.0979346625423126 1.00401118399736
v 0.29808 0.099804 1.02825678866979
v 0.295923466947585 0.0985030439274222 1.04566568628976
v 0.303924190415312 0.104485243653233 0.987835535450636
v 0.420159603514409 0.226203863036289 0.919812817962506
v 0.420159603514409 0.226203863036289 0.951536402915909
v 0.423571328519952 0.196876783048081 0.919812817962506
v 0.423346741701829 0.198807324216756 0.957299951229179
v 0.423396363858474 0.198380773731372 0.980140839455202
v 0.420159603514409 0.226203863036289 0.982173
v 0.423406237442653 0.198295900714781 1.01443206461978
v 0.423500784227625 0.197483179548509 1.04325538960527
v 0.420159603514409 0.226203863036289 1.04453318203749
v 0.13162642091032 0.636778288305904 0.882173
v 0.124873110370121 0.635517097447855 1.082173
v 0.244391098100478 0.627052766199128 0.882173
v 0.293205298986456 0.0968632744319545 0.943544434493109
v 0.255863125299444 0.0542054090321335 0.882173
v 0.339971363730355 0.0548291047432731 1.082173
v 0.352382232500481 0.568501887152411 0.977267802948573
v 0.296608919952616 0.321640708752044 1.082173
v 0.267152290704188 0.297922299345707 0.882173
v 0.423929474491236 0.192129303170393 0.937728210104207
v 0.0425373309875998 0.490044773554214 1.03191214926647
v 0.0587427271160754 0.485635155639218 1.082173
v 0.347302903416398 0.571597538667287 0.940372701184207
v 0.044 0.138975941189365 0.929637501721666
v 0.251695073705124 0.602563416510114 1.02104219865489
v 0.104761524112263 0.479384186991404 0.882173
v 0.399 0.572957940791005 0.882173
v 0.399 0.55832152578318 0.985698418915415
v 0.399 0.532 1.06655756324598
v 0.399 0.591546627727529 0.933167026944597
v 0.057021 0.121629002836928 1.082173
v 0.399 0.570329183638779 0.922870228794328
v 0.399 0.582760871763782 0.978917009725185
v 0.112440462091612 0.616114305809504 0.882173
v 0.246936197907303 0.675991228978424 0.882173
v 0.271759881563732 0.623355893126626 0.882173
v 0.399 0.532 0.919812817962506
v 0.100457311408946 0.382881072591509 0.899460313911399
v 0.399 0.532 0.948588527060024
v 0.399 0.550816293957677 0.963809423074994
v 0.399 0.532 0.982173
v 0.399 0.532 1.03386427187312
v 0.399 0.600421790513454 0.882173
v 0.399 0.643 0.978969072350348
v 0.0795636395930315 0.62423151045896 1.06382851015542
v 0.101788554050323 0.0188651608111366 0.957282786345944
v 0.355082945451854 0.0688554317762864 1.082173
v 0.399 0.587623105944112 1.06053980292532
v 0.225178709186122 0.602390779746013 0.968703973193923
v 0.411976072464225 0.247398137169719 1.05838701789765
v 0.183824313309026 0.322079122102591 0.96243516664053
v 0.309015812410997 0.590125887588568 0.95251535998295
v 0.268277784399686 0.0710249389021329 0.882173
v 0.379681521596457 0.0521586188357126 1.06819605022714
v 0.0787040913526 0.460197680943078 1.082173
v 0.286348257352906 -0.00290957316865457 1.03927693322734
v 0.127625 0.1045 1.06018033253098
v 0.187898236332274 0.0825454502852322 0.918908474433372
v 0.210628879012072 0.600539166935383 0.900399292713078
v 0.241126050285756 0.602936966896005 0.909339663676722
v 0.044 0.108314901206443 1.00286528724663
v 0.044 0.0662002652269111 0.933135700926106
v 0.221045507756509 0.299373312308194 1.05579257162057
v 0.240840815609752 0.286708258689161 0.950054658437428
v 0.242059269760659 0.285921678253971 0.980975776472693
v 0.243600532972509 0.284926706480093 1.01474091376736
v 0.224508387305859 0.297251756409945 1.0247382477956
v 0.221166497473472 0.299299819019782 0.918730889998544
v 0.224034 0.297558 0.941762110818878
v 0.220488124342574 0.299711886040116 0.983811001165828
v 0.230728875654236 0.293236082592008 1.00072389892552
v 0.257693724155066 0.275828761805421 0.919307128242426
v 0.257082229662361 0.276223515767914 0.969640008376764
v 0.287182554621652 0.253261841563591 1.00725102512084
v 0.421898036203524 0.211260350752929 1.03095064064263
v 0.289890282429606 0.250902330040687 1.03877533015562
v 0.201139319521799 0.624846653197914 0.882173
v 0.203146029160261 0.624174783469148 1.082173
v 0.411423841994259 0.248843027822972 0.917947359990478
v 0.044 0.0836683911290734 0.947587143055697
v 0.403910224008512 0.268502132110331 0.982173
v 0.24473624243041 0.0804005599149607 1.01061617269385
v 0.340717615593357 0.242999405067509 1.082173
v 0.20227154122037 0.598698123509558 0.986092044525881
v 0.2737125 0.2636165 1.06055420820703
v 0.400646919874406 0.201576698550664 1.082173
v 0.334254458474348 0.578888640722347 0.933456946156953
v 0.0401250310045082 0.510994785877975 0.977046189335183
v 0.0397819186051293 0.510629185251585 1.00673608509153
v 0.0401569415913406 0.511503897903601 1.03965609670567
v 0.061852 0.42838 1.05158405941042
v 0.061852 0.42838 1.02886093339062
v 0.055604881788946 0.586669319292552 0.957554102753501
v 0.0558401536982526 0.586318412887617 0.910413179803613
v 0.0553291433823472 0.585342012434148 0.93392157344048
v 0.054140065541512 0.582472755254698 0.982959907107253
v 0.241706067160818 0.0801518979665085 0.974866463672395
v 0.17335478755305 0.0858695826294966 0.917293514557169
v 0.172970144129317 0.0859893773605012 1.01417497995109
v 0.329715317103084 0.291201138839295 0.882173
v 0.326794054961846 0.285645943029372 1.082173
v 0.171879472025412 0.0863290602024274 1.05091271317313
v 0.17283793897346 0.0860305518096306 0.952093205559873
v 0.174878265700889 0.0854166770229653 0.992379655217862
v 0.158373588226389 0.0905628202623353 1.02852826832401
v 0.403742042749341 0.268471252068683 0.934028573878095
v 0.0836851916439021 0.425786695429002 1.082173
v 0.363292451568661 0.663498636697031 0.955380983541342
v 0.0824940514194867 0.504023159163835 0.882173
v 0.346612439184632 0.670936950359017 0.910236148650102
v 0.176431545423215 0.356362321695192 1.082173
v 0.342714283482207 0.650585596361504 0.882173
v 0.407179432537454 0.197137271079487 0.882173
v 0.332614487837794 0.34559246672497 0.901161543069244
v 0.145344973792506 0.564727203083045 0.919144181719987
v 0.145317465915962 0.564695769710489 0.944015819797871
v 0.145775150077179 0.56521876743186 0.968813024000215
v 0.047177000808492 0.56252421419842 0.908801274381619
v 0.328698964173817 0.263446739185996 1.082173
v 0.289484016765055 0.251329393316398 0.919812817962506
v 0.288667552540338 0.252120298588549 0.943984616468524
v 0.288906 0.251937 0.980188212808187
v 0.399 0.564263805086782 1.082173
v 0.406907502607476 0.0925260669704057 0.969431507940978
v 0.399 0.610139192751799 0.992684473885518
v 0.399 0.608982340358566 1.04454440270474
v 0.399 0.599834783510697 1.082173
v 0.398566175174041 0.64327531950506 1.02564760590396
v 0.399 0.64310402703946 0.992684473885518
v 0.354182757344668 0.0285433055634079 1.05372593540195
v 0.35183471574339 0.0269329307119699 1.00427711634245
v 0.399 0.643 0.950408549889025
v 0.0429595881082066 0.486890285874616 1.06335309101875
v 0.104343048568849 0.517382134000161 1.082173
v 0.356729648413149 0.143761485070617 0.882173
v 0.360285272883925 0.142331248133657 1.082173
v 0.194901755432084 0.596866336199716 0.916281807384449
v 0.195547 0.597094 0.960678693135875
v 0.18896938390213 0.594773197699429 0.990018763641057
v 0.185075603608203 0.593399342167332 1.05488066063519
v 0.182472455756739 0.592410571560271 0.906954103867935
v 0.183 0.592667 0.950237143737697
v 0.182160702880607 0.592259034879455 0.97261538165397
v 0.190377554222636 0.595270047146219 1.02220697563496
v 0.145517757188131 0.61230232528268 1.082173
v 0.381568690477289 0.653728318183667 1.00639537365267
v 0.145878556380996 0.0956228181740928 1.06243233212648
v 0.289673489215565 0.348498057690505 0.882173
v 0.304602349089644 0.591736124991826 0.978288210481864
v 0.204618045423215 0.0518274613528893 0.882173
v 0.199469357876937 0.0487774490041913 1.082173
v 0.136882942094935 0.0579039991700523 1.082173
v 0.106979793121592 0.52391030665828 0.882173
v 0.217454822293035 0.396644259121169 0.882173
v 0.275844268259429 0.599509663322034 0.933309430899925
v 0.237390570526116 0.28893558523844 0.902360467855327
v 0.14827077614948 0.672693191223015 0.955943786095919
v 0.223105199973007 0.413127042771903 0.935651002915527
v 0.37175 0.0433750000000001 0.97969371335984
v 0.372586121743523 0.0443009477650083 1.05317631444427
v 0.164790802108934 -0.00211098905073179 0.911015288048563
v 0.259592368229998 0.392018872881979 1.06325671059363
v 0.364633643801606 0.17024859711998 0.882173
v 0.289109813887615 0.596502652444849 0.99249715034086
v 0.399 0.584475149277494 1.00618236772718
v 0.411542304796597 0.248533074270669 0.996339287219234
v 0.261878801195961 0.272713264088707 0.996853247860798
v 0.262184129210201 0.272478553288541 1.03928086763217
v 0.225457357028991 0.689738648618815 0.989502569841597
v 0.331766156249416 0.0144203047538689 1.01960633744672
v 0.268138208242669 0.600736834943176 1.05298016585826
v 0.252806317047119 0.602462970845807 1.04036804655416
v 0.107666928622938 0.544036626988936 0.882173
v 0.109526393100318 0.540630821335196 1.082173
v 0.268420098888308 0.0667807999008318 1.082173
v 0.105567255640824 0.0903149892475031 0.882173
v 0.103425905180021 0.091399761702158 1.082173
v 0.258804391470974 0.39246766634565 0.978233941036364
v 0.164606500511367 0.678890971646333 0.910031445909331
v 0.377571572059216 0.583273270018812 0.882173
v 0.41188509338301 0.247360098221187 1.02918409604638
v 0.301308464192826 0.23889962705116 1.05948005641728
v 0.244639335777365 0.316092992628561 0.882173
v 0.044 0.156487851446487 0.9739448191175
v 0.208069972315395 0.672652190844824 0.882397257369309
v 0.1201225 0.109019 0.908122797696621
v 0.086094 0.396187 1.06430214872375
v 0.045804 0.465641 0.90952458104631
v 0.412024233329836 0.24727212604147 0.969666957630729
v 0.268934919961237 0.600614071992483 1.02398224725348
v 0.223074562106483 0.413145023549733 0.99597287638091
v 0.131368050879087 0.00701326269218176 0.906794848404173
v 0.14724620336458 0.0400982105229416 1.082173
v 0.213895084408069 0.368374245308669 1.082173
v 0.352263030033962 0.303554846434019 0.882173
v 0.350377853822841 0.301955443419342 1.082173
v 0.0844213465264202 0.107812891759872 0.882173
v 0.0753296519196712 0.110490434455718 1.082173
v 0.375982372647108 0.551761537832037 1.04010486765135
v 0.307375170068016 0.614338413330206 1.082173
v 0.044 0.120133139451815 0.970282451672799
v 0.370204 0.556357 1.01646877657112
v 0.36875828529566 0.557368715302812 0.917442412178645
v 0.381907880009266 0.547049061401082 0.919971142798038
v 0.100322648850735 0.383005821695192 1.06335309101875
v 0.250964555547763 0.313545062076479 1.082173
v 0.38104212718887 0.547737582992871 0.960108385635394
v 0.074338542903448 0.0335247481215543 0.950209471392015
v 0.399 0.643 1.05520177487894
v 0.312591644830561 0.360160845426981 1.00579190766012
v 0.131922 0.533677 1.0630214834309
v 0.195602132659678 0.0812679608878229 0.962094755573301
v 0.266421282414149 0.299009386731337 1.082173
v 0.044 0.132959097849558 1.082173
v 0.189046300331034 -0.00612941730894002 0.90661067220384
v 0.261126952847441 0.391144847680255 0.899468742813603
v 0.334035329911683 0.154288719053163 1.04706823180184
v 0.332264674262182 0.146368418567609 0.944115088065307
v 0.332056 0.145435 0.982173
v 0.332211137935922 0.146128945810161 1.01046987020101
v 0.334350281217637 0.156424243902651 0.982123955105111
v 0.0934404157370725 0.465713302779275 0.882173
v 0.2737125 0.2636165 0.900992908981253
v 0.287906954576785 0.670369038647111 1.082173
v 0.349829556007864 0.0515325805058189 0.882173
v 0.173003719884223 0.587808013202347 1.04366892507149
v 0.399 0.643 0.921848027427702
v 0.310782716082586 0.00471072477527485 0.911721618783698
v 0.298230258358601 0.242135412847445 0.987261929974841
v 0.157918601409793 0.0907470720810053 0.953487016049731
v 0.310802055863311 0.00471686153758638 0.939956114460671
v 0.380132272883925 0.0528267006900099 1.0210929608634
v 0.116481 0.368037 0.920793417504801
v 0.116114693680661 0.368376339944364 0.952747639065129
v 0.044 0.1504993179974 0.898871464471786
v 0.364929579318699 0.317898756913708 0.925759046308751
v 0.044 0.143817158860094 0.882173
v 0.044 0.104193553893434 0.882173
v 0.044 0.159071929202085 0.919500977079094
v 0.044 0.178 0.948604451617357
v 0.044 0.178 1.0074689690274
v 0.044 0.177212785944427 0.923082103665776
v 0.044 0.0815782094865462 0.882173
v 0.316583513779038 0.11674534123635 0.902182796130551
v 0.317094466775179 0.117530054337004 0.932275761472274
v 0.118094968080844 0.0118350947301852 1.00347185284298
v 0.399 0.615068723821885 0.925619186404711
v 0.323111 0.125815 0.918931706441806
v 0.177094 0.443187 1.02688174742119
v 0.323197088245406 0.125974838217536 0.955145605070032
v 0.154331801792858 0.340767238421617 0.953073362691314
v 0.151284487945274 0.342698188100589 0.972203735322941
v 0.132873702908831 0.356087938871414 0.945604423395499
v 0.14855400833004 0.344658162523062 0.997248181237592
v 0.143430092854994 0.34839311578669 0.921435792544687
v 0.323972515764873 0.127414558030098 0.9392516746899
v 0.200159524461451 0.395545142779533 1.082173
v 0.288037 0.596815 0.946191710985975
v 0.191307507607144 0.433415564320757 1.06334737883548
v 0.383698991610359 0.57896667037293 1.082173
v 0.0596557677954153 0.159524942523783 0.907685103205249
v 0.362400721611113 0.663955096915359 1.06039738998151
v 0.050971500404246 0.57339510709921 0.895487137190809
v 0.363221971812188 0.663534713992355 1.03479841207258
v 0.359174000938851 0.665669413043879 1.01046953082327
v 0.120642110468705 0.498772602678488 0.882173
v 0.0423105799183181 0.539058240158612 1.05115277753076
v 0.0417334272123204 0.536138895567211 0.943846646051959
v 0.0418719793989519 0.536839718022804 0.968161569596886
v 0.0417334272123204 0.536138895567211 0.994629658451404
v 0.0419157618513084 0.537061177723429 1.0210649580965
v 0.25977420574484 0.0830740257968731 0.901435207097143
v 0.338772806850392 0.674045695039102 0.931877396871814
v 0.353665552406123 0.667921034206633 0.935276232960037
v 0.301027 0.2391955 1.082173
v 0.165259 -0.002222 1.05061601261635
v 0.367796255554135 0.558041946479295 0.97617676037393
v 0.42019166534672 0.225902341460405 1.01542317921326
v 0.301938920840179 0.102895026713313 0.953114396197643
v 0.276037205819904 0.261690441664614 1.0390280988939
v 0.332106655416055 0.346010343085226 1.02060646620887
v 0.421967102309582 0.210666660694805 1.05882178545142
v 0.044 0.124553062623404 0.896306556583231
v 0.402786743338304 0.162433066290835 0.882173
v 0.403518824753153 0.157517559606364 1.082173
v 0.232911160638901 0.690321383545214 1.06391213285039
v 0.185433350518774 0.411124654529413 1.082173
v 0.191545413112434 0.0818009227671165 1.00045202775396
v 0.367607282154947 0.661273077505788 0.938319425555285
v 0.404500462730563 0.266957794267597 0.908664702969747
v 0.385362779446965 0.5442191534096 1.05491489388756
v 0.364288356069001 0.318528648446386 0.964105010894023
v 0.217357865287975 0.301613312353678 1.00123620754716
v 0.399 0.610718299362031 1.02031118797076
v 0.158160751629501 0.36680530644037 1.082173
v 0.16610824410372 0.415663605839248 1.082173
v 0.365125874120343 0.0673677496032081 0.882173
v 0.274418492585751 0.263073791578288 1.02099737854352
v 0.306979333296104 0.590868890215528 1.00124046492456
v 0.365907876176677 0.316937748547938 0.899861255878592
v 0.399 0.532 1.00801863593656
v 0.0430176985697423 0.486456169489067 0.969714411569324
v 0.100322648850735 0.383005821695192 1.02761138846625
v 0.224690733301192 0.412196523589215 0.903163009181044
v 0.220718632361432 0.385138588256524 1.082173
v 0.257401230777018 0.276017582671945 0.947474387943821
v 0.057021 0.126318776946717 0.882173
v 0.371880686712972 0.278856534914424 1.082173
v 0.224402759424961 0.0790214373025794 0.899533497503826
v 0.139748495382155 0.556059949526668 0.957629207995618
v 0.245926297143397 0.351215678854964 0.882173
v 0.124324358787054 0.362319774834561 1.05651806260325
v 0.046653 0.561023 1.05660998088192
v 0.145352503332821 0.368835380777622 0.882173
v 0.257973568203005 0.392968915653881 1.03171806358789
v 0.0852237356518709 0.0273070738328515 0.960864670847866
v 0.280055993005545 0.314050265462501 0.882173
v 0.174315517994754 0.681491272244058 0.96137323428082
v 0.300604918538901 0.239639188716821 0.899430432956384
v 0.287676454576785 0.0143939613528893 0.882173
v 0.290428736591254 0.0207584504176011 1.082173
v 0.23761175 0.0797245 0.957173
v 0.237175200974967 0.0797012642096985 1.05415516410597
v 0.240514836622592 0.079879019900679 0.904428148984519
v 0.0548745246073708 0.444580630022729 1.0548896939776
v 0.0544238769475908 0.445626964921225 0.901981241135279
v 0.0654561162292385 0.604691877930415 0.946440726468466
v 0.044 0.145063413603682 1.05882978650629
v 0.260025638237374 0.0831481724656752 1.00652726740266
v 0.259696214358166 -0.00753197892019687 1.02607743026332
v 0.317942043638903 0.11869719295301 0.960781792248422
v 0.239161741525205 0.602995204689914 1.00920729926306
v 0.204390343701122 0.309490228077536 1.06409437394001
v 0.0641705051178692 0.523717672684686 0.882173
v 0.0622757600167144 0.524300867748802 1.082173
v 0.222614019913233 0.640598286544845 1.082173
v 0.280564024271099 0.688691395966665 1.05881532554365
v 0.189495545423215 0.434661243601541 0.929502332195343
v 0.332535049882118 0.100851060269681 0.882173
v 0.328949712475553 0.137147103544686 1.00508795394242
v 0.16520981832472 0.454348090842385 1.02610392521161
v 0.423286602293509 0.199324280664123 0.882386539565035
v 0.423098 0.2009455 1.082173
v 0.164523101032821 0.454993024947849 1.06299677869446
v 0.163132840252344 0.581639675906033 0.952302507099561
v 0.208435398642563 0.307033123482899 1.04197240689259
v 0.334887241295592 0.162896563845955 1.007173
v 0.334887241295592 0.162896563845955 0.957173
v 0.334887241295592 0.162896563845955 1.057173
v 0.334887241295592 0.162896563845955 0.907173
v 0.0426839168628685 0.488949698267209 0.989914733014813
v 0.301222136592041 0.238990373947076 0.931321463746782
v 0.244405547558612 -0.00844090450937602 0.979831335057909
v 0.166541268302125 0.361008668093539 0.882173
v 0.236056542452111 0.602870257128725 0.960889270162543
v 0.329196 0.197817 1.057173
v 0.329196 0.197817 1.007173
v 0.329427801394386 0.196506347629294 0.95840936758861
v 0.329196 0.197817 0.907173
v 0.375273800438609 0.0800503434371064 0.882173
v 0.399 0.625564504223625 1.06291897550955
v 0.217181674724473 0.416603446436786 1.03018913881786
v 0.231750259187824 0.319876198589683 1.082173
v 0.264514055805351 0.36417551651081 1.082173
v 0.14063331369923 0.00413210949227851 0.940132106585283
v 0.193489885519501 -0.00662536495713249 0.955268203997307
v 0.052827591228737 0.449333296063437 0.964672549864623
v 0.318882682540099 0.119992480769714 1.00418105713767
v 0.230432846277671 -0.0088951924097758 0.971645369483966
v 0.319009863730355 0.65894258581037 1.082173
v 0.401799 0.18145425 1.082173
v 0.312533298198484 0.649846432429443 0.882173
v 0.20272748117992 0.687422695354451 0.899668740616255
v 0.376093076101594 0.276504582288717 0.882173
v 0.330474699901307 0.0677983547432731 0.882173
v 0.152268329757469 0.342074770518273 1.0259337128687
v 0.118445797672551 0.0117076457124334 0.954390429987202
v 0.153459894686239 0.465383092553353 0.959404267951832
v 0.0846192095714561 0.398145498814706 0.905685248016201
v 0.0573962326766995 0.161935612561557 0.934942183347847
v 0.0860977579117212 0.396183518734493 1.02939664758927
v 0.395360781495969 0.280678049819397 0.900992908981253
v 0.331871828220103 0.34615560762315 0.931276486323095
v 0.331533053945166 0.346395678738653 0.994625916183083
v 0.194583873980893 0.0106240990845199 1.082173
v 0.371121566255796 0.0651777152767491 1.082173
v 0.323871414853854 0.679180234711933 1.05775957052036
v 0.133844131296801 0.507209439191704 0.900650626641343
v 0.157838651937863 -0.000462615991662045 0.95857866600138
v 0.414255445941717 0.241434240550426 0.901069369915507
v 0.044 0.100231754039049 1.04639234091575
v 0.0927683075878568 0.493796107377551 0.882173
v 0.424066765940264 0.192618018689574 1.06313202429666
v 0.273369709716327 0.359358890447221 0.882173
v 0.399 0.628151006968223 1.01213004129312
v 0.138734636269645 0.668865938264284 1.01844022638684
v 0.044 0.134269534767704 1.02200364653213
v 0.352734357871695 0.0275064653559849 1.02842256080823
v 0.401573423546816 0.0815782094865462 1.01947197389027
v 0.314350749487078 0.028308641649904 1.082173
v 0.344426314265177 0.573350706736583 0.902730528651731
v 0.164624602286252 -0.00207158263640101 0.998540592890073
v 0.112601361032386 0.0141673480300025 0.910031910993488
v 0.177094 0.443187 0.933316175495921
v 0.403560975252494 0.268734965875761 0.960448641206632
v 0.354152493909283 0.181895761571401 1.082173
v 0.0659952084237098 0.15276147182032 1.06253004069828
v 0.412878599251164 0.245036709125304 0.940157241895939
v 0.421834894637142 0.211803113655814 0.995360502909923
v 0.399 0.560269699451108 0.944527220837609
v 0.32118073625752 0.331713078960937 0.882173
v 0.302709646646895 0.237426715060522 1.03734512779895
v 0.399 0.585700144136451 0.900992908981253
v 0.101383673227314 0.382022906757861 0.999370479010997
v 0.195232809933478 0.39899260502818 0.882173
v 0.422059912834355 0.209868864366157 0.902095598790329
v 0.360885021906256 0.205313067049772 1.082173
v 0.397446 0.2188725 1.082173
v 0.044 0.137474649007376 0.973023934570913
v 0.0763282464533926 0.409155769240406 1.06420778241592
v 0.0851593567341686 0.520617665853155 0.882173
v 0.0791835334005821 0.587667314754586 0.882173
v 0.0798741761532409 0.585855995199324 1.082173
v 0.358448545235167 0.324265257963282 0.992641991930278
v 0.106924218092138 0.0166113466748931 1.06008944896134
v 0.392417505905678 0.110946931894836 0.882173
v 0.390337282627597 0.110823340113011 1.082173
v 0.376104233190373 0.0838043458931551 1.082173
v 0.128072283537877 0.359587816462473 0.902528299919997
v 0.067320012637785 0.563512404241027 0.882173
v 0.0695902265691794 0.566935149630327 1.082173
v 0.133905997350623 0.541743641096318 0.902454189479742
v 0.0921373495117518 0.604212390548202 0.882173
v 0.222330630011847 0.602143361237502 1.01118950866204
v 0.0532349239601471 0.448387531799661 0.920319365341909
v 0.218106665049186 0.689608296110934 0.959527849325862
v 0.175421109444282 0.327403865340912 1.02327840570157
v 0.143665884709806 0.00322621703678477 1.00051564066522
v 0.238877603338581 0.287975622226374 1.04678568335238
v 0.38915805941694 0.649246019240983 0.936501462569182
v 0.399 0.532 0.965380763530012
v 0.178313105716351 0.325571333625293 0.902207393303948
v 0.380866047836581 0.301788748660747 1.06004343086005
v 0.274875689335089 0.262722336717072 0.932639499167416
v 0.044 0.0741232907244992 0.901447101660556
v 0.044 0.0735378371881432 1.06604990934701
v 0.308692368123869 0.662489373145071 0.882173
v 0.37175 0.043375 0.905463174805886
v 0.354442871800405 0.643267724901395 0.882173
v 0.399 0.569462478203327 0.966328373490775
v 0.327176728942883 0.607760799457497 0.882173
v 0.103203491782819 0.380337057798191 0.964387947412427
v 0.105769572347113 0.648545600249046 1.06425229010446
v 0.231808352027701 0.0131261470824138 1.082173
v 0.0556889122547561 0.586029432001288 1.00595185538994
v 0.189500005845689 0.434658177171176 1.02395712864286
v 0.127829136269645 0.662756438264284 0.900992908981253
v 0.302912794482333 0.59235255336688 0.901491291185512
v 0.128045336317914 0.46420217789603 0.882173
v 0.12610630994725 0.00892474259375874 1.05694815604522
v 0.315854280570166 0.35804075405992 1.05968238607303
v 0.285753608966538 0.0689651500337488 0.882173
v 0.2861545 0.06797475 1.082173
v 0.208692976476217 -0.0080035730539058 0.899714674406228
v 0.142598661430666 0.0969883090485527 1.02417916916989
v 0.193082791683868 0.432195100333431 0.901645197765772
v 0.123812638432698 0.0847914442757673 1.082173
v 0.283905632975658 0.0916914818763375 0.959924914639804
v 0.044 0.178 0.984611321108519
v 0.306996563143736 0.0290791158713942 0.882173
v 0.184407321418156 0.321709695329547 0.922377004282866
v 0.381763990586691 0.0962292030514884 0.882173
v 0.164973 0.4545705 1.082173
v 0.136021498894472 0.0278217060260246 0.882173
v 0.143391494878055 0.0753363667987522 0.882173
v 0.186734923426324 0.320234795606301 0.989259637037925
v 0.178886342653922 0.059599827965619 0.882173
v 0.178435973282915 0.0635860677162833 1.082173
v 0.302668527329696 0.0707149520568357 0.882173
v 0.303822328170342 0.0702630870539211 1.082173
v 0.424574661903269 0.153534366281041 1.06174742410105
v 0.323220983543819 0.584088073846773 0.939768561109745
v 0.252453420492004 0.602494869285663 0.901967936662863
v 0.330264173429441 0.14065422134838 1.02403391806094
v 0.30345840915357 0.66465581222874 1.082173
v 0.296129201177426 0.370344543531783 1.03920941899217
v 0.34489384082927 0.119688321835 0.882173
v 0.343873 0.1169105 1.082173
v 0.0877563849067812 0.0258798349256458 0.899685577770739
v 0.323563886199047 0.126655864190701 1.04754802101087
v 0.161922 0.678172 0.959632098089695
v 0.119624382921036 0.568198152551275 0.882173
v 0.124401960847439 0.570416752743761 1.082173
v 0.160849585376401 0.0897642477621386 1.06384474607909
v 0.196486142978306 0.0681009816503114 0.882173
v 0.412172 0.2468855 0.882173
v 0.412172 0.2468855 1.082173
v 0.207557710974814 0.3747780255768 0.882173
v 0.164212029430348 0.609323660698305 0.882173
v 0.160554263378303 0.0680936573648335 0.882173
v 0.287770440263416 0.662220628493394 0.882173
v 0.29236467183592 0.619128581268457 0.882173
v 0.184537788622923 0.614335054942539 0.882173
v 0.183045188245755 0.614576115111825 1.082173
v 0.37175 0.043375 0.945244018321071
v 0.148431823162892 0.00180253143373002 0.901072549021282
v 0.0419264099763431 0.494608681915186 0.902301961594674
v 0.3412905 0.6001175 0.882173
v 0.367762453540894 0.631570453036316 0.882173
v 0.343776753304285 0.0217958651237829 1.06366480374743
v 0.151262419805377 0.673893863316522 0.899588444635267
v 0.0795163873489239 0.624166850026335 1.02525016831888
v 0.248417824556354 -0.00820240207636053 0.926380129793144
v 0.154950233089809 0.0236936941862174 0.882173
v 0.381913879027169 0.65357566966985 1.05994511583572
v 0.044 0.115256301573776 0.987487549243473
v 0.176141032374404 0.681980187434569 1.0619135153341
v 0.0593622375084737 0.0430553285092522 0.96519525454501
v 0.0642833078737881 0.501615567217538 0.882173
v 0.148742 0.568609 0.903653859514873
v 0.129792595615536 0.581113022390482 0.882173
v 0.237171415037196 0.0125820354524139 0.882173
v 0.231486948406076 0.0565051798286826 0.882173
v 0.225856142655501 0.0596704577256137 1.082173
v 0.124583831739434 0.0802945999104588 0.882173
v 0.109491872519536 0.0417027334687257 0.882173
v 0.108040910431417 0.0410135427630672 1.082173
v 0.087506116791023 0.394878839021052 0.99045621363287
v 0.345550858148605 0.591473397653509 1.082173
v 0.371221754463303 0.632759418729405 1.082173
v 0.16900347582364 0.331470439444975 1.04683122255086
v 0.1490835 0.64952825 0.882173
v 0.148959113085869 0.649243461184004 1.082173
v 0.163220397006067 0.608956651073891 1.082173
v 0.173576961130612 0.0170267628399066 0.882173
v 0.170141407964176 0.0175027112849041 1.082173
v 0.364072560506222 0.66309931323263 0.903215727708023
v 0.37971176315426 0.611338578753507 1.082173
v 0.333407 0.015185 0.940350388311627
v 0.206324101402167 0.0798593348923173 1.01120177222931
v 0.207104267826888 0.0797568385380492 1.06065616787053
v 0.173920706550031 0.658821878841906 0.882173
v 0.172218151705922 0.660334468171164 1.082173
v 0.364623439708348 0.236275706345745 1.082173
v 0.044 0.0750216710724561 1.02820085648079
v 0.243906999975576 -0.00847053975429933 0.904336956533252
v 0.248993310315375 0.00783165087853121 1.082173
v 0.131556506865699 0.52904808098782 0.93849839989765
v 0.123882781919165 0.468838771436054 1.082173
v 0.042902 0.4873205 0.882173
v 0.0430828271410312 0.485969624051004 1.082173
v 0.271987896940078 0.384958979046117 1.02227316921216
v 0.393241227022707 0.28376505212067 1.03674626816809
v 0.27850105465474 0.688956810055611 0.938038760267703
v 0.217474115950561 0.416431818274926 0.95300683605333
v 0.331264060847944 0.580671662829042 1.00286921870817
v 0.287734822530436 0.375537321695192 0.900992908981253
v 0.0640804214303752 0.0671714735003238 0.882173
v 0.276705469957742 0.382272077547471 0.995969634824478
v 0.421995979678749 0.210418431744923 0.936923050423804
v 0.330796411267527 0.346942804413654 1.03941977829069
v 0.169233 0.331325 0.882173
v 0.169233 0.331325 1.082173
v 0.255887937780455 0.276994498104437 1.05756637678991
v 0.194250293318649 0.686135776819815 1.05639001977103
v 0.303771628562648 0.365616923810263 0.90108797455496
v 0.423610654660384 0.146148974576102 1.01212312709211
v 0.42415764306414 0.191836841813745 0.899408501748938
v 0.0429595881082066 0.486890285874616 1.00488042059289
v 0.4062755 0.091217 0.899994351338921
v 0.296767 0.36995 0.882173
v 0.296786388990507 0.369938005934596 1.082173
v 0.3322765 0.3458435 0.882173
v 0.3322765 0.3458435 1.082173
v 0.344567266271435 0.0222998283764354 0.900130123204125
v 0.147515569583259 0.0949598920217257 0.900589079871627
v 0.216807515516531 0.689560179795356 1.06072823333953
v 0.164391240167366 0.455116862763368 0.997012278952844
v 0.392333669887005 0.285086853943549 0.882173
v 0.392027 0.2855335 1.082173
v 0.39425 0.07069 0.899994351338921
v 0.205767 0.308654 0.882173
v 0.205767 0.308654 1.082173
v 0.398140754695127 0.233942364445839 0.882173
v 0.115850252112869 0.368621314115337 0.901554338956193
v 0.132916408168057 0.356056809913862 0.882173
v 0.1337235 0.3554685 1.082173
v 0.145986858003353 0.404703697245952 1.082173
v 0.0528860614456837 0.167286052187689 1.06591219180577
v 0.365672225029922 0.317169235260369 0.882173
v 0.365809654681965 0.31703423426937 1.082173
v 0.399 0.621710895256727 0.882173
v 0.399 0.621710895256727 1.082173
v 0.0440616253625973 0.478657475172836 0.901209068469043
v 0.318422879017301 0.586389946901599 0.900131354495341
v 0.0964367333418705 0.442673853315344 1.082173
v 0.164525984366189 0.454990317050366 0.898871391778878
v 0.29171243288329 0.686956810289862 1.06103107289114
v 0.212329508728192 0.68888037535685 1.02182052674104
v 0.044 0.100207648113881 0.964110466771231
v 0.044 0.0679198654444668 0.994247373881046
v 0.381828763322692 0.547111981839448 0.902023344885842
v 0.224889775736177 0.412079709391348 0.96966759137782
v 0.244770511607711 0.602828915966518 1.05970957680379
v 0.388345756688272 0.290895007202672 0.940741799758252
v 0.288906 0.251937 1.06111526112095
v 0.143875206474937 0.48042102460984 0.969075667740496
v 0.260433036772639 0.391540068725979 0.882217945783259
v 0.260233 0.391654 1.082173
v 0.111945511660747 0.393387751106851 0.882173
v 0.111383455097864 0.393026389897313 1.082173
v 0.318678528554037 0.331129887608402 1.082173
v 0.181849119045155 0.592107580365847 0.925795496212239
v 0.399 0.629665989456681 0.937710446342552
v 0.289108809539191 0.274277966983726 0.882173
v 0.290935117882125 0.277165837175064 1.082173
v 0.163514681561158 0.581887238412924 1.0258948810521
v 0.045804 0.465641 1.02285190472316
v 0.225926179238046 -0.00879177287518547 0.902731464463973
v 0.224499423846598 0.602360837941542 1.0548190302536
v 0.327564821671005 0.134084316139019 0.922314790260917
v 0.327605406606952 0.134159669327946 0.959451014120796
v 0.131 0.522 1.00812904913127
v 0.131 0.522 0.940625551370255
v 0.389933672545903 0.0643596881211711 1.02567139170507
v 0.385686975518184 0.0588092491772409 0.980957056453766
v 0.399 0.626156605822283 0.911739330737287
v 0.395215324618926 0.280889898922514 0.949255923662262
v 0.258918111946678 0.392402896661015 0.955232584119838
v 0.313148 0.226454 1.06140064053163
v 0.286213904155969 0.376403563265672 0.93628696531668
v 0.388514545767849 0.0622784013800197 0.940554448993113
v 0.361498298585601 0.562449274856317 1.06011018508753
v 0.1012875 0.382112 0.882173
v 0.101101202734877 0.382284582618002 1.08195469536325
v 0.139016 0.554906 1.06098730809313
v 0.044 0.158345836188069 0.996938539002568
v 0.215968295828758 0.302457384326058 0.964965608095124
v 0.237908027487892 0.288601537771916 0.922674818150729
v 0.2412765 0.286427 0.882173
v 0.2412765 0.286427 1.082173
v 0.34646108863246 0.211610982180997 0.882173
v 0.374719636785962 0.23798718279241 0.882173
v 0.118356112653698 0.658071077294221 1.00265903947766
v 0.399 0.551572941715243 0.882173
v 0.044 0.177606392972213 0.902627551832888
v 0.044 0.0744070028369276 1.082173
v 0.335829424997268 0.651365589886489 1.082173
v 0.277695296891975 0.0889721575288207 1.05968216329453
v 0.313148 0.226454 0.961822918849667
v 0.142479074332698 0.448346670028267 0.882173
v 0.138778006372126 0.450627317952978 1.082173
v 0.160558467815811 0.33682167214277 0.901658039897409
v 0.0795673610737289 0.404854275264147 0.937277101969622
v 0.161922 0.678172 1.02422484042842
v 0.399 0.589380971685685 1.03493222345528
v 0.053828 0.4470105 0.882173
v 0.053828 0.4470105 1.082173
v 0.157433806789342 0.434956555306579 0.882173
v 0.154337075508666 0.438005481665238 1.082173
v 0.136804 0.491817 1.06190587236588
v 0.209341045423215 -0.0079238251624648 1.06335309101875
v 0.190604572966962 0.433898814536896 0.997865311964512
v 0.118079951522541 0.657681543754449 0.940022011015192
v 0.328031620203656 0.134951011064154 1.04036750004662
v 0.073973 0.4122835 0.882173
v 0.0735702707863731 0.412818318149257 1.08174537305535
v 0.30511990915357 0.341125904723179 0.882173
v 0.134433198724771 0.543887164256468 1.06327455186476
v 0.387171795832022 0.199214387270159 0.882173
v 0.0774809191409675 0.483137907768044 1.082173
v 0.380913605953058 0.15987825988356 0.882173
v 0.0795656182166339 0.522855087428984 1.082173
v 0.044 0.0957312507369788 0.903617865229683
v 0.334523972264063 0.230410048480139 0.882173
v 0.278947742699027 0.644367861477923 1.082173
v 0.391561081429937 0.286212082087007 0.989628314098081
v 0.239299142553167 0.690629073165969 0.997365467916379
v 0.145517282662715 0.346871709662384 0.897681236662114
v 0.163020205992171 0.378263678006661 0.882173
v 0.0584053090974184 0.0436714312923402 0.982498633194278
v 0.0893165228094448 0.0250999227931074 1.06344734113612
v 0.133658136269645 0.10147341526417 0.900992908981253
v 0.331011699197104 0.142648697426755 0.963741969875694
v 0.224703907518225 0.412188791893231 0.882173
v 0.224724 0.412177 1.082173
v 0.331243611938467 0.580465295099188 0.904627285139717
v 0.107490556326849 0.649848038647111 0.996774496578396
v 0.136804 0.491817 1.02166843617073
v 0.0964866594262455 0.386559417058321 0.979825268611711
v 0.044 0.0921270719209481 1.06199070886839
v 0.044 0.126144125639564 0.882277388087071
v 0.284465884537631 0.597604236904407 0.902719201371702
v 0.127625 0.1045 1.01257253377672
v 0.142345636269645 0.560151401255673 1.00138978797321
v 0.0776597576247881 0.621626219767311 0.959655275529994
v 0.399 0.643 0.902010513713851
v 0.261204364099813 0.27323171527273 1.01643167359672
v 0.399 0.558628209403419 0.906816513104649
v 0.165500796947534 0.583174913928054 1.06574378509055
v 0.134611861152149 0.666708259658801 1.06571143163356
v 0.384546 0.544951 0.939589772439972
v 0.044 0.15270333280382 1.082173
v 0.184021061967971 0.593027264711262 1.03839382218403
v 0.374788131387139 0.552711301868518 1.06438376253086
v 0.349154935189406 0.333348096026074 1.02481675937934
v 0.157563389066284 0.577235415896947 1.06424400884928
v 0.150117640431841 0.570180950423985 1.06473272014599
v 0.267161973694567 0.60088726003534 0.900957774430787
v 0.304445611643183 0.684362012448126 1.06645251268181
v 0.307729270484053 0.590595278128556 1.06394737490794
v 0.0865091590593117 0.631380429574286 0.999156456488141
v 0.0622777205864164 0.427814649664281 0.94723312027199
v 0.231996813780096 0.690294216695528 0.894693637998138
v 0.399 0.563363945871628 1.03449754888309
v 0.142992334908868 0.561170189369301 0.901722501452813
v 0.34680602131328 0.571900368787126 1.06589503974915
v 0.0653986637480248 0.604582102008161 1.01758478904683
v 0.100322648850735 0.383005821695192 1.0454822397425
v 0.402674693077368 0.0839904810503085 0.934515235010847
v 0.350975481569718 0.669140799883534 1.02533945525064
v 0.0586257675242689 0.0435294927222564 1.04598889580324
v 0.412100118137051 0.103353771003859 1.02694962881864
v 0.412140872181331 0.103473924454265 0.962835386551015
v 0.367809687958396 0.558032546444209 0.997651445110944
v 0.399 0.616786820002463 0.975391448156541
v 0.401199357030006 0.0810296047432731 1.0628758525003
v 0.307849369870572 0.30142020004258 0.882173
v 0.306332754024196 0.303535079405133 1.082173
v 0.0976285804668144 0.41226853814713 1.082173
v 0.0829520223500293 0.13632425310026 0.901344401202112
v 0.253590938781042 0.0818878175634541 0.937846265757542
v 0.21150425 0.0795445 0.938409329185853
v 0.188528799233361 -0.00601372022244318 0.989108507068005
v 0.193050017881313 0.596212981442622 0.937966224392168
v 0.306797596228905 0.106786864882548 1.06177847481308
v 0.198722045423215 0.597851399626292 1.06335309101875
v 0.044 0.113886551761707 1.082173
v 0.332159786800439 0.145899247605764 1.06266773611175
v 0.18594608744633 0.684606209131192 0.902454390100121
v 0.242530690092435 0.355503251163815 1.082173
v 0.209660029337055 0.352270745802646 1.082173
v 0.115967 0.656263 0.901031199627308
v 0.113855773500598 0.370468965181103 1.06169644021752
v 0.361036442004992 0.562772483418078 0.901074074037674
v 0.412107721969226 0.102921782701488 0.900992908981253
v 0.411061510134831 0.100822122872708 1.05627528547744
v 0.425931484651862 0.174920087297931 0.900992908981253
v 0.138948508191742 0.668951774038187 0.90133414876771
v 0.387574 0.060899 0.901671950328805
v 0.138292441506641 0.553218795396605 0.902368079553576
v 0.316317629944829 0.357696611170744 0.900919910806117
v 0.0441738815578729 0.0538752506987898 1.06335309101875
v 0.420074629058653 0.22620856259074 0.902370100957452
v 0.161326318951471 0.580458305456693 0.900992908981253
v 0.065889 0.605519 0.900992908981253
v 0.0990447689129892 0.643456277910678 0.903160019849406
v 0.217698378425754 0.301406473038147 0.900094732143385
v 0.356106113435977 0.0301671591412714 0.902074717410936
v 0.42424321423471 0.149374220105625 0.903929741583947
v 0.044 0.178 1.06335309101875
v 0.065889 0.605519 1.06335309101875
v 0.161922 0.678172 1.06335309101875
v 0.235 -0.009 1.06335309101875
v 0.333062090842916 0.0150242592879878 1.06327556727118
v 0.308483335098995 0.259092708589356 1.082173
v 0.207053537544759 0.0797635033582778 0.911088077770358
v 0.425862969303723 0.173840174595863 0.938533369784611
v 0.152852 0.465954 1.02576675438064
v 0.251184254777071 0.602609589607068 0.969036428199063
v 0.324520205118392 0.583446347794954 1.06722197247966
v 0.0623448005475313 0.474693139533603 0.882173
v 0.323451969738445 0.0105455793888694 0.976431357110369
v 0.309051581063413 0.610395292870009 0.882173
v 0.275280931069699 -0.00494084913129835 0.931401452983721
v 0.399 0.625545309531079 1.03244348600369
v 0.222279173681926 0.413611821802146 1.01445121626963
v 0.17260979558399 0.0861016056072147 1.03322932813104
v 0.350254433383386 0.638394614165107 1.082173
v 0.334654381978546 0.612356841980053 1.082173
v 0.0609433071304239 0.543861525377192 0.882173
v 0.132967206812632 0.537926656999935 0.93865910287704
v 0.231536257923525 0.408179016127587 1.03471331943308
v 0.244695810483475 0.0249922615221978 1.082173
v 0.193202683596059 0.31628599511787 1.03171217958679
v 0.36645013770678 0.290971169593387 0.882173
v 0.225106986761733 0.323804776751188 0.882173
v 0.22762707929579 0.350567084660979 0.882173
v 0.31658875590145 0.639716531032477 0.882173
v 0.213123888781051 0.00854910606621361 1.082173
v 0.165959373405983 -0.00234706368295401 0.940745901956723
v 0.235470080061244 0.381868072034519 0.882173
v 0.401290444646275 0.0812124099864305 0.90010330929557
v 0.408915620787425 0.25540569608405 0.899160522087975
v 0.113208702195541 0.113183405501946 1.00135159149568
v 0.095092508165554 0.64007300638752 0.935667050538852
v 0.334077521616273 0.152824040433074 0.999213085484683
v 0.291260524528229 0.595876477468753 1.03335616731635
v 0.330219515307253 0.039274371069217 0.882173
v 0.191074345911378 0.685456002009331 0.966367201818675
v 0.332247576442369 0.0356579587853774 1.082173
v 0.044 0.122321388521506 1.04166753475599
v 0.331551983173708 0.184495790521784 0.898236617638895
f 1 876 3
f 1 3 1268
f 1 875 876
f 1 1441 875
f 1 1268 1453
f 1 1484 1441
f 1 1453 1484
f 2 4 309
f 2 1269 4
f 2 309 342
f 2 342 1067
f 2 956 464
f 2 464 1269
f 2 1485 956
f 2 1067 1485
f 3 722 11
f 3 11 1715
f 3 876 722
f 3 1715 1268
f 4 509 12
f 4 12 1201
f 4 1201 309
f 4 1269 509
f 5 25 331
f 5 1492 25
f 5 331 793
f 5 793 1379
f 5 1379 1177
f 5 1177 1492
f 6 26 308
f 6 332 26
f 6 308 1581
f 6 1687 332
f 6 1581 1380
f 6 1380 1687
f 7 15 1171
f 7 1580 15
f 7 1171 1169
f 7 1169 1580
f 8 16 1523
f 8 1637 16
f 8 1523 1695
f 8 1695 1637
f 9 681 1591
f 9 1706 681
f 9 1260 1122
f 9 1122 1528
f 9 1591 1260
f 9 1528 1484
f 9 1484 1706
f 10 1067 734
f 10 734 1259
f 10 989 956
f 10 956 1485
f 10 1592 989
f 10 1485 1067
f 10 1259 1592
f 11 1197 13
f 11 13 1364
f 11 722 1052
f 11 1052 1197
f 11 1364 1715
f 12 14 656
f 12 1365 14
f 12 509 1365
f 12 656 1247
f 12 1247 1201
f 13 21 1356
f 13 1690 21
f 13 1197 1028
f 13 1028 1690
f 13 1356 1364
f 14 22 656
f 14 1357 22
f 14 1365 1357
f 15 23 1171
f 15 1195 23
f 15 1580 1195
f 16 1148 24
f 16 24 1341
f 16 1637 1148
f 16 1341 1523
f 17 91 631
f 17 1267 91
f 17 631 1465
f 17 1280 1267
f 17 1719 1280
f 17 1465 1719
f 18 356 335
f 18 335 1656
f 18 1479 356
f 18 357 1479
f 18 1687 357
f 18 1656 1687
f 19 575 574
f 19 574 1600
f 19 1591 575
f 19 642 728
f 19 1600 642
f 19 728 1260
f 19 1260 1591
f 20 1041 989
f 20 989 1592
f 20 1259 1025
f 20 1025 1354
f 20 1601 1041
f 20 1592 1259
f 20 1354 1601
f 21 27 1367
f 21 1690 27
f 21 1367 1356
f 22 651 28
f 22 28 979
f 22 1357 651
f 22 1696 656
f 22 979 1696
f 23 29 1241
f 23 1665 29
f 23 1195 471
f 23 471 1665
f 23 1241 1171
f 24 965 30
f 24 30 1341
f 24 1148 965
f 25 921 33
f 25 33 1423
f 25 754 331
f 25 1423 754
f 25 1492 921
f 26 34 920
f 26 1616 34
f 26 920 308
f 26 332 428
f 26 428 1616
f 27 35 968
f 27 1691 35
f 27 1690 536
f 27 536 1691
f 27 968 1367
f 28 36 259
f 28 651 36
f 28 259 979
f 29 891 37
f 29 37 1131
f 29 1665 891
f 29 1131 1241
f 30 38 892
f 30 1132 38
f 30 892 465
f 30 465 1341
f 30 965 1132
f 31 574 917
f 31 1600 574
f 31 917 1544
f 31 972 1313
f 31 1568 972
f 31 1313 1600
f 31 1544 1568
f 32 1041 1601
f 32 1664 1041
f 32 1121 1139
f 32 1354 1121
f 32 1139 1569
f 32 1601 1354
f 32 1569 1545
f 32 1545 1664
f 33 45 1337
f 33 1460 45
f 33 921 1460
f 33 1337 1423
f 34 1359 46
f 34 46 1461
f 34 1461 920
f 34 1616 1359
f 35 41 945
f 35 1691 41
f 35 945 968
f 36 946 42
f 36 42 1387
f 36 797 259
f 36 651 946
f 36 1387 797
f 37 891 39
f 37 39 1131
f 38 40 892
f 38 1111 40
f 38 1132 1111
f 39 47 1110
f 39 1120 47
f 39 891 1120
f 39 1110 1131
f 40 48 991
f 40 1111 48
f 40 285 892
f 40 991 285
f 41 58 945
f 41 1391 58
f 41 1677 1391
f 41 1691 1677
f 42 1467 59
f 42 59 1635
f 42 426 1387
f 42 1635 426
f 42 946 1467
f 43 540 1248
f 43 1544 540
f 43 1519 972
f 43 972 1568
f 43 1248 1520
f 43 1363 1519
f 43 1520 1363
f 43 1568 1544
f 44 484 800
f 44 1521 484
f 44 800 1545
f 44 1569 1139
f 44 1139 1678
f 44 1246 1521
f 44 1678 1246
f 44 1545 1569
f 45 53 1126
f 45 1408 53
f 45 1126 1337
f 45 1460 1408
f 46 62 503
f 46 1394 62
f 46 503 476
f 46 476 1461
f 46 1359 1394
f 47 63 1459
f 47 1617 63
f 47 1459 1110
f 47 1120 1617
f 48 64 991
f 48 1401 64
f 48 1111 1401
f 49 51 657
f 49 1107 51
f 49 56 1200
f 49 1322 56
f 49 657 557
f 49 557 1322
f 49 774 1087
f 49 1200 774
f 49 1087 1107
f 50 52 1108
f 50 1145 52
f 50 57 437
f 50 696 57
f 50 437 553
f 50 553 1145
f 50 1068 696
f 50 1108 1068
f 51 1107 54
f 51 54 1366
f 51 1366 657
f 52 55 1108
f 52 1145 55
f 53 1408 67
f 53 67 1440
f 53 1440 1126
f 54 1107 60
f 54 60 1366
f 55 61 1108
f 55 1570 61
f 55 1145 1603
f 55 1603 1570
f 56 758 72
f 56 72 1393
f 56 782 758
f 56 1322 782
f 56 960 1200
f 56 1393 960
f 57 1483 73
f 57 73 1595
f 57 1595 437
f 57 696 1483
f 58 1445 78
f 58 78 1466
f 58 1466 945
f 58 1391 1683
f 58 1683 1445
f 59 1467 79
f 59 79 1697
f 59 1697 1635
f 60 1426 65
f 60 65 1650
f 60 1107 1426
f 60 1685 1366
f 60 1650 1685
f 61 694 66
f 61 66 1427
f 61 1570 694
f 61 1427 1108
f 62 231 81
f 62 81 1470
f 62 1394 231
f 62 1470 503
f 63 74 1409
f 63 1510 74
f 63 1409 1459
f 63 1617 1510
f 64 75 1081
f 64 1086 75
f 64 1081 991
f 64 1401 1086
f 65 70 1454
f 65 1455 70
f 65 1426 1455
f 65 1454 1650
f 66 71 257
f 66 1642 71
f 66 257 1427
f 66 694 1642
f 67 80 1440
f 67 1448 80
f 67 1408 1448
f 68 1248 1288
f 68 1520 1248
f 68 1288 1496
f 68 1496 1587
f 68 1613 1520
f 68 1587 1613
f 69 280 632
f 69 1246 280
f 69 632 1497
f 69 1045 1229
f 69 1497 1045
f 69 1229 1521
f 69 1521 1246
f 70 427 76
f 70 76 695
f 70 1455 427
f 70 695 1454
f 71 77 257
f 71 1641 77
f 71 1642 1641
f 72 1531 86
f 72 86 1593
f 72 758 1531
f 72 1585 1393
f 72 1593 1585
f 73 1278 759
f 73 759 1595
f 73 1407 1278
f 73 1594 1407
f 73 1483 1586
f 73 1586 1594
f 74 610 84
f 74 84 1434
f 74 1510 610
f 74 1434 1409
f 75 1412 85
f 75 85 1428
f 75 1086 679
f 75 679 1412
f 75 1428 1081
f 76 1433 82
f 76 82 1689
f 76 427 1433
f 76 1689 695
f 77 83 1468
f 77 1634 83
f 77 1468 257
f 77 1641 1634
f 78 92 1476
f 78 1674 92
f 78 1445 1113
f 78 1113 1674
f 78 1476 1466
f 79 93 1451
f 79 1477 93
f 79 1451 1697
f 79 1467 1477
f 80 94 1149
f 80 1469 94
f 80 1149 1095
f 80 1095 1440
f 80 1448 1469
f 81 772 95
f 81 95 1470
f 81 231 1210
f 81 1210 772
f 82 88 1075
f 82 1433 88
f 82 1075 878
f 82 878 1689
f 83 877 89
f 83 89 1468
f 83 1634 877
f 84 488 96
f 84 96 1411
f 84 1032 488
f 84 610 1032
f 84 1411 1434
f 85 97 1036
f 85 1412 97
f 85 1036 1428
f 86 102 650
f 86 1400 102
f 86 650 1593
f 86 765 1400
f 86 1531 765
f 87 103 1193
f 87 1221 103
f 87 1193 539
f 87 539 1278
f 87 1230 1221
f 87 1594 1230
f 87 1278 1407
f 87 1407 1594
f 88 98 1075
f 88 1437 98
f 88 1433 1437
f 89 1074 99
f 89 99 1438
f 89 877 1074
f 89 1438 1468
f 90 347 1376
f 90 1516 347
f 90 593 803
f 90 1496 593
f 90 803 1516
f 90 1376 1496
f 91 297 237
f 91 237 1497
f 91 1517 297
f 91 1497 631
f 91 1267 1517
f 92 106 1119
f 92 1307 106
f 92 1119 253
f 92 253 1476
f 92 1674 1307
f 93 258 107
f 93 107 1499
f 93 1477 258
f 93 1499 1451
f 94 274 108
f 94 108 1398
f 94 1469 274
f 94 1398 1149
f 95 1596 109
f 95 109 1724
f 95 772 511
f 95 511 1596
f 95 1319 1470
f 95 1724 1319
f 96 488 100
f 96 100 1429
f 96 1429 1411
f 97 1085 101
f 97 101 1475
f 97 489 1036
f 97 1475 489
f 97 1412 1085
f 98 104 993
f 98 1011 104
f 98 993 1071
f 98 1437 1011
f 98 1071 1075
f 99 105 1012
f 99 1671 105
f 99 1012 1438
f 99 1074 1671
f 100 112 1084
f 100 1243 112
f 100 488 1701
f 100 1084 1429
f 100 1701 1243
f 101 1458 113
f 101 113 1475
f 101 1085 1458
f 102 396 1238
f 102 1400 396
f 102 1349 650
f 102 1088 1349
f 102 1619 1088
f 102 1238 1619
f 103 654 402
f 103 402 1193
f 103 1620 654
f 103 1221 1191
f 103 1191 1620
f 104 110 993
f 104 1011 110
f 105 899 111
f 105 111 1012
f 105 1671 899
f 106 124 817
f 106 1648 124
f 106 817 1119
f 106 1307 831
f 106 831 1648
f 107 911 125
f 107 125 1220
f 107 258 911
f 107 1220 1511
f 107 1511 1499
f 108 1456 116
f 108 116 1553
f 108 274 1456
f 108 1553 1398
f 109 1596 117
f 109 117 1724
f 110 743 118
f 110 118 994
f 110 596 993
f 110 994 596
f 110 1011 743
f 111 123 692
f 111 1538 123
f 111 692 1270
f 111 899 1554
f 111 1270 1012
f 111 1554 1538
f 112 1258 121
f 112 121 1457
f 112 1457 1084
f 112 1243 1258
f 113 122 1257
f 113 1458 122
f 113 1257 764
f 113 764 1475
f 114 1574 1090
f 114 1090 1692
f 114 1117 1574
f 114 1721 1117
f 114 1692 1516
f 114 1516 1721
f 115 1267 997
f 115 997 1575
f 115 1140 1297
f 115 1575 1140
f 115 1517 1267
f 115 1297 1517
f 116 1456 132
f 116 132 1480
f 116 1480 1553
f 117 133 1481
f 117 1698 133
f 117 1481 1388
f 117 1388 1724
f 117 1596 1698
f 118 947 126
f 118 126 1417
f 118 743 947
f 118 1417 994
f 119 520 1150
f 119 1238 520
f 119 1088 1619
f 119 1726 1088
f 119 1150 1542
f 119 1619 1238
f 119 1542 1726
f 120 1239 607
f 120 607 1543
f 120 809 699
f 120 699 1620
f 120 1096 809
f 120 1543 1096
f 120 1620 1239
f 121 129 949
f 121 1258 129
f 121 949 1457
f 122 130 628
f 122 706 130
f 122 628 229
f 122 229 1257
f 122 1458 706
f 123 134 750
f 123 1105 134
f 123 750 692
f 123 1538 1105
f 124 697 131
f 124 131 969
f 124 1648 697
f 124 969 817
f 125 136 238
f 125 242 136
f 125 238 344
f 125 911 242
f 125 344 1220
f 126 970 139
f 126 139 1643
f 126 947 970
f 126 1643 1417
f 127 150 1157
f 127 1549 150
f 127 953 1549
f 127 1574 953
f 127 1006 1090
f 127 1157 1006
f 127 1090 1574
f 128 1019 151
f 128 151 1550
f 128 1498 1019
f 128 1550 1147
f 128 1147 1575
f 128 1575 1498
f 129 137 987
f 129 1206 137
f 129 987 949
f 129 1258 1206
f 130 138 628
f 130 1109 138
f 130 706 1109
f 131 270 143
f 131 143 277
f 131 277 254
f 131 254 969
f 131 697 270
f 132 248 146
f 132 146 794
f 132 1456 248
f 132 794 770
f 132 770 1480
f 133 147 552
f 133 672 147
f 133 552 1481
f 133 1698 672
f 134 149 750
f 134 1105 149
f 135 766 236
f 135 236 826
f 135 1071 766
f 135 826 1072
f 135 1669 1071
f 135 1072 1669
f 136 1158 152
f 136 152 1271
f 136 1271 238
f 136 242 1158
f 137 638 144
f 137 144 1396
f 137 505 638
f 137 1206 505
f 137 1396 987
f 138 145 640
f 138 1397 145
f 138 1583 628
f 138 640 1583
f 138 1109 1397
f 139 970 148
f 139 148 1627
f 139 1627 1643
f 140 454 460
f 140 485 454
f 140 455 1533
f 140 1589 455
f 140 460 1589
f 140 1533 485
f 141 1328 682
f 141 682 1542
f 141 1150 1491
f 141 1542 1150
f 141 1505 1328
f 141 1491 1505
f 142 811 518
f 142 518 1096
f 142 1506 811
f 142 1096 1543
f 142 1298 1506
f 142 1543 1298
f 143 270 155
f 143 155 277
f 144 638 153
f 144 153 756
f 144 756 1413
f 144 1413 1396
f 145 154 640
f 145 1414 154
f 145 1397 1414
f 146 160 794
f 146 1254 160
f 146 248 1254
f 147 578 161
f 147 161 1255
f 147 418 578
f 147 672 418
f 147 1255 552
f 148 157 1392
f 148 1708 157
f 148 970 1436
f 148 1392 1627
f 148 1436 1708
f 149 857 156
f 149 156 1134
f 149 571 750
f 149 1134 571
f 149 1105 857
f 150 769 163
f 150 163 1253
f 150 1549 769
f 150 790 1157
f 150 1253 790
f 151 1019 1540
f 151 1116 1209
f 151 1540 1116
f 151 1209 1700
f 151 1700 1550
f 152 1158 162
f 152 162 1644
f 152 1532 1271
f 152 1644 1532
f 153 158 756
f 153 922 158
f 153 638 930
f 153 930 922
f 154 260 159
f 154 159 1670
f 154 1414 260
f 154 934 640
f 154 1670 934
f 155 751 170
f 155 170 1381
f 155 270 751
f 155 1435 277
f 155 1381 1435
f 156 165 1134
f 156 1645 165
f 156 857 1645
f 157 1385 174
f 157 174 1529
f 157 1708 1385
f 157 1529 1392
f 158 737 168
f 158 168 1273
f 158 922 737
f 158 1273 756
f 159 260 169
f 159 169 1670
f 160 181 1162
f 160 1404 181
f 160 1162 794
f 160 1254 1404
f 161 182 1334
f 161 1699 182
f 161 578 1699
f 161 1334 1255
f 162 1304 173
f 162 173 1321
f 162 1158 1419
f 162 1419 1304
f 162 1321 1644
f 163 177 1293
f 163 1609 177
f 163 769 1609
f 163 883 1253
f 163 1293 883
f 164 375 178
f 164 178 735
f 164 1564 375
f 164 735 1017
f 164 1017 1053
f 164 1053 1700
f 164 1209 1116
f 164 1116 1564
f 164 1700 1209
f 165 187 1463
f 165 1705 187
f 165 1714 1134
f 165 1463 1714
f 165 1645 1705
f 166 1048 1507
f 166 1686 1048
f 166 1082 1505
f 166 1602 1082
f 166 1507 1345
f 166 1345 1602
f 166 1505 1500
f 166 1500 1686
f 167 600 952
f 167 1506 600
f 167 1395 811
f 167 811 1506
f 167 812 1395
f 167 1508 812
f 167 952 1546
f 167 1546 1508
f 168 1178 171
f 168 171 1273
f 168 737 1178
f 169 172 736
f 169 1422 172
f 169 260 1422
f 169 736 1670
f 170 188 276
f 170 649 188
f 170 276 1381
f 170 751 649
f 171 319 175
f 171 175 1421
f 171 1182 319
f 171 1178 1182
f 171 1421 1273
f 172 176 321
f 172 1422 176
f 172 321 1424
f 172 1424 736
f 173 1304 190
f 173 190 1321
f 174 1442 189
f 174 189 1621
f 174 1385 1442
f 174 1621 1529
f 175 319 179
f 175 179 1069
f 175 1069 1421
f 176 180 321
f 176 1070 180
f 176 1422 1070
f 177 802 185
f 177 185 1737
f 177 621 802
f 177 1576 621
f 177 1737 1293
f 177 1609 1576
f 178 306 186
f 178 186 1340
f 178 1290 306
f 178 375 1290
f 178 1351 735
f 178 1340 1351
f 179 862 183
f 179 183 1069
f 179 319 927
f 179 927 862
f 180 1070 184
f 180 184 1673
f 180 1673 321
f 181 193 1509
f 181 1733 193
f 181 584 1162
f 181 1509 584
f 181 1404 1733
f 182 1444 194
f 182 194 1735
f 182 1735 1334
f 182 1699 1444
f 183 185 1069
f 183 1284 185
f 183 862 1284
f 184 1070 186
f 184 186 1283
f 184 1283 1151
f 184 1151 1673
f 185 802 1097
f 185 1097 1069
f 185 1284 1737
f 186 306 1283
f 186 1070 1340
f 187 196 1463
f 187 1651 196
f 187 673 1651
f 187 1705 673
f 188 1044 197
f 188 197 1046
f 188 1046 276
f 188 649 1044
f 189 601 195
f 189 195 1335
f 189 1442 601
f 189 1335 1621
f 190 198 1196
f 190 1582 198
f 190 1196 245
f 190 245 1321
f 190 1304 1582
f 191 1129 391
f 191 391 1345
f 191 1048 792
f 191 792 1234
f 191 1507 1048
f 191 1524 1129
f 191 1234 1524
f 191 1345 1507
f 192 447 1130
f 192 1546 447
f 192 716 812
f 192 1525 716
f 192 812 1508
f 192 1130 1525
f 192 1508 1546
f 193 1159 201
f 193 201 1693
f 193 1733 1159
f 193 1693 1509
f 194 202 950
f 194 1064 202
f 194 950 1735
f 194 1444 1064
f 195 1114 199
f 195 199 1679
f 195 601 1114
f 195 1679 1335
f 196 200 1194
f 196 1567 200
f 196 1194 712
f 196 712 1463
f 196 1651 1567
f 197 205 1383
f 197 1471 205
f 197 1044 1471
f 197 1383 1046
f 198 206 1196
f 198 1464 206
f 198 1713 1464
f 198 1582 1713
f 199 961 207
f 199 207 1536
f 199 1114 961
f 199 1536 1679
f 200 208 1057
f 200 1639 208
f 200 1057 1194
f 200 1567 1639
f 201 1231 209
f 201 209 1382
f 201 1159 1231
f 201 1382 1693
f 202 988 210
f 202 210 1320
f 202 981 950
f 202 1320 981
f 202 1094 988
f 202 1064 1094
f 203 1234 544
f 203 544 1513
f 203 1129 1524
f 203 1720 1129
f 203 1524 1234
f 203 1513 1308
f 203 1308 1720
f 204 795 1377
f 204 1514 795
f 204 1377 925
f 204 925 1525
f 204 1130 1242
f 204 1525 1130
f 204 1242 1514
f 205 213 1443
f 205 1631 213
f 205 1471 516
f 205 516 1631
f 205 1443 1383
f 206 874 214
f 206 214 1449
f 206 1464 874
f 206 1449 1196
f 207 211 1536
f 207 1579 211
f 207 961 1579
f 208 963 212
f 208 212 1057
f 208 1225 963
f 208 1639 1225
f 209 1294 215
f 209 215 1515
f 209 1231 1294
f 209 1684 1382
f 209 1515 1684
f 210 216 1362
f 210 1661 216
f 210 988 251
f 210 251 1661
f 210 1362 1320
f 211 971 1536
f 211 1633 971
f 211 1579 1633
f 212 963 1057
f 213 1526 1443
f 213 1631 1526
f 214 874 1527
f 214 1295 1143
f 214 1143 1449
f 214 1527 1295
f 215 1360 219
f 215 219 1504
f 215 1294 1406
f 215 1406 1360
f 215 1504 1727
f 215 1727 1515
f 216 220 1361
f 216 1681 220
f 216 1361 1362
f 216 1661 1681
f 217 807 1308
f 217 1430 807
f 217 1316 1224
f 217 1224 1728
f 217 1308 1513
f 217 1513 1316
f 217 1728 1430
f 218 547 795
f 218 984 547
f 218 795 1514
f 218 1242 808
f 218 808 1431
f 218 1431 984
f 218 1514 1242
f 219 1360 221
f 219 221 1680
f 219 1680 1504
f 220 222 1361
f 220 1681 222
f 221 273 225
f 221 225 1694
f 221 1360 273
f 221 910 1680
f 221 1694 910
f 222 226 329
f 222 834 226
f 222 329 1361
f 222 1681 834
f 223 1047 890
f 223 890 1518
f 223 1276 1047
f 223 1350 1276
f 223 1430 1324
f 223 1324 1688
f 223 1688 1350
f 223 1518 1430
f 224 808 1352
f 224 1431 808
f 224 944 984
f 224 1216 944
f 224 984 1431
f 224 1020 1277
f 224 1352 1020
f 224 1277 1216
f 225 1218 227
f 225 227 1682
f 225 273 1218
f 225 1682 1694
f 226 228 1219
f 226 1415 228
f 226 1219 329
f 226 834 1415
f 227 1218 1047
f 227 1047 1276
f 227 1276 1502
f 227 1502 1682
f 228 822 1327
f 228 1415 822
f 228 1305 1219
f 228 1277 1305
f 228 1327 1277
f 229 628 627
f 229 627 1257
f 230 515 511
f 230 511 816
f 230 514 515
f 230 816 514
f 231 517 1210
f 231 1394 517
f 232 327 598
f 232 1180 327
f 232 598 595
f 232 595 1372
f 232 1372 1180
f 233 291 617
f 233 1120 291
f 233 619 610
f 233 610 1510
f 233 617 619
f 233 1617 1120
f 233 1510 1617
f 234 618 293
f 234 293 1628
f 234 616 615
f 234 615 618
f 234 1399 616
f 234 1628 1399
f 235 294 991
f 235 1399 294
f 235 1081 614
f 235 614 1399
f 235 991 1081
f 236 596 717
f 236 766 596
f 236 717 1289
f 236 983 826
f 236 1289 983
f 237 284 1045
f 237 1676 284
f 237 297 1676
f 237 1045 1497
f 238 267 344
f 238 1271 267
f 239 687 271
f 239 271 1488
f 239 340 867
f 239 1488 340
f 239 867 687
f 240 320 1140
f 240 1298 320
f 240 952 600
f 240 600 1298
f 240 1147 952
f 240 1140 1147
f 241 301 820
f 241 1250 301
f 241 820 334
f 241 334 1615
f 241 1142 1250
f 241 1452 1142
f 241 1615 1452
f 242 692 750
f 242 911 692
f 242 750 1610
f 242 1610 1158
f 243 655 305
f 243 305 690
f 243 649 655
f 243 1207 649
f 243 690 753
f 243 753 1207
f 244 753 421
f 244 421 846
f 244 791 753
f 244 1199 791
f 244 846 1199
f 245 846 648
f 245 648 1321
f 245 1655 846
f 245 1196 1198
f 245 1198 1655
f 246 898 247
f 246 247 1078
f 246 900 898
f 246 1018 900
f 246 1073 1018
f 246 1078 1073
f 247 898 899
f 247 899 1671
f 247 1074 1638
f 247 1671 1074
f 247 1638 1078
f 248 949 372
f 248 372 1254
f 248 403 949
f 248 1456 403
f 249 633 1382
f 249 1566 633
f 249 1515 718
f 249 718 1566
f 249 1382 1684
f 249 1684 1515
f 250 603 252
f 250 252 1560
f 250 1566 603
f 250 635 1439
f 250 1560 635
f 250 1439 1566
f 251 1094 636
f 251 636 1166
f 251 1559 720
f 251 720 1661
f 251 988 1094
f 251 1166 1559
f 252 562 563
f 252 1058 562
f 252 563 1333
f 252 1333 566
f 252 566 1560
f 252 603 1058
f 253 1011 457
f 253 457 1476
f 253 912 743
f 253 743 1011
f 253 817 912
f 253 1119 817
f 254 277 1435
f 254 386 970
f 254 1435 386
f 254 947 912
f 254 912 969
f 254 970 947
f 255 963 976
f 255 1057 963
f 255 976 1649
f 255 982 1057
f 255 1649 982
f 256 1273 360
f 256 360 1294
f 256 1231 1159
f 256 1159 1309
f 256 1294 1231
f 256 1309 1273
f 257 651 397
f 257 397 1427
f 257 599 651
f 257 1079 599
f 257 1468 1079
f 258 453 1012
f 258 1477 453
f 258 1270 911
f 258 1012 1270
f 259 797 535
f 259 535 842
f 259 842 979
f 260 981 354
f 260 354 1422
f 260 371 950
f 260 1414 371
f 260 950 981
f 261 262 1189
f 261 1405 262
f 261 1189 1587
f 261 1376 1405
f 261 1587 1376
f 262 670 985
f 262 1405 670
f 262 985 1185
f 262 1185 1189
f 263 264 1188
f 263 1410 264
f 263 1186 985
f 263 985 1410
f 263 1188 1186
f 264 781 1371
f 264 1410 781
f 264 1310 1188
f 264 1371 1310
f 265 1227 266
f 265 266 1410
f 265 1410 985
f 265 985 1572
f 265 1004 1227
f 265 1572 1004
f 266 781 1410
f 266 1719 781
f 266 1227 1001
f 266 1001 1280
f 266 1280 1719
f 267 689 269
f 267 269 869
f 267 869 344
f 267 1271 689
f 268 270 339
f 268 420 270
f 268 339 340
f 268 340 1488
f 268 1488 420
f 269 582 272
f 269 272 869
f 269 419 648
f 269 689 419
f 269 647 582
f 269 648 647
f 270 697 339
f 270 420 751
f 271 305 655
f 271 702 305
f 271 655 420
f 271 420 1488
f 271 687 702
f 272 582 687
f 272 687 868
f 272 868 869
f 273 384 1069
f 273 1360 384
f 273 1069 1606
f 273 1606 1218
f 274 1084 403
f 274 403 1456
f 274 416 1084
f 274 1469 416
f 275 613 400
f 275 400 1385
f 275 1723 613
f 275 1708 669
f 275 669 1723
f 275 1385 1708
f 276 1046 613
f 276 613 1723
f 276 1306 1381
f 276 1723 1306
f 278 658 903
f 278 1244 658
f 278 903 1366
f 278 1049 1050
f 278 1650 1049
f 278 1050 1244
f 278 1366 1685
f 278 1685 1650
f 279 660 658
f 279 658 1244
f 279 901 660
f 279 1051 698
f 279 698 1629
f 279 1629 901
f 279 1244 1051
f 280 1246 282
f 280 282 1310
f 280 1465 632
f 280 1310 1465
f 281 843 749
f 281 749 1168
f 281 1188 843
f 281 1168 1187
f 281 1187 1186
f 281 1186 1188
f 282 748 283
f 282 283 843
f 282 1246 748
f 282 843 1310
f 283 748 1237
f 283 749 843
f 283 1348 749
f 283 1237 1348
f 284 328 1045
f 284 1191 328
f 284 1128 1239
f 284 1676 1128
f 284 1239 1191
f 285 294 290
f 285 290 897
f 285 991 294
f 285 897 892
f 286 317 1292
f 286 1293 317
f 286 1292 684
f 286 684 1584
f 286 884 883
f 286 883 1293
f 286 1584 884
f 287 288 291
f 287 894 288
f 287 291 1120
f 287 891 893
f 287 1120 891
f 287 893 894
f 288 289 292
f 288 895 289
f 288 292 291
f 288 894 895
f 289 293 292
f 289 1729 293
f 289 895 896
f 289 896 1729
f 290 294 1628
f 290 896 897
f 290 1729 896
f 290 1628 1729
f 291 292 617
f 292 293 618
f 292 618 617
f 293 1729 1628
f 294 1399 1628
f 295 328 1221
f 295 1229 328
f 295 484 1229
f 295 1522 484
f 295 1221 1230
f 295 1230 1522
f 296 985 670
f 296 670 1405
f 296 671 1003
f 296 1405 671
f 296 1572 985
f 296 1003 1572
f 297 1297 341
f 297 341 1676
f 297 1517 1297
f 298 898 1368
f 298 1554 898
f 298 959 1106
f 298 1266 959
f 298 1106 1538
f 298 1368 1266
f 298 1538 1554
f 299 304 300
f 299 300 754
f 299 1337 304
f 299 754 1423
f 299 1423 1337
f 300 304 980
f 300 1142 754
f 300 980 1250
f 300 1250 1142
f 301 980 327
f 301 327 1180
f 301 844 820
f 301 1180 844
f 301 1250 980
f 302 634 505
f 302 505 639
f 302 625 634
f 302 1666 625
f 302 639 1666
f 303 428 430
f 303 1616 428
f 303 430 820
f 303 844 810
f 303 810 1359
f 303 820 844
f 303 1359 1616
f 304 1126 597
f 304 597 1299
f 304 1299 598
f 304 598 1311
f 304 1311 980
f 304 1337 1126
f 305 421 690
f 305 702 421
f 306 1290 1283
f 307 318 317
f 307 317 1293
f 307 1284 318
f 307 1737 1284
f 307 1293 1737
f 308 920 316
f 308 316 1581
f 309 1024 342
f 309 1201 1024
f 310 314 1281
f 310 1283 314
f 310 623 1151
f 310 1154 623
f 310 1151 1283
f 310 1731 1154
f 310 1281 1731
f 311 1282 318
f 311 318 1284
f 311 1152 805
f 311 805 1282
f 311 862 1152
f 311 1284 862
f 312 627 1016
f 312 1257 627
f 312 908 764
f 312 764 1257
f 312 1016 908
f 313 1281 314
f 313 314 1283
f 313 592 579
f 313 579 1291
f 313 1290 592
f 313 1291 1281
f 313 1283 1290
f 315 1256 625
f 315 625 1666
f 315 639 1258
f 315 1666 639
f 315 801 907
f 315 1258 801
f 315 907 1256
f 316 920 407
f 316 407 1111
f 316 1132 422
f 316 422 1581
f 316 1111 1132
f 317 318 395
f 317 395 1292
f 318 1282 395
f 319 1555 927
f 319 1182 1555
f 320 341 1297
f 320 1675 341
f 320 1297 1140
f 320 1298 1675
f 321 1599 1424
f 321 1673 1599
f 322 514 608
f 322 773 514
f 322 608 1264
f 322 609 773
f 322 1264 609
f 323 442 1274
f 323 1556 442
f 323 1154 1153
f 323 1153 1618
f 323 1274 1154
f 323 1618 1556
f 324 1020 337
f 324 337 1351
f 324 350 1305
f 324 1340 350
f 324 1305 1020
f 324 1351 1340
f 325 1176 1174
f 325 1174 1314
f 325 1580 1176
f 325 1314 1195
f 325 1195 1580
f 326 410 472
f 326 683 410
f 326 472 1314
f 326 1174 683
f 326 1314 1174
f 327 1311 598
f 327 980 1311
f 328 1229 1045
f 328 1191 1221
f 329 350 1070
f 329 1219 350
f 329 1070 385
f 329 385 1361
f 330 813 595
f 330 595 1323
f 330 819 813
f 330 1300 819
f 330 1725 1300
f 330 1323 1725
f 331 754 711
f 331 711 793
f 332 1656 428
f 332 1687 1656
f 333 352 711
f 333 1452 352
f 333 711 754
f 333 754 1142
f 333 1142 1452
f 334 335 356
f 334 820 335
f 334 356 355
f 334 355 1615
f 335 820 430
f 335 430 1656
f 336 340 339
f 336 339 1648
f 336 346 340
f 336 832 346
f 336 831 832
f 336 1648 831
f 337 735 1351
f 337 1478 735
f 337 1352 808
f 337 808 1478
f 337 1020 1352
f 338 487 344
f 338 344 869
f 338 485 1533
f 338 1612 485
f 338 1533 487
f 338 869 868
f 338 868 1612
f 339 697 1648
f 340 346 867
f 341 1675 814
f 341 814 1676
f 342 1024 1067
f 343 867 346
f 343 346 1370
f 343 486 1103
f 343 1370 486
f 343 868 867
f 343 1612 868
f 343 1103 1612
f 344 487 1220
f 345 433 752
f 345 1704 433
f 345 752 1266
f 345 1266 806
f 345 806 1704
f 346 832 1370
f 347 1002 671
f 347 671 1405
f 347 1692 1002
f 347 1405 1376
f 347 1516 1692
f 348 1085 504
f 348 504 1724
f 348 706 1458
f 348 1718 706
f 348 1458 1085
f 348 1388 1718
f 348 1724 1388
f 349 1235 804
f 349 804 1659
f 349 975 1235
f 349 1375 975
f 349 1211 1141
f 349 1141 1375
f 349 1659 1211
f 350 1340 1070
f 350 1219 1305
f 351 362 361
f 351 361 1608
f 351 1014 362
f 351 711 996
f 351 1379 711
f 351 996 1014
f 351 1608 1379
f 352 355 550
f 352 1452 355
f 352 550 1014
f 352 996 711
f 352 1014 996
f 353 356 1479
f 353 1535 356
f 353 686 550
f 353 550 1535
f 353 995 686
f 353 746 995
f 353 1479 746
f 354 1362 364
f 354 364 1422
f 354 981 1362
f 355 356 1535
f 355 1535 550
f 355 1452 1615
f 357 1325 746
f 357 746 1479
f 357 1625 1325
f 357 1380 1625
f 357 1687 1380
f 358 889 551
f 358 551 1291
f 358 886 889
f 358 1291 886
f 359 1625 422
f 359 422 1672
f 359 1148 1262
f 359 1672 1148
f 359 1262 1736
f 359 1325 1625
f 359 1736 1325
f 360 384 1360
f 360 1421 384
f 360 1273 1421
f 360 1406 1294
f 360 1360 1406
f 361 362 958
f 361 958 602
f 361 602 1217
f 361 1217 1172
f 361 1172 1608
f 362 363 958
f 362 1135 363
f 362 1014 1534
f 362 1534 1135
f 363 1174 958
f 363 1118 1174
f 363 1353 1118
f 363 1135 1353
f 364 1361 385
f 364 385 1422
f 364 1362 1361
f 365 1331 824
f 365 824 1571
f 365 995 1331
f 365 1450 995
f 365 1118 1353
f 365 1571 1118
f 365 1353 1135
f 365 1135 1450
f 366 408 1459
f 366 1460 408
f 366 1434 415
f 366 415 1448
f 366 1448 1408
f 366 1408 1460
f 366 1409 1434
f 366 1459 1409
f 367 412 411
f 367 411 1175
f 367 1523 412
f 367 824 821
f 367 821 1262
f 367 1175 824
f 367 1262 1695
f 367 1695 1523
f 368 369 723
f 368 1447 369
f 368 723 1553
f 368 1480 1447
f 368 1553 1480
f 369 512 723
f 369 1303 512
f 369 604 1303
f 369 1447 604
f 370 1404 372
f 370 372 1413
f 370 1413 1309
f 370 1309 1733
f 370 1733 1404
f 371 373 1334
f 371 1414 373
f 371 1735 950
f 371 1334 1735
f 372 949 1396
f 372 1404 1254
f 372 1396 1413
f 373 740 552
f 373 552 1255
f 373 1397 740
f 373 1255 1334
f 373 1414 1397
f 374 705 695
f 374 695 1689
f 374 707 705
f 374 1279 707
f 374 878 879
f 374 1689 878
f 374 879 1279
f 375 592 1290
f 375 1564 592
f 376 377 708
f 376 880 377
f 376 708 707
f 376 707 1279
f 376 882 880
f 376 881 882
f 376 1279 881
f 377 709 708
f 377 1551 709
f 377 880 1551
f 378 710 1551
f 378 1641 710
f 378 1160 877
f 378 877 1634
f 378 1551 1160
f 378 1634 1641
f 379 408 921
f 379 1110 408
f 379 719 1131
f 379 1492 719
f 379 921 1492
f 379 1131 1110
f 380 383 520
f 380 1563 383
f 380 520 1092
f 380 847 1112
f 380 1537 847
f 380 1092 1489
f 380 1112 1563
f 380 1489 1537
f 381 519 847
f 381 1249 519
f 381 809 1249
f 381 1717 809
f 381 847 1125
f 381 1125 1711
f 381 1711 1296
f 381 1296 1717
f 382 593 1288
f 382 1432 593
f 382 650 1349
f 382 1614 650
f 382 1288 1614
f 382 1349 1432
f 383 521 520
f 383 1565 521
f 383 1563 916
f 383 916 1565
f 384 1421 1069
f 385 1070 1422
f 386 669 1436
f 386 1723 669
f 386 1436 970
f 386 1381 1306
f 386 1306 1723
f 386 1435 1381
f 387 1356 398
f 387 398 1426
f 387 1107 406
f 387 406 1364
f 387 1426 1107
f 387 1364 1356
f 388 397 1357
f 388 1427 397
f 388 509 1108
f 388 1365 509
f 388 1108 1427
f 388 1357 1365
f 389 872 871
f 389 871 1203
f 389 1204 872
f 389 1203 1204
f 390 1082 744
f 390 744 1251
f 390 953 1117
f 390 1251 953
f 390 1328 1082
f 390 1117 1245
f 390 1245 1328
f 391 744 1345
f 391 1662 744
f 391 1129 1034
f 391 1034 1662
f 392 568 1021
f 392 1621 568
f 392 1192 854
f 392 854 1392
f 392 986 1192
f 392 1416 986
f 392 1021 1416
f 392 1392 1529
f 392 1529 1621
f 393 678 680
f 393 986 678
f 393 680 1490
f 393 1083 986
f 393 1490 1083
f 394 571 1134
f 394 1610 571
f 394 1134 622
f 394 622 1304
f 394 1419 1158
f 394 1158 1610
f 394 1304 1419
f 395 1282 1292
f 396 399 1092
f 396 1272 399
f 396 1092 1238
f 396 1400 1272
f 397 651 1357
f 398 968 427
f 398 427 1455
f 398 1367 968
f 398 1356 1367
f 398 1455 1426
f 399 665 401
f 399 401 1489
f 399 767 665
f 399 1272 767
f 399 1489 1092
f 400 413 1442
f 400 1443 413
f 400 613 1383
f 400 1383 1443
f 400 1442 1385
f 401 405 1125
f 401 1597 405
f 401 665 768
f 401 768 1597
f 401 1125 1537
f 401 1537 1489
f 402 1296 405
f 402 405 1390
f 402 539 1193
f 402 1390 539
f 402 654 1296
f 403 1457 949
f 403 1084 1457
f 404 1401 407
f 404 407 1461
f 404 476 1086
f 404 1461 476
f 404 1086 1401
f 405 1711 1125
f 405 1296 1711
f 405 1597 1390
f 406 1107 1355
f 406 1355 1268
f 406 1268 1715
f 406 1715 1364
f 407 920 1461
f 407 1401 1111
f 408 1460 921
f 408 1110 1459
f 409 1463 712
f 409 712 1472
f 409 1714 1463
f 409 1472 1464
f 409 1464 1713
f 409 1713 1714
f 410 473 472
f 410 474 473
f 410 683 474
f 411 412 850
f 411 474 683
f 411 850 474
f 411 683 1175
f 412 465 850
f 412 1341 465
f 412 1523 1341
f 413 1114 601
f 413 601 1442
f 413 977 1114
f 413 1526 977
f 413 1443 1526
f 414 427 945
f 414 1433 427
f 414 457 1433
f 414 1466 457
f 414 945 1466
f 415 1084 416
f 415 416 1469
f 415 1411 1084
f 415 1434 1411
f 415 1469 1448
f 417 453 1467
f 417 1468 453
f 417 946 599
f 417 599 1079
f 417 1467 946
f 417 1079 1468
f 418 990 578
f 418 672 990
f 419 1321 648
f 419 689 1532
f 419 1644 1321
f 419 1532 1644
f 420 655 649
f 420 649 751
f 421 582 647
f 421 687 582
f 421 647 846
f 421 702 687
f 421 753 690
f 422 1132 965
f 422 965 1672
f 422 1380 1581
f 422 1625 1380
f 423 435 434
f 423 434 1391
f 423 1598 435
f 423 531 1598
f 423 1691 531
f 423 1391 1677
f 423 1677 1691
f 424 436 858
f 424 1578 436
f 424 685 533
f 424 533 1622
f 424 863 685
f 424 858 863
f 424 1622 1578
f 425 535 426
f 425 426 864
f 425 534 535
f 425 1578 534
f 425 864 1330
f 425 1330 1578
f 426 535 1387
f 426 1635 864
f 427 968 945
f 428 1656 430
f 429 849 445
f 429 445 866
f 429 446 833
f 429 866 446
f 429 833 849
f 431 432 717
f 431 1089 432
f 431 717 994
f 431 854 1089
f 431 1627 854
f 431 994 1417
f 431 1417 1643
f 431 1643 1627
f 432 855 433
f 432 433 1704
f 432 1704 717
f 432 1192 855
f 432 1089 1192
f 433 860 752
f 433 855 860
f 434 435 458
f 434 458 1113
f 434 1113 1445
f 434 1683 1391
f 434 1445 1683
f 435 1091 458
f 435 863 858
f 435 858 1091
f 435 1598 863
f 436 460 459
f 436 459 858
f 436 1330 460
f 436 1578 1330
f 437 1595 553
f 438 835 1694
f 438 1702 835
f 438 1502 938
f 438 938 1702
f 438 1682 1502
f 438 1694 1682
f 439 837 836
f 439 836 1702
f 439 848 837
f 439 940 848
f 439 939 940
f 439 1702 939
f 440 822 838
f 440 943 822
f 440 838 1501
f 440 848 942
f 440 1501 848
f 440 942 943
f 441 572 1302
f 441 1424 572
f 441 741 736
f 441 736 1424
f 441 742 741
f 441 1302 742
f 442 572 1274
f 442 1302 572
f 442 1265 745
f 442 745 1302
f 442 1184 1265
f 442 1556 1184
f 443 728 642
f 443 642 1313
f 443 1647 728
f 443 1588 788
f 443 788 1647
f 443 1313 828
f 443 828 1588
f 444 446 674
f 444 1026 446
f 444 674 1354
f 444 1025 1026
f 444 1354 1025
f 445 729 788
f 445 849 729
f 445 788 865
f 445 865 1462
f 445 1462 866
f 446 1315 674
f 446 1026 833
f 446 866 1315
f 447 1546 952
f 447 952 1663
f 447 1035 1130
f 447 1663 1035
f 448 1291 551
f 448 551 1292
f 448 1155 1281
f 448 1282 1155
f 448 1281 1291
f 448 1292 1282
f 449 682 1245
f 449 1726 682
f 449 803 1432
f 449 1722 803
f 449 1432 1088
f 449 1088 1726
f 449 1245 1722
f 450 458 452
f 450 452 483
f 450 1113 458
f 450 483 832
f 450 832 831
f 450 831 1307
f 450 1674 1113
f 450 1307 1674
f 451 767 482
f 451 482 1312
f 451 1312 762
f 451 762 1512
f 451 768 767
f 451 1512 768
f 452 458 1252
f 452 1734 483
f 452 1252 1734
f 453 1438 1012
f 453 1468 1438
f 453 1477 1467
f 454 459 460
f 454 1252 459
f 454 485 486
f 454 486 1734
f 454 1734 1252
f 455 462 1451
f 455 1589 462
f 455 1499 487
f 455 487 1533
f 455 1451 1499
f 456 504 1085
f 456 1470 504
f 456 679 652
f 456 652 1470
f 456 1412 679
f 456 1085 1412
f 457 1011 1437
f 457 1437 1433
f 457 1466 1476
f 458 1091 1425
f 458 1425 1252
f 459 1091 858
f 459 1425 1091
f 459 1252 1425
f 460 1330 1589
f 461 549 1483
f 461 1530 549
f 461 594 989
f 461 1483 594
f 461 989 1530
f 462 1589 864
f 462 864 1697
f 462 1697 1451
f 463 1146 798
f 463 798 1667
f 463 992 1032
f 463 1701 992
f 463 1032 1037
f 463 1037 1146
f 463 1667 1701
f 464 956 590
f 464 590 1269
f 465 469 850
f 465 897 469
f 465 892 897
f 466 472 467
f 466 467 894
f 466 471 472
f 466 1665 471
f 466 893 891
f 466 891 1665
f 466 894 893
f 467 473 468
f 467 468 895
f 467 472 473
f 467 895 894
f 468 474 469
f 468 469 896
f 468 473 474
f 468 896 895
f 469 474 850
f 469 897 896
f 470 693 489
f 470 489 1475
f 470 1474 693
f 470 764 908
f 470 1475 764
f 470 908 1474
f 471 1314 472
f 471 1195 1314
f 475 546 924
f 475 1611 546
f 475 653 928
f 475 1226 653
f 475 928 845
f 475 845 1611
f 475 924 1226
f 476 503 1127
f 476 679 1086
f 476 1127 679
f 477 620 925
f 477 928 620
f 477 701 845
f 477 1487 701
f 477 1377 795
f 477 795 1487
f 477 845 928
f 477 925 1377
f 478 479 1170
f 478 1317 479
f 478 792 1048
f 478 1234 792
f 478 1048 1317
f 478 1170 1234
f 479 715 480
f 479 480 1226
f 479 1317 715
f 479 924 1170
f 479 1226 924
f 480 1318 481
f 480 481 1358
f 480 653 1226
f 480 1358 653
f 480 715 1318
f 481 620 928
f 481 1640 620
f 481 928 1358
f 481 1318 1215
f 481 1215 1640
f 482 760 1312
f 482 1338 760
f 482 767 1338
f 483 1370 832
f 483 1734 1370
f 484 1522 800
f 484 1521 1229
f 485 1103 486
f 485 1612 1103
f 486 1370 1734
f 487 1511 1220
f 487 1499 1511
f 488 1032 992
f 488 992 1701
f 489 693 1712
f 489 1712 1036
f 490 691 1038
f 490 1146 691
f 490 799 798
f 490 798 1146
f 490 1222 799
f 490 1038 1222
f 491 536 524
f 491 524 1261
f 491 529 536
f 491 1630 529
f 491 1261 1630
f 492 526 493
f 492 493 1646
f 492 525 526
f 492 1630 525
f 492 530 1630
f 492 1646 530
f 493 526 1652
f 493 1446 1646
f 493 1652 1446
f 494 496 497
f 494 859 496
f 494 497 1144
f 494 715 859
f 494 1318 715
f 494 1144 1318
f 495 496 859
f 495 1565 496
f 495 1491 521
f 495 521 1565
f 495 859 564
f 495 564 1500
f 495 1500 1491
f 496 916 497
f 496 1565 916
f 497 498 1144
f 497 1493 498
f 497 916 641
f 497 641 1493
f 498 518 1420
f 498 1486 518
f 498 825 1144
f 498 1420 825
f 498 1493 1486
f 499 500 584
f 499 633 500
f 499 584 1509
f 499 1382 633
f 499 1693 1382
f 499 1509 1693
f 500 501 580
f 500 635 501
f 500 580 1473
f 500 1473 584
f 500 633 1439
f 500 1439 635
f 501 502 580
f 501 635 502
f 502 581 580
f 502 1065 581
f 502 635 1093
f 502 637 1065
f 502 1093 637
f 503 652 1127
f 503 1470 652
f 504 1470 1319
f 504 1319 1724
f 505 634 643
f 505 643 638
f 505 1206 639
f 506 507 645
f 506 1263 507
f 506 556 625
f 506 1402 556
f 506 625 626
f 506 626 1263
f 506 645 644
f 506 644 1402
f 507 627 508
f 507 508 646
f 507 1263 627
f 507 646 645
f 508 627 628
f 508 628 1583
f 508 1583 646
f 509 1607 1108
f 509 1269 1607
f 510 870 871
f 510 1029 870
f 510 871 1030
f 510 1027 1029
f 510 1030 1027
f 511 515 1596
f 511 772 1210
f 511 1210 816
f 512 513 819
f 512 1303 513
f 512 818 723
f 512 1300 818
f 512 819 1300
f 513 608 514
f 513 514 1668
f 513 1303 608
f 513 1668 819
f 514 773 515
f 514 816 815
f 514 815 1668
f 515 773 609
f 515 609 1596
f 516 624 1161
f 516 1471 624
f 516 1161 1631
f 517 810 1180
f 517 1394 810
f 517 823 1210
f 517 1372 823
f 517 1180 1372
f 518 811 1420
f 518 1249 1096
f 518 1486 1249
f 519 1112 847
f 519 1493 1112
f 519 1249 1486
f 519 1486 1493
f 520 521 1150
f 520 1238 1092
f 521 1491 1150
f 522 573 569
f 522 569 673
f 522 1732 573
f 522 673 1705
f 522 1645 857
f 522 857 1732
f 522 1705 1645
f 523 549 913
f 523 1586 549
f 523 913 918
f 523 918 1522
f 523 1522 1230
f 523 1230 1594
f 523 1594 1586
f 524 536 1690
f 524 1028 1029
f 524 1690 1028
f 524 1029 1261
f 525 1030 526
f 525 1027 1030
f 525 1261 1027
f 525 1630 1261
f 526 1030 1389
f 526 1389 1652
f 527 528 656
f 527 1652 528
f 527 656 1696
f 527 979 842
f 527 842 1446
f 527 1696 979
f 527 1446 1652
f 528 873 656
f 528 872 873
f 528 1389 872
f 528 1652 1389
f 529 530 532
f 529 1630 530
f 529 532 1730
f 529 1730 536
f 530 533 532
f 530 1646 533
f 531 1691 536
f 531 536 1730
f 531 1730 1598
f 532 533 685
f 532 685 863
f 532 863 1598
f 532 1598 1730
f 533 534 1622
f 533 1646 534
f 534 1446 535
f 534 1646 1446
f 534 1578 1622
f 535 797 1387
f 535 1446 842
f 537 758 760
f 537 1531 758
f 537 760 1338
f 537 1338 765
f 537 765 1531
f 538 768 1512
f 538 1597 768
f 538 1275 1183
f 538 1183 1390
f 538 1512 1275
f 538 1390 1597
f 539 1275 759
f 539 759 1278
f 539 1183 1275
f 539 1390 1183
f 540 541 650
f 540 917 541
f 540 650 1614
f 540 1544 917
f 540 1614 1248
f 541 917 548
f 541 548 1585
f 541 1593 650
f 541 1585 1593
f 542 543 880
f 542 1078 543
f 542 880 882
f 542 882 1077
f 542 1077 1073
f 542 1073 1078
f 543 1551 880
f 543 1078 1638
f 543 1160 1551
f 543 1638 1160
f 544 924 545
f 544 545 1316
f 544 1170 924
f 544 1234 1170
f 544 1316 1513
f 545 924 1539
f 545 1040 1224
f 545 1539 1040
f 545 1224 1316
f 546 1539 924
f 546 1015 1339
f 546 1611 1015
f 546 1339 1562
f 546 1562 1539
f 547 1487 795
f 547 1115 827
f 547 827 1487
f 547 984 1115
f 548 574 575
f 548 917 574
f 548 575 1156
f 548 1156 960
f 548 960 1393
f 548 1393 1585
f 549 1530 913
f 549 1586 1483
f 550 686 1534
f 550 1534 1014
f 551 889 684
f 551 684 1292
f 552 740 706
f 552 706 1718
f 552 1718 1481
f 553 560 662
f 553 786 560
f 553 662 1145
f 553 1595 786
f 554 557 657
f 554 1482 557
f 554 657 903
f 554 903 1716
f 554 1716 1482
f 555 559 558
f 555 558 659
f 555 661 559
f 555 659 658
f 555 658 660
f 555 660 661
f 556 634 625
f 556 1402 634
f 557 782 1322
f 557 1558 782
f 557 1482 1558
f 558 559 784
f 558 1482 659
f 558 784 783
f 558 783 1558
f 558 1558 1482
f 559 661 1557
f 559 785 784
f 559 1557 785
f 560 1557 662
f 560 786 1557
f 561 1058 603
f 561 603 1654
f 561 721 914
f 561 1654 721
f 561 914 1658
f 561 1658 1058
f 562 840 563
f 562 839 840
f 562 1658 839
f 562 1058 1658
f 563 840 841
f 563 841 1657
f 563 1657 1333
f 564 859 1317
f 564 1317 1048
f 564 1048 1686
f 564 1686 1500
f 565 1152 927
f 565 927 1555
f 565 1556 1152
f 565 1555 1190
f 565 1190 1556
f 566 1166 637
f 566 637 1560
f 566 1559 1166
f 566 1333 1559
f 567 853 569
f 567 569 1490
f 567 680 951
f 567 1490 680
f 567 1136 853
f 567 951 1659
f 567 1659 1136
f 568 851 1021
f 568 1335 851
f 568 1621 1335
f 569 573 1490
f 569 853 673
f 570 591 1577
f 570 1609 591
f 570 621 1576
f 570 1604 621
f 570 1577 890
f 570 890 1604
f 570 1576 1609
f 571 1610 750
f 572 1418 1274
f 572 1599 1418
f 572 1424 1599
f 573 856 1233
f 573 1732 856
f 573 1233 1490
f 575 576 1156
f 575 1706 576
f 575 1591 681
f 575 681 1706
f 576 960 1156
f 576 1326 960
f 576 1043 1326
f 576 1453 1043
f 576 1706 1453
f 577 1181 964
f 577 964 1347
f 577 1347 977
f 577 977 1526
f 577 1561 1181
f 577 1526 1561
f 578 588 583
f 578 583 1699
f 578 990 588
f 579 592 885
f 579 885 886
f 579 886 1291
f 580 581 1707
f 580 585 1165
f 580 1707 585
f 580 1165 1473
f 581 587 586
f 581 586 1707
f 581 1104 587
f 581 1065 1104
f 583 588 1104
f 583 1332 1064
f 583 1064 1444
f 583 1104 1332
f 583 1444 1699
f 584 1165 1162
f 584 1473 1165
f 585 586 779
f 585 1707 586
f 585 700 777
f 585 779 700
f 585 777 1165
f 586 587 779
f 587 588 990
f 587 1104 588
f 587 780 779
f 587 990 780
f 589 1097 621
f 589 621 1604
f 589 1047 1218
f 589 1604 1047
f 589 1606 1097
f 589 1218 1606
f 590 594 1068
f 590 1605 594
f 590 956 1605
f 590 1068 1607
f 590 1607 1269
f 591 769 915
f 591 1609 769
f 591 915 1577
f 592 1564 885
f 593 1432 803
f 593 1496 1288
f 594 696 1068
f 594 1483 696
f 594 1605 989
f 595 598 1323
f 595 813 1336
f 595 1336 1372
f 596 994 717
f 596 766 993
f 597 1440 1095
f 597 1095 1725
f 597 1126 1440
f 597 1725 1299
f 598 1299 1725
f 598 1725 1323
f 599 946 651
f 600 1506 1298
f 602 958 931
f 602 931 1169
f 602 1169 1217
f 603 1566 1654
f 604 700 605
f 604 605 1287
f 604 777 700
f 604 1447 770
f 604 770 1709
f 604 1709 777
f 604 1287 1303
f 605 606 608
f 605 775 606
f 605 608 1287
f 605 700 779
f 605 780 775
f 605 779 780
f 606 1264 608
f 606 775 1264
f 607 1239 814
f 607 814 1675
f 607 1298 1543
f 607 1675 1298
f 608 1303 1287
f 609 1264 771
f 609 771 1698
f 609 1698 1596
f 610 619 1032
f 611 676 1549
f 611 1662 676
f 611 1251 744
f 611 744 1662
f 611 953 1251
f 611 1549 953
f 612 1550 677
f 612 677 1663
f 612 952 1147
f 612 1663 952
f 612 1147 1550
f 613 1046 1383
f 614 1036 1039
f 614 1428 1036
f 614 1039 1399
f 614 1081 1428
f 615 616 1038
f 615 1164 618
f 615 691 1037
f 615 1038 691
f 615 1037 1164
f 616 1033 1038
f 616 1039 1033
f 616 1399 1039
f 617 618 1164
f 617 1164 619
f 619 1037 1032
f 619 1164 1037
f 620 716 925
f 620 1640 716
f 621 1097 802
f 622 1134 1714
f 622 1582 1304
f 622 1713 1582
f 622 1714 1713
f 623 629 1151
f 623 1418 629
f 623 1154 1418
f 624 1223 796
f 624 796 1374
f 624 1044 1208
f 624 1471 1044
f 624 1374 1161
f 624 1208 1223
f 625 1031 626
f 625 1256 1031
f 626 1031 906
f 626 906 1263
f 627 1263 1016
f 629 1673 1151
f 629 1418 1599
f 629 1599 1673
f 630 909 799
f 630 799 1474
f 630 906 909
f 630 1016 906
f 630 908 1016
f 630 1474 908
f 631 632 1465
f 631 1497 632
f 633 1566 1439
f 634 1402 643
f 635 1560 1093
f 636 637 1166
f 636 1332 637
f 636 1094 1064
f 636 1064 1332
f 637 1332 1065
f 637 1093 1560
f 638 643 930
f 639 1206 1258
f 640 934 646
f 640 646 1583
f 641 916 1112
f 641 1112 1493
f 642 1600 1313
f 643 948 930
f 643 1402 948
f 644 645 932
f 644 932 919
f 644 919 1402
f 645 646 934
f 645 933 932
f 645 934 933
f 647 648 846
f 649 1207 1044
f 652 679 1127
f 653 1358 928
f 654 699 809
f 654 1620 699
f 654 809 1717
f 654 1717 1296
f 656 873 1247
f 657 1366 903
f 658 659 1716
f 658 1716 903
f 659 1482 1716
f 660 904 661
f 660 901 904
f 661 904 662
f 661 662 1557
f 662 904 905
f 662 905 1145
f 663 915 769
f 663 769 1034
f 663 1308 915
f 663 1034 1129
f 663 1129 1720
f 663 1720 1308
f 664 1053 861
f 664 861 1242
f 664 1035 1053
f 664 1130 1035
f 664 1242 1130
f 665 767 768
f 666 667 668
f 666 730 667
f 666 668 875
f 666 1122 730
f 666 875 1441
f 666 1528 1122
f 666 1441 1528
f 667 1236 668
f 667 730 731
f 667 731 1236
f 668 1202 875
f 668 1022 1202
f 668 1236 1022
f 669 1708 1436
f 671 1002 1003
f 672 771 990
f 672 1698 771
f 673 853 1651
f 674 1139 1121
f 674 1121 1354
f 674 1653 1139
f 674 1315 1237
f 674 1237 1653
f 675 757 964
f 675 1660 757
f 675 964 1181
f 675 1066 978
f 675 978 1660
f 675 1548 1066
f 675 1181 1548
f 676 1034 769
f 676 769 1549
f 676 1662 1034
f 677 1053 1035
f 677 1035 1663
f 677 1700 1053
f 677 1550 1700
f 678 951 680
f 678 957 951
f 678 1021 957
f 678 986 1416
f 678 1416 1021
f 682 1328 1245
f 682 1726 1542
f 683 1174 1403
f 683 1403 1175
f 684 889 1584
f 686 995 1450
f 686 1450 1135
f 686 1135 1534
f 687 867 868
f 688 982 1060
f 688 1061 982
f 688 1060 1295
f 688 1295 1061
f 689 1271 1532
f 691 1146 1037
f 692 911 1270
f 693 1038 1033
f 693 1033 1712
f 693 1222 1038
f 693 1474 1222
f 694 704 710
f 694 902 704
f 694 710 1642
f 694 1570 902
f 695 705 1049
f 695 1049 1454
f 698 709 703
f 698 703 1629
f 698 708 709
f 698 1051 708
f 701 1487 827
f 701 827 1611
f 701 1611 845
f 703 710 704
f 703 704 901
f 703 709 710
f 703 901 1629
f 704 902 901
f 705 707 1050
f 705 1050 1049
f 706 740 1109
f 707 708 1051
f 707 1051 1050
f 709 1551 710
f 710 1641 1642
f 711 1379 793
f 712 1194 1061
f 712 1061 1472
f 713 1056 714
f 713 714 1101
f 713 1007 761
f 713 761 1056
f 713 1101 1007
f 714 1056 1008
f 714 1008 1232
f 714 1232 1101
f 715 1317 859
f 716 1495 812
f 716 1525 925
f 716 1215 1495
f 716 1640 1215
f 717 1704 1289
f 718 1504 721
f 718 721 1654
f 718 1727 1504
f 718 1515 1727
f 718 1654 1566
f 719 1241 1131
f 719 1177 1172
f 719 1172 1241
f 719 1492 1177
f 720 1559 1333
f 720 1333 1657
f 720 1657 1681
f 720 1681 1661
f 721 910 914
f 721 1680 910
f 721 1504 1680
f 722 876 1052
f 723 818 1149
f 723 1149 1398
f 723 1398 1553
f 724 1369 728
f 724 728 1647
f 724 731 730
f 724 730 1369
f 724 1301 731
f 724 1647 1301
f 725 726 733
f 725 849 726
f 725 729 849
f 725 1301 729
f 725 733 732
f 725 732 1301
f 726 727 733
f 726 1026 727
f 726 849 1026
f 727 1552 733
f 727 1259 734
f 727 734 1552
f 727 1026 1259
f 728 1369 1260
f 729 1647 788
f 729 1301 1647
f 730 1122 1369
f 731 732 1236
f 731 1301 732
f 732 733 1285
f 732 1285 1236
f 733 1503 1285
f 733 1552 1503
f 734 1067 955
f 734 955 1552
f 735 1478 1017
f 736 741 1670
f 737 922 738
f 737 738 1179
f 737 1179 1178
f 738 926 739
f 738 739 1179
f 738 922 926
f 739 935 745
f 739 745 1265
f 739 919 935
f 739 1213 919
f 739 926 1213
f 739 1265 1179
f 740 1397 1109
f 741 742 923
f 741 923 933
f 741 933 929
f 741 929 1670
f 742 745 935
f 742 1302 745
f 742 935 923
f 743 912 947
f 744 1082 1602
f 744 1602 1345
f 746 1331 995
f 746 1325 1736
f 746 1736 1331
f 747 830 828
f 747 828 1313
f 747 1167 830
f 747 972 1167
f 747 1313 972
f 748 1139 1653
f 748 1678 1139
f 748 1653 1237
f 748 1246 1678
f 749 1386 1168
f 749 1348 1624
f 749 1624 1386
f 752 860 1124
f 752 1124 959
f 752 959 1266
f 753 791 1042
f 753 1042 1208
f 753 1208 1207
f 755 964 757
f 755 757 967
f 755 966 964
f 755 1344 966
f 755 967 1384
f 755 1384 1344
f 756 1273 1309
f 756 1309 1413
f 757 1059 967
f 757 1660 1059
f 758 782 760
f 759 786 1595
f 759 1623 786
f 759 1275 1703
f 759 1703 1623
f 760 782 783
f 760 783 1312
f 761 1007 1240
f 761 1055 1056
f 761 1378 1055
f 761 1240 1378
f 762 785 763
f 762 763 1512
f 762 784 785
f 762 1541 784
f 762 1312 1541
f 763 785 1623
f 763 1275 1512
f 763 1703 1275
f 763 1623 1703
f 765 1338 1272
f 765 1272 1400
f 766 1071 993
f 767 1272 1338
f 770 794 776
f 770 776 1709
f 770 1447 1480
f 771 775 990
f 771 1264 775
f 774 1200 960
f 774 960 1326
f 774 1326 1043
f 774 1043 1355
f 774 1355 1087
f 775 780 990
f 776 1165 777
f 776 777 1709
f 776 794 1162
f 776 1162 1165
f 778 975 962
f 778 962 1099
f 778 1235 975
f 778 976 1235
f 778 1649 976
f 778 1099 1649
f 781 1719 1371
f 782 1558 783
f 783 784 1541
f 783 1541 1312
f 785 1557 1623
f 786 1623 1557
f 787 1062 1080
f 787 1143 1062
f 787 1080 1198
f 787 1449 1143
f 787 1198 1196
f 787 1196 1449
f 788 829 865
f 788 1588 829
f 789 1042 791
f 789 791 1080
f 789 796 1042
f 789 1066 796
f 789 1063 978
f 789 978 1066
f 789 1080 1063
f 790 1054 1157
f 790 1253 1054
f 791 1199 1080
f 796 1223 1042
f 796 1066 1374
f 798 799 909
f 798 909 907
f 798 907 1667
f 799 1222 1474
f 800 1522 918
f 800 918 1545
f 801 1667 907
f 801 1258 1243
f 801 1243 1701
f 801 1701 1667
f 803 1721 1516
f 803 1722 1721
f 804 976 1133
f 804 1235 976
f 804 1133 1136
f 804 1136 1659
f 805 1152 1618
f 805 1153 1155
f 805 1618 1153
f 805 1155 1282
f 806 900 826
f 806 826 983
f 806 1368 900
f 806 983 1289
f 806 1266 1368
f 806 1289 1704
f 807 915 1308
f 807 1577 915
f 807 1430 1518
f 807 1518 1577
f 808 1242 861
f 808 861 1478
f 809 1096 1249
f 810 844 1180
f 810 1394 1359
f 811 1395 825
f 811 825 1420
f 812 825 1395
f 812 1495 825
f 813 815 1336
f 813 1668 815
f 813 819 1668
f 814 1239 1128
f 814 1128 1676
f 815 816 823
f 815 823 1336
f 816 1210 823
f 817 969 912
f 818 1725 1149
f 818 1300 1725
f 821 824 1331
f 821 1736 1262
f 821 1331 1736
f 822 1415 838
f 822 943 1327
f 823 1372 1336
f 824 1175 1571
f 825 1215 1144
f 825 1495 1215
f 826 900 1018
f 826 1018 1072
f 827 1100 1015
f 827 1015 1611
f 827 1115 1100
f 828 830 829
f 828 829 1588
f 829 830 865
f 830 1386 865
f 830 1167 1168
f 830 1168 1386
f 833 1026 849
f 834 841 838
f 834 838 1415
f 834 1681 841
f 835 836 914
f 835 1702 836
f 835 914 910
f 835 910 1694
f 836 837 839
f 836 839 914
f 837 840 839
f 837 1501 840
f 837 848 1501
f 838 841 1501
f 839 1658 914
f 840 1501 841
f 841 1681 1657
f 843 1188 1310
f 846 1655 1199
f 847 1537 1125
f 848 940 942
f 851 852 957
f 851 1137 852
f 851 957 1021
f 851 1679 1137
f 851 1335 1679
f 852 951 957
f 852 1211 951
f 852 1137 1138
f 852 1138 1636
f 852 1141 1211
f 852 1636 1141
f 853 1136 1133
f 853 1133 1567
f 853 1567 1651
f 854 1192 1089
f 854 1627 1392
f 855 1098 860
f 855 986 1083
f 855 1192 986
f 855 1083 1098
f 856 860 1098
f 856 1124 860
f 856 1098 1233
f 856 1732 1124
f 857 1105 1732
f 861 1053 1017
f 861 1017 1478
f 862 927 1152
f 864 1589 1330
f 864 1635 1697
f 865 1386 1624
f 865 1624 1462
f 866 1237 1315
f 866 1348 1237
f 866 1462 1348
f 870 1202 871
f 870 1052 876
f 870 876 1202
f 870 1029 1052
f 871 872 1030
f 871 1202 1203
f 872 1205 873
f 872 1389 1030
f 872 1204 1205
f 873 1205 1201
f 873 1201 1247
f 874 1464 1527
f 875 1202 876
f 877 1160 1074
f 878 1547 879
f 878 1075 1547
f 879 1076 881
f 879 881 1279
f 879 1547 1076
f 881 1077 882
f 881 1076 1077
f 883 884 1286
f 883 1286 1253
f 884 887 1286
f 884 1584 887
f 885 888 886
f 885 1346 888
f 885 1116 1346
f 885 1564 1116
f 886 888 1163
f 886 1163 889
f 887 889 1163
f 887 1584 889
f 887 1056 1055
f 887 1055 1286
f 887 1163 1056
f 888 1010 1008
f 888 1008 1163
f 888 1346 1010
f 890 1047 1604
f 890 1577 1518
f 898 1554 899
f 898 900 1368
f 901 902 904
f 902 905 904
f 902 1570 905
f 905 1603 1145
f 905 1570 1603
f 906 1031 909
f 906 1016 1263
f 907 909 1256
f 909 1031 1256
f 913 1664 918
f 913 1530 1041
f 913 1041 1664
f 916 1563 1112
f 918 1664 1545
f 919 932 935
f 919 1213 948
f 919 948 1402
f 922 930 926
f 923 932 933
f 923 935 932
f 926 930 948
f 926 948 1213
f 929 933 934
f 929 934 1670
f 931 958 1173
f 931 1173 1169
f 936 1342 937
f 936 937 1494
f 936 938 1350
f 936 1494 938
f 936 1324 1013
f 936 1013 1342
f 936 1688 1324
f 936 1350 1688
f 937 941 939
f 937 939 1494
f 937 1123 941
f 937 1342 1123
f 938 1494 954
f 938 954 1702
f 938 1502 1350
f 939 941 940
f 939 954 1494
f 939 1702 954
f 940 941 1343
f 940 1343 942
f 941 1123 1100
f 941 1100 1212
f 941 1212 1343
f 942 1009 943
f 942 1212 1009
f 942 1343 1212
f 943 1009 944
f 943 944 1216
f 943 1216 1327
f 944 1115 984
f 944 1009 1212
f 944 1212 1115
f 949 987 1396
f 951 1211 1659
f 953 1574 1117
f 955 1024 1023
f 955 1023 1503
f 955 1067 1024
f 955 1503 1552
f 956 989 1605
f 958 1174 1173
f 959 1124 1106
f 961 1114 977
f 961 977 1347
f 961 1347 1633
f 961 1633 1579
f 962 967 1099
f 962 1384 967
f 962 975 974
f 962 974 1384
f 963 1225 976
f 964 966 1347
f 965 1148 1672
f 966 1344 971
f 966 971 1633
f 966 1633 1347
f 967 1059 1099
f 971 1344 973
f 971 973 1636
f 971 1138 1536
f 971 1636 1138
f 972 1519 1167
f 973 1344 974
f 973 974 1375
f 973 1375 1141
f 973 1141 1636
f 974 975 1375
f 974 1344 1384
f 976 1225 1133
f 978 1063 1660
f 981 1320 1362
f 982 1061 1057
f 982 1590 1060
f 982 1649 1590
f 985 1186 1185
f 989 1041 1530
f 997 1280 1001
f 997 1001 1373
f 997 1267 1280
f 997 1373 1575
f 998 1007 999
f 998 999 1572
f 998 1572 1003
f 998 1003 1573
f 998 1006 1240
f 998 1573 1006
f 998 1240 1007
f 999 1000 1005
f 999 1101 1000
f 999 1005 1004
f 999 1004 1572
f 999 1007 1101
f 1000 1001 1005
f 1000 1373 1001
f 1000 1101 1632
f 1000 1102 1373
f 1000 1632 1102
f 1001 1227 1005
f 1002 1573 1003
f 1002 1090 1573
f 1002 1692 1090
f 1004 1005 1227
f 1006 1573 1090
f 1006 1157 1378
f 1006 1378 1240
f 1008 1010 1232
f 1008 1056 1163
f 1010 1019 1214
f 1010 1540 1019
f 1010 1346 1116
f 1010 1116 1540
f 1010 1214 1232
f 1013 1224 1040
f 1013 1040 1342
f 1013 1728 1224
f 1013 1324 1728
f 1015 1100 1123
f 1015 1123 1339
f 1018 1073 1072
f 1019 1102 1214
f 1019 1498 1102
f 1020 1305 1277
f 1022 1023 1204
f 1022 1285 1023
f 1022 1203 1202
f 1022 1204 1203
f 1022 1236 1285
f 1023 1024 1205
f 1023 1205 1204
f 1023 1285 1503
f 1024 1201 1205
f 1025 1259 1026
f 1027 1261 1029
f 1028 1052 1029
f 1028 1197 1052
f 1033 1039 1712
f 1036 1712 1039
f 1040 1339 1342
f 1040 1562 1339
f 1040 1539 1562
f 1042 1223 1208
f 1043 1453 1355
f 1044 1207 1208
f 1049 1650 1454
f 1050 1051 1244
f 1054 1286 1055
f 1054 1055 1378
f 1054 1378 1157
f 1054 1253 1286
f 1057 1061 1194
f 1059 1063 1329
f 1059 1660 1063
f 1059 1228 1099
f 1059 1329 1228
f 1060 1590 1228
f 1060 1228 1710
f 1060 1710 1295
f 1061 1295 1527
f 1061 1527 1472
f 1062 1063 1080
f 1062 1329 1063
f 1062 1143 1710
f 1062 1710 1329
f 1065 1332 1104
f 1066 1161 1374
f 1066 1548 1161
f 1068 1108 1607
f 1069 1097 1606
f 1071 1547 1075
f 1071 1669 1547
f 1072 1073 1077
f 1072 1077 1076
f 1072 1076 1669
f 1074 1160 1638
f 1076 1547 1669
f 1080 1199 1198
f 1082 1328 1505
f 1083 1233 1098
f 1083 1490 1233
f 1084 1411 1429
f 1087 1355 1107
f 1088 1432 1349
f 1095 1149 1725
f 1099 1228 1590
f 1099 1590 1649
f 1100 1115 1212
f 1101 1232 1632
f 1102 1232 1214
f 1102 1632 1232
f 1102 1498 1373
f 1105 1106 1124
f 1105 1538 1106
f 1105 1124 1732
f 1117 1721 1245
f 1118 1403 1174
f 1118 1571 1403
f 1122 1260 1369
f 1123 1342 1339
f 1133 1225 1639
f 1133 1639 1567
f 1137 1536 1138
f 1137 1679 1536
f 1140 1575 1147
f 1143 1295 1710
f 1144 1215 1318
f 1148 1637 1262
f 1152 1556 1618
f 1153 1154 1731
f 1153 1731 1155
f 1154 1274 1418
f 1155 1731 1281
f 1159 1733 1309
f 1161 1548 1181
f 1161 1181 1561
f 1161 1561 1631
f 1167 1187 1168
f 1167 1189 1187
f 1167 1363 1189
f 1167 1519 1363
f 1169 1171 1217
f 1169 1173 1580
f 1171 1626 1217
f 1171 1241 1626
f 1172 1177 1608
f 1172 1217 1626
f 1172 1626 1241
f 1173 1174 1176
f 1173 1176 1580
f 1175 1403 1571
f 1177 1379 1608
f 1178 1179 1182
f 1179 1190 1182
f 1179 1184 1190
f 1179 1265 1184
f 1182 1190 1555
f 1184 1556 1190
f 1185 1186 1187
f 1185 1187 1189
f 1189 1363 1613
f 1189 1613 1587
f 1191 1239 1620
f 1198 1199 1655
f 1216 1277 1327
f 1228 1329 1710
f 1245 1721 1722
f 1248 1614 1288
f 1262 1637 1695
f 1268 1355 1453
f 1276 1350 1502
f 1310 1371 1465
f 1324 1430 1728
f 1348 1462 1624
f 1363 1520 1613
f 1371 1719 1465
f 1373 1498 1575
f 1376 1587 1496
f 1388 1481 1718
f 1441 1484 1528
f 1453 1706 1484
f 1464 1472 1527
f 1491 1500 1505
f 1526 1631 1561
