# Blender 4.0.2
# www.blender.org
o 67855_sf
v -13.451380 28.750000 8.006557
v -13.348407 28.750000 8.403006
v -13.142100 28.750000 8.773487
v -12.850821 28.211283 8.182835
v -12.851570 28.750000 9.072550
v -12.844405 0.000001 11.157854
v -12.844910 0.250001 11.161690
v -12.833617 -0.000001 -8.141191
v -12.844910 0.249999 -8.226973
v -12.759883 0.000001 11.807554
v -12.742690 0.250001 11.938150
v -12.759054 0.000001 10.509542
v -12.742690 0.250001 10.385240
v -12.745668 -0.000001 -7.473143
v -12.742690 0.249999 -7.450516
v -12.754884 -0.000001 -8.910810
v -12.706028 0.249999 -9.091940
v -12.627030 28.750000 -1.318392
v -12.490803 28.729040 9.265686
v -12.445330 27.750000 7.936935
v -12.452147 0.000001 12.639581
v -12.421866 0.250001 12.689219
v -12.478183 0.000001 9.746655
v -12.465695 0.250001 9.716509
v -12.457724 -0.000001 -6.789097
v -12.412105 0.249999 -6.686722
v -12.479775 -0.000001 -9.638164
v -12.370663 0.249999 -9.821231
v -12.438107 27.855640 8.216205
v -12.406773 27.740402 7.733899
v -12.337865 27.347553 7.866668
v -12.359585 28.106625 8.630842
v -12.305323 27.750000 7.544335
v -12.286398 27.441904 8.118097
v -12.249929 26.825216 7.753281
v -12.243570 27.750000 8.314814
v -12.279119 27.114962 7.583003
v -12.193184 27.017563 8.015185
v -12.171430 26.488884 7.875689
v -12.193101 26.103329 7.507501
v -12.165329 27.038145 7.292362
v -12.209867 26.226124 7.302324
v -12.151089 27.750000 7.397151
v -12.068396 27.795361 8.427996
v -12.162878 26.146330 7.764011
v -12.156422 26.366030 7.107406
v -12.094927 27.386635 7.275210
v -11.976416 26.890133 6.997994
v -12.137404 27.517088 8.311990
v -12.086601 28.750000 9.404080
v -12.037391 27.968048 8.617283
v -12.058241 26.093378 7.946771
v -12.036536 26.706852 8.144994
v -12.045578 26.435640 6.929218
v -11.984445 27.750000 7.311592
v -11.985390 25.583868 7.321038
v -12.007342 27.740234 2.866964
v -12.037879 25.787918 7.135180
v -11.980638 27.766476 2.538609
v -11.918787 27.508886 8.408356
v -12.021222 25.701284 7.579264
v -11.966230 0.000001 13.283010
v -11.966230 0.250001 13.283010
v -11.953918 0.000001 9.030925
v -11.926331 0.250001 9.009756
v -11.966230 -0.000000 -6.105652
v -11.966230 0.250000 -6.105652
v -11.966230 -0.000001 -10.348290
v -11.855675 0.249999 -10.433123
v -11.924953 25.798052 6.887967
v -11.863213 28.750000 -3.536667
v -11.878296 27.749849 3.189592
v -11.948577 26.175945 8.106845
v -11.798484 27.750000 2.349358
v -11.853860 26.500250 6.756061
v -11.820440 27.228922 7.043913
v -11.888621 25.576437 7.764117
v -11.795912 27.750000 8.431641
v -11.713264 27.750000 7.273375
v -11.816851 27.034788 8.322309
v -11.708065 27.750000 3.360833
v -11.564892 27.745586 8.365831
v -11.762434 26.268055 8.264167
v -11.740977 28.136257 8.803204
v -11.734952 25.587912 7.966497
v -11.677284 25.154844 7.289709
v -11.617702 26.499577 6.644050
v -11.650001 28.750000 9.407737
v -11.726704 25.269165 7.075573
v -11.740609 25.906254 6.675412
v -11.727676 27.818216 -0.910396
v -11.677529 27.812637 -1.234471
v -11.597557 27.750000 2.245380
v -11.428367 27.038176 6.850085
v -11.632493 24.707779 7.091046
v -11.599328 24.909828 7.134609
v -11.622011 24.846031 6.927160
v -11.639372 25.399075 6.801351
v -11.581157 24.621225 6.836937
v -11.627913 27.238001 8.379274
v -11.594067 30.021868 -1.800769
v -11.577901 24.608786 7.263025
v -11.565273 24.849503 7.318874
v -11.581790 28.750000 -1.963566
v -11.569139 24.936266 6.749665
v -11.541221 25.107309 7.591372
v -11.549882 24.491587 7.015871
v -11.526615 25.003241 7.224754
v -11.519506 30.723850 -3.766402
v -11.523560 24.756729 6.622264
v -11.536110 28.750000 -0.609230
v -11.532208 25.069160 6.986419
v -11.564085 25.688272 8.132059
v -11.524035 31.419804 -3.047718
v -11.469154 27.750000 7.350308
v -11.480323 26.120726 8.325726
v -11.525454 27.749989 -1.372388
v -11.364854 27.750000 -0.417895
v -11.450183 24.387051 7.207174
v -11.494453 24.830563 7.464828
v -11.501719 24.646938 7.471352
v -11.442319 25.206223 6.740956
v -11.456205 25.989027 6.528030
v -11.395106 24.415117 6.802355
v -11.394746 27.735676 3.406975
v -11.485989 26.714811 6.666113
v -11.447487 24.460651 7.398382
v -11.439192 24.986496 6.523480
v -11.470668 24.976110 7.391334
v -11.348671 24.806572 6.419022
v -11.439414 24.577732 6.616726
v -11.255398 27.274952 7.051274
v -11.414812 25.454357 6.599092
v -11.387390 27.750000 -1.481596
v -11.326548 27.760252 8.156005
v -11.463533 28.155254 8.749210
v -11.367931 24.338079 7.014505
v -11.336608 27.750000 2.220570
v -11.352477 24.821775 7.650167
v -11.336395 27.746897 7.462873
v -11.368249 24.606871 7.620859
v -11.344910 0.000001 13.759770
v -11.326118 0.250001 13.767553
v -11.344910 0.000001 8.563616
v -11.405741 0.250001 8.610293
v -11.415619 -0.000000 -5.683154
v -11.430972 0.250000 -5.694935
v -11.257013 -0.000001 -10.861458
v -11.257038 0.249999 -10.861448
v -11.288626 32.900139 -4.399802
v -11.304264 24.317528 7.316461
v -11.303266 25.585442 8.150838
v -11.298732 24.973724 7.619134
v -11.245693 24.462147 6.602134
v -11.312708 25.141218 6.465351
v -11.264870 24.650146 6.420150
v -11.339028 26.360750 8.375401
v -11.251208 24.955465 6.338670
v -11.224644 27.039120 8.280903
v -11.245201 25.284613 6.597196
v -11.280213 25.173357 7.856509
v -11.237344 27.750000 7.899040
v -11.271480 28.750000 9.317620
v -11.270420 24.432770 7.602605
v -11.304604 26.266172 6.527366
v -11.260830 32.396179 -5.293843
v -11.223081 27.750000 -2.446436
v -11.247130 27.750000 7.630636
v -11.210212 26.680521 6.654451
v -11.181035 27.750000 -1.546454
v -11.187706 25.614328 6.509955
v -11.192159 24.773016 6.325659
v -11.164629 24.335789 7.533116
v -11.104787 24.900013 7.794045
v -11.203116 24.700735 7.772154
v -11.109670 25.009991 7.733289
v -11.167753 27.750000 3.387414
v -11.074720 27.327410 7.247588
v -11.107185 24.266050 7.327253
v -11.113338 25.267605 6.421331
v -11.126945 24.275644 6.926593
v -11.013916 25.386637 6.534615
v -11.129082 24.561363 7.778212
v -11.109507 25.090261 6.291907
v -11.103287 24.275625 7.104374
v -11.060331 25.330202 7.986052
v -11.097481 25.721354 8.218238
v -11.109551 24.379551 6.715069
v -11.143664 27.292713 8.127623
v -11.049374 24.619078 6.370927
v -11.090280 26.352791 8.346210
v -11.210883 28.069754 8.493872
v -11.040596 27.750000 -0.342728
v -10.954833 27.297724 7.827334
v -10.995886 26.116449 6.529446
v -10.986976 27.724098 3.231918
v -11.018436 24.837099 6.254473
v -10.997356 24.404236 7.698569
v -10.976447 24.456726 6.543757
v -10.947280 34.201138 -5.588084
v -11.014860 26.729036 6.734422
v -10.719308 28.297312 -4.753811
v -10.926410 24.308598 7.543591
v -10.990779 24.014439 6.855725
v -10.819098 26.967144 7.969702
v -11.029889 24.168512 6.729004
v -10.999779 24.717648 7.864075
v -10.878075 25.352436 6.407818
v -10.942361 27.727060 2.441041
v -10.952651 24.270866 7.313358
v -10.961814 25.216887 6.305518
v -10.941376 24.192394 6.575041
v -10.934135 24.531054 7.814930
v -10.927611 28.750000 -5.303353
v -10.932670 27.750000 -1.535122
v -10.897777 23.003855 6.629401
v -10.889875 23.093094 6.382627
v -10.908767 23.587761 6.712372
v -10.878454 28.750000 9.096780
v -10.884547 23.785698 6.551383
v -10.959270 24.074131 7.119317
v -10.924742 26.556128 8.245829
v -10.905254 25.883450 8.205354
v -10.848032 23.566442 6.943264
v -10.890364 24.986395 6.224096
v -10.881145 25.751711 6.530416
v -10.888798 25.095539 7.800516
v -10.870798 23.406488 6.365860
v -10.875171 28.162262 8.131264
v -10.857723 22.613279 6.517166
v -10.861900 27.750000 3.043602
v -10.860540 0.250001 11.113350
v -10.830713 22.646915 6.243927
v -10.827317 24.386545 7.689073
v -10.897610 26.896769 6.914018
v -10.838190 0.250001 11.393260
v -10.861677 0.249999 -8.451545
v -10.818303 26.258036 6.617170
v -10.832710 27.750000 2.669645
v -10.807053 25.469051 6.560212
v -10.809791 24.556818 6.453986
v -10.770697 22.525593 6.750729
v -10.846824 23.180733 6.905401
v -10.808920 0.250001 10.832150
v -10.808920 0.249999 -7.897429
v -10.748475 22.828228 6.020304
v -10.719137 23.789204 6.308989
v -10.791482 24.753078 6.282535
v -10.792930 27.750000 -3.502478
v -10.740683 27.750000 -1.459175
v -10.739979 23.440033 6.152074
v -10.794468 24.855055 7.892817
v -10.729281 25.398373 7.920181
v -10.745348 34.148197 -6.894063
v -10.743410 0.250001 11.652800
v -10.743410 0.249999 -8.718081
v -10.776337 24.305971 7.415309
v -10.716408 26.579180 8.084661
v -10.727489 23.682524 7.137070
v -10.673470 22.656057 6.986313
v -10.736633 24.108438 7.314043
v -10.621007 25.210043 7.734700
v -10.733494 25.256062 6.299210
v -10.690099 24.083143 6.373560
v -10.624341 24.608456 6.446984
v -10.596754 25.712652 6.670393
v -10.701764 26.794882 7.032620
v -10.700637 25.804892 8.068049
v -10.661170 23.123768 7.131838
v -10.703659 24.380102 6.423372
v -10.770147 24.612772 7.857187
v -10.686860 0.250001 10.568820
v -10.686860 0.249999 -7.634100
v -10.609228 25.497103 6.663788
v -10.679409 25.089491 6.245387
v -10.619465 27.750000 -1.314751
v -10.604329 21.984774 6.326273
v -10.630271 24.492905 7.759284
v -10.656730 22.134211 6.128542
v -10.641753 26.303633 6.752820
v -10.539563 0.000001 14.069139
v -10.683163 0.250001 14.033875
v -10.689913 0.000001 8.292306
v -10.621370 0.250001 8.263915
v -10.726979 -0.000000 -5.372940
v -10.587750 0.250000 -5.324769
v -10.621370 -0.000001 -11.124750
v -10.621370 0.249999 -11.124750
v -10.610958 22.090885 6.630193
v -10.601912 26.641073 7.904665
v -10.570668 24.913176 7.864692
v -10.585602 24.385780 7.560459
v -10.520721 24.393158 7.435819
v -10.471922 35.476452 -6.752903
v -10.582277 24.893150 6.279268
v -10.599080 28.750000 8.836246
v -10.568986 22.247087 5.889900
v -10.593414 29.983274 -1.735654
v -10.613317 26.838652 7.251125
v -10.502135 25.531124 7.780188
v -10.521920 23.487513 7.231108
v -10.583811 0.250001 11.883181
v -10.582650 0.249999 -8.939568
v -10.581280 28.750000 -1.963566
v -10.588727 27.736254 -0.635591
v -10.476572 24.754547 6.406379
v -10.599131 25.398277 6.447528
v -10.535892 26.688168 7.690987
v -10.618516 26.889194 7.521311
v -10.511004 23.958656 6.269129
v -10.505988 22.860216 5.773179
v -10.534664 31.273809 -2.944790
v -10.576327 26.092989 7.999318
v -10.533690 28.750000 -0.609230
v -10.532540 30.649050 -3.698079
v -10.432336 22.002542 6.836328
v -10.556466 24.701763 7.846748
v -10.525519 27.750000 -1.064216
v -10.522654 23.587421 6.041099
v -10.582037 23.859068 7.263030
v -10.502680 0.250001 10.341310
v -10.502680 0.249999 -7.406590
v -10.473624 26.177248 6.925411
v -10.431169 24.151363 7.325970
v -10.418393 25.458086 6.642613
v -10.462381 25.212034 6.343378
v -10.448179 24.558844 7.719225
v -10.483170 24.373419 6.418432
v -10.430647 25.309158 7.561403
v -10.442518 24.684963 6.512281
v -10.407197 25.009764 7.786788
v -10.466771 25.509546 6.801982
v -10.405162 25.732271 6.900917
v -10.461487 26.209852 7.822040
v -10.368946 24.969196 6.373133
v -10.444144 22.546839 7.145327
v -10.388732 26.242863 7.133193
v -10.408210 23.132761 7.269166
v -10.374959 25.154556 7.690734
v -10.407992 28.750000 8.532708
v -10.350973 23.726141 7.256417
v -10.313822 24.478445 7.325857
v -10.370489 0.250001 12.046579
v -10.366860 0.249999 -9.107909
v -10.360232 25.532711 7.560709
v -10.359210 32.536690 -4.067835
v -10.323489 23.069099 5.723145
v -10.344138 25.486759 7.049486
v -10.339249 21.043875 6.116622
v -10.349536 26.128477 7.565148
v -10.288810 25.462763 6.865972
v -10.344835 21.633432 6.085753
v -10.343788 21.016918 5.856299
v -10.381649 26.335005 7.370365
v -10.300393 24.701508 6.635674
v -10.340983 25.818697 7.101985
v -10.374577 22.413671 5.671218
v -10.265296 25.302053 6.556530
v -10.360937 24.804146 7.777575
v -10.334973 25.401545 7.348973
v -10.338859 21.606735 6.355354
v -10.309209 25.682993 7.337986
v -10.263267 20.893440 6.327081
v -10.299428 24.630405 7.651802
v -10.282378 21.766138 5.818146
v -10.210650 25.203606 7.539344
v -10.292119 21.197226 5.662373
v -10.255745 24.314657 7.248437
v -10.213315 20.478321 5.976022
v -10.268920 0.250001 10.165120
v -10.268920 0.249999 -7.230402
v -10.239922 25.400719 6.719684
v -10.279362 20.687460 5.773379
v -10.236562 25.123850 6.477981
v -10.237131 28.750000 7.890504
v -10.276154 24.486891 6.564686
v -10.262877 23.928209 6.222947
v -10.175555 25.335043 7.319496
v -10.205400 25.001495 7.653831
v -10.208920 21.592577 6.602419
v -10.204684 27.750000 -4.228189
v -10.207279 27.750000 -4.572465
v -10.240382 20.653774 6.213437
v -10.149472 23.313658 7.303200
v -10.190720 24.153612 6.426037
v -10.221445 32.496605 -5.385563
v -10.239151 22.723761 7.274683
v -10.306333 24.514526 7.465431
v -10.274899 22.108421 7.026649
v -10.211598 24.542671 7.197078
v -10.154323 20.903234 6.520644
v -10.104027 21.807121 5.611717
v -10.175224 27.767075 -2.106968
v -10.183858 20.665718 5.498156
v -10.191607 24.680244 6.818030
v -10.114697 25.345175 6.892435
v -10.216646 23.607206 5.972127
v -10.167494 24.643415 7.009038
v -10.180529 21.349442 5.496637
v -9.951841 19.995163 5.549056
v -10.079899 23.165058 5.715048
v -10.063438 22.525280 5.549036
v -10.149466 24.760868 7.557326
v -10.107450 23.661976 7.221021
v -10.193873 24.043018 7.196650
v -10.112103 24.303968 7.003146
v -10.087623 27.750000 -4.058934
v -9.905201 19.866919 5.883343
v -10.125215 24.996065 6.607892
v -10.110760 0.250001 12.146350
v -10.110760 0.249999 -9.211630
v -10.108760 20.514280 6.397784
v -9.996061 20.317924 5.362155
v -10.052436 24.744308 7.162817
v -10.069891 24.823963 6.843685
v -10.090924 24.721388 7.369503
v -10.053419 24.976019 7.450942
v -10.067380 20.853180 5.262090
v -10.020371 33.894512 -5.308017
v -10.065010 36.361469 -7.561241
v -10.044352 25.194319 7.285842
v -10.062445 21.205666 6.671318
v -10.174361 25.397591 7.104286
v -10.109786 25.208574 6.691526
v -10.014286 25.029341 6.840653
v -9.984447 22.094084 7.116010
v -9.909757 23.654985 6.081883
v -9.910295 22.750441 7.285923
v -9.960446 35.871265 -8.467845
v -10.020162 21.300842 5.290331
v -10.001520 0.250001 10.052260
v -10.001520 0.249999 -7.117543
v -10.004663 25.190899 7.045898
v -9.992595 25.004177 7.271230
v -9.980879 24.939722 7.043552
v -9.919380 27.750000 -4.970634
v -9.967838 21.574850 6.772407
v -10.076892 24.277920 6.795593
v -9.802648 23.194981 5.770077
v -9.966874 20.717562 6.649702
v -9.877840 21.960939 5.533306
v -9.918858 23.805655 7.035346
v -9.836874 23.240719 7.222614
v -9.875811 20.983318 5.109431
v -9.889379 27.750000 -3.908932
v -9.891411 23.960642 6.594647
v -9.853370 20.948206 6.795573
v -9.850742 20.303280 6.513811
v -9.800803 0.000001 14.155883
v -9.777129 0.250001 14.152766
v -9.844913 0.000001 8.161692
v -9.725251 0.250001 8.177446
v -9.898392 -0.000000 -5.234014
v -9.808143 0.250000 -5.231814
v -9.873154 -0.000001 -11.223252
v -9.795071 0.249999 -11.199499
v -9.831794 0.250001 12.178380
v -9.831794 0.249999 -9.243662
v -9.673345 27.750000 -5.047757
v -9.852173 21.487394 5.251598
v -9.681211 22.183802 7.113817
v -9.759626 21.558702 6.848186
v -9.675632 27.750000 -3.299133
v -9.859973 23.889944 6.849951
v -9.808381 23.523062 7.123899
v -9.601996 22.006702 5.499273
v -9.751753 23.739540 6.317290
v -9.750415 22.626280 5.559736
v -9.728336 19.250750 2.747269
v -9.649279 27.750000 -3.855153
v -9.724667 20.603363 6.762260
v -9.648784 0.250001 10.018448
v -9.718704 0.249999 -7.075703
v -9.699492 19.233250 6.741316
v -9.716241 19.250000 -0.778877
v -9.599323 23.499580 6.881595
v -9.690547 21.161489 5.054410
v -9.646460 34.972694 -6.292791
v -9.621363 20.989174 6.885633
v -9.488960 20.138327 6.604063
v -9.600073 19.250000 2.999107
v -9.601104 19.261461 2.226318
v -9.630204 34.335377 -7.065027
v -9.620435 23.660812 6.591137
v -9.529269 21.662062 6.854668
v -9.613143 22.899601 7.175510
v -9.684170 28.750000 -6.930403
v -9.641262 19.250000 7.736811
v -9.586936 19.255268 5.739597
v -9.606644 19.250000 5.450621
v -9.603040 21.591164 5.206039
v -9.582800 23.257299 5.926406
v -9.564988 28.750000 -0.721798
v -9.489900 22.660175 5.681975
v -9.500166 19.250000 5.937400
v -9.512651 19.250000 5.173442
v -9.479753 0.250001 12.137230
v -9.548975 0.249999 -9.201823
v -9.512564 27.750000 -5.036805
v -9.466041 20.513054 6.800004
v -9.492023 19.250000 -0.576313
v -9.433008 23.018929 6.988320
v -9.430803 19.250000 -0.169356
v -9.423196 21.097044 4.975150
v -9.411208 23.208521 6.107483
v -9.400896 0.275992 10.046257
v -9.439738 0.249999 -7.107735
v -9.437464 27.750000 -3.881917
v -9.386534 21.063787 6.911198
v -9.112234 28.164675 -3.416060
v -9.439692 22.383829 7.043144
v -9.344574 19.250000 3.175016
v -9.343706 19.250000 2.039734
v -9.372738 22.081512 5.606487
v -9.415616 37.471561 -8.575150
v -9.393053 19.250000 -0.720409
v -9.239816 27.750000 -4.919987
v -9.352202 21.590647 5.185237
v -9.373063 7.368309 9.205919
v -9.366320 7.352839 -6.220449
v -9.243711 20.455076 4.874796
v -9.355072 19.250000 8.720578
v -9.316811 23.201738 6.395654
v -9.323694 7.456013 9.584343
v -9.335403 7.257247 8.900721
v -9.306631 7.239595 -5.859614
v -9.328554 7.442933 -6.625585
v -9.329239 21.805248 6.779555
v -9.314321 23.134048 6.714792
v -9.297262 19.262215 0.030161
v -9.299462 19.250000 6.156842
v -9.299462 19.250000 4.894117
v -9.183360 27.799406 -4.033796
v -9.133716 0.250001 11.922725
v -9.282754 0.263456 -9.088419
v -9.528978 27.773458 -5.580854
v -9.233340 22.422571 6.835309
v -9.157125 22.088623 5.788772
v -9.270505 20.601028 6.835629
v -9.284968 22.648909 5.864683
v -9.214285 21.239124 6.874632
v -9.198610 21.233057 5.019955
v -9.283640 19.250000 -0.865767
v -9.115515 20.180294 6.665477
v -9.186675 21.907017 6.667469
v -9.148706 0.266909 10.163665
v -9.183636 0.249999 -7.211455
v -9.180347 36.765350 -9.284467
v -9.159055 7.523374 9.920535
v -9.205606 7.118861 8.552245
v -9.178949 7.123953 -5.560217
v -9.181066 7.511361 -7.003850
v -9.106345 19.250000 0.145713
v -9.142619 21.609686 5.245611
v -9.140082 36.823551 -9.449830
v -9.119187 36.426388 -8.974869
v -9.051262 36.275307 -7.482539
v -9.156668 22.693293 6.111821
v -9.127722 19.250000 3.213479
v -9.127722 19.250000 2.014074
v -9.110421 20.835655 4.943846
v -9.121257 8.181119 8.987309
v -9.121471 8.183456 -6.051246
v -9.027085 19.250000 6.263594
v -9.142597 22.636442 6.598104
v -9.090029 22.538786 6.338708
v -9.087423 22.034094 6.496913
v -9.052972 7.906070 9.173070
v -9.059205 7.902765 -6.203202
v -9.066725 8.498192 8.877827
v -9.084762 8.465017 -6.009059
v -9.080074 18.613831 -2.514217
v -9.051226 22.083925 6.001298
v -8.991560 36.165760 -8.736824
v -9.032205 8.272182 9.460007
v -9.069523 8.078663 8.606855
v -9.081973 8.109118 -5.727862
v -9.068817 8.353604 -6.384811
v -9.040586 36.967365 -9.654784
v -9.082173 27.750000 -4.687143
v -9.068456 0.000001 14.059470
v -8.957879 0.250001 14.013668
v -9.189662 0.000001 8.247958
v -8.957284 0.250001 8.309964
v -9.068456 -0.000000 -5.329195
v -9.030818 0.250000 -5.344785
v -9.158792 -0.000001 -11.136642
v -9.068456 0.249999 -11.124750
v -9.094103 19.250000 -2.460694
v -9.117879 37.228168 -9.692898
v -9.020016 19.250000 -1.012299
v -8.990775 7.995144 9.501333
v -9.052893 7.853994 8.831674
v -9.039491 7.822280 -5.830687
v -9.028515 8.039154 -6.513878
v -9.064118 0.249999 -8.925059
v -8.999310 22.015478 6.223065
v -9.063233 20.710253 6.822126
v -9.038748 8.552479 9.252932
v -9.050638 8.377188 8.632439
v -9.052202 8.361611 -5.697046
v -9.012440 8.613363 -6.321406
v -9.037175 27.750000 -4.359286
v -8.980356 21.291010 6.773379
v -8.960127 8.694205 8.755528
v -8.974857 8.722924 -6.009275
v -8.937776 21.664854 5.413599
v -8.949270 21.231951 5.105878
v -8.911695 19.250000 3.160552
v -8.926703 19.265985 2.062619
v -8.967852 0.250001 10.314520
v -8.989446 0.249999 -7.362949
v -8.948694 7.532994 10.259869
v -8.948694 6.983955 8.210830
v -8.948694 6.983954 -5.276113
v -8.948694 7.532992 -7.325150
v -8.921788 8.803399 9.117518
v -8.947192 8.509322 8.454772
v -8.954115 8.591415 -5.615239
v -8.925679 8.795893 -6.309373
v -8.936697 7.611661 9.140713
v -8.933311 7.603891 -6.180506
v -8.893336 8.352532 9.764974
v -8.915042 7.889644 8.295124
v -8.930055 7.878285 -5.396991
v -8.879800 8.373907 -6.840321
v -8.948750 28.750000 -2.473406
v -8.875818 8.103036 9.785162
v -8.897923 7.672499 8.433620
v -8.899579 7.648423 -5.557503
v -8.886350 8.030655 -6.811378
v -8.945121 19.250000 4.705947
v -8.828211 20.694099 4.989456
v -8.942452 19.225300 9.385068
v -8.900721 7.675573 9.416480
v -8.899054 7.525304 8.857397
v -8.908245 7.541151 -5.907619
v -8.881496 7.685345 -6.538137
v -8.882742 8.616536 9.664219
v -8.915671 8.212252 8.248766
v -8.917325 8.188571 -5.316965
v -8.862371 8.641608 -6.735660
v -8.865438 19.250000 0.191950
v -8.880082 21.455099 6.643976
v -8.863635 0.250001 11.619980
v -8.855031 0.249999 -8.666700
v -8.830571 37.200581 -9.849305
v -8.833881 35.961311 -8.550087
v -8.747181 21.636700 5.622392
v -8.800920 8.931507 8.804404
v -8.862514 8.862562 -5.869062
v -8.866155 20.943979 6.757781
v -8.807090 0.250001 10.536000
v -8.807090 0.249999 -7.601284
v -8.778791 8.882504 9.510722
v -8.781881 8.472921 8.140928
v -8.811603 8.465343 -5.244456
v -8.803774 8.851734 -6.583835
v -8.817596 5.525687 8.357493
v -8.817389 6.507557 8.169178
v -8.794913 6.500000 -5.217535
v -8.794913 5.500000 -5.415982
v -8.798110 7.726943 9.690351
v -8.760093 7.407960 8.563324
v -8.815116 7.449280 -5.725855
v -8.762672 7.715263 -6.842044
v -8.861838 36.284077 -8.079084
v -8.751109 9.011728 9.139543
v -8.806200 8.794366 8.501666
v -8.785612 8.827266 -5.578410
v -8.784765 8.986243 -6.209496
v -8.742632 21.307890 5.288759
v -8.719612 20.617214 6.620660
v -8.708591 21.433369 6.480385
v -8.696678 36.399292 -8.528154
v -8.716923 0.250001 11.332942
v -8.736476 0.255404 -8.402969
v -8.281460 28.169586 -7.494246
v -8.711573 19.250000 -0.990603
v -8.773713 21.756941 5.852997
v -8.715719 19.250000 3.031310
v -8.676310 19.250000 2.230055
v -8.712307 0.250001 10.795550
v -8.712307 0.249999 -7.860827
v -8.706356 8.246690 10.019735
v -8.633150 7.752876 7.970605
v -8.687310 7.786387 -5.068752
v -8.635339 8.368909 -7.146412
v -8.728504 7.956771 9.923919
v -8.689716 7.566035 8.149263
v -8.761061 7.614581 -5.291790
v -8.640458 8.039173 -7.119623
v -8.688934 19.250000 6.292774
v -8.603196 19.270460 4.686247
v -8.695096 0.249999 -8.076421
v -8.692703 21.597868 6.273708
v -8.743524 37.465019 -9.923522
v -8.588978 21.528111 5.984195
v -8.669102 38.482655 -9.523445
v -8.655077 8.556072 10.005386
v -8.650406 8.069350 7.900154
v -8.639754 8.078643 -4.959081
v -8.618040 8.620141 -7.080638
v -8.626322 20.923399 6.561472
v -8.564714 9.110553 9.395432
v -8.660692 8.705523 8.180666
v -8.692154 8.684890 -5.268854
v -8.584986 9.081924 -6.526500
v -8.648619 7.517026 10.510939
v -8.634370 6.864421 8.013295
v -8.648619 6.844593 -5.066667
v -8.647524 7.523523 -7.559528
v -8.586658 19.250000 2.816419
v -8.616619 9.060622 8.717502
v -8.676290 9.035223 -5.891396
v -8.634985 7.735253 9.914319
v -8.586179 7.306087 8.363177
v -8.654482 7.348732 -5.486169
v -8.554867 7.734127 -7.058348
v -8.605259 21.339138 5.484278
v -8.490822 37.418587 -9.886173
v -8.541470 19.250000 -0.904064
v -8.477136 20.445688 6.366669
v -8.586313 9.137829 9.063114
v -8.577754 8.943689 8.397556
v -8.599571 8.968779 -5.529121
v -8.563745 9.141133 -6.227054
v -8.576251 19.250000 0.107741
v -8.564816 8.832157 9.915497
v -8.465995 8.280348 7.795771
v -8.632668 8.346960 -5.006926
v -8.563187 8.812652 -6.995404
v -8.554728 19.250618 2.552127
v -8.411134 20.558210 5.283969
v -8.430274 37.265045 -8.386528
v -8.524281 21.103489 6.389382
v -8.238006 27.750000 -6.972015
v -8.497190 21.304111 5.684917
v -8.554556 6.500000 8.030066
v -8.552781 6.500000 -5.094445
v -8.523150 5.483500 8.273454
v -8.461527 5.488167 -5.324237
v -8.431059 8.827008 8.107882
v -8.506746 8.798590 -5.202038
v -8.444367 20.700869 6.306294
v -8.419261 19.269608 -0.044423
v -8.498544 21.276773 6.178343
v -8.442702 9.663081 8.623005
v -8.448535 9.739706 -5.660685
v -8.424366 21.173355 5.893720
v -8.526023 9.036873 9.668957
v -8.502707 8.551310 7.932890
v -8.474793 8.532901 -4.962942
v -8.378636 9.051506 -6.887195
v -8.350333 20.749056 5.579751
v -8.511779 8.068579 10.174543
v -8.483428 7.465247 8.011026
v -8.492726 7.464197 -5.088992
v -8.358109 8.032639 -7.338715
v -8.412502 9.159197 8.701566
v -8.415510 9.166096 -5.789485
v -8.392621 9.753002 8.933728
v -8.395177 9.480211 8.302068
v -8.407740 9.586417 -5.348443
v -8.393563 9.702840 -5.999260
v -8.371971 8.341139 10.289662
v -8.332877 7.701425 7.751635
v -8.389747 7.649296 -4.868634
v -8.322985 8.341315 -7.378872
v -8.480084 36.875923 -8.628616
v -8.367912 20.845621 6.075049
v -8.384328 7.725053 10.135749
v -8.357824 7.202541 8.213150
v -8.408285 7.223468 -5.304293
v -8.348276 7.714453 -7.229191
v -8.387506 9.215845 8.938857
v -8.367573 9.074389 8.431574
v -8.380727 9.086302 -5.527701
v -8.372139 9.237414 -6.077103
v -8.370974 19.250000 -0.715582
v -8.334671 8.686939 10.198872
v -8.312924 7.999145 7.677143
v -8.410129 7.920022 -4.805988
v -8.377615 8.637057 -7.263855
v -8.414371 0.000001 13.781532
v -8.346181 0.250001 13.760295
v -8.380240 0.000001 8.574908
v -8.286012 0.250001 8.608812
v -8.344913 -0.000000 -5.628897
v -8.290392 0.250000 -5.670732
v -8.396957 -0.000001 -10.846607
v -8.344913 0.249999 -10.825050
v -8.358183 10.344453 8.401755
v -8.305092 10.553500 -5.417732
v -8.317555 37.191200 -8.784492
v -8.311924 19.253672 -3.285899
v -8.303353 19.258343 -0.523428
v -8.303697 19.271610 -3.064908
v -8.310918 19.250000 10.145311
v -8.293862 19.241993 6.104990
v -8.275029 19.229439 4.779464
v -8.269053 19.250000 1.480218
v -8.303097 19.250000 -0.261406
v -8.299317 7.479528 10.651058
v -8.324291 6.746090 7.903907
v -8.299175 6.715365 -4.946157
v -8.332107 7.471597 -7.726494
v -8.288353 10.569023 8.661839
v -8.297575 10.367687 8.050478
v -8.292129 10.399151 -5.138764
v -8.272297 10.606290 -5.738723
v -8.283089 9.730199 9.203495
v -8.290624 9.531661 7.982365
v -8.251093 9.630099 -4.985332
v -8.289349 9.733954 -6.258571
v -8.291381 9.292575 9.211149
v -8.247361 8.974856 8.184567
v -8.278751 8.993941 -5.288579
v -8.243909 9.271327 -6.357129
v -8.282423 9.209895 9.570368
v -8.252298 8.692258 7.886160
v -8.302766 8.718467 -4.988401
v -8.324448 9.186948 -6.648601
v -8.156592 8.856184 10.172590
v -8.107489 8.149753 7.606662
v -8.333238 8.236145 -4.774418
v -8.211498 8.850857 -7.223567
v -8.190588 19.250000 -2.843911
v -8.239674 37.221863 -9.705603
v -8.224779 19.273647 -3.544427
v -8.191198 37.390018 -8.957043
v -8.179461 6.500000 7.909534
v -8.197015 6.500000 -4.971958
v -8.165775 10.560521 9.050000
v -8.173201 10.184480 7.757417
v -8.141294 10.332204 -4.801669
v -8.174872 10.610705 -6.051118
v -8.106468 19.250000 -2.757303
v -8.104711 19.250000 4.965759
v -8.159339 5.500000 8.232603
v -8.159339 5.500000 -5.297884
v -8.226793 9.043251 9.949160
v -8.195197 8.440935 7.705623
v -8.087614 8.512620 -4.776113
v -8.050759 9.029478 -7.116918
v -8.138872 17.672630 -4.098882
v -8.104938 7.682770 10.267192
v -8.139713 7.117656 8.135098
v -8.096163 7.107420 -5.194332
v -8.117887 7.685664 -7.329875
v -8.116530 9.282121 9.466739
v -8.024119 8.852391 7.958638
v -8.109705 8.905944 -5.076738
v -8.044629 9.299711 -6.590912
v -8.102115 37.388443 -9.208627
v -8.115000 37.049969 -9.544426
v -8.251053 7.999164 10.319538
v -8.166324 7.329334 7.893730
v -8.185605 7.365918 -4.933182
v -8.115876 7.998070 -7.456248
v -8.108438 9.809907 9.438435
v -8.119949 9.270678 7.847516
v -8.077110 9.343581 -4.827110
v -8.121040 9.747568 -6.490996
v -8.097627 19.250000 -0.041241
v -8.011814 19.240122 -4.252209
v -8.066592 8.269978 10.436507
v -7.936092 7.510071 7.671349
v -7.952619 7.502112 -4.746363
v -7.962780 8.223520 -7.520955
v -8.067298 11.122181 8.184739
v -8.102800 11.044002 -5.284848
v -8.070760 19.271553 5.810415
v -8.040893 28.750000 -8.488045
v -7.924253 9.183793 9.853189
v -7.970905 8.591400 7.729149
v -8.095042 9.180913 -6.856391
v -7.915663 11.377769 8.427951
v -8.064060 10.906508 7.891510
v -8.054903 10.954773 -4.964837
v -7.943220 11.336298 -5.501440
v -8.042087 8.625298 10.352820
v -7.992571 7.840580 7.567796
v -8.019019 7.767220 -4.655331
v -8.023800 8.563624 -7.458810
v -8.007888 19.250000 -3.743612
v -7.968811 19.250000 5.497024
v -7.997179 19.250000 5.201907
v -8.045192 28.750000 -4.013718
v -7.951488 10.620717 9.317054
v -7.913386 10.263625 7.466922
v -7.995072 10.057722 -4.604950
v -7.959215 10.570243 -6.395442
v -7.916556 8.843623 10.267776
v -7.797970 8.042895 7.533078
v -8.029410 8.055588 -4.640103
v -7.922100 8.769436 -7.385224
v -7.924175 7.381538 10.755289
v -7.924175 6.605082 7.857512
v -7.924175 6.605081 -4.922793
v -7.924175 7.381536 -7.820570
v -7.919005 38.665031 -11.019553
v -7.905543 19.250000 -2.639009
v -7.876787 9.293980 9.656600
v -7.910920 8.811918 -4.938846
v -7.847551 9.262359 -6.736741
v -7.944139 11.181167 8.802253
v -7.865479 10.949716 7.571116
v -7.845895 11.039207 -4.659659
v -7.896600 11.274010 -5.868558
v -7.861781 28.750000 -7.566513
v -7.846236 28.750000 -7.358763
v -7.802759 9.986929 9.642938
v -7.856356 9.248895 7.603821
v -7.838888 9.354462 -4.617554
v -7.843595 9.821075 -6.723879
v -7.844913 5.500000 8.279624
v -7.844913 6.500000 7.895162
v -7.844913 6.000000 0.929952
v -7.844913 6.500000 0.929952
v -7.844913 6.000000 -0.020049
v -7.844913 6.500000 -0.020049
v -7.844913 6.500000 -4.960443
v -7.825443 5.512752 -5.347879
v -7.792258 19.250000 -3.800673
v -7.767717 9.021413 10.120705
v -7.845948 8.336628 7.585885
v -7.807522 8.373011 -4.662214
v -7.792095 8.943843 -7.263594
v -7.831960 7.621748 10.322069
v -7.870109 7.054122 8.092723
v -7.882770 7.613575 -7.410960
v -7.783999 28.750000 -7.786317
v -7.820278 38.104939 -9.153656
v -7.714997 39.534664 -10.459508
v -7.872257 11.420880 8.094210
v -7.804572 11.507159 -5.103478
v -7.870874 7.970428 10.452356
v -7.744195 7.219927 7.834329
v -7.848599 7.205785 -4.950950
v -7.769275 7.850784 -7.502751
v -7.644049 19.261839 -2.620856
v -7.841733 11.338785 7.841822
v -7.797809 11.383560 -4.871980
v -7.647463 9.147156 9.939788
v -7.694026 8.514790 7.658132
v -7.819964 9.144387 -7.010426
v -7.758669 28.750000 -7.157283
v -7.743939 0.000001 13.274022
v -7.676840 0.250001 13.222080
v -7.723593 0.000001 9.040372
v -7.701838 0.250001 9.068723
v -7.721677 -0.000000 -6.108149
v -7.805641 0.250000 -6.042695
v -7.723593 -0.000001 -10.348290
v -7.723593 0.249999 -10.348290
v -7.728095 11.294147 9.027541
v -7.701992 10.794972 7.361010
v -7.761530 10.781209 -4.480633
v -7.754316 11.203548 -6.140346
v -7.643311 10.703215 9.502102
v -7.713493 9.912748 7.337697
v -7.686525 9.936518 -4.384117
v -7.632230 10.690063 -6.578833
v -7.693740 27.731749 -7.219459
v -7.599829 8.193048 10.508907
v -7.565864 7.390268 7.697506
v -7.618137 7.351246 -4.791302
v -7.639416 8.137217 -7.567675
v -7.533271 27.775761 -6.102347
v -7.632853 9.228647 9.767912
v -7.738361 8.735456 7.818069
v -7.679858 8.721825 -4.858832
v -7.628027 9.256269 -6.834733
v -7.630171 27.750000 -7.008997
v -7.673235 27.775217 -7.528395
v -7.621817 11.710676 8.576930
v -7.648453 11.655866 -5.694581
v -7.635650 28.750000 -7.966197
v -7.596321 28.750000 -6.974669
v -7.765956 8.494254 10.454036
v -7.643413 7.675632 7.557208
v -7.656680 7.579434 -4.659780
v -7.739125 8.496758 -7.523213
v -7.594410 17.233278 -4.760538
v -7.608823 11.731286 -4.908820
v -7.525644 12.005204 8.052066
v -7.640749 11.688484 7.862973
v -7.569582 11.900437 -5.179217
v -7.754369 18.902218 1.542263
v -7.561273 9.813512 9.794214
v -7.550663 9.083590 7.536646
v -7.626296 9.105056 -4.621650
v -7.573695 9.707037 -6.854833
v -7.549541 8.720513 10.376669
v -7.474236 7.905379 7.534346
v -7.573192 7.933375 -4.582914
v -7.553995 8.740722 -7.426804
v -7.490833 27.886297 -7.815291
v -7.580123 7.273965 10.734941
v -7.584429 6.534087 7.928434
v -7.529453 6.547127 -5.022953
v -7.549175 7.271252 -7.797207
v -7.546033 7.537658 10.304249
v -7.587737 6.975126 8.161679
v -7.704424 6.988678 -5.196850
v -7.580485 7.547789 -7.371679
v -7.534723 19.250000 -3.780277
v -7.455589 28.769939 -8.063334
v -7.393364 28.750000 -6.911827
v -7.484826 8.952498 10.184650
v -7.471491 8.262882 7.572437
v -7.621896 8.185497 -4.613258
v -7.453748 9.022249 -7.160462
v -7.539823 19.250000 -1.706096
v -7.499952 11.965347 8.353070
v -7.525099 11.609594 7.570905
v -7.539474 11.616040 -4.664244
v -7.456305 12.028136 -5.451457
v -7.533893 11.193612 7.370350
v -7.446527 11.341909 -4.423407
v -7.474385 27.750000 -6.812352
v -7.424592 11.386692 9.188848
v -7.473143 10.722162 7.203493
v -7.524700 10.629912 -4.297077
v -7.525775 11.315641 -6.246804
v -7.417503 8.441325 -4.712958
v -7.479435 7.885642 10.465210
v -7.368203 7.127771 7.942424
v -7.481201 7.101061 -5.027442
v -7.414477 7.764592 -7.480387
v -7.383103 12.982636 7.708592
v -7.383112 12.997037 -4.782625
v -7.338686 9.175225 9.813614
v -7.351635 8.630519 7.774737
v -7.317931 8.611215 -4.854934
v -7.394729 9.175415 -6.881056
v -7.333798 19.250000 -3.661983
v -7.389504 10.439170 9.706252
v -7.389052 9.962204 7.196206
v -7.345546 9.914794 -4.256101
v -7.317381 10.621280 -6.728691
v -7.372813 13.243623 7.637786
v -7.369205 13.250031 -4.730724
v -7.339051 13.001785 7.992466
v -7.337100 13.034237 7.348263
v -7.352110 12.927853 -4.491055
v -7.330170 12.972819 -5.075814
v -7.389115 12.293365 7.822428
v -7.324811 18.739342 0.031958
v -7.249275 27.746033 -6.705044
v -7.341932 12.834296 7.478183
v -7.341614 13.247974 7.942410
v -7.296619 13.208281 7.304625
v -7.341579 13.173821 -4.463850
v -7.342453 13.227732 -5.017846
v -7.277400 12.103533 8.614630
v -7.295914 11.707666 -4.422010
v -7.257324 12.108567 -5.704405
v -7.208160 8.107391 10.451992
v -7.218259 7.349047 7.774404
v -7.319438 7.368380 -4.786772
v -7.264509 8.090271 -7.537776
v -7.329918 19.250000 -2.750722
v -7.192158 28.216211 -8.446925
v -7.309532 12.517436 8.047302
v -7.257652 12.378582 7.504569
v -7.284018 12.500127 -4.650286
v -7.325798 12.468502 -5.050247
v -7.288992 17.119246 -5.119648
v -7.292442 12.668581 7.802508
v -7.286379 12.710821 -4.763332
v -7.292496 13.393176 7.538451
v -7.273530 13.411089 -4.585018
v -7.279591 7.439127 10.212369
v -7.279591 6.926415 8.298903
v -7.354314 6.937461 -5.328053
v -7.281927 7.435086 -7.286270
v -7.259342 12.786411 8.014851
v -7.249501 12.646495 7.508549
v -7.240608 12.657707 -4.484401
v -7.275019 12.769239 -4.993011
v -7.192279 27.778418 -7.910058
v -7.214451 13.528649 7.860909
v -7.229224 13.333021 -4.336522
v -7.269092 13.464321 -4.929424
v -7.248798 13.051677 8.218447
v -7.215654 12.797662 -4.212951
v -7.244705 13.095530 -5.299100
v -7.288451 9.726728 9.848541
v -7.271667 8.996655 7.525204
v -7.255590 9.083377 -4.531248
v -7.240243 9.829222 -6.908124
v -7.236248 0.000001 12.636127
v -7.246837 0.250001 12.661690
v -7.246837 0.000001 9.661692
v -7.263852 0.250001 9.639518
v -7.246837 -0.000001 -6.726973
v -7.256203 0.249999 -6.714767
v -7.246837 -0.000001 -9.726973
v -7.242756 0.249999 -9.678533
v -7.360793 8.424653 10.454875
v -7.224030 7.628098 7.627354
v -7.182384 7.626972 -4.711553
v -7.368857 8.415827 -7.524739
v -7.236816 12.744692 7.215257
v -7.324598 12.342186 8.281487
v -7.235822 12.013649 7.365218
v -7.287345 12.139967 -4.516992
v -7.330993 12.346464 -5.319788
v -7.213313 13.352991 8.211081
v -7.229362 12.985121 7.104592
v -7.230998 13.045912 -4.167702
v -7.227687 13.351103 -5.254438
v -7.174812 19.272171 -2.984825
v -7.203430 7.155789 10.592933
v -7.211456 6.459104 8.101833
v -7.202410 6.484922 -5.173759
v -7.199730 7.142025 -7.676697
v -7.193132 28.750000 -8.088919
v -7.190008 18.542709 10.069319
v -7.185529 19.250000 -3.482038
v -7.140717 12.803813 8.257606
v -7.136239 12.470077 -4.370611
v -7.201488 12.748446 -5.233454
v -7.182749 28.750000 -6.899230
v -7.185051 8.588235 10.365101
v -7.174984 7.870767 7.592905
v -7.215853 7.895646 -4.649462
v -7.241239 8.636126 -7.418471
v -7.146317 11.310465 9.360927
v -7.210855 10.530056 7.111333
v -7.173306 10.634613 -4.162912
v -7.248613 11.200298 -6.464363
v -7.204992 13.418230 7.335798
v -7.089021 13.593473 8.103024
v -7.183980 13.209538 7.096803
v -7.129800 13.251791 -4.116504
v -7.127190 13.530001 -5.218011
v -7.122998 8.774688 10.219483
v -7.163842 8.076514 7.608680
v -7.206370 8.144490 -4.671025
v -7.103754 8.798373 -7.259007
v -7.121856 9.094508 9.796323
v -7.016428 8.561684 7.874908
v -6.963202 8.544585 -4.973516
v -7.172994 9.107645 -6.872137
v -7.144023 11.856858 8.919322
v -7.245563 11.536134 7.300842
v -7.055678 11.603669 -4.255899
v -7.227219 8.993963 10.037474
v -7.098703 8.322604 7.703535
v -6.955588 8.337458 -4.849580
v -7.125844 8.990913 -7.066000
v -7.120955 19.250000 -3.178241
v -7.091670 13.647658 7.556864
v -7.095784 15.469170 7.035301
v -7.095784 15.577640 -4.071517
v -7.087574 13.630610 -4.526388
v -7.100232 12.558583 8.450805
v -7.106295 12.078815 -4.318564
v -7.074882 12.484234 -5.590476
v -7.201055 7.692434 10.344751
v -7.079009 7.119542 8.034827
v -7.130623 7.082208 -5.137871
v -7.121450 7.707664 -7.404037
v -7.041795 13.289897 8.466075
v -7.080906 12.753807 6.957420
v -7.061402 12.643595 -4.070005
v -7.106321 13.047826 -5.486719
v -7.076110 13.023271 8.461851
v -7.017967 13.733934 7.881802
v -7.054568 13.582507 7.253683
v -7.063716 13.672690 -4.843013
v -7.118884 10.531302 9.723024
v -7.061201 9.884383 7.166929
v -7.026261 9.764915 -4.255543
v -7.053074 10.478569 -6.817974
v -7.059678 7.326536 10.077164
v -7.077321 6.915651 8.468138
v -7.050792 6.914238 -5.555615
v -7.034727 7.323097 -7.098129
v -7.042285 12.968533 6.870256
v -7.058608 12.910421 -3.955347
v -7.085009 13.336361 -5.464156
v -7.041955 15.653337 7.398749
v -7.034433 15.520351 6.636748
v -7.037533 15.367924 -3.707190
v -7.046669 15.635942 -4.455740
v -7.132099 18.527143 1.760020
v -6.979730 28.750000 -8.014759
v -7.038558 12.434978 7.184352
v -6.947252 12.414808 -4.181599
v -7.046526 12.772936 -5.473955
v -7.149538 38.852936 -9.836844
v -7.113188 11.075178 7.147785
v -7.010278 13.515274 8.353149
v -6.966320 13.166770 -3.922941
v -7.004081 13.566161 -5.344410
v -6.963448 16.000000 6.831953
v -6.975997 15.983211 -3.902143
v -6.978810 17.057138 -5.432739
v -6.942466 7.893148 10.324507
v -6.938967 7.315414 7.917711
v -7.038287 7.326817 -4.922726
v -6.932729 7.940408 -7.400872
v -6.939135 13.479715 7.017530
v -7.000494 13.526707 -4.194336
v -6.972806 13.693475 -5.116161
v -6.984056 16.517815 6.851936
v -6.966241 16.478289 -4.093671
v -6.946974 16.087709 7.123496
v -6.941177 16.000000 -4.271711
v -6.966241 16.264341 6.738985
v -6.948374 16.237133 -3.901907
v -6.941914 0.000001 11.898484
v -6.941990 0.250001 11.899066
v -6.947136 0.000001 10.385240
v -6.934763 0.250001 10.479218
v -6.947136 -0.000001 -7.450516
v -6.929937 0.249999 -7.581156
v -6.983017 -0.000001 -9.090055
v -6.939263 0.249999 -8.943629
v -6.924419 9.777453 9.821649
v -6.967433 8.971255 7.556884
v -6.881414 9.074206 -4.582542
v -7.001194 9.550072 -6.896600
v -6.918537 16.500000 7.395946
v -6.943102 16.525740 -4.466672
v -6.939758 12.396907 8.686991
v -6.976860 12.096080 7.169262
v -6.898056 12.068975 -4.189609
v -6.724148 12.491198 -5.787479
v -6.974647 13.207274 6.888024
v -6.886701 15.660586 7.775877
v -6.916649 15.261227 6.357567
v -6.874446 15.443033 -3.337559
v -6.912618 15.619383 -4.803723
v -6.902933 7.004186 10.404256
v -6.901954 6.446733 8.355111
v -6.921374 6.483834 -5.416981
v -6.866655 6.982597 -7.426533
v -6.965059 11.511007 7.160712
v -6.823709 11.459656 -4.191766
v -7.065645 11.776842 -6.078887
v -6.896856 28.750000 -7.020586
v -6.931499 27.750000 -7.860849
v -6.886106 16.003809 6.514251
v -6.885791 15.929108 -3.504931
v -6.915696 8.181155 10.346002
v -6.872236 7.530670 7.824098
v -6.816012 7.513414 -4.946161
v -6.902428 8.238125 -7.404961
v -6.894328 27.754904 -6.707987
v -6.893220 9.008512 9.720271
v -6.884339 9.006672 -6.779695
v -6.878280 40.287270 -11.146904
v -6.909229 7.246793 9.877997
v -6.858889 6.936581 8.768318
v -6.885649 6.937006 -5.744558
v -6.864294 7.216216 -6.875688
v -6.863680 12.564855 6.858666
v -6.850348 12.504860 -3.969968
v -6.865369 13.012060 -5.703456
v -6.865851 16.030951 7.497373
v -6.863347 16.086393 -4.573454
v -6.891692 11.041409 9.526196
v -6.902128 10.551857 7.077185
v -6.844332 10.548912 -4.141016
v -6.871418 11.165795 -6.539818
v -6.855646 13.186021 8.651146
v -6.815621 12.755072 6.738062
v -6.896535 12.733100 -3.864562
v -6.915430 13.223338 -5.655756
v -6.872155 16.250000 6.470774
v -6.810366 16.250000 -3.382256
v -6.868159 12.786113 8.555682
v -6.823898 12.387774 7.032934
v -6.782698 12.765409 -5.672963
v -6.858635 0.000001 11.057463
v -6.845399 0.250001 11.157998
v -6.844913 -0.000001 -8.226973
v -6.844913 0.249999 -8.226973
v -6.844617 19.250000 -5.559948
v -6.896029 8.897279 9.931000
v -6.779077 8.255028 7.869153
v -6.831422 8.890326 -6.942005
v -6.754670 38.597729 -10.958087
v -6.847695 8.488908 10.238745
v -6.865750 7.831351 7.742641
v -6.883447 7.814106 -4.799922
v -6.862726 8.471058 -7.318635
v -6.857324 13.408244 -5.626489
v -6.820140 13.722691 8.216509
v -6.768429 13.362415 6.841216
v -6.828125 13.370925 -3.960718
v -6.808061 13.739381 -5.289497
v -6.745142 8.668588 10.035300
v -6.889480 8.087737 7.739247
v -6.766013 8.115711 -4.897410
v -6.783962 8.668987 -7.140526
v -6.807953 7.612532 10.155309
v -6.853192 7.070566 8.293386
v -6.778697 7.098448 -5.393969
v -6.894677 7.544432 -7.213299
v -6.793447 28.750000 -7.862788
v -6.745789 28.750000 -7.205270
v -6.778676 16.500000 7.733600
v -6.778676 16.500000 -4.798883
v -6.744206 18.374369 10.063062
v -6.764921 13.043837 6.703516
v -6.791034 12.983548 -3.770815
v -6.772167 7.132777 9.594379
v -6.755857 6.983842 9.042575
v -6.763261 6.937169 -6.035701
v -6.731744 27.750000 -7.750740
v -6.691278 28.750000 -5.560633
v -6.639693 27.740440 -6.897502
v -6.752323 11.119758 7.111563
v -6.657002 11.201161 -4.186333
v -6.718034 7.027438 9.336612
v -6.732928 7.059278 -6.484120
v -6.782548 10.394650 9.736341
v -6.744605 9.626359 7.280570
v -6.696441 9.789307 -4.300934
v -6.773653 10.313192 -6.810219
v -6.695122 28.761076 -7.655710
v -6.651278 12.423828 8.766470
v -6.775540 11.838544 7.086293
v -6.709971 11.889921 -4.137248
v -6.778805 13.504082 8.557848
v -6.788974 13.580795 -5.527371
v -6.599951 7.847264 10.081750
v -6.731142 7.279925 8.119743
v -6.722843 7.265682 -5.207870
v -6.697485 7.854455 -7.244722
v -6.712827 16.244001 6.130389
v -6.675269 16.250000 -3.124248
v -6.655322 8.897783 9.545128
v -6.672929 8.521678 8.123252
v -6.672929 8.521677 -5.188532
v -6.647564 8.917866 -6.612841
v -6.713305 16.066984 7.815001
v -6.721115 16.031492 -4.865598
v -6.672520 15.727306 8.061347
v -6.660672 15.240910 6.001050
v -6.688505 15.118294 -3.128279
v -6.710898 15.661682 -5.085120
v -6.670726 28.750000 -7.420270
v -6.690757 6.891929 10.107613
v -6.673759 6.474041 8.662992
v -6.703132 6.491304 -5.702441
v -6.669400 6.862664 -7.183146
v -6.678872 18.698349 -1.541336
v -6.795843 11.994924 8.944303
v -6.551916 11.560892 7.100382
v -6.556999 11.609744 -4.156502
v -6.619770 11.949383 -6.047746
v -6.650215 9.516942 9.729418
v -6.630218 9.048282 7.632800
v -6.663325 8.898144 -4.805120
v -6.628751 9.667206 -6.790929
v -6.387274 28.222708 -6.509350
v -6.604638 12.762755 8.678272
v -6.562816 12.270557 6.969141
v -6.680675 12.298726 -4.056639
v -6.632463 13.703738 8.390050
v -6.575831 13.296041 6.714695
v -6.619231 13.310309 -3.795763
v -6.610657 13.727385 -5.450311
v -6.583508 13.061875 8.772354
v -6.670259 12.423416 6.859827
v -6.614249 12.965231 -5.819897
v -6.587898 17.055012 -5.763497
v -6.731707 39.715073 -11.978628
v -6.691721 7.435470 9.919682
v -6.633800 7.090938 8.601633
v -6.595154 7.124350 -5.618979
v -6.646116 7.444417 -6.960480
v -6.588693 12.558260 6.706364
v -6.638826 12.556087 -3.798652
v -6.556365 8.719382 9.723881
v -6.602190 8.294797 8.034164
v -6.601495 8.275025 -5.093201
v -6.567050 8.739252 -6.784088
v -6.619947 8.136856 10.141012
v -6.569476 7.523574 8.084963
v -6.537739 7.505304 -5.213641
v -6.586788 8.088088 -7.189058
v -6.544410 27.750000 -7.494337
v -6.606138 16.522005 7.994750
v -6.575355 16.488756 -5.064740
v -6.566734 13.292327 8.755424
v -6.573235 12.784764 6.627999
v -6.641504 12.792907 -3.717228
v -6.570715 13.269350 -5.824384
v -6.513456 11.228824 9.358725
v -6.526402 10.615946 7.140578
v -6.512557 10.599707 -4.210490
v -6.529458 11.114561 -6.492529
v -6.516814 8.524862 9.885008
v -6.578723 7.987082 7.973833
v -6.520453 7.976336 -5.098998
v -6.542326 8.569707 -6.964226
v -6.566637 8.355642 10.048993
v -6.589338 7.756023 7.976562
v -6.614640 7.717769 -5.033278
v -6.515268 8.321454 -7.068131
v -6.506316 27.738386 -7.207878
v -6.540436 6.711520 9.800912
v -6.528674 6.532607 9.022291
v -6.518880 6.540866 -6.138014
v -6.550699 6.761898 -6.875693
v -6.502162 8.802116 9.346655
v -6.500830 8.535704 8.364861
v -6.535509 8.544250 -5.362199
v -6.491481 8.792440 -6.386890
v -6.481740 18.359447 0.198133
v -6.520052 13.490500 8.667009
v -6.569698 13.512799 -5.694293
v -6.551439 19.250000 -3.303216
v -6.402269 18.299149 2.169471
v -6.316930 12.430432 8.759583
v -6.520483 11.977381 7.045514
v -6.378703 12.463358 -5.826130
v -6.483034 6.598714 9.392167
v -6.482240 6.634261 -6.524501
v -6.479763 7.326570 9.532969
v -6.446278 7.198362 8.921704
v -6.456633 7.182401 -5.948761
v -6.504425 7.295067 -6.574499
v -6.478853 16.090096 8.092243
v -6.485593 16.029768 -5.149073
v -6.416576 7.663474 9.795418
v -6.447601 7.305975 8.507778
v -6.478517 7.331780 -5.462780
v -6.454565 7.690931 -6.943250
v -6.458067 13.020025 6.616027
v -6.473997 12.942990 -3.670331
v -6.479597 16.250000 5.824723
v -6.434175 16.250000 -2.828658
v -6.476407 7.205534 9.214708
v -6.476570 7.198690 -6.226752
v -6.404119 10.263331 9.621262
v -6.423922 9.599019 7.428865
v -6.421537 9.731973 -4.438086
v -6.414161 10.250903 -6.692423
v -6.408355 8.717651 9.126678
v -6.385593 8.613273 8.681606
v -6.408731 8.575912 -5.664458
v -6.391024 8.694082 -6.092303
v -6.497083 11.803102 9.015836
v -6.369488 11.286991 7.185857
v -6.354731 11.404618 -4.229901
v -6.351927 11.599874 -6.139539
v -6.383379 8.627617 9.466841
v -6.458311 8.235035 8.192959
v -6.388358 8.310471 -5.392012
v -6.380255 8.628716 -6.516387
v -6.339384 12.703888 8.714275
v -6.292078 12.224300 6.973417
v -6.354526 12.204641 -4.038431
v -6.430842 12.718068 -5.779924
v -6.459836 9.298121 9.555207
v -6.449659 8.910407 7.894068
v -6.409201 8.961263 -4.938155
v -6.427786 9.372980 -6.626606
v -6.356147 13.669349 8.497808
v -6.344407 13.201831 -3.719532
v -6.364006 13.671104 -5.561510
v -6.379328 8.650043 8.906274
v -6.372338 15.721446 8.311103
v -6.350835 15.109026 5.784928
v -6.352368 15.138751 -2.846891
v -6.386145 15.608909 -5.380518
v -6.326960 12.908195 8.807937
v -6.356594 12.371601 6.774684
v -6.355001 13.015991 -5.884018
v -6.375103 8.001824 9.859072
v -6.424094 7.498039 8.320802
v -6.335724 7.532710 -5.526623
v -6.329494 7.934680 -6.847585
v -6.336255 18.282270 10.121269
v -6.355544 8.487642 9.625753
v -6.316195 8.047471 8.326774
v -6.324919 8.013165 -5.367677
v -6.358439 8.490901 -6.692563
v -6.206747 13.125839 8.819351
v -6.258786 12.595745 6.635201
v -6.325775 12.453161 -3.776227
v -6.328807 8.265841 9.739568
v -6.354485 7.772683 8.275567
v -6.362921 7.714221 -5.353651
v -6.319423 8.206685 -6.825234
v -6.283175 7.579316 9.459425
v -6.278964 7.434926 8.868966
v -6.337329 7.396771 -5.741247
v -6.342310 7.583111 -6.674251
v -6.253682 19.253920 -5.717248
v -6.293644 19.250000 -5.450683
v -6.265970 8.499059 9.191363
v -6.317421 8.355725 8.515291
v -6.264102 8.493524 -6.287209
v -6.320203 12.697488 -3.671068
v -6.296444 13.251419 -5.873293
v -6.282855 16.488880 8.233606
v -6.224654 16.500000 -5.328544
v -6.182136 17.209089 -6.102145
v -6.272895 7.441826 9.160014
v -6.270911 7.442919 -6.199424
v -6.261701 10.804441 9.395735
v -6.280395 10.388749 7.269839
v -6.296043 10.264812 -4.359454
v -6.251159 11.002953 -6.401108
v -6.220917 11.847417 7.119772
v -6.227435 12.011954 -4.124003
v -6.251471 19.270300 -5.251820
v -6.559688 27.760176 -8.319366
v -6.245561 8.455688 8.914557
v -6.261751 8.441167 -5.888223
v -6.260681 28.750000 -9.665458
v -6.260638 13.334041 8.776535
v -6.207864 12.819166 6.587871
v -6.277218 13.447670 -5.779711
v -6.235169 9.252670 9.314873
v -6.253783 8.916566 8.185620
v -6.270887 8.887544 -5.272129
v -6.238509 9.231015 -6.366804
v -6.195114 7.847971 9.444508
v -6.238087 7.607642 8.649607
v -6.205385 7.660227 -5.771000
v -6.241582 7.807526 -6.618348
v -6.237302 11.356979 9.142761
v -6.193012 11.044809 -4.347056
v -6.212420 8.339001 9.352175
v -6.195689 8.133929 8.629906
v -6.233404 8.185621 -5.647572
v -6.214403 8.295116 -6.460419
v -6.125689 16.070816 8.311590
v -6.114172 16.059731 -5.380861
v -6.227259 13.515877 8.661708
v -6.159838 12.867045 -3.666502
v -6.191904 11.711111 8.933334
v -6.133034 11.057827 7.331019
v -6.074701 11.458945 -4.363478
v -6.133428 19.275089 -5.081532
v -6.168561 8.077967 9.404997
v -6.173464 7.872623 8.661052
v -6.192407 7.898354 -5.682191
v -6.201088 8.042539 -6.555030
v -6.156317 39.776508 -10.680403
v -6.155964 7.703216 9.116516
v -6.178694 7.696793 -6.266302
v -6.190280 13.105462 6.648731
v -6.093641 13.149643 -3.707283
v -6.155633 13.602031 -5.628992
v -6.149036 8.189205 8.972797
v -6.151089 8.177287 -6.017938
v -6.119098 10.188167 9.403071
v -6.180180 9.544902 7.662817
v -6.183259 9.593406 -4.690692
v -6.143340 10.234118 -6.485439
v -6.126665 7.922719 9.036107
v -6.134739 7.925433 -6.185856
v -6.162538 16.245335 5.591328
v -6.097737 16.250000 -2.611942
v -6.089726 12.765595 8.755427
v -6.089682 12.287663 6.866919
v -6.131660 12.280832 -3.938054
v -6.082062 12.827442 -5.850816
v -6.117974 9.154757 9.038853
v -6.046001 9.144483 8.407093
v -6.062659 9.115536 -5.453740
v -6.047361 9.328087 -6.096673
v -6.071929 19.250000 -5.986934
v -6.111580 9.019934 8.750385
v -6.050682 9.108607 -5.787753
v -6.094507 12.108389 8.769948
v -6.091897 12.185119 -5.811055
v -5.979650 12.958292 8.791580
v -6.027955 12.434956 6.735858
v -6.010868 12.431082 -3.810664
v -6.069161 15.592025 8.465725
v -6.034980 14.864447 5.715612
v -6.021895 14.924700 -2.746473
v -6.001896 15.591132 -5.552756
v -5.964094 18.375143 -1.270056
v -6.000791 10.983313 9.114684
v -5.996096 10.307248 7.537683
v -6.024186 10.501725 -4.526501
v -5.973560 10.993536 -6.134191
v -5.962505 10.734529 7.511866
v -5.933115 13.220128 8.755601
v -5.969384 12.632472 6.660586
v -5.950827 12.625462 -3.735857
v -6.031449 13.138209 -5.867122
v -5.964502 11.622509 8.775465
v -5.964484 11.029007 -4.548911
v -6.002790 11.586371 -5.885901
v -6.022348 12.562816 8.655775
v -6.009092 12.122535 7.099444
v -6.037181 12.163916 -4.134241
v -5.987177 12.612191 -5.723711
v -5.897479 13.334406 -5.761522
v -5.969923 9.901303 9.185561
v -5.929445 9.703951 7.900813
v -5.946112 9.747182 -4.919306
v -5.966778 9.942706 -6.266561
v -5.866728 16.500000 8.394040
v -5.844350 16.507700 -5.469970
v -5.923840 19.250000 -4.931184
v -5.919923 13.464221 8.625970
v -5.942481 12.846914 6.647380
v -5.889508 12.876143 -3.737525
v -5.939502 13.542439 8.545788
v -5.888093 13.091889 6.694510
v -5.911100 13.552680 -5.588411
v -5.773358 18.250000 10.173651
v -5.694156 16.000000 8.434704
v -5.785826 16.000000 -5.488064
v -5.866739 41.017311 -11.813703
v -5.807548 12.229734 8.501604
v -5.943430 11.605761 7.360204
v -5.933478 11.808002 -4.370764
v -5.891366 12.234550 -5.648705
v -5.836158 12.762789 8.707624
v -5.837911 12.275924 6.954583
v -5.897031 12.298111 -3.974324
v -5.840549 12.816447 -5.787884
v -5.793712 11.279776 8.628188
v -5.870490 11.198722 7.600872
v -5.844214 11.391779 -4.635323
v -5.830905 11.500966 -5.681271
v -5.801316 10.896026 -4.805021
v -5.811773 11.096475 -5.834033
v -5.831464 10.642003 8.978662
v -5.800772 10.484801 7.777002
v -5.817470 10.401672 -4.813794
v -5.832310 10.606056 -6.043810
v -5.804283 9.977535 8.877625
v -5.806512 9.781645 8.186399
v -5.836445 9.690004 -5.249879
v -5.814951 9.987957 -5.967968
v -5.867364 15.835190 5.468813
v -5.892582 15.840541 -2.543447
v -5.783634 18.651920 -2.805303
v -5.759154 19.250000 -6.105740
v -5.786165 12.495605 8.509701
v -5.757924 12.161452 7.261171
v -5.775139 12.119390 -4.349225
v -5.721657 12.457529 -5.500717
v -5.752379 12.463319 6.828799
v -5.772198 19.250000 -4.891967
v -5.748468 9.911946 8.524354
v -5.791656 9.736383 -5.636678
v -5.435568 28.087164 -9.321891
v -5.734205 16.250000 5.408656
v -5.734205 16.250000 -2.473938
v -5.718208 11.387536 8.294926
v -5.725763 11.313080 7.889328
v -5.730283 11.317467 -4.937080
v -5.698040 11.641714 -5.381876
v -5.678673 12.034326 8.281610
v -5.768375 11.739419 7.533550
v -5.703160 11.836582 -4.693312
v -5.765828 11.953001 -5.535535
v -5.707894 13.026261 8.692286
v -5.714325 12.487034 -3.908149
v -5.768887 13.034583 -5.786638
v -6.005582 27.750000 -7.386067
v -5.714628 11.122352 -5.543878
v -5.699995 11.303158 -5.243960
v -5.698565 10.631046 8.672606
v -5.712568 10.336990 8.094296
v -5.717108 10.335056 -5.132493
v -5.696198 10.620746 -5.731848
v -5.708973 13.235077 8.649088
v -5.670688 12.712574 6.781606
v -5.626119 13.199139 -5.664984
v -5.684426 13.486242 8.446801
v -5.660229 12.998739 6.824010
v -5.791402 13.061785 -3.818055
v -5.644550 13.491417 -5.491666
v -5.654499 12.758739 -3.856993
v -5.661470 10.671510 8.320830
v -5.661292 10.594056 -5.379329
v -5.670094 15.525020 8.553837
v -5.639800 14.908188 5.634332
v -5.652201 14.735281 -2.770924
v -5.602570 15.584867 -5.616682
v -5.650493 11.882502 7.743246
v -5.634688 12.104528 -5.268115
v -5.591301 12.719581 8.559917
v -5.579998 12.343409 7.076779
v -5.707607 12.284171 -4.110923
v -5.610116 12.708229 -5.633289
v -5.600385 12.182674 -4.599446
v -5.550133 19.250000 -6.063415
v -5.493192 19.260979 -4.930091
v -5.639634 11.796471 8.043721
v -5.608158 11.998492 -4.976109
v -5.104300 16.500000 8.433599
v -5.354962 16.511808 -5.510691
v -5.561481 17.606695 -6.570904
v -5.585961 12.360488 8.212696
v -5.619622 12.141735 7.529968
v -5.560992 12.362189 -5.258389
v -5.528275 12.226624 7.892050
v -5.485262 12.285517 -4.988640
v -5.465266 12.937503 8.510307
v -5.529987 12.547712 6.948437
v -5.485707 12.433241 -4.159763
v -5.570420 12.922788 -5.658413
v -5.472190 13.356598 8.302917
v -5.510732 13.022746 6.959879
v -5.521957 13.055685 -3.986063
v -5.446026 13.392793 -5.337461
v -5.475370 12.552501 8.362121
v -5.470224 12.314860 7.292880
v -5.455421 12.304200 -4.402066
v -5.476498 12.553185 -5.428795
v -5.507415 13.205915 8.480017
v -5.465238 12.738895 6.949790
v -5.486289 12.688505 -4.005620
v -5.449969 13.219312 -5.472668
v -5.441115 13.005014 -5.539232
v -5.528996 15.921464 5.379133
v -5.483909 15.897910 -2.440859
v -5.422878 40.002281 -12.240943
v -5.403249 40.291031 -12.504683
v -5.339591 12.737319 8.308380
v -5.365166 12.792295 -5.431821
v -5.347300 12.474548 8.075792
v -5.430217 12.279003 7.623171
v -5.373717 12.319300 -4.662317
v -5.305921 12.539094 -5.151669
v -5.370220 39.681110 -11.947603
v -5.457535 19.250000 -6.625574
v -5.086657 16.250000 5.360863
v -5.046220 16.250000 -2.427026
v -5.545131 39.853737 -11.490618
v -5.296306 13.301270 8.063233
v -5.365480 13.034542 7.145454
v -5.339654 13.035120 -4.248447
v -5.321633 13.248360 -5.194497
v -5.326192 12.391897 7.776011
v -5.280420 12.453178 -4.878533
v -5.275201 39.931156 -11.799584
v -5.268293 19.250000 -5.933599
v -5.218311 16.000000 8.433599
v -5.331937 15.976423 -5.502854
v -5.324533 12.541806 7.226489
v -5.310460 12.545649 -4.325660
v -5.318247 12.791497 7.150641
v -5.290407 12.757616 -4.252732
v -5.317330 13.015499 8.309915
v -5.300954 13.050675 -5.337963
v -5.244802 40.725479 -12.874328
v -5.273377 28.750000 -6.653208
v -5.217391 15.414239 8.508547
v -5.299551 14.658539 5.775253
v -5.297997 14.647086 -2.849457
v -5.308340 15.370658 -5.597004
v -5.245637 13.071601 7.416662
v -5.234932 13.061898 -4.517893
v -5.239875 13.230455 -4.981169
v -4.911215 27.750000 -9.211987
v -5.185124 40.485867 -11.328295
v -5.187115 19.250000 -5.148187
v -5.034734 18.343229 -2.446028
v -5.211569 13.172117 7.733293
v -5.203977 13.147330 -4.728283
v -5.227812 12.743407 8.104782
v -5.294546 12.440341 7.482516
v -5.248977 12.510158 -4.575572
v -5.219169 12.758306 -5.162188
v -5.205352 13.007750 8.029735
v -5.193226 12.727942 7.449876
v -5.189258 12.716907 -4.532741
v -5.184420 12.956626 -5.070189
v -5.265362 19.231493 -4.562835
v -5.205884 12.581214 7.769617
v -5.183655 12.633269 -4.819611
v -5.152330 12.858869 7.807753
v -5.151019 12.870646 -4.774924
v -5.132896 40.167072 -11.724174
v -5.104434 19.250000 -5.656956
v -5.157413 18.250406 -1.029565
v -5.107653 19.250000 -5.398501
v -4.994647 16.000000 5.361743
v -5.061437 16.000000 -2.427026
v -4.882728 40.897514 -13.058615
v -4.946288 40.356083 -11.701843
v -4.941884 16.000000 -5.397419
v -4.604300 40.781029 -12.952224
v -4.862761 15.377977 8.367555
v -4.897739 14.671534 5.928435
v -4.940819 14.657351 -2.976263
v -4.965144 15.367147 -5.491737
v -4.590335 41.712730 -12.448868
v -4.548684 27.750000 -8.179546
v -4.751521 40.565872 -11.744553
v -4.686067 16.000000 5.478873
v -4.652554 15.979604 -2.574788
v -4.580389 18.256069 10.189669
v -4.622376 15.211991 8.202287
v -4.599753 14.633002 6.225546
v -4.632689 14.677287 -3.202940
v -4.646391 15.277170 -5.281829
v -4.612295 18.651920 -3.976645
v -4.532826 16.000000 8.122984
v -4.632610 16.000000 -5.236094
v -4.507616 40.651527 -11.898925
v -4.438288 28.773157 -9.394043
v -4.413527 40.532513 -12.725237
v -4.409781 28.750000 -9.157012
v -4.339581 40.645786 -12.106374
v -4.379140 15.106544 7.902990
v -4.372238 14.746198 6.459401
v -4.375272 14.763062 -3.504572
v -4.445145 15.010701 -5.010735
v -4.381747 28.750000 -9.615376
v -4.394194 16.000000 5.668126
v -4.337933 16.000000 -2.752097
v -4.346654 27.750000 -9.033607
v -4.394608 18.279118 6.243365
v -4.339893 28.750000 -9.016837
v -4.363075 27.750000 -9.240713
v -4.217761 18.328199 10.261799
v -4.299997 40.306240 -12.518573
v -4.019351 18.765764 -4.582604
v -4.218598 28.750000 -9.831993
v -4.282719 27.750000 -8.813066
v -4.256772 16.000000 7.830315
v -4.348910 15.991820 -4.989637
v -4.269983 40.506588 -12.329559
v -4.272713 28.750000 -10.537320
v -4.262037 14.883204 7.526167
v -4.277528 14.689589 6.849570
v -4.262113 14.722148 -3.886366
v -4.280387 14.883402 -4.654805
v -4.258026 41.001255 -11.799032
v -4.131497 28.750000 -8.803066
v -4.181090 14.894847 7.148299
v -4.192456 14.856455 -4.278387
v -4.161713 27.733982 -8.659929
v -4.135082 27.780397 -9.573197
v -3.628478 18.250000 -2.661441
v -4.062258 18.396191 7.269706
v -3.972879 18.354013 -3.534348
v -4.029255 41.682690 -12.990136
v -4.105009 16.000000 5.981902
v -4.105009 16.000000 -3.047184
v -3.998081 27.925220 -9.768424
v -4.005279 27.750000 -8.559059
v -4.034029 15.989042 7.478427
v -4.018752 15.993578 -4.502965
v -4.037811 28.750000 -9.919665
v -3.899036 16.000000 6.420482
v -3.944176 15.981244 -3.402509
v -3.906406 15.994312 7.111169
v -3.903761 16.000000 -4.177779
v -3.850366 28.750000 -9.964897
v -4.042251 41.277012 -13.405237
v -3.861577 16.000000 6.743001
v -3.870303 16.000000 -3.789163
v -3.827458 28.750000 -8.745497
v -3.769928 27.767319 -8.480666
v -3.717795 27.751591 -9.697446
v -3.836915 19.250000 -7.471690
v -3.577042 28.750000 -8.819986
v -3.550664 42.144638 -12.843362
v -3.550365 28.750000 -7.510607
v -3.405768 18.661320 8.375443
v -3.612269 19.250000 -6.903666
v -3.730067 19.230770 -5.564994
v -3.587716 19.250000 -7.181999
v -2.918950 18.250000 6.873575
v -3.541415 19.250000 -6.670699
v -3.579447 28.750000 -9.891631
v -3.414327 27.738684 -9.588720
v -3.451338 27.773972 -8.589669
v -3.412223 19.250000 -6.470124
v -3.482282 40.670078 -12.850881
v -3.389644 28.750000 -8.958718
v -3.328159 19.250000 -7.455985
v -3.377075 28.750000 -9.724070
v -3.221202 19.275990 -6.393466
v -3.265123 28.769817 -9.494936
v -3.260387 27.750000 -8.759699
v -3.244686 28.750000 -9.213542
v -3.037233 41.523483 -12.276015
v -3.169426 27.750000 -9.326828
v -3.102344 18.654058 -4.900147
v -3.162273 27.750000 -9.001057
v -2.875327 18.845079 8.938426
v -3.161338 27.748863 -9.139943
v -3.104712 18.777060 10.710659
v -3.050985 19.250000 -7.543776
v -3.012593 19.250000 -6.349472
v -3.086919 41.956333 -13.350563
v -2.907275 18.820570 -7.819448
v -2.810675 19.250000 -7.504859
v -2.895741 18.352221 7.820058
v -2.854027 18.349005 -4.195562
v -2.818389 19.250000 -6.378209
v -2.490491 18.881807 -5.519844
v -2.618275 19.259981 -6.504418
v -2.701416 41.733669 -13.822330
v -2.620095 19.250000 -7.398345
v -2.676126 27.750000 -9.969493
v -2.494340 19.275743 -7.239025
v -2.595846 40.986000 -13.110816
v -2.494936 19.275957 -6.661521
v -2.428378 42.458313 -13.129853
v -2.430805 19.250000 -7.064116
v -2.428661 19.250000 -6.819356
v -2.352428 27.756443 -8.912932
v -2.216541 19.025860 10.959458
v -2.344324 28.750000 -11.049145
v -1.966451 41.792320 -12.537566
v -2.099380 19.046021 9.535139
v -1.856096 19.250000 -8.061355
v -1.792539 19.240814 -6.284014
v -1.937579 28.750000 -7.976763
v -1.706292 42.279675 -13.643856
v -1.565278 18.622183 8.956377
v -1.814178 18.614679 -5.251620
v -1.542291 41.216419 -13.349893
v -1.781356 18.250000 -3.643143
v -1.748686 18.351864 8.218684
v -1.329016 18.347685 -4.682826
v -1.469409 19.142059 -8.140945
v -1.240342 42.000736 -14.066255
v -1.035834 27.750000 -10.220100
v -0.949012 19.209766 11.143365
v -1.018351 27.750000 -9.119688
v -1.235643 42.685471 -13.337333
v -1.159352 19.200991 9.957289
v -0.894910 41.967346 -12.681419
v -0.926477 18.700705 -5.587471
v -0.768432 18.250000 7.654259
v -0.589778 19.250000 -7.527490
v -0.618120 27.750000 -9.619960
v -0.593938 41.326290 -13.450243
v -0.604785 19.250000 -7.308233
v -0.554431 28.750000 -9.776327
v -0.559823 28.750000 -10.265206
v -0.554667 41.553829 -13.205968
v -0.515184 27.750000 -10.025359
v -0.514606 27.750000 -9.428690
v -0.565981 41.610367 -13.709714
v -0.670486 42.392036 -13.746481
v -0.485219 19.270966 -7.110616
v -0.539479 19.250000 -7.701888
v -0.419782 41.713684 -13.045033
v -0.417100 41.820030 -13.921633
v -0.424264 19.250000 -7.874109
v -0.424264 28.750000 -9.571099
v 0.000000 19.248138 10.109071
v -0.358473 27.731930 -10.200730
v -0.405781 27.750000 -9.291649
v -0.300000 19.250000 -6.930230
v -0.260003 19.250000 -8.014320
v -0.300000 28.750000 -9.475747
v -0.300000 28.750000 -10.514982
v -0.208576 42.094856 -14.130466
v -0.197150 41.826317 -12.936393
v -0.276634 27.804749 -10.320633
v -0.176944 27.764139 -9.161001
v -0.077646 19.250000 -6.860066
v -0.080575 28.750000 -9.405969
v -0.104397 28.773169 -10.587836
v -0.010746 42.069664 -14.155655
v 0.166304 42.011051 -12.721345
v -0.103904 18.694263 9.261414
v 0.066152 18.378559 8.537128
v -0.155758 18.250000 -3.868310
v -0.004889 18.352221 -4.866462
v 0.010931 18.690475 -5.631774
v 0.057589 19.222761 -6.454147
v 0.038488 28.750000 -8.173793
v 0.111722 19.241793 -8.240676
v 0.002225 27.808445 -9.117056
v 0.118299 28.750000 -10.609058
v -0.054272 28.734003 -11.259165
v 0.102822 41.847374 -12.916431
v 0.032049 42.756020 -13.401764
v 0.291058 42.086040 -14.122707
v 0.099171 19.274511 -6.869457
v 0.141236 19.276114 -8.038263
v 0.155291 28.750000 -9.415806
v 0.144469 27.776749 -10.316375
v 0.233940 27.750000 -9.174899
v 0.315224 41.780109 -12.980433
v 0.304011 19.250000 -6.933307
v 0.339911 19.250000 -7.951161
v 0.433051 27.738012 -9.315791
v 0.403521 27.750000 -10.166401
v 0.497724 42.257080 -13.947242
v 0.424264 28.750000 -9.571099
v 0.456258 28.750000 -10.377928
v 0.510785 41.716053 -13.806234
v 0.495810 41.617989 -13.111310
v 0.522580 27.750000 -10.011980
v 0.479247 19.250000 -7.097236
v 0.519615 19.250000 -7.749844
v 0.549853 28.750000 -9.761457
v 0.553316 27.750000 -9.495375
v 0.588131 41.463440 -13.300713
v 0.579555 19.250000 -7.294553
v 0.592355 19.263844 -7.511688
v 0.556235 28.750000 -10.233084
v 0.593943 41.326241 -13.450192
v 0.595801 27.750000 -9.798274
v 0.600000 28.750000 -9.995362
v 0.531221 28.081074 -8.814926
v 1.510773 18.250000 7.455717
v 0.765840 28.157673 -10.647831
v 0.800686 18.773422 -5.731057
v 1.255196 41.934566 -12.651486
v 0.964646 19.213358 9.994264
v 1.147862 42.691013 -13.342394
v 0.939670 27.756083 -9.117520
v 1.008383 27.771152 -10.240758
v 1.349695 41.982159 -14.049284
v 1.723399 18.364477 8.261432
v 1.175922 18.373545 -4.786003
v 1.526397 18.250000 -3.889601
v 1.542266 41.216469 -13.349943
v 1.611998 18.726650 9.147970
v 1.704442 18.609581 -5.277058
v 1.876740 28.740395 -8.004823
v 1.527961 19.250000 -6.356536
v 2.069168 19.250000 -8.016160
v 1.899443 19.091780 9.648741
v 1.749179 42.281952 -13.616746
v 2.290637 41.720490 -12.468873
v 2.018187 28.750000 -11.097572
v 2.044266 19.055849 10.989447
v 2.742754 27.750000 -8.813396
v 2.415192 19.250000 -6.987373
v 2.430896 19.250000 -6.759851
v 2.454930 42.470951 -13.141393
v 2.642961 40.967033 -13.100333
v 2.477454 19.271818 -7.204845
v 2.560904 19.250000 -6.551883
v 2.448186 27.750000 -9.992704
v 2.875328 18.845079 8.938426
v 2.619667 19.260893 -7.399556
v 2.530561 41.770657 -13.856105
v 2.748303 19.250000 -6.413153
v 2.693089 18.777042 -5.293575
v 2.895741 18.352221 7.820058
v 2.895741 18.352221 -4.206079
v 2.899245 19.250000 -7.534494
v 2.927420 18.812834 -7.811713
v 3.516732 18.250000 -2.699486
v 2.971877 19.250000 -6.346982
v 3.137563 19.267506 -7.532135
v 3.104712 18.777060 10.710659
v 3.202485 19.250000 -6.381392
v 3.168614 27.750000 -8.960777
v 3.165782 27.750000 -9.207200
v 3.233771 27.750000 -8.811815
v 3.484002 18.650469 -4.681483
v 3.259600 27.750000 -9.475542
v 3.398702 41.373169 -12.138726
v 3.243931 28.750000 -9.394208
v 3.266341 28.750000 -9.199469
v 3.363131 28.750000 -9.708308
v 3.394631 19.250000 -7.412220
v 3.410237 27.762779 -8.615379
v 3.389643 28.750000 -8.958718
v 3.627338 40.605530 -12.791933
v 3.457048 27.750000 -9.614191
v 3.395662 19.250000 -6.484946
v 3.510747 19.251415 -7.272938
v 3.624213 28.750000 -8.796468
v 3.553564 19.250000 -6.658309
v 3.720017 40.910770 -12.385261
v 3.586388 19.250000 -7.108779
v 3.566082 27.753958 -8.531420
v 3.590881 28.143654 -8.118403
v 3.579447 28.750000 -9.891631
v 3.226388 18.250000 6.520998
v 3.444790 19.250000 -5.733909
v 3.611601 19.251114 -6.900183
v 3.551262 18.612671 8.247430
v 3.590889 28.750000 -7.539610
v 3.510930 42.141907 -12.872464
v 3.726067 27.762775 -8.505645
v 3.786007 19.247885 -7.497515
v 3.721293 27.765696 -9.701159
v 3.769121 28.769705 -9.948742
v 3.800616 28.750000 -8.753815
v 3.982761 27.857246 -9.707654
v 3.849858 16.000000 6.763264
v 3.877569 16.000000 -3.870210
v 3.693791 41.419849 -13.525663
v 3.961067 28.750000 -9.935278
v 3.917757 15.976007 7.145689
v 3.948955 15.989633 -4.305072
v 4.017228 27.750000 -8.564535
v 3.938063 16.000000 6.334261
v 3.927344 16.000000 -3.461177
v 3.989934 28.772625 -8.779474
v 4.062258 18.396191 7.269706
v 4.042659 16.000000 7.554319
v 4.056300 16.000000 -4.623615
v 4.105010 16.000000 5.981902
v 4.105010 16.000000 -3.047184
v 4.217762 18.328199 10.261799
v 4.184342 27.780327 -9.552113
v 4.034137 18.364977 -3.526924
v 4.177985 28.750000 -9.849776
v 4.192412 27.750000 -8.688057
v 4.198006 14.827641 7.207198
v 4.196207 14.836525 -4.257410
v 4.236106 28.750000 -8.899527
v 4.267882 41.005329 -11.802756
v 4.253399 14.946920 7.593083
v 4.286657 14.674398 6.860177
v 4.255994 14.728453 -3.892151
v 4.282113 14.934375 -4.696537
v 4.215339 28.742907 -10.563448
v 4.269790 40.516602 -12.318829
v 4.302039 27.750000 -9.333649
v 4.308121 16.000000 7.886748
v 4.312443 16.000000 -4.955985
v 4.282719 27.750000 -8.813066
v 4.282727 18.292410 -7.291296
v 4.332467 40.636089 -12.119520
v 4.295504 18.753851 -4.416122
v 4.300004 40.306259 -12.518593
v 4.369005 27.750000 -9.088760
v 4.438790 18.276539 6.577554
v 4.360011 16.000000 5.690290
v 4.389263 16.000000 -2.736606
v 4.381747 28.750000 -9.615376
v 4.372500 15.161976 7.899909
v 4.448390 14.613865 6.475601
v 4.431899 14.628728 -3.546282
v 4.378685 15.152045 -4.973242
v 4.409781 28.750000 -9.157012
v 4.494258 40.669758 -11.915599
v 4.436227 28.750000 -9.388669
v 4.427811 40.562489 -12.752618
v 4.580389 18.256069 10.189669
v 4.591343 40.722378 -12.905756
v 4.572803 16.000000 8.128897
v 4.602568 16.000000 -5.212740
v 4.895071 18.670778 -3.745366
v 4.685444 15.152422 8.226500
v 4.590003 14.739827 6.147168
v 4.603253 14.733951 -3.199888
v 4.622376 15.211990 -5.267568
v 4.681899 40.598892 -11.789488
v 4.323993 18.250000 5.292652
v 4.638585 15.969143 5.523127
v 4.686066 16.000000 -2.544155
v 4.502448 27.750000 -8.190865
v 4.738633 41.650043 -12.391607
v 4.922456 40.413551 -11.713233
v 4.908326 15.409928 8.395903
v 4.922450 14.678920 5.902183
v 4.915117 14.745817 -2.944060
v 4.869024 15.417816 -5.435499
v 5.030567 15.951547 8.365677
v 4.941884 16.000000 -5.397419
v 5.121986 40.804356 -12.958564
v 5.061436 16.000000 5.361743
v 5.061436 16.000000 -2.427026
v 5.129983 40.177429 -11.716531
v 5.103549 19.250000 -5.414373
v 5.124198 19.263762 -5.635267
v 5.192391 18.250000 -0.822897
v 5.158138 12.921251 7.761312
v 5.146400 12.817689 -4.808749
v 5.169498 12.700007 7.821692
v 5.233033 12.515030 -4.892141
v 5.178628 19.250000 -4.686801
v 5.212914 12.990421 8.065701
v 5.175055 12.781987 7.497303
v 5.185643 12.727572 -4.543536
v 5.183785 12.966081 -5.045363
v 5.240050 12.760807 8.136923
v 5.240798 12.546898 7.475618
v 5.275357 12.455585 -4.582677
v 5.210093 12.737335 -5.129076
v 5.206237 13.140486 7.631520
v 5.213570 13.128570 -4.727745
v 5.206937 18.349920 -2.338014
v 5.219895 19.250000 -5.126405
v 5.195896 40.467552 -11.311575
v 5.226269 19.250000 -5.856892
v 5.313331 40.523811 -12.731944
v 5.307333 12.418578 7.813771
v 4.939353 27.772207 -9.222815
v 5.246611 13.192940 7.927131
v 5.257566 13.033585 7.364170
v 5.245637 13.071600 -4.481945
v 5.234014 13.211630 -4.946141
v 5.318429 12.523789 8.091675
v 5.403743 12.301589 7.575021
v 5.403610 12.302851 -4.713378
v 5.327199 12.547098 -5.203667
v 5.258557 15.541790 8.515225
v 5.297870 14.706654 5.746078
v 5.261479 14.685831 -2.834979
v 5.265070 15.490087 -5.593552
v 5.284107 28.750000 -6.681296
v 5.295359 13.047822 8.265430
v 5.311869 12.708898 7.165171
v 5.329828 12.816450 -4.201031
v 5.281052 12.964283 -5.318015
v 5.280547 39.903305 -11.800941
v 5.208816 41.051159 -12.541346
v 5.378942 12.817279 8.387525
v 5.375868 12.498510 7.192719
v 5.347601 12.540970 -4.258924
v 5.353047 12.743246 -5.401803
v 5.395260 19.250000 -4.976059
v 5.336134 15.982286 8.437147
v 5.285858 16.033319 -5.498882
v 5.400166 19.250000 -6.001856
v 5.359564 13.299397 8.148839
v 5.355792 13.060792 7.126049
v 5.351109 13.051214 -4.210648
v 5.319918 13.301193 -5.167514
v 5.452503 15.904090 5.369911
v 5.040267 16.250000 5.361743
v 5.473556 15.930033 -2.431756
v 5.249166 19.250000 -6.758018
v 5.370263 39.681259 -11.947733
v 5.463507 12.292072 7.347743
v 5.472865 12.310273 -4.361934
v 5.409883 40.254837 -12.471619
v 5.422925 40.003319 -12.241893
v 5.452123 13.150235 8.454383
v 5.471688 12.680693 6.954749
v 5.487601 12.767092 -3.997110
v 5.421722 13.146079 -5.473131
v 5.468515 12.554300 8.353737
v 5.519187 12.546047 -5.451772
v 5.524634 12.238159 7.882908
v 5.497328 12.267130 -4.958568
v 5.539054 13.434343 8.350947
v 5.502594 12.995155 6.957520
v 5.519245 13.057205 -3.986803
v 5.489213 13.378220 -5.374092
v 5.539761 12.991830 8.577010
v 5.518777 12.487064 6.999275
v 5.490860 12.544709 -4.047092
v 5.489565 12.957223 -5.606760
v 5.587395 12.361787 8.216057
v 5.572974 12.348724 -5.247525
v 5.624446 12.715225 8.578132
v 5.603342 12.311338 7.095699
v 5.608256 12.362100 -4.095567
v 5.632170 12.758416 -5.663067
v 5.773357 18.250000 10.173651
v 5.696131 15.968725 8.443963
v 5.695561 16.045059 -5.484086
v 5.286746 16.500000 -5.498882
v 5.570953 17.553854 -6.552119
v 5.601665 12.142006 7.583287
v 5.612103 12.178128 -4.570347
v 5.636044 11.876692 7.876888
v 5.623008 11.898061 -5.064542
v 5.611329 19.250000 -4.894510
v 5.649019 19.257578 -6.084435
v 5.634680 11.947187 -4.803521
v 5.712070 15.492855 8.547092
v 5.600925 14.916763 5.632057
v 5.617044 14.807737 -2.729110
v 5.706735 15.527007 -5.612007
v 5.661390 10.599962 8.313921
v 5.658979 10.621545 -5.399501
v 5.664147 13.276924 8.590508
v 5.681819 12.765151 6.768989
v 5.682746 12.746740 -3.832984
v 5.658704 13.227015 -5.681129
v 5.709293 13.019966 6.797702
v 5.714152 13.014248 -3.858616
v 5.690829 13.464171 -5.520117
v 5.708452 12.529854 -3.883284
v 5.695494 10.626681 8.666142
v 5.708533 10.397887 8.049365
v 5.713026 10.337678 -5.153143
v 5.711008 10.486246 -5.734423
v 5.693286 11.193108 8.157441
v 5.704171 11.326693 -5.263040
v 5.709389 10.938848 -5.055764
v 5.711076 10.933419 -5.631438
v 5.819007 27.767647 -7.460912
v 5.718123 13.069921 8.702572
v 5.784258 11.951661 8.494662
v 5.714497 11.972034 7.486986
v 5.747929 11.920083 -4.544731
v 5.697784 12.080804 -5.392447
v 5.714257 11.464441 -4.890772
v 5.646366 16.250000 5.397980
v 5.635221 16.250000 -2.443491
v 5.781522 12.450534 8.503130
v 5.786265 12.156790 7.245131
v 5.826738 12.100115 -4.310439
v 5.757842 12.479820 -5.545404
v 5.758396 15.841971 5.440581
v 5.806743 15.813127 -2.521304
v 5.765366 9.800242 8.554285
v 5.762052 9.841922 -5.626478
v 5.846838 12.922054 8.748771
v 5.696555 12.498764 6.848984
v 5.732770 13.026887 -5.774049
v 5.783635 18.651920 -2.805303
v 5.813932 9.921263 8.896461
v 5.803850 9.738072 8.247206
v 5.850020 9.622487 -5.319516
v 5.856000 9.800838 -5.985125
v 5.857122 10.637165 9.012578
v 5.840349 10.492711 7.704101
v 5.816179 10.488717 -4.803157
v 5.838125 10.602786 -6.056944
v 5.791334 11.528824 8.530336
v 5.772851 11.104522 7.799773
v 5.853564 11.244164 -4.683039
v 5.806618 11.392954 -5.671615
v 5.890265 12.696440 8.688971
v 5.852659 12.265486 6.964425
v 5.856234 12.296532 -3.989889
v 5.856033 12.818630 -5.792401
v 5.942898 12.152364 8.641958
v 5.879877 11.811522 7.348347
v 5.927831 11.712161 -4.405196
v 5.865380 12.148207 -5.640442
v 5.887919 41.001949 -11.799666
v 5.859639 13.533649 8.505381
v 5.909669 13.101716 -3.748402
v 5.911101 13.552680 -5.588411
v 5.972339 13.373572 8.703396
v 5.932406 12.892026 6.653517
v 5.909780 12.724878 -3.730626
v 5.934039 13.386683 -5.749249
v 5.923840 19.250000 -4.931184
v 5.855579 16.469294 8.395843
v 5.872369 16.500000 -5.458580
v 6.012970 12.161138 7.080303
v 6.076474 12.123523 -4.136216
v 6.002271 12.591885 -5.710567
v 5.928499 10.099319 9.164907
v 5.944259 9.721347 7.867979
v 5.923035 9.736740 -4.962082
v 5.979186 9.971928 -6.286698
v 5.902630 12.665646 6.682632
v 6.075269 12.619226 -3.709000
v 6.025633 13.214101 -5.849813
v 6.023099 11.672610 8.814711
v 5.999173 11.090475 7.440719
v 6.088509 11.153419 -4.427892
v 6.004838 11.756857 -5.846302
v 5.970629 11.237828 -6.018682
v 5.983860 10.964137 9.097832
v 6.032491 10.248217 7.512187
v 6.029508 10.465846 -4.524802
v 6.012454 10.793346 -6.262697
v 5.998676 18.352221 -1.111657
v 6.080986 15.678668 8.452099
v 5.979159 14.905390 5.682063
v 6.036940 14.966048 -2.745779
v 6.075845 15.614365 -5.525788
v 5.995464 13.131683 8.799179
v 5.977686 12.431841 6.756130
v 5.978977 12.450583 -3.809765
v 6.024572 13.022622 -5.877330
v 6.161005 12.159323 8.784989
v 6.065728 11.938134 7.159578
v 6.158352 11.747896 -4.236688
v 6.092243 12.261174 -5.788430
v 6.092385 9.047542 8.732898
v 6.001841 9.225866 -5.773470
v 6.146208 19.250000 -5.092867
v 5.968102 19.250000 -6.019424
v 6.082888 16.093163 8.327034
v 6.070957 16.093616 -5.396565
v 6.104059 9.219439 9.080837
v 6.082737 9.072584 8.393911
v 6.071532 9.083870 -5.476107
v 6.159562 9.084127 -6.101447
v 6.080748 12.883724 8.799620
v 6.094094 12.311401 6.829434
v 6.146065 12.315813 -3.893681
v 6.087791 12.808741 -5.842250
v 6.097737 16.250000 5.546658
v 6.111166 16.250000 -2.621222
v 6.430923 28.223549 -6.471211
v 6.139395 7.909114 9.139311
v 6.126711 7.934584 -6.142091
v 6.198123 15.657487 -2.706623
v 6.164831 10.039948 9.440491
v 6.221192 9.596285 7.593096
v 6.152609 9.568045 -4.746986
v 6.121397 10.203777 -6.469620
v 6.159218 8.222798 9.068132
v 6.150195 8.214746 -6.043901
v 6.103940 13.609390 8.535142
v 6.062304 13.136980 6.651743
v 6.120280 13.121491 -3.722686
v 6.154677 13.624310 -5.603586
v 6.143444 12.658793 8.704390
v 6.300272 12.194736 6.983242
v 6.343042 12.649522 -5.789489
v 6.182623 7.642725 9.093355
v 6.172917 7.670394 -6.203392
v 6.062673 39.844421 -10.742434
v 6.172941 8.112362 9.398945
v 6.164830 7.870560 8.715183
v 6.179792 7.885401 -5.711952
v 6.182715 8.046856 -6.512750
v 6.305248 11.321768 7.206436
v 6.357532 11.315980 -4.249638
v 6.207078 19.252901 -5.799108
v 6.249882 13.432687 8.726938
v 6.207956 12.839285 -3.653486
v 6.238358 8.381663 9.371984
v 6.202558 8.201656 8.707159
v 6.227873 8.227398 -5.693326
v 6.211732 8.314599 -6.438812
v 6.181448 11.294144 9.131830
v 6.215065 11.278979 -6.235351
v 6.224805 7.832037 9.535054
v 6.229068 7.621743 8.665333
v 6.197022 7.665811 -5.801437
v 6.220888 7.828182 -6.590987
v 6.302206 9.236494 9.377271
v 6.270274 8.895966 8.185085
v 6.306442 8.855311 -5.248939
v 6.297744 9.155745 -6.395047
v 6.190773 12.841787 6.592209
v 6.276535 13.375970 -5.821447
v 6.200683 28.737940 -9.685894
v 6.240547 8.422541 8.884636
v 6.273092 8.463304 -5.897728
v 6.561050 27.771595 -8.330789
v 6.270394 19.250000 -5.321623
v 6.400724 12.215467 8.846650
v 6.353445 11.985295 -4.118709
v 6.424732 12.287222 -5.889473
v 6.291280 10.785565 9.423153
v 6.249242 10.317758 7.311037
v 6.272773 10.325310 -4.354552
v 6.268169 10.839580 -6.458858
v 6.293171 7.415080 9.161301
v 6.286640 7.444243 -6.293391
v 6.131139 17.232946 -6.134865
v 6.240743 16.504436 8.261429
v 6.288562 16.471872 -5.294998
v 6.250000 13.160247 8.819810
v 6.314516 12.591866 6.638028
v 6.323679 13.149374 -5.886356
v 6.298053 8.562659 9.188302
v 6.319807 8.379964 8.532059
v 6.267087 8.503049 -6.214077
v 6.294604 19.250000 -5.560617
v 6.286687 7.578156 9.472238
v 6.324597 7.360193 8.791768
v 6.307927 7.376720 -5.865093
v 6.277349 7.597265 -6.527153
v 6.299382 8.169949 9.721694
v 6.308783 7.808627 8.330287
v 6.359048 7.835554 -5.318152
v 6.319557 8.215768 -6.820016
v 6.397171 12.929125 8.801900
v 6.276317 12.544480 -3.721661
v 6.310233 8.406723 9.602466
v 6.281109 8.088412 8.416308
v 6.312506 8.088495 -5.404691
v 6.373829 8.475232 -6.745715
v 6.233047 18.274679 10.131823
v 6.359098 7.935977 9.839632
v 6.371888 7.561442 8.340276
v 6.329056 7.555414 -5.510684
v 6.346102 7.971138 -6.887344
v 6.379361 12.376667 6.778047
v 6.416143 12.383784 -3.850034
v 6.356080 12.918977 -5.875357
v 6.385824 15.727132 8.299131
v 6.335043 15.140713 5.773463
v 6.402119 14.974889 -2.926396
v 6.392548 15.711386 -5.361017
v 6.574903 12.700640 8.697893
v 6.396642 12.258915 -3.996886
v 6.350680 13.718073 8.496871
v 6.349772 13.204112 6.654216
v 6.360480 13.180502 -3.734194
v 6.403784 13.710408 -5.549079
v 6.391944 9.454623 9.559651
v 6.367602 9.067305 7.829719
v 6.390212 9.058499 -4.882778
v 6.421531 9.328223 -6.599068
v 6.365998 8.616186 9.416862
v 6.413417 8.304714 8.283484
v 6.404949 8.347512 -5.386623
v 6.384177 8.620891 -6.549927
v 6.346663 11.699682 9.017075
v 6.406269 11.619146 -6.158729
v 6.449891 16.065245 8.117596
v 6.432314 16.036640 -5.196607
v 6.389418 8.673187 8.982205
v 6.389720 8.607650 8.693256
v 6.405000 8.582542 -5.693067
v 6.372733 8.695989 -6.038043
v 6.453228 10.220360 9.642276
v 6.465652 9.587468 7.414217
v 6.396293 9.595672 -4.518519
v 6.409220 10.265699 -6.690105
v 6.484516 7.206106 9.256471
v 6.457808 7.258798 -6.391644
v 6.427967 16.250000 5.769697
v 6.467199 16.247631 -2.888937
v 6.534784 13.478003 8.673611
v 6.352702 12.994234 6.610223
v 6.488447 12.878526 -3.667988
v 6.528862 13.504759 -5.715913
v 6.469635 7.665325 9.876420
v 6.500254 7.315752 8.382036
v 6.499149 7.288240 -5.494430
v 6.426139 7.659180 -6.870954
v 6.472676 10.827811 7.154954
v 6.555087 10.911748 -4.202062
v 6.461202 7.404816 9.619035
v 6.500877 7.150402 8.934620
v 6.439897 7.211074 -6.059168
v 6.437398 7.388174 -6.625903
v 6.455137 15.608160 -2.889447
v 6.475285 6.618309 9.406881
v 6.475285 6.618309 -6.472164
v 6.648518 12.350143 8.799801
v 6.365366 11.863060 7.079215
v 6.652735 12.069598 -4.106009
v 6.341788 18.294571 1.737860
v 6.605645 19.238754 -3.163172
v 6.504398 27.731564 -7.315832
v 6.480669 12.807393 6.609319
v 6.610429 18.382120 0.519981
v 6.497493 8.797887 9.335705
v 6.502364 8.555401 8.330400
v 6.530440 8.514839 -5.366896
v 6.480332 8.786580 -6.364384
v 6.528602 6.737534 9.768500
v 6.530008 6.515077 9.033531
v 6.524655 6.530605 -6.093740
v 6.524655 6.731567 -6.843740
v 6.525201 27.722647 -7.104237
v 6.609717 8.371618 10.081445
v 6.561851 7.881710 7.986923
v 6.539565 7.795704 -5.070017
v 6.644742 8.336305 -7.182461
v 6.480954 8.481455 9.853682
v 6.459989 8.085114 8.124677
v 6.552424 8.063723 -5.062062
v 6.539751 8.525199 -6.986730
v 6.488079 11.143876 9.389587
v 6.576190 10.273928 7.166863
v 6.539268 10.485929 -4.202372
v 6.552335 11.127990 -6.492267
v 6.579775 13.232753 8.763740
v 6.555579 13.316210 -5.820030
v 6.543480 16.466539 8.034263
v 6.541737 16.500000 -5.099924
v 6.557793 27.750000 -7.536439
v 6.668177 8.101663 10.178750
v 6.593340 7.609282 8.019981
v 6.514786 7.554834 -5.206755
v 6.586221 8.035419 -7.176105
v 6.537341 8.701399 9.709167
v 6.593423 8.320694 8.050619
v 6.687465 8.304772 -5.029980
v 6.594881 8.759294 -6.810542
v 6.611451 12.609603 6.688545
v 6.551978 12.684716 -3.709603
v 6.659196 13.008962 -5.804446
v 6.723289 7.458294 9.961779
v 6.596498 7.114176 8.625795
v 6.642205 7.081591 -5.693599
v 6.661237 7.427586 -6.956581
v 6.603783 39.827969 -12.081743
v 6.635715 27.758335 -6.909944
v 6.549401 17.090895 -5.821581
v 6.658434 12.949918 8.727209
v 6.644152 12.469589 6.792001
v 6.614447 12.506963 -3.815994
v 6.624794 13.701209 8.395777
v 6.587354 13.266889 6.734023
v 6.595109 13.275857 -3.799177
v 6.628412 13.758913 -5.435776
v 6.667486 12.335258 6.969863
v 6.663891 12.720097 -5.739312
v 6.647612 27.750000 -7.681574
v 6.652373 9.623188 9.735744
v 6.666295 8.892659 7.743213
v 6.689073 8.882718 -4.801018
v 6.624792 9.570802 -6.787987
v 6.671288 11.782482 9.065805
v 6.522888 11.539436 7.108770
v 6.699095 11.293946 -4.189227
v 6.645746 11.938141 -6.050173
v 6.659868 18.698114 -1.570774
v 6.706331 6.885119 10.163427
v 6.690519 6.455661 8.653413
v 6.689623 6.498459 -5.725297
v 6.670846 6.821164 -7.168403
v 6.671154 28.750000 -7.469355
v 6.680438 15.635039 8.066929
v 6.686949 15.108377 6.064310
v 6.690515 15.124054 -3.129125
v 6.677729 15.656565 -5.132104
v 6.696456 16.105942 7.846691
v 6.681227 16.000000 -4.957367
v 6.656829 8.933427 9.563796
v 6.698709 8.528512 8.096010
v 6.672928 8.521677 -5.188532
v 6.655476 8.897876 -6.610601
v 6.687925 16.250000 6.083137
v 6.644749 7.811296 10.117778
v 6.718647 7.285547 8.122954
v 6.723051 7.290431 -5.179193
v 6.676467 7.742350 -7.173687
v 6.767126 13.604217 8.451277
v 6.672997 13.014806 6.668581
v 6.737761 13.557955 -5.594024
v 6.663169 11.952597 7.061231
v 6.654166 12.481910 -5.805407
v 6.728567 15.836585 -3.185355
v 6.709942 28.750000 -7.268626
v 6.713950 28.750000 -7.727830
v 6.727590 10.450227 9.708515
v 6.719896 9.718621 7.243391
v 6.704035 9.676905 -4.335551
v 6.705092 10.420599 -6.779251
v 6.729664 7.035470 9.275229
v 6.735127 7.025765 -6.298637
v 6.665242 11.109934 7.117453
v 6.788228 27.766178 -6.776989
v 6.739897 28.750000 -5.523170
v 6.811215 27.750000 -7.801902
v 6.771041 7.120091 9.642117
v 6.764865 6.972936 9.005404
v 6.789452 6.937079 -5.981443
v 6.748318 7.094947 -6.604620
v 6.863590 13.418332 8.549231
v 6.725389 13.031833 -3.751386
v 6.862306 13.378836 -5.642806
v 6.776574 18.381701 10.083919
v 6.801296 16.523273 7.740024
v 6.778676 16.500000 -4.798883
v 6.804067 28.750000 -7.906352
v 6.862378 7.562006 10.145860
v 6.767148 7.097330 8.350791
v 6.795709 7.081226 -5.415954
v 6.912652 7.529459 -7.211251
v 6.824947 8.733458 10.058141
v 6.754918 8.122661 7.844020
v 6.814485 8.121161 -4.857848
v 6.822994 8.716980 -7.140123
v 6.801754 13.750099 8.227962
v 6.850050 13.424608 6.907949
v 6.836870 13.355935 -3.954067
v 6.807271 13.738347 -5.290296
v 6.857595 12.810302 6.750680
v 6.838411 12.775074 -3.808489
v 6.835332 16.234175 -4.648328
v 6.885000 8.528046 10.235879
v 6.822291 7.889538 7.768959
v 6.836520 7.811507 -4.821560
v 6.970831 8.532753 -7.347538
v 6.746359 38.574619 -10.936977
v 6.793152 8.864647 9.867180
v 6.903957 8.338614 7.812086
v 6.834900 8.890567 -6.947416
v 6.860497 12.792599 8.559248
v 6.729826 12.352984 -4.065774
v 6.878224 12.823403 -5.615085
v 6.911512 19.250000 -5.484981
v 6.844914 0.000001 11.161690
v 6.856566 0.250001 11.250195
v 6.844914 -0.000001 -8.226973
v 6.848689 0.249999 -8.202725
v 6.859784 16.077662 7.521720
v 6.897007 15.943879 -4.606443
v 6.834668 16.250000 6.363387
v 6.855643 16.250000 -3.468727
v 6.913899 13.198914 8.599352
v 6.855647 13.186020 -5.716428
v 6.851474 11.159764 9.477523
v 6.818520 10.522667 7.080783
v 6.856007 10.574403 -4.142088
v 6.903451 11.000397 -6.607983
v 6.845277 12.513550 6.890668
v 6.901752 12.551980 -3.972191
v 6.871821 15.940538 6.414538
v 6.907941 15.931623 -3.551431
v 6.914196 7.233862 9.919991
v 6.877079 6.912199 8.715869
v 6.862211 7.210531 -6.887207
v 6.754624 40.376694 -11.228577
v 6.954114 9.032476 9.738475
v 6.915031 8.537465 7.931529
v 6.884339 8.532927 -5.011652
v 6.842844 8.987400 -6.750731
v 6.962532 8.255608 10.360541
v 6.972343 7.597789 7.747386
v 6.805295 7.567860 -4.924699
v 6.971278 8.240715 -7.429350
v 6.876079 28.750000 -7.041729
v 6.911390 11.993961 8.918973
v 6.893340 11.302016 7.131990
v 6.918598 11.823621 -6.091184
v 6.899655 7.002664 10.401969
v 6.899655 6.453626 8.352932
v 6.918644 6.436173 -5.413122
v 6.878859 6.990018 -7.441591
v 6.915231 15.640140 7.727172
v 6.862449 15.383998 6.251206
v 6.903338 15.381289 -3.378272
v 6.918482 15.618922 -4.788761
v 6.966733 13.568319 8.332465
v 7.001159 13.108226 6.858664
v 6.973326 28.750000 -8.011136
v 6.962115 12.335843 8.711412
v 6.950699 12.130383 7.154800
v 6.940348 12.151645 -4.211365
v 6.917831 12.418377 -5.749350
v 6.953077 16.523529 7.313731
v 6.927534 16.500000 -4.392899
v 6.955238 9.532205 9.821790
v 6.947902 8.937647 7.590568
v 6.875815 9.095187 -4.573710
v 6.949274 9.624285 -6.900675
v 6.947038 16.107708 7.130715
v 6.946882 16.096418 -4.198221
v 6.947137 0.000001 11.938150
v 6.995815 0.250001 12.025250
v 6.932234 0.000001 10.498437
v 6.979279 0.250001 10.365017
v 6.947137 -0.000001 -7.450516
v 6.947137 0.249999 -7.450516
v 6.947137 -0.000001 -9.003430
v 6.979657 0.249999 -9.081942
v 6.948258 16.250000 6.781100
v 6.933544 16.218716 -3.783832
v 6.991047 15.865285 6.786601
v 6.991568 16.525328 6.891301
v 6.985068 16.518827 -4.014842
v 6.970097 13.692872 8.057014
v 6.983784 13.501529 7.093059
v 6.975899 13.744454 -5.052838
v 6.989568 7.906884 10.354573
v 6.937928 7.340288 7.901553
v 6.982318 7.318542 -4.949790
v 6.889480 7.966416 -7.380456
v 6.974900 17.042700 -5.436738
v 6.959637 13.115066 -3.897793
v 6.975932 13.521994 -5.452317
v 7.087346 10.930417 -4.183445
v 7.011000 12.461804 7.158497
v 7.094489 12.537807 -4.277554
v 7.050204 38.963776 -9.938083
v 7.071732 28.750000 -6.911934
v 7.061876 27.738777 -6.683911
v 7.051198 18.480913 2.232332
v 6.980523 27.750000 -7.864954
v 7.045823 15.550076 7.411486
v 7.036433 15.441980 6.615498
v 7.045327 15.365998 -3.728318
v 7.046414 15.665340 -4.449941
v 7.086019 13.322006 8.403395
v 7.123250 12.896871 6.976790
v 7.074708 12.927185 -3.974293
v 7.068155 13.269210 -5.515725
v 7.076392 7.351260 10.076120
v 7.050791 6.914239 8.490335
v 6.972133 6.900478 -5.648406
v 7.035233 7.323176 -7.099270
v 7.092393 10.410942 9.758913
v 7.063325 9.715299 7.207845
v 7.047922 9.837317 -4.236391
v 7.082954 10.435773 -6.821114
v 7.059788 13.673419 7.793551
v 7.063716 13.542161 7.290577
v 7.063918 13.576717 -4.348243
v 7.064526 13.715514 -4.824944
v 7.137581 13.508186 8.173976
v 7.122655 13.272215 7.056445
v 7.115304 13.242249 -4.098204
v 7.099555 13.543612 -5.237042
v 7.087647 13.020205 8.445044
v 7.060894 12.684512 6.979060
v 7.073473 12.710432 -4.040775
v 7.069227 13.011675 -5.528639
v 7.069322 7.644513 10.281785
v 7.063135 7.092501 8.097457
v 7.100796 7.054902 -5.205831
v 7.049372 7.728331 -7.390364
v 7.060344 12.552423 8.495529
v 7.125862 12.388724 -5.615765
v 7.095784 13.615721 7.531930
v 7.095113 15.504341 7.031336
v 7.095371 15.568328 -4.077374
v 7.119774 13.597609 -4.609696
v 7.107882 19.250000 -3.091035
v 7.115767 8.957496 10.029985
v 7.159136 8.361658 7.692205
v 7.125844 8.376127 -4.771585
v 7.080215 8.975736 -7.046985
v 7.256116 11.816132 8.882088
v 7.035733 11.556293 7.184649
v 6.968428 11.527386 -4.226812
v 7.107403 12.004824 -5.896087
v 7.130532 9.097717 9.799315
v 7.117872 8.567451 -4.898723
v 7.192339 9.115892 -6.868447
v 7.160285 8.789214 10.228052
v 7.031003 8.087796 7.670145
v 7.076390 8.091641 -4.713387
v 7.112006 8.807952 -7.257331
v 7.175471 12.821951 8.226562
v 7.146689 12.779451 -5.327865
v 7.276155 13.450897 7.852982
v 7.257302 13.324242 7.304218
v 7.274359 13.303230 -4.380465
v 7.237712 13.486232 -4.983696
v 7.153578 11.345470 9.330222
v 7.113176 10.727911 7.098209
v 7.252800 10.370402 -4.197554
v 7.146145 11.297843 -6.436386
v 7.186790 8.582671 10.367520
v 7.208217 7.873737 7.584242
v 7.284819 7.915566 -4.635929
v 7.257654 8.675301 -7.396175
v 7.185528 19.250000 -3.482038
v 7.190007 18.542709 10.069319
v 7.269969 27.750000 -6.711688
v 7.193131 28.750000 -8.088919
v 7.219788 27.733219 -7.865407
v 7.219326 7.135545 10.619441
v 7.211510 6.437454 8.111795
v 7.185554 6.446922 -5.191825
v 7.176225 7.142949 -7.639579
v 7.296731 13.391452 7.547226
v 7.288290 13.415195 -4.636022
v 7.444146 28.216724 -5.570220
v 7.155417 18.670338 -0.097623
v 7.257900 13.321622 8.125029
v 7.240812 13.069829 7.125843
v 7.235204 13.009455 -4.176461
v 7.210334 13.339055 -5.286333
v 7.267477 12.403407 8.343893
v 7.231698 12.134836 7.389973
v 7.251165 12.173029 -4.485634
v 7.292971 12.362963 -5.410457
v 7.265249 13.093489 8.183525
v 7.232107 12.732599 7.215261
v 7.242175 12.763613 -4.280005
v 7.252220 13.103200 -5.281739
v 7.304259 8.360030 10.463183
v 7.280709 7.598110 7.623828
v 7.166921 7.583818 -4.731930
v 7.293069 8.408395 -7.514606
v 7.246836 0.000001 12.661690
v 7.285781 0.250001 12.699701
v 7.214027 0.000001 9.740900
v 7.246836 0.250001 9.661692
v 7.246836 -0.000001 -6.726973
v 7.246836 0.249999 -6.726973
v 7.246836 -0.000001 -9.726973
v 7.246836 0.249999 -9.726973
v 7.189158 9.832510 9.840790
v 7.227534 9.096336 7.458305
v 7.275860 9.131046 -4.512825
v 7.250086 9.745263 -6.922073
v 7.250033 12.649446 7.497386
v 7.270580 12.672310 -4.619645
v 7.265950 11.669186 -6.092509
v 7.345562 19.272383 -3.671018
v 7.269608 7.434490 10.205400
v 7.366338 6.940317 8.254642
v 7.263471 6.925557 -5.377674
v 7.252750 7.453018 -7.281538
v 7.282182 12.717009 7.787208
v 7.278885 12.698298 -4.954191
v 7.262565 17.100237 -5.146373
v 7.338544 12.428488 8.096250
v 7.316958 12.394579 7.664043
v 7.327384 12.336234 -4.698332
v 7.315108 12.478168 -5.153086
v 7.250323 19.260380 -2.848002
v 7.317496 8.016087 10.470262
v 7.319506 7.345984 7.741870
v 7.430792 7.350265 -4.797486
v 7.311807 8.084323 -7.548963
v 7.305128 12.095065 8.582241
v 7.261512 11.620265 7.318245
v 7.333811 11.412658 -4.380352
v 7.340397 12.010743 -5.676280
v 7.357476 13.188125 7.899699
v 7.335965 13.156011 7.348961
v 7.334891 13.225042 -5.040082
v 7.270343 28.750000 -6.898467
v 7.317524 12.943130 8.015887
v 7.353204 12.914454 7.463234
v 7.311374 12.943623 -5.095019
v 7.417112 12.263780 7.902430
v 7.419875 12.257899 -4.961040
v 7.449604 28.750000 -8.069036
v 7.359658 12.990430 -4.464683
v 7.378663 13.185903 7.630749
v 7.372291 13.225558 -4.740209
v 7.375210 12.991148 7.765731
v 7.378124 12.945660 -4.784029
v 7.361285 10.598653 9.668610
v 7.328735 9.989730 7.180501
v 7.377096 9.970720 -4.256887
v 7.372897 10.603559 -6.729724
v 7.380215 9.171148 9.814871
v 7.306594 8.587520 7.778500
v 7.426847 8.665016 -4.825074
v 7.394730 9.175415 -6.881056
v 7.352860 7.772328 10.408515
v 7.508193 7.158815 7.892193
v 7.405061 7.117629 -5.012698
v 7.352680 7.760963 -7.468309
v 7.517236 27.836359 -7.744264
v 7.511028 9.086514 10.019450
v 7.433238 8.444844 7.644516
v 7.473980 8.451471 -4.710247
v 7.505966 9.092222 -7.077210
v 7.447739 19.250000 -2.675040
v 7.512491 11.270617 9.233919
v 7.460267 10.661838 7.195884
v 7.456816 10.720400 -4.257766
v 7.439745 11.354975 -6.274356
v 7.474385 27.750000 -6.812352
v 7.575499 11.080070 7.358829
v 7.512825 11.552318 7.522446
v 7.448000 11.646591 -4.572620
v 7.563773 19.250000 -1.694451
v 7.440822 8.922945 10.202986
v 7.417220 8.221392 7.573423
v 7.595502 8.212915 -4.616295
v 7.408761 8.921422 -7.257277
v 7.483274 28.771912 -6.938769
v 7.563072 19.250000 -3.785531
v 7.525268 7.529979 10.297089
v 7.620185 6.987097 -5.211829
v 7.563770 7.542873 -7.370637
v 7.523057 7.261595 10.722922
v 7.510835 6.521397 7.954506
v 7.494878 6.529408 -5.032995
v 7.577329 7.279531 -7.798962
v 7.521133 8.709041 10.377016
v 7.516129 7.963017 7.523843
v 7.551013 7.955275 -4.580979
v 7.515048 8.719609 -7.433522
v 7.511890 9.742362 9.802948
v 7.521739 9.155972 7.485980
v 7.617565 9.112152 -4.613036
v 7.541218 9.736473 -6.862089
v 7.526873 11.961749 8.274962
v 7.466382 11.944630 7.676121
v 7.530181 11.848831 -4.807059
v 7.502106 12.011855 -5.335255
v 7.768721 19.250000 -2.613652
v 7.594475 11.837885 7.985680
v 7.705794 11.679624 -5.127156
v 7.609324 17.249460 -4.767143
v 7.621211 8.465947 10.481563
v 7.627202 7.671681 7.555901
v 7.727040 7.708979 -4.624511
v 7.719446 8.497280 -7.526302
v 7.683201 28.750000 -7.069102
v 7.643284 27.729334 -7.526129
v 7.638567 28.750000 -7.963228
v 7.741456 11.490185 -5.792092
v 7.689159 9.226062 9.779409
v 7.629020 8.718534 7.775976
v 7.656190 8.713871 -4.850594
v 7.692832 9.239486 -6.811558
v 7.544803 27.750000 -6.174723
v 7.597269 8.192295 10.508748
v 7.767208 7.465337 7.657477
v 7.777573 7.444498 -4.739622
v 7.594308 8.230596 -7.569631
v 7.696195 27.750000 -7.291243
v 7.638756 27.750000 -7.024322
v 7.727783 10.485723 9.547630
v 7.675983 9.917236 7.319558
v 7.700234 9.936061 -4.390410
v 7.721958 10.549232 -6.596720
v 7.743435 11.245431 9.052455
v 7.786868 10.707580 7.426790
v 7.644381 10.955951 -4.429383
v 7.710972 11.260867 -6.146725
v 7.670125 0.000001 13.213329
v 7.723593 0.250001 13.283010
v 7.718365 0.000001 9.047186
v 7.798125 0.250001 8.983182
v 7.723593 -0.000000 -6.105652
v 7.831958 0.250000 -6.022501
v 7.723593 -0.000001 -10.348290
v 7.735689 0.249999 -10.357572
v 7.829616 6.582268 7.870267
v 7.812545 6.591136 -4.944903
v 7.788997 8.553132 -4.745627
v 7.851780 9.166463 -6.969616
v 7.786441 28.750000 -7.816824
v 7.777493 11.454648 7.852432
v 7.726086 7.875232 10.449258
v 7.822790 7.200100 7.881894
v 7.755508 7.216764 -4.904438
v 7.678564 7.926703 -7.537089
v 7.994074 11.251367 -5.270273
v 7.724736 39.526501 -10.452051
v 7.821332 28.759775 -7.265195
v 7.820286 38.104950 -9.153668
v 7.831959 7.621748 10.322069
v 7.816516 7.026268 8.115694
v 7.905293 7.060478 -5.166932
v 7.888666 7.617685 -7.404939
v 7.820437 9.033355 10.107512
v 7.774136 8.338043 7.585051
v 7.850867 8.303633 -4.637846
v 7.766171 8.958671 -7.252935
v 7.799857 19.250000 -3.800075
v 7.844914 5.500000 8.279624
v 7.844914 6.500000 7.895162
v 7.844914 6.000000 0.929952
v 7.844914 6.500000 0.929952
v 7.844914 6.000000 -0.020049
v 7.844914 6.500000 -0.020049
v 7.844914 6.500000 -4.960443
v 7.822668 5.496593 -5.356817
v 7.818615 9.897310 9.658505
v 7.822152 9.331781 7.551176
v 7.850840 9.299996 -4.638361
v 7.861956 9.737457 -6.717281
v 7.861781 28.750000 -7.566513
v 7.860233 11.344387 8.739317
v 7.909931 10.972363 7.639915
v 7.891874 10.960190 -4.666360
v 7.974686 11.078743 -5.934158
v 7.945443 9.273017 9.609883
v 7.926543 8.831085 7.878500
v 7.919599 8.832427 -4.936646
v 7.959346 9.273755 -6.663534
v 7.942973 38.637054 -10.994001
v 7.892938 7.380203 10.740788
v 7.924174 7.381536 -7.820570
v 7.931806 8.805658 10.297043
v 7.795623 8.029868 7.531290
v 7.863454 8.011945 -4.601730
v 7.870381 8.742636 -7.402360
v 7.968811 19.250000 5.497024
v 7.936975 10.695411 9.275672
v 7.992200 10.011313 7.541062
v 7.981399 10.026520 -4.591190
v 7.997516 10.528230 -6.367068
v 8.020799 28.750000 -4.054492
v 7.980519 19.250000 5.212882
v 8.039768 19.250000 -3.711780
v 8.082500 8.569453 10.365834
v 7.969161 7.834472 7.565464
v 8.072003 7.867749 -4.660532
v 8.072263 8.534947 -7.444080
v 8.004536 11.244681 8.473645
v 8.041884 10.998193 7.897840
v 7.940125 11.181129 -4.928033
v 7.971191 11.267840 -5.620852
v 8.022902 9.176942 9.843274
v 8.045588 28.750000 -8.483661
v 8.046916 19.250000 -2.706441
v 8.049443 19.250000 5.778986
v 8.104711 19.250000 4.965759
v 8.093723 11.065828 8.228458
v 8.193949 10.801358 -5.313230
v 8.102000 8.240017 10.418260
v 8.178535 7.626197 7.703732
v 8.076193 7.545839 -4.752743
v 8.001177 8.233239 -7.513320
v 8.077920 37.290752 -9.349427
v 8.135825 19.250000 -4.091249
v 8.122304 37.396542 -9.135808
v 8.097626 19.250000 -0.041241
v 8.092321 9.730334 9.460403
v 8.105204 9.245033 7.837357
v 8.115016 9.336940 -4.873341
v 8.098248 9.950596 -6.478273
v 8.096812 7.965341 10.388153
v 8.112535 7.305656 7.879354
v 8.077247 7.287386 -4.948868
v 8.057829 7.959063 -7.462094
v 8.115018 37.049999 -9.544454
v 8.171307 9.272150 9.420620
v 8.199905 8.946003 8.126013
v 8.129387 8.903125 -5.104283
v 8.162351 9.307344 -6.466933
v 8.110819 7.676036 10.279952
v 8.117886 7.113810 -5.195685
v 8.085284 17.629807 -4.166509
v 8.746285 28.159824 -4.008945
v 8.254169 9.028209 9.945267
v 8.117789 8.458624 7.689943
v 8.163825 8.512864 -4.803138
v 8.184758 9.081351 -6.977872
v 8.049075 5.500000 8.224784
v 8.159339 5.500000 -5.297884
v 8.189661 19.250000 -2.829980
v 8.197099 10.487515 9.023016
v 8.125812 10.341137 7.717528
v 8.130682 10.348374 -4.790241
v 8.192288 10.585355 -6.037112
v 8.197961 6.500000 7.893571
v 8.162986 6.500000 -4.962967
v 8.202883 37.364231 -8.959463
v 8.223336 19.250000 -3.536427
v 8.253324 8.878154 10.118827
v 8.149700 8.164155 7.620955
v 8.170763 8.188362 -4.697092
v 8.146290 8.866005 -7.232517
v 8.274192 9.186215 9.649193
v 8.253017 8.761066 7.934102
v 8.310327 8.781606 -5.049646
v 8.341336 9.174038 -6.658325
v 8.349530 9.256390 9.067438
v 8.288989 9.025523 -5.301208
v 8.294002 9.262938 -6.271409
v 8.323353 37.145275 -8.764761
v 8.299219 19.272356 -0.347864
v 8.261332 9.801702 9.228158
v 8.277628 9.584765 7.959587
v 8.289634 9.638371 -5.051603
v 8.282685 9.779644 -6.265635
v 8.312405 19.250000 -3.278312
v 8.293066 10.555682 8.689064
v 8.307302 10.301901 8.066748
v 8.297593 10.372215 -5.122426
v 8.316140 10.473245 -5.702741
v 8.273289 7.441618 10.689427
v 8.278202 6.730143 7.891661
v 8.299174 6.715365 -4.946157
v 8.305425 7.445123 -7.748821
v 8.295963 19.243393 10.150048
v 8.305873 19.250000 6.089939
v 8.302936 19.254486 4.780686
v 8.322377 19.250000 2.057914
v 8.307023 19.250000 -3.084896
v 8.308518 19.250000 -0.571941
v 8.341455 10.408970 8.342361
v 8.343490 10.448920 -5.445755
v 8.290020 0.000001 13.717649
v 8.376378 0.250001 13.772802
v 8.344914 0.000001 8.563616
v 8.344914 0.250001 8.563616
v 8.332026 -0.000000 -5.638787
v 8.416838 0.250000 -5.599105
v 8.344914 -0.000001 -10.825050
v 8.344403 0.249999 -10.824658
v 8.371648 8.715652 10.149668
v 8.274698 7.945991 7.665061
v 8.369649 7.977228 -4.772375
v 8.368362 8.645275 -7.265648
v 8.353500 19.250000 -0.133449
v 8.370974 19.250000 -0.715582
v 8.332980 9.049615 8.347116
v 8.380726 9.086302 -5.527701
v 8.399818 9.215379 -6.036979
v 8.316947 20.713396 5.723738
v 8.375878 7.712065 10.163731
v 8.339001 7.175993 8.193528
v 8.411075 7.197319 -5.283558
v 8.269860 7.708130 -7.256386
v 8.389147 37.377083 -9.843194
v 8.327278 20.685347 6.021918
v 8.494560 27.754433 -5.080519
v 8.380343 8.423593 10.267926
v 8.504607 7.707850 7.872221
v 8.421650 7.683939 -4.870968
v 8.407915 8.346570 -7.337570
v 8.394813 9.715582 8.930187
v 8.393918 9.511972 8.282333
v 8.402834 9.529914 -5.363490
v 8.396127 9.826553 -5.977994
v 8.406218 9.148397 8.651114
v 8.414277 9.176525 -5.768639
v 8.424321 8.087898 10.256009
v 8.385910 7.471752 7.911362
v 8.362169 7.425648 -5.000209
v 8.417361 7.997516 -7.295978
v 8.411027 20.727955 5.408704
v 8.495957 9.022548 9.738368
v 8.395748 8.566678 7.866005
v 8.474528 8.545657 -4.969718
v 8.485283 9.029567 -6.808301
v 8.439062 21.203573 5.859064
v 8.445725 9.768972 8.558892
v 8.451024 9.738073 -5.636224
v 8.436713 21.141258 6.108600
v 8.514961 19.250000 0.058989
v 8.387444 20.534462 6.228505
v 8.495486 9.173618 9.284451
v 8.486325 8.881847 8.210697
v 8.442768 9.195847 -6.412991
v 8.580836 19.271179 -0.918608
v 8.472233 36.952114 -8.630034
v 8.412906 5.483919 8.256663
v 8.483673 5.479880 -5.328516
v 8.597082 19.250000 4.682829
v 8.484770 6.500000 -5.062226
v 8.512154 21.336729 5.713474
v 8.483107 27.750000 -6.756222
v 8.521812 21.116343 6.373331
v 8.492220 37.210503 -8.336717
v 8.561336 19.267433 2.536058
v 8.593700 19.250000 2.833810
v 8.612155 19.251520 2.349216
v 8.548584 8.819886 9.936869
v 8.507420 8.313458 7.829473
v 8.502974 8.244934 -4.881025
v 8.475904 8.863008 -7.028978
v 8.622940 8.962536 8.497447
v 8.572104 8.931621 -5.440462
v 8.580751 9.138237 -6.155878
v 8.483742 20.313026 6.369602
v 8.673700 21.648090 6.054691
v 8.589477 21.429134 6.255956
v 8.622291 21.355722 5.469963
v 8.590480 7.736024 9.963268
v 8.613127 7.318603 8.381986
v 8.589919 7.735992 -7.029020
v 8.568488 9.120522 8.895652
v 8.635741 9.053211 -5.804810
v 8.648619 7.517026 10.510939
v 8.606019 6.860813 8.008128
v 8.612401 6.831199 -5.054176
v 8.664733 7.498198 -7.570697
v 8.639536 9.053121 9.431535
v 8.665790 8.652772 8.135382
v 8.648823 8.682165 -5.201563
v 8.635163 9.057437 -6.487189
v 8.718097 21.068291 6.630273
v 8.770792 21.753572 5.853007
v 8.717026 8.577909 9.918472
v 8.579734 8.029195 7.852433
v 8.613229 8.039627 -4.942214
v 8.675939 8.640683 -7.008232
v 8.669741 38.485130 -9.500908
v 8.748780 21.514515 6.468028
v 8.681767 0.274838 11.071369
v 8.693542 0.249999 -8.160246
v 8.635633 19.250000 6.269806
v 8.652849 8.023907 10.038463
v 8.646762 7.548923 8.116010
v 8.653952 7.520108 -5.223405
v 8.699958 8.006604 -7.049198
v 8.647602 8.364282 10.071797
v 8.709826 7.873613 7.997744
v 8.660955 7.777043 -5.048646
v 8.741591 8.330460 -7.037989
v 8.633412 20.910234 5.202447
v 8.709891 37.479279 -9.936540
v 8.712308 0.250001 10.795550
v 8.712308 0.249999 -7.860827
v 8.725836 19.270033 3.035593
v 8.708789 19.250000 2.203280
v 8.814189 19.250000 0.184291
v 8.697761 36.379623 -8.535506
v 8.764072 19.250000 -0.992664
v 8.741578 0.250001 11.356660
v 8.741578 0.249999 -8.421936
v 8.828967 21.725489 5.626174
v 8.830560 21.416368 5.290616
v 8.740562 9.020927 9.125824
v 8.749793 8.807646 8.417727
v 8.810652 8.787292 -5.565959
v 8.782593 8.989049 -6.208378
v 8.800034 7.716960 9.675176
v 8.788691 7.425347 8.598609
v 8.753330 7.413116 -5.597721
v 8.795258 7.718812 -6.752319
v 8.794913 5.500000 8.350702
v 8.794913 6.500000 8.152255
v 8.799525 6.474461 -5.225021
v 8.794913 5.500000 -5.415982
v 8.798240 8.851966 9.538652
v 8.799898 8.409801 8.138889
v 8.739891 8.412946 -5.139410
v 8.737925 8.886962 -6.659323
v 8.907885 21.479778 6.655551
v 8.807089 0.250001 10.536000
v 8.807089 0.249999 -7.601284
v 8.826892 20.882650 6.742156
v 8.790669 8.938572 8.794560
v 8.841540 8.893324 -5.908494
v 8.834048 35.961472 -8.550233
v 8.905968 19.250000 3.158020
v 8.885181 19.250000 2.061079
v 8.863635 0.250001 11.619980
v 8.863635 0.249999 -8.685263
v 8.873570 37.233730 -9.847574
v 8.883883 8.626698 9.653021
v 8.884727 8.182048 8.188402
v 8.910425 8.208858 -5.301800
v 8.891667 8.607692 -6.724790
v 8.903165 7.671230 9.397744
v 8.890241 7.517322 8.836730
v 8.882257 7.510090 -5.883292
v 8.925547 7.662914 -6.493088
v 8.936916 19.250000 9.412254
v 8.752594 20.601124 4.992942
v 9.015087 19.250000 6.265882
v 8.961905 19.265429 4.712519
v 8.907592 8.029526 9.709390
v 8.929633 7.714354 8.479876
v 8.902693 7.713589 -5.448946
v 8.914019 8.114758 -6.798246
v 9.013581 21.755156 5.459273
v 8.969146 28.750000 -2.417794
v 9.257684 28.110842 -3.278447
v 8.893773 8.324974 9.763951
v 8.878973 7.870881 8.248726
v 8.966044 7.971863 -5.438658
v 8.976852 8.331712 -6.666097
v 8.953611 7.597506 9.131022
v 8.931262 7.599191 -6.165085
v 8.887626 8.838449 9.246457
v 8.914467 8.646671 8.526061
v 8.987134 8.465695 -5.570845
v 8.930410 8.793598 -6.209935
v 8.930610 7.532032 10.274999
v 8.948693 6.983955 8.210830
v 8.948693 6.983954 -5.276113
v 8.927421 7.531860 -7.342949
v 8.970323 7.677113 8.733808
v 8.921586 20.230732 6.637616
v 9.029487 21.317587 6.795604
v 8.967852 0.250001 10.314520
v 8.967852 0.249999 -7.379796
v 9.009646 36.199100 -8.767275
v 8.966105 21.306150 5.128188
v 8.981845 8.702827 8.836759
v 8.992992 8.664771 -5.884445
v 9.046759 36.973904 -9.651324
v 9.103819 19.250000 0.172836
v 9.054853 27.750000 -4.602243
v 9.048723 27.763533 -4.316113
v 9.045760 8.537305 9.237287
v 9.034123 8.250560 8.523892
v 9.066920 8.281607 -5.739094
v 9.017978 8.552383 -6.415051
v 9.061015 20.880867 6.843403
v 9.057240 22.118641 6.126073
v 9.018223 21.994207 6.355890
v 9.034163 0.250001 11.860606
v 9.008951 0.249999 -8.864764
v 9.026542 7.964062 9.393607
v 9.060266 7.871855 8.853381
v 9.015508 7.768732 -5.796583
v 9.024406 7.991493 -6.489660
v 9.098783 37.272358 -9.708341
v 9.050949 19.250000 -2.530813
v 9.056893 0.000001 14.035650
v 9.068455 0.250001 14.059470
v 8.956418 0.000001 8.310323
v 9.121876 0.250001 8.256882
v 9.068455 -0.000000 -5.329195
v 9.068455 0.250000 -5.329195
v 9.068455 -0.000001 -11.124750
v 9.039874 0.249999 -11.097639
v 9.047948 8.247014 9.419234
v 9.030742 7.995179 8.549803
v 9.064444 8.052833 -5.675103
v 9.084492 8.305213 -6.301931
v 8.949346 18.515270 -2.734634
v 9.063813 8.452548 8.798319
v 9.067436 8.502394 -6.085978
v 9.059312 7.913035 9.154106
v 9.082532 7.946784 -6.163294
v 9.118076 21.944786 6.559731
v 9.132730 22.733917 6.363021
v 9.107541 22.522741 6.548806
v 9.190193 21.719028 5.322760
v 9.119164 8.167492 8.985692
v 9.114544 8.177553 -5.983084
v 9.163666 27.750000 -4.078088
v 9.127539 21.005239 4.975169
v 9.204117 19.250000 3.206061
v 9.156551 19.250000 2.007102
v 9.130155 27.750000 -4.825227
v 9.187991 22.693615 6.041479
v 9.163706 36.030262 -7.258729
v 9.137799 36.491138 -9.059996
v 9.104227 22.097040 5.899048
v 9.221717 22.458706 6.822248
v 9.293195 21.311068 6.876849
v 9.150334 7.489984 9.996526
v 9.182562 7.127226 8.503407
v 9.178950 7.123953 -5.560217
v 9.150150 7.499587 -7.056867
v 9.174750 36.781887 -9.299568
v 9.183636 0.250001 10.146180
v 9.183636 0.249999 -7.211455
v 9.256627 21.817310 6.736306
v 9.184543 20.434423 6.770249
v 9.194296 19.250000 -0.920859
v 9.253068 21.410137 5.100513
v 9.328354 20.790874 6.882395
v 9.313990 22.171114 5.695451
v 9.488541 27.750000 -5.575459
v 9.281575 0.250001 12.023680
v 9.281575 0.249999 -9.088963
v 9.263563 27.750000 -4.006577
v 9.321003 19.250000 6.152899
v 9.299462 19.250000 4.894117
v 9.324142 23.213249 6.376016
v 9.284963 23.084587 6.647051
v 9.369213 19.255440 -0.754893
v 9.314828 7.448043 9.615963
v 9.323693 7.255051 8.834343
v 9.323052 7.254469 -5.898121
v 9.304604 7.463419 -6.697035
v 9.389529 21.640797 5.220508
v 9.404928 19.250000 8.569457
v 9.369071 22.999990 6.909084
v 9.373063 7.368309 9.205919
v 9.377818 7.345555 -6.277298
v 9.378369 27.750000 -4.994660
v 9.394720 22.753059 5.787976
v 9.419127 21.120831 6.910164
v 9.389823 19.250000 -0.085276
v 9.384438 37.514252 -8.614146
v 9.501969 22.086390 5.573101
v 9.424538 19.250000 3.145524
v 9.424538 19.250000 2.082029
v 9.405418 22.287214 7.001290
v 9.437464 27.750000 -3.881917
v 9.437873 18.971630 -1.663908
v 9.439738 0.250001 10.042450
v 9.439738 0.249999 -7.107735
v 9.439828 23.261314 6.102639
v 9.500939 21.247181 5.031543
v 9.500167 19.250000 5.937400
v 9.500167 19.250000 5.150823
v 9.451423 21.724678 6.838536
v 9.473077 19.250000 -0.648899
v 9.529688 22.880331 7.108687
v 9.503043 20.528347 6.799957
v 9.562066 27.750000 -5.042590
v 9.548974 0.250001 12.136540
v 9.548974 0.249999 -9.201823
v 9.582184 19.250000 3.020159
v 9.652363 22.650511 5.599916
v 9.584048 21.606018 5.214695
v 9.554305 28.750000 -0.822319
v 9.669696 23.243900 5.862488
v 9.655716 27.750000 -3.842381
v 9.593690 19.268265 5.743057
v 9.606644 19.250000 5.450621
v 9.638111 22.254375 7.124340
v 9.640786 21.065525 6.883676
v 9.622943 19.250000 7.908624
v 9.656868 28.750000 -6.966126
v 9.650944 21.630274 6.861369
v 9.528638 23.523422 6.622347
v 9.571035 34.456055 -7.175251
v 9.677672 34.964676 -6.285468
v 9.956830 28.101370 -5.538692
v 9.633156 23.650970 6.427032
v 9.688176 20.987614 5.021387
v 9.563502 23.474215 6.839539
v 9.703678 19.237436 6.734757
v 9.729725 19.250000 2.739902
v 9.701229 19.234989 2.336982
v 9.699443 19.233202 -0.816840
v 9.718705 0.250001 10.010420
v 9.718705 0.249999 -7.075703
v 9.757113 36.549587 -8.471801
v 9.742180 20.549509 6.742156
v 9.729713 23.628059 6.207115
v 9.698768 21.989969 5.496783
v 9.793294 21.489496 5.217054
v 9.829504 23.890749 6.605529
v 9.717080 23.456964 7.070852
v 9.895818 23.917177 6.889193
v 9.621889 27.750000 -3.416386
v 9.763143 20.569191 5.063633
v 9.834583 22.170664 7.145050
v 9.745098 22.779648 7.238811
v 9.775846 27.750000 -5.027418
v 9.796677 0.250001 12.179669
v 9.831793 0.249999 -9.243662
v 9.846763 21.059578 6.805017
v 9.759640 0.000001 14.150464
v 9.844914 0.250001 14.161690
v 9.721593 0.000001 8.177928
v 9.875230 0.250001 8.165683
v 9.801062 -0.000000 -5.232746
v 9.920979 0.250000 -5.236987
v 9.754844 -0.000001 -11.215113
v 9.783795 0.249999 -11.209876
v 9.859728 20.191858 6.401387
v 9.795470 34.237091 -6.273093
v 9.941577 23.658682 6.066080
v 9.956636 23.893320 6.337460
v 9.889378 27.750000 -3.908932
v 9.891522 20.959820 5.112573
v 9.881725 23.304245 7.231148
v 10.085659 23.851398 7.148219
v 9.909346 21.924168 5.523115
v 10.007029 20.589893 6.555164
v 9.951808 23.179352 5.717439
v 9.942760 22.543888 5.532661
v 9.957942 21.539135 6.775272
v 10.046039 27.741341 -4.877519
v 9.988517 20.648026 5.230886
v 9.982833 25.095840 7.014205
v 9.990401 24.937777 6.973221
v 9.988486 24.904629 7.212123
v 9.967444 21.264395 5.228872
v 10.001520 0.250001 10.052260
v 10.001520 0.249999 -7.117543
v 10.014712 25.122169 7.287732
v 9.985563 35.832115 -8.432084
v 10.039002 22.730852 7.297717
v 9.989921 20.112688 6.097072
v 10.082577 22.030167 7.057646
v 10.054610 24.751965 7.082797
v 10.090878 27.750000 -4.072237
v 10.019907 25.043287 6.815209
v 10.047029 24.172318 6.635767
v 10.017776 20.889782 6.669813
v 10.070971 24.940374 7.477995
v 10.074073 24.751228 7.366780
v 10.037713 25.199638 6.848160
v 10.039040 25.254597 7.095437
v 10.076824 24.825296 6.820919
v 10.065410 36.361771 -7.561514
v 10.025667 33.879734 -5.294527
v 10.092465 20.958019 5.299595
v 10.137565 21.830219 5.660194
v 10.122173 24.439209 6.865147
v 10.148378 24.337223 7.094890
v 10.161046 25.392920 6.905415
v 10.135255 20.517893 6.341368
v 10.214721 23.871317 6.183370
v 10.110760 0.250001 12.146350
v 10.110760 0.249999 -9.211630
v 10.221169 24.192448 6.434518
v 10.153420 21.536125 6.615379
v 10.136264 25.233057 6.651662
v 10.117433 25.119961 7.500892
v 10.160957 25.385201 7.132930
v 10.175254 25.285328 7.398702
v 10.149912 24.773277 7.564450
v 10.189340 23.632347 7.254760
v 10.154873 21.260653 5.420719
v 10.226635 22.381231 5.599241
v 10.238915 23.109659 5.714572
v 9.964405 20.097198 5.466775
v 10.161185 24.603340 6.995169
v 10.195828 24.611017 7.447015
v 10.183606 23.606173 5.969868
v 10.187519 24.448912 6.659408
v 10.200080 24.986704 7.652285
v 10.252157 24.801226 6.562695
v 10.215262 20.964380 6.447872
v 10.247844 27.751415 -4.504684
v 10.191445 24.668459 6.809651
v 10.288967 24.263489 7.272314
v 10.197104 27.750000 -4.258840
v 10.262969 25.412073 6.709388
v 10.186204 20.726095 5.456780
v 10.255816 27.771175 -1.845697
v 10.206000 24.576925 7.204818
v 10.271092 22.553040 7.218901
v 10.181659 32.631279 -5.508572
v 10.175708 23.224785 7.308634
v 10.236084 20.571722 6.133712
v 10.142588 25.010342 6.582300
v 10.286033 24.696863 6.651514
v 10.349599 24.518206 6.519933
v 10.252350 28.750000 8.085505
v 10.268466 25.118999 6.444979
v 10.279347 20.717113 5.711970
v 10.268920 0.250001 10.165120
v 10.268920 0.249999 -7.230402
v 10.266970 21.231255 5.608659
v 10.320079 24.494213 7.337520
v 10.192092 20.415428 5.884639
v 10.306847 25.283016 6.489604
v 10.280621 21.727549 5.835893
v 10.337244 24.557734 7.608792
v 10.306091 20.993284 6.260843
v 10.299796 25.196138 7.616284
v 10.320767 25.725922 7.145606
v 10.310192 24.798975 7.744467
v 10.319726 25.635366 7.433992
v 10.310350 21.566719 6.363750
v 10.330790 25.470938 7.110948
v 10.341087 25.393709 7.368635
v 10.340850 21.153315 5.825696
v 10.345445 21.628445 6.102468
v 10.367166 26.298464 7.368585
v 10.345273 20.909817 6.007942
v 10.346113 26.088997 7.547763
v 10.363061 32.512489 -4.045741
v 10.449763 25.543562 7.716438
v 10.366860 0.250001 12.042630
v 10.396776 0.249999 -9.111959
v 10.353901 28.750000 8.409795
v 10.436244 24.091293 7.306884
v 10.382327 25.037720 7.759990
v 10.382980 22.012289 6.905549
v 10.386125 23.064373 7.267771
v 10.426087 26.350203 7.133160
v 10.432566 25.445932 6.597276
v 10.452434 23.778145 6.138346
v 10.362345 24.928066 6.390147
v 10.519944 22.634026 7.124248
v 10.435545 26.100775 7.809643
v 10.481111 24.777246 6.389117
v 10.408406 25.731529 6.893815
v 10.409565 25.523249 6.887399
v 10.430971 25.118231 6.331406
v 10.529372 23.678022 7.234931
v 10.494141 24.672962 6.488481
v 10.525170 24.556393 7.761168
v 10.441609 25.314821 7.587382
v 10.485149 24.334497 6.411709
v 10.615372 24.388037 7.594774
v 10.472385 24.415951 7.441785
v 10.495090 22.292456 5.779920
v 10.518325 24.764566 7.856528
v 10.505140 27.750000 -0.880061
v 10.496913 26.235325 6.906367
v 10.325373 35.526302 -7.346754
v 10.502680 0.250001 10.341310
v 10.486980 0.249999 -7.394757
v 10.450604 23.473162 5.952720
v 10.526163 25.284241 6.363376
v 10.514230 27.750000 -1.107489
v 10.575873 22.028814 6.640693
v 10.508015 30.795174 -3.831542
v 10.533900 28.750000 -0.609230
v 10.552925 26.005245 7.981451
v 10.544573 31.105719 -2.760847
v 10.551639 23.002699 5.828022
v 10.602051 25.498209 6.669071
v 10.536953 26.761913 7.519157
v 10.625507 25.691656 6.647040
v 10.524592 26.628983 7.723281
v 10.533142 24.957975 7.840826
v 10.661909 24.624556 6.444095
v 10.660195 27.739803 -1.371874
v 10.572640 27.750000 -0.662690
v 10.592593 25.186869 7.724401
v 10.706100 24.401070 6.425434
v 10.581410 28.750000 -1.963566
v 10.617255 24.893553 6.267856
v 10.582650 0.250001 11.874290
v 10.582650 0.249999 -8.939568
v 10.587640 25.384279 7.821857
v 10.633111 23.992020 6.318873
v 10.666978 26.917147 7.288254
v 10.594940 30.016870 -1.766334
v 10.624044 22.183542 6.019019
v 10.599080 28.750000 8.836246
v 10.551250 35.303967 -6.595357
v 10.719205 24.072783 7.299120
v 10.631503 26.667189 7.940329
v 10.664688 28.174435 -4.616329
v 10.560976 0.000001 14.067421
v 10.717411 0.250001 14.019689
v 10.607607 0.000001 8.262103
v 10.681123 0.250001 8.288666
v 10.621370 -0.000000 -5.329195
v 10.621370 0.250000 -5.329195
v 10.621370 -0.000001 -11.124750
v 10.621370 0.249999 -11.124750
v 10.665248 25.406967 6.457434
v 10.631813 25.083599 6.250642
v 10.688072 26.396191 6.768429
v 10.669013 23.477903 6.088840
v 10.664320 22.072081 6.336740
v 10.724171 27.750000 -0.492454
v 10.686860 0.250001 10.568820
v 10.686860 0.249999 -7.634100
v 10.733356 22.810570 5.995206
v 10.687963 24.576950 7.840422
v 10.641961 23.270212 7.158636
v 10.671926 25.808405 8.048739
v 10.652575 26.761400 7.077036
v 10.719888 25.249487 6.296234
v 10.696355 22.534758 6.909605
v 10.776387 24.750938 7.894389
v 10.747861 24.693323 6.333604
v 10.670440 24.320190 7.429508
v 10.771340 23.737616 7.122140
v 10.815138 26.659998 8.141083
v 10.743410 0.250001 11.652800
v 10.743410 0.249999 -8.718081
v 10.789474 33.999050 -6.757835
v 10.824498 25.307627 7.922173
v 10.920310 24.302187 7.525136
v 10.805111 23.242887 6.191897
v 10.889144 27.731817 -0.395265
v 10.511981 27.750000 -3.960767
v 10.878497 24.263281 6.502741
v 10.836958 23.687662 6.428817
v 10.829391 22.764746 6.191567
v 10.743276 24.988955 7.852908
v 10.808920 0.250001 10.832150
v 10.791704 0.270088 -7.863734
v 10.740921 22.984465 7.006703
v 10.831422 23.410549 6.951621
v 10.837139 24.413357 7.725607
v 10.843472 24.553131 6.462830
v 10.927901 24.049961 7.133632
v 10.805057 22.535549 6.672863
v 10.817013 25.451889 6.557104
v 10.809361 27.776554 2.711721
v 10.832094 26.329367 6.639136
v 10.838190 0.250001 11.393260
v 10.837442 0.249999 -8.460587
v 10.849156 25.050722 6.225516
v 10.832713 26.901386 6.981736
v 10.927281 24.258770 7.317077
v 10.856989 0.250001 11.157828
v 10.860540 0.249999 -8.178629
v 10.838975 27.771332 3.024027
v 10.868181 22.688400 6.437609
v 10.879162 28.189873 8.206192
v 10.890564 25.075365 7.783694
v 10.908870 25.654301 6.516355
v 10.924411 23.818338 6.905952
v 10.961503 27.750000 2.410451
v 10.959221 27.348360 7.654061
v 10.886630 23.083134 6.751510
v 10.856398 25.766661 8.152662
v 11.015281 27.305820 7.948286
v 10.854434 26.401226 8.226273
v 10.951892 24.558191 7.824992
v 10.911917 28.750000 9.124851
v 10.907309 23.582031 6.658534
v 10.910729 25.299536 6.351628
v 10.912018 23.193398 6.453284
v 10.885179 27.747780 -1.514879
v 10.992560 24.462786 6.553200
v 10.989715 27.750000 3.228229
v 10.866065 28.728140 -5.352180
v 10.919764 26.977165 8.082892
v 11.010438 24.054314 6.880339
v 10.974960 24.723780 7.874246
v 10.935775 23.942678 6.646739
v 11.041219 25.375633 6.538357
v 10.983750 24.809614 6.254016
v 10.999196 24.904413 7.839648
v 10.982888 24.607061 6.379904
v 11.016260 26.847355 6.797991
v 11.020816 33.987995 -5.393404
v 11.095263 25.017620 7.743295
v 11.100021 24.396410 7.655197
v 11.040262 26.260767 6.539929
v 11.070847 24.247595 7.128942
v 11.103883 24.271261 7.361806
v 11.168647 27.750000 -0.367119
v 11.067090 25.072174 6.274167
v 11.153250 27.750000 2.277835
v 11.120719 27.750000 -1.576257
v 11.143473 28.060453 8.398534
v 11.105623 26.356522 8.347864
v 11.100144 24.344223 6.729898
v 11.148308 24.542191 7.756453
v 11.086114 25.745054 8.220603
v 11.068797 25.192112 7.904382
v 11.162500 24.469225 6.557449
v 11.190492 24.330534 7.504352
v 11.096873 27.259647 7.131979
v 11.132868 24.286043 6.932249
v 11.143687 25.233051 6.400352
v 11.118676 27.470421 7.410738
v 11.162660 24.712130 6.333249
v 11.151052 27.750000 3.378343
v 11.164391 24.702602 7.796319
v 11.196662 26.991531 8.283823
v 11.226624 24.873182 7.733511
v 11.237344 27.750000 7.899040
v 11.238685 27.750000 7.664721
v 11.289464 24.295799 7.136938
v 11.204243 25.521269 6.516365
v 11.217872 26.705894 6.662000
v 11.312942 24.330126 7.365206
v 11.204253 27.774542 -2.595548
v 11.288771 32.215549 -5.128858
v 11.232562 26.041765 6.495955
v 11.354047 24.353653 6.924518
v 11.283913 24.490585 7.635009
v 11.261458 24.961449 6.345915
v 11.271480 28.750000 9.317620
v 11.331369 25.112051 7.777997
v 11.281665 25.261057 6.601828
v 11.389682 27.727789 7.388906
v 11.318414 26.170792 8.346564
v 11.339263 25.113901 6.474958
v 11.314678 27.725264 8.137891
v 11.351468 24.581255 6.532151
v 11.390945 27.750000 3.407017
v 11.295574 24.974211 7.621458
v 11.365447 25.759773 8.222200
v 11.338587 26.690454 8.360438
v 11.308968 32.816925 -4.323795
v 11.350974 0.000001 13.755117
v 11.285490 0.250001 13.784383
v 11.232786 0.000001 8.517173
v 11.444867 0.250001 8.640316
v 11.229603 -0.000000 -5.581135
v 11.448003 0.250000 -5.708003
v 11.427588 -0.000001 -10.761609
v 11.394287 0.249999 -10.787161
v 11.366428 24.732059 7.649086
v 11.433996 27.745798 2.217145
v 11.435598 24.463764 6.768213
v 11.368911 24.802164 6.434931
v 11.446455 27.750000 -0.477375
v 11.351897 28.177198 8.716496
v 11.468915 25.516039 6.615894
v 11.433540 25.169220 6.761466
v 11.407575 24.480801 7.488543
v 11.429699 31.852636 -4.085897
v 11.436413 24.968830 7.460590
v 11.478910 24.420704 7.230455
v 11.488544 25.047018 6.664684
v 11.564966 27.261471 8.369235
v 11.450210 24.954895 6.519594
v 11.400769 27.112360 6.892572
v 11.469666 26.739847 6.675034
v 11.554650 24.493179 7.027942
v 11.473806 26.000078 6.532777
v 11.506945 24.722038 6.613141
v 11.501249 24.671797 7.474502
v 11.518764 24.995913 7.260485
v 11.482767 27.750000 -1.410709
v 11.535819 26.116213 8.311377
v 11.518365 31.460203 -3.084615
v 11.510859 25.569038 8.091144
v 11.533449 25.088375 6.963006
v 11.536104 28.750000 -0.615619
v 11.543713 30.459511 -3.524961
v 11.584898 24.636026 6.830939
v 11.551084 24.825392 7.358557
v 11.586945 25.180292 7.631387
v 11.572567 24.602213 7.284759
v 11.568164 24.877535 6.713874
v 11.580589 28.750233 -1.942723
v 11.597022 24.919090 7.124340
v 11.577333 30.409611 -2.125052
v 11.535058 27.776087 8.368697
v 11.575334 27.750000 -0.605162
v 11.629387 24.692102 7.084877
v 11.644627 27.769302 -1.196242
v 11.668891 27.750000 3.379594
v 11.619849 24.882692 6.920965
v 11.639027 25.360191 6.822641
v 11.638350 27.750000 7.256935
v 11.696583 25.180197 7.281110
v 11.721908 27.043766 6.908177
v 11.673879 27.750000 2.256301
v 11.670180 27.750000 -0.786130
v 11.635291 25.865873 6.618079
v 11.698936 25.251114 7.020453
v 11.677090 28.750000 9.414186
v 11.677100 26.614140 6.680607
v 11.658895 27.624441 -0.977405
v 11.721175 26.943577 8.342634
v 11.819075 27.425776 7.137255
v 11.761648 25.563805 7.917902
v 11.667186 28.207975 8.857755
v 11.746154 26.237654 8.266806
v 11.825205 27.750000 8.436997
v 11.764317 25.718912 6.758300
v 11.874155 27.750000 3.195651
v 11.972030 27.057758 8.262337
v 11.900637 26.604460 6.825251
v 11.864745 27.750000 2.420017
v 11.943976 26.152523 8.106017
v 11.951644 27.750000 7.299806
v 11.902393 28.750000 -3.411642
v 11.962225 25.797033 6.945077
v 11.922400 0.000001 13.313494
v 11.979867 0.250001 13.265239
v 11.928749 0.000001 9.011612
v 11.966230 0.250001 9.040372
v 11.917637 -0.000000 -6.071944
v 12.018728 0.250000 -6.174068
v 11.919648 -0.000001 -10.384033
v 11.966230 0.249999 -10.348290
v 11.992442 27.750000 2.658329
v 11.945807 25.576006 7.633307
v 11.871671 27.437721 8.400055
v 11.956962 27.092113 7.064231
v 12.036583 27.785189 2.958920
v 11.982264 25.649298 7.123055
v 12.050422 25.711573 7.363869
v 12.017862 26.392290 6.891928
v 12.074724 27.831863 8.463632
v 12.044737 26.023159 7.906125
v 12.005221 28.143810 8.798025
v 12.093910 28.750000 9.403900
v 12.156486 27.659468 8.353507
v 12.150316 27.051762 7.269926
v 12.176282 27.750000 7.416347
v 12.208862 26.582573 7.832451
v 12.162300 26.453804 7.133172
v 12.285069 27.194990 7.943137
v 12.165532 26.155607 7.761943
v 12.227926 26.720783 7.366814
v 12.200346 26.193308 7.311100
v 12.267577 27.267859 7.508861
v 12.175526 26.065432 7.524288
v 12.268468 26.958578 7.682403
v 12.355171 27.803713 8.240264
v 12.273193 27.431660 8.139439
v 12.405746 27.750000 7.660640
v 12.315066 28.075880 8.623286
v 12.442990 0.000001 12.661690
v 12.442990 0.250001 12.661690
v 12.442990 0.000001 9.661692
v 12.442990 0.250001 9.661692
v 12.442990 -0.000001 -6.726973
v 12.495423 0.249999 -6.853558
v 12.442990 -0.000001 -9.726973
v 12.442990 0.249999 -9.726973
v 12.442494 27.748619 7.985317
v 12.494260 28.750000 9.287444
v 12.626375 28.750000 -1.320376
v 12.753506 0.000001 11.855993
v 12.752861 0.250001 11.860891
v 12.753046 0.000001 10.463904
v 12.742690 0.250001 10.385240
v 12.742690 -0.000001 -7.450516
v 12.742690 0.249999 -7.450516
v 12.729131 -0.000001 -9.036165
v 12.744523 0.249999 -8.989510
v 12.825201 0.000001 11.136376
v 12.844910 0.250001 11.161690
v 12.838684 -0.000001 -8.225299
v 12.844910 0.249999 -8.226973
v 12.811118 28.750000 9.096879
v 13.142100 28.750000 8.773487
v 13.334023 28.750000 8.432394
v 13.451380 28.750000 8.006557
v 1.122968 16.250000 2.553537
v -1.836281 18.250000 0.775404
v 12.812532 28.750391 0.775526
v 5.422858 18.250000 1.345800
v 7.844914 6.500000 -2.027998
v -8.519783 22.559011 -4.286844
v -12.470684 28.750000 7.375387
v -11.027007 -0.000001 -8.735802
v -10.420209 -0.000001 -8.114857
v -12.029675 28.750000 8.541993
v 0.726578 18.250000 2.153830
v -12.053812 28.750000 2.970647
v -12.019159 28.750000 2.131901
v -12.054444 27.775801 3.140245
v -10.458260 -0.000001 -6.904983
v -11.743024 27.213051 3.165950
v -11.457118 28.750000 7.265712
v -10.837467 28.750000 3.151242
v -11.238018 28.750000 1.758021
v -10.247144 25.603157 2.807370
v -11.216311 28.750000 4.718201
v -11.489432 25.804716 2.838158
v -9.638429 28.750000 -3.361932
v -9.491033 28.750000 -4.738959
v -10.677620 26.393206 -1.461654
v -11.161094 27.198009 -0.364842
v -10.438342 2.090735 10.414487
v -10.238432 24.812649 6.570283
v -10.785089 25.976856 -1.423275
v -10.784743 27.750000 -0.444725
v -10.506568 27.800013 -0.866516
v -8.101483 1.983063 10.397708
v 1.759462 18.250000 -1.932706
v -10.396728 0.000001 11.206522
v -8.648159 0.000001 11.708602
v -9.733888 -0.000001 -8.893191
v -9.732365 5.614319 -6.834687
v -10.413912 2.343590 -7.735935
v -10.029296 2.057191 -8.656998
v -10.123025 27.682468 -4.778788
v 9.871610 1.769173 -6.720684
v -10.045156 24.837963 2.818769
v -9.684151 2.741856 9.364793
v -9.863941 26.889475 -4.745714
v -3.217055 18.250000 4.973616
v -9.354121 36.109947 -8.685847
v -10.317273 2.796083 10.576326
v -9.764090 5.497057 9.707343
v -9.126631 -0.000001 -8.069526
v -10.230811 2.802466 -8.015368
v -9.871146 0.000001 12.327845
v -9.554901 27.176556 -3.773193
v -9.260112 -0.000001 -6.897265
v -9.388678 20.037889 3.225821
v -9.149253 35.545830 -7.790234
v -9.663704 0.906968 12.046406
v -9.658661 20.102709 -0.685638
v -8.781451 0.250001 9.211252
v -8.715624 -0.000001 -7.280908
v -9.439657 18.969336 -1.661871
v -8.942159 18.475916 -0.363415
v -9.232433 18.766191 2.959430
v -9.001894 19.721401 2.093597
v -9.283361 19.840855 2.027989
v -9.167118 0.000001 10.605866
v -9.030647 36.326267 -9.400593
v -8.820536 35.804554 -9.436697
v -10.357182 21.630487 2.836760
v -9.799947 2.754572 11.495017
v -8.554646 27.750000 -5.006997
v -9.637491 20.491085 -0.905864
v -9.445753 20.725843 -1.074054
v -8.585737 37.122646 -9.856904
v -8.794913 5.500000 -4.439198
v -9.359301 2.958972 -6.233666
v -8.104068 36.103695 -8.580264
v 9.337856 2.387094 9.314714
v 3.471794 29.708500 -9.203462
v -8.278162 19.231527 5.399945
v 7.853756 29.609203 -8.070378
v 12.139051 28.047934 1.134339
v 9.591188 2.904347 9.283154
v 6.109207 28.750000 -6.747704
v 0.498207 19.530537 -7.196837
v -8.064492 37.297302 -9.404562
v -7.357667 20.074772 -3.096071
v 8.707167 28.750000 -4.256129
v -7.662076 20.265545 -2.832050
v -7.699142 19.686619 -2.685767
v -7.837864 18.937994 5.303035
v -7.876341 7.000532 10.814523
v -8.794913 6.500000 1.605406
v 0.588748 18.250000 -0.167872
v -7.011762 5.984944 -5.629368
v 8.823030 27.894999 -4.368088
v 9.189529 28.750000 -4.657302
v 9.156704 2.018826 9.415645
v 3.441387 18.250000 2.826375
v -2.387774 16.250000 2.869928
v 8.022082 3.241984 -6.392074
v 3.910932 29.705248 -8.997120
v -7.844913 6.500000 4.652391
v -6.966241 16.250000 6.253889
v 8.544738 18.359383 8.346118
v 3.725544 30.079571 -9.140157
v -5.661538 39.628613 -11.899652
v -6.307217 19.585997 -5.325261
v -9.847409 2.663195 -6.564655
v 8.165087 18.304667 8.903534
v -5.937532 16.250000 1.443928
v 7.889013 2.923216 -6.799449
v -6.119653 16.250000 -1.055304
v -4.631901 16.250000 -1.127057
v -9.963609 21.622404 -0.184697
v -4.546238 16.250000 4.708933
v -5.584276 16.250000 2.516458
v -5.727078 20.347105 -5.143935
v -8.081501 17.827450 8.069489
v -5.461232 20.200212 -5.240183
v 9.699194 20.697731 -0.094685
v -3.590405 18.250000 -0.593321
v -10.304895 21.676662 2.358510
v 10.200830 21.375114 2.315905
v -2.986772 18.250000 3.025837
v -4.893610 16.000000 -5.498882
v -3.881763 16.250000 -0.259748
v -7.612073 3.580271 -6.744672
v 8.113297 2.572159 9.690993
v 6.792287 22.282911 -6.041283
v 10.585256 27.761063 -0.358860
v -4.362173 18.247629 -7.246516
v -4.309893 16.008806 -5.498882
v -4.036870 29.659460 -8.993905
v -3.703526 30.256453 -9.203655
v -4.485515 29.390303 -9.421389
v -4.200894 29.320305 -8.987481
v -0.331137 18.868113 -7.866992
v -4.530619 29.870987 -9.562106
v -4.148342 27.518539 -9.474529
v 2.697222 16.250000 2.529480
v 13.149380 28.750391 4.585898
v 9.907640 2.857414 9.524619
v -0.773180 19.260483 -6.969259
v 9.948755 2.498649 -6.667250
v -9.961225 3.069526 9.584200
v -3.053550 17.356142 -6.355026
v -3.643827 16.500000 8.433599
v -2.207461 16.000000 8.433599
v -9.228030 2.033407 -6.474704
v 7.844914 5.500000 5.535001
v -3.819735 29.766628 -10.199392
v -3.243892 16.000000 -3.136129
v -3.239016 16.250000 -1.300115
v -3.335218 16.250000 -2.408343
v -0.991049 18.250000 -0.925886
v -9.707854 28.750000 0.806735
v -2.844493 16.000000 6.155992
v -3.154202 27.385445 -9.180650
v -4.193376 26.564966 -8.547475
v 6.508798 18.315363 3.772279
v 8.515214 3.443088 8.963489
v -3.372914 30.073927 -9.561462
v -1.756613 16.000000 6.858026
v -8.790668 6.500000 -3.019951
v -3.785664 23.188547 -8.361326
v -3.333688 20.719898 -6.753879
v -3.180817 20.250261 -6.607246
v -3.050758 20.830305 -6.758558
v 0.140780 18.250000 6.004580
v 4.589567 16.250000 2.916768
v -10.243654 22.762615 2.120065
v 8.437860 3.929739 -5.854825
v -2.755866 20.703762 -6.858747
v -0.606274 28.750000 -9.999799
v -1.623964 16.250000 -0.743935
v -2.456415 17.627184 9.560783
v -10.139044 3.451996 -7.033361
v -2.466661 19.652042 -6.911717
v 7.979573 2.486247 10.028202
v 7.844914 5.500000 -4.359864
v 12.332794 27.776649 6.406583
v -0.843553 28.750000 -11.206831
v -7.844913 6.500000 -1.739293
v -0.357776 20.277786 -7.249175
v -1.784896 18.191164 -7.190051
v 0.641119 17.986389 9.919989
v 11.563240 29.555296 -2.688561
v -1.461111 16.000000 -4.346745
v -0.636486 16.000000 -3.253487
v -2.049744 16.500000 8.433599
v 0.332199 16.000000 -4.458241
v 8.279610 19.232491 3.302435
v 0.064816 19.237278 11.170876
v -10.413692 22.470867 2.250841
v -7.913349 17.447107 5.130625
v 2.053780 16.500000 -5.498882
v -11.830942 27.750000 1.032385
v 0.537969 16.000000 6.690152
v 5.615720 40.165802 -11.035971
v 8.794913 5.500000 -2.534437
v 12.093127 27.750000 4.011250
v -10.634373 22.593575 2.627231
v -0.215387 26.915489 -10.062748
v -0.508498 18.638399 -7.637280
v 0.580462 18.550550 -7.549433
v 1.408005 16.250000 -0.603170
v 8.980999 27.416056 -4.559290
v -0.000000 22.806864 -9.022496
v 11.913875 28.750000 3.875653
v 8.019603 17.553362 6.095738
v 0.003507 25.728254 -8.586041
v -8.196516 17.730274 3.959898
v -0.075038 19.549955 -8.120517
v 0.125594 19.999283 -7.066825
v 0.971819 41.654198 -13.749739
v -4.324963 35.542797 -10.486019
v 0.247893 29.073809 -9.540814
v -0.259891 16.250000 -1.319219
v 1.480800 16.000000 -3.227077
v -0.246327 17.280045 -6.278930
v 0.247876 29.884495 -9.757746
v -5.199823 16.250000 0.355547
v 0.325333 29.507502 -9.697783
v 0.900757 28.750000 -11.202044
v -8.517290 20.333519 5.051829
v 4.269503 29.049995 -8.983550
v -7.056908 14.730659 -3.981977
v 0.256323 27.211750 -10.124377
v 0.350631 20.541958 -8.277737
v 0.460612 29.228975 -9.746523
v 1.085770 28.750000 -10.393495
v -9.612681 5.964839 9.286714
v 1.817749 16.000000 7.448421
v 2.418724 16.000000 6.189379
v 0.786244 16.250000 4.442166
v 3.256144 16.250000 3.699120
v 6.857211 17.708963 9.298970
v 2.049715 16.478615 8.412213
v 3.588022 16.250000 -1.759199
v 2.691999 17.838585 -6.837471
v 2.806253 20.838774 -6.858688
v 2.698863 16.250000 -0.286759
v 10.089058 21.634281 3.183220
v -10.674051 27.768974 0.880571
v 10.052011 3.819951 9.814018
v 4.316884 29.653931 -9.132936
v 7.443234 18.686577 8.458310
v 3.935735 16.250000 -2.427026
v 2.976537 18.250000 -0.196833
v 4.287130 30.274101 -9.230640
v 0.175003 18.250000 -2.234869
v 3.429832 26.809996 -9.406280
v 4.162484 25.545717 -8.538021
v 3.640470 26.960087 -9.496042
v 7.701576 3.292494 10.617214
v 3.540333 19.618626 -7.370012
v 3.290320 20.427887 -6.674091
v 7.489290 17.964447 9.154901
v 1.688408 16.000000 5.361743
v 2.002772 18.250000 4.739377
v 4.129668 27.303217 -8.555027
v 4.173053 26.417830 -8.490549
v 6.299156 17.502144 9.316258
v 3.549742 30.522438 -9.402183
v 3.632110 31.143404 -9.533925
v 4.490795 30.139780 -9.430084
v -3.897949 23.231113 -8.217570
v 6.597232 21.698008 -5.670576
v 4.867887 16.036549 8.433599
v 6.652368 21.492422 -6.082330
v 4.058114 29.605017 -8.988559
v 4.016116 30.304892 -9.152049
v 0.599551 19.250000 -6.837507
v 5.221203 16.250000 -1.593823
v 5.692253 16.250000 4.714744
v 4.636884 40.084373 -11.659050
v 5.225762 19.902603 -5.495016
v 12.180599 28.750000 1.763207
v 5.386621 20.279898 -5.348744
v 5.372931 39.500435 -12.140884
v 5.729074 16.250000 1.068108
v 6.792359 27.441706 -7.753746
v 6.729133 16.250000 -3.227117
v 7.697141 18.844179 5.216798
v 6.218724 19.775412 -5.192872
v -8.238736 18.369371 8.907498
v 7.931293 17.465052 4.993246
v 7.838589 17.372347 2.559061
v 7.573824 27.008236 -7.147380
v 6.373887 26.676003 -7.289492
v -8.234674 20.394861 5.725036
v 6.694015 5.989907 9.567417
v 6.963535 29.255224 -7.143953
v -5.915736 18.267591 0.650920
v 7.797811 18.911293 5.772384
v 7.252172 29.639879 -7.108034
v -6.925928 14.161212 -3.818078
v 8.325709 28.750000 -5.886911
v -7.088030 14.279736 -4.482416
v -7.000219 14.283084 -4.872099
v 8.429744 2.907262 -6.299117
v 9.276762 18.810520 6.034194
v 7.636985 29.368706 -7.092625
v 7.594929 29.894930 -7.156760
v 7.676037 17.209795 0.171666
v 7.143188 25.704081 -6.393914
v 9.809869 33.792194 -6.568905
v 6.520131 27.750000 -7.858004
v -7.188859 27.074047 -7.704326
v 8.166054 31.308052 -7.670793
v -3.103270 26.365088 -8.478168
v 9.697465 5.791752 9.693679
v 8.894002 18.427761 0.757943
v 9.260234 18.793991 -0.760490
v -10.393207 -0.000001 -9.623634
v 7.448084 19.808418 -3.734346
v 1.716867 16.250000 0.783741
v -9.218078 1.867596 9.464966
v 2.592781 18.250000 -3.257709
v 7.727751 17.261509 -1.702801
v 7.889738 29.094130 -7.383096
v -8.359295 -0.000001 -8.351277
v 8.794913 6.500000 -2.489731
v 9.223781 18.757540 5.194396
v 7.335486 20.154821 -3.459244
v 7.535233 20.563101 -3.046434
v -8.488594 -0.000001 -8.994596
v 1.056594 17.792370 -6.791255
v 10.092551 28.750000 -3.726211
v 8.794913 5.500000 7.331135
v 9.024698 20.193419 -1.054606
v -1.489910 17.153103 -6.151988
v 9.341300 20.603170 -1.080524
v 9.211495 -0.000001 -7.060484
v 4.507286 16.250000 -0.336645
v 7.666457 17.200214 -0.683724
v 8.729411 25.855297 -4.538218
v 0.365396 19.498779 -7.046881
v 8.982033 19.266319 -1.003358
v 9.147906 18.681665 2.896193
v -7.662001 3.252031 10.376279
v -8.127770 2.126569 10.068526
v -8.199880 1.719749 -7.453399
v 9.016502 19.982744 3.157446
v 8.376780 36.417076 -8.533738
v -5.350885 27.750000 -8.330487
v 9.724636 5.647348 -6.836541
v 9.084521 0.000001 10.700562
v 1.800426 16.250000 3.729201
v 10.144308 22.088978 2.132995
v 8.791801 -0.000001 -8.414598
v 8.651113 -0.000001 -7.708836
v 4.437345 29.061329 -9.237518
v 9.901852 2.647346 -8.523175
v 9.957147 3.764175 10.867364
v 5.469108 18.250000 2.520152
v -8.254008 -0.000001 -7.808227
v 10.457689 21.967978 2.797086
v -6.534024 25.096041 -7.303177
v 9.636456 20.351486 -0.850390
v -5.662241 18.258795 1.830858
v 10.575336 -0.000001 -7.653504
v 10.171090 3.265417 10.730012
v 9.026426 18.560183 -1.216488
v 10.362597 2.588054 10.608181
v 10.459786 2.148379 -7.722486
v 9.216373 35.180511 -7.836937
v 9.170790 0.000001 11.551543
v 9.099389 20.473696 0.100061
v 8.800300 35.688854 -9.414103
v -10.170197 21.999762 -0.403274
v 9.992465 27.224827 -4.728637
v 9.871975 26.820803 -4.707205
v 9.657784 25.804600 -3.791130
v 5.519545 16.250000 -0.360926
v 10.703910 0.687590 -7.705999
v 4.213562 16.250000 4.237674
v 9.848866 0.000001 12.321359
v 10.040537 3.196324 -6.745190
v 8.566515 1.620455 -8.567592
v -4.418571 18.250000 -1.671844
v -10.265605 35.613869 -7.555584
v 9.961971 21.145435 -0.406095
v 10.003960 26.909300 -4.534136
v -3.883304 28.429712 -7.708261
v 9.684612 -0.000001 -9.041786
v 11.231627 -0.000001 -7.991699
v 9.626156 0.936113 -9.104269
v -10.142386 28.750000 6.676525
v 3.064195 17.414705 9.348305
v -8.792553 5.500000 5.704951
v 10.881144 0.000001 12.418219
v 9.514911 19.324839 -0.447508
v 9.479280 19.250000 -0.356590
v 9.716241 19.250000 -0.059031
v 9.887496 0.000001 11.665999
v 12.650475 28.153126 5.724900
v 9.178531 21.493561 2.479675
v 10.074896 27.078455 -4.359122
v 10.131957 27.411901 -4.256675
v 9.716241 19.250000 5.618362
v 9.677506 0.000001 9.751831
v 9.903693 -0.000001 -7.162010
v -7.864637 6.500000 -3.299095
v 10.670482 0.000001 11.563756
v 10.640101 0.744930 -8.592543
v 11.218112 28.750000 0.239610
v -1.095440 17.909369 -6.908254
v 10.673858 -0.000001 -9.282494
v 10.472117 28.195305 3.772375
v 11.005941 28.750000 -3.060177
v 13.300760 28.750000 6.302768
v 10.349699 0.000001 12.923067
v 5.268651 13.417892 -3.860849
v 10.921267 28.750000 2.349855
v 10.911187 28.750000 0.773363
v 10.685884 26.650169 -1.469770
v 8.227063 28.750000 -5.099984
v -6.179306 16.250000 4.870370
v 11.304360 26.410112 -0.659888
v 11.743781 27.115812 3.125081
v 11.793392 28.750000 8.193101
v 11.386624 28.750000 3.168256
v 11.612857 28.750000 2.216662
v -10.812272 28.750000 -3.053638
v 11.055132 28.750000 3.779110
v -10.346809 35.038647 -7.707364
v 11.631957 26.805666 2.416954
v 11.668245 27.463392 2.308815
v 10.307520 25.768019 2.914867
v 11.564836 29.414246 -1.215927
v 11.118196 0.000001 10.249081
v 11.180661 27.750000 7.128049
v -0.363521 18.228168 -7.227055
v -8.155800 28.750000 -5.946650
v 11.656443 28.750000 6.870922
v -7.363553 30.871218 -8.483218
v -6.381256 18.294790 3.924500
v 12.997476 28.748169 2.892834
v 8.923073 27.750000 -5.549669
v -5.693935 27.750000 -8.786685
v -10.038300 4.149496 -7.229307
v -3.745975 34.430195 -10.707789
v -1.592201 18.250000 5.888496
v -3.845620 35.528450 -10.962593
v 0.388569 28.750000 -11.244900
v -8.301154 2.698854 -6.485615
v -7.673867 18.309483 9.448944
v 10.123255 27.750000 -3.389212
v -0.345647 24.717577 -8.426130
v -12.260610 28.750000 6.435604
v 0.307503 18.046457 -7.045344
v 3.629461 16.250000 1.060938
v -8.217710 0.000001 10.971895
v -9.578451 1.764460 9.538933
v -8.716711 -0.000001 -9.685712
v -10.262489 28.750000 -6.173668
v -0.437305 35.384571 -11.363948
v 4.074092 36.015106 -11.636388
v -8.625755 1.639418 -6.844243
v -0.202586 16.000000 -2.427026
v 10.179605 28.750000 7.153415
v 7.275126 25.435123 -6.567297
v 10.041045 3.210353 9.683412
v -12.385594 27.750000 7.384595
v -10.046577 3.151953 -6.753958
v 5.137246 16.250000 3.878197
v -0.475242 16.000000 6.466481
v -11.769026 27.833500 -0.616236
v 6.969700 39.616974 -10.534684
v -13.195366 28.750000 5.110560
v -10.152853 3.510851 -7.639973
v -12.964173 28.750000 2.495334
v -7.738278 18.871605 9.134922
v -11.558081 29.813879 -2.935271
v -11.599748 27.722256 -0.642630
v -11.581985 27.345640 -1.021421
v -11.572379 27.373528 -0.761993
v 1.624885 18.371504 -7.370389
v 8.168318 17.702076 0.696022
v 3.128617 17.211615 -6.210500
v 3.145871 26.669273 -8.524163
v 10.670748 26.566881 3.198313
v 8.783604 26.599571 -4.171283
v -4.023063 16.250000 3.163727
v -7.386078 30.287521 -8.398741
v 7.087009 30.975809 -8.209305
v -11.386673 27.176994 -0.518834
v -1.068753 19.250000 -7.877191
v 7.064118 14.822751 7.466298
v 11.378631 28.750000 -4.454878
v 6.883110 6.215431 10.262812
v -10.957559 27.750000 4.216815
v 6.962573 14.964058 7.754005
v -4.950748 35.545963 -11.370063
v -11.151001 26.851343 2.194013
v 11.003088 28.750000 4.512572
v 6.728673 6.141400 9.926817
v 10.700521 27.761206 1.119894
v -11.417205 26.926622 -1.167037
v -7.174842 4.606731 -6.999221
v -2.175251 17.584820 -6.583704
v 10.341581 26.503813 -0.457925
v -10.003287 28.750000 4.588361
v -10.826530 27.193222 -0.338407
v 12.516589 28.203619 3.636984
v -8.386033 32.220444 -8.468705
v 7.494714 30.238735 -8.403646
v -11.757875 26.868710 2.946976
v -9.855101 28.750000 2.995473
v 6.625709 17.090797 8.715292
v 11.093231 28.750000 -0.257667
v -11.338288 26.388287 -0.879737
v 8.213183 1.788322 10.254197
v -9.374557 3.896381 -6.038025
v -10.916527 26.387985 -0.299070
v -8.734403 0.000001 12.959168
v -7.885303 2.626818 -7.189439
v -3.364879 18.250000 1.043811
v 4.723186 32.061256 -10.283391
v 5.942643 39.220959 -11.527314
v 0.448462 30.284620 -10.800127
v 9.101379 3.845409 8.864841
v 5.632297 27.750000 -8.197144
v -10.521916 26.862679 -1.387683
v -10.401796 27.090599 -1.210680
v 9.156373 28.750000 -5.331182
v -7.937915 2.724735 -6.911733
v -0.689047 19.250000 -7.877315
v -0.183293 19.250000 -8.223401
v 13.035335 28.750000 3.721389
v -7.288927 18.657394 0.852536
v 5.925035 40.445171 -11.291130
v 8.487648 2.492183 9.401217
v -2.414774 18.250000 -2.024596
v 9.470358 3.636017 9.074626
v -10.570150 0.755224 -7.474319
v 6.966241 16.500000 4.694716
v -4.500988 31.404984 -10.442679
v -7.844913 5.500000 -2.924042
v -9.759613 4.493448 9.296377
v 7.077692 28.402155 -8.741742
v -10.068905 2.597683 -8.401299
v -9.700961 19.234720 5.683666
v -10.944604 23.774214 2.820237
v 8.073100 0.000001 11.863943
v -10.122723 27.304653 -4.471284
v 8.545299 37.922634 -10.341485
v -8.568508 35.452774 -9.474903
v -10.069711 21.877377 3.229187
v -10.108067 27.340538 -4.211218
v -0.514220 28.747877 -8.131451
v 9.987881 4.376784 9.950816
v -9.716241 19.250000 2.366105
v 8.362827 0.000001 10.888617
v -9.981685 26.783693 -4.494105
v -5.417178 16.986252 -5.985136
v 7.578393 37.669380 -10.110169
v 9.560049 37.043259 -8.566448
v 2.040013 17.858932 9.792531
v -9.554212 19.534565 -0.459537
v 10.014628 22.923162 -0.074086
v -9.196104 19.600105 3.217076
v -8.962153 19.560553 3.153659
v -8.748175 2.126996 -6.526639
v 0.431692 29.220028 -10.536142
v -9.478238 19.584654 3.166683
v -10.038438 20.395390 2.755033
v -8.332662 17.866419 -2.082071
v -8.098972 4.318862 8.720226
v 9.599218 28.750000 -3.064140
v -9.064697 18.598455 2.047745
v 7.851207 17.384964 -2.917757
v 11.871346 0.000001 11.970761
v -8.026941 34.729126 -8.200892
v -8.191170 35.681229 -8.399901
v -8.196435 32.701241 -7.800340
v 7.844914 6.500000 -4.327899
v -9.771600 -0.000001 -9.696612
v -7.941016 34.104900 -8.064385
v -7.554437 31.736917 -7.563361
v -8.733648 1.660724 9.682490
v -9.716241 19.250000 5.157828
v 10.340414 28.200016 2.145393
v 8.669613 2.784486 9.191514
v 9.536817 23.083153 -0.169272
v 9.969306 28.750000 4.458807
v -5.533749 13.374643 6.621875
v -8.894875 19.897396 3.051966
v -7.844913 5.500000 5.931567
v -8.551398 37.915279 -10.334767
v -4.510680 14.308645 -4.419997
v 8.487911 28.750000 -3.262606
v -3.450862 27.771339 -9.779363
v -7.133144 18.510403 8.515855
v 5.618280 14.558213 8.530133
v -9.275368 20.192726 0.114547
v 3.267036 16.500000 -5.498882
v -8.305872 19.250000 7.948704
v -9.456811 6.614932 9.918155
v 9.708513 22.422527 2.162920
v 10.183769 23.155245 2.107242
v -4.242163 31.216511 -10.547698
v 8.657678 21.271849 -3.856347
v -1.570649 28.200380 -10.598701
v -9.453055 26.445192 -3.671771
v 5.684416 13.707011 6.329363
v 8.783696 18.317455 4.071882
v -9.595884 1.264017 -9.037259
v -9.448419 1.728565 -8.947223
v -8.207690 35.728802 -9.524247
v -8.814696 20.112442 2.832517
v -8.697386 19.602549 2.866233
v 3.726143 40.998566 -13.150917
v -10.045115 4.023476 10.446010
v -10.181910 1.583144 -6.974348
v -10.081057 3.292865 9.783889
v 10.081837 3.975458 -7.183117
v -9.688509 26.895853 -4.866289
v -0.015393 22.118254 -8.817525
v 11.447792 0.000001 11.330342
v -8.491466 24.630470 -3.587902
v 9.646042 28.726307 0.012262
v 2.058091 16.000000 -2.427026
v -2.985654 16.000000 7.058051
v -8.225738 38.988758 -9.960901
v -8.901137 19.250000 7.203294
v 11.810728 27.750000 0.737623
v -4.512460 19.250000 -6.509188
v 9.997161 -0.000001 -9.792403
v -3.624139 16.250000 4.354392
v -1.223884 28.750000 -9.286404
v -9.179811 22.159803 -0.219120
v -6.659771 14.651843 6.220858
v -8.843589 37.252094 -9.729043
v -8.102408 3.391484 9.175369
v -10.107294 3.851227 10.157634
v -8.043770 3.586262 -6.173902
v -8.506979 18.040737 5.856080
v -7.316684 17.733644 8.996482
v 6.318786 19.250000 -4.342409
v -2.008819 27.750000 -9.475481
v 5.115850 13.470281 -4.027726
v -0.154047 25.178808 -9.617819
v -7.905744 36.232666 -9.001063
v -11.735638 27.750000 5.900900
v 11.183162 0.000001 11.975558
v -6.054691 19.223909 -6.167485
v -10.014152 22.693029 -0.082308
v -7.416307 4.687013 9.012931
v -9.862121 4.820438 -7.354773
v -7.851055 17.384813 -2.940284
v -7.332204 4.206904 -6.770574
v -7.578402 4.349121 -6.115157
v -7.996248 3.003321 -6.583164
v -9.731957 5.435142 10.137911
v 7.879593 29.228107 -7.858325
v -8.726448 6.695118 10.735100
v -9.951430 21.061192 -0.563837
v -8.794913 5.500000 7.377628
v 1.809937 16.250000 4.847749
v -8.597793 18.131550 0.679469
v 0.540576 20.331779 -7.488606
v -7.003878 5.395235 10.151627
v -7.500682 3.980052 9.486659
v 2.565872 19.250000 -6.016439
v 12.527143 28.148436 4.383045
v -6.320356 24.051790 -7.072804
v -6.952073 5.602414 -7.203664
v -7.312052 5.081420 -7.651319
v 9.374295 20.303055 0.094521
v -8.019415 36.913181 -9.129997
v 8.866479 0.000001 12.863136
v -10.565076 0.000001 12.433509
v -9.981195 20.781658 3.068815
v -8.305872 19.250000 6.944324
v 12.114522 28.149067 -0.291600
v 8.718597 25.449106 -3.665297
v -3.494393 23.805050 -7.507794
v 4.456591 18.250000 -1.755787
v 12.422896 28.155952 3.118465
v 10.907969 26.716923 2.238437
v 9.553662 36.533871 -9.053435
v 0.990305 28.750000 -9.148520
v -8.281012 19.233427 2.768156
v 0.562680 30.059505 -10.543567
v 0.683075 19.250000 -7.973587
v 9.701258 23.381901 2.476703
v -5.240335 28.750000 -10.123547
v -7.768116 2.938965 10.133878
v -8.922288 25.764427 -4.698864
v -7.827462 17.361219 2.726699
v 0.565842 39.701130 -13.114279
v -7.579823 20.590466 -3.005399
v -6.381125 26.166040 -6.563206
v 5.362377 28.737383 -10.057089
v 7.029019 28.750000 -9.157288
v -7.133719 28.750000 -9.088040
v 8.841643 2.709423 -6.259692
v 8.832094 28.750000 -7.749051
v 3.109845 28.749289 -10.852614
v 10.838054 25.129416 -0.365774
v 1.568848 16.000000 6.197288
v 10.946063 27.750000 4.122022
v 10.257428 2.131919 -7.045559
v -7.834100 17.367859 -1.063522
v 2.188344 18.981314 -7.980197
v -3.166718 28.750000 -10.838778
v 6.565203 20.918980 -5.932197
v -8.794913 6.500000 7.197446
v -8.769325 6.500000 -4.480932
v -8.138092 21.043234 -2.872375
v 1.095328 18.407354 -7.406240
v -8.794913 5.500000 -2.449868
v 7.732450 17.266207 1.314194
v 10.123419 26.092613 -0.600032
v 3.571611 32.028015 -10.401938
v -13.320465 28.750000 6.574721
v -7.100332 18.491762 3.438754
v -9.902211 1.576581 9.709661
v 8.794913 6.500000 6.283800
v -7.844913 5.500000 7.244937
v -7.844913 5.500000 -4.325484
v -3.450744 16.000000 7.817239
v -0.867728 17.564524 9.498123
v 11.148995 24.600616 2.571738
v -7.808692 21.538500 -3.124597
v -7.349998 20.259886 -3.359730
v 10.117632 3.556741 -7.007829
v -1.310004 19.250000 -7.960665
v -7.947822 22.201231 -3.232349
v -8.712656 37.672810 -8.758965
v 1.052417 19.249420 -8.124518
v -7.534433 20.093058 -3.795226
v -7.673102 19.797867 -3.863394
v 2.407386 18.458315 -7.457200
v -7.054533 14.911498 -4.585840
v -9.086226 1.398292 -6.724063
v -7.095784 14.878890 -4.258747
v 9.784239 28.724009 1.753449
v 10.305231 28.750000 -6.117740
v 5.276630 38.694561 -11.678699
v 9.909051 28.750000 -2.156635
v -7.953476 29.479734 -7.464512
v 11.233932 28.206057 -3.566700
v -7.858033 6.500000 7.413231
v -7.844913 6.483263 -4.466497
v 4.180070 30.134815 -9.147923
v 10.509771 22.430481 2.995939
v -0.077771 21.038891 -8.519998
v -0.794305 19.250000 -7.393874
v 8.348845 17.882603 -1.197189
v 9.841647 4.102985 9.406369
v -6.770103 5.849705 9.738671
v 7.646317 3.769454 -6.476381
v -7.038587 5.816289 8.659596
v -8.794913 5.500000 0.480700
v 8.235879 21.261711 -4.096136
v -6.948250 6.000000 0.929952
v -0.275707 19.496319 -6.986008
v -7.844913 5.500000 1.482482
v -7.844913 6.492519 2.722677
v 9.683553 22.678316 -0.041175
v 2.849350 16.000000 5.361743
v -7.844913 5.500000 -0.846611
v 5.891145 18.264412 0.652352
v -8.794913 6.500000 -0.625613
v 7.672311 -0.000001 -8.338972
v 8.391366 2.088842 -6.768906
v -11.284182 0.000001 12.967162
v -6.870356 5.504035 -6.805329
v 10.564420 29.383434 -1.187782
v -5.380823 13.697638 6.444229
v -9.450153 3.554478 9.080216
v -9.041758 -0.000001 -10.458809
v -1.116523 28.750000 -8.773250
v 10.075446 21.554953 -0.636694
v 6.085678 28.750000 -8.806509
v 3.424321 16.250000 4.730456
v -7.477720 26.969929 -6.802226
v -7.267010 26.124617 -6.531368
v -7.131252 25.525806 -6.366750
v 10.738030 27.504181 -0.431567
v -8.166480 37.689610 -10.128646
v 10.582931 26.823278 2.666801
v 10.526203 35.024715 -7.027301
v 10.306911 22.638216 2.151468
v -12.209387 27.770876 5.076186
v 8.690263 0.000001 12.146818
v -10.204337 -0.000001 -10.397385
v 7.838357 2.709236 10.353838
v -0.597794 19.512577 -7.502233
v -7.972368 30.665266 -7.446280
v -8.185887 31.375858 -7.701273
v -3.603052 32.796558 -10.293570
v -6.966241 16.500000 1.223124
v -8.290468 32.832668 -8.838105
v -4.835352 13.913341 6.802237
v 9.064939 18.598698 6.831913
v 10.403092 23.066137 2.154610
v -11.167608 0.000001 12.024485
v 4.931646 14.036834 8.021077
v -7.782838 37.787411 -9.540806
v -6.650022 17.314428 8.963828
v -0.742610 19.195450 -8.194334
v -7.619030 -0.000001 -8.110389
v -4.963314 28.750000 -7.679144
v 9.676745 28.180344 -2.222857
v -6.764071 29.221111 -7.728798
v 4.991829 14.370470 8.223231
v 7.573042 0.000001 10.917237
v -8.261311 17.795069 1.841302
v 5.193033 37.371761 -11.560872
v 9.465595 34.995182 -6.952789
v 9.059919 27.894999 -4.035483
v 4.972100 13.626352 7.721565
v 11.667746 28.750000 -0.139624
v 11.034895 28.750000 -0.609230
v -3.592651 18.002522 -7.001409
v -6.652521 25.480942 -7.396976
v -6.559000 26.715487 -6.592755
v 5.548520 40.729980 -11.551264
v -6.526714 25.927782 -7.426112
v 8.421997 -0.000001 -9.534050
v 9.713397 1.284639 -6.767123
v 11.542373 27.750000 4.489132
v -6.286884 20.018688 -6.030040
v -6.112877 25.315413 -6.824728
v 9.891805 4.864337 -6.917404
v -5.350048 39.393993 -12.169334
v -1.310686 18.250000 -2.479239
v -0.593865 19.960569 -7.678631
v -10.225279 2.342335 -6.999595
v 9.009353 22.405287 -3.814381
v 7.514388 3.881334 10.504507
v -6.100342 23.837034 -6.938852
v -6.353298 26.838577 -7.051586
v -6.447384 27.157637 -6.937901
v -11.381107 -0.000001 -7.364616
v 8.247395 -0.000001 -6.916908
v -5.245729 27.750000 -7.814653
v -11.140648 -0.000001 -7.996410
v 10.386894 27.239494 -1.088075
v 5.051719 35.839897 -11.232943
v -10.649598 0.000001 13.326848
v 8.876650 4.113402 -5.795298
v -12.065517 28.750000 4.681389
v 8.967453 18.501211 -0.456486
v -2.706000 21.560915 -7.845105
v -5.408747 18.250000 3.010795
v -8.589467 38.255932 -9.920742
v 8.233154 38.980263 -9.953140
v -9.371628 6.588898 -7.235221
v 6.393420 27.750000 -7.725272
v -9.418571 20.754911 0.078455
v -5.581390 16.250000 3.943102
v 0.595655 40.094990 -12.977316
v 12.708819 28.750000 -0.331993
v 12.895991 28.726021 1.996363
v -9.497254 6.741920 -6.525818
v -2.401770 28.750000 -8.875772
v 5.645172 27.760073 -8.828153
v -7.755811 17.289570 1.260499
v -2.676448 16.250000 1.044708
v -9.985920 23.214729 -0.072718
v 4.301426 16.505470 8.439070
v 4.816895 14.352725 -5.108817
v 7.981361 33.100204 -7.815242
v 6.139779 16.250000 3.526042
v 9.159316 18.693075 3.848578
v 8.690670 18.224430 6.319908
v -2.810483 23.397459 -7.802598
v -2.840091 21.455286 -7.976777
v 10.305886 22.618914 -0.385112
v -4.556625 39.254860 -12.577039
v 9.420934 -0.000001 -10.475492
v -4.223414 39.140865 -11.696199
v 9.640993 22.802471 2.308572
v -7.887837 17.421595 0.045191
v 4.060083 32.798466 -9.796790
v -8.623583 22.022545 -4.142978
v 12.204202 28.389687 -1.467465
v -9.518114 36.579281 -9.114520
v -6.976217 17.130796 8.491181
v -5.345381 20.349174 -5.456415
v 6.003776 18.724716 -6.219536
v -7.551442 17.085199 3.470856
v -5.829444 28.750000 -7.631797
v -8.969675 4.053677 -5.837492
v -9.843364 1.323512 -6.806992
v -4.298193 16.250000 -2.427026
v -4.350482 16.000000 -2.427026
v -3.723037 16.000000 -2.427026
v 5.825956 19.250000 -4.039474
v -4.321870 40.347408 -12.014979
v -4.666514 16.000000 8.433599
v 4.436928 28.750000 -8.169156
v 9.266884 4.073169 -5.946507
v -4.464195 16.500000 8.433599
v -8.369642 17.903399 -0.645642
v -3.924384 16.000000 8.433599
v -3.844579 29.893961 -9.054508
v -8.431431 1.426963 -7.207008
v 9.334990 18.868748 -1.184713
v -3.871725 29.252958 -8.882708
v -8.189016 4.237916 -5.784595
v -8.528248 0.250001 12.899659
v -8.980246 37.180538 -8.309344
v -0.231965 16.250000 4.252310
v 10.868686 28.750000 6.764026
v -4.308217 27.225584 -8.968801
v -8.490978 1.064606 10.391192
v 10.302238 21.685026 2.991609
v -3.643726 32.131432 -10.545561
v -3.229279 27.505930 -9.352647
v -5.758938 19.231522 -4.069318
v 8.089681 3.630057 9.047515
v -4.523307 30.160822 -9.918431
v -3.486017 29.953154 -9.275628
v 3.181228 21.776211 -8.179597
v -4.326493 30.848898 -9.368824
v -6.329512 16.250000 -0.248595
v -3.422132 29.413046 -9.164521
v -3.868360 16.913715 -5.912600
v -7.518036 29.309055 -7.038085
v 10.222385 3.290196 -7.401002
v 8.101072 37.718445 -8.800650
v -9.302262 4.240415 8.866580
v 8.205789 28.168486 -7.561080
v -3.591315 31.285786 -9.628830
v -11.738881 0.000001 12.479328
v -3.961093 27.738853 -9.658833
v -2.004867 16.250000 -2.426540
v -8.282536 31.633026 -8.358212
v -8.556575 18.098164 -3.395690
v -2.716785 16.000000 5.361743
v 8.609473 18.143230 -3.306550
v 8.910310 1.328322 -6.827411
v -1.788845 28.750000 -9.593719
v 10.254684 2.220114 9.974434
v -0.133755 38.725285 -12.083972
v 2.908368 21.622765 -8.054839
v 4.466661 32.032970 -10.679952
v -8.486751 6.697988 -7.901905
v -2.629519 21.694338 -7.565435
v -3.527345 27.181784 -8.383731
v -5.330828 28.402599 -9.717916
v 0.717665 19.250000 -7.051439
v -6.649099 14.877419 8.198457
v 7.878675 18.965202 4.341088
v -6.327179 14.689219 8.435140
v -3.434949 19.958088 -6.648967
v 10.558628 29.636030 -2.772828
v 6.914472 14.158586 -5.072463
v 9.760901 1.729315 9.614746
v -6.371485 16.250000 3.188338
v -5.788825 14.563083 8.550371
v -0.545531 16.250000 2.710535
v -1.233898 16.250000 4.418922
v -2.750581 16.250000 4.216572
v -1.281414 16.000000 5.361743
v 11.508616 -0.000001 -7.128449
v -9.641820 2.234277 -6.515090
v 0.690095 16.250000 -1.674861
v 9.270406 -0.000001 -9.579654
v -8.893375 4.984051 -8.253733
v 12.291436 28.741623 -2.311134
v -5.414413 16.250000 4.845197
v 5.580552 18.250000 9.010341
v -3.483146 25.076708 -7.824770
v 5.006763 13.978149 -3.544683
v 9.482541 3.100840 -6.252496
v 9.708735 19.242495 1.308253
v -3.139682 19.995390 -7.729472
v -3.161712 21.383034 -6.887833
v 4.880591 13.889347 -3.844805
v 6.174486 16.250000 -1.016683
v -2.612726 20.081474 -6.792937
v 0.563865 40.909241 -13.442822
v 4.888099 13.671922 -4.489903
v 6.870025 14.680644 -3.549704
v 6.702165 14.653898 -5.250682
v -5.069569 14.265966 8.257240
v 5.135329 14.122794 -5.328949
v 4.785499 28.119999 -7.616035
v 7.989804 4.070382 -5.945446
v -7.036895 14.226716 7.002601
v 0.528291 23.971447 -8.993665
v 8.614034 3.423481 11.489909
v -0.597503 29.104744 -10.070613
v 6.220623 13.953372 -3.298728
v -11.069009 27.750000 5.583705
v 11.118368 29.203781 -2.378031
v 5.710395 28.750000 -8.216660
v 4.678734 16.731220 8.660609
v 10.416525 28.750000 -4.605455
v -1.229978 19.250000 -8.133441
v -4.664857 32.558071 -9.971560
v 9.510519 0.000001 8.943682
v -4.454652 30.623056 -10.224894
v -0.544263 19.651382 -7.316267
v 2.107790 19.003036 -5.817499
v -10.234425 22.370543 -0.870174
v 8.788093 -0.000001 -10.150096
v 10.960709 -0.000001 -8.772472
v -3.319165 23.011934 -7.300222
v 7.260847 39.247375 -11.551448
v -7.262359 39.245766 -11.549978
v -7.780936 33.124924 -7.857066
v -0.202957 16.250000 -2.427026
v 0.001869 16.514616 8.448215
v -0.779346 16.000000 8.412116
v 1.458063 28.159546 -10.579685
v -7.822246 35.748814 -8.976357
v 8.169881 17.703640 3.785856
v -0.648897 27.975544 -10.467962
v -0.562526 27.383003 -9.829430
v 2.361625 28.750000 -9.827895
v -0.123367 39.107319 -13.357517
v 3.406794 28.212704 -10.229582
v 9.809746 35.769478 -7.020538
v 6.909915 14.751396 -4.972278
v -0.395878 29.163145 -9.659815
v 7.383549 30.836237 -8.489240
v 4.953686 13.603510 -4.204686
v 0.149455 23.299721 -9.115778
v 9.816395 4.176573 -6.438056
v -0.191681 40.082081 -13.599125
v 10.908402 -0.000000 -6.618244
v -9.227057 19.250000 1.077567
v 0.384763 19.221737 -8.220620
v -10.221007 22.643332 -0.240676
v 8.932215 27.752855 -6.231692
v -0.207104 41.053364 -12.732642
v 0.780043 19.250000 -8.156903
v -5.136928 13.688655 6.642749
v -0.590191 20.220980 -7.773312
v -2.043296 18.337183 -4.387325
v -9.853805 22.802116 3.243079
v 4.129348 18.365347 8.845864
v -8.321061 0.250001 12.169840
v -10.239553 28.149137 0.199189
v 0.112914 41.632343 -12.859956
v -10.198807 23.316166 2.109839
v 9.902121 22.541439 -0.044107
v -0.011379 41.713642 -14.067780
v 6.696165 14.151174 -5.325272
v -0.191644 20.021833 -7.091656
v 0.952661 19.209505 11.143104
v 6.225631 18.276733 7.411927
v 11.538381 27.969370 -2.180032
v -0.061325 20.494946 -7.190963
v -0.007932 22.868361 -7.820182
v -4.936352 34.945461 -10.694686
v 7.620604 18.793156 3.606386
v -11.870847 28.750000 0.303251
v 0.390283 19.787476 -7.143113
v -5.480862 14.225889 8.463034
v 0.234315 41.762608 -14.033057
v 10.643656 0.250001 13.211351
v -10.042192 0.250001 13.340909
v 10.174025 0.249999 -10.164632
v 0.605043 16.000000 8.433599
v 0.808541 16.500000 8.433599
v 0.036327 16.500000 -5.498882
v -3.056473 21.443035 -8.079931
v 7.095311 14.506690 -4.362328
v 5.354593 14.385716 -5.506675
v 10.553914 0.249999 -9.617527
v -11.331598 0.000001 11.045468
v 6.533260 28.241552 -8.881714
v -4.683738 14.218494 7.749570
v -4.731192 13.938916 7.095619
v 0.550518 26.937405 -9.744669
v 7.697935 32.924038 -7.835761
v 7.029260 14.497166 -4.750498
v 6.661071 14.525010 -3.338836
v -6.663153 14.176105 6.417192
v 7.748216 0.000001 10.328745
v 9.634033 4.014144 9.150415
v 9.243956 28.750000 -3.941404
v 0.591568 19.762390 -7.653534
v 5.253999 18.250000 6.607826
v -4.954843 14.012093 8.040574
v -9.214668 0.250001 13.321450
v -9.417379 0.249999 -10.176103
v 0.488112 27.290428 -9.951734
v 9.480175 0.249999 -10.217961
v -9.258136 0.000001 9.252522
v 0.595920 27.254021 -9.649251
v 0.584644 19.467054 -7.625638
v 0.587916 29.363789 -10.066592
v 11.241979 0.249999 -9.543389
v 10.610586 26.840422 2.994931
v -8.293486 28.750000 -6.824539
v -8.998387 35.936569 -7.939872
v 3.137242 26.075802 -9.044119
v -0.026069 30.482950 -11.056802
v 1.469412 19.142057 -8.140946
v -0.598042 40.477982 -13.095408
v -0.531632 40.010208 -13.284665
v -5.629906 18.239054 4.447033
v 7.332851 18.662487 1.209652
v -7.283302 16.817060 6.604485
v -6.966241 16.250000 3.800210
v -11.061321 0.249999 -9.799185
v 2.150135 16.000000 8.433599
v -7.827955 2.951159 10.721103
v -0.107344 16.000000 5.361743
v 6.597402 26.519400 -7.536699
v 5.960731 13.662371 -3.403866
v 1.317925 18.657021 -7.655901
v 9.340403 0.250001 12.662210
v -8.894929 0.249999 -10.052757
v 8.935552 0.249999 -9.939639
v 10.163770 22.992439 3.299437
v 4.331439 16.000000 8.428834
v 6.634778 39.336517 -10.295150
v 2.409370 16.000000 -5.497047
v 6.985412 18.457205 3.307959
v 3.101412 16.250000 -2.427026
v 3.091071 16.000000 -2.427026
v -11.179631 27.750000 1.254902
v 1.655214 16.250000 -2.427026
v -11.541117 0.249999 -9.359528
v 7.828155 3.582515 -8.014839
v -11.567623 0.250001 12.258744
v 11.468485 0.250001 12.281388
v 6.510791 14.111448 -3.373650
v -11.677375 0.250001 11.330539
v -8.983209 0.878344 -7.004925
v 11.831366 0.250001 11.330132
v 11.780781 0.249999 -8.336554
v 3.961355 16.000000 -5.498882
v 2.457023 19.722734 -7.092959
v -11.166132 0.250001 12.724376
v 4.937839 13.835851 -4.943312
v 8.517700 18.769299 -3.460056
v -5.621377 13.720875 6.336879
v 4.496816 18.267572 8.874712
v 11.626630 0.249999 -7.859075
v -12.055748 0.250001 10.760023
v -3.574410 32.406094 -10.385151
v 3.140539 27.362526 -9.137321
v 5.480719 13.465953 -3.641731
v 8.892527 18.426285 1.957585
v 2.768565 20.238756 -6.696040
v 3.405294 19.751631 -6.589097
v 4.288968 16.519419 -5.518301
v 10.229074 3.008838 10.073064
v -10.356886 22.613844 -0.657066
v -9.213788 21.030478 0.059439
v -8.386900 4.757289 -5.549911
v 3.920311 31.432846 -10.608240
v 3.804285 21.481886 -7.455564
v 6.952404 16.250000 3.972673
v -10.228805 3.082734 10.135870
v 11.916903 28.256641 -1.933573
v -9.089647 1.361048 9.674482
v 4.210215 16.000000 -2.427026
v 4.577125 16.250000 -2.427026
v -7.825434 3.006979 9.804371
v 3.709151 32.200268 -10.635486
v 4.878339 16.997814 -5.996699
v 3.764647 21.105709 -7.321950
v 8.410177 17.943935 1.496712
v -9.986971 0.249999 -10.166043
v -10.288389 0.000001 9.840551
v -10.542776 0.250001 12.904641
v 4.096887 25.130110 -8.615633
v -4.850666 17.333080 9.266680
v -4.662783 14.050054 7.415552
v 8.939361 0.000001 8.983047
v -0.455881 19.501270 -7.133862
v -11.563847 0.250001 10.326718
v 11.639482 0.250001 10.267378
v -11.645503 0.249999 -7.448427
v 11.277608 27.750000 0.611668
v 11.590943 0.250001 10.882288
v 9.576974 19.110733 -1.224409
v -10.271535 25.219646 2.383838
v -4.597519 18.972107 -4.589530
v 3.688301 20.456594 -7.426476
v 6.966241 16.500000 -0.147866
v 3.490680 26.914488 -8.319254
v -11.488701 28.750000 3.578471
v -6.057569 17.408560 9.284492
v 4.261613 17.354361 9.287960
v 8.173596 2.182188 -6.978257
v 3.502953 20.651756 -6.829184
v 3.454149 30.579790 -9.576513
v 2.737746 16.250000 5.337682
v 3.825296 16.000000 5.361743
v 2.055132 27.750000 -9.584471
v 9.768489 3.350333 -6.410775
v -8.735999 0.945450 -7.159895
v -3.989147 17.403934 9.337534
v 0.499591 39.856598 -12.644515
v -6.882813 14.315716 8.022916
v -4.373460 28.750000 -7.993719
v -2.858787 19.241619 -7.789339
v 0.596410 37.831905 -12.469600
v -8.423522 0.249999 -9.802995
v -0.042579 21.634138 -8.684480
v 4.488594 30.891375 -9.515221
v 8.083768 30.814833 -8.292932
v 9.011143 2.916186 9.113876
v 8.474960 0.249999 -9.690952
v -7.005870 23.562853 -6.370700
v 4.440872 18.273544 7.771801
v -4.205853 34.430908 -10.209032
v 4.463684 29.615398 -9.815873
v 4.498554 29.450102 -9.550783
v 8.698321 2.033777 -6.590393
v 4.157037 31.503210 -10.642973
v -3.689649 32.563038 -9.971264
v -6.344794 28.750000 -8.373700
v 11.067923 0.250001 12.701364
v 4.295053 27.290817 -9.130150
v 4.299789 27.125744 -8.941121
v 8.439597 1.365334 -7.244271
v -9.425718 18.959476 -0.136189
v 10.145095 21.920521 -0.387805
v -2.632214 28.204248 -8.367475
v 4.823575 40.376991 -12.896707
v 4.423411 40.248112 -12.689901
v 10.251307 -0.000000 -6.405286
v 4.212576 39.272663 -11.776031
v 4.341953 39.770191 -12.518841
v -10.557518 29.675829 -2.809179
v 9.883484 23.487812 -0.095211
v 9.983954 20.504139 2.316380
v 9.400136 6.180343 -7.415953
v 6.193239 18.271749 8.348361
v 7.026196 14.496963 -3.953907
v 10.378337 24.730156 2.191341
v 4.213576 16.250000 5.336580
v -12.053824 28.750000 -1.568957
v 6.435277 14.362367 -5.473554
v -6.407229 14.272077 6.179425
v 4.698981 16.000000 -5.498882
v 11.391019 0.250001 9.781702
v -11.448306 0.249999 -6.772283
v 5.594621 13.820811 -3.339467
v 10.559904 1.086398 -7.483717
v -3.979560 36.021080 -10.862591
v 5.694799 18.250000 3.748113
v 10.517571 28.750000 1.367434
v -6.594776 26.118771 -6.388000
v -7.557101 32.806664 -7.885301
v -7.811286 4.142059 -8.080828
v -8.692683 0.689649 11.468538
v 10.379337 34.914501 -7.593970
v -7.985945 32.884296 -7.771197
v 7.635939 29.780907 -8.273407
v 5.287396 19.647734 -5.208135
v 6.859993 18.412977 8.853931
v 8.489472 1.343804 10.125331
v -10.077747 22.712950 3.293158
v 10.772038 27.750000 -0.224902
v -7.778974 3.681716 9.291125
v 8.350348 0.000001 9.379875
v 0.190568 23.685566 -8.071117
v 10.607095 22.955597 3.067777
v -10.538847 28.750000 -4.724015
v 7.319746 -0.000001 -8.699649
v 12.430012 28.306883 1.484987
v 5.584229 20.632719 -5.290113
v -9.314207 20.238153 -1.044462
v 6.349308 39.195179 -10.912014
v -10.050312 20.816517 2.301618
v 3.748111 32.043690 -9.728355
v 4.697499 38.464020 -11.214252
v 11.666423 -0.000001 -9.066318
v -6.814465 22.611166 -6.403718
v 6.190085 19.250000 -6.062792
v -9.042358 37.977108 -9.049298
v 5.901685 14.406914 -5.607645
v 6.604998 27.353918 -7.610697
v 6.404144 27.067337 -7.263849
v -11.804625 0.249999 -8.207802
v 4.218680 17.394735 -6.393621
v 6.221383 16.250000 -2.019901
v -4.277053 17.446709 -6.445593
v 9.379788 35.553604 -6.829338
v 10.062835 24.909758 2.802802
v 9.875359 0.250001 12.992227
v 4.168248 16.250000 -1.235098
v 7.118025 18.513260 4.344615
v -8.468002 28.750000 -3.282864
v 2.633009 16.000000 -3.167321
v 6.328714 19.798780 -5.859208
v 5.553208 16.844740 -5.843623
v 6.344132 19.783810 -5.382340
v 11.778059 0.250001 11.795967
v 5.691957 14.129039 -5.582562
v 9.088253 2.017929 -8.854480
v -10.679788 0.249999 -10.367480
v 10.449829 23.029081 -0.791130
v 5.403494 14.160326 6.098873
v 5.032378 40.953476 -11.755395
v 5.730523 40.408352 -12.589324
v -9.019204 2.748194 -6.232915
v 9.721654 28.314898 -6.206538
v 0.344716 37.722355 -11.910343
v -0.251345 30.155045 -10.912115
v -6.899436 14.215544 6.694729
v -6.627393 21.270277 -5.895414
v -2.190847 18.600601 -7.599483
v 4.100548 41.538284 -12.289536
v 3.312259 16.000000 -3.561719
v 11.432512 0.249999 -8.891366
v 6.793545 5.704624 -6.714350
v -9.319841 36.906235 -9.396541
v 7.283864 26.721029 -7.549247
v -12.145350 0.000001 10.799565
v -9.939535 4.400208 -6.771291
v 6.303330 26.495754 -7.120339
v 11.718347 28.750000 5.054174
v -0.375411 20.734049 -8.310333
v 0.329514 28.750000 -10.912905
v 10.360865 27.979748 -0.423459
v 11.694577 0.249999 -7.264108
v 6.480608 26.774954 -6.693154
v -9.769948 28.750000 1.865791
v -8.510470 1.445194 10.017776
v 11.049368 29.082123 -0.912578
v -0.493273 20.324572 -8.073144
v -10.698397 26.718140 2.382120
v -5.470576 17.101147 9.034746
v 7.814548 3.402765 10.893552
v 11.310025 0.249999 -6.856715
v 7.387183 28.750000 -4.777405
v 7.717453 3.838783 9.254076
v 10.959692 25.232302 3.311620
v -4.017085 31.035509 -10.526810
v -8.480879 0.947098 -7.630565
v -6.650709 21.646463 -6.217270
v 6.791914 29.040281 -7.269354
v -11.496156 0.249999 -8.800959
v 8.837955 36.598721 -7.777937
v -10.264626 21.796495 3.078630
v -2.370117 28.192528 -10.480818
v -6.340514 28.750000 -7.883584
v 6.966241 16.500000 5.843855
v 10.500115 0.000001 9.024076
v -2.028136 16.000000 -3.288844
v 6.988782 16.522541 -2.980992
v -7.145788 26.320677 -7.509647
v -9.541139 22.865961 2.878422
v 9.914161 20.959564 2.144255
v 0.449373 39.580879 -13.294182
v -2.673269 18.156855 -7.155740
v -10.431990 0.000001 11.945109
v -9.276155 36.801285 -7.962949
v -7.924923 2.483324 10.553678
v -9.714136 23.316849 2.408869
v 8.361625 1.277378 -7.550266
v 7.065658 17.408188 8.778316
v -2.561391 28.750000 -9.951483
v -12.391346 0.250001 11.356123
v 6.966241 16.250000 -3.564581
v -10.542972 28.107250 3.548561
v -11.262655 28.750000 5.858881
v -11.597116 27.750000 6.583127
v 7.321722 5.865717 8.356720
v -8.787800 4.506347 8.602166
v -6.027721 24.861210 -6.633327
v 7.395164 16.928923 -3.294404
v -7.744596 18.987089 0.369762
v 8.934883 18.543737 7.727643
v 8.281884 32.324982 -7.831030
v 6.386475 26.885567 -6.929205
v 4.635989 32.398190 -9.914248
v -10.711364 23.204687 2.393199
v 3.582819 16.503416 8.437016
v 10.172605 28.193308 -0.090975
v 7.010380 26.407583 -6.416877
v 8.166935 0.250001 12.290605
v -9.971255 0.000001 9.098930
v 5.799009 17.386196 9.297976
v 6.797015 26.419136 -6.409286
v 9.461624 23.690638 -0.537609
v -8.374474 1.195033 10.638162
v 9.707820 0.991977 9.786830
v -6.312482 18.744356 -2.241231
v -11.047210 29.225981 -1.043971
v -8.047738 0.249999 -9.508539
v 6.580282 13.689415 -3.606778
v -9.264234 18.797991 1.184166
v -8.751901 22.562496 -4.217882
v -10.563651 22.881689 3.093896
v 0.591578 20.702734 -7.909736
v -12.329188 28.174980 1.842385
v 7.922801 31.582525 -7.525741
v 9.980247 2.172455 9.670258
v -11.359346 0.250001 9.844227
v 6.966241 16.250000 0.557853
v -9.253263 19.250000 4.361434
v -9.589476 23.279451 -0.180726
v -0.758319 19.250000 -7.658147
v -7.660393 -0.000001 -8.970321
v 10.707389 22.967131 2.513349
v 3.578867 32.591793 -10.346986
v 7.699415 -0.000001 -9.027221
v 10.011232 28.750000 -1.281077
v 0.541695 21.377146 -7.769764
v -10.624070 22.635084 2.864630
v 9.745452 22.239275 3.248099
v 7.848103 29.398239 -7.263980
v -0.593668 20.747076 -7.898303
v -2.663907 21.826385 -7.765312
v 7.965508 28.118088 -5.114469
v -3.444279 28.750000 -8.549174
v -7.776064 30.894766 -7.371480
v 7.559336 27.470013 -6.905781
v 11.800462 28.750000 2.699936
v 8.049814 6.958793 10.838205
v -9.396498 18.930256 3.814462
v 8.305873 19.250000 8.218849
v -10.932274 0.250000 -6.538740
v 6.164783 14.366935 -5.571384
v -7.231131 38.054153 -10.461605
v 9.680808 -0.000001 -8.135997
v -9.463869 18.997627 4.342876
v 10.837616 0.250001 9.724228
v -4.719570 32.151779 -10.106600
v 9.037848 3.358456 -6.045006
v 8.803325 34.649868 -8.537755
v 0.665192 19.250000 -6.464491
v 10.988376 0.250000 -6.479967
v 9.918859 27.756918 -2.670613
v 7.844914 6.479227 7.042445
v 7.883765 0.250001 11.832572
v 7.947294 29.270164 -7.618871
v -9.722077 19.250000 3.952943
v -5.141446 38.161350 -11.374581
v -9.697988 3.737010 -6.303376
v 7.408966 4.246774 9.406969
v 6.413352 21.738262 -5.500635
v 7.844914 5.500000 7.062332
v 8.794913 6.500000 2.671978
v -4.147661 35.144588 -11.515417
v -0.243035 20.186218 -8.244497
v 7.844914 5.500000 0.224783
v 8.794913 5.500000 1.638638
v 7.844914 6.500000 2.639041
v 3.871716 31.939724 -10.705199
v 8.794913 6.500000 0.530854
v 8.286605 28.750000 -7.137838
v 7.856426 5.500000 -1.776923
v -12.682528 28.750000 -0.347420
v 8.794913 5.500000 -3.898172
v 8.794913 6.478951 -4.445020
v 8.794913 5.500000 -0.498595
v -9.653481 0.000001 9.732607
v 4.278961 16.250000 -1.892454
v 7.407880 4.066481 -6.712315
v 7.573619 4.651490 -5.929114
v -4.089456 16.250000 -1.882565
v -9.898755 4.834950 -6.997835
v 6.203341 16.250000 0.209095
v 8.305873 19.250000 5.576413
v 8.501659 21.877129 -3.030101
v -4.436456 29.924646 -9.307178
v -2.668402 22.133556 -7.663244
v 7.381022 20.317015 -3.221171
v 8.697709 19.895687 0.029008
v -8.390860 2.754922 -8.482006
v -0.402577 37.844757 -12.871292
v 8.501948 32.965576 -8.640956
v 4.480249 32.501610 -10.814297
v -5.018967 35.416985 -11.108916
v -8.739109 21.626394 -3.906093
v 8.767151 0.250001 12.519779
v 8.895909 37.200211 -9.681649
v 7.879209 21.729620 -4.015700
v 9.615791 -0.000000 -6.366526
v 1.807400 27.750000 -10.098187
v -7.398643 39.476151 -11.083228
v 7.936913 36.445633 -9.088352
v 7.478769 17.508213 8.484237
v -8.031863 21.334917 -4.091120
v -8.523273 20.105158 -0.577964
v -10.856076 28.750000 0.286068
v -0.511967 21.048021 -8.243328
v -4.075629 35.280830 -10.511850
v -8.660930 0.743710 -7.419775
v 8.232003 20.760365 -2.856099
v 8.794913 6.500000 7.478532
v 8.885072 3.440976 8.938396
v 9.646217 22.603315 3.140316
v 9.237529 37.337788 -9.159596
v -0.555925 39.716324 -12.717090
v 9.548008 0.000001 13.226651
v -11.804870 0.000001 10.061653
v 10.187825 25.258709 2.951154
v 8.748875 20.269539 -0.915895
v -10.602470 0.250001 9.672528
v -7.814900 38.071873 -10.477789
v 8.131073 21.133286 -2.887607
v 4.545897 38.128361 -12.316986
v 8.632277 4.402715 8.615179
v 8.106197 0.249999 -9.243217
v 5.711536 16.941351 8.862417
v 9.417319 21.642918 -1.150729
v 9.668002 2.287425 -6.514069
v 0.546550 20.869570 -7.646283
v 9.472303 27.333935 -4.982288
v 8.304163 4.935090 11.219047
v 0.099754 38.892921 -13.303309
v 7.680958 3.210937 -7.027749
v 9.153354 19.805691 -1.025725
v -9.711216 19.244974 0.309939
v -8.375125 0.250000 -6.421013
v -7.758555 37.472511 -9.896779
v 7.890679 2.556326 -7.477359
v 8.538675 20.198460 -0.418085
v 9.330436 23.056850 -0.411854
v -6.353838 18.454723 -5.957597
v -12.274332 28.750000 -2.387562
v 9.486213 2.686581 11.653027
v 7.776751 3.230571 9.660339
v 9.876045 3.069416 -8.374961
v -4.139554 27.992500 -8.089571
v 10.381146 22.701757 -0.635294
v -1.979447 18.960087 -5.777976
v -10.247392 28.249069 1.583911
v 7.465509 3.820228 9.831391
v 9.510717 22.090141 3.129133
v 9.744511 3.751751 11.140865
v -6.392660 21.605474 -6.497213
v -10.016309 3.625181 -7.923816
v 9.715933 36.911373 -8.063498
v -8.699744 4.630634 -5.614383
v -7.145597 31.617990 -8.015647
v 0.483184 26.931074 -9.154175
v 9.803826 3.770521 -8.144001
v -2.602971 28.750000 -9.439820
v -8.909565 18.443321 -1.590530
v 5.656453 39.451111 -11.737523
v 8.743429 19.757467 2.881674
v -10.504060 28.750000 -3.699365
v 9.475588 4.832563 8.929062
v -2.188342 18.981316 -7.980197
v 11.075934 25.803814 -1.175892
v 6.707467 24.171156 -5.963262
v -10.671103 27.141518 2.935020
v 8.897815 19.250000 -1.988875
v -8.459731 32.575375 -8.098194
v 9.952774 21.105677 -0.656673
v 9.235209 27.751427 -5.879520
v -10.294851 22.478182 -0.434794
v -8.233588 2.153405 -6.915296
v -6.175161 25.290956 -7.054592
v 11.292158 27.263279 3.397207
v 8.781199 21.710651 -3.886112
v -7.121131 18.514772 4.436746
v 9.495449 6.663064 9.718392
v 8.400142 28.127279 -4.580403
v 0.307563 39.202988 -13.307419
v -9.716241 19.250000 1.090941
v 5.158269 38.105469 -12.039876
v -4.242977 30.704735 -10.398518
v 10.541614 22.860243 2.284544
v 7.691477 0.249999 -8.391852
v 9.477894 1.944985 -6.532981
v -12.088176 -0.000001 -7.996783
v -8.469665 20.247633 -3.636503
v -10.870197 0.000001 11.582615
v 10.082007 3.835535 -7.565791
v -6.272486 25.077755 -6.262077
v -9.455003 23.443113 -0.381146
v -1.050268 28.750000 -10.447863
v 9.481986 5.742532 -5.976995
v -4.752947 38.411137 -12.395973
v 2.724726 21.747900 -7.896147
v 6.966241 16.500000 -2.101751
v 8.931946 35.570179 -9.189068
v -5.360540 28.750000 -9.433725
v 5.048789 28.750000 -9.325056
v -7.132888 31.382986 -8.233791
v 9.153613 27.568895 -4.013205
v 8.632300 0.000001 10.030269
v 7.413077 4.800266 10.659458
v -6.904990 26.461838 -6.415194
v -9.356401 34.913658 -7.593204
v 8.436832 19.766413 -0.566394
v 8.826845 20.379536 0.000332
v 9.797666 2.237089 11.667237
v -10.048884 0.250001 9.021866
v -6.595127 10.838593 9.546083
v 9.725991 2.203013 -8.771943
v -3.292324 28.256937 -8.100773
v 6.301138 13.516988 -3.544939
v 10.344065 22.620214 3.212238
v 8.823473 3.747519 11.472293
v -8.482447 0.000001 10.337177
v -7.755882 0.000001 11.711577
v 9.590314 19.855480 -0.679581
v 11.676417 28.256390 -2.685195
v 7.409328 33.239132 -8.418911
v -10.499078 0.250000 -6.075909
v 10.505274 0.250000 -6.386574
v 9.683665 26.988188 -4.892684
v 10.291349 0.250001 9.463805
v 7.844914 6.500000 -2.982038
v -7.758339 0.250001 11.510023
v -4.476403 32.576557 -9.805094
v 4.214528 15.293403 -3.402993
v 6.538446 18.759293 -5.807880
v -6.321433 19.007627 -2.950956
v 6.321626 18.290443 2.764330
v 10.658311 1.049776 10.707350
v 5.195263 27.759148 -7.806370
v 9.836519 0.250001 9.011192
v 0.170772 25.085279 -8.440458
v -1.146897 16.250000 -2.418715
v 10.159212 2.028501 11.499963
v 9.820936 1.256797 -9.012467
v 4.699794 34.609272 -10.349539
v 6.636962 28.750000 -8.415698
v 9.285281 0.994863 -9.032859
v 6.966241 16.500000 0.856342
v 10.560261 1.654448 -7.889997
v -10.150616 28.750000 -4.257834
v -9.549933 6.269606 -6.275488
v -4.540069 28.323614 -9.968349
v 3.076338 26.653105 -8.700549
v -8.059077 0.249999 -8.594582
v 9.806748 26.381645 -3.897082
v -0.951478 19.222725 -8.167155
v -3.649039 29.519079 -9.012156
v -8.737840 20.530937 -0.138684
v 10.112575 27.328978 -4.542465
v -6.542219 21.084105 -5.621151
v -6.930254 23.508018 -6.113844
v 6.474482 23.974951 -7.081114
v -10.299517 0.000001 8.704132
v 9.308206 0.800348 11.992311
v 7.849961 17.582737 7.986728
v -11.572013 27.368008 7.068241
v 11.126400 24.439594 2.799422
v 9.561891 27.321981 -3.792965
v -8.404400 2.402849 9.510745
v -7.545616 3.572063 -7.045837
v 9.434089 26.713717 -3.704373
v -6.339703 25.659313 -6.411307
v 9.618476 21.310127 0.021369
v 8.147525 21.866352 -4.168303
v -0.573811 21.994289 -8.015030
v 8.534312 18.068071 2.501287
v 3.108324 16.000000 6.859980
v -3.798503 22.332251 -7.424049
v 9.697571 20.164434 2.123095
v 7.867618 0.249999 -8.847753
v 8.897492 18.431250 -1.841397
v -4.916871 17.197002 -6.195886
v 10.161635 3.594604 10.217126
v 9.613061 20.026745 3.171074
v 9.716241 19.250000 3.517899
v 12.316440 28.148962 1.993633
v 9.716241 19.250000 5.086841
v -3.856269 32.490990 -9.790600
v 0.353540 25.600363 -9.634007
v 8.522160 19.223053 -3.448987
v 7.033968 18.478519 6.607304
v 3.175319 16.000000 7.641819
v 9.453407 19.832832 -0.012552
v 9.430325 19.250000 -1.557511
v 10.466952 22.024031 2.532367
v 9.929648 20.019245 2.479191
v -9.612851 24.307629 -0.633286
v 12.080717 0.000001 10.826322
v 7.025081 23.974848 -6.730498
v 9.889640 19.825441 2.725224
v -5.279994 38.651104 -12.004916
v 10.446214 27.860451 -0.863081
v -3.136230 16.250000 4.870779
v 10.048029 27.095507 -4.153484
v -10.839782 -0.000001 -10.209074
v -9.075470 18.609230 4.209622
v -8.771918 36.722107 -7.890629
v -7.791589 21.472801 -3.952479
v -8.340868 3.675338 -5.981209
v 8.283293 33.380741 -7.931398
v 10.711314 28.750000 3.180787
v -4.638376 19.250000 -7.066677
v -7.807833 0.250001 10.666760
v 7.764535 0.249999 -7.816469
v 9.732490 19.713207 5.273704
v -9.571504 20.409555 -0.026330
v 7.453413 18.044933 -4.916346
v 9.980848 0.713182 12.054220
v -10.013300 0.250000 -6.457667
v -3.447545 25.500078 -7.941456
v 6.945953 18.007692 -5.462351
v -6.690374 17.944468 -5.697865
v 11.725218 26.765619 2.619558
v 1.362364 28.149483 -8.659926
v 10.525255 27.750000 -2.753850
v -7.161092 17.969809 -5.242116
v 8.274455 19.229055 7.180488
v -6.590884 21.894943 -6.433407
v -6.362569 25.154839 -7.243749
v 10.344514 2.463879 -7.293200
v -10.308600 22.594210 3.225870
v -5.966755 27.978313 -8.931933
v -10.289553 25.646513 2.571756
v -4.962440 28.750000 -8.811859
v -13.056499 28.750000 3.764025
v 4.011648 15.510668 -4.041813
v 1.917305 17.740047 -6.738934
v -9.406636 19.250000 -1.600286
v 10.745378 27.273859 -1.477175
v 10.216997 26.394590 -1.156326
v 9.688945 28.750000 0.866488
v 10.787766 25.942644 -1.416470
v -2.923291 28.750000 -8.953947
v -11.337560 -0.000001 -9.589591
v 8.070245 0.250001 10.499270
v 10.392672 -0.000001 -8.585785
v -1.498906 19.250000 -7.287381
v 11.001024 27.398609 -1.534200
v -8.854773 18.388531 6.816952
v -0.875085 19.222973 -6.362333
v 11.492811 27.460089 -0.577492
v 11.549239 27.263348 -0.784066
v 1.873542 16.250000 5.361743
v -7.418486 17.297062 8.204725
v 10.540048 25.859131 -1.427351
v 6.583899 21.568747 -6.300131
v 2.952628 28.750000 -10.257946
v -3.007384 28.750000 -10.202228
v 10.534370 1.565363 -7.545922
v 8.640579 21.885014 -4.092294
v -6.952618 16.250000 1.245314
v 10.833100 26.834000 -0.300241
v -5.900197 39.254944 -11.558360
v -12.299252 27.754263 6.303267
v -7.645197 3.510819 -7.668807
v -9.427782 0.250000 -6.293720
v 9.858584 28.736092 2.861363
v 11.738943 26.748613 2.877245
v 9.576332 6.301009 -6.448463
v 1.756912 19.250000 -7.185034
v -1.465822 16.250000 -1.700588
v 11.463109 26.705816 3.290955
v 9.926516 21.348627 -0.873845
v -9.905491 20.945662 -0.365607
v -8.907005 0.000001 11.155722
v -7.445378 16.979137 4.345095
v -8.058539 0.000001 12.520757
v 8.213809 19.250000 0.868803
v -6.743033 28.750000 -8.715780
v -10.539325 23.147886 2.222806
v 10.090698 28.750000 6.014225
v -0.598731 35.528656 -11.805085
v 11.021571 27.750000 5.089553
v 9.110028 18.643785 0.295172
v -5.051196 28.183947 -7.424290
v 8.411449 19.250000 -1.939822
v 10.172005 20.861488 2.579129
v 6.359520 18.286615 9.138321
v -7.066639 30.936739 -8.165179
v -4.196193 36.606438 -10.843687
v 11.951276 27.750000 2.261376
v -9.046480 6.878262 -7.510312
v -7.986251 19.250000 -1.398918
v -8.321571 32.252567 -7.870288
v -5.580758 39.528000 -11.779367
v 9.520566 6.196496 -6.141324
v -0.135311 24.071329 -8.157450
v -10.257770 3.128413 -7.423944
v -7.670707 0.249999 -7.482795
v -7.765654 3.632299 -6.413180
v -7.844913 5.500000 4.389341
v -9.637075 -0.000001 -10.513867
v 9.802129 0.250000 -6.109449
v -7.853333 6.500000 6.122242
v -9.483797 0.250001 9.464587
v -8.241115 23.366283 -3.368257
v 8.176466 0.249999 -7.198466
v -8.643855 24.392054 -4.511969
v 8.050818 27.750000 -5.598449
v -9.700733 4.009346 -8.137618
v -9.390789 28.750000 -5.787975
v -3.389177 24.389473 -7.652805
v -4.589207 27.750000 -8.585958
v -11.434256 28.750000 -4.349476
v -11.069631 26.152079 -0.401966
v -8.314103 4.781733 8.483266
v -3.647407 33.224030 -10.355735
v 2.725402 28.750000 -7.749053
v -6.006637 28.750000 -6.088189
v -3.128691 16.520849 -5.519732
v 6.019069 28.750000 -6.078609
v 0.869471 28.750000 -8.095625
v -2.722873 28.750000 -7.749784
v -4.447614 28.750000 -7.071577
v -0.181040 16.250000 0.414831
v -7.354929 28.750000 -4.831322
v -0.976727 28.750000 -8.085536
v 4.447615 28.750000 -7.071577
v -5.777965 14.270315 5.980455
v -0.016335 34.222321 -12.061128
v -2.717924 22.141199 -7.435755
v -0.087631 35.010216 -12.263157
v -0.596161 37.046677 -12.270357
v -7.720769 18.252003 -4.610083
v -10.142053 22.623732 -1.084533
v 9.494737 1.693358 9.545471
v -8.465445 17.999201 -0.190713
v -6.754166 22.730412 -6.581098
v 0.499282 35.811184 -12.213974
v 4.225391 41.852875 -12.611147
v -4.871147 13.924479 -3.799862
v 5.036849 18.960390 -4.216084
v -10.928964 28.114027 -3.985271
v -8.408998 28.750000 -7.390915
v 7.784473 3.261064 -7.844341
v 4.526680 41.059875 -13.206911
v -9.479576 23.793295 -0.596073
v 4.233035 33.519886 -11.157202
v 9.943917 28.750000 -5.294034
v -4.543276 34.619312 -11.407907
v -5.289205 38.740646 -11.721495
v 7.844914 6.500000 5.681422
v 8.794913 5.500000 4.762167
v 6.944653 14.246223 6.753583
v -7.044258 14.762032 7.588532
v 7.750574 -0.000001 -7.643815
v 12.321258 28.750000 7.514910
v -9.845909 23.597826 -0.113597
v 10.638227 22.598116 2.709796
v -8.290037 -0.000000 -6.574087
v 9.492990 6.707112 -6.684534
v 5.239651 14.547585 8.421122
v 5.409892 40.083057 -11.437911
v -1.978567 28.167284 -8.543582
v 7.031042 19.224195 -2.446731
v -7.000844 23.731060 -6.633728
v 9.689260 5.550502 -7.226087
v -11.934569 27.495110 2.922105
v -4.955658 38.057686 -11.192761
v -12.846150 28.750000 1.160269
v 7.762319 18.993721 0.432024
v 7.392022 28.314869 -8.420765
v 12.182896 27.750000 5.269279
v 9.306812 20.608278 4.901541
v -11.871615 27.227999 2.848381
v 8.173946 0.250001 9.943401
v -8.253550 0.250001 10.193604
v 7.933537 2.568484 10.724004
v -12.133677 27.767164 4.181093
v -8.489673 18.023430 -1.322574
v -7.095279 14.292365 7.354733
v 9.189692 0.250001 9.365250
v -9.896291 23.255772 2.199633
v -11.156577 27.764927 7.011303
v -11.292553 26.928493 3.379937
v 9.392485 18.926243 0.567431
v -11.335662 27.322111 -1.409762
v -6.444922 14.394610 -3.207809
v -4.923633 13.613124 -4.557076
v 7.753701 17.287460 6.794333
v 8.804216 26.139482 -3.839830
v -11.460849 26.637304 3.278108
v 8.932750 28.750000 -6.934558
v 7.270848 31.409418 -8.464580
v -8.223448 19.250000 -1.791856
v -9.238781 21.599670 -0.022035
v 5.062631 13.728151 6.702477
v -8.702751 18.236509 4.850008
v 8.249071 36.954018 -9.691265
v -10.696040 26.592497 -0.295644
v 12.748635 28.276857 8.506875
v 1.979715 19.250000 -7.605961
v 0.671059 42.349689 -13.030642
v 3.429837 16.000000 8.428948
v -3.066975 26.433529 -8.927773
v 8.046196 0.250001 11.221611
v 10.305537 28.750000 -2.891573
v -6.267180 14.605072 -5.529916
v -10.638321 1.171636 -7.769724
v 3.337375 29.398785 -9.319877
v -8.949560 0.250000 -6.362520
v -4.947881 13.780785 -4.917926
v 9.098932 0.250000 -6.359413
v -5.578006 13.866473 -3.312472
v -5.292312 14.628800 -5.513422
v -5.131321 13.699269 -3.702697
v -4.806601 13.812014 -4.207406
v 4.930713 13.619001 7.180717
v -5.317276 13.832717 -5.373196
v 5.354393 13.646542 6.510106
v 7.093940 14.067802 7.425810
v -10.332024 26.762283 -0.577014
v -6.222186 8.850924 -5.664685
v 8.832953 34.652096 -8.812873
v -10.222894 25.580387 -1.330739
v -4.123659 36.208195 -10.770514
v -6.887874 14.635622 -5.023690
v -10.037221 25.462233 -0.435052
v -6.700773 14.786349 -5.233495
v -12.686791 28.188829 5.730248
v -9.859674 0.000001 13.195979
v 0.746471 16.250000 -2.427026
v -10.380418 27.257118 -0.821598
v -8.217198 0.249999 -6.980783
v 10.561790 28.750000 -3.407206
v 11.775276 28.750000 0.456102
v -7.581180 31.131927 -7.401478
v -10.144499 1.764922 9.855176
v -6.195905 13.758381 6.330323
v -10.459222 1.322245 10.261666
v -1.506946 28.742579 -11.138058
v 5.807555 14.278299 5.973674
v -9.133636 28.750000 -3.931285
v -10.356381 2.440216 -7.337266
v -10.654631 0.995750 10.640309
v 8.065257 4.817826 -5.572002
v 4.455648 32.385826 -9.754165
v -7.676103 21.702799 -3.604454
v -5.442319 13.553903 -3.591203
v 9.833261 21.090227 -0.160337
v -9.655760 21.612841 -1.137452
v -10.426182 23.066202 -0.423214
v -11.391462 0.000001 9.405589
v -10.306635 0.874336 -7.168735
v -7.524548 17.058306 -2.140531
v 6.299435 13.569425 6.451798
v -6.121881 14.130610 -3.184431
v 0.496540 19.078392 -8.077277
v -10.003646 27.055290 -4.624366
v -9.439796 27.546669 -4.998753
v -9.676160 27.525572 -5.005375
v -9.528803 27.327118 -4.983992
v -10.544016 28.240623 5.276078
v -8.667786 35.117733 -9.319738
v -8.991524 35.610409 -8.866392
v -3.479018 21.781725 -8.131457
v 8.913362 19.250000 1.012471
v 2.611312 16.250000 -1.738122
v 0.651790 28.750000 -10.674005
v -10.211325 2.893759 10.928110
v 1.700279 19.250000 -7.704971
v 7.061550 14.334119 7.060736
v -5.041631 13.992608 -5.183468
v -8.352663 19.250000 3.794408
v 6.707592 14.800852 8.160550
v -9.430141 6.819798 -6.101526
v 10.656184 -0.000001 -10.424808
v -3.834690 34.771454 -10.602829
v -6.711794 18.366499 7.647942
v -3.886176 35.967110 -11.300587
v -9.196148 26.795355 -3.755127
v 12.123184 27.750000 4.533138
v -9.195033 3.065297 9.092011
v -5.142208 37.969734 -12.011702
v -8.624003 0.250001 9.827934
v -7.724038 17.257797 6.438509
v -5.965953 40.239140 -12.457290
v 4.623631 31.836264 -10.437289
v 11.103492 24.800873 2.379480
v 9.406997 6.151953 8.820170
v -9.394822 22.305510 2.873741
v -9.820293 23.989296 2.649218
v -5.540144 16.250000 -1.676870
v 4.175611 30.649662 -10.407434
v -9.139972 21.432032 2.576277
v -8.762403 0.000001 9.815643
v 3.959928 32.275337 -9.677471
v 6.004179 14.118641 8.541384
v 4.590269 14.170864 7.343116
v 6.520370 14.544141 8.351363
v -8.539255 19.222143 -3.420564
v -9.512897 20.679909 2.048122
v -9.807639 21.787413 2.074337
v -7.965593 35.434795 -8.462052
v 9.595002 22.922243 2.974128
v -6.648093 39.177673 -11.487786
v -7.732841 34.279343 -9.061110
v -7.783274 2.857184 -7.457623
v -5.747113 28.750000 -9.898819
v -2.984682 21.616814 -6.996638
v 4.165717 38.767250 -11.654127
v -7.693630 33.862011 -8.143781
v -10.235463 26.713387 -0.813200
v -7.515443 33.188801 -8.782274
v 7.324845 26.307358 -7.359141
v 8.166515 5.081916 -8.232828
v 6.886282 14.619636 7.963491
v 8.558042 0.250001 9.573780
v -0.383086 24.990402 -9.448052
v -11.192967 -0.000000 -6.549077
v 11.039518 26.365185 2.183788
v -3.211808 25.626848 -8.082077
v -5.891412 14.050975 -5.598843
v 6.187443 14.796749 8.484239
v -9.003264 5.926707 10.855479
v -7.433094 16.966852 7.023785
v 7.553821 33.110397 -8.002399
v -8.718564 0.249999 -6.858149
v 0.598887 39.320614 -12.794385
v -9.668345 3.903299 9.196272
v -2.788720 19.250000 -5.944816
v -8.693251 3.702450 -5.906593
v 6.758933 14.324925 6.451176
v 4.954145 19.250000 -6.255206
v 6.997181 23.755878 -6.210484
v -7.619485 21.279911 -3.719116
v -7.792381 0.249999 -7.977953
v -2.797763 21.987848 -7.250106
v -5.601345 14.281410 -5.571029
v -5.824532 14.019237 -3.195521
v 3.644772 19.925863 -7.282854
v -5.999634 14.747840 -5.587554
v 8.708264 1.128521 -7.075184
v 11.140677 27.750000 6.615716
v -6.706701 25.937407 -7.488412
v -9.157869 20.138851 3.185814
v -9.996825 22.919640 -1.223323
v 4.879368 13.819217 6.876548
v 4.507796 14.310831 -4.413994
v -6.727901 13.927511 -3.640913
v -9.134597 19.800098 -1.027947
v -11.615444 27.750000 4.271998
v 5.479241 12.731036 -5.532051
v -8.800147 19.663828 -0.996934
v 5.031468 38.456226 -12.304221
v -9.474474 5.818694 8.908575
v -0.294672 22.029718 -8.715726
v -12.119853 28.205328 -0.870214
v -3.374807 16.000000 -4.734774
v -4.345849 15.335183 6.090640
v -10.816028 28.750000 3.878614
v -9.682615 24.311453 -0.434831
v 6.594732 21.161753 -5.756360
v -11.943374 0.000001 11.980371
v -7.016807 19.250000 -2.538867
v 12.854951 28.227293 7.195646
v 9.192649 0.250001 8.824274
v -9.480067 25.843641 -3.641778
v 10.506350 28.110710 3.123778
v 4.728725 35.982430 -10.643167
v 4.316588 36.312241 -10.699858
v -3.161766 27.029305 -8.646203
v 8.587673 2.294744 -8.616928
v 9.268845 19.812277 3.225494
v -9.796949 27.300379 -4.916163
v -1.047233 28.072044 -10.544582
v -0.561179 19.436035 -7.299743
v -0.400333 36.544483 -11.639112
v 8.098265 4.641056 8.571106
v 6.221336 28.750000 -7.400673
v -7.804349 5.140411 -8.086854
v -11.893709 28.750000 1.297028
v -2.925413 16.250000 5.361743
v 8.451830 20.236628 5.063940
v 9.716241 19.250000 4.310268
v -9.099138 6.232089 8.420217
v -9.090413 6.369839 -5.470406
v -9.303151 23.083313 -0.812861
v 11.589524 26.172794 2.830534
v 7.517814 17.083202 7.309127
v -9.107524 36.316673 -9.158298
v -7.446202 17.067163 7.592904
v -8.880516 18.478645 7.637312
v -8.779289 36.604492 -9.706914
v -8.659141 36.112488 -9.619583
v 10.163782 28.290205 1.041311
v 11.756469 28.750000 6.111205
v -8.527272 0.866968 -8.256851
v -9.369061 0.690325 12.026515
v -8.772370 26.514542 -4.404672
v 9.145214 26.774986 -3.774883
v 9.249632 28.750000 -1.653030
v -6.966241 16.250000 -2.350240
v -6.966241 16.500000 -1.557584
v 9.320794 5.332751 -5.787467
v -6.966241 16.500000 -3.051427
v -0.849174 19.088301 -8.087184
v 6.235178 40.422661 -11.947738
v -7.478616 0.249999 -9.005572
v -9.639233 22.702219 3.111231
v -3.269563 21.805859 -8.191788
v -4.693856 32.089291 -10.401277
v 11.407259 27.750000 1.236669
v 0.169286 26.085760 -8.708385
v 6.515384 14.044958 6.339460
v -0.010381 36.331245 -11.427930
v -8.090255 2.707121 9.618076
v 7.314982 19.004601 -1.168864
v -9.396117 20.106836 4.891378
v 5.383138 12.958368 -5.457988
v 9.845323 22.365845 -1.188405
v 10.779283 28.750000 -4.018621
v -6.507242 14.648281 -5.413111
v 9.207531 25.675945 -3.552716
v -9.498213 6.742611 9.446083
v -6.915839 19.250000 -4.177967
v -11.314975 28.750000 8.117974
v -8.483371 23.675970 -4.407199
v 10.303253 22.862946 -0.995637
v -8.860650 0.838359 11.721542
v -8.695457 28.750000 -4.496484
v 7.792274 22.017923 -3.847714
v 4.085111 15.428329 -4.409338
v -8.411589 37.107212 -9.810271
v 4.584192 14.178018 -4.169215
v 10.986634 28.750000 7.516685
v -8.353933 36.226318 -8.496155
v -5.787995 28.234707 -6.897251
v 7.131020 30.230339 -7.342586
v -7.987775 36.608074 -9.322416
v -5.050774 15.326832 5.596880
v 1.763741 28.750000 -9.234781
v 5.102931 16.971470 8.905069
v -8.950600 2.606905 9.220111
v -11.008549 0.000001 9.909887
v -7.649631 4.736175 8.753082
v -10.856147 0.000001 10.531391
v 8.174206 20.100599 5.521383
v -12.226444 0.250001 11.618320
v 11.558002 26.314968 3.066589
v -10.642727 -0.000000 -6.230293
v -8.451059 34.978165 -9.384496
v 9.803207 20.887316 -0.848286
v -3.576058 16.000000 5.361743
v -7.183358 31.034941 -8.359894
v 7.207304 24.782963 -6.624528
v 6.439885 18.929781 -2.564029
v -6.832207 5.624259 9.428550
v -8.178759 6.551213 10.917250
v 7.522989 0.000001 11.532559
v -8.496535 18.030293 2.875330
v 9.083982 6.849793 -7.491259
v -7.626547 0.000001 10.422528
v 7.503695 19.250000 -4.821331
v 12.010899 28.750000 1.159817
v -7.069859 6.424008 -7.575259
v -8.052778 30.528799 -8.207771
v -7.072313 4.994740 -6.487830
v 6.624753 27.573318 -7.641809
v -8.172839 36.569908 -8.685015
v -8.000398 36.347507 -8.798041
v 0.052165 34.976334 -11.069608
v -8.097461 36.880291 -8.895631
v 7.106982 31.399349 -8.050424
v 12.279440 28.245813 0.475258
v 10.437217 24.811066 -1.354096
v -7.794727 28.271507 -8.031281
v -6.966368 16.503433 5.024834
v -6.937656 16.250000 4.792388
v -6.480981 28.284386 -8.961821
v -11.184064 24.676371 2.849550
v 8.569648 19.799480 4.829724
v -0.596471 39.528278 -12.912536
v 0.412709 21.389479 -7.589030
v -7.497529 38.130486 -9.848327
v 10.897397 0.249999 -10.209848
v -6.966316 16.502033 5.843865
v 6.882806 19.250000 -4.503796
v 4.391205 19.250000 -5.181572
v 10.011933 -0.000001 -7.748284
v 11.650981 26.721083 3.098035
v -2.959032 28.250000 -10.394236
v 8.945494 20.185411 4.830810
v -4.725687 40.734554 -11.555438
v -6.700543 10.152681 -4.231523
v -7.573872 27.330841 -6.943624
v 8.539520 0.249999 -6.644603
v -8.392415 18.724047 -3.668772
v -9.125860 20.411379 -1.073860
v -9.271233 22.024549 -1.079073
v -7.254119 31.460098 -8.450447
v -8.664177 20.335192 -0.800242
v 9.465977 20.248413 4.921818
v -7.080341 4.916725 9.569740
v 9.508665 28.090508 -2.808847
v 9.943553 23.197435 2.167436
v -8.491169 20.070866 -3.431532
v -7.467097 19.859707 -2.844440
v 7.668249 3.315488 -7.563060
v 6.945442 25.893095 -6.313898
v -8.997184 20.834000 -1.027800
v 8.213968 20.270479 5.784025
v -7.850110 20.968906 -2.919100
v -8.229783 20.639246 -2.846567
v -9.495525 1.110691 -6.786674
v 9.068330 3.038124 -8.685312
v 8.011191 36.899345 -9.192305
v 12.271570 28.750000 2.319780
v -6.661435 18.354368 8.656710
v -8.572640 27.750000 -5.688889
v 3.933192 32.399899 -10.829525
v 3.076677 19.250000 -7.725630
v 11.706158 27.750000 6.224760
v -6.404263 18.294273 6.497502
v -7.158589 18.530600 7.094613
v 10.612775 27.760042 -0.019361
v 11.233096 28.750000 2.785098
v 8.660035 22.726641 -3.144324
v -6.451860 25.567310 -7.341989
v -7.330412 19.770807 -3.599102
v -9.512469 0.966760 9.768201
v -7.759266 21.929815 -3.397286
v 8.570794 25.148754 -4.435874
v -9.672960 20.115414 5.058352
v 8.020071 2.191362 10.455161
v 8.317595 1.322228 -7.848781
v -8.147943 22.803818 -3.258746
v -7.947479 22.638187 -3.439231
v 8.217360 19.960958 5.230475
v -8.371625 5.685482 -8.158318
v -7.127096 18.515783 5.825910
v 3.596478 23.422308 -7.445914
v -8.649904 25.927841 -4.006677
v -8.157526 31.020933 -8.270668
v 4.235245 32.543747 -9.719882
v 2.565169 28.750000 -9.062500
v -7.271537 16.805296 6.181701
v 6.472355 21.816483 -6.515473
v -3.043545 24.474564 -8.687810
v -7.818607 19.250000 -0.919974
v 6.918077 23.031322 -6.255578
v 8.236133 33.528576 -9.071125
v 9.815313 23.991035 2.754175
v -5.514518 6.000000 0.929952
v -6.433676 6.000000 -0.020049
v 2.631230 20.487267 -6.920834
v 6.558132 15.693244 5.904528
v -7.779771 18.899267 7.494944
v 10.498429 25.278868 -0.203869
v 0.551656 25.947243 -9.011164
v -7.591543 27.311867 -7.388288
v 6.258261 22.017279 -5.483212
v 9.942086 21.564491 -0.172822
v 5.421301 12.853503 -5.505061
v -7.373791 27.502787 -7.741007
v 9.844343 20.687975 -0.625916
v 8.571974 18.105734 5.566905
v 3.050426 26.234833 -8.544225
v -7.356379 27.244015 -6.684625
v -0.365770 19.246832 -6.453222
v -7.499745 26.727558 -7.248410
v -4.558666 19.250000 -5.117805
v -7.783674 31.533255 -7.486028
v 9.493197 0.250001 8.651271
v -3.531125 27.978182 -8.317991
v -7.734653 6.540752 -7.934788
v -7.241675 29.167368 -6.990092
v -0.912591 41.752666 -13.839684
v -6.985893 29.048244 -7.059890
v 6.272743 21.962543 -6.644250
v -8.374283 10.027922 -5.359763
v 0.814140 16.000000 5.361743
v 0.085294 32.342285 -10.368461
v -6.772639 9.446054 -4.441868
v 9.493302 6.470784 9.076137
v -7.510578 19.250000 -4.813617
v -6.966241 16.500000 3.545578
v -9.865259 28.235723 -1.539524
v 8.644650 33.505951 -8.563702
v -7.620127 32.738781 -8.849634
v -6.913580 29.618208 -7.344121
v -12.233995 28.184032 0.662782
v 0.500149 31.932354 -10.520798
v 11.368049 -0.000001 -7.547837
v -9.573139 3.227751 -6.276288
v -6.848868 29.645294 -7.928923
v -6.862217 29.913805 -7.681619
v -6.163967 18.272072 7.978274
v 0.316276 19.920616 -8.137154
v 9.545016 0.811867 -6.886218
v -9.699525 4.970210 -7.645721
v -6.169662 19.976265 -5.155639
v -7.501176 6.178356 10.813258
v -5.692737 22.185787 -5.723170
v 8.265198 20.183573 6.034076
v -5.692241 21.802874 -5.611219
v -9.266576 21.919786 2.614654
v 7.736422 6.510093 10.873004
v -6.839311 29.149981 -7.240567
v 9.856884 4.740264 9.551549
v 8.253270 19.944443 -3.774150
v 9.176863 20.944855 -1.097509
v -6.713410 26.310976 -7.554613
v -6.454980 26.658953 -7.463546
v 10.038685 28.138052 -1.305794
v 9.416933 18.950691 0.031015
v -2.911479 24.925043 -8.351027
v -10.526552 25.017464 -1.362197
v -6.525917 27.417643 -7.502458
v 7.836107 32.604637 -8.903174
v 7.787441 19.242962 -0.896516
v -6.886966 27.188206 -7.746256
v -6.626556 27.202063 -7.621605
v -6.689656 26.662594 -7.603048
v 9.155165 18.688923 4.480606
v 3.605821 29.365536 -10.029744
v -6.966241 16.500000 0.178067
v -11.806981 -0.000001 -9.015789
v 7.472308 6.384387 -7.849782
v -6.966241 16.500000 -0.689758
v -6.966241 16.500000 2.268181
v 5.125896 36.910896 -11.238128
v -8.114693 30.298122 -7.905143
v -0.152565 32.394611 -10.392018
v -3.360351 23.372107 -7.391084
v -5.450146 19.521463 -5.027238
v 5.182970 15.266947 -2.641534
v 0.209782 20.972746 -8.469510
v 4.393849 15.334915 -3.096411
v -7.054444 14.133247 -4.143759
v -4.562397 18.250000 7.684184
v -5.526582 18.595045 -6.585599
v -4.795012 18.250000 9.019037
v -8.005777 30.051804 -8.050438
v -4.244501 18.320433 8.777577
v 5.753188 28.168224 -9.276644
v 9.386260 0.000001 12.596743
v -7.683137 18.834845 6.376516
v 9.847580 21.613836 -1.044106
v -5.167596 39.880058 -12.660838
v -9.136011 25.186146 -3.483254
v -4.283725 39.969349 -11.930115
v 0.747451 19.195093 -8.193978
v -10.456441 28.750000 1.315578
v -4.588563 39.683163 -12.683293
v -4.826036 39.310307 -12.624195
v 7.998014 4.825635 -8.192588
v -4.878489 39.720371 -12.726138
v -9.879557 3.947199 -6.526710
v -8.266870 34.712109 -8.157184
v -5.639225 28.750000 -8.884653
v -7.092841 8.854452 -4.715295
v -4.951894 37.110134 -11.931129
v -4.538157 37.052292 -12.053452
v -5.224353 39.413082 -11.662272
v 7.428146 0.250001 10.923426
v -6.098246 19.250000 -4.505767
v -8.735511 28.171419 -4.010366
v 6.529048 16.764404 -5.444998
v -6.959030 18.705151 -0.828304
v -4.870584 40.004765 -11.607758
v -0.146621 26.730656 -8.874348
v -4.675438 40.156052 -11.667617
v -1.642465 28.750000 -10.274998
v -0.894965 28.333841 -10.820916
v -8.701164 25.323725 -3.638095
v -5.229323 20.013683 -5.579808
v -8.806723 20.098608 4.830539
v -8.191321 20.060415 5.375109
v 10.662946 25.086979 -0.247899
v -7.942385 37.701122 -9.279109
v 4.849158 14.182624 6.434622
v 7.864381 5.500000 7.747306
v 0.140693 24.534908 -9.449083
v 7.009950 24.856531 -6.222955
v -4.141409 16.000000 5.361743
v -4.395530 16.494005 -5.498882
v -4.400433 29.554260 -9.209326
v 4.647972 15.386031 -2.836823
v -11.564675 29.380898 -1.194852
v 12.242288 -0.000001 -7.389475
v 8.247033 32.166439 -8.640827
v -3.930158 34.890366 -11.303267
v 5.483516 18.639923 -6.616733
v -7.464475 16.998234 -3.792876
v -10.280695 26.876860 -1.000131
v -3.728964 16.250000 5.347593
v 11.001082 25.134253 -0.907286
v -4.283152 27.395155 -9.216078
v 11.426200 26.425114 6.586694
v 9.420498 0.665267 -9.114883
v -7.883507 9.629789 9.640403
v 8.863599 28.750000 -6.271415
v 4.684693 31.675076 -10.206238
v -7.393775 5.642140 8.429415
v -9.261977 28.750000 -1.619371
v 10.802944 28.149237 7.419302
v 3.985366 36.519505 -11.049016
v -9.998622 24.609087 2.583808
v -4.356586 28.240438 -7.696246
v -6.901003 8.809806 -4.777947
v 2.587343 20.431215 -7.517597
v 9.643341 27.985737 -5.797503
v 11.777949 28.745333 -2.604337
v -4.471539 30.378839 -9.416894
v -10.564365 29.383421 -1.187771
v 8.147317 6.387577 -8.014122
v 10.135653 0.000001 13.516892
v 4.426678 38.035866 -11.149587
v -3.663844 26.945633 -9.493822
v -4.253185 27.280054 -8.723041
v -4.224494 26.533094 -8.957822
v -6.492441 13.694335 -3.554039
v 11.558772 0.000001 12.654055
v -2.515446 16.000000 -5.498882
v -2.109496 16.500000 -5.498882
v -7.889064 4.346534 -5.859934
v -9.084499 4.525520 -5.761147
v -6.451345 24.518625 -6.015250
v -4.106488 38.079227 -11.954052
v -4.359555 29.753519 -10.021254
v 10.317339 23.245306 -0.216288
v -4.089897 27.272467 -8.516763
v 7.338379 6.650383 10.705304
v -2.738124 16.000000 -2.427026
v 0.509738 37.728764 -12.714409
v 9.724837 24.685123 -0.929098
v -8.895098 28.750000 -6.498031
v -3.026616 28.750000 -8.382199
v -3.652112 20.336950 -6.976550
v 9.617631 28.750000 -5.924809
v -3.727184 21.081352 -7.184531
v 9.777824 28.750000 -4.595231
v -3.656242 20.109638 -7.343350
v -11.156482 25.988014 -0.546965
v 5.832355 40.026699 -12.263248
v -2.286187 16.250000 5.361743
v -1.316963 16.250000 5.361743
v -0.038616 16.250000 5.361743
v -3.400916 25.942532 -8.074219
v 3.353381 28.750000 -8.359511
v 4.060730 19.250000 -6.589931
v 11.082696 27.750000 1.647572
v 12.367533 27.750000 7.102160
v -0.276615 35.051949 -12.215510
v -8.139673 19.959299 5.704830
v 8.294592 17.875000 7.471112
v -10.217272 28.750000 -0.024434
v -9.072882 19.250000 3.679824
v -8.707716 20.157459 6.522109
v 8.685549 20.222050 6.524112
v 7.698961 38.233303 -10.625231
v -0.989315 18.449018 -7.447902
v -8.446380 34.631733 -8.176357
v -2.945005 21.224075 -6.900042
v -3.814675 21.587059 -7.501307
v -9.062766 27.131079 -3.940218
v 11.597491 26.292259 6.607393
v 9.867485 22.784941 3.250743
v 5.638650 39.709793 -11.472574
v -9.982516 22.070114 -1.060867
v 8.652164 26.013332 -4.301098
v -3.201813 21.902203 -7.019783
v -9.731162 5.175438 9.354380
v -2.468367 19.689419 -7.172919
v 7.995655 3.111110 9.435111
v -6.163072 25.571161 -6.680378
v -6.914429 30.110443 -7.931623
v -5.427874 28.750000 -8.180706
v 9.456426 19.246246 1.664872
v -0.596568 19.748484 -7.603724
v -10.003084 2.533777 9.652653
v -9.223939 18.757698 5.615445
v -7.107572 7.225365 10.326460
v -0.840524 16.500000 -5.498882
v -0.495119 16.000000 -5.498882
v 9.528779 19.578007 -0.219745
v -1.361088 16.000000 -2.427026
v 10.437201 23.140673 -0.408936
v 10.859247 24.706995 2.198874
v 5.804795 18.950960 -3.422389
v -7.810121 28.113337 -5.315589
v 3.922547 36.530266 -11.318571
v 11.623139 0.000001 9.590340
v -0.554038 26.860535 -9.717794
v -8.228831 17.802906 7.411721
v 9.028389 35.620586 -8.238885
v -0.148213 25.987198 -8.675403
v 10.181799 24.786430 2.339075
v 6.517796 8.710886 8.078148
v -7.116740 27.037279 -6.550702
v 4.908885 15.456361 -2.665002
v -10.643976 25.813940 2.228341
v -7.675626 9.436058 9.749335
v -9.626985 28.750000 0.033971
v 10.152719 22.526012 -0.186280
v -1.874900 27.750000 -10.089679
v 0.014072 40.843182 -12.637318
v -0.414784 27.213497 -10.011300
v -9.358983 0.000001 11.926453
v 0.052879 41.167591 -13.919241
v -4.473216 14.551108 7.643111
v 7.095366 24.428381 -6.835604
v -0.523987 40.384567 -12.822855
v -4.056868 37.654190 -11.810883
v -0.011817 40.411125 -13.718884
v 4.080948 15.360289 -3.731949
v 0.045230 41.283730 -12.758887
v -10.049306 28.750000 -2.639086
v 6.127995 14.461009 -3.021402
v 5.094797 38.301208 -11.345405
v -12.152416 0.000001 11.382378
v -3.992411 30.529282 -10.399537
v -0.402323 41.391781 -13.820190
v -0.180890 41.484138 -13.979274
v -9.698461 36.655571 -8.552193
v -0.546351 36.424568 -12.294785
v -8.355447 1.980592 9.816148
v -0.061766 29.855446 -9.699489
v -4.078363 15.367970 6.611820
v 0.312167 41.376343 -12.870223
v -7.624728 29.701088 -8.256111
v 5.443635 28.750000 -7.521715
v -8.842013 -0.000000 -6.311681
v 8.813259 -0.000000 -6.273610
v 7.031130 14.109352 -4.830843
v 6.031098 22.111942 -5.512492
v -3.312132 29.435101 -9.425154
v 0.055275 28.312618 -8.611311
v 7.664314 3.249073 9.993835
v 4.130377 28.170212 -7.882609
v 0.887398 16.000000 -2.427026
v 8.437516 33.608200 -8.989412
v -9.354507 0.000001 11.360602
v -8.820591 34.568970 -8.766273
v 0.161501 21.772734 -7.548961
v -9.925113 -0.000001 -8.418882
v 9.967867 4.233905 -6.780979
v -9.213744 -0.000001 -9.268195
v -0.003759 31.193319 -11.249819
v 0.181387 30.711962 -11.090518
v -7.485126 28.750000 -6.430623
v -4.744654 34.600246 -11.284580
v 8.101336 32.505096 -7.727273
v 0.568381 21.747856 -8.305290
v 5.270031 41.355305 -12.122408
v -8.247024 38.599503 -10.369078
v 9.316447 -0.000000 -5.852512
v -4.753164 15.183517 -2.857002
v -9.802916 19.880573 6.175483
v 0.550630 19.912361 -7.401158
v 11.445547 27.258276 2.227426
v 9.510369 6.683587 9.357609
v 8.454993 34.649837 -9.298896
v 5.007839 28.261454 -9.703428
v -1.061140 19.250000 -6.827902
v 2.301135 19.250000 -7.552307
v -9.809094 28.750000 -2.006989
v -2.784097 23.449535 -8.055923
v 0.033769 39.766232 -13.545737
v -0.220312 38.224072 -13.089747
v 0.909604 16.250000 5.361743
v 0.840524 16.500000 -5.498882
v 0.812761 16.000000 -5.498882
v -3.404811 16.000000 -5.498882
v -0.348067 26.686380 -8.955958
v 2.444605 18.613245 8.641360
v 10.440254 24.753447 -0.184407
v -8.148287 37.653309 -8.741154
v 7.545989 11.679685 8.748970
v 0.576426 27.773951 -10.278566
v 9.269500 3.463685 -8.563553
v 11.567545 27.750000 5.421841
v 4.181520 30.271770 -10.300428
v 2.561989 20.091930 -6.873608
v 5.877074 22.314295 -5.634917
v -2.937041 24.712677 -8.560013
v 2.549545 20.007792 -7.408059
v -8.165930 2.847607 -8.293237
v 3.729732 20.953867 -7.559114
v 8.411446 20.042509 -3.631800
v -4.767374 34.654728 -10.412033
v -9.043088 23.998123 -3.362400
v -4.113527 29.470297 -10.096059
v 6.961610 16.250000 -1.305865
v -8.233984 19.852428 6.029535
v 3.102038 27.109772 -8.884112
v 0.574204 40.356628 -13.260018
v -3.884935 25.336859 -7.995331
v 7.995617 29.774719 -7.920635
v -7.056306 14.959908 6.850365
v -3.145830 23.205797 -7.388408
v -10.728394 0.000001 9.096520
v -9.911057 28.261730 -5.857210
v -7.837453 31.010874 -8.534266
v 5.002769 16.250000 4.389609
v 7.752329 6.624592 -7.929380
v 4.098169 24.922554 -8.287134
v 9.637513 35.541096 -8.166280
v -0.150306 28.298864 -10.819305
v -3.909336 36.225174 -11.120905
v 3.483009 27.382042 -9.552644
v -0.554141 30.129545 -10.583020
v 10.771737 0.000001 9.566520
v -6.761358 22.225128 -6.283383
v 3.452796 29.319284 -9.090685
v 10.557655 28.750000 -1.286398
v -3.566656 18.567375 -7.566257
v -8.906378 28.197987 -6.929289
v 6.765857 11.523312 -6.305236
v 3.507455 27.317532 -8.428699
v 11.892857 0.000001 9.925123
v -9.763271 22.421013 -0.019429
v 9.859769 0.000001 10.982546
v 3.829227 26.177935 -9.261552
v 3.578549 26.011311 -9.256429
v 1.350314 19.250000 -6.990453
v -6.248934 28.750000 -6.950649
v 4.126456 27.513674 -9.492411
v 3.974240 27.282423 -9.521064
v 10.815513 -0.000001 -8.443415
v -8.476269 21.193970 -3.997138
v -4.035770 37.807938 -11.602210
v -7.875808 -0.000001 -7.316637
v 10.374891 28.040855 0.541624
v 10.426807 23.350348 -1.031733
v -8.757904 35.214039 -8.441911
v 3.920437 26.987839 -8.357080
v 3.997622 26.478090 -8.296068
v 0.157377 20.763800 -7.277026
v 4.177631 26.306599 -8.966287
v 3.759754 30.395912 -9.216894
v -9.730093 0.000001 10.312260
v 10.870943 27.750000 -3.317933
v 4.219545 26.784939 -9.086432
v 6.966241 16.250000 5.209614
v -9.623883 1.891333 11.823785
v 5.326725 18.250000 7.632432
v 7.447227 38.521000 -9.533670
v -2.563476 28.750000 -8.297814
v 4.222179 35.086334 -10.385246
v 4.238447 30.568069 -9.264409
v -6.208144 24.478354 -6.108060
v -9.859048 20.155462 3.000694
v -11.804869 -0.000001 -6.890543
v -12.634547 28.175922 8.486390
v 11.194235 26.484901 -0.458430
v 4.341356 40.443539 -12.019606
v -9.514346 28.250000 -6.358496
v 4.989811 35.530220 -10.849157
v 4.459861 40.420750 -11.862733
v -8.497543 0.810335 -7.948549
v -7.222725 31.623358 -7.803404
v -4.685297 41.229168 -12.007201
v -11.767698 27.750406 0.312356
v 5.109723 39.960449 -12.715570
v -11.924757 27.763821 1.936648
v -6.962693 16.250000 -0.675517
v 9.508615 26.060703 -4.741012
v 8.452107 17.985865 -2.208874
v -8.314723 19.816849 5.005901
v -6.328218 12.137886 -5.928245
v 8.804069 19.250000 3.834167
v -8.013979 31.025133 -8.444176
v -3.402385 30.494576 -9.721767
v -9.055439 19.908195 4.787904
v -12.340891 -0.000001 -8.553320
v 0.269639 33.326588 -11.755483
v -6.043635 16.828362 -5.753054
v -8.951490 27.750000 -6.216842
v 4.082241 29.171381 -8.899593
v -7.336345 16.870104 5.554989
v -7.855190 6.045320 -8.026104
v 5.737068 18.250000 5.684849
v -11.900071 28.220985 -1.869048
v -10.627057 28.750000 2.297021
v 1.745433 16.250000 -1.759419
v -9.589275 23.922930 -0.399323
v 9.265941 21.258896 0.055877
v -10.821018 25.950615 -0.277806
v 7.479008 28.750000 -5.772632
v 3.459333 22.167492 -8.253145
v 4.908143 35.396973 -11.376193
v 3.145464 16.000000 -4.455315
v 4.468178 39.837563 -11.640877
v 6.931214 16.796358 -5.086323
v -7.454950 33.091499 -8.129170
v 5.363605 20.127256 -6.030085
v -0.180577 39.598915 -13.473919
v 4.185700 39.090172 -12.185506
v 4.180215 39.473648 -12.041796
v 5.052613 39.469471 -11.537387
v 4.274090 38.036942 -12.169304
v 4.159773 38.476879 -12.087172
v -9.674095 -0.000001 -7.410141
v 12.099080 0.000001 10.299799
v 4.807543 16.250000 4.893737
v 5.512519 21.054049 -5.514858
v 5.583338 21.586912 -5.657193
v 0.584909 33.429501 -11.378381
v 8.636292 36.731651 -8.325958
v 10.650764 28.750000 0.064393
v 6.941435 16.250000 -0.410583
v 5.976222 19.714724 -5.022912
v 8.785280 21.395529 -3.386418
v 7.549186 18.746771 2.874321
v -9.815308 0.954979 9.816522
v 6.966241 16.500000 3.545578
v 4.907772 17.940096 -6.938981
v 0.208208 30.031773 -10.896910
v 6.427436 22.577061 -5.621356
v 6.966241 16.500000 -1.152074
v 6.966241 16.250000 -2.399958
v -9.157707 23.470715 -4.168573
v 5.706486 22.264378 -5.779629
v 12.079670 0.000001 11.376853
v -6.265234 28.750000 -7.560890
v 5.575970 21.970579 -6.228755
v -3.434424 29.297775 -9.874000
v 6.382658 19.787575 -5.592675
v 6.146604 21.111578 -5.301969
v 6.052827 20.293886 -5.140156
v 8.970588 24.900635 -4.630702
v 6.966241 16.250000 6.014680
v 8.522091 33.750202 -8.138125
v -6.546065 21.008701 -6.080824
v 0.485529 33.564106 -11.632357
v 7.534354 5.328010 -5.565398
v 7.229557 5.414492 -5.769560
v -9.710839 36.966900 -8.114214
v 6.966241 16.500000 1.989412
v 6.941970 16.250000 1.484176
v 7.148183 27.061241 -7.714477
v 7.471427 26.814930 -7.375212
v 3.865798 28.750000 -8.205197
v 6.925910 27.186197 -7.754840
v -6.344488 15.133457 -5.444377
v -2.867923 23.507917 -8.323710
v 9.415845 22.328787 2.463273
v 0.420000 21.018744 -8.351052
v 4.406459 30.430910 -9.354031
v -7.348955 29.552708 -8.258629
v -8.811354 35.510563 -8.509461
v 9.721833 23.634867 2.671437
v 5.750299 11.739278 -5.527676
v 6.686671 6.234864 -6.929010
v 4.940043 38.834095 -11.348927
v -3.698147 21.063471 -7.689407
v 7.185152 38.113380 -10.502541
v -4.117125 32.333141 -10.855306
v 6.969569 17.031441 8.352815
v -8.710532 35.621040 -8.437260
v 6.275459 26.218904 -6.792290
v 2.509203 16.250000 4.506667
v 6.449196 26.528395 -7.418316
v 4.519817 19.250000 -5.822573
v 6.746655 26.038677 -6.325859
v 8.336612 6.500000 -4.548296
v 12.019781 -0.000001 -8.006906
v 8.996512 19.250000 -1.479501
v 9.254381 19.250000 4.342742
v 6.966241 16.250000 -3.178535
v -7.008714 13.805667 7.062115
v 9.285793 19.250000 3.827188
v 11.904539 26.704882 8.246506
v 6.299905 25.903465 -6.557650
v -4.770410 32.747841 -10.256069
v 8.039526 27.750000 -6.166933
v 6.286038 25.447866 -7.204587
v -0.552612 24.959795 -9.208983
v 7.470566 27.499557 -7.665067
v -6.052893 24.765070 -6.869686
v 7.640629 27.429235 -7.128646
v 1.881221 27.750000 -8.993974
v -0.284536 22.186506 -7.710004
v 9.398414 3.382883 11.479562
v -9.496243 0.000001 8.736337
v 6.481987 23.074770 -5.718973
v 6.171571 22.574472 -5.594347
v 7.229931 5.421199 8.698564
v -8.358634 32.622566 -7.923262
v 11.556786 28.750000 -1.232558
v -8.423603 38.113117 -9.161126
v 11.327379 28.750000 1.601249
v 7.625152 30.891743 -8.541713
v 0.974040 19.250000 -6.844194
v 11.071811 28.750000 -1.963566
v 10.383042 0.709091 10.185143
v -11.592139 28.200647 -2.766372
v 9.780503 23.084780 -0.068821
v -0.074581 28.750000 -8.722836
v 7.360676 29.139801 -6.980382
v 7.539084 27.090952 -6.901087
v 7.504960 26.593054 -7.112299
v 0.075486 37.471684 -12.925223
v 2.564016 28.749645 -10.975093
v 6.852405 25.237097 -6.179629
v -9.598168 28.221163 -2.299469
v -3.023985 26.211819 -8.660611
v 9.569327 23.309395 -1.135800
v 9.260137 0.826251 -6.916086
v 7.209081 19.640978 -3.233241
v -0.433148 42.335598 -13.017773
v 10.078484 3.848584 10.499432
v 4.197984 37.869530 -11.256049
v 4.037650 37.860992 -11.663527
v -3.627420 28.750000 -8.179896
v 10.804019 27.750000 1.946659
v 7.902213 30.043108 -8.185764
v 11.856254 -0.000001 -9.660096
v 7.897599 30.787563 -7.407389
v 7.197867 29.750305 -8.256706
v 3.509208 16.000000 -2.944102
v -7.838861 18.938660 4.184217
v 8.288809 4.965581 8.416965
v -4.003430 41.542759 -12.293620
v -4.097562 34.657730 -11.388991
v 7.424652 16.958410 5.592600
v 9.568214 19.249918 -1.184690
v 7.163147 5.472181 -7.538969
v 8.579837 18.113594 -0.389587
v 4.105132 36.358143 -10.836080
v 7.245248 26.463030 -6.536630
v 10.204551 23.148092 -1.174665
v 10.311092 0.250001 8.777896
v 7.128735 6.305631 10.556713
v 7.694058 29.296928 -8.100158
v -3.678746 25.950499 -8.052101
v 0.286463 27.116827 -9.035543
v 7.358626 19.841488 -2.958514
v -0.962660 18.726103 -7.724982
v -10.029004 21.426802 -0.388595
v 9.156354 -0.000001 -7.795649
v 7.383724 29.648262 -8.278742
v 11.436457 27.750000 1.666331
v 8.908668 25.542051 -4.682103
v 9.019050 26.168919 -4.760958
v 4.652830 19.236006 -7.060029
v 7.415693 26.348131 -6.742462
v -4.569967 32.267605 -10.667138
v 7.967431 36.339954 -9.329853
v -8.776211 -0.000001 -6.763227
v -9.055434 3.823205 8.856737
v 7.724828 20.665094 -2.908651
v 3.535201 17.979826 -6.978713
v 8.422737 21.979988 -4.199390
v -7.108955 25.895870 -7.401070
v -7.403766 32.684772 -8.015735
v -9.785456 20.941229 -0.139298
v 1.170315 28.750000 -9.761253
v -0.592249 28.750000 -10.858853
v 5.556262 15.399355 -2.570381
v 5.956948 6.000000 0.929952
v 6.304392 6.000000 -0.020049
v 8.006106 2.338260 -7.209788
v -8.888966 19.250000 -1.640533
v 8.124958 20.141083 -2.779876
v 8.157472 17.691229 -0.508691
v 7.597163 32.707153 -8.832994
v -6.721728 24.752949 -6.063294
v 8.251774 22.254288 -3.066734
v 8.755351 21.256855 -3.621060
v -0.342026 21.206924 -8.463004
v 9.508561 21.270550 -1.124892
v -3.999233 36.210766 -11.572917
v 7.931827 20.610760 -2.818107
v 9.119501 24.609438 -4.557225
v 4.123272 33.616230 -10.005271
v -4.976617 18.740246 -6.909631
v -7.392531 4.032204 10.181929
v -7.612301 30.970179 -8.558417
v 8.640772 37.111328 -9.858348
v 8.441945 36.644695 -9.745595
v 8.897464 21.285284 -0.236822
v -9.243538 20.965605 -1.106916
v 8.184586 36.878178 -8.787049
v 8.179275 17.713032 0.111856
v 0.548396 29.145927 -10.332356
v -3.288386 41.166389 -13.304194
v -2.972010 28.750000 -9.750355
v 3.694721 21.980988 -8.041787
v -6.887674 13.756031 6.843203
v -6.083855 9.306815 -5.087225
v 0.545180 21.054743 -8.174507
v 8.437097 4.691699 -5.574420
v -0.043266 22.331497 -7.679898
v 1.245841 19.250000 -7.530326
v 0.371425 24.288067 -9.268294
v 7.925985 21.943754 -3.157056
v 8.764415 36.765469 -9.768303
v 7.330517 28.750000 -6.433872
v 8.961797 4.595004 8.631694
v -8.400247 35.532711 -8.330655
v 3.356761 30.043484 -9.714003
v 7.703088 4.046641 -6.178511
v 7.705103 18.668180 -4.614285
v 9.861561 27.354622 -4.889735
v -8.788072 20.068863 0.053779
v 10.290794 0.000001 9.891797
v 10.726483 24.747297 -0.327337
v 8.642823 20.426266 -0.714377
v 7.158933 5.049034 9.096526
v 8.843880 37.908623 -9.698299
v 2.834144 23.716671 -7.895389
v 4.557226 34.655544 -11.413221
v 5.921291 11.300531 8.849113
v -9.057605 24.747408 -3.422465
v -8.030187 9.706405 7.631152
v -6.120196 25.177765 -6.519553
v 9.237571 2.596119 -6.302625
v -3.703400 20.505144 -7.392923
v 0.548894 24.367662 -9.058380
v 9.256808 21.949966 -1.077891
v 0.476047 28.750000 -8.684134
v 9.282400 19.549906 -0.932344
v 9.448382 20.286085 -0.994963
v -12.243934 26.564489 7.465309
v -0.266357 35.346165 -11.226946
v -4.015442 23.895115 -8.155116
v -8.762409 19.670874 0.113839
v 10.033749 -0.000001 -10.553292
v 1.649747 19.250000 -6.723334
v 10.023278 3.120971 11.121135
v 9.859073 5.030444 9.865028
v -7.987225 10.107404 -6.525274
v -3.193247 23.653736 -7.498065
v -9.802559 3.179388 -6.460569
v 10.962522 23.816666 2.767185
v 0.597723 23.070995 -8.468385
v -10.041897 0.000001 11.763124
v -5.215227 37.624050 -11.623672
v 9.461452 3.961267 11.272593
v -6.454263 16.250000 4.171947
v -0.381590 39.870041 -12.513119
v -6.126852 11.313019 -6.137773
v 0.382566 24.546471 -8.408742
v 9.354151 19.250000 0.779730
v 7.844871 0.000001 12.572199
v 8.087607 32.387329 -8.816438
v 10.030406 3.415134 -8.017529
v 9.047207 -0.000001 -8.876060
v 9.287352 26.279381 -3.637796
v 8.816233 20.062599 2.398417
v 8.746531 19.998890 2.629781
v -8.143680 18.345856 -4.085467
v -12.875572 28.241165 7.271388
v 7.390780 32.681381 -8.610703
v -7.956245 29.680845 -7.951023
v -8.992999 18.526758 3.528893
v 8.277976 1.977471 9.925298
v 10.015853 23.236479 -1.253411
v -9.228129 0.000001 9.962322
v 7.806101 4.450370 8.794987
v 8.771579 1.743116 -8.741982
v -10.622885 27.753357 0.024243
v 9.068941 6.220917 8.407713
v -1.665264 18.734983 -7.733862
v 2.963402 23.550135 -7.614463
v -6.659371 10.693706 -6.666160
v 6.425169 18.298321 5.767736
v 10.250912 26.737398 -1.039994
v 7.875706 35.091572 -9.242638
v -8.078136 36.264877 -9.499991
v 9.249831 4.645065 8.762804
v 10.238298 1.288396 9.993046
v 10.227162 26.477221 -0.615804
v -9.210685 5.657685 -5.655350
v 8.511594 27.750000 -5.924794
v 9.118328 6.204266 -5.514581
v -8.305086 10.011206 -5.108768
v 11.235577 -0.000001 -9.905147
v 2.971792 20.030390 -7.732886
v -7.770990 10.213751 -6.665087
v -2.587317 16.250000 -1.844668
v 7.005807 5.319968 -7.179910
v 9.291300 3.217537 9.082012
v 5.715277 10.173140 -5.449273
v 8.526788 35.411049 -8.327944
v 8.167421 34.994884 -8.226582
v -12.321405 28.750000 7.914222
v 8.822495 34.874554 -9.031074
v 8.908194 35.086250 -8.811302
v -8.133397 27.750000 -6.312010
v 8.970739 38.075512 -9.126778
v -8.636835 1.108615 11.496716
v 9.080072 19.981489 2.095708
v 9.280777 2.068939 11.808183
v 9.085853 1.608670 11.835883
v -4.547565 19.250000 -5.787379
v 10.249985 2.744026 10.945814
v 8.903228 21.930729 -3.740783
v -9.890831 23.406208 -1.267192
v 10.023330 22.639000 2.094017
v 8.971551 21.866537 -0.530756
v -6.393381 23.118456 -5.709338
v -0.189781 36.421162 -12.618279
v -9.128652 21.365995 -1.057377
v 9.413102 0.768094 9.852397
v 8.117376 18.461315 -4.128282
v 4.190707 33.093884 -11.048780
v 1.588840 28.750000 -8.628431
v -9.218960 -0.000001 -7.559262
v -8.855191 21.006945 -0.178142
v 0.502562 19.600323 -7.866274
v 8.874411 24.445053 -3.368986
v 9.531460 24.668802 -3.919830
v 9.816092 25.952253 -4.093719
v 9.664990 1.819519 11.834980
v 2.489417 20.068186 -7.140247
v 0.081563 35.958141 -12.518379
v -8.887938 -0.000001 -8.580126
v -6.241820 9.631501 -6.499404
v -9.479741 19.013498 1.501511
v 8.782516 23.147291 -3.215677
v 9.729464 25.583241 -4.255814
v -10.450180 21.907270 2.606610
v -7.326345 18.690374 -5.038041
v -10.090117 22.095774 2.112496
v 9.089745 27.020868 -3.880533
v 7.103796 28.750000 -8.478371
v 4.112874 34.922089 -11.452842
v 1.794705 28.750000 -10.224747
v -8.236511 19.250000 0.774354
v 3.173033 26.047556 -8.258554
v 4.779238 28.750000 -9.813158
v 10.117439 27.536877 -4.683689
v 8.959012 36.591644 -9.595265
v 9.716241 19.250000 0.522362
v -9.852014 2.251103 11.639079
v 0.408252 36.660080 -11.677854
v -9.044779 35.530697 -8.156784
v 9.812792 22.075287 -0.026431
v 10.198074 23.627903 -0.119873
v -10.231092 23.607386 -0.133376
v 9.302998 27.224955 -3.813040
v -8.039755 10.197806 9.387125
v 9.612857 19.753296 -0.459264
v 9.647676 20.043787 -0.244765
v -7.273433 -0.000001 -8.650657
v 10.863811 26.518181 3.338720
v 10.628180 23.724010 -0.845015
v 12.404212 28.186398 2.561361
v 5.363853 15.379710 5.517161
v 10.228739 22.131350 -0.633922
v -8.884990 21.860306 -3.743297
v 9.094306 6.724116 8.400036
v 9.472569 20.460999 3.240362
v -6.090903 10.638882 -6.359716
v 8.485128 28.488285 -7.746397
v -8.264158 23.420744 -4.268021
v 10.113926 1.481982 11.753037
v -3.248960 24.397882 -8.808364
v 9.564548 1.051959 12.012203
v 5.141507 38.773819 -11.471011
v -4.701491 16.250000 -2.030297
v -12.045674 28.750000 -0.988099
v 9.931177 24.436468 2.724618
v -4.424490 37.918346 -12.232183
v 9.772865 19.814579 2.986782
v 9.734178 23.630074 2.858688
v 5.212294 37.825626 -11.780786
v 4.905101 36.743881 -11.847421
v 3.595001 18.556490 -7.555372
v 8.696104 35.158524 -8.382274
v 8.322143 31.760899 -8.346377
v -0.503487 21.473688 -8.368849
v 4.087293 37.898552 -11.439844
v -10.832213 23.364332 2.613099
v -10.749107 -0.000001 -7.517930
v -9.684660 23.411114 2.883783
v 10.289244 21.328192 2.770173
v 10.073384 24.755228 2.995934
v 5.378580 28.750000 -8.701573
v -8.453033 32.330391 -8.265174
v 10.285846 0.704442 -8.991502
v 9.316568 22.300013 -0.131657
v 8.989878 36.015587 -7.922492
v 6.008244 28.750000 -7.774927
v -10.723888 28.192011 6.956065
v 10.445312 2.064108 10.429299
v 10.338259 1.096089 -7.176989
v 9.065532 1.017788 9.841743
v 10.447623 22.448259 2.294497
v -8.917970 37.783016 -9.632633
v 9.665864 23.689545 -1.158525
v 5.492762 40.749077 -12.548843
v -8.035953 32.765575 -8.927321
v -2.503807 19.250000 -7.655161
v -9.554573 5.488539 -6.090020
v 10.094496 0.970880 -6.995924
v -8.358680 17.892439 6.591070
v 8.709143 23.446295 -4.417657
v 12.436736 28.750000 8.313835
v 5.789135 10.316975 8.862706
v -6.311022 10.623103 -6.537862
v 9.623725 20.068480 5.027275
v 11.241538 26.011402 -0.803494
v 3.201664 23.652386 -7.493824
v 8.449159 38.097569 -9.146924
v 11.427646 27.032347 -1.210383
v 11.590921 27.454121 -1.110967
v 11.486115 27.489103 -1.319678
v -0.374141 32.791065 -10.613444
v 6.966241 16.500000 2.767495
v 8.953360 19.250000 0.569363
v -8.517628 32.730572 -8.388576
v 10.666463 25.017824 2.150763
v -8.767352 20.103271 -0.950728
v 10.554253 26.524315 -0.326019
v 4.734061 36.870506 -11.979888
v 10.880527 24.625931 -0.712524
v -0.568608 20.883867 -7.703340
v -7.791884 22.230165 -3.650624
v -7.093494 14.948454 7.156184
v 6.320678 23.486687 -5.787535
v 11.580919 0.000001 10.610272
v 9.698438 0.000001 12.774005
v 11.036957 27.137819 3.355167
v -8.833352 28.750000 -5.125559
v 0.523454 36.441879 -12.344271
v -9.727441 35.216774 -7.865701
v 11.196719 26.832539 3.388195
v 9.445636 25.044504 -3.634031
v 9.263988 19.928095 6.551007
v 12.048831 28.750000 -1.033849
v 11.850923 27.205582 2.657308
v -4.112737 27.756395 -8.348895
v -9.000289 21.411875 -0.150674
v 10.286083 25.675619 2.601864
v 11.186538 27.065895 2.198152
v 7.617292 18.790947 6.411348
v -4.092455 32.577065 -9.730319
v 10.785231 27.023903 3.200933
v 4.100000 25.587475 -8.282421
v -3.610260 23.305754 -7.426989
v -8.400734 3.388577 9.023252
v 8.268321 0.250001 12.885433
v -8.481794 0.851042 10.922628
v 9.727996 0.000001 10.358377
v -8.794913 6.500000 4.858817
v -8.794913 5.500000 3.729577
v 0.323254 36.297104 -12.521982
v -9.966098 28.750000 -5.287141
v -4.458662 29.126648 -9.566376
v 8.725454 34.478687 -9.009591
v -6.903758 28.084734 -6.241317
v -6.986439 24.817257 -6.189908
v -4.197041 6.000000 0.929952
v -4.518641 6.000000 -0.020049
v -3.470202 6.000000 -0.020049
v -2.724526 6.000000 0.929952
v -2.383585 6.000000 -0.020049
v 7.773694 28.365900 -8.173397
v 9.421976 22.017548 2.303274
v -3.918104 35.176510 -10.630774
v -4.704620 34.134972 -11.166015
v -4.115728 35.756577 -10.631720
v -3.430827 24.223398 -8.803067
v 11.197309 0.000001 9.183863
v -4.009617 35.550468 -11.495642
v -0.009101 6.000000 0.911210
v -0.947271 6.000000 -0.020049
v -12.072036 28.096823 -0.178930
v 7.921703 0.000001 9.723959
v -11.418043 28.750000 2.937680
v -0.216700 34.457405 -12.072670
v 8.481529 0.973961 10.529504
v 9.762998 3.259424 9.353148
v 11.158225 28.750000 8.054543
v 7.785323 4.785362 -5.700646
v -3.238326 25.196352 -7.930872
v -8.035151 38.585213 -9.592320
v -0.537344 37.076214 -12.491783
v 3.995482 40.441742 -12.642336
v 9.426501 19.250000 0.258550
v -0.561469 35.860229 -12.106518
v -0.598028 37.610813 -12.369163
v 0.566971 39.137051 -12.960168
v 1.743522 6.000000 0.929952
v 1.236689 6.000000 -0.020049
v 3.077540 6.000000 0.929952
v 3.542319 6.000000 -0.020049
v 0.314753 23.040758 -8.973646
v 10.335249 23.756643 2.121103
v 10.652182 -0.000001 -9.815231
v 0.593474 34.870728 -11.571417
v 10.388876 0.000001 10.716963
v -7.885096 29.861959 -7.321505
v 4.470493 6.000000 0.929952
v 3.790446 34.677860 -11.038648
v 8.780660 35.559238 -8.478827
v -8.002106 27.750000 -5.657711
v -7.922773 33.371525 -9.055736
v 3.786601 34.023575 -10.988440
v -7.043617 9.390250 9.819885
v 4.488277 35.270676 -10.411646
v -10.464494 23.510855 2.144220
v -4.929332 34.951435 -11.170629
v -8.493644 19.995249 -0.336755
v -8.471067 18.004824 -2.694311
v 4.685396 34.966251 -10.409654
v 4.971522 36.489193 -10.924538
v 10.888001 24.740404 -0.928251
v -10.353649 0.895801 10.136992
v -4.479371 29.525112 -9.722550
v 7.844914 5.500000 3.172516
v 8.794913 6.500000 4.413816
v -7.231780 29.945679 -7.192751
v 6.448548 24.284248 -5.957044
v 7.757948 27.756351 -5.895546
v 6.646602 25.594254 -6.238354
v 7.122104 24.587458 -6.364477
v -4.381509 30.178310 -10.142415
v 9.744925 23.794926 -0.197275
v 3.036776 26.259096 -8.833200
v -10.043817 28.750000 -1.368696
v -7.037572 30.977896 -7.951641
v -0.416864 36.438614 -12.482549
v -0.371220 27.129234 -9.090121
v 6.194885 8.896838 -5.808362
v 4.905546 35.854630 -10.752208
v -7.937903 4.852602 8.540977
v -11.716909 27.301802 2.380625
v -11.872704 27.350494 2.605835
v 8.427840 32.332333 -8.460052
v 2.271859 28.159410 -10.462706
v -4.988608 14.679717 -5.366625
v -11.428931 27.020304 2.235948
v 11.053379 26.474716 3.378062
v 4.085614 19.222933 -7.347281
v -8.644777 19.751661 -0.904774
v -4.201672 37.859844 -12.071537
v -1.376883 27.750149 -9.068358
v -4.335565 31.998308 -10.736780
v -11.778633 26.944380 2.642518
v -6.808410 15.801929 6.244032
v -2.950139 27.767160 -8.732037
v 9.431551 1.567059 11.910186
v 8.726947 18.260706 3.255410
v 7.301466 30.345701 -8.385079
v 0.547038 21.415075 -8.267130
v -10.482469 0.910048 -8.727258
v 4.808545 38.153912 -12.316201
v 8.059195 19.250000 -1.341754
v 3.553506 27.967995 -9.947505
v -10.602962 1.096216 11.339068
v -6.500762 22.174383 -5.601357
v -10.294535 1.556408 -8.643115
v 6.316338 8.743208 8.454561
v -9.331986 25.033669 -3.545026
v 9.304287 21.598543 2.301483
v 11.905761 27.773287 1.614263
v 11.695348 27.750000 -0.150800
v -10.506710 27.750000 -2.767607
v 10.014585 1.013109 9.884470
v -10.345819 26.033073 -1.364089
v -8.027413 32.307896 -8.815449
v -9.774576 20.458080 2.128825
v -6.669785 24.532534 -7.194142
v -7.636057 27.383221 -7.174596
v -7.628201 34.221874 -8.391553
v 11.066078 25.375330 -0.701886
v -10.262474 2.261619 9.998360
v -1.373108 18.971338 -5.946064
v -7.911490 27.750000 -6.774628
v 10.223559 0.250001 13.613683
v -11.058253 28.750000 1.070903
v -9.941523 4.407537 9.723212
v 7.478968 18.706879 4.863183
v 9.841531 4.697994 -6.575784
v -9.777057 2.676242 -8.603575
v -9.744509 1.926376 -8.848797
v -12.151662 0.249999 -8.721263
v 10.831390 24.846521 -1.108335
v -3.131212 25.867777 -9.005035
v 9.118323 5.424117 8.552554
v -9.821079 23.933174 2.885486
v 0.206366 20.422466 -7.204842
v 7.467571 20.778866 -3.451334
v -8.177343 0.250001 9.510204
v 10.161149 1.724802 -6.939044
v 11.235410 27.975285 -3.000218
v 9.065309 28.250000 -6.872059
v -4.956642 34.676373 -10.878427
v -8.959608 35.793526 -9.248183
v -9.042715 35.958603 -8.913847
v 7.488472 31.375422 -8.608638
v -12.117889 -0.000001 -7.326102
v -6.157207 24.065220 -6.009217
v 10.663004 1.106295 11.118409
v 3.755651 18.897564 -7.509588
v -7.034931 25.858196 -6.336612
v 10.150144 22.717569 -1.103618
v -11.349646 28.750000 2.431699
v -8.099088 2.093072 -7.918376
v -10.060728 27.042048 -4.254471
v 9.212931 20.856571 0.077339
v 9.362033 21.659521 0.034869
v -3.297982 26.897415 -8.421968
v -4.204040 26.913889 -8.592507
v -7.797497 32.471245 -8.873300
v -9.404404 21.148361 3.199888
v -9.238622 21.683655 2.882783
v 8.728646 4.862975 -5.558699
v 8.794913 5.500000 -4.657077
v -0.125810 26.363880 -8.769498
v -9.323887 21.043133 2.138345
v -9.438716 22.554842 2.608009
v -8.570763 35.318104 -8.324785
v -1.049345 28.750000 -9.912868
v 8.826582 6.231595 -7.902214
v -8.232255 31.002052 -8.049201
v -8.387105 31.934113 -8.117536
v -9.780741 1.477236 11.900154
v 0.530039 25.672832 -9.444371
v 0.084635 37.528339 -11.757090
v -9.501455 22.004019 -1.173117
v 7.349452 31.430742 -7.579661
v -8.063228 19.250000 -2.207904
v -3.703320 22.131498 -8.084051
v 0.474953 38.992996 -13.104907
v 8.612381 18.146141 4.770646
v -8.919854 0.838431 10.012126
v -9.495026 21.635853 0.038691
v 2.787737 21.971201 -7.255455
v 11.958208 28.150051 -1.456231
v -9.339026 19.635260 -0.910515
v 5.136364 14.928585 -5.497554
v -7.965104 27.763399 -7.248104
v -4.302081 34.518017 -11.409414
v 2.797504 23.550331 -8.124515
v 4.339390 15.314418 6.114089
v 8.897021 21.548294 -0.439957
v -9.224104 23.316645 -3.703408
v -9.876697 26.216810 -4.324664
v 3.066334 23.356710 -8.499706
v -5.347312 15.531039 5.476367
v -8.810015 21.210619 -0.411778
v 0.589404 33.687908 -11.226354
v -3.832057 16.493971 -5.498882
v 9.983980 19.998102 5.785469
v -0.673758 42.044056 -14.105819
v 8.993890 19.250000 7.493317
v 10.771151 25.240707 -1.292882
v -8.833232 20.274979 2.534922
v 8.016130 29.686041 -7.714362
v -9.213202 18.746960 0.364015
v -8.979839 36.593746 -9.574934
v -0.596830 25.283127 -9.098701
v -0.442850 32.414635 -11.379349
v -7.062667 25.366119 -7.261612
v 6.767539 28.750000 -6.506054
v -6.792395 28.750000 -6.518413
v 4.082768 41.602158 -13.019753
v -9.343509 28.203510 -2.899908
v -0.023523 28.750000 -9.077093
v 8.050369 34.755039 -9.323610
v -7.862856 34.984840 -9.224605
v -6.966241 16.250000 -3.344458
v 8.225375 -0.000001 -10.034225
v 10.449658 28.750000 2.008533
v -8.878162 20.484093 0.012758
v -0.209071 28.750000 -10.877500
v -6.306023 25.753592 -7.237669
v -0.548480 37.776314 -12.653181
v 9.771832 21.308426 2.070511
v -9.329580 3.098872 -8.642339
v -6.966241 16.250000 5.691363
v -4.394576 36.596500 -10.756802
v -1.801879 19.250000 -7.636497
v 3.173933 27.187811 -8.689814
v -8.719347 1.191769 -8.678168
v 10.098795 28.215237 -0.754867
v -3.818935 23.488459 -7.610127
v -7.721778 35.136753 -8.858120
v 10.106290 24.955667 2.552365
v 7.613106 4.924298 10.886284
v -9.918590 3.999912 10.794509
v -0.531531 29.162670 -9.834472
v -7.681807 4.885971 -5.705657
v -5.922238 13.798759 6.258077
v -8.186716 1.734080 10.756702
v -2.901981 24.453613 -8.070118
v -6.279455 16.250000 0.569372
v -9.015542 6.803886 10.500340
v 9.296745 6.590537 -5.722837
v -1.672693 28.750000 -8.825672
v -6.194312 28.750000 -8.936397
v 9.083694 0.250000 -5.844304
v -7.064333 4.963080 9.913662
v -7.229998 5.288972 10.522783
v 0.596855 24.176573 -8.743176
v 8.471574 19.250000 -1.327467
v -8.152933 6.341921 -8.022492
v 10.336508 22.041077 2.281428
v 7.874710 0.249999 -9.722799
v -9.379206 -0.000001 -8.605325
v -0.094571 19.862593 -8.201900
v 8.551176 33.422665 -8.785385
v -6.992106 16.525866 -2.368251
v -3.044702 24.623367 -7.901073
v -4.445041 33.580574 -11.147706
v 10.087533 20.977343 3.009884
v -7.049137 14.095552 7.722336
v -9.335249 2.201833 11.785960
v -8.928060 2.430022 11.700424
v -10.114222 0.780964 -7.044526
v -0.571086 32.702965 -11.225981
v -10.300431 -0.000001 -8.780408
v 9.595922 19.999859 6.471684
v -8.333462 3.308859 11.380094
v -6.092666 14.273585 6.037869
v 8.709821 0.710808 10.312649
v 3.697661 21.274332 -7.153567
v -11.301590 -0.000001 -10.236529
v -0.454792 19.250000 -8.206198
v -8.558553 3.727350 11.440892
v -4.285917 32.631969 -9.746009
v -0.051867 34.645958 -12.170151
v -10.919775 25.051680 2.197947
v -8.865213 21.406118 -0.689029
v -3.644525 29.440645 -10.068525
v -7.403767 33.192814 -8.361575
v 9.352577 18.886335 1.031091
v -4.940593 17.916044 -6.914930
v 11.444124 25.909779 3.065792
v 2.347542 16.250000 -2.427026
v 2.855388 23.387627 -8.287226
v 10.597099 25.247757 -1.375590
v 11.443426 27.750000 -1.807480
v -7.257018 19.810654 -3.392159
v 5.426254 40.606354 -12.773944
v -8.647372 20.577614 -0.617764
v 9.784848 19.615402 5.548904
v -9.205876 23.270140 -3.931680
v -8.410626 20.778513 -2.947812
v -8.310861 20.206726 -2.889990
v -8.325389 21.172678 -2.916765
v 3.475341 16.250000 5.361743
v -8.061242 20.049803 -2.750784
v 5.874165 39.711262 -11.975141
v 10.193938 35.354939 -7.996250
v -7.997377 20.603020 -2.811686
v 8.305873 19.250000 2.549377
v 8.305873 19.250000 4.313526
v -7.442573 20.409691 -3.643247
v -10.287695 0.000001 10.512167
v 8.793487 20.989864 -0.760738
v -6.739391 23.469637 -5.890160
v 4.206560 15.191565 6.447463
v 3.964434 25.209293 -8.872370
v 9.613353 26.572727 -4.820635
v 9.100714 25.076336 -3.466530
v -6.973981 14.725459 6.678616
v 4.302900 29.349991 -9.067573
v -7.435893 32.687397 -8.681064
v -7.853221 29.281500 -7.931845
v -0.591772 32.856586 -11.023558
v 9.275671 24.372944 -4.398638
v -2.913126 20.041025 -7.716901
v 12.044924 28.142244 -1.001410
v 0.258983 21.161980 -7.424308
v -8.129612 30.552147 -7.686763
v 4.639999 39.428669 -11.474810
v -6.399714 18.294931 5.205003
v -7.780217 29.313951 -7.191827
v 8.871256 19.250000 4.295710
v -3.471715 28.170694 -10.162456
v 9.841671 20.078854 2.271131
v -6.005944 6.500000 0.916881
v -11.255496 27.750000 0.296178
v -7.320910 5.188635 -5.818857
v 10.335419 2.730376 -7.602146
v -7.302340 4.631467 -6.287058
v -8.265791 19.223280 2.154549
v 5.274087 38.314007 -11.825311
v -5.064652 37.558376 -11.968884
v -10.083090 0.994930 9.919892
v -6.983008 16.516768 4.251068
v -0.046216 25.077192 -8.415903
v -8.775983 0.000001 12.326364
v 12.157393 28.750000 3.146959
v -0.580247 26.214470 -9.438656
v 5.945382 28.198286 -6.832495
v -12.900863 28.220570 7.791358
v 2.672562 22.166487 -7.749173
v -7.695903 6.587768 10.850494
v 7.013932 28.266104 -5.890206
v 6.773568 26.996067 -6.559885
v -0.597917 36.010777 -11.907978
v 5.517301 14.838990 -5.596305
v -7.284058 31.309910 -7.595042
v -7.745890 3.581669 -7.904484
v -3.074175 26.791002 -8.807307
v 11.314050 0.250001 9.245850
v -2.752817 22.339603 -8.001495
v -7.242903 30.807657 -7.450764
v -7.124617 30.215899 -7.343400
v -4.385991 35.473030 -11.651804
v -0.144292 21.904192 -7.578884
v -6.469758 21.295771 -6.329063
v 0.419157 22.439331 -7.877678
v -5.171862 37.596191 -11.806700
v 3.757247 19.250000 -6.196305
v -8.971606 21.829813 -0.691946
v -6.998727 30.281551 -7.526303
v -8.082580 33.796795 -7.962901
v 8.699133 0.722325 -7.383722
v 10.624006 -0.000000 -5.944305
v 10.772404 27.780161 2.284554
v -5.665044 18.250000 7.057364
v -9.318724 21.237877 -1.125135
v -6.198912 25.782879 -7.014795
v 10.627130 24.390823 -0.299317
v -6.395095 19.861620 -5.632409
v -6.418787 20.284859 -5.466362
v 9.396339 0.250001 13.576691
v 10.522692 23.548973 -0.389164
v 7.500670 26.742363 -6.879367
v 3.843972 29.282478 -8.889115
v -10.492770 1.789852 -7.514559
v 3.840295 28.061766 -9.950101
v 8.494012 0.818362 10.890217
v -9.870908 22.117319 -0.047549
v -4.000326 37.287369 -11.632917
v -7.449463 26.560215 -6.786119
v -6.944826 26.762014 -7.668912
v -6.956979 16.250000 0.158655
v -6.245005 15.757680 5.657727
v 11.699980 27.968853 -1.674077
v 5.070107 15.108557 8.431109
v -6.951546 16.250000 -1.495622
v 10.092776 23.614845 2.160320
v 0.323080 37.688324 -12.893011
v -0.618144 19.250000 -6.692795
v -5.050814 39.620880 -11.568069
v -6.001986 20.236404 -5.117337
v -7.523870 32.330433 -8.746798
v 9.072564 19.250000 6.678348
v 10.908606 28.072760 7.790287
v -5.863661 20.124706 -6.267090
v -10.442639 22.358219 3.059193
v -5.560280 19.910685 -6.170475
v -5.758065 20.644278 -6.352443
v 3.118860 18.336115 -7.335001
v -3.232436 28.750000 -8.697515
v 8.961982 19.845627 0.144633
v 2.745927 28.750000 -8.486683
v -8.335405 24.591612 -3.865139
v -5.433910 20.246031 -6.110158
v -5.385748 20.722757 -6.019001
v -0.515139 32.949730 -10.815185
v 7.503282 20.700903 -3.672893
v -5.305882 39.721848 -12.438280
v -8.441507 19.582664 -0.151048
v -11.408630 25.834167 3.086271
v 0.411031 25.785873 -8.769003
v -6.794629 6.007543 10.001220
v -4.954471 40.383041 -12.891035
v -1.266848 28.108261 -8.726088
v 8.579746 20.080738 -0.165023
v -8.400970 32.924309 -7.979262
v 0.331904 26.793489 -8.975274
v -5.142577 39.137642 -12.433364
v 9.260163 19.752789 2.025915
v -9.017741 37.000378 -9.499134
v -6.862236 23.485523 -6.760093
v -10.789042 28.181313 7.653434
v 8.693672 0.770398 -8.570407
v -2.878767 22.109669 -8.129406
v 4.835211 18.662277 -6.987559
v -4.328230 38.798512 -11.443912
v 0.409729 16.000000 -3.183030
v -7.871554 18.960455 3.434512
v -4.460984 39.934475 -11.704941
v -9.316246 18.867657 7.199155
v -11.349458 28.750000 -2.645977
v -9.737358 23.741508 -1.205482
v -5.212163 19.683193 -5.791994
v -0.003367 33.659172 -11.910328
v 4.771305 32.591763 -10.391679
v -3.555003 30.710205 -10.229744
v -7.850588 33.995491 -9.128906
v 6.128477 27.979002 -8.831234
v -4.003196 30.679884 -9.244086
v 5.171077 14.188430 -3.231069
v 8.119727 28.428036 -7.968971
v -10.313291 28.230858 -5.236809
v -4.118813 31.430857 -9.437115
v 2.760818 21.048206 -7.837183
v -7.303044 28.184196 -5.743813
v 11.713264 27.763067 -0.447166
v 3.713042 25.247122 -9.037550
v -8.964803 20.039631 -1.042330
v 10.924306 28.167994 -4.119082
v -0.525660 23.311193 -8.822292
v 8.762183 0.250001 13.296430
v -3.841477 27.107084 -8.356533
v -4.011366 26.713718 -8.350342
v 9.556018 24.096169 -0.633517
v 8.338331 23.362711 -3.295782
v -5.179867 14.091537 6.238882
v -10.293622 2.869077 -7.727354
v -1.551468 27.750000 -9.490360
v -8.756455 19.681662 4.750788
v -3.491825 19.657549 -7.451791
v -9.881863 23.962940 2.430868
v -10.404580 28.136734 2.154245
v 11.526810 -0.000001 -8.465311
v -8.589992 19.958740 -0.100418
v -4.155593 25.466854 -8.517549
v -3.747044 20.874445 -7.442972
v 4.641231 15.339460 5.796237
v 3.852787 22.312185 -7.891872
v -9.771531 19.844820 2.256816
v 0.516208 23.255396 -8.221886
v -4.055401 25.173452 -8.158427
v -8.734743 37.868469 -9.976507
v 4.543802 35.846111 -10.558012
v 4.321452 39.108936 -11.554470
v 2.630022 21.222849 -7.228075
v -2.474190 20.124371 -7.131147
v -4.599789 30.762062 -9.999303
v -9.641172 22.011791 3.223382
v -0.784610 16.250000 -1.897848
v -0.515953 29.574469 -9.911011
v 10.212864 26.636196 -0.827400
v -10.429671 23.092047 -0.899531
v -0.442465 20.799974 -7.463077
v 5.752995 19.915808 -6.223602
v 3.408275 23.484293 -7.421329
v 10.826621 0.250001 8.997390
v 8.842193 0.911685 10.030407
v 9.724954 20.176844 -0.445329
v -0.534551 27.259983 -9.331180
v -0.363337 26.249411 -9.801479
v -0.402175 26.675327 -9.880734
v -0.371446 38.523605 -12.144574
v -0.591435 33.801273 -11.271909
v -0.391949 25.518917 -9.582526
v 5.217669 38.131203 -11.511503
v -2.952978 25.177197 -8.597648
v 2.705751 22.208998 -7.506862
v -8.736076 0.741298 10.252833
v 9.789271 20.022356 5.205303
v -1.734087 27.750299 -9.017122
v -8.104481 20.439196 -3.971004
v -10.856421 0.000001 11.111713
v -9.543600 25.234701 -3.722750
v -9.198980 23.961193 -3.484165
v -10.752398 27.750000 1.640580
v -4.296553 38.244663 -11.290075
v -8.389328 19.609407 -0.347446
v -3.631480 21.602659 -7.972511
v 0.100824 25.985632 -9.844830
v 10.510168 27.151562 -0.499730
v -11.821073 0.250001 9.781368
v 0.019472 27.232733 -10.187716
v -0.115507 24.520460 -9.449449
v 8.104984 23.566853 -3.719520
v -4.851552 14.439066 -5.178205
v -4.434653 16.250000 5.354531
v -12.198380 0.249999 -7.872607
v -12.414440 28.187370 2.666017
v 6.464287 25.232761 -7.307056
v -9.036182 0.250001 12.573280
v 10.808453 0.250000 -6.022232
v -7.725842 32.427273 -7.693191
v 9.896830 24.127186 2.958301
v 9.495195 19.866961 -0.839422
v -10.350954 28.240000 2.794318
v -0.088453 27.576298 -10.273472
v 10.574796 26.224720 -1.442227
v 7.003993 5.119951 -6.890689
v 4.411262 31.381767 -10.513712
v 7.437767 28.750000 -8.400083
v 6.999308 29.711840 -8.113064
v 0.158745 29.372959 -10.740603
v -10.723269 0.250001 8.904791
v 0.547802 29.571562 -10.448259
v 3.469715 21.673529 -8.103905
v 0.569207 27.112291 -9.380916
v 7.636545 34.615795 -8.774031
v -8.312156 21.884138 -4.192352
v -3.779079 21.264645 -7.559158
v 0.411683 21.508579 -8.490604
v 0.208290 21.747044 -8.678082
v -9.320092 37.225121 -9.077532
v 0.019748 21.115696 -7.351750
v 3.767581 27.337929 -8.398821
v -5.236599 37.961800 -11.764342
v -4.423783 15.361537 -3.046988
v 6.311274 17.917793 -6.004212
v -0.596502 38.853527 -12.734913
v 9.380721 18.914480 3.289589
v -10.008329 -0.000001 -7.149992
v -2.980396 22.111168 -7.145263
v 4.661966 32.347336 -10.575994
v -9.565596 21.215252 -1.108583
v -7.583388 19.018940 -0.487087
v 9.715343 27.390604 -4.970835
v 4.785390 35.382267 -10.560647
v 10.017467 -0.000001 -8.792268
v -3.003566 23.347822 -8.456417
v -3.785828 31.365911 -10.540984
v 3.792980 21.685055 -7.747181
v -6.233818 22.189293 -5.512780
v 3.742417 21.666204 -7.276142
v 6.579592 28.750000 -6.905696
v -7.369893 32.902611 -8.501898
v 0.520094 22.806864 -8.697824
v 3.885502 22.875940 -8.084845
v -7.890549 35.055096 -8.394768
v 3.419654 29.452454 -9.881336
v 3.417349 30.053761 -9.936155
v 8.555318 0.791143 11.219595
v 3.414706 30.682985 -9.836755
v -10.052227 28.288513 -0.409792
v 3.482648 31.466394 -10.036881
v -7.781580 21.957726 -3.846825
v 8.145638 28.750000 -7.797174
v 0.579865 31.410833 -10.858182
v 3.104757 26.889652 -9.036014
v 3.158090 19.753944 -6.483057
v 10.324113 28.187462 -5.145761
v -10.829604 24.427862 -0.735568
v 3.945979 36.122570 -11.477136
v 3.462227 25.647768 -7.978442
v 0.300530 28.123230 -10.637453
v 3.741970 26.319132 -8.151104
v 8.110748 23.627699 -3.925970
v 11.043559 0.000001 10.924543
v -11.918258 -0.000001 -8.514367
v 3.994169 24.597422 -8.606560
v 7.432161 27.995029 -5.875516
v 3.866210 24.586376 -7.843034
v 3.624580 29.230366 -8.938711
v -3.607090 29.107901 -8.911139
v 8.683635 20.202463 4.902433
v 3.939749 25.737036 -8.113348
v 8.295294 19.242947 6.578903
v 9.584708 20.232222 -0.072791
v 8.946569 26.684042 -4.691609
v 3.402704 30.019260 -9.442820
v -7.720219 34.818378 -9.014701
v 4.979598 15.391056 5.596973
v -3.833808 28.170797 -8.016423
v -3.468181 26.582260 -8.233506
v 12.945236 28.246414 7.998887
v 3.711101 20.400761 -7.186676
v 4.155746 25.915276 -8.839092
v 3.629926 26.478500 -9.375646
v 3.919421 27.553658 -9.620431
v 7.020688 29.376093 -8.112123
v 3.634640 20.500763 -6.962398
v 3.651128 20.951694 -7.033222
v 8.531730 5.201532 -8.252784
v 8.207268 23.579741 -4.189352
v 4.647278 14.233150 -4.754283
v 4.257042 26.634075 -8.829703
v 4.242762 27.089722 -8.690572
v -4.892636 35.779846 -10.726369
v 3.970625 27.340315 -8.455508
v -10.150288 21.280991 3.038768
v 4.309977 31.193335 -9.428265
v -3.177522 23.164225 -8.507228
v 10.926620 24.323402 2.313996
v 9.335340 22.204489 2.676864
v 4.553823 30.076046 -9.703184
v -8.789150 18.322906 -0.916140
v 4.094961 29.848516 -10.206312
v 7.079895 14.875351 7.065062
v -0.552326 41.027508 -13.059134
v 8.431002 19.779137 -0.379727
v 0.265312 32.969055 -10.590396
v 4.602782 40.330814 -11.743161
v 0.224646 39.563194 -13.447117
v 0.560423 25.447838 -8.899299
v 4.575344 40.093063 -12.767143
v -0.639945 28.750000 -8.634824
v 0.384999 20.216694 -7.253740
v 4.224143 39.903030 -12.262947
v 0.596806 25.406527 -9.136275
v -11.660672 0.250001 11.835467
v 11.623631 -0.000001 -7.987066
v 4.461493 39.370705 -12.555718
v 5.034585 39.374500 -12.580940
v 3.891048 35.356369 -10.742583
v -8.794913 6.005213 7.826188
v -4.166194 36.120277 -11.724502
v -3.868882 29.189655 -10.059173
v 4.147023 40.780144 -12.951418
v 4.751517 28.750000 -8.811539
v -9.980766 22.644560 2.100649
v -7.121213 5.042514 -7.295658
v -4.720989 16.879068 -5.877952
v 11.349113 26.219461 3.268203
v -11.997555 28.155447 -1.350355
v 11.304185 27.750000 -2.178039
v -11.063173 26.320759 2.183781
v -10.259865 21.967773 2.220748
v 7.248743 32.092541 -8.015217
v 0.046097 26.957630 -8.919751
v -0.201507 37.590916 -12.927335
v -1.246975 18.772501 -7.771381
v 5.515845 28.220438 -7.093994
v 6.751606 5.874438 -6.298446
v 3.604110 32.239754 -9.981863
v 5.463988 21.301680 -5.759851
v 5.505206 20.997000 -6.210360
v 3.868428 31.858179 -9.596268
v 4.062654 37.498890 -11.820169
v -4.052206 15.410976 7.159184
v -4.698341 41.274647 -12.813766
v -10.288539 28.158257 0.944040
v -5.149194 14.849592 8.413436
v 9.079052 23.135107 -4.125008
v 0.119807 25.604792 -9.739505
v -10.149065 28.121103 -1.030164
v 6.226926 20.148424 -6.140338
v 10.458592 26.816565 -0.449948
v -0.553064 35.368690 -11.545875
v -7.126833 18.516701 5.149521
v 7.722049 30.210739 -8.360110
v 9.721644 20.255831 -0.636963
v 7.938824 29.399530 -7.442479
v 0.596357 40.765423 -13.161264
v 6.437309 27.176966 -6.978270
v 6.621506 26.733736 -7.575970
v -3.467929 22.194916 -8.258158
v 3.522308 31.839931 -10.031882
v -6.402940 19.250000 -4.133225
v 6.227078 25.860703 -7.079373
v 0.439034 21.975037 -8.586586
v -8.343647 24.597834 -4.137955
v -10.612358 27.273010 -0.451902
v 4.663387 39.371510 -12.633448
v 6.857271 29.504499 -7.386698
v -6.287370 20.488947 -5.291974
v 9.570623 25.106569 -3.798944
v 4.303558 29.379738 -9.947101
v 6.761848 25.782976 -7.463116
v 7.042397 25.974974 -7.459972
v -9.030752 26.347980 -4.770506
v 4.855456 37.556675 -11.036990
v 8.654229 33.688702 -8.370300
v 4.752337 35.536259 -11.578670
v -9.055414 4.918543 8.602628
v 0.434694 27.313936 -9.203457
v 8.060404 6.928845 -7.909166
v 9.485808 1.309932 -9.025097
v -0.531038 23.414066 -8.290134
v -10.184505 24.632957 -1.342847
v 8.990931 19.725365 6.477852
v 7.265503 5.923163 -7.715248
v 10.778409 24.288586 -0.603763
v -0.457628 34.432335 -11.901839
v 7.077919 30.260637 -8.217689
v -9.807880 20.641485 -0.698148
v 7.199641 30.661476 -7.435935
v -0.525879 33.887020 -11.084063
v -3.688098 30.913624 -9.395923
v 7.215450 27.283382 -6.619559
v 10.633864 1.263868 -7.825675
v 4.008934 34.603619 -11.318422
v 0.466262 40.925842 -13.632351
v 0.916444 19.250000 -7.310899
v -8.596538 20.377602 -0.333424
v -3.785460 27.431189 -9.615332
v 0.992601 18.902136 -7.901015
v 8.269299 3.063681 9.234490
v 7.879309 4.903578 11.072484
v -8.045051 4.888523 -5.548073
v 10.371726 26.857843 -1.236229
v -6.359432 16.250000 -2.006289
v 8.489487 6.538625 -7.939784
v 8.010503 5.779833 -8.100974
v -4.087603 15.368018 -3.679744
v 7.597548 5.222427 8.511797
v 8.710960 19.831064 6.450216
v 5.564785 41.016014 -12.146349
v 10.459403 0.612610 -7.341775
v 8.067945 36.242573 -9.475760
v 8.127667 30.522064 -8.045814
v -4.632235 15.401281 5.775088
v -8.081931 36.645977 -9.503921
v -3.763422 25.230515 -9.014508
v -8.975649 26.846609 -4.707207
v 8.106242 23.240398 -3.479517
v 9.392169 6.900515 -6.924729
v -10.909714 28.750000 7.546850
v 7.449573 29.500374 -7.056109
v 3.809317 34.498508 -10.536928
v 7.658823 19.822151 -3.862020
v -9.176961 18.710718 -0.973404
v 8.922246 1.674142 9.598634
v -0.605441 18.926338 -7.925219
v -8.506317 -0.000001 -10.246390
v -7.838907 29.783358 -8.151666
v 5.449052 6.500000 0.929952
v 5.439431 6.500000 -0.020049
v 7.212404 4.515183 -7.054399
v 3.141708 27.757847 -9.850745
v 10.027681 22.015715 -0.162606
v 8.404963 22.539698 -3.095323
v 8.584118 25.385674 -3.800735
v 8.756893 6.821093 -7.747499
v 8.516047 22.175194 -3.055423
v 2.541994 19.531622 -7.353885
v 7.895500 19.004660 1.431031
v -4.708973 14.356822 -4.962101
v 3.885848 23.345192 -7.698020
v 9.973835 25.292803 -1.147360
v 11.880110 0.249999 -9.461842
v -4.655381 33.648716 -11.048653
v 8.617064 20.598988 -3.359100
v -4.827520 35.775906 -11.599690
v 8.490425 22.934443 -3.152948
v 7.151518 31.422331 -8.283841
v -7.952339 19.014311 4.689886
v 3.320802 23.338261 -8.576360
v -9.765573 0.000001 10.863087
v -1.218601 41.591885 -13.015656
v 9.239268 22.575182 -0.311580
v -10.992770 26.320532 3.370690
v 7.960433 36.231487 -8.812970
v 11.714829 27.142801 2.417809
v 8.042251 36.716251 -8.911273
v 8.168989 36.533085 -9.594543
v -3.815938 26.189964 -9.270574
v 4.795722 28.750000 -10.320706
v 7.919543 28.750000 -6.543105
v 7.655444 20.366159 -2.866758
v -3.796023 40.884686 -12.317556
v 9.489839 21.720530 2.161667
v 8.181001 21.639530 -2.966205
v 7.837233 35.834400 -8.945867
v -0.442283 21.297693 -7.595708
v 9.002987 21.150406 -0.991827
v 9.001499 21.587914 -0.896473
v 8.384591 20.441875 -2.939077
v 7.707098 11.494859 -4.822537
v 8.239783 34.519524 -9.309699
v 8.379715 21.443756 -2.954325
v 5.492234 16.475006 8.433599
v -6.378261 22.061735 -6.640234
v -8.422659 32.677399 -8.636910
v -4.649072 36.143871 -11.802644
v 9.202481 26.971102 -4.880067
v -8.859271 36.264984 -9.559889
v 8.877799 19.631453 -1.017946
v 8.961587 20.951323 -0.047767
v -9.922175 25.495131 -0.918138
v 10.305897 28.750000 0.656734
v 9.967122 23.251808 3.250895
v -10.808867 27.166426 3.189398
v -10.723620 0.710818 -7.833577
v -9.339889 0.781665 -9.072412
v 10.444885 1.489633 10.259452
v 7.359258 16.893017 -4.092140
v 8.928339 18.462097 2.463537
v 8.698517 2.070827 11.627583
v -8.117302 31.002426 -7.609799
v 5.120893 14.163608 6.219149
v 6.179950 14.405938 6.000919
v 8.377944 3.093639 -8.475197
v -11.036509 27.750000 -2.926275
v 8.857957 2.457005 -8.736656
v 8.560927 3.572791 -8.521311
v -9.194628 5.683305 8.579096
v 9.201276 4.711360 11.150696
v 9.753409 27.770546 -5.272276
v -10.173756 26.102201 -0.516381
v 9.853883 4.174196 -7.857386
v 8.105809 1.935273 -7.658176
v 7.735180 34.918095 -9.035224
v -9.581906 23.798100 -1.046369
v -8.651032 34.868446 -8.317327
v 9.461814 19.885771 2.047741
v 11.899543 27.957428 -0.547176
v 7.849603 19.869091 -2.703672
v -4.818457 33.714668 -10.865449
v 0.508777 33.622082 -10.985965
v -0.522481 20.715574 -8.135624
v 9.908966 4.630867 10.317401
v -8.684131 18.217888 1.291699
v 6.666845 25.130423 -7.325032
v 9.272171 24.997507 -3.512774
v 5.136351 13.725516 -5.167894
v 9.088088 5.658362 10.902696
v 3.971331 19.250000 -7.035462
v 9.521018 6.304511 -7.064267
v 6.978363 27.449684 -6.624422
v 7.835634 28.087954 -7.765583
v 9.746075 5.283595 -6.485783
v -6.109528 19.920176 -6.156197
v 7.089643 14.079059 -4.523052
v -9.365953 0.250001 8.788807
v 9.385311 20.775799 3.224364
v 8.975574 35.494923 -8.894289
v -9.449814 21.916552 2.258406
v 7.972101 35.319675 -8.415601
v 3.883670 34.769711 -11.225224
v 7.826479 35.544476 -9.141504
v 7.729216 35.183113 -8.856136
v -4.920417 28.750000 -8.272075
v 11.190603 26.753460 -1.371015
v -5.609054 14.745511 -5.599236
v 8.478572 23.409077 -4.387590
v 7.391661 16.925421 6.437945
v -7.849370 35.633610 -8.713148
v -3.681356 20.715647 -7.064412
v 11.229321 0.250001 10.514912
v 4.589143 14.340286 7.680552
v 10.030595 27.948357 -5.174848
v 10.035645 20.363518 2.551793
v -8.238173 32.262669 -8.685152
v 3.685453 26.991081 -8.308553
v 10.542551 23.335369 -0.616453
v 10.941387 -0.000001 -7.714497
v -7.063100 24.049576 -6.295973
v 0.564273 26.739555 -9.262270
v 4.728897 34.584118 -11.293153
v -0.598804 30.153265 -10.358984
v -9.494248 6.484699 9.093477
v -7.958726 21.349939 -2.966323
v 0.055464 32.765461 -10.477843
v 5.759354 19.977468 -5.046538
v 0.379281 23.410902 -8.102810
v 9.926138 26.416273 -4.188272
v 11.083726 27.750000 5.885968
v 9.033794 20.411156 2.216783
v -6.761400 22.106012 -5.997176
v 9.245088 18.778847 2.474285
v -7.425451 31.263422 -7.482725
v 4.201471 31.055958 -10.512492
v -10.620653 24.917624 2.147556
v 10.716545 0.929165 -7.985231
v 3.400304 30.337570 -9.657946
v 8.424437 25.006433 -3.946973
v -8.360930 35.602238 -9.538560
v 10.307740 21.409082 2.541948
v 9.613540 22.454805 -1.201513
v -11.124734 27.750000 6.267150
v -8.468587 1.760997 -8.473378
v 12.053330 27.762138 3.410121
v 6.754881 24.350403 -7.123820
v 9.972030 22.057827 3.271466
v 9.584139 20.658005 2.054215
v 9.901513 26.956921 -3.943540
v 3.561937 31.474995 -10.338729
v 2.875063 24.328419 -8.097729
v 9.582972 21.356279 3.246663
v -1.256196 27.750000 -9.333280
v 10.327437 1.570807 11.524862
v -10.185369 20.994970 2.830791
v 7.027674 27.032053 -6.536378
v 6.352668 16.250000 4.729526
v 9.378333 21.546146 3.126244
v -3.059579 22.064882 -8.220715
v 5.325738 13.751103 -5.360034
v 6.847853 19.250000 -3.733082
v 8.551491 24.329224 -4.461149
v 9.462289 21.146307 2.090974
v -9.855751 22.009699 3.272294
v 10.403122 25.447031 -1.396425
v -3.939402 36.659397 -11.283650
v -0.526730 26.396664 -9.643449
v 6.789085 27.392853 -6.669407
v -8.938095 0.000001 13.482557
v -9.216106 0.721560 9.916669
v 3.677031 22.373316 -7.283941
v 7.603371 31.417625 -7.466235
v 10.418839 0.980148 11.712439
v -9.716241 19.250000 1.836439
v -5.325032 41.323841 -12.093673
v -4.571238 28.750000 -8.511230
v 10.685468 24.716263 3.334713
v -4.945818 15.460514 -2.648878
v 10.825257 25.465015 3.356754
v 12.139949 -0.000001 -8.572412
v 9.667912 25.273550 -4.012136
v 10.415898 1.485206 -7.261436
v 5.819376 14.847819 8.547992
v -6.936718 18.633535 -5.469341
v 6.982674 15.095171 -4.738864
v 7.924757 0.250000 -6.592704
v 10.551455 0.922580 10.392083
v 9.809185 19.554033 2.486358
v 9.636261 5.009066 -6.190000
v -9.631355 23.303204 2.679371
v 4.497056 39.234707 -11.470904
v -8.928920 25.323305 -3.518949
v 11.533330 27.148216 -0.996460
v -4.238175 36.585346 -11.862083
v 11.236447 27.164974 -1.443002
v -7.289992 25.950390 -7.254124
v 11.590283 27.509859 -0.731379
v 7.820243 32.542484 -7.701984
v 10.331393 26.855257 -0.625750
v 10.156931 25.301535 -1.317418
v 2.507463 19.708122 -6.818499
v -10.430158 23.588022 -0.256863
v -10.080889 22.228304 -0.173851
v 10.311053 25.069538 -1.372928
v -8.408624 10.013431 8.505454
v 10.590707 25.850687 -0.234529
v 9.078409 36.450783 -9.372048
v -3.312481 25.645851 -9.103475
v 11.317187 28.750000 8.569779
v 11.840784 27.448017 2.490659
v -10.554040 28.750000 -1.188370
v -11.559123 28.750000 -1.291517
v 6.800713 11.626204 7.107324
v 3.348578 16.000000 5.965996
v 9.326246 0.000001 10.133410
v 0.005924 26.865791 -10.090157
v 4.619437 33.747105 -10.128149
v -9.954737 25.605116 -0.683905
v -9.364365 23.928553 -3.973099
v 7.186680 4.632385 -6.625299
v 6.416159 25.718107 -6.367515
v -0.249169 22.578657 -7.798918
v -6.824238 25.236322 -7.334227
v -4.352159 6.500000 0.929952
v -5.044226 6.500000 -0.020049
v -3.247252 6.500000 0.929952
v -3.359888 6.500000 -0.020049
v -4.694165 14.131063 -4.733116
v 8.865414 25.104883 -3.489840
v -6.966241 16.250000 3.081307
v 9.075478 22.241154 -0.498301
v 7.730039 21.950249 -3.621164
v 7.172951 16.933081 7.910190
v 6.838733 23.311907 -6.714768
v 7.972004 35.951881 -9.363658
v 8.794913 5.973739 7.874833
v -3.967795 36.871937 -11.544993
v -3.818251 35.115551 -11.114254
v -10.909729 27.750000 3.630208
v -0.872486 6.500000 0.929952
v -0.978014 6.500000 -0.020049
v 0.392259 6.500000 -0.020049
v -8.707182 18.240940 2.057232
v -0.355941 24.257763 -9.272034
v -4.064003 15.311378 -4.052807
v -0.545667 38.989357 -12.496583
v -9.047926 23.921721 -4.420126
v -9.494766 21.574492 2.136998
v -0.222301 33.958752 -11.944698
v -0.433800 34.081749 -11.837182
v -6.672185 24.375498 -5.986983
v -0.582918 34.931255 -11.517942
v 8.299742 19.250000 -2.382045
v -10.778869 23.170933 2.827074
v -0.162486 32.837006 -11.667945
v 7.784585 21.238295 -3.957098
v 2.573808 21.042089 -7.386985
v 11.628904 28.750000 7.455414
v -0.590580 33.428673 -11.305099
v -0.201071 35.601532 -12.394098
v -9.679205 25.387825 -3.965265
v -8.629317 24.116571 -3.351013
v -8.988502 19.903133 0.142636
v -0.406429 35.836098 -12.330650
v 11.045162 28.750000 -2.426450
v -0.401055 38.517445 -13.052556
v 6.777483 15.242322 -5.067994
v -6.719971 27.211811 -6.645030
v 2.904912 19.766987 -6.500501
v 1.512127 6.500000 0.929952
v 3.737865 33.600094 -10.297894
v -11.283144 26.490862 2.222022
v 2.623196 6.500000 -0.020049
v 10.651062 23.734962 6.203856
v -3.153244 24.294756 -7.706130
v -0.429221 29.993488 -10.747036
v 0.113625 32.885098 -11.689744
v 0.591233 32.777634 -11.153651
v 0.486997 34.250828 -11.123501
v 0.498131 35.097153 -11.365631
v 8.523037 25.431036 -3.991787
v 8.275095 4.088013 8.753549
v 0.460170 32.995270 -10.752866
v 0.510419 35.587784 -11.515721
v 3.990807 6.500000 0.929952
v 10.299198 0.250000 -5.899990
v -5.709970 22.928730 -6.274301
v 3.905105 23.997032 -7.797592
v 7.656770 10.303595 7.298337
v -10.544100 1.751810 -7.810048
v 0.598119 22.033674 -8.170755
v 4.024872 32.784607 -10.946826
v 4.008151 33.998024 -11.203582
v -3.599924 23.121103 -8.469656
v 3.982111 36.505669 -11.579951
v 3.909846 35.739471 -11.374319
v 4.477934 32.980209 -10.957847
v 7.241005 5.937407 -5.445100
v 3.980197 35.055443 -11.384365
v 4.596793 34.230259 -11.292207
v 10.122173 -0.000001 -8.218833
v 4.249458 35.640423 -11.663378
v 8.927489 23.907495 -3.315719
v 9.157002 0.000001 9.673669
v -8.623404 33.727741 -8.810531
v -11.525497 -0.000001 -8.426209
v -6.811585 25.891369 -6.294618
v 8.715001 24.893503 -4.565667
v 10.619533 25.605289 2.208109
v 0.125187 24.066252 -8.154757
v -7.298899 26.695263 -6.588495
v -11.633413 26.320940 2.784693
v -9.250369 19.250000 -2.030490
v -11.381186 28.750000 6.695585
v 9.329421 18.863180 1.684877
v -11.486463 26.223083 3.132618
v -10.534601 26.659925 2.892143
v -10.648206 27.058674 2.653960
v 4.835920 39.574520 -11.499352
v -10.509436 0.801063 11.682673
v -8.751286 20.991447 -0.620592
v -7.597382 18.777674 4.873024
v -10.194851 1.276312 11.771193
v -10.156796 1.210746 -8.892071
v -9.461209 0.000001 13.685204
v 10.915584 0.000001 13.363813
v 8.536697 18.070456 0.258463
v 5.094660 36.277504 -11.323112
v 8.761955 20.878675 -0.276521
v 11.305158 26.302528 2.251140
v -0.324103 28.079184 -8.830985
v -10.125793 26.281548 -0.764985
v 3.777779 23.344542 -7.543858
v -4.927280 36.707699 -11.820226
v -11.498282 27.317234 2.240008
v -11.403125 26.799887 -0.679457
v 8.320413 19.868469 -2.920185
v -8.534540 33.907970 -8.157125
v 9.715513 21.681570 -0.002902
v 3.355209 20.572609 -7.844779
v 10.783903 26.128252 8.154408
v -12.150144 0.250001 10.224456
v -11.266376 25.342293 3.091115
v -7.490935 33.401970 -8.222634
v -9.380857 5.111245 8.803316
v -9.968472 24.492393 2.891548
v -3.540698 20.058825 -7.534065
v 9.231975 27.394697 -4.901124
v 10.259142 26.081131 -0.408741
v 10.563981 24.430576 3.332267
v -4.684953 36.710739 -11.949572
v -8.012053 33.768314 -9.142740
v -9.053349 35.993343 -9.119000
v 10.167728 25.316236 2.730312
v 8.914639 22.229395 -3.357298
v 6.056562 23.514177 -5.899411
v 5.976966 13.731957 6.296777
v 2.930041 24.841450 -8.533669
v -3.067299 19.023855 -5.528677
v 5.041515 13.473438 -4.752346
v -9.983714 20.241327 2.459866
v -9.997019 26.728235 -4.290866
v -9.717573 21.393959 3.263079
v 5.253087 39.551437 -11.715366
v -9.544180 20.690680 3.242512
v -10.277348 23.706182 3.304779
v 10.554590 1.568399 10.593427
v -9.214402 21.170826 3.059218
v -10.805691 26.472229 3.316447
v -9.628076 22.199297 2.167871
v -9.536871 0.250001 13.711054
v -8.794913 5.984521 -4.813974
v -8.244104 31.169153 -7.862060
v -9.582691 22.722940 2.356451
v -8.078205 21.884781 -4.143349
v -6.734746 6.125101 -6.997139
v -8.125071 31.776585 -8.610215
v 9.375731 36.285137 -8.845858
v 4.054708 15.377231 6.808393
v -9.027421 20.713861 2.335776
v 9.459194 18.992954 4.859504
v 8.137762 20.606783 -3.996301
v 9.169271 20.004791 4.815935
v -8.986769 20.867409 2.583373
v -8.749188 -0.000001 -7.791514
v -10.175621 21.939413 -0.661732
v -9.408822 6.105492 -5.881421
v -4.191295 15.440660 -3.329704
v -9.937752 27.750000 -2.695599
v 7.835048 -0.000001 -9.621109
v -9.577720 23.058321 -1.174301
v -5.132006 40.871090 -11.680148
v -9.875649 21.596128 -1.016964
v -9.827875 26.375561 -4.570637
v -9.015417 25.932598 -3.622675
v -10.330674 23.888899 2.126389
v 0.530608 40.493999 -12.862144
v -9.287847 1.102843 11.959023
v 7.340152 30.252264 -7.240576
v 8.526495 20.085346 -0.627572
v 7.486392 5.993974 -5.267422
v -8.569830 2.854199 -6.265223
v -5.479300 14.155361 6.073988
v -8.391618 36.767544 -9.751775
v 7.905761 10.325939 7.472420
v -8.084423 35.186321 -8.305010
v 8.392831 24.810705 -4.174137
v -8.854086 26.308266 -3.849499
v -7.906022 36.003510 -9.241548
v 4.019061 23.985157 -8.069254
v -9.134124 0.738143 11.923654
v 10.730811 27.213949 -0.371916
v 9.789704 23.250074 3.127919
v -9.057378 0.939673 -8.936601
v -0.094740 23.450645 -9.165421
v 11.944436 28.750000 -1.575379
v -11.100336 24.744785 3.087203
v -4.248340 33.653511 -11.191355
v 5.063403 16.475428 8.433599
v -9.625587 22.465069 -1.203534
v -9.821966 4.249171 -7.862152
v -6.259738 17.841780 -6.045774
v 7.646253 3.257041 10.298668
v 7.730713 31.028028 -7.383587
v -8.941627 21.699511 -0.415106
v -9.060515 22.178679 -0.703090
v 0.280041 22.361666 -8.813433
v 3.301186 25.616673 -9.091359
v -6.709026 23.497877 -6.895636
v -9.185126 1.414042 -8.956713
v -0.582876 22.193027 -8.334503
v 0.231389 33.705719 -11.872890
v -0.008938 33.225300 -11.794090
v -3.721463 25.157492 -7.875622
v -9.642236 5.230769 10.520771
v -5.760648 15.410992 5.533297
v 0.546504 24.813715 -9.184361
v 4.000681 34.988201 -10.476465
v -7.127734 6.254124 10.550723
v -6.967464 5.964402 10.321908
v -7.077223 5.232298 9.092957
v -8.430702 5.614209 11.104079
v 7.538066 19.250000 -4.284470
v 3.092348 25.565189 -8.914703
v -9.472471 4.008573 -8.318194
v -9.881227 3.401954 -8.232988
v 3.697781 31.678726 -10.540593
v -10.729722 23.438908 3.086989
v -0.555075 25.154522 -8.808257
v -6.985641 5.909621 -7.399637
v -8.074602 23.261179 -4.039634
v 7.780233 35.050381 -8.537306
v -9.262525 6.134162 -7.635229
v 10.890768 26.122822 -0.298823
v 4.001539 35.396507 -11.462575
v -8.866975 18.400732 2.474436
v 1.318696 18.953413 -7.952295
v 10.057626 24.808123 -1.297975
v -4.093965 15.362858 -4.377536
v -8.001905 2.922353 11.043839
v -8.363285 2.390747 11.385207
v -10.077612 21.789152 -0.844902
v 5.524323 20.045782 -5.144842
v -8.161245 0.000001 9.569592
v 7.081748 15.017192 -4.107417
v -9.206152 22.467159 -0.921247
v -9.082479 22.019209 -0.877201
v 7.068465 14.981915 -4.453548
v -5.270827 20.264338 -5.659489
v -8.883776 21.119308 -0.871148
v -9.863515 20.216690 2.256656
v -4.204669 38.843887 -12.199338
v -8.318440 21.808369 -2.984842
v 6.342261 25.904060 -7.282381
v -0.140290 25.722088 -9.767192
v 0.537891 36.744064 -11.877029
v 0.514344 20.489086 -8.089923
v -5.959703 23.955711 -6.181149
v -5.337692 15.432920 -2.569140
v -7.910216 35.943371 -8.758763
v 8.340787 1.421786 11.071342
v 0.570148 18.961740 -7.960622
v -8.892561 27.012669 -4.510637
v 7.021491 5.904506 -5.679346
v -9.333503 21.943649 2.403953
v 11.413227 -0.000000 -6.348203
v -4.575877 36.495750 -10.719829
v -10.834851 23.575796 2.446152
v -5.065617 36.214306 -11.062567
v 10.665635 22.824566 2.893275
v -8.597787 34.475712 -9.159267
v 11.779021 -0.000000 -6.621462
v 8.919513 1.329228 -8.842731
v -5.122912 14.230989 -3.220951
v -10.901590 -0.000001 -9.614552
v -8.649502 25.622946 -3.812870
v 10.905190 25.742313 3.363320
v -6.863189 26.956236 -6.528250
v -4.068241 25.580635 -8.226496
v 11.453200 0.250000 -6.377762
v 10.145304 -0.000000 -5.778135
v -2.938475 23.311998 -7.558567
v -7.826478 30.392763 -8.359827
v 0.196329 22.451639 -7.743079
v 6.250118 15.765441 5.660902
v 4.136016 25.972862 -8.381768
v -7.340522 26.473551 -7.408176
v 11.495868 28.750000 0.936373
v -7.093350 31.025639 -7.732543
v 8.054271 30.116341 -7.984457
v -9.457804 23.700430 -0.815041
v -7.599380 30.239681 -8.399825
v -8.397811 19.626162 -0.539987
v -7.087559 29.596466 -7.168660
v -3.495203 29.627953 -9.993999
v -7.420559 26.286604 -7.179004
v 2.285840 28.262625 -8.389426
v 8.269617 19.691853 6.091280
v -8.688020 0.782452 -8.565627
v 4.551757 35.742771 -11.713814
v 3.001360 20.183117 -6.593482
v -6.266132 26.303480 -6.967777
v -6.426110 24.611664 -7.194587
v 9.944740 26.620604 -4.471558
v 7.844914 5.965881 7.779747
v -5.926435 24.243975 -6.541954
v -6.185502 21.567980 -6.566761
v -6.353032 22.840801 -6.839871
v 10.049979 21.514750 -0.398497
v 8.576466 0.803220 -8.339244
v -2.998326 19.768288 -6.481847
v -6.332112 26.454165 -7.226567
v 8.523784 19.740503 -0.779348
v -0.552977 39.198410 -13.024777
v -8.281198 20.381372 5.423317
v -4.863425 39.788029 -11.554154
v -4.386607 39.521767 -11.630909
v -11.273104 26.355789 -1.121073
v -5.814119 21.641432 -6.518500
v 4.085329 25.480419 -8.805169
v -6.156602 20.493750 -6.292725
v -5.932089 13.382163 6.510981
v 8.188373 30.746666 -7.828876
v -2.146826 19.250000 -7.508471
v -5.712348 19.560776 -4.958474
v 6.886452 28.018980 -6.342380
v -3.578860 19.707716 -6.781101
v -5.551918 21.355625 -6.265823
v 3.315990 27.249617 -8.521566
v -5.690161 20.948990 -5.325007
v 10.183271 24.038988 -1.310705
v -3.627398 24.172171 -8.739083
v 9.153293 37.062706 -8.201721
v -9.217119 26.153191 -4.811138
v 8.648139 21.010691 -3.192073
v 9.911237 20.991728 3.172178
v 10.215307 -0.000001 -7.453569
v -4.241388 40.190903 -12.233130
v -2.688049 16.250000 -2.406479
v -5.261256 39.071651 -12.256371
v -3.886354 30.187759 -10.308205
v -5.180730 37.253548 -11.562600
v 8.437974 32.607708 -8.044906
v 5.653370 14.100694 8.502480
v -4.303062 38.468281 -12.270766
v -4.156304 38.431915 -12.076551
v -9.855360 0.796525 -6.934250
v 5.694419 21.157269 -5.386573
v -9.991982 23.302866 3.257086
v -8.260584 24.133301 -3.704167
v -4.480831 40.319073 -11.812990
v -8.103126 -0.000001 -9.793086
v 4.923381 13.612894 7.440648
v 4.205653 32.134998 -9.616850
v -4.260161 30.104185 -9.179635
v 9.244580 21.281509 -1.111617
v -8.602013 25.790682 -4.268650
v 9.317842 27.750000 -5.334009
v 7.179618 6.152550 8.303463
v -4.244184 26.915503 -9.088470
v -3.504234 27.207464 -9.524655
v -4.827575 14.193870 6.452266
v 3.772047 32.405796 -9.826657
v -4.584570 30.564444 -9.710462
v 8.610208 20.055225 -0.805648
v -10.283935 0.878066 11.859095
v -10.777526 24.500792 -0.467560
v -8.580913 21.033289 -3.848478
v 7.021474 14.304338 7.750496
v 10.816106 27.231339 2.420712
v -9.331250 6.521275 8.720452
v 10.027508 21.430546 2.146644
v -4.042772 31.597681 -10.668045
v -7.592963 33.132488 -7.970224
v -2.820457 27.750000 -9.132641
v -3.276686 27.108328 -9.356330
v 5.000508 14.650192 -5.367118
v 6.125161 40.149582 -12.357507
v -4.049520 26.205818 -9.126414
v 10.512062 0.000001 11.136580
v -4.073843 24.948507 -8.589719
v -7.347908 19.250000 -4.145185
v -4.090714 25.239828 -8.683063
v -3.677598 20.003035 -7.096781
v -8.388723 24.077993 -3.482571
v -3.350077 21.106676 -6.845824
v 7.951043 28.750000 -8.117087
v -11.186916 25.801579 -0.796331
v -3.890799 24.924076 -7.924836
v -3.354382 29.669497 -9.776508
v 11.884452 27.750000 6.884250
v -0.998050 19.250000 -7.578850
v 0.596162 31.809317 -10.778742
v -3.925476 25.851627 -8.122536
v -0.343613 28.409023 -8.501294
v 9.169588 0.602527 -9.012899
v 3.905838 25.143457 -7.977209
v -0.565710 33.755703 -11.530293
v -2.571043 20.508539 -7.038465
v -8.072139 23.233570 -3.544784
v 7.952360 10.525653 7.568075
v -2.656792 21.462683 -7.270915
v 4.686330 16.490623 8.432299
v -4.224957 29.679373 -9.073458
v 8.260253 6.500000 7.448700
v -10.740348 25.053785 -1.267600
v -0.045808 31.058933 -10.019636
v -7.775792 11.459930 8.689784
v 8.216859 0.000001 12.900951
v 10.090582 20.261875 5.666104
v -0.587254 21.637209 -8.158741
v -2.726243 22.806744 -7.860321
v -0.592210 22.806864 -8.469279
v -0.249465 33.474888 -11.803624
v -10.527572 25.879574 -1.426094
v -6.371758 26.570713 -6.771863
v -6.829967 25.065407 -6.145042
v 0.314718 40.951611 -12.757880
v -2.530931 18.937275 -7.907242
v -1.828876 19.061687 -8.060572
v 1.830113 19.039656 -8.038539
v -9.014243 27.750000 -5.302082
v -8.523643 4.273475 -5.713225
v -0.278982 41.023506 -13.813965
v -7.277525 19.692524 -3.028531
v 6.940763 6.210798 8.486855
v 7.244267 27.942179 -8.077011
v -6.654504 14.221831 8.284756
v -0.043430 23.246359 -7.925051
v 11.132071 25.221399 3.203403
v -2.741652 19.685513 -6.545520
v 4.468521 29.120115 -9.485108
v 4.637413 14.606780 7.969094
v 10.466370 26.355135 2.934989
v 4.027830 29.972729 -9.063280
v 0.302869 41.394066 -13.899732
v -0.326113 29.616270 -9.727473
v -5.909113 18.263432 -6.304214
v 10.727838 26.339567 -0.267365
v -11.593981 26.273949 2.947948
v 8.638349 20.729761 -3.534624
v -8.150359 19.696814 -3.770314
v -9.382480 18.916237 -0.581206
v -3.802505 35.024727 -10.828526
v 9.693243 19.227001 6.141657
v 3.939485 23.419924 -8.204058
v 9.292173 6.917017 -7.170474
v 0.297457 28.772249 -10.498112
v 6.566711 24.910378 -6.086868
v -8.776267 1.188727 11.666948
v -11.444595 27.746929 -1.809452
v 0.131919 26.649757 -8.848083
v -10.548035 22.455332 2.446843
v 6.979968 30.412926 -8.051210
v 0.490500 29.581322 -9.879673
v -0.363154 39.412636 -12.375988
v 8.846069 2.204298 9.386243
v -6.166726 24.911440 -7.059690
v 9.095110 28.020336 -3.713477
v 0.073783 38.195015 -13.119458
v -8.300437 31.416517 -8.138035
v -8.554535 19.250000 -2.250788
v -6.624538 21.710581 -5.717982
v 3.852884 22.014347 -7.612460
v 3.992866 33.344933 -11.060522
v 3.918033 22.748632 -7.811904
v -6.565306 27.220205 -6.773240
v 3.496725 31.147804 -9.740553
v -3.135906 20.403667 -7.835698
v -8.561000 19.613228 -0.003030
v -9.571978 19.812077 6.361038
v 8.518950 0.792544 -8.094829
v 0.572234 33.851280 -11.534391
v 6.867843 13.907845 -3.812595
v 10.016227 28.388214 0.410284
v -10.463840 23.237553 3.258401
v -8.439834 19.931925 6.288237
v 3.935134 25.620844 -9.034800
v 4.650825 31.448984 -9.865202
v -2.900244 20.355850 -7.783340
v 7.597753 0.000001 12.095353
v 4.861833 40.922825 -13.062676
v 4.052856 24.354197 -8.179008
v 4.066861 25.222160 -8.189633
v -10.947923 24.413359 2.313402
v -4.106262 37.841782 -11.373656
v 4.527913 27.776215 -9.401818
v -9.326281 18.860041 4.885716
v 3.549851 21.354963 -6.997292
v -8.050894 23.379557 -3.796348
v 3.317665 20.897741 -6.788273
v 3.751799 25.822771 -9.186615
v 4.443366 16.000000 5.361743
v -4.066409 28.306648 -10.148282
v 9.404227 35.983860 -8.570680
v 5.036815 36.639549 -11.660058
v 3.311953 25.883968 -8.097912
v 9.445169 23.672260 -0.777603
v -6.204751 23.163326 -6.892998
v 4.216265 26.176123 -8.689791
v 4.597367 30.620674 -9.910099
v 6.383461 21.362862 -5.441606
v 11.229210 26.414009 3.343465
v 4.198588 26.545769 -9.026360
v -7.390121 6.627750 -7.796220
v 7.541263 11.974059 -5.048347
v 4.074224 26.823816 -9.310110
v 6.508600 14.659570 6.083673
v 7.323783 32.716648 -8.350796
v 11.899073 27.503872 3.037925
v 0.581489 32.476494 -11.121710
v -7.271807 25.177731 -6.796672
v 11.079130 27.750000 -0.023064
v -9.077560 22.241880 -0.483922
v -11.571453 27.184549 3.311538
v -3.185178 27.977509 -8.435718
v 10.180171 23.978519 3.276758
v 4.344124 33.173378 -9.884315
v 4.345127 31.771849 -9.569486
v 10.852162 26.246107 -1.434626
v 4.663975 31.368145 -10.082126
v 3.992833 30.140808 -10.303046
v -7.550203 5.257801 -5.593582
v 4.168482 27.210154 -9.339933
v 5.935095 14.861461 -5.595307
v 9.411627 22.640039 -0.148522
v -4.478493 27.769621 -9.415957
v -9.985107 4.166444 -7.559590
v 10.054909 22.501539 3.285022
v 6.191410 25.265615 -6.429204
v 4.807485 40.039795 -12.812074
v -7.238442 25.167992 -6.537696
v -3.825073 27.925783 -8.281662
v 4.846161 39.609932 -12.700574
v 4.578964 39.707352 -12.684581
v 6.489298 21.168602 -5.524669
v 4.330867 29.957870 -9.198298
v -6.573802 19.250000 -4.398308
v 5.040673 40.559101 -12.919188
v -9.161544 20.462568 2.128228
v 7.602110 6.297625 -5.079314
v -10.181325 27.750000 -3.382976
v 8.647414 19.609764 2.584536
v 10.518499 27.281494 -1.312317
v 9.817927 20.584974 -0.382642
v 8.235611 31.220364 -8.221789
v 4.787769 39.134579 -11.386731
v 12.321065 0.250001 10.943521
v -10.997274 25.216848 -1.001875
v 7.510035 0.249999 -7.335351
v 4.906466 38.182373 -11.193843
v 5.481354 21.432215 -6.093544
v 9.426845 6.807024 -6.072121
v 4.520545 30.595387 -10.115640
v 7.959388 30.434076 -8.275983
v 6.007040 19.919174 -6.191732
v 3.775203 30.803347 -10.402218
v 6.432584 23.637453 -7.009658
v 7.880322 27.750000 -6.670614
v 12.311217 0.249999 -8.036176
v 10.545066 -0.000001 -8.902306
v 6.418008 20.550303 -6.080106
v -8.838342 25.153709 -4.630989
v 11.452488 26.261654 2.369109
v 6.804098 5.723898 9.274833
v -8.675014 18.806608 -3.198140
v 9.960210 3.722567 -6.662171
v 6.616095 26.256018 -7.513890
v -8.768209 20.710241 -0.832896
v 7.919826 34.924362 -8.322543
v 9.243463 20.232422 -1.056612
v -6.951843 15.114632 -4.813787
v -8.490496 6.470681 10.886571
v -9.319754 0.000001 12.453008
v 3.587024 23.378326 -8.551394
v -10.170989 23.251984 3.296757
v 2.718986 27.750000 -9.385269
v -3.679226 30.367840 -10.274790
v 9.984604 2.445458 11.473133
v 5.193219 39.621792 -12.523492
v 7.247027 27.384287 -7.767372
v 4.780658 40.703415 -11.527002
v -4.370633 29.110226 -9.107149
v -7.241131 30.432793 -8.362015
v 6.841172 18.405821 7.564710
v 10.498864 26.031986 3.156455
v -7.899856 29.114866 -7.411638
v 6.866835 6.230798 -7.302688
v 10.653291 25.581625 7.946236
v 7.697490 28.750000 -8.279392
v 6.635137 23.698444 -5.864976
v -11.395141 0.250001 9.266821
v 0.587564 33.301178 -11.109663
v 11.814920 0.249999 -6.704481
v -8.428958 33.468346 -8.948923
v 6.093523 24.752512 -6.344631
v -8.916824 0.661777 -8.824626
v 6.882751 29.782482 -7.941719
v 9.619331 5.874120 10.084945
v 8.212741 6.147451 10.996892
v -4.650732 27.750000 -8.929922
v 9.119228 6.252789 10.638767
v 9.637304 5.279948 10.501149
v 9.436036 6.028732 10.381746
v 7.814784 22.332737 -3.664446
v 9.377931 5.642035 10.672155
v -9.741006 19.751743 5.264341
v -6.936695 14.907032 -3.588088
v -7.844913 5.998622 7.662734
v 6.759340 23.336115 -5.909300
v 10.589299 22.587906 2.462017
v 10.939482 26.986103 -1.502183
v 9.759936 24.608889 -0.454091
v 11.585624 27.177946 2.298129
v 9.267590 20.524824 2.089419
v -11.634121 27.585131 -0.811542
v 7.481893 20.723421 -3.249060
v -3.696167 33.807022 -10.518469
v -6.807829 14.712381 6.397274
v -6.248032 8.906308 8.978034
v 7.357180 25.692579 -6.843025
v 6.676095 26.669449 -6.508863
v 8.623999 1.597792 9.804378
v 6.411664 15.221524 8.339333
v -9.719942 23.891638 -0.243046
v 10.227784 20.966829 5.520337
v 6.182674 24.775599 -7.069792
v 7.621344 20.525675 -3.849896
v 7.026013 5.081789 9.477331
v 12.164774 0.249999 -8.711892
v 7.313163 4.660110 -6.248622
v -10.873143 25.534620 3.355371
v 6.234579 25.636366 -6.540552
v -10.474979 26.389210 2.629797
v 5.227821 38.753365 -12.184470
v 9.292241 19.519800 0.066752
v 8.296753 31.417055 -7.961981
v 8.093343 30.161654 -7.710748
v -7.889097 30.294481 -7.346443
v -4.526951 34.741665 -10.295322
v 6.127812 16.875662 8.712489
v 4.114257 27.756388 -8.348254
v 8.152497 36.567417 -8.701676
v 4.694510 41.358845 -12.727978
v -9.863010 22.473316 -1.196932
v 3.834531 35.136726 -11.167357
v 8.640388 35.992283 -9.591892
v -7.315759 5.722932 10.682697
v -4.602973 38.929230 -12.517501
v 10.606605 26.010565 6.719848
v 4.792683 27.750000 -8.647300
v 8.502697 21.103617 -3.008988
v -9.288547 18.822306 6.628445
v 9.031384 22.044430 -0.732784
v 8.693137 20.501049 -0.186661
v -10.856879 27.191051 -1.509096
v 9.203985 25.664522 -4.743005
v 7.561295 21.200542 -3.502819
v 9.309110 22.638699 -1.008310
v 9.127708 22.406858 -0.770841
v -6.514669 22.552029 -6.712370
v -11.233798 26.451473 3.353402
v 10.742764 24.095411 -0.737967
v 8.381508 2.973258 11.411769
v 9.785147 3.032886 11.396565
v 8.544785 1.732484 11.494223
v 5.228057 37.868580 -11.612187
v 8.097905 2.443201 -8.112583
v 4.215295 26.735304 -8.609202
v 8.381216 2.126380 -8.431455
v -11.714393 27.750000 -0.288782
v 7.416533 0.250001 11.593228
v 8.124728 2.021792 10.876159
v 10.764907 24.458414 -0.461216
v -9.106998 3.569213 -6.002297
v -9.333606 20.184570 2.042578
v -7.790087 11.574911 8.268099
v 8.415546 37.010891 -9.794394
v 9.678843 -0.000000 -5.722578
v -4.946600 36.224636 -10.855600
v 10.304213 27.948952 -4.790444
v 10.159586 2.551131 -8.301070
v 9.339930 2.254618 -8.838550
v -3.523001 31.791458 -10.238954
v 5.513948 19.765797 -6.127150
v 10.244129 2.907875 -7.890962
v 4.610851 14.159950 6.977069
v 9.361023 5.387851 8.770159
v -6.743752 14.516975 -3.425206
v -4.601767 15.622262 -2.763680
v 10.775788 26.200974 2.223511
v 9.583537 4.338653 -6.143158
v 3.943233 29.257853 -10.076801
v 9.674134 19.735117 6.201076
v 8.724723 35.201565 -9.306180
v 8.879913 27.052834 -4.266515
v 7.862032 19.250000 -2.127464
v -6.966279 16.501017 6.438732
v -9.917552 21.199579 3.202337
v -3.947596 19.250000 -6.128449
v -2.958342 27.750000 -9.630444
v 8.725174 1.178393 -8.682830
v 10.885535 27.750000 -1.976944
v 8.282680 23.285013 -4.287958
v 9.053190 35.961163 -8.970762
v -4.048520 36.651627 -11.700542
v -8.630488 25.419121 -4.477402
v 10.238751 22.452234 -0.911687
v 8.469473 20.773602 -2.996053
v -8.653293 19.620632 2.561689
v 9.190165 26.608871 -3.712874
v 9.003233 26.117378 -3.675647
v -3.839853 21.874058 -7.613420
v -3.740154 41.225006 -12.003398
v -4.171169 15.546378 -4.687452
v -4.649527 37.804333 -11.047787
v 9.809583 23.321667 -1.253244
v -2.723586 20.423399 -7.695830
v -7.844913 6.059251 -4.789018
v -10.417063 0.249999 -6.693756
v 4.603858 30.830999 -9.743480
v 9.539753 26.178539 -3.683661
v 8.481158 19.801483 6.311716
v 7.036355 30.619240 -7.629348
v -10.732812 26.003866 6.629429
v 9.967143 1.719310 -8.821083
v 9.687064 26.792994 -3.776871
v 7.144987 16.786825 -4.669854
v 5.648896 20.863995 -6.333201
v 10.676965 23.933418 -0.537451
v 9.918814 23.903944 -1.279317
v -6.565709 15.642996 -2.975962
v -10.510200 27.750000 -4.020704
v -5.313382 13.368889 -3.862712
v 9.973718 26.780752 -4.098010
v 10.341261 23.763712 3.316736
v 9.088538 21.265512 2.698738
v 0.866722 19.250000 -7.736823
v 10.163013 1.194611 -8.893598
v 10.009589 20.338612 2.816911
v 9.333887 22.027374 2.900019
v -8.424044 0.253364 -10.271702
v 10.771192 23.426901 3.024873
v -8.892472 0.249999 -10.533790
v 9.784809 27.298397 -3.842849
v 7.227448 32.130318 -8.235794
v 8.155797 31.505018 -8.482613
v -7.511542 6.049337 8.166162
v 10.482747 -0.000001 -7.054336
v -1.607185 19.250000 -6.776445
v 8.409460 32.066799 -8.176500
v 5.319652 19.675734 -5.969696
v -6.986371 16.520130 5.439866
v -12.053106 0.249999 -9.326900
v 8.992177 0.708317 -7.096126
v 10.274859 0.737636 11.921676
v 4.125992 29.226233 -10.017281
v 10.518023 0.663316 -8.809230
v 10.417142 1.026907 -8.755237
v 10.813222 24.328936 3.244592
v -7.556254 6.079021 -5.199180
v 8.586092 -0.000001 -9.037711
v 0.476112 22.347311 -8.639456
v 11.448853 25.646072 2.820488
v -11.389167 0.250001 10.934093
v -9.396659 18.930418 6.124638
v -8.113771 32.121834 -7.685508
v 9.471955 6.825717 -6.336853
v 10.328534 26.181164 -1.330987
v 10.407085 27.365223 -0.839665
v -7.935446 6.066123 10.979383
v -5.080247 37.744709 -11.241446
v 9.813212 0.719709 -6.949160
v -5.429440 14.840597 8.512515
v 6.466091 27.427715 -7.137858
v 11.353084 26.459887 -0.959500
v 11.234780 26.366758 -1.196405
v 10.052657 25.774384 -1.108658
v 11.069608 26.773224 -0.344754
v 10.954183 25.139788 -0.532688
v 9.716241 19.250000 -0.445866
v -8.259703 33.360153 -7.914305
v 0.585271 33.112843 -11.289797
v -9.506400 4.430071 -6.062661
v 10.100739 26.208853 -0.907659
v 10.230978 3.013299 -7.152597
v -10.245909 24.514351 2.222703
v 8.907448 27.110861 -4.494735
v -3.898147 22.521088 -7.752834
v 11.326172 25.608067 2.406218
v 11.574682 26.237909 2.575063
v -7.297476 16.863630 -4.344946
v 0.910780 27.750000 -9.649279
v 7.013500 24.722649 -7.077494
v -0.178057 36.646042 -11.540809
v 1.369543 27.750000 -9.603508
v -8.791905 24.702408 -3.427465
v 4.283893 34.665207 -11.444750
v -9.705012 19.238771 -0.186573
v -2.838652 23.845922 -7.948118
v 2.155314 28.750000 -8.632734
v -4.057898 34.292923 -11.293389
v 9.283133 26.231033 -4.824706
v -5.025505 36.503555 -11.625050
v -3.799472 33.675064 -10.966728
v -3.744668 33.081100 -10.812498
v -3.723120 34.022541 -10.836034
v -3.850699 34.230259 -11.110892
v 5.456066 20.663137 -5.422489
v 6.188255 25.796320 -6.784093
v 2.131853 19.250000 -7.218686
v -12.073564 0.250001 12.221495
v -1.063611 27.750000 -9.661730
v 8.739175 22.306572 -3.158132
v 5.463539 13.944785 8.419841
v -0.604319 34.230259 -11.318066
v 10.471118 26.141891 -0.294189
v 2.908408 21.288218 -6.937294
v 9.871185 20.861446 -0.322709
v -0.269287 31.771437 -11.338370
v -0.560932 33.493637 -11.063501
v -4.353819 29.198664 -9.830167
v -0.499071 32.106651 -10.565989
v 10.700053 23.948946 3.241803
v -0.440296 35.166840 -12.121639
v -3.720462 23.778091 -7.582522
v -0.052378 35.588589 -11.233696
v 8.996428 27.750000 -5.113267
v -9.401576 26.050718 -4.778820
v -6.277555 15.753401 -2.747147
v 0.383992 38.411850 -12.124309
v 7.883295 22.400661 -3.427418
v 0.386862 22.874298 -7.965252
v 0.299851 32.653019 -11.560383
v 4.939476 34.545769 -10.758216
v 0.582740 35.435230 -11.919994
v 0.579648 35.535500 -11.661038
v 9.663928 2.252894 9.455287
v 0.556427 36.224922 -11.783455
v 4.000223 23.976578 -8.309615
v -11.834424 0.250001 12.690512
v 3.977278 23.524054 -7.936127
v 9.617460 19.845770 2.119291
v -9.549029 0.250001 12.726225
v 11.444907 25.710283 2.598105
v 3.766981 34.072567 -10.439778
v 6.180208 13.976571 6.212534
v -7.714548 21.098822 -3.055264
v -9.925589 23.904808 3.100805
v 3.980273 37.157295 -11.529729
v 4.677802 33.826702 -11.087791
v 4.695541 32.893848 -10.735523
v 6.516833 22.249945 -5.621201
v 4.827655 36.759953 -10.856093
v 6.703634 22.296076 -5.809772
v 4.634535 31.012737 -9.963849
v 8.646673 23.732834 -3.270804
v 10.258390 0.249999 -10.708508
v -9.516746 25.081110 -4.408358
v 6.903204 23.118540 -6.492241
v -4.006625 35.914146 -11.548766
v 6.795074 6.131515 8.760419
v -3.144200 19.561447 -7.610650
v -4.119089 37.092716 -11.070978
v -5.772760 15.423959 -2.594736
v -11.512666 26.032698 2.546434
v -11.158014 25.843399 2.223207
v -11.012833 27.020149 3.354687
v -3.382926 20.371939 -7.759939
v 3.573805 20.140732 -7.521017
v -0.152276 29.728083 -10.837693
v -3.716045 20.494444 -7.202229
v -3.384855 29.050856 -9.081608
v -9.663562 21.230444 2.061334
v 9.540856 19.631292 3.144530
v 10.647012 26.907995 -0.353915
v 11.451227 25.342628 6.688680
v -9.708857 19.242617 4.565960
v -9.727914 19.250000 3.316754
v -6.197025 7.655429 8.883061
v -9.334046 22.830685 -0.289799
v 9.849886 1.289037 11.935178
v -3.915106 26.958488 -9.451925
v -6.662534 7.039545 8.844785
v -10.894122 27.261230 7.505842
v 9.358640 0.000001 12.065739
v 6.152051 8.058378 8.882848
v -11.155054 24.682364 2.522418
v -10.298312 24.031780 -1.290207
v 6.510232 15.240689 -5.328599
v 12.088780 0.249999 -7.542146
v -4.187799 25.836615 -8.613005
v -10.054395 25.987829 -0.979387
v -9.990805 25.486778 -1.115292
v -2.563002 19.666142 -6.708543
v -10.542044 1.744243 10.793896
v -10.450672 1.951792 11.049947
v 11.883226 0.250001 9.598975
v -6.478236 23.279587 -6.926040
v 3.891110 27.002829 -9.474737
v 7.359457 0.249999 -8.759903
v 2.929920 19.632988 -7.630659
v -8.728191 19.922155 2.611510
v 10.186622 24.741739 -1.345153
v -1.106009 19.168755 -8.167640
v 5.796804 14.245919 -3.059361
v -9.775914 5.182851 -6.560705
v -9.720846 4.671682 -6.308599
v -10.535744 24.369389 3.331846
v 6.154983 27.750000 -7.922411
v -10.899353 24.049292 3.093822
v -10.067593 24.415819 3.120139
v 4.224817 39.551006 -12.298429
v -6.631195 6.184912 -6.612447
v -4.003759 26.301050 -8.268806
v -8.968665 35.812538 -8.728391
v -8.918839 35.385246 -8.675753
v -9.010618 35.733597 -9.063328
v 9.148657 1.264178 -8.954344
v 9.344503 18.878262 2.161762
v -4.660574 14.591850 7.986971
v -9.975468 27.155800 -4.007009
v 9.268143 19.250000 -1.996053
v -9.965974 26.714853 -4.111650
v -6.139056 27.750000 -7.816206
v -4.626143 31.912306 -9.835565
v -9.743345 20.481462 3.178470
v 9.373816 19.930473 -0.960346
v 9.800355 27.750000 -3.648295
v -10.279804 21.277943 2.571810
v -6.846907 6.988824 8.534113
v -9.425925 19.799454 0.003523
v -10.985538 24.010389 2.537966
v -10.431155 0.249999 -9.720177
v -10.006455 2.080034 -6.768668
v -8.322296 35.170452 -8.253598
v -7.683304 34.626888 -8.500724
v -7.783942 35.228970 -8.625093
v -7.076706 29.920429 -7.280371
v 5.051946 39.636162 -12.650347
v 9.430749 27.002886 -4.935695
v -7.551375 33.815975 -8.325896
v -7.349211 32.249527 -7.894219
v -9.775406 20.376736 -0.447518
v -9.001003 20.357864 3.044275
v -9.032114 20.863173 2.893235
v -9.840294 26.112812 -4.064855
v 7.003997 14.825989 6.725710
v 5.747096 19.250000 -6.403119
v -7.423289 0.249999 -8.458601
v 10.670317 -0.000001 -8.114356
v -4.106104 24.958858 -8.360643
v -5.801174 14.462567 -5.603354
v 8.507836 21.335199 -4.017968
v 3.797003 33.480278 -10.933661
v -6.809650 11.458592 9.281317
v -9.250896 26.013245 -3.600198
v -6.265073 26.111891 -7.121347
v -8.678995 2.418374 9.355692
v 8.720920 37.604729 -8.696785
v 7.869377 0.250001 12.611191
v 6.216114 14.999226 -5.517191
v -8.546263 36.619743 -9.754282
v -8.877651 26.965385 -4.179838
v -8.493926 25.306120 -4.202470
v 7.592384 5.956461 8.175415
v -9.191225 26.948635 -4.873813
v 9.652951 25.809448 -4.549276
v 6.513612 16.763863 8.388992
v -8.504915 19.686527 4.823249
v -9.746005 22.036852 -1.169054
v -6.437591 8.094755 -6.994619
v -9.141022 1.720481 11.843977
v -8.997985 1.300906 11.822624
v -11.872857 -0.000001 -9.599410
v -0.574903 22.325277 -8.108418
v 5.310242 20.405437 -5.869345
v 8.152758 35.712730 -9.501767
v -7.982298 35.685661 -9.376927
v 4.556092 30.563540 -9.593487
v -4.824014 14.246559 -3.454944
v 8.553041 0.719405 -7.716056
v -10.825373 27.750000 -2.128339
v -8.590328 4.891158 -8.317523
v 4.672092 32.855667 -10.025621
v -8.827829 4.057992 -8.482100
v -2.463065 27.750000 -9.338800
v 7.081131 18.724937 -5.311738
v -4.619179 35.597206 -11.658881
v 8.003515 22.230665 -4.099216
v -4.073989 30.081905 -9.100986
v -9.603348 3.237917 -8.503069
v 11.393458 0.250001 13.154174
v 7.840365 20.230831 -2.763369
v -9.242343 3.596340 -8.535686
v 6.575582 27.101124 -6.717495
v -8.177557 21.511787 -2.945652
v 9.734625 19.588911 5.920918
v 1.117208 19.151567 -8.150454
v -8.440399 20.133318 -3.046538
v -8.863037 0.000001 8.885879
v 10.262892 3.087443 10.414165
v 2.943729 22.296036 -8.210383
v 9.465538 36.931755 -8.949048
v -7.941290 19.819834 -3.882526
v -7.846468 20.468410 -3.965865
v -11.356640 0.250000 -6.206811
v -0.555997 29.036766 -10.284649
v -6.830464 19.250000 -4.794637
v -6.982992 5.545180 -6.028177
v 8.920851 18.454609 1.346182
v 0.183821 19.609930 -6.978314
v -5.164618 38.517464 -12.187189
v -7.361367 25.947582 -6.681310
v -7.473098 26.394461 -6.963357
v -7.159243 24.878500 -6.951141
v 7.996366 21.336416 -4.081218
v -7.934135 22.015745 -4.049676
v -6.956047 16.250000 5.300982
v 11.064790 -0.000000 -6.133724
v 7.586895 0.249999 -9.301665
v 6.133641 16.861174 -5.762471
v -7.367998 30.273632 -7.239212
v -6.388803 26.135744 -7.327034
v -9.771509 25.732561 -4.209890
v 5.820402 21.673725 -6.525868
v 10.506460 23.685009 -1.062906
v -6.425301 26.969559 -7.360597
v -8.705194 23.589489 -4.441484
v 6.884825 30.049837 -7.736502
v 4.992398 35.202019 -11.088265
v -4.595968 39.596931 -11.534623
v -5.644971 21.722731 -6.390537
v -5.688490 19.878845 -5.034477
v 10.321074 23.457241 3.307334
v 3.641754 32.556656 -10.584497
v -0.032362 30.009235 -10.928898
v -8.745126 19.250000 4.193688
v -10.735134 24.799246 -0.327108
v 9.012008 19.581066 2.069335
v -5.111731 37.208775 -11.766515
v -10.617622 26.028334 -0.248913
v -5.055998 13.500777 7.036232
v -3.472129 24.685555 -7.724380
v 3.200576 19.528282 -7.590168
v -4.126856 37.177586 -11.880968
v -4.369730 39.121830 -12.444870
v -4.320574 27.498117 -8.935258
v 9.669629 23.251036 2.952965
v -6.855573 14.163208 -5.153432
v 6.055906 25.002365 -6.621675
v -5.324930 20.593687 -5.714839
v -7.453772 20.589956 -3.212069
v 0.530732 24.289289 -8.525144
v 9.431385 4.868059 -5.941078
v -9.879539 24.785858 -0.366933
v 4.772943 32.867687 -10.214924
v 10.329016 0.000001 11.992039
v 6.451894 27.394760 -7.280124
v -10.757066 26.762827 -1.483111
v 3.828783 35.414169 -10.985168
v -5.193022 38.883911 -11.544431
v -4.101508 27.009411 -9.347368
v -4.122838 26.610170 -9.179830
v -3.908635 26.565714 -9.340549
v -4.103932 32.076790 -9.596439
v -1.256345 18.994829 -7.993711
v 9.816197 0.250001 13.562616
v 1.710863 18.805283 -7.804161
v -3.611401 26.438364 -9.364574
v -6.901778 15.119977 7.852072
v -4.123248 25.983858 -8.357008
v -5.339538 14.217940 -5.472301
v -6.191757 23.280138 -5.767704
v -3.737963 26.425953 -8.175915
v 2.046917 19.250000 -6.186488
v -4.166785 26.017342 -8.859843
v -4.209118 26.183195 -8.645165
v -10.176541 21.246731 2.324748
v -3.573129 20.853224 -6.926767
v -3.699478 25.567865 -7.964337
v -4.009461 24.412409 -8.008924
v 12.119581 0.250001 12.210801
v -3.770834 21.883690 -7.333958
v -2.662658 20.128057 -7.583070
v 8.602171 19.250000 0.600506
v 6.870474 14.857818 6.421238
v 6.746686 24.626776 -6.049159
v -8.944865 23.033691 -3.301310
v -2.875502 24.479301 -8.339766
v -0.591843 29.647623 -10.171812
v -0.434359 29.087666 -10.497128
v -0.574118 29.307074 -10.313598
v -9.405069 19.250000 3.538821
v -5.032209 38.649437 -12.367144
v -0.592658 30.848595 -10.496975
v -0.591497 31.427786 -10.641988
v -0.508444 21.876188 -8.470627
v -3.849354 22.756931 -7.558792
v -0.003789 20.563938 -8.401700
v -9.263514 0.000001 13.038240
v -0.501844 22.906471 -8.756288
v 6.809186 16.732180 8.076814
v -0.580841 26.709415 -9.314411
v -0.595410 27.106461 -9.552939
v -0.596028 25.961082 -9.241434
v -12.155181 0.249999 -7.201403
v -0.464382 40.980759 -13.650278
v -7.124795 16.788397 -4.722741
v -6.966241 16.250000 -2.873777
v 0.059345 27.283104 -9.008299
v -0.549287 40.648998 -13.423801
v 6.844913 23.679150 -6.852662
v -0.411054 40.407082 -13.549089
v -6.047968 15.536909 -2.656400
v -3.548390 22.558144 -7.238651
v 9.194197 19.775982 0.130866
v 9.451187 20.829226 0.069201
v -0.208483 27.324368 -10.175160
v 0.084127 29.373556 -9.573400
v 6.628077 23.123833 -6.827734
v 0.095966 20.179956 -8.286942
v -8.763158 -0.000001 -8.242678
v 0.554981 27.767788 -9.129768
v 0.416981 29.734644 -10.689384
v 0.574591 30.700129 -10.687097
v 0.422152 30.758009 -10.958548
v 0.167699 26.624163 -10.001145
v 2.051035 19.250000 -6.679983
v 0.366324 21.993958 -7.714276
v 10.026175 24.054258 -0.132606
v 0.394765 20.597889 -7.363085
v -7.383228 29.732912 -7.106171
v -9.877142 19.822710 2.779570
v 6.697937 21.747683 -5.904345
v 9.470732 0.250000 -5.715580
v 10.032489 23.422325 5.866062
v 8.864720 0.249999 -10.497751
v -4.774749 28.724611 -10.305182
v 0.268633 40.122108 -13.578371
v 6.358609 14.175072 8.461737
v 6.198844 19.250000 -3.643535
v 3.828537 22.248117 -7.477800
v 3.860505 22.816996 -7.595107
v 3.455053 30.505562 -10.047564
v 3.504027 31.023911 -10.186849
v 3.018381 20.548828 -6.688980
v -6.789011 19.250000 -5.188311
v 3.340518 19.929701 -7.675788
v -12.370640 27.773699 6.868177
v 3.301023 26.797684 -8.388319
v 3.473838 26.445417 -8.194530
v 3.372277 26.242252 -9.258429
v 4.022831 24.601767 -8.049013
v 11.033124 25.210114 2.234774
v 3.902153 30.774929 -10.452652
v 9.252568 18.807774 -2.104137
v 10.999605 27.174747 2.264271
v 3.556610 30.089071 -9.252836
v 9.326222 36.903114 -9.380888
v 9.756991 36.197563 -8.765871
v 3.574682 19.863110 -6.788753
v -5.245877 38.199032 -11.620070
v 3.659999 19.926441 -7.017725
v 6.731942 22.087400 -6.279197
v -8.283594 33.670757 -9.095213
v -0.523975 25.380205 -9.377279
v 4.262877 18.812679 -7.276935
v 4.049913 31.246580 -9.387316
v 3.758448 30.878609 -9.360662
v -0.516646 23.766207 -8.360106
v -9.622396 26.158148 -4.704211
v 4.617193 31.156857 -9.761427
v -0.575787 21.691677 -7.940465
v -7.844913 5.938307 -5.162338
v 11.672729 27.750000 1.962173
v -6.673551 14.182288 -5.339717
v 7.843060 6.054493 -5.131904
v 4.805094 32.938725 -10.424588
v 6.528087 21.183372 -6.204575
v -11.470861 26.902170 -0.953226
v 3.207559 24.656570 -8.843336
v -0.541597 36.519016 -11.825774
v -5.868556 18.785921 -6.321833
v 7.852766 5.978768 10.966039
v 4.444020 40.190388 -11.800940
v -4.864950 33.647236 -10.641305
v 8.354968 0.249999 -10.200432
v -9.666445 -0.000000 -6.570504
v 6.415310 18.296858 4.904010
v 0.289749 41.151337 -13.842119
v -3.921189 32.696922 -10.884398
v 6.802575 15.253198 7.965910
v 4.811105 39.947929 -11.590571
v -7.302117 25.564629 -6.601099
v -10.139209 20.742908 2.570561
v 10.300199 26.985125 -0.876097
v 4.092229 38.451157 -11.843959
v 9.669544 5.768733 -6.492060
v -9.071463 0.250001 9.716209
v 4.269909 38.805126 -12.294198
v 5.865422 23.310690 -6.023977
v -10.932878 0.250000 -5.908769
v -8.573379 33.059605 -8.409757
v -4.170031 15.493885 7.602553
v 6.317214 28.750000 -8.085030
v 5.146511 39.077370 -12.410420
v 5.295936 39.320110 -12.300354
v -10.509936 23.972986 -1.158613
v -3.206494 27.434523 -8.731013
v 6.689589 27.086975 -7.655630
v -10.184683 -0.000001 -7.534257
v 6.820364 19.250000 -5.027113
v -4.526558 28.016823 -9.651593
v -8.792428 34.610939 -8.514173
v 8.716772 19.828552 -0.948261
v -4.033661 24.823732 -8.087853
v 7.844914 6.072905 8.059364
v -7.844913 6.055620 8.066010
v 5.605183 21.489748 -6.339925
v 4.931139 34.473625 -10.896846
v 6.467390 20.298317 -5.783117
v 7.031361 5.896379 8.606277
v -2.346813 19.250000 -7.936097
v -3.834984 22.146814 -7.859789
v 7.464972 4.801462 8.863658
v 6.920570 5.680514 8.968403
v -7.589390 28.750000 -8.786664
v -9.227695 28.750000 -7.379554
v -8.620924 28.725901 -7.919128
v 8.410312 28.750000 -8.143003
v 8.614553 28.192335 -7.246360
v 2.895662 28.198727 -10.354306
v 9.528769 23.528282 -0.317051
v 8.316146 18.947340 -3.793811
v -0.199616 20.589710 -8.370849
v 10.879004 27.772280 3.549109
v -6.395121 20.051029 -5.852477
v 9.380606 18.914364 6.469510
v -2.527770 20.638527 -7.289981
v 6.576825 26.224104 -6.426961
v 7.186828 25.779394 -7.301771
v 4.777963 15.736115 8.279605
v 7.036407 27.489622 -7.823366
v 7.367528 18.643566 7.231668
v 6.812794 29.610851 -7.661266
v 6.840724 22.730738 -6.405078
v -1.489868 19.250000 -8.082285
v 12.285224 0.250001 11.586283
v 7.614533 30.534756 -7.274134
v -5.197608 38.534924 -11.505906
v 0.134248 32.356014 -11.545090
v 8.753302 22.429827 -4.177275
v -4.452791 29.038996 -9.319729
v 6.919764 27.750000 -8.063782
v -8.947381 18.481140 5.301701
v -7.964794 36.548969 -9.026635
v -0.234738 20.950821 -7.357823
v -6.027350 28.258419 -9.210418
v 3.380922 19.589937 -7.527514
v 0.336473 32.988358 -11.624120
v -9.025081 18.558840 6.174965
v 7.817827 37.720253 -9.509979
v -11.221581 26.708206 -0.443430
v -3.219721 19.778065 -6.505205
v -10.362695 27.750000 -1.578140
v 5.347955 27.950871 -7.506293
v 7.437348 20.261593 -3.666358
v 7.074383 4.924195 9.904934
v -11.423627 0.000001 11.577554
v 12.190506 -0.000001 -9.215333
v 7.008732 5.140853 -6.484755
v 6.752978 14.203427 8.205638
v -4.456151 14.395424 7.296938
v 8.516822 20.178902 -3.440235
v 4.979850 35.138168 -10.830996
v 9.305045 19.976284 2.033433
v -5.098558 13.467106 -4.062478
v -4.616367 14.331077 -3.690541
v -4.521915 30.896942 -9.554873
v -6.268702 24.764858 -7.144582
v 8.560366 21.568190 -3.041504
v -5.957750 22.985550 -6.757397
v -4.233367 29.267422 -9.972020
v 8.458977 19.649101 -0.154836
v -8.002463 31.177450 -7.508530
v 12.017302 0.250001 10.064275
v 9.347737 6.777062 10.088215
v -10.317572 -0.000000 -5.721865
v 3.391837 24.455652 -8.858417
v 8.303782 2.438477 11.324334
v -10.490817 24.792570 -0.191355
v -9.273859 0.723462 -6.957688
v -8.750138 26.417419 -4.115992
v 9.806176 4.330967 10.775021
v 1.586530 19.249710 -8.062918
v -6.204849 14.172201 -5.571631
v 7.251749 11.141767 -4.263204
v -9.689056 0.560431 12.108242
v -4.270542 26.886951 -8.816444
v 8.675139 0.920775 11.509709
v -4.093817 40.792648 -12.962840
v 9.097687 1.572773 -8.908939
v -3.440713 29.872789 -9.967301
v -0.162509 39.889637 -12.405011
v 3.694845 16.000000 -2.427026
v -11.594460 26.722725 8.359833
v -7.744665 34.205917 -8.221957
v 9.270734 21.859913 2.502991
v 8.548376 34.191040 -9.102086
v 7.638363 34.345150 -8.909606
v -3.851088 40.505981 -12.701003
v -9.224236 19.639475 4.817435
v 9.011457 1.004485 -8.904765
v 11.818264 0.250001 12.708541
v 9.401455 23.240034 -0.960652
v -6.966241 16.500000 -3.575155
v 9.257722 22.832588 -0.846153
v 9.018477 36.060131 -9.280021
v 10.617937 26.991436 -1.435001
v -8.676698 20.954985 5.179809
v 8.929147 26.830364 -3.978747
v -9.492908 35.638584 -8.255324
v 6.895266 29.417625 -7.990445
v 10.382312 2.237016 11.001858
v 10.430914 2.011461 -8.120183
v -9.490263 0.249999 -10.658506
v -0.266547 32.369820 -11.500053
v 7.710231 31.335779 -8.635628
v -4.761432 36.604710 -10.790397
v 6.580102 15.315388 8.195029
v 9.186875 21.118242 2.276001
v -3.720185 28.738577 -10.685786
v 8.580931 20.701548 -3.150920
v 6.975695 23.379694 -6.339821
v 10.571695 22.979170 7.163135
v -2.536759 19.557858 -7.346574
v -8.624887 19.718555 6.379875
v -7.041112 29.215940 -8.104688
v -3.065238 25.829237 -8.324675
v 10.797007 23.207087 2.777777
v 10.181479 24.035339 2.180398
v 9.879026 23.753096 3.088993
v 10.063725 23.630983 3.257952
v 6.949046 23.653854 -6.705515
v -9.895144 1.158353 11.956697
v 10.749830 0.681535 11.255669
v -10.561670 0.690913 10.400370
v -0.435731 33.703960 -11.734429
v -3.914046 23.223536 -7.727468
v 10.734881 0.744324 -8.327135
v 10.231809 24.742708 3.203439
v 10.269405 24.341867 3.282045
v 10.248429 22.170082 3.184676
v -8.741063 23.074368 -3.191623
v 4.075121 31.856585 -10.734330
v 11.160593 25.958334 -0.571546
v -11.361168 26.742567 8.360765
v 8.793447 26.389849 -3.979742
v -4.133484 25.652723 -8.771412
v 11.468079 26.841833 -0.803524
v 10.061035 24.399799 -1.316830
v 6.628182 6.191047 -6.492410
v -9.489883 24.490665 -4.061277
v 11.305216 25.152763 2.614104
v 10.626936 26.570724 2.423246
v -11.332424 25.301619 2.576979
v -8.362934 5.500000 -4.881438
v -8.033718 36.964642 -9.347590
v 4.694430 33.224026 -10.862748
v -7.983110 35.744446 -8.563273
v -8.188498 23.731695 -3.607806
v -8.508103 25.080696 -3.771187
v -8.175815 23.935328 -3.889701
v -5.408378 20.946836 -5.674082
v 0.449120 33.803234 -11.744008
v -3.978203 23.817705 -7.910868
v -9.628390 20.005812 3.161664
v -11.131201 0.249999 -9.085057
v 6.085413 22.255726 -6.708660
v -4.161017 33.911247 -10.077497
v -4.941653 36.554253 -10.910663
v 5.091738 13.518991 -4.956204
v -4.195615 35.728840 -11.662155
v -0.356621 23.424866 -9.047727
v -0.539971 23.750469 -8.913587
v -3.367289 23.124037 -8.525300
v -0.546967 24.464470 -9.089123
v -0.596909 24.736967 -8.929591
v -0.539852 37.983212 -12.213072
v -6.476087 14.232302 -5.466497
v -0.159104 39.422581 -12.278594
v -0.137561 37.991508 -11.887995
v 8.044636 36.720699 -9.440798
v -4.062511 33.698711 -11.164744
v -0.428072 34.270817 -11.056110
v -0.442045 34.814632 -11.215650
v -0.169824 34.692894 -11.014261
v -0.236712 33.398830 -10.673936
v -0.150728 31.594933 -10.176970
v -0.335991 31.999296 -10.372407
v -0.543326 36.044411 -11.703044
v -0.424784 35.850090 -11.476642
v -10.813111 24.843084 -1.130466
v 0.172241 25.176262 -9.612045
v -9.860136 24.911186 -1.103478
v 0.572525 32.111469 -11.070067
v 0.465091 31.907757 -11.214266
v 0.592715 34.147125 -11.373466
v 0.581890 33.014606 -10.997760
v 0.597629 36.123718 -11.989889
v 3.064594 20.856041 -6.762709
v 3.663334 33.141727 -10.672618
v 11.172011 0.249999 -7.533885
v 3.716646 34.163342 -10.724174
v -5.940496 13.606062 -3.439450
v 9.610325 5.743857 -6.256850
v 4.453729 33.808811 -11.208557
v -6.264013 27.955807 -6.912852
v -10.369356 25.080856 -0.187787
v 4.894162 34.891003 -11.203793
v 7.027497 23.696360 -6.500309
v 0.575768 22.278793 -8.424555
v 9.044277 23.532799 -3.357885
v 7.236794 25.196400 -6.963582
v 5.328674 39.224850 -11.827541
v 9.183688 24.395206 -3.448277
v -0.261532 27.502234 -9.124486
v 9.926013 25.550915 -0.794150
v -11.025836 26.899298 -1.482451
v -5.229541 13.615586 -5.214921
v -9.639934 0.250000 -5.743560
v 10.537838 26.124985 2.371488
v 10.703978 27.272678 2.668774
v -8.794913 6.000000 -5.316759
v 10.413941 26.195333 2.662938
v 0.365974 28.445770 -10.958370
v -10.708467 0.938772 11.032027
v -9.746080 24.448530 -1.081960
v -10.092978 2.237568 11.469376
v -10.296948 2.138141 11.264918
v -10.273356 2.137675 -8.363774
v -3.369236 19.250000 -6.086656
v -10.369954 25.357689 3.193537
v -10.042645 2.841141 11.242979
v -10.111472 23.935028 -0.112459
v 8.845400 37.566685 -10.016376
v 6.917545 14.196440 8.017816
v -10.056468 23.769087 3.238305
v -9.810833 23.421730 3.106515
v 8.806482 5.999485 -5.326053
v -8.269338 19.225643 4.355829
v -8.283612 19.235161 3.267189
v 9.283130 1.422023 9.623578
v 9.292077 19.250000 -1.274973
v -9.999536 27.464611 -4.001371
v -9.268701 20.562851 3.194946
v -9.270883 21.587902 2.342170
v 8.977562 21.573299 -0.248408
v -10.112010 24.027449 2.213112
v -9.414254 22.235634 2.403682
v -8.251060 34.994724 -9.409425
v 8.650747 34.735008 -9.204469
v -10.792076 24.733105 3.312333
v -9.650424 0.654625 -9.152934
v -9.638081 20.081249 -0.202719
v 9.301317 6.687768 8.684602
v -3.628432 31.919209 -9.816252
v 5.750695 11.125847 8.616368
v -7.929453 18.999054 5.754317
v 10.339049 23.291620 5.831889
v 4.294527 32.734276 -10.949266
v 10.004781 26.764765 -4.307944
v 8.324773 19.737282 4.960443
v -9.643960 21.083712 0.002950
v -9.820411 26.466843 -3.905233
v 3.273623 27.386667 -9.400951
v 6.034251 10.828239 -4.493253
v 8.234089 31.891569 -7.748546
v -8.815553 19.894695 2.307808
v -8.690216 3.687789 8.847124
v -6.072486 14.116216 8.524089
v -6.611142 22.337021 -6.580722
v -8.516035 35.893600 -8.408376
v -9.757434 21.600515 -0.022299
v -9.466677 26.995794 -4.936407
v 10.254543 -0.000001 -9.219871
v 8.476271 34.902733 -8.227997
v -9.145441 25.432825 -4.709561
v -10.106344 24.970026 -0.244173
v 9.645596 0.250001 9.489328
v -8.900731 19.732168 6.474459
v -10.907580 -0.000001 -7.096370
v -7.384587 4.036121 9.842943
v 6.982290 12.607955 -5.601490
v -9.324683 19.250000 0.444225
v -8.647446 5.951658 -8.057518
v -8.882414 6.377690 -7.831916
v -9.432449 2.527803 -8.764369
v 12.154042 27.952168 2.391397
v -9.743608 23.160597 -0.082195
v 9.065411 20.553778 -1.068205
v 7.074716 24.175169 -6.328910
v -8.590924 20.906057 -3.124839
v 0.057145 28.750000 -10.885759
v 7.719868 11.643221 -5.482641
v 6.515596 26.517214 -6.560759
v -7.421464 31.399466 -8.578565
v -9.659999 26.308828 -3.758905
v -8.794913 6.065795 8.232916
v -4.712773 35.684566 -10.572672
v -8.670772 20.947964 -3.646791
v -8.944310 22.573895 -4.054045
v -5.994276 22.416710 -5.600909
v -6.823944 6.402783 10.224727
v -7.421151 5.653996 -5.465709
v -11.294506 0.249999 -10.281289
v 7.906056 22.530518 -3.919439
v 10.662653 23.335674 2.289987
v 6.912476 23.287851 -6.098114
v -7.400517 12.293138 8.031484
v -10.455094 26.505859 -1.384781
v 0.498362 33.307503 -10.886115
v -7.650163 30.055059 -7.197709
v 8.325907 0.250001 10.886285
v -7.812540 31.900513 -7.562892
v 10.354501 0.000001 12.361024
v 8.496720 35.034233 -9.386218
v -6.911269 25.438452 -6.229622
v -6.585831 10.002545 7.231130
v -6.436475 27.315649 -7.244820
v -5.083358 39.907700 -11.644646
v 3.238730 26.602839 -9.234403
v -9.510712 19.044470 5.433002
v -10.116183 0.250000 -5.751018
v -5.594910 22.094910 -5.926031
v -5.452476 19.812157 -5.115292
v -5.281960 19.727430 -5.256384
v 11.240606 27.750000 3.840141
v 7.515239 11.656185 -5.894208
v -5.458666 21.401133 -5.976107
v -4.477637 36.506241 -11.914094
v -5.495541 20.891500 -5.467386
v -0.721595 28.750000 -9.160994
v -9.010003 21.615530 -0.899998
v 7.283243 25.243473 -6.710270
v -4.816410 38.754749 -12.477480
v -4.973947 39.035172 -11.406374
v -8.729178 3.247730 -8.607154
v -4.973340 38.345692 -12.304098
v -8.825467 25.712683 -3.664773
v -4.169150 39.338367 -11.993673
v 7.599375 28.049829 -7.913832
v -3.932445 27.476900 -8.467240
v -5.292946 20.234604 -5.872336
v -9.520796 19.642784 5.018279
v 6.256371 10.874587 7.256341
v 6.533609 20.709240 -5.645875
v -9.453352 20.042593 -0.930359
v 11.320681 27.480007 7.222114
v 3.372156 18.969893 -7.653885
v -4.392416 31.986876 -9.636181
v -3.449475 30.953472 -9.782483
v 8.174512 20.494383 -2.817869
v -3.497080 31.516630 -9.929129
v -3.758402 33.448078 -10.207613
v -3.567928 32.321320 -10.130187
v 3.010135 24.583101 -8.662808
v -0.173907 29.074152 -10.654182
v -3.429902 26.750648 -9.394123
v -4.002232 25.661707 -8.988767
v -9.768618 -0.000001 -7.998888
v 6.888576 26.882357 -7.691292
v -3.342267 21.523062 -6.948608
v 8.681897 21.360296 -3.174489
v 8.103384 9.597304 -6.519097
v -3.703927 32.552956 -10.684388
v -3.925008 35.256847 -11.346283
v -3.890428 34.560314 -11.207080
v 0.476024 40.081451 -13.391582
v -6.763702 6.111553 -5.932581
v -9.303603 6.677242 -5.753005
v 4.834928 16.505949 -5.504831
v -0.539671 20.055515 -7.412831
v -0.415811 27.390350 -9.205048
v -0.367367 26.255919 -8.850621
v 9.336195 19.761665 4.865922
v -0.381128 25.657518 -8.704497
v -9.347348 27.272110 -3.808423
v -10.018208 0.249999 -9.728483
v 5.315877 39.826241 -12.463428
v 0.358010 19.599237 -8.018782
v 0.270295 40.837502 -13.769032
v -8.058317 30.163086 -7.579467
v -10.349266 25.937475 -0.310600
v 10.159909 0.000001 8.581660
v 3.380805 19.250000 -6.093557
v -8.301299 31.555561 -7.919532
v -3.710192 22.528816 -7.339540
v -7.632990 33.418308 -8.037624
v 0.470670 41.256996 -13.714104
v -8.621527 0.249999 -9.139322
v -0.158683 21.452593 -7.462206
v -10.289823 22.086157 5.692640
v -10.138710 25.197409 2.797216
v 0.334845 26.214247 -9.809566
v -0.418161 25.168699 -8.610273
v -6.794213 6.406796 -7.234818
v -10.455143 27.239883 -0.609416
v 10.055383 24.286263 3.140120
v -7.456614 11.645577 -5.967138
v -6.304970 13.032156 -3.680143
v 0.322475 38.290279 -13.057339
v -7.086701 25.150454 -6.305192
v 3.569904 30.098652 -10.149596
v 3.691018 31.108774 -10.427842
v 0.267026 31.210159 -11.188715
v 6.969759 16.503517 6.403471
v 3.038801 24.920956 -8.012334
v -12.291306 0.000001 10.298002
v 0.365801 33.788021 -10.873685
v 3.723377 25.582800 -7.972053
v -10.073690 25.037653 -1.289405
v 7.021424 14.908240 -3.810750
v -8.927712 3.538712 -8.584667
v 3.270164 27.063179 -9.342497
v 3.685827 29.730066 -9.056333
v 6.966241 16.500000 -3.575155
v 6.796813 6.067240 -5.892059
v -9.238062 19.631540 6.410942
v -9.591537 20.602768 4.976235
v -3.294694 22.508020 -7.172832
v -10.595757 22.567474 5.859114
v 4.320590 40.224522 -11.966934
v -6.101535 15.142001 -5.551938
v 4.297292 39.254253 -12.389370
v 4.440791 38.928547 -12.454810
v 4.889599 38.933834 -12.510769
v 6.530436 27.431883 -6.937319
v -7.494110 11.653548 8.864437
v 4.458575 29.378601 -9.304894
v 0.167417 23.387238 -7.983902
v -9.776950 22.694082 2.171332
v -6.549272 13.111438 -3.724284
v -6.408604 15.267314 8.336505
v 5.382418 20.826143 -5.672152
v 11.752863 27.467758 3.235892
v -5.078957 13.363119 -4.352765
v 7.526300 6.006546 10.832672
v -9.763921 20.998816 -0.943385
v 10.277326 25.076452 3.169221
v -3.130518 27.412207 -8.946303
v 5.775434 21.813236 -5.540647
v -9.981804 0.250001 12.653726
v 8.060510 10.906913 8.873669
v 5.834024 20.687048 -6.379304
v 5.779405 21.230675 -6.450090
v -7.209344 6.168889 -5.335243
v -6.783209 10.209902 7.142463
v 8.059300 19.622637 5.396293
v 3.943005 34.299850 -10.300366
v 11.275274 0.250001 11.708401
v 6.671038 6.692777 8.899411
v -4.577453 14.316986 6.715037
v 8.352977 0.250001 11.727376
v -0.230864 25.149582 -8.478539
v 6.734343 29.133966 -7.556393
v -12.094060 27.771482 3.660669
v 7.755100 18.882818 2.146079
v -10.260849 24.948456 3.184443
v 7.401922 27.169975 -7.608423
v 7.045846 29.819918 -7.273921
v -7.483097 9.504516 7.349774
v 6.841413 9.991216 9.765153
v -8.922907 0.000001 10.235310
v -11.570802 27.789450 -1.512500
v 10.013050 0.000001 9.408768
v 10.924289 23.961153 3.021261
v 7.424365 27.299229 -6.742151
v -3.706737 27.976879 -9.900218
v 10.965459 26.880257 3.347856
v -9.420965 6.873248 -6.866756
v 6.971403 30.575403 -7.865438
v -11.407153 26.239729 2.328480
v 7.349855 32.132690 -7.840447
v 5.228027 40.293747 -12.739429
v 8.769307 6.606651 10.744155
v 6.235689 27.750000 -7.456503
v 8.373102 5.703241 -8.155473
v -7.040394 11.069503 -4.182682
v 11.954106 -0.000001 -6.979178
v 0.583480 19.514439 -7.394004
v 8.872797 20.590946 6.700274
v 0.477470 32.506832 -10.644829
v -7.063667 6.692593 8.349939
v 8.107376 21.934557 -3.045152
v -3.281463 29.088097 -9.346129
v 8.063107 30.563253 -7.547876
v 8.078653 19.707638 5.627841
v 8.335621 35.684887 -9.552990
v 7.124989 24.285065 -6.568832
v 9.045628 6.847052 10.458352
v -3.194216 27.771374 -9.848696
v 9.396775 22.353819 -1.129766
v 7.606319 28.747381 -8.772813
v -0.596702 25.647736 -9.204330
v -9.709029 19.242788 6.114362
v 8.290071 1.961704 11.220206
v 9.521780 4.663887 10.953419
v -0.357745 28.750000 -9.094712
v -3.774984 34.608421 -10.989450
v 12.100819 25.924965 7.220696
v 8.273432 35.688068 -8.374830
v 0.106614 28.039001 -8.881948
v -3.753925 27.439497 -8.421074
v 11.586792 27.750000 3.853833
v 9.804759 23.756168 2.476368
v 9.153094 22.262342 -0.297876
v -6.244681 13.617032 -3.480268
v 3.176239 22.282663 -8.304265
v 3.044107 21.250923 -8.032621
v 7.519203 0.250001 12.164429
v -4.539019 33.742836 -10.078074
v 10.154107 2.544388 11.246919
v 9.642745 20.946579 -1.024819
v -4.941633 28.227003 -9.693015
v -9.854285 19.733820 2.476865
v -5.018412 36.929672 -11.045525
v 10.063534 2.149395 -8.593847
v 7.429792 29.195593 -8.179994
v 9.202885 20.888342 3.110506
v 9.111211 21.097301 2.939360
v 6.608827 6.780017 9.217911
v 9.904088 20.361961 3.017557
v 9.926300 24.230024 2.499402
v -0.332430 23.361792 -8.053739
v 10.007305 27.388412 -4.016604
v 8.339399 32.847599 -8.805158
v -8.844773 18.378531 -2.910384
v -8.786907 19.250000 1.364047
v 8.363476 32.060230 -7.958460
v -3.350329 18.967657 -7.661848
v 0.538594 22.264278 -7.998588
v 9.923885 0.753397 -9.117173
v 11.033851 24.464172 3.068720
v 7.831375 11.497570 8.196323
v 11.940351 27.479591 2.840550
v 10.994764 26.078039 3.370972
v -11.637656 26.756258 3.131720
v 10.857923 23.551050 2.510360
v 10.949676 26.632839 -1.466859
v 11.060454 26.323250 -1.356867
v 11.361339 27.104681 -0.486861
v 10.168364 2.649964 -6.919247
v -9.879519 21.718513 5.391720
v -10.422094 25.136715 2.232493
v -8.894836 24.277685 -3.347933
v -8.828125 23.518320 -3.252509
v 8.250664 9.520454 -6.329184
v -9.237806 -0.000001 -9.875468
v 4.500917 29.913637 -9.858085
v -5.012938 35.614746 -10.909506
v -4.890412 34.377087 -10.559473
v -3.805846 34.146908 -10.404578
v -5.113011 36.745659 -11.204339
v 8.113289 10.759855 -4.972422
v -3.625076 32.973564 -10.535865
v -8.075118 31.383785 -8.518051
v -6.063901 15.124597 8.494585
v 8.955707 18.489466 5.759757
v 7.509158 6.234752 8.081641
v 0.533151 39.136326 -12.505253
v 0.350042 39.198696 -12.309675
v -8.926099 3.281603 -6.057174
v -6.337506 9.852764 -6.614941
v -0.593489 32.006081 -10.810709
v -10.770122 27.769384 2.116814
v 9.250518 18.784275 -0.360623
v 9.632010 3.801258 -6.242259
v -6.443533 10.988438 -4.214494
v 7.469392 10.157978 9.728791
v -5.713487 15.073404 8.552663
v 0.194021 31.801821 -11.377702
v -5.864163 14.052760 8.548079
v -3.601027 31.524313 -10.408257
v -8.837725 37.576752 -10.023870
v 0.048565 33.274513 -10.613239
v 3.169338 24.846043 -7.865754
v 0.195347 36.137321 -11.410466
v -6.458772 13.737229 6.451715
v 4.079469 35.751892 -10.658786
v 4.759126 33.565937 -10.898026
v 4.948158 34.711525 -10.971455
v -10.950782 26.887936 8.160564
v 4.877319 35.049637 -10.596008
v 8.268290 24.291849 -3.820995
v 8.520749 25.411404 -4.230801
v -6.625336 6.773530 9.139152
v -0.392685 41.302662 -12.908327
v 10.364298 25.459690 2.350798
v -5.938013 23.209047 -5.892925
v 10.888012 27.402170 3.211318
v -11.141244 26.414095 -1.320235
v -10.673053 25.716566 3.327476
v -7.336915 0.249999 -8.074717
v -10.470688 1.556063 -8.387079
v 4.270580 31.840876 -10.711557
v 9.563540 23.841871 -1.009811
v 7.238883 11.184280 7.200850
v -10.439562 1.381410 -7.294682
v -10.436198 24.915817 3.301821
v -5.546406 28.004400 -7.345344
v -7.281226 6.718839 10.665906
v 8.120640 19.574270 5.138608
v 9.703699 19.237457 1.845288
v 1.795028 19.196028 -8.071132
v -9.789738 27.382469 -3.849465
v -6.266884 13.430309 6.517685
v 12.244843 26.470026 7.588943
v 8.410817 19.751425 -3.132078
v -7.838190 5.497198 -4.839634
v -9.555535 20.040628 2.070607
v -10.019013 21.479773 2.134752
v 11.353048 25.755739 6.526342
v 3.629846 19.593040 -7.155815
v -3.377623 30.090834 -9.849445
v 10.656559 24.943655 -1.299405
v -7.172184 24.885065 -6.430222
v -10.427989 21.985706 5.865350
v -3.252716 41.053288 -12.613021
v -10.380462 24.324553 -0.165422
v -0.037975 18.642929 -7.641810
v -7.340706 11.061033 -4.284913
v 8.361843 10.163467 8.733377
v 6.049063 10.504529 9.276976
v -9.442094 1.527965 11.917996
v 6.461837 8.157105 9.953330
v 7.204243 30.898167 -8.373627
v 3.510648 25.447279 -9.112138
v 10.094743 35.915379 -7.818815
v -9.703335 26.552320 -4.767275
v -8.521111 37.666935 -10.110471
v 0.029325 40.871655 -13.841499
v -5.018873 13.594728 7.825735
v -9.276727 26.547222 -4.867067
v -8.498981 20.950209 5.390676
v -9.314170 6.534220 10.281230
v -4.995007 38.602848 -11.326801
v -0.376498 25.904154 -9.698616
v -7.226187 32.079475 -8.092192
v -1.938527 19.250000 -7.143542
v -7.689035 5.522163 10.943350
v -8.344344 4.582123 -8.339499
v -8.338613 3.387295 -8.448077
v -11.277153 0.249999 -7.974384
v -11.853556 0.000001 9.552654
v 12.245094 27.019445 7.430187
v 6.251580 10.812752 -4.326432
v -3.725923 34.135258 -10.594790
v 9.765092 23.221054 2.301618
v -9.112669 2.128117 -8.840692
v -9.565138 3.668450 11.317006
v -10.314322 26.680212 -1.209834
v -8.559254 20.375378 -3.249154
v -7.162371 9.392570 7.351239
v -9.696310 19.230068 5.434243
v 7.886732 8.120877 10.464712
v -7.958668 29.371370 -7.720310
v 8.241174 10.180371 -6.169633
v 10.434108 1.920890 -7.376029
v -6.760013 5.847938 -6.316237
v -7.205166 19.469191 -3.430765
v -7.499944 27.332064 -7.568221
v 12.280167 27.524763 7.504318
v 5.072323 40.240292 -12.822715
v -7.124187 29.867758 -8.228911
v -7.269432 32.332123 -8.363100
v -3.368384 24.109301 -7.581222
v -6.954752 30.468809 -7.779695
v 0.479310 33.127388 -11.523204
v -6.974293 24.859716 -7.158013
v -8.420695 36.516071 -8.552531
v 7.480320 10.159464 -6.808503
v -6.642592 22.897953 -6.749384
v -4.905549 19.250000 -6.157029
v -11.469302 0.000001 10.439653
v -9.441642 23.402195 6.547440
v 10.785027 0.559381 -8.036366
v -10.747720 0.767314 -8.100062
v -3.996797 37.098545 -11.299010
v -6.417910 14.096732 8.441175
v -5.920023 9.459469 8.630253
v -4.779005 39.295525 -11.424958
v -4.081225 38.328362 -11.803645
v -0.834627 19.250000 -8.159058
v -6.536273 9.283107 -4.632423
v -3.946547 27.302792 -9.538574
v -3.583313 29.951420 -10.129682
v -3.780926 30.821020 -10.424196
v -7.482001 10.175855 -6.803612
v -3.768737 25.723776 -9.154316
v -3.529342 25.841728 -9.211316
v 5.903881 21.022539 -5.269063
v 8.060016 10.184487 9.364356
v 5.067134 39.843605 -11.623077
v -8.249899 10.121186 9.119389
v -3.550007 21.101265 -7.878516
v 7.503405 9.499017 -4.438915
v -0.297758 29.448038 -10.703197
v -0.082380 29.358784 -10.747828
v -0.231961 30.857531 -11.108624
v -5.329543 39.236782 -11.830123
v -0.436564 21.792746 -7.721357
v -3.518390 22.604248 -8.355730
v -0.426973 22.823471 -7.988770
v 10.271148 25.214163 -0.216235
v -0.494306 26.576481 -9.077908
v -0.532435 25.758320 -8.923413
v 0.084512 39.871765 -12.384995
v 0.050561 33.725708 -10.734322
v -0.070209 42.347610 -13.838568
v -6.629554 18.923752 -5.733625
v -0.365860 39.503082 -13.347362
v 8.328076 0.249999 -8.680572
v -7.622471 33.773899 -8.919162
v -8.326666 10.140102 -5.961971
v 0.189621 30.301451 -9.845193
v 0.408591 30.094004 -9.918533
v 0.198695 30.849998 -9.995743
v 0.408904 30.781231 -10.102575
v 7.058758 6.596352 -7.575808
v 0.392773 26.752285 -9.911131
v 8.794913 6.000000 8.251479
v 7.428726 7.715181 -4.640468
v -6.773481 15.836928 -3.227345
v 2.623185 20.858553 -7.075590
v 2.753590 21.428158 -7.102623
v 0.220893 23.061668 -7.916313
v 5.849746 10.078832 -4.937770
v 0.377924 31.450438 -10.257787
v 3.340417 21.473333 -6.924556
v 7.613281 10.932180 -6.444885
v -7.278564 10.834353 9.575341
v -4.922555 19.250000 -6.553123
v 11.733602 -0.000001 -7.624998
v 6.042264 9.632394 9.180657
v -9.279018 22.963184 6.134345
v 4.532280 29.821009 -9.625132
v -11.026448 0.250001 10.199444
v 4.077136 31.775986 -9.520083
v 4.404164 30.876474 -10.353460
v -8.176615 10.173594 -6.269753
v -5.256984 38.313789 -11.894420
v -0.401221 39.994904 -13.447564
v -9.090693 20.115915 2.109970
v 9.424005 27.750000 -3.716306
v 10.351264 0.250001 12.557050
v 10.044298 0.249999 -9.715465
v 5.936089 9.388834 8.623823
v -8.078372 19.641979 5.301657
v -9.008792 0.542762 11.830847
v 2.832671 28.750000 -9.602526
v 5.354990 20.721739 -5.909696
v 0.219522 29.012562 -10.618764
v 4.045722 37.280186 -11.255319
v 4.118982 38.334061 -11.566041
v 9.569307 0.250000 -6.588020
v 4.702383 37.086109 -10.859519
v 4.473253 37.103695 -10.877990
v -5.024288 13.442389 7.353686
v 6.492859 27.380068 -7.446383
v -8.418233 19.737185 -3.174272
v -3.221382 19.235273 -5.788310
v 6.006009 20.407499 -6.317770
v -3.127017 26.987068 -9.104837
v 6.324634 20.539068 -5.338727
v 6.407554 20.193548 -5.453545
v -8.999195 20.499884 4.887682
v -9.580057 0.249999 -9.657276
v 9.640959 0.249999 -9.713934
v -4.466695 14.373610 6.973921
v 9.091225 22.403181 6.226177
v -0.728981 27.750000 -9.220677
v 6.863425 26.244913 -7.559699
v 6.786343 26.561319 -7.614671
v 7.037001 26.569090 -7.617390
v 7.591644 27.348408 -7.417613
v -8.625064 5.085146 -5.470949
v 3.724804 28.746454 -10.692472
v 6.054531 9.992084 -4.658733
v 7.773101 29.076155 -7.176017
v -9.761453 20.534658 -0.244630
v 6.153031 25.536768 -6.945256
v 6.126010 9.469312 -6.317620
v 7.116051 31.118383 -7.738864
v 7.161852 29.187187 -8.154754
v -6.954031 29.928038 -7.428010
v 7.463910 30.955147 -7.386387
v 6.390356 18.292189 6.600786
v 7.281772 19.668018 -3.546833
v -6.546420 15.769317 5.875834
v -9.829706 20.497461 5.124630
v 4.133428 38.948162 -11.916855
v -4.055835 33.535545 -10.000961
v 7.247137 31.927937 -8.416430
v 9.423553 6.822331 9.002224
v -3.030239 25.992460 -8.822454
v 3.752173 34.542027 -10.777000
v -8.189096 19.742809 -2.806301
v 9.271189 5.858665 -7.739618
v 3.390860 30.351963 -9.838895
v 7.923029 20.976515 -2.894989
v 8.532094 0.249999 -9.035441
v -10.632369 0.250001 12.419431
v 7.563376 21.036697 -3.257588
v 7.878196 8.376683 10.456593
v 0.021251 29.062172 -10.676312
v 9.471170 22.645668 -1.147974
v -7.999012 9.009718 10.087693
v 4.851405 33.926003 -10.875569
v -7.430937 9.498105 -4.408488
v -4.254018 39.820614 -12.384225
v 8.281980 1.440808 10.655258
v 3.860628 24.246101 -8.645344
v -0.492014 39.414982 -12.514656
v 9.072161 4.041473 11.388543
v -5.652594 22.099947 -6.385867
v -8.920058 18.453817 5.740575
v 0.573051 29.046110 -9.903324
v 3.027792 22.335777 -7.188186
v 7.443076 9.562554 7.322372
v 6.162689 9.225343 7.981638
v -4.950733 37.761494 -12.139742
v 4.376621 28.132528 -9.841085
v 11.312798 0.249999 -8.339913
v 8.896955 1.043882 11.754190
v 6.098027 9.315348 -5.058411
v -0.000000 29.092749 -9.487201
v 9.633493 5.156354 9.138012
v 9.670178 5.646658 9.322847
v 8.053650 5.500049 11.086262
v 9.161643 4.689486 -5.769041
v -8.909745 4.981966 -5.582613
v 9.241933 0.249999 -9.603696
v 4.847918 34.471886 -11.112417
v 9.300385 23.136866 -0.699380
v 9.993577 24.980238 -0.321056
v -2.738380 21.174122 -7.030276
v 10.026510 22.234800 -1.070662
v 9.378374 25.422459 -3.577524
v -11.822976 25.378878 7.510437
v -11.047735 0.250001 12.071140
v 9.405669 1.679159 -8.953558
v -7.047479 10.217064 -4.192278
v -8.384321 10.121972 -5.629405
v -5.695039 10.928799 -5.162034
v 4.685444 31.771498 -9.978416
v -3.373616 28.750000 -10.363060
v 0.277827 18.827972 -7.826850
v 8.998581 20.805468 2.454757
v -11.245173 0.250001 11.745471
v 4.622423 41.333447 -12.102445
v 9.718211 0.249999 -10.693600
v 7.959375 27.750000 -7.235459
v -8.813167 36.908470 -9.779884
v 9.923307 23.757805 2.299201
v -6.285341 9.965759 7.397655
v -10.390194 26.133163 2.838712
v 10.631796 0.628619 11.605617
v 8.259841 19.250000 1.371087
v 10.487249 24.996067 3.313038
v 10.876581 23.500130 2.772629
v 10.589140 25.344027 3.323682
v -2.611386 20.947296 -7.142630
v 10.689770 25.863281 3.324040
v 10.919518 25.792814 -1.324905
v 10.886153 0.249999 -9.174672
v -10.728740 0.249999 -9.459148
v 9.096454 21.951340 -0.920517
v 11.173450 25.720573 2.249400
v 10.932718 25.743341 2.171126
v -9.610210 25.073931 -4.199636
v -6.547338 23.794725 -7.038433
v -5.169641 37.554718 -11.370767
v -5.048871 37.328873 -11.141531
v -4.618787 28.750000 -8.943697
v 11.163270 24.890957 3.055842
v -4.363378 37.269001 -12.065898
v -0.963751 19.250000 -7.200800
v -0.535095 24.570005 -8.608204
v 8.311170 21.126631 -2.908744
v -0.453232 22.330046 -7.885572
v -10.779520 27.137188 2.434705
v -0.267785 40.571415 -13.699204
v -6.244602 21.067158 -6.417783
v -7.237118 25.785509 -6.486537
v 4.046250 35.343346 -10.553386
v 0.597717 38.643860 -12.647895
v 0.360148 23.653351 -9.106411
v 0.129724 24.668339 -8.316423
v 5.955832 9.482427 8.889050
v 0.226814 25.478661 -8.564823
v 0.288411 32.517010 -10.478997
v -8.363777 9.962514 8.188714
v 0.315476 33.395832 -10.731586
v 0.582107 34.289307 -11.617012
v 0.498012 34.196346 -11.784557
v 3.840553 34.870178 -10.633010
v 3.986637 34.711739 -10.397671
v -3.527625 27.490364 -8.470139
v 5.015314 37.979641 -12.162024
v 4.866461 33.663582 -10.644162
v 4.916740 34.230259 -10.778163
v 6.938181 24.179283 -6.111922
v -5.066157 35.941799 -11.222791
v 9.488397 19.526634 -0.699465
v -5.768266 23.115896 -6.121196
v -9.902695 1.882728 11.732641
v -4.960721 13.566197 7.575169
v -8.268986 20.319553 5.995238
v -3.451982 30.913227 -10.042036
v -10.518783 25.569881 -0.216447
v -10.777152 25.414438 -0.280446
v 8.998784 2.465772 9.267183
v -3.504350 30.626076 -9.506615
v -9.306813 5.008292 -5.823179
v -10.257896 24.291479 3.281694
v -10.821567 24.350588 3.243320
v -6.991782 6.637054 10.452594
v 6.281196 9.759765 -6.571217
v -8.871543 35.369213 -9.200192
v -8.791253 34.904900 -9.108088
v -8.925010 35.205700 -8.912662
v 12.269955 0.250001 10.555297
v -7.013445 30.145044 -8.141825
v -8.800235 19.250000 -2.974391
v 3.799487 30.006531 -10.247467
v 6.625442 27.393827 -6.777838
v -10.413255 24.368498 2.144853
v 6.347007 26.786766 -7.090559
v -7.804887 35.427368 -9.106585
v -7.463960 20.762617 -3.449346
v -7.477847 33.474396 -8.679645
v 8.671144 20.727457 -0.496023
v -10.785627 -0.000001 -9.173471
v 6.844355 9.332395 7.405085
v -10.176470 24.505569 -0.156946
v -0.095891 24.752790 -8.334563
v -9.458098 23.225330 -1.042120
v -8.221236 36.712868 -9.650290
v 3.806164 23.315752 -8.383307
v -8.418589 21.448208 -2.967428
v -0.343890 41.999588 -12.710872
v 8.794913 6.071448 -4.739563
v -5.070464 36.888878 -11.705728
v -5.720493 28.442465 -9.600530
v -5.717720 10.135875 -5.494828
v -9.420762 22.664043 -1.108335
v 7.891572 10.919827 -6.201025
v 0.243536 27.432718 -9.095284
v -7.560529 4.453026 10.776066
v 11.339595 27.453287 8.257455
v 8.160756 10.853479 -5.655293
v -8.732271 2.068492 11.651049
v -8.646483 1.609560 11.579947
v 6.484647 10.090321 -4.319385
v -3.711566 40.982563 -13.136294
v -8.691679 1.957152 -8.687518
v -10.970812 28.750000 -0.609230
v -8.493377 1.027197 11.205449
v 11.059015 0.250001 12.086350
v -9.069253 0.249999 -9.467365
v -7.941928 2.954256 -8.023173
v 12.066741 26.779486 7.056538
v -8.542763 21.735821 -3.037608
v -7.760905 19.250000 -2.176375
v 6.542818 9.236291 7.576300
v -7.706592 29.236132 -8.074157
v 8.848236 0.249999 -9.354809
v -11.730877 0.249999 -9.857120
v -9.076271 6.683338 8.378599
v -7.505066 18.721704 5.469328
v -7.354083 27.250490 -7.672742
v -7.575766 27.016993 -7.088078
v -7.119606 30.549652 -8.273046
v -6.990401 30.502403 -8.056005
v 6.400097 26.265055 -6.580852
v -7.306767 32.563644 -8.190797
v 6.865724 5.817403 -7.125391
v 8.647249 2.024262 9.550720
v 7.005888 10.126420 7.133506
v -6.931225 26.097752 -7.524096
v -6.235453 26.027098 -6.790556
v -6.546753 25.268663 -6.180654
v 3.637216 19.566214 -6.969936
v -12.210717 26.690344 7.308045
v -7.177598 19.250000 -5.186783
v 11.524392 27.431181 7.086448
v -5.533010 21.687704 -5.820194
v 4.510981 37.569611 -12.177817
v 8.971915 27.437363 -4.306528
v -9.061703 19.250000 1.680122
v 10.664668 0.250001 12.281700
v -5.078912 39.403809 -12.564400
v -4.776384 37.245041 -12.071159
v 12.345373 27.380692 7.747259
v -0.543698 20.414549 -7.519149
v -8.263120 19.250000 -3.879558
v -4.643316 31.286444 -9.877577
v -3.424840 30.603971 -9.962205
v -3.950148 33.284695 -11.025419
v -3.830222 32.184822 -10.730886
v -4.510372 33.143105 -9.938105
v -3.567595 21.295412 -6.997428
v -3.201907 26.598007 -9.198979
v -3.562648 21.709997 -7.074963
v -2.534096 19.947468 -7.372267
v -10.632034 27.927856 2.384126
v 10.526431 26.752422 -1.406189
v -0.284963 21.594158 -8.605262
v 4.224683 37.563343 -12.052616
v -0.277931 22.472933 -8.844189
v -7.125413 28.750000 -8.555315
v -4.848749 28.750000 -9.789589
v 2.714637 20.028221 -7.613657
v -7.198252 10.106671 9.798257
v -3.499602 25.316748 -9.079021
v 0.413187 26.445978 -8.948587
v -5.942574 9.550678 8.932905
v 0.084510 39.012848 -12.154849
v 2.859002 22.872427 -7.492784
v -2.321106 19.250000 -6.116806
v 10.864905 0.249999 -7.142621
v 3.057589 25.303583 -8.126493
v 8.287663 -0.000001 -8.385233
v 4.015774 26.068512 -9.111641
v 7.846705 37.359692 -9.827312
v 4.417762 38.563568 -12.367806
v 5.761541 40.682640 -12.275248
v 11.562653 27.780611 -1.511775
v 4.832671 39.266338 -12.612066
v -10.104007 20.280012 5.698170
v 4.578537 31.036646 -10.197787
v -4.857773 33.818508 -10.473932
v -8.301359 0.249999 -7.521792
v 7.081342 18.495939 5.560636
v -6.595905 9.897748 9.705351
v 8.344376 9.959090 -5.195780
v -7.086143 9.369039 -4.420444
v 7.822185 10.164928 -6.641473
v 6.287621 9.984634 -4.454840
v 4.548941 38.757942 -11.314409
v 12.059321 27.340456 8.309517
v 5.683818 21.788465 -6.431961
v 11.284583 25.071449 2.882350
v -7.538518 32.397255 -7.764662
v 6.992738 5.515765 -6.037976
v -0.497786 26.058174 -9.605512
v 6.506723 25.781664 -7.397465
v 3.466261 19.250000 -7.613287
v 6.678568 22.428440 -6.546838
v 7.156381 27.770792 -6.443857
v 5.715823 10.170887 8.494419
v 6.889457 25.121889 -7.284145
v -7.833435 33.607483 -7.966699
v -5.673531 21.477217 -5.507098
v 6.234337 24.545044 -6.111913
v 7.692961 5.509168 10.946012
v 10.723563 22.917341 2.716275
v 7.964319 19.640257 -2.690362
v 9.058657 5.461531 -8.042667
v 7.839435 29.763174 -7.280321
v 11.854821 27.192720 2.908062
v 5.773713 9.981657 -5.209936
v -9.581428 0.701708 -6.923097
v 7.613271 21.161728 -3.755257
v 5.796402 15.415005 5.535944
v 7.600056 5.891977 -7.935660
v 8.073183 35.372768 -9.418178
v 11.250555 0.250001 11.332656
v 8.265575 1.614477 -8.047552
v 7.575400 4.139364 -7.804663
v -9.353872 23.336451 -0.622403
v 8.835628 19.717760 2.213612
v 4.273765 39.612846 -11.801143
v 3.700141 31.647778 -9.640161
v 8.967350 35.736305 -8.732899
v 8.700747 34.042706 -8.822474
v 8.341320 34.182755 -8.071853
v -10.341154 27.750000 -3.705705
v 8.896896 20.534964 2.705059
v -3.842199 22.397446 -7.965106
v 8.800556 26.605778 -4.449871
v 9.859188 26.225195 -4.402148
v 8.877650 21.248640 -0.816490
v 10.396112 1.899177 11.242863
v -0.405376 42.220818 -14.004506
v 6.757571 10.039173 -4.243400
v 3.594257 30.633394 -10.262174
v -8.340759 19.805857 -3.626709
v 7.182019 9.410478 7.332813
v 10.277850 1.608576 -8.638412
v 8.603728 0.000001 11.543777
v 9.837227 24.255627 -1.213954
v 10.833454 23.871670 2.332582
v 9.079679 19.250000 1.581200
v 10.394524 25.452723 3.194864
v -9.199745 1.430076 11.895494
v 11.296463 25.414572 3.077103
v 11.128102 25.652466 3.293845
v -10.022142 20.212715 6.168612
v 10.086104 24.280010 2.291598
v -8.057817 33.466297 -9.086493
v 4.552676 15.555014 8.126316
v 4.379029 30.419737 -10.224534
v 3.560520 19.557091 -6.734728
v 8.908028 20.025105 2.233576
v 12.095197 27.408760 7.278970
v -4.796401 34.099552 -10.358025
v -4.595368 34.241074 -10.211001
v -12.094058 26.713852 7.076355
v -5.850336 23.782951 -6.422596
v -8.880594 18.414352 2.995384
v 2.698305 19.250000 -7.830174
v 3.937401 28.327839 -10.206764
v -6.309838 9.755852 9.524787
v 3.511650 31.735655 -10.192912
v -0.218815 34.210335 -10.903304
v -0.420181 33.573021 -10.861189
v -0.221215 36.072559 -11.402629
v -0.129709 37.049664 -12.804708
v 0.599174 36.593395 -12.072237
v 0.371333 23.996098 -8.253069
v 8.360312 10.145101 -5.851553
v 0.533482 22.747471 -8.114954
v -4.356780 15.487338 -4.976290
v 0.385945 24.848932 -9.407848
v 0.429780 34.640167 -11.990105
v 8.452537 1.473537 11.332042
v 0.492831 32.777622 -11.411673
v 0.469421 35.126698 -12.072899
v 2.981938 24.366331 -7.880815
v 3.893037 33.911186 -10.216331
v -8.261556 36.892990 -8.726567
v -8.598248 19.250000 1.822927
v -5.777562 13.413380 -3.567302
v 3.927522 35.864307 -10.884468
v 6.760242 13.780377 6.664101
v 6.896969 24.021940 -6.929903
v 7.114153 25.281946 -7.187525
v -11.143960 27.739744 2.280808
v -6.544701 25.703062 -6.291562
v -10.790698 26.280184 2.228444
v -10.864861 25.734255 2.168058
v -11.282196 25.963156 3.260994
v -10.574173 26.350952 3.153583
v -9.939049 0.933909 -9.072634
v -8.338826 20.824846 5.845817
v -4.997207 36.084377 -11.506996
v -11.039569 25.222315 3.270954
v 10.408738 24.628723 3.310575
v -11.751170 26.876108 6.835452
v -10.692494 -0.000001 -8.513117
v -9.729449 26.897312 -3.804457
v 5.991820 9.366057 8.213507
v -8.710550 34.257317 -8.922555
v -5.006408 38.093945 -12.207049
v -8.525098 33.137058 -8.687522
v -7.278315 19.250000 -2.122482
v -5.345613 13.707597 8.296867
v -6.206536 19.250000 -3.653505
v -8.796431 26.152849 -4.581556
v 7.610828 29.064096 -7.041906
v 10.632835 24.349524 -1.163510
v -0.166923 32.915264 -10.536641
v -8.311919 4.593277 11.267662
v -10.633763 24.802555 3.338459
v -3.328081 19.544792 -7.541198
v -7.634406 4.701825 -7.961900
v -8.071489 4.242083 -8.268002
v -8.031061 3.497596 -8.229909
v 6.319992 8.943186 9.182190
v -3.369512 27.412046 -9.495379
v -7.367451 5.532168 -7.782036
v -7.517107 5.949075 -7.891258
v -6.619179 16.250000 5.361664
v -9.087492 3.032536 11.623128
v -6.358030 19.949732 -5.386175
v -3.501335 20.413483 -6.782120
v -3.578024 27.513531 -9.613501
v -9.046252 4.348717 -8.383834
v -1.326826 19.250000 -6.378280
v -8.699389 20.785130 -0.383829
v -4.416962 40.006126 -12.641791
v -8.025526 21.717293 -3.025278
v 0.513546 26.559423 -9.710719
v -8.499825 22.105692 -3.045212
v -7.679253 20.733238 -3.889970
v -8.611707 22.608135 -3.118037
v -7.167084 27.327696 -7.776549
v -7.955038 19.250000 -0.487953
v -9.586863 1.239861 11.978576
v -7.422092 27.019720 -7.533596
v -5.871102 22.680155 -6.659620
v -6.074047 22.676071 -6.776983
v -0.597394 38.282696 -12.551914
v -0.588973 26.325369 -9.240247
v -4.755076 32.716568 -10.541162
v -5.878126 21.498884 -5.397600
v -5.924304 19.841019 -5.030732
v -5.957911 19.497259 -4.981592
v -5.925488 20.957899 -5.253257
v -11.169413 0.249999 -7.550127
v 6.774377 12.194627 -5.922166
v -4.202668 39.288803 -12.233846
v -4.571122 39.090397 -11.400657
v 8.587332 0.250001 12.060877
v 9.175223 22.385416 5.929961
v -4.521072 38.637482 -11.288831
v -4.148009 38.365528 -11.514544
v -6.416950 21.674156 -5.495136
v -11.347471 0.249999 -8.357668
v -4.572291 31.415045 -9.692852
v -3.472320 30.290180 -10.065136
v -3.582097 31.048517 -10.312933
v -4.064070 33.096554 -9.876705
v -3.845722 31.440174 -9.483786
v -3.333122 19.847805 -7.628835
v -3.604341 20.489756 -7.609632
v -3.369817 26.191170 -9.246599
v -2.733196 20.798719 -7.767145
v -0.529589 30.177221 -10.101063
v -0.294403 30.851255 -10.035899
v 4.092919 38.018917 -11.917142
v -3.940698 24.369350 -8.596814
v -2.919402 22.722670 -8.272198
v -0.593884 26.558346 -9.478963
v 3.535885 32.067768 -10.172813
v -0.411994 40.731750 -12.773975
v -11.933991 0.249999 -6.779163
v 11.894518 26.030607 6.797831
v 7.665260 21.459309 -3.304420
v 3.211843 22.374264 -7.143579
v 0.599401 20.267590 -7.721844
v 0.576133 26.412409 -9.217042
v 0.547676 41.029236 -13.003322
v 0.291001 40.364258 -12.585560
v -8.794913 5.500000 -4.927590
v 3.774639 29.576054 -10.142470
v 8.394147 10.079022 -5.512841
v 3.864932 30.516630 -10.383932
v 3.577283 20.475256 -7.643687
v 7.140862 29.179049 -7.020802
v 7.384675 8.835343 7.646779
v 2.990810 28.136591 -8.319826
v 4.059371 26.468117 -9.205356
v 3.505028 20.954979 -6.889661
v 4.527508 31.456999 -9.646452
v -3.931483 36.404114 -11.442122
v 4.732763 33.439667 -10.184279
v 10.622130 0.249999 -6.893849
v 4.256007 40.259426 -12.185861
v 11.230936 0.249999 -7.973337
v 4.220366 37.086109 -10.948749
v 5.024395 37.260426 -11.104025
v 5.180791 39.209473 -11.582701
v 10.711422 27.284704 2.945223
v 5.601697 22.275074 -6.061789
v 6.135537 25.447624 -6.687513
v 8.283481 9.203197 8.129848
v 2.667805 19.716957 -6.611278
v -11.155261 25.964859 6.499726
v 6.952907 30.108913 -7.520849
v 6.364750 25.139221 -6.216684
v -0.582049 21.268158 -8.103652
v 8.013198 31.760420 -8.670302
v 8.414893 6.687771 10.849660
v 11.189964 0.000001 9.670902
v 8.738466 5.649686 11.051369
v 9.522443 19.056200 -0.414719
v -0.596766 24.253859 -8.759665
v 3.890228 33.520679 -10.089966
v 7.710769 5.459081 -8.022685
v 11.245562 27.423159 2.213628
v 11.191751 -0.000001 -9.252625
v 11.772016 26.210438 6.689496
v -3.789963 31.963436 -9.656438
v 7.860337 21.582363 -3.090621
v -9.125305 26.367363 -3.681532
v 8.545719 35.383335 -9.462443
v 7.731283 21.044981 -3.018813
v 6.965633 28.005085 -8.334134
v 9.489485 2.801792 -8.685147
v 8.291365 34.845692 -9.378779
v -9.724090 22.901079 -1.229539
v 8.053182 3.360865 11.175837
v 0.594577 29.034168 -10.113581
v -8.191740 30.866766 -7.789659
v -7.501949 8.861741 -4.724255
v -11.990263 26.119793 6.909295
v 3.896907 34.362564 -11.156970
v 3.690180 20.176270 -7.134057
v 8.028179 34.268131 -8.078939
v -5.790959 21.996130 -6.527886
v 8.312895 34.053780 -9.184956
v 4.266333 27.409023 -8.760831
v -6.767675 9.274727 -6.791146
v 9.060350 21.930283 -0.285054
v 10.730700 26.221790 3.305826
v 9.386277 25.388294 -4.628735
v 0.578947 19.250000 -8.135484
v -0.415254 39.000164 -13.169078
v 10.309859 2.040541 -8.364701
v 9.165941 22.608294 -0.564186
v 9.836501 21.422064 3.252933
v 8.769462 19.236526 -3.031809
v 11.020894 24.170200 2.518119
v 10.608956 23.631113 3.237696
v 8.130343 33.744362 -7.950613
v 7.764980 31.997667 -7.583594
v 8.146164 33.038288 -8.969938
v -10.169232 21.771189 6.823114
v 9.788288 25.011656 -0.738275
v 7.729009 21.578825 -3.853634
v -9.934395 21.803984 6.937837
v 6.381072 26.520370 -6.736973
v -11.141635 25.109587 2.338093
v -10.131585 22.387894 7.196530
v -6.022009 23.391556 -6.840483
v -6.136799 24.377491 -7.004254
v -3.029787 23.879263 -8.573292
v -11.579706 25.659082 6.645132
v 0.591763 22.457979 -8.232075
v -4.380250 34.189945 -10.136316
v -11.194910 0.250001 10.539376
v -4.390142 36.040890 -11.792420
v -0.542346 38.668613 -12.907961
v -7.440196 9.408978 9.811067
v 6.918011 26.700010 -6.464947
v -10.586116 26.338268 2.387974
v -0.386259 37.148155 -12.699443
v 0.534721 23.755148 -8.388269
v 0.541654 24.808601 -8.683712
v 5.329807 38.946430 -11.981265
v 3.835171 32.819836 -9.907427
v 3.865943 35.879284 -11.154679
v 4.815485 33.318768 -10.344378
v 4.668799 34.120026 -10.233576
v 9.223806 22.137129 6.769554
v 4.864763 34.438705 -10.519906
v 0.326037 32.227707 -11.428051
v 5.839108 23.619261 -6.274488
v 5.973225 24.341957 -6.749699
v -11.323544 25.715698 2.373067
v -11.037497 25.867947 3.347549
v 9.494526 19.028284 -0.799117
v -10.362999 25.787853 3.043205
v -10.758888 25.178881 3.350645
v -0.364152 25.963408 -8.773202
v -10.408813 1.469505 11.466515
v -0.327272 19.677612 -8.063425
v 5.487674 15.749239 8.503569
v -10.488749 22.123079 2.848813
v -6.785895 19.250000 -3.695766
v -2.065866 19.250000 -6.763009
v -10.448540 2.002361 -8.078656
v -10.195560 25.235346 2.993109
v -10.140352 25.105379 2.571362
v 4.414935 39.488029 -11.597309
v 3.267580 20.065704 -6.585518
v -8.130428 33.169418 -9.007965
v -8.368029 33.154263 -8.891482
v 6.261070 26.185310 -7.086083
v 8.846474 19.647776 4.734692
v -5.063402 14.983037 -5.478700
v -0.233615 34.780426 -12.160471
v -7.486144 4.074636 10.538614
v -8.096825 2.253896 10.956426
v -8.065975 5.529985 11.083358
v -10.544359 25.914505 3.231485
v 9.433954 19.538952 -0.065008
v -8.683533 20.901337 -3.382199
v -8.542797 21.231556 -3.043221
v -8.381322 22.336258 -3.064019
v -7.579160 21.284176 -3.477179
v 8.707484 26.290209 -4.182503
v -7.948835 22.922323 -3.688498
v -10.100924 0.249999 -10.722644
v 8.423984 2.115198 9.661942
v 9.275691 26.945616 -3.760911
v -5.974572 20.842129 -6.418794
v -0.587096 21.906315 -8.229672
v -4.134837 30.032967 -10.248287
v -0.351894 19.721399 -7.096002
v -4.818355 33.287952 -10.400736
v 11.015915 0.250001 10.140535
v -4.243712 26.559038 -8.752829
v -3.228626 26.199846 -8.252717
v -3.239286 25.001640 -8.931437
v -2.973184 20.822613 -7.912639
v 1.410130 19.249855 -7.814281
v -0.337559 30.182091 -9.887588
v -0.477742 29.505470 -10.552773
v -0.565699 29.764830 -10.457029
v -0.567281 30.609200 -10.680292
v -0.527996 31.416712 -10.428641
v -0.570338 31.305056 -10.860053
v -3.077643 22.558981 -8.337795
v 5.246982 13.762719 8.226853
v -1.068115 41.271355 -13.400068
v 7.951769 19.013931 3.104065
v -0.192951 29.206272 -9.553504
v 8.629640 19.250000 1.570377
v 0.544000 30.056465 -10.103572
v 0.610114 30.632343 -10.428751
v 0.535369 30.839907 -10.292220
v 0.595849 26.779388 -9.488970
v 0.512687 26.079615 -9.584276
v 0.532375 21.845591 -7.872046
v 2.720057 19.620321 -7.537189
v 2.603947 20.851488 -7.584374
v 0.528055 31.343929 -10.409333
v 8.409263 19.722847 -3.399572
v 4.378493 29.848392 -10.035913
v 9.010423 27.401724 -4.148066
v 5.559626 20.416794 -6.229878
v 6.442112 19.250000 -4.788777
v 10.187388 20.491835 5.642914
v 4.579145 31.417164 -10.343261
v 7.580796 19.714270 -2.732327
v 10.934362 -0.000001 -7.319783
v -9.315900 22.836126 -0.963433
v 7.982662 35.644878 -9.375341
v -9.176883 19.517992 2.023839
v 7.963604 21.260317 -2.944442
v -0.530427 38.470436 -12.320594
v 9.053775 27.239647 -4.753303
v 3.734801 20.730059 -7.242187
v 9.542295 22.117943 -1.181809
v 8.850729 2.700281 11.646224
v -3.664633 33.483303 -10.641985
v 8.089184 4.248094 11.215061
v 7.395520 4.175327 -7.450490
v 7.932910 2.561363 -7.777144
v 5.301960 20.377741 -5.603154
v -11.355540 25.307915 2.838594
v 10.003223 25.615753 -0.559726
v -3.796904 24.247118 -8.700094
v 10.094798 21.855219 -0.849132
v 10.508953 1.345130 -8.456366
v 4.030338 29.540266 -10.135761
v 9.726472 24.385733 -1.073541
v 9.612500 24.278502 -0.882803
v 10.561256 1.184167 11.380694
v 10.446467 24.043310 3.324373
v 7.870021 33.668964 -7.973197
v 10.989202 24.911106 3.244205
v 7.185469 19.250000 -4.030447
v 11.150571 25.731920 -0.970370
v 10.972128 25.395142 -1.146496
v -0.620235 27.788797 -9.103829
v 10.697769 27.750000 0.576865
v -9.479160 25.618856 -4.640266
v -9.694063 25.727058 -4.452339
v -9.185026 19.719898 0.130846
v -4.845420 13.742709 7.357076
v 7.786654 20.212999 -3.927986
v -3.236096 23.799496 -8.669587
v -4.914443 34.190098 -10.747974
v -5.105081 36.439701 -11.378524
v 0.347633 38.708511 -13.150241
v -0.128731 23.967907 -9.299047
v -0.470910 31.851570 -11.191600
v -0.571356 31.973307 -11.037313
v 10.407004 24.057678 6.299245
v 0.597095 23.548321 -8.562917
v 0.538687 23.534046 -8.858175
v 0.596681 24.906223 -8.962568
v 0.526661 25.242977 -9.335813
v 0.586041 32.275234 -10.825615
v 8.005078 30.118586 -7.480322
v 0.076247 34.291721 -10.889251
v -4.357315 33.703857 -10.015150
v 0.154103 35.408463 -11.200614
v 3.679506 20.206198 -7.323625
v 0.364729 35.663948 -11.374587
v -9.946522 0.250001 9.626300
v 4.570345 33.377552 -10.023560
v 4.331701 35.713257 -10.530451
v 4.242451 34.183369 -11.322607
v 10.773739 23.272181 2.480913
v 5.799781 11.578888 -4.620779
v 4.700202 36.393703 -11.856387
v 8.966664 26.534704 -3.820781
v 4.503773 35.049358 -11.535297
v 4.733427 34.976025 -11.417455
v -0.191613 37.532558 -11.783243
v 6.338433 24.495653 -7.149371
v 6.065706 24.130075 -6.922950
v 7.437727 26.182726 -6.976394
v 7.503942 27.750000 -6.500388
v 6.242644 27.760628 -7.177821
v 8.612085 24.596264 -3.476878
v -9.373117 22.109646 -0.054315
v -10.172289 1.856403 11.558926
v 9.684060 1.720065 -8.921343
v -10.334989 25.252731 -1.381327
v -9.904081 26.822090 -3.961143
v -10.070926 24.509840 2.382810
v -9.036931 19.250000 0.635195
v -10.725184 23.673819 2.269932
v -8.726341 33.992237 -8.623629
v -8.504300 33.935169 -9.049241
v -8.640299 33.482483 -8.580840
v 4.319834 27.456240 -8.946983
v -8.626484 33.437145 -8.376373
v -8.960385 20.866083 -0.025574
v 7.060291 14.015225 -4.201217
v 9.647836 21.825716 3.242917
v -9.490235 26.478552 -4.842607
v -8.082152 35.273724 -9.409980
v -0.530093 19.832129 -7.881432
v 4.259346 30.894573 -9.344466
v 10.452800 27.320568 -0.654935
v -8.045451 5.528838 -8.145781
v 6.963909 11.880041 -4.228004
v -9.410683 19.250000 1.695198
v -8.444205 1.353457 -8.325952
v -8.386169 1.820856 11.317226
v -7.988922 2.265842 -7.612561
v -8.365954 20.395700 -3.832585
v 8.891050 35.246822 -9.094135
v 4.841887 34.743813 -10.508786
v 5.673166 11.727223 8.211701
v -5.137630 38.244789 -12.123024
v -4.698946 37.900219 -12.267349
v 7.883696 36.004635 -9.170491
v -3.475120 31.235548 -10.099917
v -3.033228 25.190390 -8.119823
v 7.963023 19.021435 2.645014
v -5.520395 21.336237 -5.628363
v -0.000881 18.974546 -7.973429
v -0.435697 30.712633 -10.931686
v -0.420771 31.179474 -10.219548
v -0.468800 31.339487 -11.056856
v -2.780231 22.950535 -7.664091
v -0.882543 28.750000 -9.479056
v -0.550317 25.831423 -9.449430
v -0.225821 25.525850 -8.577025
v -0.181493 40.485340 -12.571377
v 8.865900 0.690842 -8.768614
v 10.500278 23.165760 3.218345
v 0.596713 25.881645 -9.281017
v 3.369900 21.215515 -8.013771
v 3.520771 22.815910 -8.416041
v 0.443994 31.368855 -11.097064
v 4.386505 33.741161 -10.027429
v 3.706007 24.633926 -8.869542
v 9.910476 0.250001 9.571349
v 3.675907 32.992950 -10.159225
v 9.060191 36.996559 -9.495643
v 4.663354 38.937698 -12.528803
v 7.908173 31.296780 -8.585631
v -6.185093 22.306181 -6.728516
v -8.875893 20.428782 -0.991372
v 7.728178 33.796398 -9.057098
v 4.541973 37.009224 -12.042952
v 6.026138 11.457316 -4.403812
v 5.531157 21.823650 -5.947447
v -0.090036 27.485514 -9.065636
v -8.379066 19.250000 -1.210783
v -6.874027 24.411947 -7.080903
v 6.929865 5.544791 10.064213
v -10.962855 24.742596 3.227134
v 9.205503 5.765916 -5.640157
v 7.861860 35.587078 -8.662251
v 9.106977 3.025229 11.622573
v 8.452767 1.366155 -8.350701
v 8.041983 2.678021 11.037098
v 9.621742 5.103913 -7.683883
v 7.368040 5.619371 10.719440
v 7.535843 34.007671 -8.597479
v 8.985001 20.478209 2.982749
v 9.513985 23.002308 -1.138663
v -8.940823 27.326590 -4.462582
v 10.764297 24.348785 -0.962828
v 10.579101 24.014191 -1.100418
v 10.616053 1.308566 -8.188514
v 10.505767 24.339689 2.135573
v -0.597826 23.269388 -8.542380
v -6.826130 22.961361 -5.974528
v 11.250167 27.464176 -1.488139
v 9.829843 25.101740 -0.947644
v -8.647397 33.820591 -8.321312
v -8.900676 24.424040 -4.563155
v -9.087622 23.502432 -3.409138
v -7.127186 24.543602 -6.377223
v -4.792181 35.203300 -10.529996
v -0.780206 28.346014 -8.539124
v -0.341454 23.821175 -8.183405
v -0.107553 24.462486 -8.258437
v -0.366113 38.990322 -12.265308
v -0.369599 38.026157 -12.010112
v -8.577046 33.445023 -8.747913
v -0.570543 34.397377 -11.663458
v -0.567498 35.080837 -11.861387
v -0.430213 33.095791 -11.576660
v -0.554323 33.173164 -11.401119
v 3.703964 33.626682 -10.789758
v 4.576841 31.955925 -9.779174
v 0.410336 25.165960 -8.601686
v 0.288974 19.057823 -8.056707
v 0.110333 35.181286 -12.306184
v 3.661546 23.901503 -8.671108
v 4.450916 34.625359 -10.250128
v 4.128609 34.010860 -10.112440
v 3.782104 32.821247 -10.814427
v 4.792405 34.135864 -11.066120
v 10.450597 24.205402 -1.257436
v 4.311785 36.058353 -11.778098
v 4.272521 35.239510 -11.580178
v -10.938454 26.471405 -1.445351
v 8.759742 24.076893 -4.509775
v -4.419027 28.750000 -10.079610
v -8.054852 29.921356 -7.748363
v -8.592258 21.522339 -3.070378
v -10.895555 25.564236 -1.283804
v -10.626315 24.490381 -1.207007
v -8.083692 34.291367 -9.254815
v -7.817721 33.006268 -8.969984
v -9.956414 21.288349 -0.790902
v -0.590874 27.449121 -9.550748
v -10.400874 23.445202 -1.101963
v -9.609597 2.288780 11.727650
v -8.593729 20.049036 -0.786551
v -7.998521 4.404638 11.152812
v 10.458660 25.790863 7.788702
v -7.570946 5.012614 10.856776
v -9.644243 5.787961 -7.152733
v -9.525816 5.723219 -7.484854
v -8.292650 1.445024 -7.927192
v -7.868179 2.789225 -7.781488
v -8.192394 2.102857 -8.153211
v -4.079784 28.750000 -8.389514
v 0.290098 31.968859 -10.333011
v -7.621374 21.183918 -3.226720
v -0.535683 37.456512 -12.062173
v -7.870464 18.747828 -4.426413
v -7.296096 32.100994 -8.489252
v -11.207775 27.750000 3.764325
v 4.490972 29.737505 -9.397073
v -5.709614 22.399055 -6.462226
v -5.644840 22.534073 -6.173699
v -4.847219 13.830009 7.656179
v -8.311439 19.589083 -2.958003
v -10.816645 27.438969 3.102382
v -4.731192 38.350792 -11.189178
v -4.851101 37.105042 -10.940231
v -4.795549 33.243286 -10.691298
v -4.607399 33.138248 -10.922163
v 8.413635 36.110619 -9.643342
v -3.651816 22.195642 -7.230823
v -0.582286 21.316422 -7.862736
v -3.532350 22.922842 -7.312804
v 5.249685 16.250000 5.080703
v 0.599881 29.877365 -10.293880
v 2.729459 20.569656 -7.726307
v 2.781664 22.675240 -8.086087
v 3.052774 25.131653 -8.802520
v 4.519025 30.224337 -9.963869
v -6.633783 6.184628 9.357183
v 5.033738 15.685555 8.410687
v -7.189700 31.885057 -8.239522
v -0.069752 19.666813 -6.970532
v -0.000000 25.441469 -8.508843
v 10.065035 20.448706 5.404929
v 6.107860 25.194540 -6.910006
v 5.965504 24.483467 -6.550875
v 7.585204 32.326546 -7.715369
v 8.380405 5.527463 11.120814
v -0.517799 41.343563 -13.662756
v -11.293571 -0.000001 -9.143898
v 7.878253 20.657526 -3.991594
v 3.598725 30.848251 -9.466823
v 5.418102 15.067038 8.530791
v 8.524240 20.304457 -3.181138
v 9.184933 22.228771 -0.959457
v 9.502565 3.905397 -8.337450
v 7.286057 4.548725 10.341875
v 7.457265 3.825645 10.197371
v 10.588846 27.473106 -0.527158
v 8.104022 4.240886 -8.282978
v 7.927602 3.909413 -8.162518
v 7.614225 4.857190 -7.950684
v -10.901007 27.411272 2.383516
v 7.831671 34.511978 -8.250136
v -4.897954 13.678182 7.150808
v 9.742341 21.885223 -1.150812
v 9.954528 22.769840 -1.214075
v 8.937504 19.875347 -1.033396
v 9.116579 21.559183 -0.089553
v -10.835963 0.249999 -7.085227
v 9.458126 22.060146 0.013861
v 10.721261 0.916517 10.934750
v -9.707927 19.667049 3.013286
v 8.933429 21.729650 6.513879
v 10.689880 24.062798 2.185081
v 7.728038 34.019485 -8.169192
v 7.327573 25.851192 -6.626394
v -5.857677 23.225634 -6.655993
v -7.369740 25.772659 -6.938191
v -11.040696 26.841883 -0.330906
v -3.697756 24.158260 -7.649517
v -3.942414 35.596275 -10.755409
v -4.337414 36.173355 -10.655084
v -5.211842 37.866138 -11.493690
v -0.596335 23.706682 -8.595642
v -9.355239 25.115147 -4.573661
v 0.296120 37.086109 -12.749767
v 0.315551 35.466496 -12.305047
v 4.794937 33.277042 -10.710346
v 0.376861 34.095043 -11.890043
v 0.189016 34.104019 -11.997294
v 0.304782 34.704334 -12.106992
v 0.130203 34.664085 -12.164817
v 0.277581 34.125622 -10.904974
v -8.268901 31.830198 -7.811762
v 0.327604 34.886486 -11.138992
v -11.129188 27.750000 -1.902092
v 4.184571 32.239422 -10.835182
v -11.316891 27.492643 -0.414845
v 6.575715 24.660908 -7.226206
v -10.453815 25.847879 2.378595
v -5.167832 13.600837 8.079208
v -10.893658 24.804396 -0.965347
v -11.109740 25.664669 -1.041624
v -10.019283 24.025488 -1.302563
v 8.147095 19.710302 -2.800655
v -9.514059 24.631985 -3.873857
v -8.790397 4.187148 11.391377
v -7.416790 4.115320 -7.468478
v 0.476081 32.362617 -11.322072
v 8.324374 20.397747 -3.861779
v -6.938513 23.156660 -6.252250
v -8.163733 22.117155 -3.066257
v -5.050616 19.237156 -6.845383
v -7.667517 31.964432 -8.755013
v -6.534836 20.709511 -5.781206
v -5.999467 21.850630 -6.618420
v -5.956348 21.281971 -6.510512
v -6.862941 22.696611 -6.199938
v 6.174511 11.679051 7.180461
v -3.864811 33.200562 -10.006824
v -3.761600 24.686913 -8.854893
v -2.949293 24.802086 -8.114725
v 6.547151 19.250000 -5.788476
v 10.943524 25.524008 8.069236
v 2.648823 21.636694 -7.383861
v 8.281425 19.233702 3.831588
v -3.941395 25.135609 -8.868448
v 0.598233 22.686365 -8.392636
v 2.770879 22.951618 -7.692597
v 0.125627 31.531733 -10.156737
v 10.257698 25.781595 -1.330887
v 6.822189 19.226685 -2.785861
v 3.000452 19.250000 -5.923939
v 2.749078 22.268930 -7.988365
v 4.350386 37.144497 -12.033440
v 4.183603 37.086109 -11.912854
v -8.546342 19.250000 -2.636897
v 6.076545 21.173326 -6.488169
v 6.329217 22.584946 -6.785274
v 0.168405 20.551756 -8.373567
v -3.309675 19.250000 -7.658442
v 8.022681 19.967413 -3.895815
v 8.551270 22.794279 -4.323004
v 8.690807 20.941216 -3.366269
v 6.217019 21.535328 -5.391467
v 7.846281 30.246803 -7.314586
v 4.092315 26.845953 -8.440931
v 7.822640 4.180223 11.025084
v 8.911855 4.883312 -8.275209
v 8.657262 4.640925 -8.367456
v 8.049327 34.148804 -9.222266
v 8.604135 19.250000 2.037255
v 9.713885 22.746292 -1.223636
v 3.791625 34.400578 -11.035092
v 9.400056 24.466419 -3.653795
v 4.485272 32.900421 -9.874514
v -5.361206 19.683964 -6.010937
v 10.319371 23.744825 -1.232440
v 6.337050 26.634537 -6.913235
v -10.639483 27.750000 -1.817042
v 7.381471 32.776688 -8.103188
v 7.520739 33.628468 -8.285924
v 7.746014 31.890202 -8.753505
v -0.156263 27.190229 -9.000625
v 7.785916 10.489907 -4.462114
v -10.305170 23.088308 -0.230531
v -9.364359 24.321251 -4.274303
v -9.226257 24.609068 -4.507876
v -3.784143 23.770599 -8.555530
v -4.297116 34.964058 -10.334774
v -3.942285 33.948513 -10.185886
v -4.545254 35.947792 -10.582902
v -0.598004 40.825375 -13.212199
v -0.548977 36.963139 -11.962344
v -6.139235 21.171894 -5.310210
v 7.844914 6.196111 -4.752037
v 4.371181 34.170254 -10.130984
v 4.826329 33.792336 -10.385909
v 4.342771 36.532444 -11.894944
v 4.165889 36.542648 -11.807298
v 8.864011 21.403784 -0.684862
v 6.653072 23.737112 -6.994546
v -9.529325 19.063084 2.036245
v 6.368004 21.362606 -6.436687
v -9.716241 19.250000 2.117575
v -7.806798 34.523811 -8.278996
v -8.185808 34.237175 -8.056688
v -7.425955 31.962770 -7.700728
v -8.009269 33.361660 -7.871154
v -10.641479 23.859621 -0.919334
v -9.660069 19.523865 2.219213
v -9.533669 4.925599 10.837851
v -9.273745 5.876337 10.665108
v -9.768734 3.827792 11.090356
v -8.520512 3.833818 -8.481949
v -9.198286 4.085996 11.346218
v -11.049657 27.457891 2.283497
v 6.758726 15.816998 6.143631
v -6.031359 24.480135 -6.320123
v 8.242060 0.249999 -8.236059
v -5.035696 39.311604 -11.495711
v -4.060565 24.393749 -8.259311
v 6.259338 24.098907 -7.058517
v -3.864698 22.223619 -7.638987
v -3.925383 22.915903 -7.819600
v -3.216722 27.772455 -8.653376
v 8.141422 19.751131 5.851662
v 2.969981 21.847004 -7.072175
v 9.469978 27.035154 -3.749298
v 3.044508 22.797953 -7.316803
v 3.623871 22.013796 -7.174700
v 3.239367 25.352066 -7.976488
v 6.771300 22.903940 -6.631389
v 6.027355 21.686357 -6.596792
v 6.330161 20.956116 -6.333368
v -6.929719 23.850208 -6.828360
v -6.731093 29.116833 -7.503738
v 6.116744 22.759773 -6.802147
v 5.409169 20.560291 -6.077843
v 6.553320 22.620810 -6.716329
v 8.789783 27.750000 -4.671787
v 10.756066 25.095354 3.346755
v 8.712356 21.995998 -3.146300
v 8.881198 22.766678 -3.254447
v -6.696248 13.740617 6.623515
v 4.603872 40.485664 -12.865670
v -7.506962 30.665037 -7.302997
v 9.576534 3.235230 -8.515635
v 8.975078 27.119835 -4.051096
v 9.520501 4.687565 -8.010159
v -11.607905 27.750000 3.735620
v 10.158823 24.516459 -0.160701
v -4.025711 19.250000 -6.565922
v 10.330231 25.741213 -0.284062
v -9.184912 24.500015 -3.449158
v -3.965018 23.324224 -8.015592
v -4.361924 34.922268 -11.513504
v -4.482011 34.172863 -11.301687
v -4.254678 34.118359 -11.307226
v -0.455995 34.746067 -11.988204
v -8.174464 30.657728 -7.979839
v 7.495925 32.658318 -7.890210
v 0.557055 37.156971 -12.034615
v -0.513195 22.381037 -8.596708
v 3.477309 20.165924 -6.717515
v 0.448421 36.123863 -11.573984
v 3.178552 24.356928 -7.711928
v 3.460540 24.254599 -7.615117
v 4.191954 34.519562 -10.235795
v 5.044731 36.165058 -11.009105
v 4.956290 34.807648 -10.774747
v -10.936982 25.138449 -0.494827
v -4.376322 31.388805 -9.507134
v 10.152893 20.861900 2.813357
v -10.660117 24.191643 2.164593
v -6.795156 29.477737 -7.555326
v -10.647820 23.930634 -0.472029
v -10.402639 27.338461 -1.044829
v -9.404781 3.095247 11.564690
v -9.039784 3.002696 -8.688117
v -8.702217 2.730652 -8.652380
v -9.940784 28.043715 -5.458327
v -8.183194 22.417599 -3.127753
v -8.373362 22.696970 -3.127159
v -8.043994 22.561474 -4.118832
v 0.091995 41.455296 -13.991625
v 3.483989 30.893593 -9.648255
v 7.655725 33.559162 -8.068552
v 11.125798 27.484715 3.361932
v -6.086425 20.682516 -5.214224
v -6.353220 22.710075 -5.624320
v 7.677313 28.999323 -8.018407
v -9.858520 20.978891 2.111464
v -4.327997 37.281990 -10.975835
v -4.555677 37.039589 -10.853496
v 0.377855 28.750000 -9.128138
v -4.044905 24.600927 -8.498074
v -3.769394 21.627678 -7.786997
v -3.876175 22.752632 -8.049124
v -3.111642 22.817007 -7.290040
v -2.885117 22.684349 -7.397458
v -0.236391 23.022669 -7.912308
v 0.598836 21.417444 -8.039795
v 3.126862 21.194117 -6.841523
v -10.701099 23.933208 -0.706346
v 3.313935 22.833189 -7.254462
v 0.078857 27.534372 -9.077597
v 3.386903 24.894066 -7.789816
v 4.048614 30.847847 -9.288494
v 3.844188 31.452419 -9.488046
v 4.665990 37.778187 -11.042684
v 5.162403 37.608723 -11.355002
v 5.791123 20.582508 -5.186580
v 9.284444 27.497036 -3.892018
v 6.816181 22.802662 -5.966478
v 8.034078 23.175875 -3.966732
v 8.082422 3.023601 -8.224109
v 8.896381 3.746989 -8.545841
v 7.605894 3.373646 -7.274905
v 10.078127 23.645039 -1.285587
v 10.306452 24.400547 -1.330616
v -8.506287 23.381168 -3.231597
v -6.465877 19.250000 -5.850915
v -6.623391 24.000952 -5.911355
v -3.947671 23.828630 -8.373792
v 5.917863 22.478331 -6.676038
v -4.862775 36.364563 -11.762548
v 8.479001 24.627354 -4.387424
v -5.208087 39.128960 -11.599607
v 0.266249 37.060593 -11.685676
v 11.494171 27.054926 3.337003
v 0.550585 34.731125 -11.829131
v -5.153025 37.170021 -11.336268
v 3.646454 33.307880 -10.440255
v -3.710090 21.525396 -7.189220
v 9.752949 20.451118 3.168952
v 4.496603 36.408504 -11.890939
v 8.230032 24.107706 -4.053104
v -11.494734 27.482182 -0.574253
v -10.403116 26.395859 -0.380185
v -8.538621 33.216438 -8.177721
v -9.892436 24.308224 -0.219491
v -6.210711 13.373075 -3.600812
v -9.359599 24.435339 -3.600591
v -8.893630 4.976354 11.190262
v -8.720264 5.915011 10.982108
v -8.001843 19.686394 -2.702383
v -9.178016 5.117438 -8.098582
v -9.508526 4.866992 -7.947335
v 10.818645 23.985117 6.451019
v -8.879195 23.091045 -4.290348
v -9.143419 21.146544 2.345307
v -10.140584 23.138424 -0.115350
v -4.457489 38.016033 -11.133936
v -9.884053 22.148134 2.086586
v -4.720104 33.405502 -10.166734
v -7.736118 30.560375 -7.304916
v -5.233353 39.722443 -11.721032
v 6.611482 16.250000 -5.028645
v -3.738756 22.627544 -8.217025
v -0.563764 22.769091 -8.193820
v 4.599663 16.018274 8.431216
v 1.853587 19.249855 -8.032117
v -5.255341 13.326560 6.933099
v 3.166200 21.841768 -7.008773
v 3.377859 22.002720 -7.057194
v 3.740396 22.717039 -7.402643
v 3.574555 22.897341 -7.323228
v 0.591133 31.375793 -10.625402
v 3.378249 19.516983 -6.525460
v 3.650945 24.857998 -7.786406
v 4.287835 38.562294 -11.401715
v 4.983249 37.432533 -12.010168
v -6.848512 29.193356 -7.926255
v 6.007223 22.884922 -5.733795
v 7.616570 4.065556 10.776746
v 9.119452 4.100579 -8.432659
v 7.164197 5.455593 10.471949
v 8.715191 5.635430 -8.123504
v 8.614161 34.513325 -8.263827
v 8.843600 35.113201 -8.561595
v -0.057879 30.577204 -9.892237
v 8.409040 33.014851 -7.991213
v -6.486407 23.524864 -5.795835
v -9.515168 19.681740 -0.733763
v -0.532866 24.092876 -8.475962
v 0.057804 36.958714 -11.601423
v 5.291564 40.090443 -12.599153
v 0.136906 38.195244 -11.942445
v 0.140666 23.866518 -9.269849
v 3.692236 24.019066 -7.617201
v 3.779410 34.863300 -10.869308
v 6.818539 12.597004 8.646048
v -7.619218 31.470196 -8.658730
v -7.954757 34.573479 -9.255849
v 4.625113 16.000000 -2.427026
v -10.573781 24.192663 -0.285132
v -9.696183 25.934536 -3.822434
v -9.055372 27.425394 -4.075024
v -11.251101 27.750000 1.847452
v 8.475332 32.464947 -8.264460
v -3.611257 19.662094 -7.246980
v -5.915211 21.943979 -5.501530
v -5.895489 22.823200 -5.790799
v -6.129038 22.940790 -5.698018
v -11.540175 27.492043 -1.252692
v -4.010221 36.563496 -11.025457
v -4.206447 37.613625 -11.160695
v -6.784123 19.250000 -2.921041
v 9.019103 20.623690 4.910685
v -2.590124 21.253294 -7.472961
v -2.805061 22.972118 -8.156661
v 3.896813 24.840057 -8.810084
v 5.998575 21.563192 -5.382037
v 9.120564 22.210215 6.597958
v 11.555651 27.318674 3.354581
v 9.895658 24.443842 -0.253532
v 10.132508 25.557959 -0.367410
v -9.811243 19.694433 5.504463
v -8.212688 23.867353 -4.130841
v -6.258949 23.627329 -5.838161
v -2.903974 24.097000 -8.444651
v -4.768714 36.171223 -10.702970
v 8.973620 21.910595 5.742684
v -0.071614 23.610006 -8.025652
v -0.183020 37.054371 -11.652025
v 3.843017 23.756006 -8.498466
v 6.169788 24.027477 -5.989521
v -4.680559 39.900211 -11.594901
v -9.756611 24.815550 -0.603755
v -9.773952 24.914345 -0.899174
v -7.702028 33.392155 -8.973377
v -7.440985 31.920950 -8.649949
v -9.585356 24.181366 -0.863755
v -3.309800 29.229267 -9.634931
v -8.686399 21.897881 -3.134943
v -11.558040 27.985867 -2.172488
v -8.839404 22.568356 -3.233625
v -4.801750 39.022514 -12.551225
v -6.395754 20.797634 -6.215147
v -6.448629 20.425930 -5.962240
v -6.890748 23.099234 -6.521993
v 10.980359 27.322142 -0.324110
v 7.174291 26.794430 -6.527647
v -2.972986 25.530907 -8.437622
v 3.633594 21.415005 -7.908485
v 3.729849 22.789234 -8.278510
v 8.932121 21.674189 -0.688126
v 5.647849 22.401743 -6.322992
v 5.729332 22.153460 -6.494723
v 5.722893 22.853764 -6.074433
v -8.345414 10.145662 8.786246
v 10.670145 0.000001 10.141470
v 8.074615 22.881441 -4.121197
v 8.286641 22.695845 -4.273998
v 8.382895 4.453328 -8.365541
v 9.516649 24.711208 -4.191291
v 9.769683 26.381937 -4.647828
v 10.422885 26.506685 -1.359624
v 9.886466 25.163914 -0.528596
v 9.922189 24.921415 -1.181772
v 0.591472 26.359991 -9.446256
v -7.195348 24.713726 -6.695862
v -7.238872 25.420391 -7.083479
v -2.844186 24.146902 -8.206344
v -4.575025 35.154083 -11.548696
v 0.598124 37.219837 -12.264046
v 11.074454 -0.000001 -8.353530
v 4.827765 36.139610 -11.718411
v 8.352135 24.261900 -4.277350
v -10.868895 24.291508 6.490833
v -8.357330 33.926579 -8.035312
v -8.051596 31.711273 -7.602102
v -7.951962 32.404152 -7.670801
v -7.539189 3.610399 -7.357559
v -8.246290 21.109541 -4.070326
v -5.924478 23.896708 -6.724636
v -4.198374 39.701893 -12.110253
v -9.216669 18.750427 2.455306
v -4.866232 28.750000 -9.348256
v -3.882937 24.559271 -7.851823
v -3.745512 22.911238 -7.438311
v 2.985259 25.519373 -8.373697
v 3.563666 31.702913 -9.832126
v 5.811771 22.806864 -5.872005
v 6.670579 22.877455 -5.806616
v -0.597835 39.168755 -12.782515
v 7.465307 31.944479 -8.668020
v -0.598122 40.049599 -12.982240
v 6.583939 11.865689 -4.128443
v 7.652188 21.580402 -3.631313
v 7.956465 22.731117 -3.477661
v 7.919549 22.795378 -3.745517
v -4.605376 14.151204 7.016693
v 5.125133 16.041758 8.433599
v -11.458848 27.401024 3.383109
v 8.256341 35.213356 -9.462687
v -5.366298 15.005527 -5.575992
v 9.665003 24.150089 -0.391497
v 10.389480 24.323046 -0.169156
v 10.544961 24.013681 -0.289616
v 7.951656 33.385292 -9.066537
v -9.429497 27.774704 -3.666465
v 10.734682 25.606333 -0.256864
v -6.673624 15.324237 8.116246
v 8.808509 19.477222 2.175857
v -8.270612 0.249999 -7.891644
v -5.768838 23.269356 -6.412691
v -3.878702 24.008245 -7.757669
v -4.785891 35.046181 -11.395679
v 2.915750 24.791384 -8.214878
v 4.081783 33.248447 -9.914168
v 5.955517 23.838587 -6.129749
v 8.642135 25.899017 -4.007378
v -3.775197 21.344112 -7.348559
v -11.030015 25.199047 -0.751173
v -8.121861 10.973983 8.546317
v -10.339469 24.414845 -1.327522
v -7.589376 34.334877 -8.642575
v -7.490493 33.732697 -8.530235
v -4.855682 37.650784 -11.056615
v -10.573275 23.441233 -0.677995
v -10.224353 23.634199 -1.252862
v -10.514220 26.809093 -0.404100
v -7.552405 4.201591 -7.787629
v -8.749664 21.533175 -3.241610
v -7.097728 24.136166 -6.606286
v -7.853000 31.583405 -8.677244
v -6.370752 21.274887 -5.422255
v -6.637955 22.884018 -5.763463
v -4.148060 33.111668 -11.050611
v 2.948545 22.811504 -8.314739
v 3.260851 25.087284 -8.960718
v 5.105592 37.172493 -11.762102
v 3.951661 30.996294 -10.513057
v 9.514060 19.617371 2.087289
v 10.614941 24.622234 -1.249583
v -8.476713 25.261845 -4.011071
v -6.868960 24.182884 -6.048094
v 12.397355 -0.000001 -7.790874
v 0.509876 37.050934 -12.528444
v 0.525217 38.421783 -12.870440
v 3.090737 24.024015 -8.646828
v 4.991817 36.119877 -11.528683
v 9.240294 23.829441 -4.219701
v -11.103209 27.414009 -1.523637
v 9.502092 25.139240 -4.451835
v -7.603720 34.257263 -8.834807
v -8.339871 34.317280 -9.246025
v -4.786338 38.838589 -11.314204
v 6.041681 24.811094 -6.820204
v -8.276558 22.734947 -4.271466
v -6.151375 21.673660 -5.403839
v -4.358537 32.984142 -11.004104
v -2.986401 25.633739 -8.691836
v -2.609977 20.990034 -7.607504
v 3.681855 33.753773 -10.607617
v 3.009709 20.808628 -7.921717
v 3.217754 22.796015 -8.433260
v -12.625346 27.962044 7.610547
v 3.512167 24.896551 -8.975271
v 5.130534 36.684669 -11.423518
v 8.771776 34.271011 -8.694896
v 8.566839 33.187778 -8.248098
v -4.544816 35.334473 -10.435212
v 0.455499 37.223938 -11.877313
v 3.356300 23.752497 -8.681483
v 4.577283 30.336779 -9.705177
v 8.413527 23.834984 -4.372414
v -10.250332 25.433516 -0.264069
v -6.966241 16.250000 6.492019
v -4.832871 16.493652 -5.499491
v 9.213085 21.516562 2.925701
v -5.742973 22.850578 -6.013339
v -3.506458 24.803085 -8.951690
v -3.290170 21.131815 -8.007625
v -3.297551 22.538950 -8.376280
v 4.413600 29.189598 -9.736375
v 5.864292 21.975393 -6.586328
v 6.021797 23.067907 -6.804472
v 8.913649 21.929499 -3.512541
v 8.788604 21.708141 -3.266405
v 9.062746 22.594488 -3.600218
v 9.860962 4.853303 -7.330365
v 7.804624 34.252331 -9.154517
v 8.545426 21.411089 5.953960
v 7.529267 33.640072 -8.776469
v 7.662674 33.309990 -8.935948
v -5.830664 23.447981 -6.161429
v -3.487794 23.600571 -8.638184
v 4.803834 15.988907 8.247019
v 9.297108 23.647861 -3.746280
v 9.229552 23.772661 -3.532044
v -3.964568 24.811348 -8.727249
v 7.230486 16.764246 7.027611
v 8.372778 20.871395 -3.971134
v 7.192197 31.652658 -7.878527
v 8.735061 34.270149 -8.440042
v 10.964659 25.652945 -0.387988
v -7.036498 24.342556 -6.896242
v -8.507039 19.753864 -0.754800
v 6.198539 23.590218 -6.963420
v 9.066643 22.255129 6.373092
v 8.918969 23.847700 -4.455966
v 9.062177 23.649443 -4.333833
v -8.595735 34.386684 -8.239657
v 9.472733 22.530905 2.923507
v -9.223475 5.039344 11.037965
v 5.774529 23.261946 -6.224811
v 6.972304 27.768486 -6.610423
v -4.268794 33.326973 -9.915810
v -3.072046 25.255249 -8.843532
v 4.785485 37.454529 -12.127571
v 5.834543 22.772942 -6.628725
v 8.012931 22.348171 -3.218763
v 8.227297 22.777729 -3.198606
v 9.230570 4.740279 -8.194085
v 10.113032 0.249999 -6.703238
v 8.538180 32.850517 -8.391436
v -6.052051 23.534597 -5.909031
v -7.318411 11.149896 7.231275
v 5.984125 23.635887 -6.818360
v 8.442266 23.948305 -3.399424
v 2.852840 22.342857 -7.313414
v -10.754119 24.376423 -1.003105
v 6.110977 19.671780 -6.080256
v -7.865487 4.205221 11.058022
v -8.892367 22.068552 -3.360302
v -8.856560 21.665367 -3.504818
v -9.031287 22.442150 -3.614411
v -3.223163 24.766895 -7.811174
v 8.629753 21.765635 -3.090475
v -6.734134 12.147692 7.046790
v 5.730695 22.824146 -6.455355
v 5.696048 22.844122 -6.257404
v 8.797875 4.816006 11.242887
v -9.252649 18.786407 1.728670
v 9.662536 24.512589 -0.674194
v 11.408902 25.307047 7.913366
v -6.279404 23.618134 -6.988971
v -5.847452 19.618799 -6.158638
v -7.928875 22.656252 -3.922657
v -3.714289 24.798681 -7.794141
v -3.437577 22.059893 -7.088187
v -11.753629 27.982767 -1.550866
v 2.623201 21.561636 -7.610917
v 9.756207 19.749168 2.266666
v 2.966144 25.405424 -8.633326
v 6.224674 21.573792 -6.557470
v -8.392133 24.158222 -4.339246
v -6.767718 23.944887 -6.999195
v 2.863360 24.311777 -8.316827
v 5.846587 23.620764 -6.573261
v -9.923828 24.517260 -1.244739
v -8.456279 33.427402 -8.056486
v 5.103270 13.568398 7.947680
v -2.819362 21.592871 -7.095737
v 2.731597 22.856167 -7.896282
v 8.872140 23.048637 -4.282932
v 11.021372 24.136480 6.693526
v -2.971200 23.979422 -7.756735
v -0.363012 37.241432 -11.795178
v -9.117494 21.251799 2.857241
v -9.060832 22.886791 -3.451112
v -5.752816 22.817497 -6.506970
v -10.085585 20.218451 5.920510
v 9.033359 22.793274 -3.424924
v 9.646125 20.945061 3.247640
v 0.090242 36.704872 -12.717566
v 2.916027 24.043045 -8.461011
v 9.276999 19.481638 2.027881
v -5.222661 38.802799 -12.210666
v 7.786486 21.975231 -3.368208
v -9.362129 18.895887 3.433866
v 8.095408 22.885178 -3.338865
v 6.246129 20.526487 -6.250106
v 8.323695 24.109169 -3.573809
v -9.083585 22.734175 -3.861696
v 8.570084 20.767635 -3.746796
v 9.103491 22.808306 -3.855236
v 8.934019 22.445181 -4.011739
v 9.310781 23.755293 -4.019976
v -4.239218 39.532986 -11.833188
v 5.878519 23.350510 -6.682677
v -2.578334 20.448858 -7.500932
v 8.382404 21.710695 -2.982498
v -10.132666 25.900148 -1.187736
v 6.217942 26.005974 -6.925151
v -6.261113 20.226215 -5.253365
v -0.340853 24.287371 -8.307507
v -5.138494 36.855907 -11.494410
v -1.499782 19.250000 -7.753967
v -0.220899 33.814545 -10.783983
v 5.206895 13.370451 6.948671
v -3.323676 27.376097 -8.557461
v 3.500207 20.395081 -6.777836
v 7.090461 14.480848 7.264921
v -6.369696 23.986006 -5.901147
v -10.418897 22.062904 2.387368
v -12.057220 27.219810 8.261571
v 5.779588 23.273340 -6.464581
v -11.264918 27.342064 2.204902
v -10.926823 23.787708 6.843070
v 3.450181 19.957531 -6.658940
v -6.652338 6.269590 9.753538
v 9.395161 19.581087 6.316422
v 7.736835 11.605553 8.460974
v -5.119055 14.299691 -5.359457
v -8.957315 20.269077 2.260383
v 6.079433 15.211729 8.488054
v -10.375051 27.962967 -0.457334
v -4.153537 38.752937 -11.679124
v -4.806576 39.581421 -11.497438
v -7.144029 12.540736 7.346450
v -9.392735 18.926495 2.248694
v 6.037892 13.962854 -5.604934
v -8.647002 19.250000 3.442812
v 0.156801 19.607374 -8.124702
v -10.782248 27.349028 2.556400
v -10.782369 23.890259 7.173087
v 10.302216 20.943258 5.695131
v -10.363180 1.880248 -7.215475
v -4.132420 38.929672 -11.936666
v -9.857657 -0.000000 -6.035598
v -0.597762 36.501148 -12.085362
v 6.106400 12.614229 6.664758
v 5.544242 13.814482 -5.504052
v 9.540106 22.819618 2.491417
v -4.968677 39.020210 -12.506972
v -10.711655 25.028515 7.814080
v -9.453670 24.844013 -3.663045
v 6.461326 22.270039 -6.662124
v -11.080651 25.149189 7.873174
v 4.538305 33.407387 -11.066084
v 6.375101 26.247631 -7.322240
v -2.707142 19.715614 -7.547343
v -9.452396 18.986155 2.656578
v -5.792283 19.233608 -6.368829
v -6.459248 20.695482 -5.506917
v -10.894024 23.871176 7.026668
v 4.836516 33.306126 -10.530693
v -10.894307 24.013474 6.550794
v -8.169913 18.929691 -4.014463
v 8.890586 20.698170 -0.966207
v 9.116446 27.351133 -3.968021
v 9.613777 23.227648 2.763315
v -5.077225 38.884190 -12.405770
v -7.053692 12.573998 7.072370
v 6.919112 13.811298 6.868968
v -6.270169 19.645945 -5.885664
v 11.563550 25.055794 7.403663
v -4.319896 16.250000 1.187582
v 6.867362 12.994787 8.629924
v 6.850973 13.005487 -5.680136
v -0.523299 38.228817 -12.821919
v 7.020447 13.895850 7.080550
v -11.620179 25.226870 6.912995
v -2.830845 16.000000 -4.023757
v -9.177892 22.633083 -0.728108
v -9.533202 19.655594 -0.188537
v -10.916198 26.664515 2.226311
v -0.762725 18.250000 4.373645
v 8.630547 21.547937 5.802644
v -0.537319 26.110441 -9.026588
v 0.563114 32.639248 -10.840331
v -11.612312 25.112431 7.103300
v 6.685794 9.958209 -6.800628
v 9.146019 26.576818 -4.833993
v -10.414287 25.363247 6.513384
v 9.475678 19.009438 5.414854
v 3.448704 31.083258 -9.950706
v 9.152258 20.442089 3.152999
v -3.853063 35.519035 -11.214817
v 6.244800 23.032015 -5.691621
v -0.366016 19.092220 -8.091105
v 9.153864 21.567778 -1.050355
v 6.958595 10.048528 -6.858769
v -4.565406 16.000000 5.361743
v 6.623741 21.958439 -6.421819
v -10.524519 23.441145 -0.912303
v 1.903555 16.000000 -4.486644
v -10.935142 24.841574 -0.716145
v -8.300567 5.131413 -5.425076
v 6.100754 20.760864 -5.231110
v -11.252649 26.866171 -1.353950
v 7.579112 10.326473 -4.324363
v -11.811419 26.691326 8.295095
v 6.370224 23.868736 -5.871559
v -4.473668 15.668053 -5.115293
v 7.189079 25.021008 -6.448058
v 8.951441 25.603607 -3.571347
v -10.631264 25.495264 -1.396209
v 9.092171 20.095543 6.630514
v 6.823195 23.715002 -5.988306
v -10.742305 27.468855 2.810053
v 6.379820 23.231840 -6.923641
v 8.838025 20.123646 2.883012
v 7.169930 24.793087 -6.879810
v 7.893406 27.936552 -7.529956
v 9.804090 20.557482 2.133174
v 9.281149 -0.000001 -8.442196
v 7.303910 25.664568 -7.087337
v 10.899371 27.216970 7.361981
v -9.167394 25.647924 -3.546587
v -10.181781 26.476511 -1.014030
v -0.578397 39.349167 -12.676877
v 9.420361 20.208113 2.039647
v 5.759410 11.598409 7.620680
v 10.532747 23.601385 2.161989
v 5.687459 11.530930 7.923457
v 3.608446 20.865900 -7.745445
v -9.314143 19.250000 6.871767
v -6.310183 27.745220 -7.135610
v -4.364417 39.144772 -11.526349
v 6.563988 14.132360 8.369229
v -6.130743 11.504368 7.241466
v 9.570891 20.597967 4.967131
v 7.210283 26.054295 -6.467197
v 6.648601 6.185912 9.113800
v -2.906667 19.650116 -7.626894
v -0.526628 39.571144 -13.175275
v 5.977763 11.523259 7.357700
v -11.236811 27.358591 3.395207
v 8.369196 9.915144 8.190846
v -8.385747 19.645205 -3.420725
v -8.222688 10.710634 8.301874
v -8.966282 27.383266 -4.261399
v -7.795540 10.967959 9.209663
v 7.097668 25.291584 -6.322330
v -5.773835 11.739694 8.495070
v 6.004768 24.271553 -6.260554
v 6.263483 20.160433 -5.257921
v -7.854764 20.198185 -2.756914
v 7.378099 26.786356 -6.673258
v -5.238559 39.349529 -12.395316
v 7.685304 11.304696 -4.631351
v -11.864681 27.750000 6.958302
v -6.285611 10.715102 -4.314161
v -9.914916 23.962963 -0.148465
v -10.129592 24.872210 3.041989
v -8.885937 20.440384 2.798846
v 3.022943 20.460642 -7.842949
v 8.055796 10.668224 7.751679
v -9.153491 20.808132 3.086273
v -9.858359 25.252642 -0.696816
v -6.700096 21.711714 -5.967058
v -5.334179 38.994614 -11.991107
v -5.448883 21.096861 -6.102109
v 8.032272 9.639730 7.646657
v 6.518796 11.635803 -4.158279
v 9.467944 19.001703 2.651727
v -6.464771 20.284723 -5.700275
v 9.524640 19.621777 5.028749
v -9.325291 21.565229 3.072739
v 8.810606 26.305471 -4.576602
v -11.406750 27.383236 8.331513
v -7.989450 10.889731 9.020905
v 9.244048 18.777807 5.632402
v 6.860515 22.683956 -6.158768
v -6.897979 12.195139 -5.879537
v 5.856365 10.851395 -4.712411
v 6.010897 16.250000 2.438507
v 9.687147 19.220905 3.084467
v 9.209040 21.720308 2.704077
v 9.164850 19.568840 6.395348
v -10.632013 27.278788 -1.416036
v -5.389826 20.983927 -5.871039
v -8.341552 20.197037 5.175979
v -7.719757 10.296319 9.601804
v -9.748601 27.761730 -5.263357
v -11.022352 27.416704 3.316389
v 10.710434 26.958660 7.758994
v 3.181057 23.201555 -7.375028
v 6.471529 20.840923 -5.516562
v 6.966241 16.250000 6.388143
v 3.475129 22.443428 -7.186489
v 9.020830 5.834885 -5.485722
v -10.269430 27.938530 -4.807478
v -10.686561 26.771255 3.163264
v -9.670753 24.547476 -0.817799
v 6.963263 16.250000 2.826969
v 8.259266 10.131064 9.087234
v -5.561421 13.907642 -5.519184
v -9.006605 27.268408 -4.678254
v 10.757886 27.079447 7.536448
v 8.297187 20.360554 5.369448
v 5.888806 24.017282 -6.459226
v -7.538177 11.023805 9.359945
v 5.497458 19.621181 -5.030046
v 8.055578 10.212106 -6.423785
v -10.718265 26.970671 7.759420
v -6.310726 20.826481 -5.335851
v -6.948257 16.250000 2.331972
v -7.430563 12.050190 7.667562
v 8.691252 19.575922 2.375133
v -9.487774 21.542114 3.199723
v 7.989663 19.039194 5.352254
v -9.465383 18.999142 3.070873
v 9.470914 19.004673 2.966592
v 8.546506 20.749519 6.456386
v -7.429244 12.140759 -4.824723
v -6.169069 19.636240 -5.134159
v 5.883534 19.582905 -6.122946
v 4.630944 16.250000 5.361743
v -9.998239 27.334827 -4.774593
v -12.236664 27.454859 7.440814
v -9.044816 18.578575 2.743958
v -6.461200 19.250000 -5.044378
v -5.664950 11.654732 -4.988986
v -8.943211 19.250000 6.690410
v -9.185638 22.879284 6.404472
v -5.304991 20.067030 -5.386162
v -7.706511 11.293933 7.586799
v -5.181153 19.705557 -5.500469
v 6.482012 9.882705 -6.713345
v 8.444263 21.105324 5.633900
v 8.008508 23.188156 -3.736546
v -6.251361 18.909174 -6.024549
v 6.819842 10.977304 -4.168406
v 9.504240 19.037998 5.781434
v -5.703299 15.124854 -5.613239
v 7.026038 11.838384 7.180657
v 7.971262 19.026926 4.916475
v -8.020589 19.059813 5.062133
v -4.764662 15.693020 -5.343639
v -8.081534 5.175607 -5.438391
v 9.874274 20.351986 5.193576
v 6.098558 20.766226 -6.384483
v -8.941847 20.474155 6.719138
v -9.453722 18.987480 5.735487
v 9.986519 21.570570 5.389145
v 8.656998 20.588173 6.560014
v -10.598578 23.208975 5.936407
v 8.355659 20.077095 6.202183
v -9.489944 19.604622 2.079358
v 5.912941 23.969637 -6.675007
v -5.950046 20.490185 -6.344112
v -10.967421 27.132656 2.273556
v -10.741695 22.292866 6.421472
v 3.622822 20.222261 -6.915378
v -4.618638 16.250000 -2.418238
v 5.414004 21.120998 -5.963498
v 6.950622 10.226447 -4.181849
v 8.272202 19.227552 5.186870
v 8.219720 9.971070 7.845481
v 8.202261 10.647879 8.059318
v -8.957765 21.722179 6.545868
v -9.346612 22.394815 5.722820
v -10.510631 27.420300 -1.262715
v -8.688745 24.996059 -3.543995
v -12.226670 26.465250 7.631242
v 8.238703 10.709549 8.375551
v -7.499744 10.128544 9.742367
v -9.733121 19.500751 5.663107
v 11.025275 26.065975 8.273079
v 10.635692 26.369059 8.025485
v -10.117372 25.790657 -0.463350
v 8.137788 10.929201 8.580801
v 9.444363 20.227264 6.662878
v -6.090728 19.585089 -6.071565
v -6.300647 20.363243 -6.146919
v -10.792482 23.147030 6.153006
v -5.053153 15.705321 -5.480971
v 6.375169 20.180695 -5.969562
v 12.159202 27.168816 8.146930
v -9.339231 27.307983 -4.949328
v 6.270919 11.936529 -5.967092
v 7.217801 10.107728 -6.860223
v -4.037150 40.899113 -12.094576
v 6.312574 20.924559 -5.347966
v 10.290156 22.782362 5.658245
v 12.050439 26.546564 8.085464
v -9.657516 19.620319 6.110465
v -12.336428 27.501116 7.633027
v 7.182055 11.884120 -4.352652
v -10.042275 25.945135 -0.712823
v 7.265124 9.456807 9.833801
v -10.791171 22.867584 6.889337
v 12.052147 26.131723 6.990923
v -11.466172 25.371319 7.938791
v 11.599320 26.534538 8.351398
v -8.817466 21.805122 6.116654
v -9.181808 22.404177 5.924453
v -10.536746 25.965780 6.786730
v -7.371269 10.272904 -4.243631
v -9.844057 22.275291 5.531812
v -11.063379 26.654667 3.378253
v -9.571037 22.346582 5.585580
v -9.579871 23.474548 6.216593
v -7.799659 5.209026 -5.499303
v 11.660924 25.870750 8.165931
v -9.465111 26.818886 -3.720224
v 6.885621 9.256603 -6.821567
v -10.574840 27.774517 -0.319404
v -10.893142 26.737661 3.332539
v -10.781258 26.091326 3.338476
v -10.005475 23.919960 6.321541
v -10.776918 26.586884 6.810075
v -9.695201 19.506905 5.887599
v -10.396150 25.839655 7.674551
v 8.423307 9.472620 8.597911
v 7.722555 11.257524 7.584293
v -7.463059 19.606689 -3.756256
v 8.379225 10.122089 8.385207
v 9.165831 7.511446 -6.416994
v -10.520550 22.316620 6.960801
v -10.256218 21.271246 6.421466
v -4.673524 16.036263 -2.427026
v 8.796736 21.729624 6.285258
v 10.503594 22.652264 5.774601
v 7.568329 11.795280 -5.592797
v -9.345630 19.250000 6.475493
v 6.476130 20.884691 -6.145887
v -10.054118 21.567606 5.445305
v -10.093329 22.191166 5.572710
v -8.896410 21.815334 6.361875
v 7.069102 6.719116 -5.425969
v 6.689390 9.224874 -6.732615
v -9.763129 21.923159 7.009721
v -9.131754 21.592228 6.749247
v -10.332566 26.002644 7.399671
v 6.795335 11.809139 -4.159239
v 9.662964 20.277918 6.615552
v -8.131033 19.541464 5.092913
v -9.934450 25.164230 -0.449425
v -8.269195 19.514807 4.919553
v 12.114118 26.336020 7.938312
v -10.305801 21.469053 5.812817
v 6.807030 22.428951 -6.279942
v -10.485368 26.522993 7.190582
v 8.905342 21.916842 6.023334
v -10.829018 27.069950 7.248436
v 7.844914 6.500000 -4.644171
v -8.511792 20.065315 4.950039
v 7.409462 6.754651 -5.200262
v -9.625221 23.257185 7.074866
v -5.103209 13.434938 -4.895470
v -9.952471 22.869217 5.624868
v -10.490994 21.894878 6.055135
v -10.010076 24.647663 -0.228704
v -9.826674 22.434225 7.202671
v -11.352037 27.750000 -2.070227
v 12.351012 27.459806 7.964640
v 6.968515 11.193669 -4.191168
v -10.780106 26.130003 8.169374
v -10.235943 26.467772 -0.587541
v 11.041897 26.680622 8.277616
v -9.527929 21.991034 6.972928
v -10.496062 26.638046 7.426752
v -9.116020 22.316641 6.580870
v -10.094245 24.246033 6.589252
v 11.866081 25.437569 7.211095
v -6.579985 12.277772 -5.904449
v -5.122011 16.250603 -5.498882
v -10.584497 26.540091 6.988815
v 8.884259 7.627953 -7.015779
v -8.305872 19.250000 5.062000
v -6.865588 6.705600 8.580667
v 7.165753 6.719219 8.276882
v 8.310828 6.978705 -5.123822
v -8.037016 6.875035 8.001240
v -9.889933 23.414961 5.894904
v -8.258319 10.367989 8.887699
v 11.800647 25.492544 6.952762
v -5.887790 11.922707 7.298150
v -10.333876 21.376915 6.212147
v -9.336044 22.098257 6.876755
v 7.708104 9.510852 9.731781
v -10.436476 21.824135 6.575814
v 9.042547 7.591504 -6.794939
v 10.832297 25.952040 6.576275
v -10.735332 23.426277 7.085723
v -10.564956 22.819729 7.125790
v 7.938056 9.557866 9.599190
v -4.038281 40.707943 -12.309170
v -8.822978 19.588463 3.052943
v -6.155578 13.884562 -5.582267
v 7.070671 9.387083 -6.885944
v -9.424782 22.943102 5.888166
v -9.542696 19.076456 5.896464
v -10.882090 25.587261 8.079856
v -6.603151 10.891655 -4.192191
v 9.256197 20.187944 6.669398
v 7.322408 9.460339 -6.901565
v -9.542004 27.448244 -3.808580
v 7.510089 9.441500 9.797353
v -9.655519 22.942898 5.731401
v -7.785536 6.799827 8.005302
v -8.748810 20.403114 4.935066
v -12.021556 27.128710 7.137246
v -8.577868 20.662708 5.138350
v -9.227263 27.467829 -3.915387
v -6.548490 19.250000 -5.416811
v 8.254719 6.951432 8.034817
v -10.165871 21.117023 5.406851
v 7.176995 10.671703 -4.169656
v -11.778493 25.630821 6.822719
v 7.844914 6.500000 7.614680
v 8.398606 9.479008 -5.974685
v -9.199258 22.166769 6.732759
v -10.443493 27.528564 -0.844057
v -9.457306 19.493767 6.212061
v -8.873883 20.930481 5.040437
v -6.405249 13.945526 -5.526490
v 8.070398 6.853145 -5.050295
v -11.859538 27.531841 7.189251
v -9.734250 23.439196 5.996378
v -10.198267 21.556170 5.613614
v -12.252170 26.864183 7.476761
v 11.170855 25.435493 8.055372
v -11.768213 26.235044 6.685819
v 7.854576 6.860557 -5.080011
v -10.308276 20.763165 6.005874
v -10.346265 21.333656 5.974040
v -11.838580 25.496347 7.019040
v 7.785153 8.607801 10.405423
v 7.695605 6.782117 -5.086844
v 8.423257 9.399372 -5.659629
v 6.259640 8.800965 8.732631
v -9.064540 22.236513 6.366385
v -8.763078 21.164459 6.648521
v 8.046510 7.107202 8.101686
v -6.709168 6.717278 8.846798
v -9.091498 22.345453 6.131814
v 6.262319 8.855531 8.926696
v 7.448786 6.736085 8.103054
v 8.888771 8.765718 -6.478500
v 7.609479 6.973384 8.175164
v -9.080677 8.180960 9.261188
v 7.982061 9.031097 -7.106680
v 7.832263 6.781493 7.977733
v -10.258276 20.955236 5.568274
v -10.330342 22.333765 7.108307
v -7.055492 8.373100 10.369478
v -7.808073 8.707665 10.358912
v -7.725583 8.846704 10.274992
v 12.162212 26.871487 8.014105
v -6.486113 7.907073 -7.036783
v 7.343609 8.161184 -4.650326
v 8.817856 7.864151 -5.220399
v -7.742918 18.874699 2.556196
v 3.741115 27.336979 -9.593145
v 6.794087 29.280024 -7.814132
v 11.242484 27.368958 -0.390359
v -9.080127 19.808907 3.182467
v -8.335690 36.155258 -9.636183
v -8.260154 6.993110 10.799106
v -4.666436 40.167210 -12.819418
v -2.877784 20.277781 -6.653150
v -0.557604 19.405386 -7.754069
v 0.523486 20.033098 -7.951544
v 3.312261 29.463795 -9.606419
v 8.101624 37.076591 -8.987561
v 9.221070 1.488866 -6.671072
v 8.585511 35.950962 -8.435328
v -9.432135 21.973154 3.082003
v -9.223231 22.817003 -0.551085
v -9.142460 27.321537 -4.840521
v -7.114764 26.330347 -6.437281
v -0.107117 26.380644 -9.949697
v 2.528150 20.484564 -7.202363
v 4.075438 24.666689 -8.411964
v 4.275876 39.936241 -11.932098
v 8.314906 21.951141 -3.006465
v 8.196020 36.074112 -9.570063
v 8.893780 36.255306 -9.533907
v -0.064210 32.162369 -11.502293
v -10.038981 0.801015 12.007403
v -9.061920 20.465160 0.095346
v -7.230087 19.694031 -3.191214
v 0.457168 40.535179 -13.541028
v 9.498396 22.800562 2.740132
v 11.418726 26.880014 2.241039
v -11.577840 26.719494 2.350836
v -10.653299 0.870990 -8.452370
v -10.634935 1.245987 -8.132452
v -10.219707 26.279823 -1.196659
v -6.650013 6.290323 8.893568
v -4.347901 39.578819 -12.503902
v 8.783219 21.154106 -0.512930
v 9.418252 26.748093 -4.900739
v 9.774733 21.884203 2.083667
v -10.604801 23.832706 3.271186
v -5.573978 18.250000 5.843350
v -7.178798 26.741594 -7.616845
v 6.896211 29.065248 -7.988343
v 8.066148 36.011967 -8.579253
v 10.559622 1.619313 10.934024
v -4.881683 34.397076 -11.027714
v 5.231655 19.933163 -5.766647
v 6.494969 26.996937 -7.474206
v 7.986481 29.698456 -7.499199
v 8.549465 4.388426 11.348172
v 4.566476 36.472790 -10.713433
v -9.555599 22.663387 -0.073460
v -9.397595 21.608036 -1.147245
v -7.943268 3.557516 11.104733
v -8.278082 2.335509 -8.343036
v -5.879466 22.253561 -6.627767
v -5.724267 21.247097 -6.421091
v -0.510417 30.820660 -10.236965
v 3.883197 26.654533 -9.377155
v -5.556419 20.867451 -6.261254
v -4.527278 38.566940 -12.413658
v -4.658420 31.446817 -10.175054
v -4.005608 34.687691 -10.374032
v 7.845454 30.755322 -8.459797
v 7.654595 34.492256 -8.487872
v -5.551256 21.950212 -6.142972
v 7.373048 26.039787 -7.151786
v -9.278350 23.721643 -3.634705
v -6.729561 22.403963 -5.848774
v 0.540728 37.904133 -12.194069
v 4.734669 32.353470 -10.117604
v -8.535908 24.870258 -4.425156
v 8.507525 25.000048 -3.724422
s 0
f 4 2 1
f 1 2 6926
f 7431 4 1
f 1 3967 4678
f 6926 3967 1
f 1 4678 6892
f 1 6892 7431
f 4 3 2
f 2 3 3970
f 2 3970 6926
f 3 4 6592
f 3 5 3970
f 6592 5 3
f 4 20 29
f 7431 20 4
f 4 29 6592
f 32 19 5
f 5 19 3970
f 6592 32 5
f 10 7 6
f 6 7 12
f 6458 10 6
f 6 12 5276
f 6 5276 6458
f 7 10 11
f 7 11 5321
f 13 12 7
f 5102 13 7
f 5321 5102 7
f 14 9 8
f 8 9 16
f 5528 14 8
f 8 16 6613
f 6613 5528 8
f 9 14 15
f 9 15 7609
f 17 16 9
f 7219 17 9
f 7609 7219 9
f 21 11 10
f 6000 21 10
f 6458 6000 10
f 11 21 22
f 11 22 8879
f 6085 5321 11
f 8879 6085 11
f 12 13 23
f 12 23 9687
f 9687 5276 12
f 24 23 13
f 8189 24 13
f 13 5102 8189
f 25 15 14
f 7234 25 14
f 14 5528 7234
f 15 25 26
f 15 26 9174
f 9174 7609 15
f 16 17 27
f 16 27 6264
f 16 6264 6613
f 28 27 17
f 8821 28 17
f 17 7219 8821
f 18 5198 5481
f 7002 5198 18
f 5994 5412 18
f 18 5412 7002
f 18 5481 6621
f 7744 5994 18
f 18 6621 7744
f 19 32 51
f 51 50 19
f 19 50 3970
f 34 29 20
f 20 30 31
f 11440 30 20
f 20 31 34
f 20 7431 11440
f 62 22 21
f 4891 62 21
f 6000 4891 21
f 22 62 63
f 22 63 8908
f 8908 8879 22
f 23 24 64
f 23 64 9923
f 23 5456 9687
f 9923 5456 23
f 65 64 24
f 7603 65 24
f 8189 7603 24
f 66 26 25
f 6591 66 25
f 7234 6591 25
f 26 66 67
f 26 67 10507
f 10507 9174 26
f 27 28 68
f 27 68 9042
f 9042 6264 27
f 69 68 28
f 10247 69 28
f 28 8821 10247
f 36 32 29
f 29 32 6592
f 29 34 36
f 11854 31 30
f 4425 33 30
f 30 33 11854
f 11440 4425 30
f 38 34 31
f 37 35 31
f 31 35 38
f 11854 37 31
f 32 36 44
f 32 44 51
f 4425 43 33
f 33 43 11786
f 33 11786 11854
f 49 36 34
f 34 38 11580
f 11580 49 34
f 35 37 11989
f 39 38 35
f 11831 39 35
f 35 6863 11831
f 11989 6863 35
f 49 44 36
f 11786 41 37
f 37 41 11989
f 11854 11786 37
f 38 39 53
f 38 53 11580
f 39 40 45
f 11831 40 39
f 39 45 52
f 39 52 73
f 73 53 39
f 40 42 58
f 6863 42 40
f 61 45 40
f 58 56 40
f 40 56 61
f 11831 6863 40
f 11786 47 41
f 41 47 11970
f 41 48 10388
f 11970 48 41
f 10388 10263 41
f 41 10263 11989
f 10263 46 42
f 42 46 10567
f 10567 58 42
f 42 6863 10263
f 55 47 43
f 43 47 11786
f 9217 55 43
f 43 4425 9217
f 44 49 60
f 78 51 44
f 44 60 78
f 61 52 45
f 10388 54 46
f 46 54 10567
f 46 10263 10388
f 47 55 11986
f 47 76 11970
f 11986 76 47
f 48 75 10388
f 10429 75 48
f 48 76 10429
f 11970 76 48
f 11580 60 49
f 50 51 84
f 50 84 88
f 50 88 3970
f 51 78 84
f 52 61 77
f 85 73 52
f 52 77 85
f 53 73 83
f 53 80 11580
f 11667 80 53
f 53 83 11667
f 10388 75 54
f 54 75 10567
f 11717 79 55
f 55 79 11986
f 55 9217 11717
f 56 58 11995
f 10118 61 56
f 89 86 56
f 56 86 10118
f 11995 89 56
f 57 59 5804
f 7610 59 57
f 57 72 3974
f 5804 72 57
f 57 3974 7610
f 10567 70 58
f 58 70 11995
f 6603 74 59
f 59 74 7170
f 59 5354 6603
f 7610 5354 59
f 7170 5804 59
f 100 78 60
f 60 80 100
f 11580 80 60
f 10118 77 61
f 142 63 62
f 4730 142 62
f 4891 4730 62
f 63 142 143
f 63 143 5096
f 63 5096 8908
f 64 65 144
f 64 144 5889
f 64 5889 9923
f 145 144 65
f 8659 145 65
f 65 7603 8659
f 146 67 66
f 5956 146 66
f 6591 5956 66
f 67 146 147
f 67 147 9074
f 9074 5203 67
f 67 5203 10507
f 68 69 148
f 68 148 7361
f 7361 5680 68
f 68 5680 9042
f 149 148 69
f 9584 149 69
f 10247 9584 69
f 10567 90 70
f 70 90 11977
f 70 11977 11995
f 5779 249 71
f 71 249 6735
f 71 4385 5503
f 7523 4385 71
f 6735 5481 71
f 71 5481 7523
f 71 5503 5750
f 71 5750 5779
f 3976 81 72
f 72 81 9735
f 9735 3974 72
f 5804 3976 72
f 113 83 73
f 73 85 113
f 6603 93 74
f 74 93 7169
f 74 7169 7170
f 10429 87 75
f 75 87 11991
f 11991 10567 75
f 5602 94 76
f 76 94 10429
f 11986 5602 76
f 106 85 77
f 10118 106 77
f 78 82 84
f 100 82 78
f 5325 115 79
f 79 115 5602
f 11717 5325 79
f 79 5602 11986
f 9374 100 80
f 11667 9374 80
f 81 125 11131
f 11376 125 81
f 81 3976 8582
f 81 8582 11376
f 11131 9735 81
f 136 84 82
f 82 100 11736
f 82 135 192
f 11736 135 82
f 192 136 82
f 83 113 116
f 83 116 9374
f 83 9374 11667
f 163 88 84
f 84 136 163
f 85 106 11860
f 11860 113 85
f 86 89 11646
f 129 106 86
f 86 106 10118
f 86 108 129
f 11646 108 86
f 165 123 87
f 87 123 11991
f 87 126 165
f 10429 126 87
f 88 163 3970
f 89 98 11637
f 11995 98 89
f 89 11637 11646
f 90 123 10599
f 11991 123 90
f 90 10567 11991
f 90 10599 11977
f 91 92 4437
f 5994 92 91
f 4436 4429 91
f 91 4429 5994
f 8683 4436 91
f 91 4437 8683
f 9743 117 92
f 92 117 11286
f 11286 4437 92
f 92 5994 7744
f 92 7744 11525
f 11525 9743 92
f 11280 138 93
f 93 138 11582
f 93 6603 11280
f 8182 7169 93
f 11582 8182 93
f 169 126 94
f 94 126 10429
f 94 132 201
f 5602 132 94
f 201 169 94
f 95 96 97
f 103 96 95
f 95 97 99
f 95 99 107
f 95 102 103
f 107 102 95
f 112 97 96
f 96 103 108
f 96 108 112
f 105 99 97
f 112 105 97
f 133 122 98
f 98 122 11637
f 10599 133 98
f 11977 10599 98
f 11995 11977 98
f 99 105 110
f 124 107 99
f 99 110 131
f 131 124 99
f 9425 159 100
f 100 159 11736
f 100 9374 9425
f 4435 104 101
f 101 104 6326
f 312 114 101
f 101 114 4435
f 101 298 312
f 5347 298 101
f 6326 5347 101
f 120 103 102
f 102 107 119
f 102 119 127
f 121 120 102
f 127 121 102
f 129 108 103
f 103 120 129
f 4435 304 104
f 104 304 7523
f 5481 5198 104
f 104 5198 8059
f 7523 5481 104
f 8059 6326 104
f 128 110 105
f 105 112 122
f 105 122 128
f 106 129 153
f 106 153 161
f 106 161 11860
f 137 119 107
f 107 124 137
f 11646 112 108
f 109 114 166
f 4435 114 109
f 109 166 315
f 109 315 4435
f 110 128 130
f 110 130 131
f 5412 5016 111
f 111 5016 5445
f 111 5347 6326
f 10236 5347 111
f 7002 5412 111
f 111 5445 10236
f 111 6326 8059
f 8059 7002 111
f 11637 122 112
f 11646 11637 112
f 152 116 113
f 11860 152 113
f 114 150 166
f 346 150 114
f 114 312 346
f 178 132 115
f 115 132 5602
f 115 140 178
f 5820 140 115
f 115 5325 5820
f 116 152 187
f 187 157 116
f 116 157 9374
f 117 134 5823
f 8518 134 117
f 117 5823 11286
f 9743 8518 117
f 118 193 7417
f 10998 193 118
f 8738 4436 118
f 118 4436 11219
f 118 7417 8738
f 11219 10998 118
f 151 127 119
f 119 137 151
f 120 121 139
f 153 129 120
f 120 139 153
f 121 127 141
f 141 139 121
f 155 128 122
f 122 133 160
f 160 155 122
f 123 165 10539
f 10539 171 123
f 123 171 10599
f 124 131 154
f 181 137 124
f 124 154 188
f 188 181 124
f 125 177 10917
f 11703 177 125
f 125 10917 11131
f 125 11376 11703
f 169 165 126
f 164 141 127
f 127 151 164
f 158 130 128
f 128 155 158
f 156 131 130
f 172 156 130
f 130 158 172
f 156 154 131
f 132 178 235
f 235 201 132
f 171 160 133
f 10599 171 133
f 134 170 5823
f 10996 170 134
f 134 8518 10996
f 194 162 135
f 135 162 229
f 135 189 194
f 11736 189 135
f 229 192 135
f 219 163 136
f 136 192 219
f 185 151 137
f 137 181 185
f 11280 10418 138
f 138 10418 11582
f 139 141 175
f 174 153 139
f 175 174 139
f 140 168 178
f 5820 168 140
f 141 164 183
f 183 175 141
f 281 143 142
f 4805 281 142
f 142 4730 4805
f 143 281 282
f 143 282 5129
f 5129 5096 143
f 144 145 283
f 144 283 6539
f 6539 5889 144
f 284 283 145
f 7625 284 145
f 8659 7625 145
f 285 147 146
f 6087 285 146
f 146 5956 6087
f 147 285 286
f 147 286 9270
f 9270 9074 147
f 148 149 287
f 148 287 5641
f 148 5641 7361
f 288 287 149
f 5258 288 149
f 9584 5258 149
f 200 166 150
f 419 200 150
f 150 346 419
f 173 164 151
f 179 173 151
f 185 179 151
f 152 161 186
f 11860 161 152
f 152 186 187
f 176 161 153
f 153 174 176
f 154 156 190
f 199 188 154
f 154 190 199
f 184 158 155
f 155 160 180
f 155 180 184
f 156 172 190
f 157 187 191
f 157 191 9425
f 9425 9374 157
f 197 172 158
f 158 184 197
f 9861 189 159
f 159 189 11736
f 9425 222 159
f 159 222 9861
f 160 171 182
f 182 180 160
f 161 176 11613
f 11613 186 161
f 194 168 162
f 162 168 7514
f 7514 229 162
f 163 219 3970
f 164 173 183
f 165 169 195
f 165 195 10539
f 166 200 254
f 166 254 386
f 386 315 166
f 167 6735 7913
f 11317 6735 167
f 7913 7200 167
f 167 7200 9050
f 167 9050 10996
f 167 10996 11922
f 11922 11317 167
f 8952 178 168
f 168 194 8952
f 168 5820 7025
f 168 7025 7514
f 238 195 169
f 169 201 238
f 10996 215 170
f 170 215 11426
f 11426 5823 170
f 226 182 171
f 10539 226 171
f 197 190 172
f 173 179 203
f 198 183 173
f 203 198 173
f 174 175 207
f 227 176 174
f 174 207 252
f 252 227 174
f 175 183 207
f 176 227 11613
f 177 196 8086
f 11751 196 177
f 177 8086 10917
f 177 11703 11751
f 11912 235 178
f 178 8952 11912
f 179 185 210
f 210 203 179
f 180 182 208
f 211 184 180
f 180 208 211
f 221 185 181
f 181 188 206
f 206 204 181
f 181 204 221
f 240 208 182
f 182 226 240
f 183 198 213
f 213 207 183
f 225 197 184
f 184 211 225
f 221 210 185
f 11961 187 186
f 186 227 253
f 11613 227 186
f 186 253 11961
f 223 191 187
f 11961 223 187
f 188 199 212
f 212 206 188
f 205 194 189
f 9861 205 189
f 190 197 248
f 241 199 190
f 248 241 190
f 191 222 9425
f 11925 222 191
f 191 223 11925
f 296 219 192
f 192 229 296
f 193 3986 4465
f 10998 3986 193
f 4465 3990 193
f 193 3990 6901
f 193 6901 7417
f 194 205 11771
f 194 309 8952
f 11771 309 194
f 8792 226 195
f 195 226 10539
f 195 238 8792
f 196 231 8086
f 10923 231 196
f 11751 10923 196
f 197 225 248
f 198 203 234
f 234 213 198
f 11351 212 199
f 199 241 270
f 199 270 11351
f 294 254 200
f 478 294 200
f 200 419 478
f 201 235 11878
f 11878 238 201
f 5750 214 202
f 202 214 7534
f 5779 5750 202
f 8800 5779 202
f 202 7534 11758
f 11758 8800 202
f 203 210 257
f 292 234 203
f 203 257 292
f 204 206 11622
f 204 220 11583
f 11622 220 204
f 11620 221 204
f 204 11583 11620
f 205 258 290
f 9861 258 205
f 205 290 308
f 205 308 11771
f 206 212 11622
f 207 213 271
f 271 252 207
f 263 211 208
f 208 240 307
f 307 263 208
f 9844 239 209
f 209 239 11599
f 10418 9844 209
f 11097 10418 209
f 209 10962 11097
f 11599 10962 209
f 210 221 261
f 261 257 210
f 275 225 211
f 211 263 275
f 11351 264 212
f 212 264 11622
f 213 234 271
f 7089 4417 214
f 214 4417 7534
f 5750 5225 214
f 214 5225 7089
f 215 250 8723
f 11060 250 215
f 215 8723 11426
f 10996 9050 215
f 215 9050 11060
f 218 217 216
f 216 217 233
f 243 218 216
f 233 230 216
f 216 230 242
f 216 242 11858
f 11858 243 216
f 217 218 228
f 217 228 11842
f 246 233 217
f 11842 246 217
f 218 220 228
f 11583 220 218
f 243 224 218
f 218 224 11583
f 219 296 3970
f 247 228 220
f 11622 247 220
f 11600 261 221
f 11620 11600 221
f 313 258 222
f 222 258 9861
f 11925 313 222
f 223 268 11925
f 11961 268 223
f 224 243 11952
f 224 259 11620
f 11952 259 224
f 11620 11583 224
f 295 248 225
f 225 275 295
f 266 240 226
f 8792 266 226
f 227 252 11610
f 262 253 227
f 11610 262 227
f 228 247 251
f 228 251 11842
f 340 296 229
f 375 340 229
f 7514 375 229
f 230 233 11819
f 11819 242 230
f 231 239 7617
f 11675 239 231
f 7617 5323 231
f 231 5323 8086
f 231 10923 11675
f 5090 236 232
f 232 236 9505
f 232 244 8832
f 9505 244 232
f 8832 5090 232
f 233 246 9700
f 297 279 233
f 233 279 11819
f 9700 297 233
f 278 271 234
f 292 278 234
f 235 267 11878
f 11912 267 235
f 236 255 7192
f 10128 255 236
f 236 5090 10128
f 236 7192 9505
f 9922 245 237
f 237 245 9956
f 237 256 5300
f 12055 256 237
f 237 5300 10489
f 10489 9922 237
f 237 9956 12055
f 238 280 11864
f 11878 280 238
f 11864 8792 238
f 10285 7617 239
f 239 9844 10285
f 11675 11599 239
f 240 266 274
f 240 274 307
f 241 248 265
f 241 265 270
f 242 260 11858
f 11886 260 242
f 11819 289 242
f 242 289 11886
f 11858 269 243
f 243 269 11952
f 5881 272 244
f 244 272 10602
f 9505 5881 244
f 10602 8832 244
f 245 273 4497
f 10480 273 245
f 245 4497 7903
f 245 7903 9956
f 245 9922 10480
f 246 311 9700
f 11813 311 246
f 11842 11813 246
f 319 251 247
f 247 264 310
f 11622 264 247
f 247 310 319
f 306 265 248
f 248 295 306
f 249 5779 8800
f 7913 6735 249
f 249 7200 7913
f 8609 7200 249
f 10357 8609 249
f 249 8800 10357
f 9333 276 250
f 250 276 11746
f 11746 8723 250
f 11060 9333 250
f 251 319 11813
f 251 11813 11842
f 252 271 317
f 317 291 252
f 252 291 11610
f 253 262 300
f 300 268 253
f 253 268 11961
f 254 294 4387
f 483 386 254
f 4387 483 254
f 255 302 8167
f 10119 302 255
f 8167 7192 255
f 10128 10119 255
f 7188 303 256
f 256 303 9446
f 9446 5300 256
f 12055 7188 256
f 257 261 293
f 293 292 257
f 334 290 258
f 258 313 334
f 259 301 320
f 11952 301 259
f 259 320 11600
f 259 11600 11620
f 260 269 11858
f 11953 269 260
f 11886 336 260
f 260 336 11953
f 324 293 261
f 261 320 324
f 11600 320 261
f 262 291 331
f 11610 291 262
f 329 300 262
f 339 329 262
f 262 331 339
f 326 275 263
f 263 307 326
f 264 270 328
f 11351 270 264
f 328 310 264
f 328 270 265
f 265 306 330
f 330 328 265
f 332 274 266
f 333 332 266
f 11864 333 266
f 266 8792 11864
f 11912 299 267
f 267 299 11935
f 11935 11878 267
f 268 300 313
f 268 313 11925
f 338 301 269
f 269 301 11952
f 11953 338 269
f 271 278 317
f 9415 321 272
f 272 321 10016
f 272 5881 9415
f 272 10016 10602
f 273 322 4497
f 10969 322 273
f 273 10480 10969
f 325 307 274
f 332 325 274
f 326 295 275
f 9333 318 276
f 276 318 11829
f 11829 11746 276
f 11819 279 277
f 277 279 11919
f 277 289 11819
f 11949 289 277
f 277 352 361
f 11919 352 277
f 277 361 11949
f 278 292 327
f 327 317 278
f 279 297 11919
f 280 323 11864
f 11935 323 280
f 280 11878 11935
f 449 282 281
f 5867 449 281
f 281 4805 5867
f 282 449 450
f 282 450 5021
f 282 5021 5129
f 283 284 451
f 283 451 5599
f 283 5599 6539
f 452 451 284
f 5551 452 284
f 7625 5551 284
f 453 286 285
f 9356 453 285
f 285 6087 9356
f 286 453 454
f 286 454 9602
f 286 5563 9270
f 9602 5563 286
f 287 288 455
f 287 455 4750
f 287 4750 5641
f 456 455 288
f 10655 456 288
f 288 5258 10655
f 289 316 11886
f 11949 316 289
f 334 308 290
f 291 317 359
f 359 331 291
f 292 293 388
f 388 327 292
f 293 324 368
f 368 342 293
f 293 342 388
f 478 420 294
f 294 420 4342
f 294 4342 4387
f 335 306 295
f 295 326 335
f 296 340 6063
f 6063 3970 296
f 297 357 9671
f 9700 357 297
f 297 9671 9896
f 297 9896 11919
f 298 304 5190
f 6352 304 298
f 315 312 298
f 5190 315 298
f 298 5347 6352
f 8952 309 299
f 299 309 11929
f 11912 8952 299
f 11929 11910 299
f 299 11910 11935
f 11880 313 300
f 300 329 345
f 300 345 11880
f 341 320 301
f 301 338 384
f 384 341 301
f 302 343 8167
f 10081 343 302
f 10119 10081 302
f 7188 344 303
f 303 344 10145
f 10145 9446 303
f 6455 4385 304
f 304 4385 7523
f 304 4435 5190
f 304 6352 8058
f 6504 6455 304
f 7162 6504 304
f 8058 7162 304
f 305 3990 7782
f 11874 3990 305
f 305 3991 11591
f 11981 3991 305
f 305 7782 9676
f 305 9676 11981
f 305 11591 11874
f 3988 330 306
f 306 335 3988
f 307 325 11649
f 11649 326 307
f 308 309 11771
f 11929 309 308
f 308 334 350
f 308 350 354
f 308 354 11929
f 397 319 310
f 310 328 377
f 310 377 397
f 311 347 402
f 11813 347 311
f 402 357 311
f 311 357 9700
f 312 315 386
f 386 346 312
f 11880 334 313
f 6394 493 314
f 314 493 7162
f 6352 5347 314
f 314 5347 10236
f 314 5445 6394
f 10236 5445 314
f 8058 6352 314
f 314 7162 8058
f 5190 4435 315
f 10589 389 316
f 316 389 11886
f 11949 10589 316
f 317 327 359
f 7765 3991 318
f 318 3991 11981
f 9333 7765 318
f 318 11158 11829
f 11981 11158 318
f 397 347 319
f 319 347 11813
f 341 324 320
f 321 370 5459
f 7150 370 321
f 321 5459 10016
f 9415 7150 321
f 322 371 5890
f 10969 371 322
f 5890 4497 322
f 323 337 356
f 11935 337 323
f 323 356 11864
f 324 341 405
f 405 368 324
f 325 332 351
f 325 351 372
f 372 358 325
f 325 358 11649
f 374 335 326
f 326 358 374
f 11649 358 326
f 364 359 327
f 388 364 327
f 328 330 376
f 328 376 385
f 385 377 328
f 329 339 366
f 360 345 329
f 366 360 329
f 330 355 376
f 3988 355 330
f 379 339 331
f 331 359 379
f 332 333 348
f 332 348 351
f 356 348 333
f 11864 356 333
f 11880 350 334
f 335 374 409
f 335 409 3988
f 10595 387 336
f 336 387 11953
f 12013 10595 336
f 336 11886 12013
f 337 354 11901
f 11910 354 337
f 11901 356 337
f 11935 11910 337
f 387 384 338
f 11953 387 338
f 379 366 339
f 340 375 6063
f 341 384 404
f 341 404 405
f 342 368 390
f 390 388 342
f 10081 410 343
f 343 410 12048
f 8433 8167 343
f 12048 8433 343
f 344 411 9001
f 10424 411 344
f 344 7188 8171
f 344 8171 10424
f 344 9001 10145
f 345 360 362
f 345 362 11880
f 346 386 419
f 347 397 401
f 347 401 11918
f 11918 402 347
f 423 351 348
f 348 356 362
f 362 360 348
f 348 360 423
f 349 353 11993
f 11994 353 349
f 383 363 349
f 349 363 11887
f 11993 383 349
f 349 11887 11946
f 349 11946 11994
f 11901 354 350
f 350 11880 11901
f 396 372 351
f 423 396 351
f 11946 361 352
f 352 365 11908
f 11919 365 352
f 352 11908 11994
f 11994 11946 352
f 11994 367 353
f 353 367 12012
f 353 373 11993
f 12012 373 353
f 354 11910 11929
f 395 376 355
f 3988 395 355
f 11901 362 356
f 357 402 11895
f 11895 9671 357
f 358 372 424
f 424 374 358
f 359 364 403
f 403 379 359
f 360 366 378
f 360 378 423
f 11887 380 361
f 361 380 11949
f 11946 11887 361
f 11901 11880 362
f 363 383 412
f 412 391 363
f 363 391 11887
f 364 388 403
f 9671 392 365
f 365 392 11988
f 9896 9671 365
f 11919 9896 365
f 11988 11908 365
f 421 378 366
f 366 379 417
f 366 417 421
f 11908 399 367
f 367 399 11975
f 11994 11908 367
f 367 11975 12012
f 406 390 368
f 368 405 406
f 369 373 10309
f 11993 373 369
f 10378 383 369
f 369 383 11993
f 369 10309 11546
f 11546 10378 369
f 370 431 5459
f 7424 431 370
f 370 7150 7424
f 371 432 7353
f 8787 432 371
f 7353 5890 371
f 10969 8787 371
f 372 396 424
f 373 394 10309
f 12012 394 373
f 424 409 374
f 7514 4349 375
f 375 4349 7837
f 7837 6063 375
f 11931 385 376
f 376 395 438
f 376 438 11931
f 377 385 11877
f 427 397 377
f 11877 427 377
f 378 421 423
f 379 403 417
f 380 422 437
f 11887 422 380
f 380 437 10589
f 380 10589 11949
f 381 382 4507
f 8800 382 381
f 4511 407 381
f 381 407 10357
f 381 4507 4511
f 10357 8800 381
f 382 436 4000
f 11758 436 382
f 382 4000 4507
f 382 8800 11758
f 10378 412 383
f 384 387 428
f 443 404 384
f 384 428 443
f 385 446 11877
f 11931 446 385
f 483 419 386
f 10595 428 387
f 388 390 416
f 416 403 388
f 10592 426 389
f 389 426 10595
f 389 10589 10592
f 389 10595 12013
f 12013 11886 389
f 406 398 390
f 390 398 414
f 390 414 416
f 391 412 440
f 440 422 391
f 391 422 11887
f 392 441 9822
f 11895 441 392
f 392 9671 11895
f 392 9822 11894
f 392 11894 11988
f 6744 6224 393
f 393 6224 9333
f 8236 6744 393
f 393 7200 8236
f 9050 7200 393
f 11060 9050 393
f 393 9333 11060
f 418 413 394
f 394 413 10309
f 12012 418 394
f 395 398 406
f 415 398 395
f 395 406 438
f 3988 415 395
f 396 423 433
f 433 424 396
f 11942 401 397
f 397 427 11942
f 415 414 398
f 11894 430 399
f 399 430 11975
f 11988 11894 399
f 399 11908 11988
f 400 408 10309
f 11299 408 400
f 400 413 8674
f 10309 413 400
f 400 8674 11299
f 401 439 11918
f 11942 439 401
f 402 468 11866
f 11918 468 402
f 402 11866 11895
f 403 416 417
f 442 405 404
f 465 442 404
f 404 443 465
f 442 406 405
f 464 438 406
f 406 442 464
f 9523 445 407
f 407 445 10357
f 407 4511 9523
f 408 6496 10378
f 11853 6496 408
f 11546 10309 408
f 408 10378 11546
f 408 11299 11834
f 408 11834 11879
f 11879 11853 408
f 425 415 409
f 409 415 3988
f 409 424 425
f 9721 457 410
f 410 457 12048
f 410 5129 9721
f 10081 5129 410
f 411 458 9657
f 10424 458 411
f 9657 9001 411
f 448 440 412
f 10378 448 412
f 413 418 10069
f 413 6170 8674
f 10069 6170 413
f 414 415 435
f 434 416 414
f 435 434 414
f 415 425 435
f 434 417 416
f 434 421 417
f 418 430 444
f 11975 430 418
f 418 444 10069
f 12012 11975 418
f 483 478 419
f 420 429 4342
f 6462 429 420
f 420 478 557
f 420 557 5315
f 420 5315 6676
f 6676 6462 420
f 433 423 421
f 434 433 421
f 447 437 422
f 422 440 447
f 433 425 424
f 425 433 435
f 11899 461 426
f 426 461 11921
f 426 10592 11899
f 11921 10595 426
f 427 467 11869
f 11877 467 427
f 427 11869 11987
f 11987 11942 427
f 486 443 428
f 511 486 428
f 11921 511 428
f 428 10595 11921
f 4843 4006 429
f 429 4006 9390
f 4387 4342 429
f 7067 4387 429
f 6462 4843 429
f 9390 7067 429
f 477 444 430
f 430 460 477
f 11894 460 430
f 6653 472 431
f 431 472 10754
f 10754 5459 431
f 7424 6653 431
f 5655 473 432
f 432 473 8414
f 8787 5655 432
f 8414 7353 432
f 433 434 435
f 436 459 5897
f 11750 459 436
f 6011 4000 436
f 436 5897 6011
f 436 7534 11162
f 11758 7534 436
f 436 11162 11750
f 437 447 462
f 437 462 10592
f 10592 10589 437
f 464 446 438
f 438 446 11931
f 11942 492 439
f 439 492 11967
f 11967 11918 439
f 471 447 440
f 440 448 471
f 441 466 9822
f 11866 466 441
f 11895 11866 441
f 476 464 442
f 442 465 476
f 11916 465 443
f 443 486 11916
f 444 477 9698
f 444 9698 10069
f 470 463 445
f 445 463 8609
f 9884 470 445
f 445 8609 10357
f 445 9523 9884
f 446 464 484
f 484 467 446
f 446 467 11877
f 479 462 447
f 447 471 479
f 480 471 448
f 8538 480 448
f 448 6496 8538
f 10378 6496 448
f 581 450 449
f 8172 581 449
f 449 5867 8172
f 450 581 582
f 450 582 8218
f 8218 5021 450
f 451 452 583
f 451 583 6723
f 451 5340 5599
f 6723 5340 451
f 584 583 452
f 7944 584 452
f 452 5551 7944
f 585 454 453
f 11604 585 453
f 453 9356 11604
f 454 585 586
f 454 586 9499
f 454 9499 9602
f 455 456 587
f 455 587 5738
f 5738 4750 455
f 588 587 456
f 9394 588 456
f 10655 9394 456
f 8911 497 457
f 457 497 9366
f 9721 8911 457
f 457 9366 12048
f 9532 498 458
f 458 498 10046
f 10424 9532 458
f 10046 9657 458
f 536 499 459
f 459 499 5897
f 11750 536 459
f 491 477 460
f 9822 491 460
f 11894 9822 460
f 461 511 11921
f 11928 511 461
f 461 11899 11928
f 462 479 485
f 462 485 10592
f 463 470 508
f 463 508 11383
f 463 510 7301
f 11383 510 463
f 7301 6744 463
f 463 6744 8236
f 463 8236 8609
f 464 476 484
f 11916 476 465
f 518 491 466
f 466 491 9822
f 466 514 518
f 11868 514 466
f 466 11866 11868
f 467 484 11869
f 468 494 11868
f 11967 494 468
f 11868 11866 468
f 468 11918 11967
f 8946 481 469
f 469 481 10972
f 9794 4514 469
f 469 4514 11617
f 11778 8946 469
f 469 9201 9794
f 10972 9201 469
f 469 11617 11778
f 11965 508 470
f 470 9884 11965
f 500 479 471
f 471 480 500
f 472 506 5741
f 6167 506 472
f 472 5741 10754
f 6653 6167 472
f 5702 507 473
f 473 507 10342
f 473 5655 5702
f 10342 8414 473
f 7522 488 474
f 474 488 11692
f 8720 7522 474
f 8833 8720 474
f 9774 8833 474
f 11892 9774 474
f 474 11692 11892
f 503 501 475
f 475 501 516
f 8866 503 475
f 475 516 543
f 475 543 5674
f 5674 4020 475
f 475 4020 7841
f 8510 5182 475
f 475 5182 8866
f 475 7841 8510
f 9954 484 476
f 476 502 529
f 11916 502 476
f 476 529 9954
f 477 491 504
f 477 504 9698
f 478 483 5547
f 4015 557 478
f 5547 4015 478
f 509 485 479
f 479 500 539
f 539 509 479
f 544 500 480
f 9697 544 480
f 480 8538 9697
f 481 512 4527
f 8946 512 481
f 481 4527 10972
f 482 513 8021
f 11815 513 482
f 11085 4514 482
f 482 4514 11091
f 482 8021 11085
f 482 11091 11815
f 483 4387 5547
f 484 9954 11869
f 485 509 541
f 11900 528 485
f 485 528 11928
f 485 541 11900
f 11899 10592 485
f 11928 11899 485
f 511 502 486
f 486 502 11916
f 487 4417 5747
f 6595 4417 487
f 487 5747 6374
f 487 6374 9296
f 487 6555 6595
f 9296 6555 487
f 488 522 4559
f 6029 522 488
f 488 4559 4587
f 488 4587 11692
f 7522 6029 488
f 489 490 4504
f 11834 490 489
f 9774 495 489
f 489 495 11879
f 489 4504 9774
f 11879 11834 489
f 490 496 4543
f 8674 496 490
f 9933 4504 490
f 490 4543 9933
f 11299 8674 490
f 11834 11299 490
f 518 504 491
f 11869 505 492
f 492 505 11959
f 11987 11869 492
f 492 11942 11987
f 492 11959 11967
f 493 6224 6342
f 7765 6224 493
f 493 6342 7162
f 493 6394 6441
f 493 6441 7664
f 493 7664 7765
f 494 540 11828
f 11959 540 494
f 494 11828 11868
f 11967 11959 494
f 9774 531 495
f 495 531 11982
f 495 11853 11879
f 11982 11853 495
f 496 532 4543
f 9623 532 496
f 496 8674 9623
f 497 534 6035
f 7612 534 497
f 497 6035 9366
f 8911 7612 497
f 7904 535 498
f 498 535 10239
f 9532 7904 498
f 10239 10046 498
f 499 517 5896
f 8489 517 499
f 499 536 8489
f 499 5896 5897
f 544 539 500
f 501 503 4521
f 4521 516 501
f 502 511 537
f 565 529 502
f 502 537 565
f 5474 530 503
f 503 530 8999
f 11640 4521 503
f 8866 5474 503
f 503 8999 11640
f 504 518 542
f 561 521 504
f 504 521 9698
f 504 542 561
f 505 523 10014
f 11869 523 505
f 505 10014 11959
f 8017 546 506
f 506 546 9267
f 9267 5741 506
f 506 6167 8017
f 5847 547 507
f 507 547 9360
f 507 5702 5847
f 507 9360 10342
f 508 533 11383
f 11972 533 508
f 11965 9656 508
f 508 9656 11972
f 509 539 598
f 598 541 509
f 510 533 6304
f 11383 533 510
f 5250 627 510
f 510 627 7301
f 6304 5250 510
f 11947 537 511
f 511 11928 11947
f 512 559 4523
f 6395 559 512
f 512 4523 4527
f 9161 6395 512
f 512 8946 9161
f 513 560 10269
f 10701 560 513
f 10794 8021 513
f 513 10269 10794
f 11815 10701 513
f 554 518 514
f 514 538 607
f 11828 538 514
f 607 554 514
f 11868 11828 514
f 4868 4692 515
f 515 4692 5237
f 5315 4868 515
f 515 5237 7634
f 6676 5315 515
f 515 6462 6676
f 7634 6462 515
f 7273 543 516
f 516 4521 11265
f 11265 7273 516
f 8489 580 517
f 517 580 12038
f 11846 5896 517
f 12038 11846 517
f 554 542 518
f 519 524 635
f 6061 524 519
f 636 525 519
f 519 525 6061
f 635 621 519
f 519 621 636
f 520 526 622
f 5912 526 520
f 638 527 520
f 520 527 4820
f 520 622 638
f 520 4820 5912
f 521 561 10045
f 6612 6055 521
f 521 6055 9698
f 521 6314 6612
f 10045 6314 521
f 4246 634 522
f 522 634 4559
f 522 4078 4246
f 6029 4078 522
f 9954 529 523
f 523 529 11791
f 11869 9954 523
f 11791 10014 523
f 524 549 635
f 4560 549 524
f 6061 4560 524
f 636 550 525
f 525 550 8438
f 7971 6061 525
f 8438 7971 525
f 526 551 665
f 9649 551 526
f 637 622 526
f 665 637 526
f 526 5912 9649
f 638 552 527
f 527 552 9749
f 9749 4820 527
f 11900 545 528
f 528 545 11947
f 11947 11928 528
f 529 565 11791
f 9563 553 530
f 530 553 10732
f 530 5474 9563
f 10732 8999 530
f 531 564 9697
f 11892 564 531
f 531 9697 11982
f 531 9774 11892
f 532 632 5359
f 9380 632 532
f 8945 4543 532
f 532 5359 8945
f 9623 9380 532
f 533 603 6304
f 11279 603 533
f 11972 11279 533
f 5001 645 534
f 534 645 10028
f 7612 5001 534
f 8258 6035 534
f 10028 8258 534
f 8261 596 535
f 535 596 10239
f 535 7904 8261
f 536 6540 6595
f 11162 6540 536
f 536 6595 6616
f 536 6616 8489
f 11750 11162 536
f 11930 565 537
f 11980 11930 537
f 537 11947 11980
f 538 573 680
f 11863 573 538
f 649 607 538
f 680 649 538
f 538 11828 11863
f 539 544 11809
f 11809 598 539
f 540 558 11863
f 11959 558 540
f 11863 11828 540
f 541 598 652
f 652 604 541
f 541 604 11900
f 542 554 608
f 608 561 542
f 543 591 5674
f 7273 591 543
f 9559 6396 544
f 544 6396 11809
f 9697 9559 544
f 11827 567 545
f 545 567 11980
f 11900 11827 545
f 11980 11947 545
f 546 611 5921
f 7269 611 546
f 546 5921 9267
f 8017 7269 546
f 547 612 5091
f 5964 612 547
f 547 5091 9360
f 547 5847 5964
f 548 555 4026
f 7512 555 548
f 548 556 4843
f 6027 556 548
f 548 4026 6027
f 548 4843 5274
f 548 5274 7512
f 549 613 716
f 9914 613 549
f 663 635 549
f 716 663 549
f 549 4560 9914
f 664 614 550
f 550 614 10248
f 550 636 664
f 10248 8438 550
f 551 615 718
f 9649 615 551
f 718 665 551
f 666 616 552
f 552 616 5728
f 552 638 666
f 5728 4813 552
f 552 4813 9749
f 553 643 10732
f 10777 643 553
f 553 9563 10777
f 554 607 608
f 555 579 7294
f 7512 579 555
f 7294 4026 555
f 556 574 4006
f 7232 574 556
f 556 4006 4843
f 556 6027 7232
f 5056 667 557
f 557 667 5643
f 557 4015 5056
f 5643 5315 557
f 11791 566 558
f 558 566 12004
f 558 10014 11791
f 11959 10014 558
f 12004 11863 558
f 559 609 4523
f 6395 609 559
f 560 610 10269
f 10701 610 560
f 561 608 11983
f 561 633 10045
f 11983 633 561
f 593 568 562
f 562 568 12009
f 599 570 562
f 562 570 600
f 562 576 593
f 600 576 562
f 12009 599 562
f 578 569 563
f 563 569 594
f 563 571 578
f 601 571 563
f 594 577 563
f 563 577 601
f 564 693 9559
f 11790 693 564
f 564 9559 9697
f 11892 11790 564
f 565 566 11791
f 11930 566 565
f 566 11930 12000
f 566 12000 12004
f 11896 597 567
f 567 597 12000
f 567 11827 11896
f 567 11930 11980
f 12000 11930 567
f 635 592 568
f 568 592 12009
f 568 593 621
f 568 621 635
f 569 578 595
f 622 594 569
f 569 595 638
f 638 622 569
f 570 599 617
f 605 600 570
f 617 605 570
f 602 578 571
f 571 601 619
f 606 602 571
f 619 606 571
f 8160 589 572
f 572 589 10203
f 5500 4020 572
f 572 4020 8160
f 572 4529 5500
f 7146 4529 572
f 9806 7146 572
f 572 8633 9806
f 10203 8633 572
f 573 597 11862
f 12004 597 573
f 11862 680 573
f 573 11863 12004
f 574 648 4006
f 8983 648 574
f 574 7232 8983
f 575 592 628
f 12009 592 575
f 639 599 575
f 575 599 12009
f 628 623 575
f 575 623 639
f 629 593 576
f 576 600 640
f 576 624 629
f 640 624 576
f 577 594 625
f 641 601 577
f 577 625 641
f 626 595 578
f 578 602 642
f 642 626 578
f 4595 647 579
f 579 647 10132
f 7512 4595 579
f 579 6030 7294
f 10132 6030 579
f 4030 603 580
f 580 603 10852
f 8489 4030 580
f 580 10852 11764
f 580 11764 12038
f 785 582 581
f 8016 785 581
f 8172 8016 581
f 582 785 786
f 582 786 5045
f 582 5045 8218
f 583 584 787
f 583 787 9068
f 9068 6723 583
f 788 787 584
f 4018 788 584
f 7944 4018 584
f 789 586 585
f 6470 789 585
f 11604 6470 585
f 586 789 790
f 586 790 5847
f 5847 5702 586
f 586 5702 9499
f 587 588 791
f 587 791 4735
f 587 4735 5738
f 792 791 588
f 8811 792 588
f 9394 8811 588
f 589 8160 8529
f 589 8529 11037
f 11037 10203 589
f 590 697 4595
f 9853 697 590
f 590 4595 7512
f 7512 5274 590
f 590 5274 7634
f 7634 7030 590
f 590 7030 9853
f 5990 679 591
f 591 679 6802
f 6802 5674 591
f 591 5987 5990
f 7273 5987 591
f 663 628 592
f 592 635 663
f 636 621 593
f 593 629 636
f 594 622 637
f 630 625 594
f 637 630 594
f 595 626 631
f 595 631 638
f 8664 646 596
f 596 646 9669
f 596 8261 8664
f 596 9669 10239
f 11896 11862 597
f 12004 12000 597
f 673 652 598
f 11809 673 598
f 655 617 599
f 599 639 655
f 600 605 618
f 600 618 640
f 641 619 601
f 602 606 620
f 602 620 658
f 658 642 602
f 603 4030 6304
f 11707 10852 603
f 603 11279 11707
f 604 644 11900
f 12001 644 604
f 604 652 12001
f 605 617 650
f 669 618 605
f 605 650 669
f 606 619 651
f 671 620 606
f 606 651 671
f 672 608 607
f 607 649 720
f 720 672 607
f 608 672 9388
f 608 9388 11983
f 609 681 4524
f 11597 681 609
f 4524 4523 609
f 609 6395 11597
f 4023 682 610
f 610 682 10412
f 10701 4023 610
f 10412 10269 610
f 611 653 5813
f 7590 653 611
f 611 5813 5921
f 611 7269 7590
f 612 654 5448
f 5870 654 612
f 5156 5091 612
f 5448 5156 612
f 5964 5870 612
f 613 709 772
f 7331 709 613
f 772 716 613
f 9914 7331 613
f 710 660 614
f 614 660 10248
f 614 664 717
f 773 710 614
f 614 717 773
f 615 661 711
f 6023 661 615
f 615 711 774
f 774 718 615
f 9649 6023 615
f 616 666 719
f 719 712 616
f 616 712 5728
f 668 650 617
f 617 655 668
f 656 640 618
f 669 656 618
f 619 641 657
f 670 651 619
f 619 657 707
f 707 670 619
f 671 658 620
f 623 628 685
f 700 639 623
f 623 685 700
f 690 629 624
f 624 640 701
f 624 686 690
f 701 686 624
f 625 630 691
f 687 641 625
f 691 687 625
f 688 631 626
f 626 642 703
f 703 688 626
f 5250 3983 627
f 627 3983 6455
f 6504 6342 627
f 627 6342 6744
f 627 6455 6504
f 627 6744 7301
f 628 663 689
f 689 685 628
f 664 636 629
f 717 664 629
f 629 690 717
f 630 637 665
f 630 665 718
f 718 691 630
f 666 638 631
f 692 666 631
f 631 688 692
f 7551 694 632
f 632 694 9105
f 9105 5359 632
f 632 6612 7551
f 9380 6612 632
f 633 9388 11971
f 11983 9388 633
f 11969 10045 633
f 11971 11969 633
f 4246 799 634
f 634 799 4559
f 729 655 639
f 639 700 729
f 640 656 701
f 731 657 641
f 641 687 702
f 641 702 731
f 642 658 732
f 732 703 642
f 643 728 6866
f 6969 728 643
f 643 6866 8110
f 10777 6969 643
f 643 8110 10732
f 644 674 11827
f 12001 674 644
f 644 11827 11900
f 5001 676 645
f 645 676 5212
f 645 5212 6066
f 645 6066 10028
f 646 677 5590
f 8366 677 646
f 646 5590 9669
f 8664 8366 646
f 647 697 4033
f 4595 697 647
f 647 4033 10132
f 675 667 648
f 648 667 5056
f 9551 675 648
f 9390 4006 648
f 648 5056 6977
f 648 6689 6698
f 8984 6689 648
f 648 6698 9551
f 648 6977 9390
f 648 8983 8984
f 649 680 738
f 738 720 649
f 650 668 724
f 714 669 650
f 724 714 650
f 651 670 715
f 715 671 651
f 652 673 704
f 652 704 12001
f 4872 683 653
f 653 683 5813
f 7590 4872 653
f 654 684 5297
f 10312 684 654
f 654 5297 5448
f 654 5870 10312
f 705 668 655
f 751 705 655
f 655 729 751
f 656 669 706
f 730 701 656
f 656 706 752
f 752 730 656
f 731 707 657
f 658 671 708
f 658 708 732
f 4620 741 659
f 659 741 5327
f 7735 4620 659
f 659 5327 7794
f 7916 6022 659
f 659 6022 9577
f 9577 7735 659
f 659 7794 8192
f 8192 7916 659
f 660 710 739
f 660 739 4670
f 660 4670 7735
f 9577 6022 660
f 660 6022 10248
f 660 7735 9577
f 740 711 661
f 4671 740 661
f 8219 4671 661
f 661 6023 9502
f 9502 8219 661
f 10055 742 662
f 662 742 10515
f 9502 6913 662
f 662 6913 10193
f 10515 9502 662
f 10110 10055 662
f 10193 10110 662
f 716 689 663
f 666 692 719
f 667 675 5643
f 668 705 724
f 725 706 669
f 669 714 725
f 670 707 726
f 726 715 670
f 727 708 671
f 671 715 727
f 672 720 9913
f 9913 9388 672
f 745 704 673
f 673 723 745
f 6396 723 673
f 11809 6396 673
f 747 696 674
f 674 696 11827
f 674 736 747
f 12001 736 674
f 675 770 5643
f 9949 770 675
f 9551 6073 675
f 675 6073 9949
f 5649 683 676
f 676 683 7084
f 676 5001 5568
f 10237 5212 676
f 676 5568 5649
f 676 7084 10237
f 677 695 5590
f 6034 695 677
f 8366 6034 677
f 678 737 6555
f 7275 737 678
f 6113 976 678
f 678 976 7275
f 9297 6113 678
f 678 6555 9296
f 678 9296 9297
f 5990 722 679
f 679 722 10838
f 10838 6802 679
f 680 698 738
f 11862 698 680
f 681 713 4573
f 9520 713 681
f 11956 4524 681
f 681 4573 11956
f 11597 9520 681
f 682 733 7421
f 8777 733 682
f 682 4023 9547
f 682 7421 10412
f 9547 8777 682
f 683 4872 5344
f 683 5344 7084
f 683 5649 5813
f 684 695 6598
f 11387 695 684
f 6598 5297 684
f 684 10312 11387
f 685 689 756
f 766 700 685
f 685 756 766
f 757 690 686
f 686 701 767
f 767 757 686
f 687 691 758
f 783 702 687
f 687 758 768
f 687 768 783
f 759 692 688
f 688 703 784
f 769 759 688
f 784 769 688
f 689 716 756
f 757 717 690
f 691 718 758
f 775 719 692
f 692 759 775
f 4636 800 693
f 693 800 9405
f 11790 4636 693
f 693 9405 9559
f 9037 801 694
f 694 801 9519
f 694 7551 9037
f 9519 9105 694
f 11387 5590 695
f 695 6034 6598
f 747 698 696
f 696 698 11862
f 11896 11827 696
f 696 11862 11896
f 697 721 4033
f 9909 721 697
f 697 9853 9909
f 750 738 698
f 698 747 750
f 699 4586 4811
f 7118 4586 699
f 699 4811 7030
f 699 5237 6729
f 7030 5237 699
f 699 6729 7118
f 781 729 700
f 700 766 781
f 701 730 782
f 782 767 701
f 826 731 702
f 702 783 826
f 703 732 784
f 745 736 704
f 704 736 12001
f 816 724 705
f 705 751 820
f 820 816 705
f 706 725 743
f 706 743 752
f 744 726 707
f 707 731 753
f 753 744 707
f 708 727 819
f 754 732 708
f 823 754 708
f 708 819 823
f 804 772 709
f 4618 804 709
f 7331 4618 709
f 805 739 710
f 710 773 848
f 848 805 710
f 711 740 806
f 849 774 711
f 711 806 849
f 712 719 775
f 712 775 807
f 712 807 9565
f 9565 5728 712
f 713 733 4573
f 4645 733 713
f 9520 4645 713
f 714 724 760
f 760 725 714
f 715 726 761
f 779 727 715
f 715 761 779
f 772 756 716
f 717 757 773
f 774 758 718
f 720 738 9913
f 5476 829 721
f 721 829 6070
f 6070 4033 721
f 721 4744 5476
f 9909 4744 721
f 722 780 10838
f 11481 780 722
f 722 5990 7177
f 722 7177 11481
f 10187 745 723
f 723 6396 8544
f 8544 6532 723
f 723 6532 10187
f 776 760 724
f 816 776 724
f 817 743 725
f 725 760 777
f 725 777 817
f 726 744 818
f 778 761 726
f 818 778 726
f 727 779 819
f 865 746 728
f 728 746 8537
f 6969 865 728
f 8537 6866 728
f 842 751 729
f 729 781 842
f 730 752 843
f 825 782 730
f 843 825 730
f 826 753 731
f 732 754 827
f 827 784 732
f 8777 4573 733
f 733 4645 7421
f 734 755 8382
f 9913 755 734
f 11748 4185 734
f 734 4185 11971
f 734 8382 11748
f 11971 9913 734
f 735 770 795
f 5643 770 735
f 735 795 6515
f 735 4692 4868
f 6515 4692 735
f 735 4868 5643
f 736 745 771
f 771 747 736
f 737 965 975
f 7275 965 737
f 737 975 7211
f 6616 6555 737
f 6929 6616 737
f 7211 6929 737
f 738 750 755
f 738 755 9913
f 739 805 832
f 739 832 4670
f 833 806 740
f 4671 833 740
f 4620 840 741
f 741 840 5752
f 5752 5327 741
f 742 841 9435
f 11663 841 742
f 742 9435 10515
f 742 10055 11663
f 821 752 743
f 743 817 852
f 852 821 743
f 744 753 822
f 822 818 744
f 10187 771 745
f 865 803 746
f 746 803 7501
f 746 7501 8537
f 771 750 747
f 763 760 748
f 748 760 776
f 776 762 748
f 748 762 11332
f 10171 763 748
f 748 8052 10171
f 11332 8052 748
f 749 761 764
f 765 761 749
f 749 764 6217
f 9993 765 749
f 749 6217 10122
f 10122 9993 749
f 10425 755 750
f 750 771 10425
f 842 820 751
f 752 821 843
f 844 822 753
f 753 826 844
f 754 823 877
f 845 827 754
f 877 845 754
f 755 4251 8382
f 10425 4251 755
f 857 766 756
f 756 772 857
f 757 767 858
f 858 773 757
f 859 768 758
f 758 774 849
f 758 849 859
f 759 769 860
f 850 775 759
f 860 850 759
f 760 763 777
f 778 764 761
f 761 765 779
f 762 776 816
f 816 812 762
f 762 812 9973
f 762 9973 11332
f 817 777 763
f 763 813 817
f 10171 813 763
f 764 778 818
f 818 814 764
f 764 814 6916
f 6916 6217 764
f 815 779 765
f 9993 815 765
f 882 781 766
f 766 857 867
f 766 867 882
f 767 782 883
f 868 858 767
f 883 868 767
f 884 783 768
f 768 859 869
f 768 869 884
f 769 784 885
f 870 860 769
f 885 870 769
f 10411 795 770
f 9949 6106 770
f 770 6106 10411
f 10187 4251 771
f 771 4251 10425
f 772 804 847
f 772 847 857
f 858 848 773
f 850 807 775
f 779 815 819
f 780 797 6186
f 8360 797 780
f 780 6186 10838
f 11481 8360 780
f 781 824 842
f 882 824 781
f 782 825 883
f 896 826 783
f 783 884 896
f 784 827 885
f 949 786 785
f 4477 949 785
f 8016 4477 785
f 786 949 950
f 786 950 4867
f 786 4867 5045
f 787 788 951
f 787 951 8311
f 787 8311 9068
f 952 951 788
f 7226 952 788
f 788 4018 7226
f 953 790 789
f 5796 953 789
f 6470 5796 789
f 790 953 954
f 790 954 5475
f 790 5475 5847
f 791 792 955
f 791 955 7844
f 7844 4735 791
f 956 955 792
f 8809 956 792
f 8811 8809 792
f 11332 808 793
f 793 808 11706
f 793 809 10171
f 11706 809 793
f 10171 8052 793
f 793 8052 11332
f 794 810 872
f 10122 810 794
f 872 811 794
f 794 811 10122
f 6109 831 795
f 795 831 6515
f 10411 6109 795
f 796 798 10039
f 10203 798 796
f 796 830 5937
f 11705 830 796
f 796 5937 10203
f 796 10039 11705
f 797 803 865
f 8360 803 797
f 797 865 10468
f 10468 6186 797
f 10203 828 798
f 798 828 10922
f 10922 10039 798
f 4408 1121 799
f 799 1121 4434
f 799 4246 4408
f 799 4434 4559
f 4039 873 800
f 800 873 6532
f 9537 4039 800
f 800 4636 6284
f 800 6284 9537
f 800 6532 8544
f 800 8544 9405
f 11906 839 801
f 801 839 11937
f 801 7866 9519
f 11804 7866 801
f 801 9037 11906
f 11937 11804 801
f 802 990 6969
f 7421 990 802
f 802 6969 9807
f 10412 7421 802
f 802 9807 10412
f 7599 7501 803
f 8360 7599 803
f 930 847 804
f 804 898 930
f 12027 898 804
f 804 4618 12027
f 899 832 805
f 805 848 11941
f 11941 899 805
f 806 833 900
f 900 849 806
f 807 850 932
f 932 901 807
f 807 901 4904
f 807 4904 9565
f 808 834 11737
f 11943 834 808
f 808 11332 11943
f 808 11397 11706
f 11737 11397 808
f 879 835 809
f 809 835 10171
f 11706 879 809
f 810 836 880
f 6916 836 810
f 880 872 810
f 810 6217 6916
f 10122 6217 810
f 910 837 811
f 811 837 9993
f 811 872 881
f 811 881 910
f 811 9993 10122
f 812 816 851
f 812 851 861
f 812 861 9973
f 862 817 813
f 813 835 6854
f 10171 835 813
f 6854 862 813
f 814 818 863
f 892 836 814
f 814 836 6916
f 814 863 892
f 864 819 815
f 10019 864 815
f 815 9993 10019
f 816 820 851
f 862 852 817
f 818 822 853
f 818 853 863
f 854 823 819
f 864 854 819
f 820 842 875
f 875 851 820
f 876 843 821
f 821 852 876
f 822 844 905
f 905 853 822
f 823 854 877
f 10086 842 824
f 824 882 894
f 824 894 10086
f 825 843 927
f 895 883 825
f 927 895 825
f 896 844 826
f 827 845 929
f 897 885 827
f 929 897 827
f 828 838 10076
f 11037 838 828
f 828 10076 10922
f 828 10203 11037
f 5476 856 829
f 829 856 10217
f 10217 6070 829
f 8509 886 830
f 830 886 10275
f 10275 5937 830
f 10367 8509 830
f 11705 10367 830
f 4632 855 831
f 831 855 6317
f 6109 4632 831
f 831 6317 6515
f 832 899 918
f 832 918 4706
f 4706 4670 832
f 923 900 833
f 4707 923 833
f 833 4671 4707
f 6982 890 834
f 834 890 11737
f 9973 6982 834
f 11943 9973 834
f 835 879 908
f 908 891 835
f 835 891 6854
f 909 880 836
f 836 892 959
f 959 909 836
f 910 893 837
f 837 893 10019
f 10019 9993 837
f 8529 903 838
f 838 903 11227
f 11037 8529 838
f 11227 10076 838
f 839 888 4039
f 11904 888 839
f 839 4039 11937
f 11906 11904 839
f 4682 917 840
f 840 917 5752
f 840 4620 4682
f 841 924 9888
f 11806 924 841
f 9888 9435 841
f 841 11663 11806
f 10086 875 842
f 843 876 927
f 844 896 928
f 928 905 844
f 845 877 947
f 947 929 845
f 5770 985 846
f 846 985 6331
f 846 4612 4895
f 6331 4612 846
f 846 4895 6891
f 6891 5770 846
f 938 857 847
f 847 930 938
f 848 858 931
f 848 931 11941
f 940 859 849
f 849 900 1006
f 1006 940 849
f 850 860 941
f 941 932 850
f 6338 861 851
f 851 875 904
f 851 904 6338
f 852 862 914
f 972 876 852
f 852 914 972
f 905 863 853
f 854 864 916
f 906 877 854
f 916 906 854
f 4632 4045 855
f 855 4045 6317
f 5476 4045 856
f 856 4045 9436
f 856 6076 7832
f 9436 6076 856
f 856 7832 10217
f 938 867 857
f 858 868 939
f 939 931 858
f 940 869 859
f 860 870 941
f 6338 913 861
f 861 913 6982
f 861 6982 9973
f 6854 914 862
f 915 892 863
f 863 905 915
f 6871 916 864
f 10019 6871 864
f 5330 1050 865
f 865 1050 7646
f 6969 5330 865
f 865 7646 10468
f 866 886 925
f 10275 886 866
f 866 925 1008
f 866 1008 8449
f 8449 6222 866
f 866 6222 10915
f 11623 10275 866
f 866 10915 11623
f 981 882 867
f 867 938 966
f 867 966 981
f 868 883 982
f 967 939 868
f 982 967 868
f 983 884 869
f 869 940 968
f 869 968 983
f 870 885 984
f 969 941 870
f 984 969 870
f 871 878 936
f 11397 878 871
f 943 879 871
f 871 879 11706
f 871 936 943
f 11706 11397 871
f 872 880 944
f 937 881 872
f 944 937 872
f 4039 887 873
f 873 887 6392
f 873 6392 6532
f 874 933 979
f 9297 933 874
f 874 979 1009
f 874 1009 9295
f 9295 6113 874
f 874 6113 9297
f 971 904 875
f 875 926 945
f 10086 926 875
f 875 945 971
f 946 927 876
f 972 946 876
f 877 906 947
f 878 907 8475
f 11397 907 878
f 8744 936 878
f 8475 977 878
f 878 977 8744
f 943 908 879
f 880 909 944
f 978 910 881
f 881 937 989
f 989 978 881
f 12015 894 882
f 882 981 12015
f 883 895 982
f 997 896 884
f 884 983 997
f 885 897 984
f 9072 925 886
f 886 8509 9072
f 4039 888 887
f 887 888 10027
f 10027 6392 887
f 11904 10027 888
f 889 4030 5762
f 6304 4030 889
f 5879 5250 889
f 889 5250 6304
f 889 5762 6067
f 6067 5879 889
f 890 961 11708
f 11749 961 890
f 890 6982 11749
f 890 11708 11737
f 891 908 958
f 891 958 1024
f 1024 962 891
f 891 962 6854
f 892 915 963
f 1025 959 892
f 892 963 1025
f 893 910 960
f 893 960 964
f 893 964 6919
f 6919 6871 893
f 893 6871 10019
f 894 926 10086
f 12016 926 894
f 894 12015 12016
f 895 927 1012
f 996 982 895
f 1012 996 895
f 1013 928 896
f 896 997 1013
f 897 929 998
f 998 984 897
f 1000 930 898
f 4051 1000 898
f 12027 4051 898
f 1001 918 899
f 11968 1001 899
f 899 11941 11968
f 900 923 1002
f 900 1002 1006
f 901 932 1003
f 901 1003 6212
f 7340 4904 901
f 901 6212 7340
f 902 935 5440
f 6493 935 902
f 4968 1288 902
f 902 1288 5383
f 5460 4551 902
f 902 4551 6493
f 5440 4968 902
f 902 5383 5460
f 903 942 4049
f 10243 942 903
f 903 4049 11227
f 8529 7265 903
f 903 7265 10243
f 904 971 6440
f 6440 6338 904
f 993 915 905
f 905 928 973
f 905 973 993
f 906 916 994
f 974 947 906
f 994 974 906
f 907 957 8475
f 11708 957 907
f 907 11397 11737
f 11737 11708 907
f 908 943 11793
f 1020 958 908
f 11793 1020 908
f 1018 944 909
f 909 959 1021
f 1021 1018 909
f 978 960 910
f 5780 912 911
f 911 912 8654
f 911 933 9297
f 9935 933 911
f 9297 5780 911
f 911 8654 9935
f 5055 948 912
f 912 948 7412
f 5780 5055 912
f 912 7412 8654
f 6338 991 913
f 913 991 11833
f 11749 6982 913
f 11833 11749 913
f 6854 962 914
f 914 962 9740
f 992 972 914
f 9740 992 914
f 10088 963 915
f 915 993 10088
f 9967 994 916
f 916 6871 6919
f 916 6919 9967
f 917 4682 8676
f 7168 5752 917
f 6341 6082 917
f 917 6082 7168
f 8815 6341 917
f 917 8676 9286
f 9286 8815 917
f 918 1001 9286
f 8676 4706 918
f 9286 8676 918
f 4719 920 919
f 919 920 4722
f 919 921 4719
f 4721 921 919
f 4722 4721 919
f 920 922 4727
f 7416 922 920
f 920 4052 4722
f 4727 4052 920
f 920 4719 6190
f 920 6190 7416
f 4143 922 921
f 921 922 6191
f 4725 4143 921
f 6191 4719 921
f 921 4721 4725
f 922 4143 4727
f 8072 6191 922
f 922 7416 8072
f 8828 1002 923
f 923 4707 8786
f 923 8786 9242
f 9242 8828 923
f 924 8828 9242
f 9583 8828 924
f 924 9242 9888
f 11870 9583 924
f 924 11806 11870
f 4695 1008 925
f 9072 4695 925
f 1011 945 926
f 12016 1011 926
f 927 946 1012
f 1027 973 928
f 928 1013 1027
f 929 947 1014
f 1014 998 929
f 1028 938 930
f 930 1000 1004
f 930 1004 1028
f 931 939 1005
f 931 1005 11968
f 11968 11941 931
f 932 941 1007
f 1007 1003 932
f 7403 979 933
f 9935 7403 933
f 6121 1195 934
f 934 1195 7118
f 934 4763 6121
f 6317 4763 934
f 6515 6317 934
f 6729 6515 934
f 7118 6729 934
f 935 1195 1551
f 4586 1195 935
f 1551 1257 935
f 935 1257 5440
f 6493 4586 935
f 988 943 936
f 8744 988 936
f 937 944 986
f 937 986 989
f 1028 966 938
f 939 967 1029
f 1029 1005 939
f 1030 968 940
f 940 1006 1030
f 941 969 1031
f 1031 1007 941
f 942 1064 4049
f 10436 1064 942
f 942 10243 10436
f 943 988 1017
f 943 1017 11793
f 1018 986 944
f 1034 971 945
f 945 1011 1034
f 946 972 1035
f 1035 1012 946
f 947 974 1014
f 5055 980 948
f 948 980 7412
f 1094 950 949
f 5713 1094 949
f 949 4477 5713
f 950 1094 1095
f 950 1095 5001
f 5001 4867 950
f 951 952 1096
f 951 1096 8311
f 1097 1096 952
f 7226 1097 952
f 1098 954 953
f 5796 1098 953
f 954 1098 1099
f 954 1099 5870
f 5870 5475 954
f 955 956 1100
f 955 1100 8419
f 8419 7844 955
f 1101 1100 956
f 5348 1101 956
f 956 5163 5348
f 8809 5163 956
f 957 1023 9707
f 11768 1023 957
f 9707 8475 957
f 957 11708 11768
f 958 1020 1024
f 9900 1021 959
f 959 1025 9900
f 1026 964 960
f 960 978 9678
f 9678 1026 960
f 961 1039 10010
f 11749 1039 961
f 961 10010 11768
f 11768 11708 961
f 962 1024 1040
f 962 1040 9740
f 11865 1025 963
f 10088 1041 963
f 963 1041 11865
f 964 1026 1134
f 1134 1042 964
f 964 1042 9967
f 9967 6919 964
f 6132 975 965
f 965 976 6197
f 7275 976 965
f 7206 6132 965
f 965 6197 7206
f 1102 981 966
f 966 1028 1060
f 966 1060 1102
f 967 982 1103
f 1061 1029 967
f 1103 1061 967
f 1104 983 968
f 968 1030 1062
f 968 1062 1104
f 969 984 1105
f 1063 1031 969
f 1105 1063 969
f 970 1022 1051
f 6929 1022 970
f 970 1051 1254
f 970 1254 7092
f 970 6428 7138
f 7537 6428 970
f 7138 6929 970
f 970 7092 7537
f 971 1034 10605
f 10605 6440 971
f 972 992 1035
f 10566 993 973
f 973 1027 1036
f 973 1036 10566
f 974 994 1037
f 1037 1014 974
f 6132 1022 975
f 975 1022 7211
f 6113 999 976
f 976 999 6201
f 9940 6197 976
f 976 6201 9940
f 1057 1016 977
f 977 1016 8744
f 9707 1057 977
f 977 8475 9707
f 978 989 1019
f 978 1019 1059
f 978 1059 9678
f 10245 1009 979
f 979 7403 10245
f 980 1010 4885
f 6488 1010 980
f 980 4885 7412
f 980 5055 6488
f 1102 995 981
f 981 995 12015
f 982 996 1103
f 1104 997 983
f 984 998 1105
f 5662 1070 985
f 985 1070 9176
f 5770 5662 985
f 8859 6331 985
f 9176 8859 985
f 11781 989 986
f 986 1018 11781
f 987 988 8744
f 11774 988 987
f 987 1016 1107
f 8744 1016 987
f 9588 1049 987
f 987 1049 11774
f 987 1107 9588
f 11774 1017 988
f 1110 1019 989
f 989 1069 1110
f 11781 1069 989
f 990 1190 4492
f 12021 1190 990
f 990 4492 6969
f 990 7421 12021
f 991 1090 10293
f 10605 1090 991
f 991 6338 6440
f 991 6440 10605
f 991 10293 11833
f 1091 1035 992
f 9932 1091 992
f 992 9740 9932
f 993 1092 10088
f 10566 1092 993
f 1093 1037 994
f 9967 1093 994
f 1140 1011 995
f 995 1011 12016
f 995 1102 1127
f 995 1127 1140
f 12016 12015 995
f 996 1012 1141
f 1128 1103 996
f 1141 1128 996
f 1142 1013 997
f 997 1104 1129
f 997 1129 1142
f 998 1014 1130
f 1130 1105 998
f 999 1065 1083
f 6113 1065 999
f 999 1083 6201
f 1116 1004 1000
f 9880 1116 1000
f 1000 4051 7433
f 1000 7433 9880
f 1001 1005 1117
f 11968 1005 1001
f 1001 1117 8815
f 1001 8815 9286
f 1077 1006 1002
f 1118 1077 1002
f 8828 1118 1002
f 1003 1007 1119
f 1003 1119 8572
f 8572 6212 1003
f 1163 1028 1004
f 1116 1075 1004
f 1004 1075 1163
f 1005 1029 1076
f 1005 1076 1117
f 1077 1030 1006
f 1007 1031 1078
f 1007 1078 1119
f 1008 1038 8449
f 11883 1038 1008
f 1008 4695 11883
f 6688 1120 1009
f 1009 1120 9295
f 1009 6468 6688
f 10245 6468 1009
f 1010 1126 6213
f 6488 1126 1010
f 6213 4885 1010
f 1151 1034 1011
f 1011 1140 1151
f 1012 1035 1152
f 1152 1141 1012
f 1142 1027 1013
f 1014 1037 1147
f 1143 1130 1014
f 1154 1143 1014
f 1014 1147 1154
f 6306 1354 1015
f 1015 1354 10436
f 5831 5729 1015
f 1015 5729 6186
f 10243 5831 1015
f 1015 6186 6306
f 10436 10243 1015
f 1016 1057 1107
f 1149 1020 1017
f 1017 1020 11793
f 1017 1108 1149
f 11774 1108 1017
f 1018 1021 1058
f 1018 1058 1109
f 1018 1109 11781
f 1110 1059 1019
f 11501 1024 1020
f 1020 1149 11501
f 1150 1058 1021
f 9900 1150 1021
f 6205 1051 1022
f 1022 6132 6205
f 1022 6929 7211
f 1023 1131 1148
f 11768 1131 1023
f 1023 1148 9707
f 1132 1040 1024
f 1196 1132 1024
f 11501 1196 1024
f 1025 1133 9900
f 11865 1133 1025
f 1245 1134 1026
f 9678 1245 1026
f 1146 1036 1027
f 1027 1142 1153
f 1153 1146 1027
f 1163 1060 1028
f 1029 1061 1164
f 1164 1076 1029
f 1165 1062 1030
f 1030 1077 1165
f 1031 1063 1166
f 1166 1078 1031
f 1032 1043 1046
f 1053 1043 1032
f 1032 1045 1053
f 1079 1045 1032
f 1032 1046 1052
f 1032 1052 1071
f 1032 1071 1079
f 1055 1044 1033
f 1033 1044 1056
f 1033 1047 1055
f 1072 1047 1033
f 1056 1048 1033
f 1033 1048 1082
f 1082 1072 1033
f 1151 1144 1034
f 1034 1144 7141
f 1034 7141 10605
f 1035 1091 1225
f 1035 1145 1152
f 1225 1145 1035
f 6298 1092 1036
f 1036 1092 10566
f 1036 1146 6298
f 1037 1093 1227
f 1227 1147 1037
f 9939 1122 1038
f 1038 1122 10631
f 1038 6062 8449
f 10631 6062 1038
f 1038 6166 9939
f 11883 6166 1038
f 1039 1175 10010
f 10293 1175 1039
f 11833 10293 1039
f 1039 11749 11833
f 1040 1132 1176
f 1040 1176 9740
f 10088 1177 1041
f 1041 1177 10121
f 1041 10121 11865
f 1042 1134 1270
f 1270 1178 1042
f 1042 1178 9967
f 1054 1046 1043
f 1043 1053 1084
f 1073 1054 1043
f 1084 1073 1043
f 1044 1055 1074
f 1086 1056 1044
f 1044 1074 1086
f 1087 1053 1045
f 1045 1079 1087
f 1106 1052 1046
f 1046 1054 1112
f 1112 1106 1046
f 1113 1055 1047
f 1047 1072 1081
f 1047 1081 1088
f 1047 1088 1113
f 1048 1056 1089
f 1125 1082 1048
f 1048 1089 1125
f 1049 1066 1071
f 9588 1066 1049
f 1071 1067 1049
f 1049 1067 11774
f 4492 1418 1050
f 1050 1418 6306
f 5330 4492 1050
f 1050 6306 7646
f 6437 1254 1051
f 1051 6205 6437
f 1080 1071 1052
f 1106 1080 1052
f 1111 1084 1053
f 1053 1087 1111
f 1054 1073 1135
f 1137 1112 1054
f 1054 1135 1137
f 1085 1074 1055
f 1113 1085 1055
f 1056 1086 1114
f 1114 1089 1056
f 1160 1107 1057
f 1057 1148 1230
f 9707 1148 1057
f 1230 1160 1057
f 1161 1109 1058
f 1058 1150 1161
f 1059 1110 1162
f 1059 1162 11740
f 1059 1245 9678
f 11740 1245 1059
f 12014 1102 1060
f 1060 1163 1203
f 1060 1203 1250
f 1060 1250 12014
f 1061 1103 1251
f 1204 1164 1061
f 1251 1204 1061
f 1205 1104 1062
f 1062 1165 1205
f 1063 1105 1253
f 1206 1166 1063
f 1253 1206 1063
f 1064 1115 6144
f 11289 1115 1064
f 6144 4049 1064
f 10436 6001 1064
f 1064 6001 11289
f 1518 1083 1065
f 6116 1518 1065
f 1065 4658 6116
f 9295 4658 1065
f 1065 6113 9295
f 1079 1071 1066
f 1123 1079 1066
f 1066 1107 1123
f 9588 1107 1066
f 1067 1071 1080
f 1067 1080 11594
f 1192 1108 1067
f 1067 1108 11774
f 11594 1192 1067
f 1072 1069 1068
f 1068 1069 11781
f 1081 1072 1068
f 1124 1081 1068
f 1068 1109 1124
f 11781 1109 1068
f 1069 1072 1082
f 1069 1082 1125
f 1125 1110 1069
f 1070 1202 1309
f 5662 1202 1070
f 1070 1309 9176
f 1073 1084 1156
f 1156 1135 1073
f 1074 1085 1159
f 1159 1086 1074
f 1075 1116 6420
f 1302 1163 1075
f 1075 1179 1302
f 6420 1179 1075
f 9762 1117 1076
f 1076 1164 1303
f 1303 1180 1076
f 1076 1180 9762
f 1077 1118 1181
f 1181 1165 1077
f 1182 1119 1078
f 1078 1166 1305
f 1305 1182 1078
f 1123 1087 1079
f 1080 1106 11594
f 1124 1088 1081
f 1518 1247 1083
f 1083 1247 10467
f 10467 6201 1083
f 1084 1111 1136
f 1084 1136 1172
f 1172 1156 1084
f 1085 1113 1138
f 1085 1138 1208
f 1208 1159 1085
f 1139 1114 1086
f 1209 1139 1086
f 1086 1159 1174
f 1086 1174 1209
f 1167 1111 1087
f 1087 1123 1171
f 1171 1167 1087
f 1184 1113 1088
f 1088 1124 1169
f 1088 1169 1184
f 1089 1114 1185
f 1170 1125 1089
f 1185 1170 1089
f 7141 1224 1090
f 1090 1224 10293
f 10605 7141 1090
f 9932 1225 1091
f 6298 1226 1092
f 1092 1226 10316
f 10316 10088 1092
f 1093 1178 1326
f 9967 1178 1093
f 1326 1227 1093
f 1216 1095 1094
f 5559 1216 1094
f 5713 5559 1094
f 1095 1216 1217
f 1095 1217 5568
f 5568 5001 1095
f 1096 1097 1218
f 1096 1218 6099
f 1096 6099 8311
f 1219 1218 1097
f 5649 1219 1097
f 5813 5649 1097
f 7226 5813 1097
f 1220 1099 1098
f 6570 1220 1098
f 1098 5796 6570
f 1099 1220 1221
f 1099 1221 5735
f 1099 5735 5870
f 1100 1101 1222
f 1100 1222 5362
f 1100 5362 8419
f 1223 1222 1101
f 6045 1223 1101
f 1101 5348 6045
f 12014 1127 1102
f 1103 1128 1290
f 1290 1251 1103
f 1291 1129 1104
f 1104 1205 1252
f 1104 1252 1291
f 1105 1130 1253
f 1106 1112 1168
f 1106 1168 11628
f 11628 11594 1106
f 1160 1123 1107
f 1231 1149 1108
f 1108 1192 1231
f 1161 1124 1109
f 1110 1125 1162
f 1197 1136 1111
f 1111 1167 1197
f 1112 1137 1183
f 1183 1168 1112
f 1198 1138 1113
f 1113 1184 1198
f 1114 1139 1185
f 11289 1155 1115
f 1115 1155 12050
f 8492 6144 1115
f 12050 8492 1115
f 1116 1239 6420
f 9880 1239 1116
f 1117 1240 6341
f 9762 1240 1117
f 1117 6341 8815
f 1241 1181 1118
f 9725 1241 1118
f 1118 8828 9725
f 1119 1182 1242
f 1119 1242 6102
f 1119 6102 8572
f 9406 1191 1120
f 1120 1191 10290
f 1120 6688 9406
f 10290 9295 1120
f 4764 1310 1121
f 1121 1310 6155
f 1121 4408 4600
f 4555 4434 1121
f 6155 4555 1121
f 1121 4600 4764
f 9939 1155 1122
f 1122 1155 10631
f 1123 1160 1277
f 1277 1171 1123
f 1124 1161 1193
f 1193 1169 1124
f 1194 1162 1125
f 1125 1170 1194
f 1126 1246 6215
f 7299 1246 1126
f 6215 6213 1126
f 1126 6488 7299
f 1289 1140 1127
f 12014 1289 1127
f 1128 1141 1290
f 1291 1142 1129
f 1130 1143 1292
f 1292 1253 1130
f 1355 1148 1131
f 1131 1267 9023
f 10010 1267 1131
f 9023 1355 1131
f 11768 10010 1131
f 1268 1176 1132
f 1132 1196 1268
f 1133 1269 9757
f 10121 1269 1133
f 1133 9757 9900
f 11865 10121 1133
f 1134 1245 1270
f 1173 1137 1135
f 1135 1156 1173
f 1294 1172 1136
f 1136 1197 1294
f 1137 1173 1207
f 1234 1183 1137
f 1137 1207 1234
f 1138 1198 1208
f 1199 1185 1139
f 1209 1199 1139
f 1285 1151 1140
f 1298 1285 1140
f 1140 1289 1298
f 1141 1152 1299
f 1299 1290 1141
f 1300 1153 1142
f 1142 1291 1300
f 1143 1154 1301
f 1301 1292 1143
f 1144 1151 1285
f 1285 1255 1144
f 1144 1255 7141
f 1286 1152 1145
f 1145 1225 1360
f 1383 1286 1145
f 1145 1340 1383
f 1465 1340 1145
f 1145 1360 1465
f 1146 1153 1341
f 1146 1341 1361
f 1146 1361 6347
f 6347 6298 1146
f 1256 1154 1147
f 1147 1227 1256
f 1355 1230 1148
f 1243 1196 1149
f 1149 1196 11501
f 1149 1231 1243
f 1232 1161 1150
f 1330 1232 1150
f 1150 1244 1330
f 9757 1244 1150
f 9900 9757 1150
f 1152 1286 1299
f 1153 1300 1384
f 1384 1341 1153
f 1154 1256 1287
f 1154 1287 1301
f 1155 1421 10631
f 11289 1421 1155
f 1155 9939 12050
f 1156 1172 7350
f 5817 1173 1156
f 7350 5817 1156
f 1157 1186 1212
f 7060 1186 1157
f 1200 1187 1157
f 1157 1187 6537
f 1212 1200 1157
f 1157 6537 7060
f 1158 1188 1201
f 4187 1188 1158
f 1213 1189 1158
f 1158 1189 4697
f 1158 1201 1213
f 4699 4187 1158
f 1158 4697 4699
f 4259 1174 1159
f 1159 1208 6276
f 6276 4259 1159
f 1160 1230 1277
f 1232 1193 1161
f 1162 1194 1279
f 1279 1233 1162
f 1162 1233 11740
f 1302 1203 1163
f 1164 1204 1334
f 1334 1303 1164
f 1165 1181 1304
f 1335 1205 1165
f 1165 1304 1335
f 1166 1206 1305
f 1167 1171 1271
f 1331 1197 1167
f 1167 1271 1331
f 1168 1183 1272
f 1272 1262 1168
f 1168 1262 11628
f 1273 1184 1169
f 1169 1193 1263
f 1169 1263 1273
f 1170 1185 1274
f 1279 1194 1170
f 1274 1264 1170
f 1170 1264 1279
f 1277 1271 1171
f 1172 1294 5159
f 1172 5159 7350
f 6709 1207 1173
f 1173 5817 6709
f 4260 1209 1174
f 1174 4259 4260
f 1323 1267 1175
f 1175 1267 10010
f 10293 1323 1175
f 1176 1268 9726
f 9597 1324 1176
f 1176 1324 9932
f 9726 9597 1176
f 9932 9740 1176
f 1177 1325 6131
f 6220 1325 1177
f 1177 6131 10121
f 10316 6220 1177
f 1177 10088 10316
f 1178 1270 6905
f 6905 1326 1178
f 1179 1239 1258
f 6420 1239 1179
f 1179 1258 1376
f 1376 1302 1179
f 8998 1259 1180
f 1180 1259 11938
f 1180 1303 8998
f 11938 9762 1180
f 1181 1241 1352
f 1181 1260 1304
f 1352 1260 1181
f 1261 1242 1182
f 1305 1261 1182
f 1183 1234 1311
f 1311 1272 1183
f 1312 1198 1184
f 1184 1273 1312
f 1185 1199 1293
f 1293 1274 1185
f 1265 1212 1186
f 1186 1235 1265
f 9138 1235 1186
f 7060 5791 1186
f 1186 5791 9138
f 1187 1200 1248
f 1187 1236 6537
f 7182 1236 1187
f 1187 1248 7182
f 1249 1201 1188
f 1188 1237 1249
f 8675 1237 1188
f 1188 4187 8675
f 1189 1213 1266
f 1266 1238 1189
f 1189 1238 8639
f 8639 4697 1189
f 1422 1418 1190
f 1190 1418 4492
f 4679 1422 1190
f 12021 4679 1190
f 1191 1306 5177
f 11254 1306 1191
f 1191 5177 5715
f 1191 5715 10290
f 1191 9406 11254
f 1278 1231 1192
f 11628 1278 1192
f 1192 11594 11628
f 1193 1232 1366
f 1366 1263 1193
f 1195 1288 1551
f 5383 1288 1195
f 1195 4586 7118
f 6121 5383 1195
f 1196 1243 1319
f 1319 1268 1196
f 1331 1294 1197
f 1296 1208 1198
f 1312 1296 1198
f 1199 1209 1297
f 1332 1293 1199
f 1199 1297 1332
f 1200 1212 1214
f 1200 1214 1248
f 1201 1211 1213
f 1215 1211 1201
f 1249 1215 1201
f 1392 1309 1202
f 1202 1374 1392
f 5658 1374 1202
f 5662 5658 1202
f 1386 1250 1203
f 1203 1302 1333
f 1203 1333 1386
f 1204 1251 1334
f 1335 1252 1205
f 1206 1253 1336
f 1336 1305 1206
f 1295 1234 1207
f 6828 1295 1207
f 1207 6709 6828
f 1208 1296 4257
f 1208 4257 6276
f 9117 1297 1209
f 1209 4260 9117
f 1214 1212 1210
f 1210 1212 1228
f 8765 1214 1210
f 1210 1228 5962
f 5962 5064 1210
f 1210 5064 8765
f 1266 1213 1211
f 1211 1215 7305
f 1211 1229 1266
f 8859 1229 1211
f 1211 6331 8859
f 9384 6331 1211
f 1211 7305 9384
f 1265 1228 1212
f 1275 1248 1214
f 11451 1275 1214
f 1214 8765 11451
f 1215 1249 1276
f 1215 1276 7305
f 1280 1217 1216
f 5559 1280 1216
f 1217 1280 1281
f 1217 1281 5568
f 1218 1219 1280
f 1218 1280 6099
f 1281 1280 1219
f 5649 1281 1219
f 1282 1221 1220
f 4766 1282 1220
f 6570 4766 1220
f 1221 1282 1283
f 1221 1283 9872
f 9872 5735 1221
f 1222 1223 1282
f 1222 1282 6985
f 6985 5362 1222
f 1283 1282 1223
f 9017 1283 1223
f 1223 6045 9017
f 1224 1323 10293
f 10314 1323 1224
f 7141 1359 1224
f 1224 1359 10314
f 1225 1324 1360
f 9932 1324 1225
f 6347 1361 1226
f 1226 1361 9963
f 9963 6220 1226
f 1226 6220 10316
f 1226 6298 6347
f 10574 1256 1227
f 1227 1326 1362
f 1227 1362 10574
f 1228 1265 1308
f 1228 1308 6028
f 6028 5962 1228
f 1309 1266 1229
f 9176 1309 1229
f 1229 8859 9176
f 1328 1277 1230
f 1355 1328 1230
f 1329 1243 1231
f 1231 1278 11513
f 11513 1329 1231
f 1232 1330 1366
f 1233 1279 1463
f 1463 1425 1233
f 1233 1425 11933
f 11933 11740 1233
f 1234 1295 1311
f 1343 1265 1235
f 1345 1343 1235
f 11385 1345 1235
f 1235 9138 11385
f 1236 1346 8686
f 10068 1346 1236
f 7400 6537 1236
f 1236 7182 10068
f 8686 7400 1236
f 10002 1249 1237
f 8675 1347 1237
f 1237 1347 8799
f 1237 8799 10002
f 1238 1266 1344
f 1238 1344 1348
f 1238 1348 8639
f 1350 1258 1239
f 10196 1350 1239
f 1239 9880 10196
f 11938 1351 1240
f 1240 1351 12058
f 1240 4716 6341
f 12058 4716 1240
f 1240 9762 11938
f 4054 1352 1241
f 9725 4054 1241
f 1242 1261 1353
f 1242 1353 6102
f 1356 1319 1243
f 1243 1329 1356
f 1244 1320 1357
f 9757 1320 1244
f 1357 1330 1244
f 1358 1270 1245
f 11740 1358 1245
f 1246 1307 6215
f 6564 1307 1246
f 7299 6564 1246
f 1518 1316 1247
f 1247 1316 6258
f 1247 6258 10467
f 1248 1275 1337
f 1248 1337 7182
f 1338 1276 1249
f 10002 1338 1249
f 1386 1289 1250
f 1250 1289 12014
f 1251 1290 1406
f 1387 1334 1251
f 1406 1387 1251
f 1407 1291 1252
f 1252 1335 1388
f 1252 1388 1407
f 1253 1292 1408
f 1389 1336 1253
f 1408 1389 1253
f 1254 1318 1363
f 8115 1318 1254
f 1254 1363 7092
f 1254 6437 8345
f 8345 8115 1254
f 1255 1285 1339
f 1255 1339 1359
f 1255 1359 7141
f 1342 1287 1256
f 1467 1342 1256
f 10574 1467 1256
f 1621 1375 1257
f 1257 1375 4968
f 1257 1551 1621
f 1257 4968 5440
f 1350 1313 1258
f 1258 1313 1376
f 8951 1314 1259
f 1259 1314 12003
f 1259 1377 8951
f 8998 1377 1259
f 12003 11938 1259
f 1378 1304 1260
f 1352 1315 1260
f 1260 1315 1378
f 1261 1305 1379
f 1261 1322 1413
f 1431 1322 1261
f 1413 1353 1261
f 1261 1379 1431
f 1262 1272 1380
f 1372 1278 1262
f 1262 1278 11628
f 1380 1372 1262
f 1381 1273 1263
f 1263 1366 1381
f 1264 1274 1396
f 1373 1279 1264
f 1396 1373 1264
f 1343 1308 1265
f 1266 1309 1344
f 1267 1323 5552
f 5552 1397 1267
f 1267 1397 9023
f 1268 1319 1398
f 1268 1398 9726
f 6131 1399 1269
f 1269 1399 11962
f 10121 6131 1269
f 11962 9757 1269
f 1270 1358 1455
f 1455 1400 1270
f 1270 1400 6905
f 1271 1277 1371
f 1393 1331 1271
f 1271 1371 1393
f 1272 1311 1394
f 1394 1380 1272
f 1395 1312 1273
f 1273 1381 1395
f 1274 1293 1396
f 4063 1337 1275
f 11451 4063 1275
f 1276 1338 7305
f 1277 1328 1364
f 1277 1364 1371
f 1372 1365 1278
f 1278 1365 11513
f 1279 1373 1463
f 5559 4414 1280
f 1280 4414 6099
f 5649 5568 1281
f 1282 4766 6985
f 1283 9017 9872
f 9989 8031 1284
f 1284 8031 10264
f 10264 9215 1284
f 1284 9215 11973
f 11203 9989 1284
f 11973 11203 1284
f 1285 1298 1382
f 1382 1339 1285
f 1402 1299 1286
f 1286 1383 1402
f 1385 1301 1287
f 1287 1342 1385
f 5699 1551 1288
f 1288 4968 5942
f 5942 5699 1288
f 1405 1298 1289
f 1289 1386 1405
f 1290 1299 1402
f 1290 1402 1406
f 1403 1300 1291
f 1407 1403 1291
f 1292 1301 1408
f 1293 1332 1420
f 1420 1396 1293
f 1294 1331 1367
f 1294 1367 8495
f 8495 5159 1294
f 1368 1311 1295
f 11125 1368 1295
f 1295 6828 11125
f 1296 1312 1369
f 1296 1369 5986
f 5986 4257 1296
f 1370 1332 1297
f 9244 1370 1297
f 1297 9117 9244
f 1401 1382 1298
f 1405 1401 1298
f 1403 1384 1300
f 1301 1385 1404
f 1301 1404 1408
f 1376 1333 1302
f 1303 1334 1435
f 1435 1377 1303
f 1303 1377 8998
f 1436 1335 1304
f 1304 1378 1436
f 1305 1336 1379
f 4769 1327 1306
f 1306 1327 5304
f 11254 4769 1306
f 5304 5177 1306
f 1307 1349 6245
f 6564 1349 1307
f 6245 6215 1307
f 1308 1343 1391
f 1308 1391 5690
f 1308 5690 6028
f 1433 1344 1309
f 1309 1392 1433
f 4764 1483 1310
f 1310 1483 6155
f 1311 1368 1438
f 1438 1394 1311
f 9711 1369 1312
f 1312 1395 1439
f 1312 1439 9711
f 1410 1321 1313
f 1313 1321 1428
f 1313 1350 1410
f 1428 1376 1313
f 1442 1321 1314
f 1314 1321 9865
f 1314 1429 1442
f 8951 1429 1314
f 1314 9865 12003
f 1427 1322 1315
f 1315 1322 1443
f 1315 1352 1412
f 1430 1378 1315
f 1315 1412 1427
f 1443 1430 1315
f 1316 1390 6255
f 8992 1390 1316
f 1316 1518 8992
f 1316 6255 6259
f 6259 6258 1316
f 1317 1363 5755
f 7092 1363 1317
f 1317 5755 7299
f 6488 5762 1317
f 1317 5762 7537
f 7299 6488 1317
f 7537 7092 1317
f 9486 1363 1318
f 4798 1409 1318
f 1318 1409 11693
f 8534 4798 1318
f 1318 8115 8534
f 11693 9486 1318
f 1319 1356 1453
f 1453 1398 1319
f 1454 1357 1320
f 9847 1454 1320
f 1320 9757 11962
f 11962 9847 1320
f 1321 1410 1426
f 1321 1426 9865
f 1442 1428 1321
f 1427 1413 1322
f 1322 1431 1443
f 1323 1444 1511
f 10314 1444 1323
f 1323 1511 5552
f 1445 1360 1324
f 9597 1445 1324
f 1325 1446 1513
f 6220 1446 1325
f 1325 1513 6131
f 1447 1362 1326
f 6905 1447 1326
f 1327 1349 6663
f 11117 1349 1327
f 1327 4769 11117
f 6663 5304 1327
f 1328 1355 1423
f 1423 1364 1328
f 1424 1356 1329
f 11513 1424 1329
f 1330 1357 1516
f 1462 1366 1330
f 1516 1462 1330
f 1468 1367 1331
f 1331 1393 1419
f 1331 1419 1468
f 1332 1370 1420
f 1333 1376 1434
f 1479 1386 1333
f 1333 1434 1479
f 1334 1387 1480
f 1480 1435 1334
f 1436 1388 1335
f 1437 1379 1336
f 1336 1389 12018
f 12018 1437 1336
f 7314 1440 1337
f 1337 1440 10068
f 1337 4063 7314
f 10068 7182 1337
f 8799 1441 1338
f 1338 1441 9177
f 9177 7305 1338
f 10002 8799 1338
f 1464 1359 1339
f 1339 1382 1414
f 1339 1414 1464
f 1415 1383 1340
f 1526 1415 1340
f 1340 1465 1526
f 1466 1361 1341
f 1341 1384 1416
f 1341 1416 1466
f 1417 1385 1342
f 1528 1417 1342
f 1342 1467 1528
f 1343 1345 1432
f 1432 1391 1343
f 1433 1348 1344
f 1472 1432 1345
f 11385 1472 1345
f 1346 1473 4594
f 7475 1473 1346
f 1346 4594 8686
f 10068 7475 1346
f 5824 1474 1347
f 1347 1474 8799
f 8756 5824 1347
f 1347 8675 8756
f 1348 1433 1475
f 1348 1475 5865
f 1348 5865 8639
f 11117 6245 1349
f 1349 6564 6663
f 9582 1410 1350
f 10196 9582 1350
f 12003 1411 1351
f 1351 1411 12058
f 1351 11938 12003
f 9648 1412 1352
f 1352 4054 9648
f 1353 1413 9675
f 9675 6102 1353
f 1354 1587 5346
f 6306 1587 1354
f 1354 5346 6001
f 1354 6001 10436
f 1452 1423 1355
f 9023 1452 1355
f 1356 1424 1515
f 1515 1453 1356
f 1357 1454 1516
f 6608 1455 1358
f 11933 6608 1358
f 1358 11740 11933
f 1359 1464 10393
f 10393 10314 1359
f 1360 1445 1560
f 1560 1465 1360
f 1361 1466 9963
f 1362 1447 9842
f 9842 1467 1362
f 1362 1467 10574
f 6074 5755 1363
f 9486 6074 1363
f 1476 1371 1364
f 1364 1423 1460
f 1364 1460 1476
f 1365 1372 1477
f 1461 1424 1365
f 1365 1424 11513
f 1477 1461 1365
f 1490 1381 1366
f 1366 1462 1490
f 1367 1468 9958
f 9958 8495 1367
f 1554 1438 1368
f 9885 1554 1368
f 1368 9857 9885
f 11125 9857 1368
f 9711 1469 1369
f 1369 1469 11223
f 6359 5986 1369
f 11223 6359 1369
f 1470 1420 1370
f 11984 1470 1370
f 1370 9244 9458
f 1370 9458 11984
f 1522 1393 1371
f 1371 1476 1488
f 1371 1488 1522
f 1372 1380 1477
f 1373 1396 1478
f 1478 1463 1373
f 1507 1392 1374
f 6615 1507 1374
f 1374 1508 6615
f 8269 1508 1374
f 1374 5658 8269
f 1375 1621 5923
f 5942 4968 1375
f 5923 5699 1375
f 1375 5699 5942
f 1376 1428 1434
f 1435 1429 1377
f 1377 1429 8951
f 1378 1430 1497
f 1497 1436 1378
f 1498 1431 1379
f 1379 1437 1498
f 1380 1394 1489
f 1489 1477 1380
f 1504 1395 1381
f 1381 1490 1504
f 1382 1401 1484
f 1456 1414 1382
f 1484 1456 1382
f 1457 1402 1383
f 1383 1415 1457
f 1384 1403 1458
f 1458 1416 1384
f 1487 1404 1385
f 1385 1417 1459
f 1385 1459 1487
f 1479 1405 1386
f 1387 1406 1492
f 1492 1480 1387
f 1493 1407 1388
f 1388 1436 1481
f 1388 1481 1493
f 1389 1408 9039
f 1389 9039 12018
f 1670 1409 1390
f 1390 1409 9598
f 8992 1670 1390
f 9598 6255 1390
f 1391 1432 1506
f 1391 1506 4764
f 1391 4764 4844
f 1391 4844 5690
f 1507 1433 1392
f 1522 1419 1393
f 1394 1438 1523
f 1523 1489 1394
f 1504 1439 1395
f 1396 1420 1524
f 1505 1478 1396
f 1524 1505 1396
f 1533 1452 1397
f 1397 1452 9023
f 1397 1511 1533
f 5552 1511 1397
f 1398 1453 1544
f 1544 1512 1398
f 1398 1512 9597
f 1398 9597 9726
f 6131 1513 1399
f 1399 1513 11718
f 11718 9847 1399
f 1399 9847 11962
f 1400 1455 1514
f 1400 1514 6905
f 1401 1405 1491
f 1491 1484 1401
f 1492 1406 1402
f 1402 1457 1485
f 1402 1485 1492
f 1403 1407 1493
f 1486 1458 1403
f 1493 1486 1403
f 1487 1408 1404
f 1405 1479 1491
f 1408 1487 1494
f 1408 1494 9039
f 1409 1670 11693
f 1409 4798 9598
f 11585 1426 1410
f 1410 9582 11585
f 9865 1426 1411
f 1411 1426 10938
f 12003 9865 1411
f 1411 10938 12058
f 8981 1427 1412
f 9938 8981 1412
f 1412 9648 9938
f 1413 1427 8981
f 8981 8223 1413
f 1413 8223 9675
f 1501 1448 1414
f 1414 1448 1525
f 1414 1456 1501
f 1525 1464 1414
f 1415 1449 1502
f 1526 1449 1415
f 1502 1457 1415
f 1458 1450 1416
f 1416 1450 1527
f 1527 1466 1416
f 1417 1451 1503
f 1528 1451 1417
f 1503 1459 1417
f 1418 1422 4254
f 1788 1587 1418
f 1418 1587 6306
f 4254 1788 1418
f 1541 1468 1419
f 1419 1522 1541
f 1420 1470 1524
f 1421 5572 10438
f 11289 5572 1421
f 1421 10438 10631
f 4321 4254 1422
f 4810 4321 1422
f 4679 4398 1422
f 1422 4398 4810
f 1423 1452 1578
f 1600 1460 1423
f 1423 1578 1600
f 1424 1461 1515
f 1425 1463 1603
f 1603 1579 1425
f 1425 1579 6608
f 1425 6608 11933
f 11585 10938 1426
f 1495 1434 1428
f 1428 1442 1509
f 1509 1495 1428
f 1429 1435 1496
f 1509 1442 1429
f 1429 1496 1509
f 1430 1443 1510
f 1510 1497 1430
f 1510 1443 1431
f 1431 1498 1510
f 1432 1472 1539
f 1539 1506 1432
f 1540 1475 1433
f 1433 1507 1540
f 1529 1479 1434
f 1434 1495 1529
f 1435 1480 1530
f 1530 1496 1435
f 1497 1481 1436
f 1437 1482 1498
f 12018 1482 1437
f 1554 1523 1438
f 1439 1504 1542
f 1439 1542 9679
f 1439 9679 9711
f 1440 1565 7475
f 10453 1565 1440
f 1440 7314 10453
f 1440 7475 10068
f 1441 1566 7821
f 8897 1566 1441
f 7821 6039 1441
f 1441 6039 9177
f 1441 8799 8897
f 1559 1511 1444
f 10393 1559 1444
f 1444 10314 10393
f 10134 1560 1445
f 1445 9597 10134
f 1561 1513 1446
f 9963 1561 1446
f 1446 6220 9963
f 7041 1562 1447
f 1447 1562 9842
f 1447 6905 7041
f 1501 1471 1448
f 1448 1471 8687
f 8687 1525 1448
f 1449 1471 1519
f 1576 1471 1449
f 1519 1502 1449
f 1449 1526 1572
f 1449 1572 1576
f 1520 1451 1450
f 1450 1451 5859
f 1450 1458 1520
f 5859 1527 1450
f 1520 1503 1451
f 1451 1528 1574
f 1451 1574 1577
f 1451 1577 5859
f 1452 1533 1543
f 1452 1543 1578
f 1453 1515 11696
f 11696 1544 1453
f 1545 1516 1454
f 1454 1534 1545
f 9847 1534 1454
f 6881 1514 1455
f 1455 1579 1599
f 6608 1579 1455
f 1455 1599 6881
f 1456 1484 1535
f 1535 1501 1456
f 1502 1485 1457
f 1458 1486 1537
f 1537 1520 1458
f 1538 1487 1459
f 1459 1503 1538
f 1567 1476 1460
f 1600 1567 1460
f 1461 1477 1568
f 1601 1515 1461
f 1461 1568 1601
f 1569 1490 1462
f 1462 1516 1602
f 1602 1569 1462
f 1463 1478 1570
f 1463 1570 1603
f 1464 1525 10393
f 1560 1526 1465
f 1466 1527 6829
f 6829 1561 1466
f 1466 1561 9963
f 6958 1528 1467
f 9842 6958 1467
f 1468 1541 1612
f 1468 1612 1615
f 1468 1615 9549
f 1468 9549 9958
f 9679 1555 1469
f 1469 1555 11223
f 9711 9679 1469
f 1556 1524 1470
f 11957 1556 1470
f 11984 11957 1470
f 1471 1501 1519
f 1471 1576 8687
f 1583 1539 1472
f 9712 1583 1472
f 11385 9712 1472
f 1473 1584 5200
f 8283 1584 1473
f 7475 1644 1473
f 1473 1644 8283
f 5200 4594 1473
f 5824 1585 1474
f 1474 1585 8932
f 8897 8799 1474
f 9182 8897 1474
f 1474 8932 9182
f 1475 1540 1586
f 1475 1586 9702
f 6683 5865 1475
f 9702 6683 1475
f 1580 1488 1476
f 1476 1567 1580
f 1477 1489 1581
f 1581 1568 1477
f 1478 1505 1596
f 1596 1570 1478
f 1547 1491 1479
f 1479 1529 1547
f 1480 1492 1530
f 1531 1493 1481
f 1481 1497 1531
f 1482 1494 1550
f 9039 1494 1482
f 1532 1498 1482
f 1550 1532 1482
f 12018 9039 1482
f 5147 1618 1483
f 1483 1618 6279
f 1483 4764 5147
f 6234 6155 1483
f 6279 6234 1483
f 1484 1491 1535
f 1548 1492 1485
f 1485 1502 1536
f 1485 1536 1548
f 1486 1493 1549
f 1549 1537 1486
f 1538 1494 1487
f 1593 1522 1488
f 1488 1580 1593
f 1489 1523 1594
f 1594 1581 1489
f 1595 1504 1490
f 1490 1569 1582
f 1490 1582 1595
f 1547 1535 1491
f 1548 1530 1492
f 1493 1531 1549
f 1494 1538 1550
f 1495 1509 1552
f 1552 1529 1495
f 1552 1509 1496
f 1496 1530 8947
f 8947 1552 1496
f 1497 1510 1531
f 1553 1510 1498
f 1498 1532 1553
f 1499 1500 7461
f 11973 1500 1499
f 1499 1575 11203
f 11630 1575 1499
f 1499 7461 11630
f 1499 11203 11973
f 1500 1517 4067
f 11973 1517 1500
f 1500 4067 7461
f 1557 1519 1501
f 1501 1535 1557
f 1502 1519 1536
f 1503 1520 1558
f 1558 1538 1503
f 1595 1542 1504
f 1505 1524 1596
f 1506 1539 1609
f 1506 1609 4764
f 1610 1540 1507
f 6615 1610 1507
f 1508 1704 4517
f 8269 1704 1508
f 1508 4517 6615
f 1553 1531 1510
f 1588 1533 1511
f 1511 1559 1588
f 1512 1544 1592
f 1592 1589 1512
f 1512 1589 10134
f 10134 9597 1512
f 1513 1561 1590
f 1513 1590 11718
f 6881 1591 1514
f 1514 1591 6994
f 7041 6905 1514
f 1514 6994 7041
f 1515 1601 11945
f 1515 1623 11696
f 11945 1623 1515
f 1516 1545 1624
f 1624 1602 1516
f 1517 1546 11782
f 11788 1546 1517
f 11782 4067 1517
f 11973 11788 1517
f 4401 4306 1518
f 1518 4306 8992
f 5668 4401 1518
f 6116 5668 1518
f 1557 1536 1519
f 1520 1537 1558
f 1521 4658 5715
f 6116 4658 1521
f 1521 5540 5945
f 6297 5540 1521
f 1521 5715 7334
f 1521 5945 10223
f 9326 6116 1521
f 7334 6297 1521
f 10223 9326 1521
f 1612 1541 1522
f 1522 1593 1612
f 1523 1554 1613
f 1613 1594 1523
f 1524 1556 1604
f 1604 1596 1524
f 8687 1571 1525
f 1525 1571 10296
f 10296 1605 1525
f 1525 1605 10393
f 1526 1560 1606
f 1606 1572 1526
f 5859 1573 1527
f 1527 1573 6829
f 1608 1574 1528
f 6958 1608 1528
f 1563 1547 1529
f 1529 1552 1563
f 1530 1548 8947
f 1564 1549 1531
f 1531 1553 1564
f 1532 1550 1553
f 1597 1543 1533
f 1533 1588 1597
f 1598 1545 1534
f 1534 1590 1598
f 11718 1590 1534
f 1534 9847 11718
f 1535 1547 1557
f 1557 1548 1536
f 1537 1549 1558
f 1564 1550 1538
f 1538 1558 1564
f 1539 1583 1619
f 1619 1609 1539
f 1620 1586 1540
f 1540 1610 1620
f 1614 1555 1542
f 1542 1555 9679
f 1542 1595 1614
f 1597 1578 1543
f 1631 1592 1544
f 1544 1623 1631
f 11696 1623 1544
f 1545 1598 1632
f 1632 1624 1545
f 6303 1611 1546
f 1546 1611 10478
f 11788 6303 1546
f 1546 10478 11782
f 1563 1557 1547
f 1548 1557 1563
f 1548 1563 8947
f 1564 1558 1549
f 1564 1553 1550
f 1768 1621 1551
f 1551 1741 1768
f 5699 1741 1551
f 8947 1563 1552
f 1616 1613 1554
f 8389 1616 1554
f 9885 8389 1554
f 1555 1614 1682
f 1555 1682 10413
f 10413 9483 1555
f 1555 9483 11223
f 1617 1604 1556
f 11957 1617 1556
f 1636 1588 1559
f 1559 1605 1636
f 10393 1605 1559
f 1560 1589 1606
f 10134 1589 1560
f 1607 1590 1561
f 6829 1607 1561
f 1639 1608 1562
f 1562 1608 9842
f 6994 1639 1562
f 7041 6994 1562
f 1657 1644 1565
f 1565 1644 7475
f 4379 1657 1565
f 10453 4379 1565
f 1566 1645 1658
f 8897 1645 1566
f 1566 1658 7821
f 1626 1580 1567
f 1567 1600 1626
f 1568 1581 1627
f 1627 1601 1568
f 1628 1582 1569
f 1569 1602 1628
f 1570 1596 1629
f 1629 1603 1570
f 8687 1576 1571
f 1571 1576 10296
f 9959 1576 1572
f 1572 1606 1641
f 1572 1641 9959
f 1573 1577 1655
f 5859 1577 1573
f 1655 1642 1573
f 1573 1642 6829
f 1655 1577 1574
f 1574 1608 1643
f 1574 1643 1655
f 1575 1647 4608
f 11521 1647 1575
f 1575 4608 11203
f 11840 11521 1575
f 1575 11630 11840
f 1576 9959 10296
f 1578 1597 1622
f 1622 1600 1578
f 1625 1599 1579
f 1579 1603 1625
f 1667 1593 1580
f 1580 1626 1667
f 1581 1594 1652
f 1652 1627 1581
f 1668 1595 1582
f 1582 1628 1668
f 1687 1619 1583
f 9836 1687 1583
f 1583 9712 9836
f 1584 1688 5765
f 8283 1688 1584
f 7358 5200 1584
f 1584 5765 7358
f 5893 1689 1585
f 1585 1689 8932
f 1585 5824 5893
f 1586 1620 1690
f 1586 1690 11801
f 11801 9702 1586
f 1770 1646 1587
f 1587 1646 5346
f 1788 1770 1587
f 1630 1597 1588
f 1636 1630 1588
f 1589 1592 1637
f 1637 1606 1589
f 1634 1598 1590
f 1590 1607 1638
f 1638 1634 1590
f 1591 1599 1635
f 6881 1599 1591
f 1591 1635 1639
f 1591 1639 6994
f 1592 1631 1637
f 1677 1612 1593
f 1593 1667 1677
f 1594 1613 1678
f 1678 1652 1594
f 1684 1614 1595
f 1595 1668 1684
f 1596 1604 1669
f 1669 1629 1596
f 11710 1622 1597
f 1597 1630 11710
f 1634 1632 1598
f 1599 1625 1666
f 1599 1633 1635
f 1666 1633 1599
f 1600 1622 1648
f 1648 1626 1600
f 1601 1627 1649
f 1601 1649 11945
f 1602 1624 1650
f 1695 1628 1602
f 1602 1650 1695
f 1651 1625 1603
f 1603 1629 1696
f 1696 1651 1603
f 1604 1617 1683
f 1679 1669 1604
f 1683 1679 1604
f 1640 1636 1605
f 10296 1640 1605
f 1606 1637 1674
f 1674 1641 1606
f 1675 1638 1607
f 1607 1642 1675
f 6829 1642 1607
f 1608 1639 1643
f 1608 6958 9842
f 1609 1619 1702
f 1609 1702 5290
f 5147 4764 1609
f 5290 5147 1609
f 1703 1620 1610
f 4517 1703 1610
f 6615 4517 1610
f 6303 1653 1611
f 1611 1653 10478
f 1680 1615 1612
f 1612 1677 1680
f 1613 1616 1681
f 1681 1678 1613
f 1684 1682 1614
f 1615 1680 9851
f 9851 9549 1615
f 4548 1681 1616
f 8389 4548 1616
f 11763 1683 1617
f 1617 5959 11763
f 11957 5959 1617
f 5131 1805 1618
f 1618 1805 6279
f 5290 5131 1618
f 1618 5147 5290
f 1619 1687 1750
f 1750 1702 1619
f 1751 1690 1620
f 1620 1703 1751
f 1621 1758 5923
f 8022 1758 1621
f 1621 1768 8239
f 8239 8022 1621
f 1705 1648 1622
f 1622 1663 1705
f 11710 1663 1622
f 1664 1631 1623
f 11945 1664 1623
f 1624 1632 1665
f 1665 1650 1624
f 1625 1651 1666
f 1626 1648 1693
f 1693 1667 1626
f 1694 1649 1627
f 1627 1652 1694
f 1695 1668 1628
f 1629 1669 1713
f 1713 1696 1629
f 1630 1636 1673
f 1673 1659 1630
f 1630 1659 11710
f 1660 1637 1631
f 1664 1660 1631
f 1632 1634 1661
f 1632 1661 11789
f 11789 1665 1632
f 1671 1635 1633
f 1666 1662 1633
f 1633 1662 1671
f 1634 1638 1675
f 10123 1661 1634
f 1634 1675 10123
f 1676 1639 1635
f 1635 1671 1676
f 1636 1640 1673
f 1637 1660 1674
f 1676 1643 1639
f 1640 1654 1673
f 10296 1654 1640
f 1674 1654 1641
f 1641 1654 9959
f 1642 1655 10224
f 10224 1675 1642
f 10224 1655 1643
f 1643 1676 10224
f 1644 1657 1727
f 1644 1727 8283
f 1728 1658 1645
f 8932 1728 1645
f 1645 8897 9182
f 9182 8932 1645
f 1646 1770 1810
f 1646 1810 4876
f 1646 4876 10438
f 5572 5346 1646
f 10438 5572 1646
f 1647 1698 1738
f 11521 1698 1647
f 1647 1738 11618
f 11618 4608 1647
f 1718 1693 1648
f 1648 1705 1718
f 1649 1694 1719
f 1719 1706 1649
f 1649 1706 11945
f 1650 1665 1697
f 1720 1695 1650
f 1650 1697 1720
f 1692 1666 1651
f 1707 1692 1651
f 1651 1696 1721
f 1721 1707 1651
f 1652 1678 1711
f 1711 1694 1652
f 1781 1699 1653
f 1653 1699 8392
f 4876 1781 1653
f 6303 4876 1653
f 1653 8392 10478
f 1685 1673 1654
f 1654 1674 1685
f 10296 9959 1654
f 1656 1767 4401
f 9793 1767 1656
f 1656 4401 5668
f 1656 4907 9793
f 10223 4907 1656
f 1656 5668 9326
f 1656 9326 10223
f 1739 1727 1657
f 4928 1739 1657
f 1657 4379 4928
f 1658 1728 1740
f 1658 1740 5929
f 1658 5929 7821
f 1685 1660 1659
f 1659 1660 1700
f 1700 1663 1659
f 1659 1663 11710
f 1659 1673 1685
f 1660 1664 1691
f 1685 1674 1660
f 1660 1691 1700
f 10123 1672 1661
f 1661 1672 11789
f 1662 1666 1692
f 1672 1671 1662
f 11789 1672 1662
f 1662 1692 1701
f 1662 1701 11789
f 1663 1700 1708
f 1708 1705 1663
f 1706 1691 1664
f 11945 1706 1664
f 1701 1697 1665
f 11789 1701 1665
f 1722 1677 1667
f 1667 1693 1710
f 1667 1710 1722
f 1724 1684 1668
f 1668 1695 1712
f 1668 1712 1724
f 1669 1679 1713
f 8992 4801 1670
f 1670 4801 9879
f 1670 6074 9486
f 9879 6074 1670
f 1670 9486 11693
f 1671 1672 10123
f 1686 1676 1671
f 10123 1686 1671
f 1675 1686 10123
f 10224 1686 1675
f 1676 1686 10224
f 1722 1680 1677
f 1678 1681 1723
f 1723 1711 1678
f 1679 1683 1725
f 1726 1713 1679
f 1679 1725 1726
f 1722 1714 1680
f 1680 1714 10437
f 1680 5018 9851
f 10437 5018 1680
f 1681 1715 1723
f 4548 1715 1681
f 1682 1684 1716
f 1682 1716 5885
f 1682 5885 10413
f 1683 1717 1725
f 9498 1717 1683
f 1683 5855 9498
f 11763 5855 1683
f 1724 1716 1684
f 1760 1750 1687
f 9849 1760 1687
f 1687 9836 9849
f 1688 1761 5765
f 6077 1761 1688
f 7283 6077 1688
f 8283 7283 1688
f 5976 1762 1689
f 1689 1762 8326
f 1689 5893 5976
f 1689 8326 8932
f 1690 1751 1763
f 1690 1763 11801
f 1708 1700 1691
f 1691 1706 1708
f 1709 1701 1692
f 1692 1707 1709
f 1731 1710 1693
f 1693 1718 1731
f 1694 1711 1752
f 1752 1719 1694
f 1720 1712 1695
f 1696 1713 1732
f 1732 1721 1696
f 1697 1701 1709
f 1697 1709 1735
f 1735 1720 1697
f 1749 1738 1698
f 11057 1749 1698
f 1698 7489 11057
f 11521 7489 1698
f 1781 1769 1699
f 1699 1769 6272
f 1699 6272 8392
f 1702 1750 4856
f 1702 4856 4859
f 1702 4859 5131
f 1702 5131 5290
f 11934 1751 1703
f 1703 4517 7742
f 1703 7742 11452
f 1703 11452 11934
f 5618 4517 1704
f 1704 5244 5618
f 7371 5244 1704
f 1704 6278 7371
f 8505 6278 1704
f 1704 8269 8505
f 1705 1708 1733
f 1733 1718 1705
f 1734 1708 1706
f 1706 1719 1734
f 1736 1709 1707
f 1707 1721 1736
f 1746 1733 1708
f 1708 1734 1746
f 1747 1735 1709
f 1709 1736 1747
f 1756 1722 1710
f 1710 1731 1756
f 1711 1723 1752
f 1712 1720 1753
f 1753 1724 1712
f 1713 1726 1732
f 1714 1722 1756
f 1756 1742 1714
f 1714 1742 10437
f 1754 1723 1715
f 1715 1743 1754
f 11244 1743 1715
f 1715 4548 11244
f 1716 1724 1755
f 1755 1744 1716
f 1716 1744 9345
f 8801 5885 1716
f 9345 8801 1716
f 1745 1725 1717
f 9498 1745 1717
f 1733 1731 1718
f 1774 1734 1719
f 1719 1752 1774
f 1720 1735 1775
f 1775 1753 1720
f 1721 1732 1736
f 1754 1752 1723
f 1724 1753 1755
f 1757 1726 1725
f 1725 1745 1757
f 1757 1732 1726
f 1727 1739 1790
f 1727 1790 7283
f 1727 7283 8283
f 1791 1740 1728
f 8326 1791 1728
f 8932 8326 1728
f 5923 1730 1729
f 1729 1730 7500
f 1729 1737 4066
f 4790 1737 1729
f 1729 4066 5923
f 7500 4790 1729
f 5923 1758 1730
f 1730 1758 6286
f 1730 6286 7500
f 1731 1733 1773
f 1773 1756 1731
f 1776 1736 1732
f 1732 1757 1776
f 1733 1746 1782
f 1782 1773 1733
f 1774 1746 1734
f 1735 1747 1775
f 1783 1747 1736
f 1736 1776 1783
f 1748 1741 1737
f 1737 1741 5731
f 11238 1748 1737
f 5731 4066 1737
f 1737 4790 9979
f 9979 6301 1737
f 1737 6301 11238
f 1738 1749 9952
f 6815 6278 1738
f 1738 6278 11618
f 11013 6815 1738
f 1738 9952 10011
f 1738 10011 11013
f 7608 1790 1739
f 4928 4075 1739
f 1739 4075 7608
f 1740 1791 11888
f 7001 5929 1740
f 11821 7001 1740
f 11888 11821 1740
f 1741 1748 1786
f 1786 1768 1741
f 1741 5699 5731
f 1742 1756 1777
f 1777 1771 1742
f 1742 1771 9911
f 1742 9911 11001
f 11001 10437 1742
f 1764 1754 1743
f 11244 1764 1743
f 1744 1755 1765
f 1744 1765 9715
f 9715 9345 1744
f 1780 1757 1745
f 1745 1766 1780
f 9498 1766 1745
f 1746 1774 1782
f 1783 1775 1747
f 9599 1786 1748
f 11238 9599 1748
f 1749 1787 6935
f 7525 1787 1749
f 1749 6935 9952
f 11057 7525 1749
f 1750 1760 1811
f 1750 1811 4856
f 11843 1763 1751
f 4085 1794 1751
f 1751 1794 11843
f 11934 4085 1751
f 1752 1754 1778
f 1778 1774 1752
f 1779 1755 1753
f 1753 1775 1779
f 1754 1764 1778
f 1779 1765 1755
f 1756 1773 1777
f 1780 1776 1757
f 1758 1792 7505
f 7760 1792 1758
f 7505 6286 1758
f 8022 7760 1758
f 1759 4767 4848
f 5760 4767 1759
f 1759 4848 6564
f 1759 5721 5760
f 6074 5721 1759
f 1759 5755 6074
f 6564 5755 1759
f 1760 1796 1811
f 7762 1796 1760
f 8841 7762 1760
f 9849 8841 1760
f 6077 1797 1761
f 1761 1797 7548
f 8250 5765 1761
f 1761 7548 8250
f 1762 1798 6495
f 8341 1798 1762
f 5976 5850 1762
f 1762 5850 8341
f 1762 6495 8025
f 1762 8025 8326
f 1763 1799 10642
f 11843 1799 1763
f 1763 10642 11378
f 1763 11378 11801
f 1764 1771 1784
f 10037 1771 1764
f 1784 1778 1764
f 1764 9110 10037
f 11244 9110 1764
f 1785 1772 1765
f 1765 1772 9715
f 1765 1779 1785
f 1766 1772 1785
f 11917 1772 1766
f 1785 1780 1766
f 1766 9498 11917
f 8594 1828 1767
f 1767 1828 8668
f 8668 4401 1767
f 9281 8594 1767
f 9793 9281 1767
f 1768 1786 1793
f 1768 1793 1802
f 1768 1802 6130
f 1768 6130 8239
f 1769 1781 6208
f 6208 1789 1769
f 1769 1789 9605
f 9605 6272 1769
f 1770 1788 4341
f 1850 1810 1770
f 1770 1848 1850
f 4341 1848 1770
f 1771 1777 1784
f 10186 9911 1771
f 1771 10037 10186
f 1772 5825 9715
f 11917 5825 1772
f 1784 1777 1773
f 1773 1782 1784
f 1774 1778 1782
f 1783 1779 1775
f 1776 1780 1783
f 1784 1782 1778
f 1779 1783 1785
f 1785 1783 1780
f 4876 1810 1781
f 1781 1810 5142
f 1781 5142 6208
f 6307 1793 1786
f 9599 6307 1786
f 1787 1789 6935
f 7525 1789 1787
f 4254 4081 1788
f 1788 4081 4341
f 1789 6208 6935
f 1789 7525 11794
f 11794 9605 1789
f 1790 1803 6077
f 11658 1803 1790
f 1790 6077 7283
f 1790 7608 11658
f 8025 1804 1791
f 1791 1804 11888
f 8326 8025 1791
f 1864 1795 1792
f 1792 1795 7505
f 7760 1864 1792
f 6309 1802 1793
f 1793 6307 6309
f 4085 1812 1794
f 1794 1812 11805
f 1794 11805 11843
f 9369 1815 1795
f 1795 1815 12028
f 1795 1864 9369
f 12028 7505 1795
f 1796 1806 1811
f 7762 1806 1796
f 7831 1807 1797
f 1797 1807 8429
f 1797 6077 7831
f 8429 7548 1797
f 1798 1808 6495
f 8341 1808 1798
f 1799 1809 10642
f 11805 1809 1799
f 11843 11805 1799
f 1872 1851 1800
f 1800 1851 7760
f 6762 1872 1800
f 1800 6600 6762
f 8022 6600 1800
f 1800 7760 8022
f 5749 1846 1801
f 1801 1846 7073
f 4801 4306 1801
f 1801 4306 5749
f 5721 4801 1801
f 1801 5485 6346
f 7073 5485 1801
f 6346 5721 1801
f 1802 1813 6130
f 8418 1813 1802
f 1802 6309 8418
f 6322 1823 1803
f 1803 1823 7831
f 7831 6077 1803
f 11658 6322 1803
f 1804 1824 4852
f 8757 1824 1804
f 1804 4852 11888
f 1804 8025 8757
f 5157 1829 1805
f 1805 1829 6281
f 1805 5131 5157
f 6281 6279 1805
f 1834 1811 1806
f 1806 1818 1834
f 8988 1818 1806
f 7762 4943 1806
f 1806 4943 8988
f 5996 1819 1807
f 1807 1819 9731
f 7831 5996 1807
f 9731 8429 1807
f 1808 1820 7638
f 9346 1820 1808
f 7638 6495 1808
f 1808 8341 9048
f 1808 9048 9346
f 1809 1821 7173
f 10403 1821 1809
f 1809 7173 10642
f 11669 10403 1809
f 11805 11669 1809
f 1850 1831 1810
f 1810 1831 5142
f 1811 1834 4861
f 4861 4856 1811
f 4092 1835 1812
f 1812 1835 11669
f 1812 4085 4092
f 1812 11669 11805
f 1813 1817 1842
f 4855 1817 1813
f 1813 1842 6130
f 8418 4855 1813
f 1814 1816 9321
f 11360 1816 1814
f 7090 1822 1814
f 1814 1822 11360
f 9321 7090 1814
f 9379 1830 1815
f 1815 1830 10461
f 1815 9369 9379
f 1815 10461 12028
f 1816 1827 8650
f 10153 1827 1816
f 1816 8650 9321
f 11360 10153 1816
f 4855 1836 1817
f 1817 1836 11955
f 11849 1842 1817
f 11955 11849 1817
f 9272 1834 1818
f 8988 1838 1818
f 1818 1838 9272
f 6466 1839 1819
f 1819 1839 9731
f 1819 5996 6466
f 1820 1840 7824
f 9346 1840 1820
f 8235 7638 1820
f 1820 7824 8235
f 1821 1841 7857
f 8782 1841 1821
f 7607 7173 1821
f 7857 7607 1821
f 10403 8782 1821
f 8889 1832 1822
f 1822 1832 10891
f 1822 7090 8889
f 10891 10291 1822
f 1822 10291 11360
f 6322 1852 1823
f 1823 1852 7831
f 1824 1853 4853
f 7638 1853 1824
f 4853 4852 1824
f 8757 7638 1824
f 1825 1828 6335
f 8668 1828 1825
f 1825 1833 8668
f 9115 1833 1825
f 1825 6335 9115
f 1826 1849 1878
f 6277 1849 1826
f 1826 1878 4005
f 1826 4005 5062
f 1826 5062 12064
f 7457 6277 1826
f 12064 7457 1826
f 8023 1843 1827
f 1827 1843 8650
f 10153 8023 1827
f 1828 1847 4099
f 8594 1847 1828
f 1828 4099 6335
f 1898 1874 1829
f 1829 1874 6281
f 4136 1898 1829
f 5157 4136 1829
f 1830 1836 8405
f 9379 1836 1830
f 1830 8405 10089
f 1830 10089 10461
f 1831 1850 1905
f 1894 1876 1831
f 1831 1876 6208
f 1905 1894 1831
f 6208 5142 1831
f 1858 1837 1832
f 1832 1837 10891
f 9351 1858 1832
f 1832 8889 9351
f 1833 1846 5749
f 6357 1846 1833
f 1833 5749 8668
f 9115 6357 1833
f 1834 1856 4684
f 9272 1856 1834
f 1834 4684 4861
f 5995 1857 1835
f 1835 1857 8782
f 1835 4092 6511
f 6511 5995 1835
f 1835 8782 10403
f 1835 10403 11669
f 1836 4855 8405
f 1836 9379 11955
f 1837 1858 1863
f 1837 1863 9400
f 8561 5588 1837
f 1837 5588 9206
f 9400 8561 1837
f 1837 9206 10891
f 1838 1844 7759
f 9341 1844 1838
f 8988 6448 1838
f 1838 6448 9341
f 1838 7759 9272
f 6466 1844 1839
f 1839 1844 9341
f 1839 9341 10048
f 10048 9731 1839
f 4552 1845 1840
f 1840 1845 8092
f 5853 4552 1840
f 9346 5853 1840
f 8092 7824 1840
f 1841 1845 4552
f 8306 1845 1841
f 1841 4552 8075
f 8075 7857 1841
f 8782 8306 1841
f 6600 6130 1842
f 6762 6600 1842
f 8781 6762 1842
f 11849 8781 1842
f 1843 1867 4865
f 10911 1867 1843
f 4865 4096 1843
f 1843 4096 8650
f 1843 8023 10911
f 1844 6466 7759
f 8306 8092 1845
f 6369 1855 1846
f 1846 1855 7073
f 1846 6357 6369
f 1847 1854 4892
f 9281 1854 1847
f 4892 4099 1847
f 1847 8594 9281
f 1905 1850 1848
f 1930 1905 1848
f 4495 1930 1848
f 4341 4081 1848
f 1848 4081 4495
f 1849 1874 1904
f 6281 1874 1849
f 1904 1878 1849
f 1849 6277 6281
f 1901 1864 1851
f 1851 1864 7760
f 1851 1872 1901
f 4117 1859 1852
f 1852 1859 5996
f 6090 4117 1852
f 1852 5996 7831
f 6322 6090 1852
f 1853 1860 4112
f 8235 1860 1853
f 1853 4112 4853
f 1853 7638 8235
f 1854 1869 4892
f 9747 1869 1854
f 1854 5588 8561
f 9281 5588 1854
f 1854 8561 9747
f 1855 1868 7073
f 9621 1868 1855
f 1855 6369 9621
f 1856 1861 4684
f 7759 1861 1856
f 9272 7759 1856
f 5995 1862 1857
f 1857 1862 8306
f 1857 8306 8782
f 7737 1863 1858
f 1858 6530 7737
f 9351 6530 1858
f 4117 1865 1859
f 1859 1865 6466
f 6466 5996 1859
f 1860 1866 4112
f 7824 1866 1860
f 8235 7824 1860
f 1861 1865 4585
f 7759 1865 1861
f 1861 4585 4684
f 1862 1866 8092
f 11638 1866 1862
f 1862 5995 11638
f 1862 8092 8306
f 7737 1880 1863
f 1863 1880 9400
f 1864 1901 1909
f 1864 1909 6825
f 1864 6825 10234
f 10234 9369 1864
f 1865 4117 4585
f 7759 6466 1865
f 11638 4112 1866
f 1866 7824 8092
f 5374 1871 1867
f 1867 1871 7684
f 7684 4865 1867
f 6753 5374 1867
f 10911 6753 1867
f 1868 1882 6211
f 10177 1882 1868
f 1868 6211 8600
f 8600 7073 1868
f 1868 9621 9782
f 1868 9782 10177
f 4554 1881 1869
f 1869 1881 10457
f 9747 4554 1869
f 7815 4892 1869
f 10457 7815 1869
f 1870 1875 1877
f 5648 1875 1870
f 1870 1877 1886
f 1870 1886 11041
f 1870 4091 5648
f 6554 4091 1870
f 9809 6554 1870
f 11041 9809 1870
f 7492 1885 1871
f 1871 1885 7684
f 1871 5374 7492
f 1872 1892 1915
f 6762 1892 1872
f 1915 1901 1872
f 1873 4345 5554
f 5760 4345 1873
f 1873 5160 5760
f 6753 5160 1873
f 1873 5554 5759
f 1873 5759 6375
f 1873 6375 6753
f 1898 1896 1874
f 1874 1896 1927
f 1931 1904 1874
f 1874 1927 1931
f 11282 1877 1875
f 1875 1879 8394
f 11133 1879 1875
f 1875 5648 11133
f 1875 8394 8451
f 1875 8451 11282
f 1876 1894 8206
f 6935 6208 1876
f 8767 6935 1876
f 1876 8206 10040
f 9510 8767 1876
f 10040 9510 1876
f 7552 1886 1877
f 11282 7552 1877
f 1878 1904 1931
f 1878 1931 1942
f 1878 1942 4404
f 4404 4005 1878
f 1879 1883 8394
f 8767 1883 1879
f 11133 8767 1879
f 1880 1887 5694
f 6665 1887 1880
f 1880 5694 10125
f 7368 6665 1880
f 7737 7368 1880
f 10125 9400 1880
f 1881 1893 4875
f 9770 1893 1881
f 1881 4554 9770
f 1881 4875 10450
f 1881 10450 10457
f 1882 1890 11106
f 11575 1890 1882
f 8583 6211 1882
f 11106 8583 1882
f 1882 10177 11575
f 1883 1888 9332
f 9510 1888 1883
f 1883 4912 8394
f 9332 4912 1883
f 1883 8767 9510
f 6825 1913 1884
f 1884 1913 9897
f 10234 6825 1884
f 1884 7880 9379
f 9897 7880 1884
f 9379 9369 1884
f 1884 9369 10234
f 5679 1891 1885
f 1885 1891 8940
f 7492 5679 1885
f 8940 7684 1885
f 8930 1899 1886
f 1886 1899 11041
f 1886 7552 10445
f 10445 8930 1886
f 1887 1889 6826
f 11315 1889 1887
f 6826 5694 1887
f 1887 6665 11315
f 1888 1900 8378
f 9510 1900 1888
f 1888 8378 9332
f 1889 1891 5499
f 9764 1891 1889
f 1889 5499 6826
f 11315 9764 1889
f 1890 1895 7183
f 9277 1895 1890
f 1890 7183 11106
f 11575 9277 1890
f 5679 5499 1891
f 9764 8940 1891
f 1892 1913 1921
f 9897 1913 1892
f 1921 1915 1892
f 1892 6762 8781
f 1892 8781 9897
f 1893 1897 4875
f 8442 1897 1893
f 8768 8442 1893
f 9770 8768 1893
f 1894 1905 1928
f 1928 1907 1894
f 1894 1907 8206
f 4118 1897 1895
f 1895 1897 8442
f 9719 4118 1895
f 8442 7183 1895
f 1895 9277 9719
f 1896 1898 1922
f 1896 1922 1927
f 1897 4118 4875
f 1898 1919 1922
f 4136 1919 1898
f 1899 1903 5161
f 11700 1903 1899
f 1899 5161 11041
f 1899 8930 11700
f 5967 1906 1900
f 1900 1906 8378
f 9510 5967 1900
f 1926 1909 1901
f 1901 1915 1926
f 1902 5161 8486
f 9809 5161 1902
f 1902 5269 5313
f 8486 5269 1902
f 1902 5313 6554
f 1902 6554 9809
f 1903 1910 7034
f 11616 1910 1903
f 7034 5161 1903
f 11700 11616 1903
f 4998 1928 1905
f 1905 1930 4998
f 1906 1908 8498
f 10299 1908 1906
f 1906 5967 10299
f 8498 8378 1906
f 1907 1928 5487
f 1907 5487 10299
f 1907 5967 8206
f 10299 5967 1907
f 1908 1914 8498
f 10299 1914 1908
f 1929 1913 1909
f 1909 1913 6825
f 1909 1926 1934
f 1934 1929 1909
f 1910 1912 8391
f 9404 1912 1910
f 8391 7034 1910
f 11616 9404 1910
f 6443 4602 1911
f 1911 4602 9054
f 6128 5303 1911
f 1911 5303 6443
f 9770 6128 1911
f 9054 8768 1911
f 1911 8768 9770
f 6411 1916 1912
f 1912 1916 8391
f 9404 6411 1912
f 1929 1921 1913
f 1914 1917 4138
f 10632 1917 1914
f 1914 4138 8962
f 8962 8498 1914
f 1914 10299 10632
f 1915 1921 1938
f 1938 1926 1915
f 4138 1917 1916
f 1916 1917 10632
f 6411 4138 1916
f 9918 8391 1916
f 10632 9918 1916
f 1918 4602 7592
f 9054 4602 1918
f 5800 5184 1918
f 1918 5184 7183
f 7592 5800 1918
f 1918 7183 8442
f 1918 8442 9054
f 1939 1922 1919
f 1919 1936 1939
f 4136 1936 1919
f 1920 4565 5303
f 5877 4565 1920
f 5303 4668 1920
f 1920 4668 5694
f 5694 5320 1920
f 1920 5320 6310
f 6310 5877 1920
f 1921 1929 7869
f 1940 1938 1921
f 7869 1940 1921
f 1939 1927 1922
f 1923 1933 8487
f 9315 1933 1923
f 8487 5505 1923
f 1923 5505 9291
f 8391 7316 1923
f 1923 7316 11572
f 9291 8391 1923
f 11572 9315 1923
f 1924 5487 7210
f 10299 5487 1924
f 1924 7210 10459
f 10459 8817 1924
f 1924 8817 10632
f 10632 10299 1924
f 1925 4821 6586
f 7333 4821 1925
f 5759 5184 1925
f 1925 5184 5800
f 6586 5759 1925
f 5800 5763 1925
f 1925 5763 7333
f 1953 1934 1926
f 1926 1938 1953
f 1977 1931 1927
f 1927 1939 1976
f 1927 1976 1977
f 1928 1932 1941
f 4998 1932 1928
f 1928 1941 7210
f 7210 5487 1928
f 1929 1934 6214
f 1929 6214 10677
f 10677 7869 1929
f 1978 1932 1930
f 1930 1932 4998
f 4791 1978 1930
f 1930 4495 4791
f 1977 1942 1931
f 1979 1941 1932
f 1932 1978 1979
f 1933 4957 8972
f 9315 4957 1933
f 1933 6903 8487
f 9134 6903 1933
f 1933 8972 9134
f 1934 1953 7288
f 7288 6214 1934
f 1961 1950 1935
f 1935 1950 8880
f 4976 1961 1935
f 1935 4565 6012
f 6443 4565 1935
f 6012 4976 1935
f 8880 6443 1935
f 1960 1939 1936
f 4153 1960 1936
f 1936 4136 4685
f 1936 4146 4153
f 4685 4146 1936
f 7506 7179 1937
f 1937 7179 8000
f 10728 7506 1937
f 1937 8000 8880
f 1937 8880 10050
f 1937 10050 10728
f 1938 1940 6749
f 1988 1953 1938
f 6749 1988 1938
f 1939 1960 1976
f 1940 1949 1956
f 7869 1949 1940
f 1940 1956 1968
f 1940 1968 10220
f 10220 6749 1940
f 1941 1979 1980
f 1941 1980 5686
f 1941 5686 7210
f 1942 1977 2018
f 1942 2018 4129
f 1942 4129 4404
f 4711 1946 1943
f 1943 1946 6013
f 1943 1955 5361
f 12030 1955 1943
f 8459 4711 1943
f 6013 4752 1943
f 1943 4752 12030
f 1943 5361 8459
f 1944 1950 4977
f 8880 1950 1944
f 1944 1951 10050
f 10899 1951 1944
f 1944 4977 10899
f 10050 8880 1944
f 7719 1949 1945
f 1945 1949 10677
f 10677 1952 1945
f 1945 1952 10948
f 11073 7719 1945
f 1945 9175 9179
f 10948 9175 1945
f 1945 9179 11073
f 4103 1954 1946
f 1946 1954 6013
f 10156 4103 1946
f 1946 4711 10156
f 1947 1959 4983
f 10814 1959 1947
f 4950 4134 1947
f 1947 4134 7256
f 7325 4950 1947
f 1947 4983 7325
f 1947 7256 10814
f 1948 1966 6797
f 9159 1966 1948
f 1948 4134 4950
f 5534 4134 1948
f 1948 4950 9075
f 6797 5534 1948
f 1948 9075 9159
f 9866 1956 1949
f 1949 7719 9866
f 1949 7869 10677
f 1950 1961 6445
f 6445 4977 1950
f 7581 1962 1951
f 1951 1962 10050
f 10899 7581 1951
f 6214 1957 1952
f 1952 1957 6460
f 10677 6214 1952
f 1952 6460 10948
f 1953 1988 9988
f 10364 7288 1953
f 1953 9988 10364
f 1954 1963 4720
f 7481 1963 1954
f 1954 4103 7481
f 1954 4720 5134
f 1954 5134 6013
f 1955 1958 4489
f 12030 1958 1955
f 1955 4489 5361
f 9866 1968 1956
f 1957 1967 6461
f 7288 1967 1957
f 1957 6214 7288
f 6461 6460 1957
f 1958 1964 7362
f 10628 1964 1958
f 7362 4489 1958
f 12030 10628 1958
f 1959 1965 4983
f 9611 1965 1959
f 10814 9611 1959
f 2022 1976 1960
f 5009 2022 1960
f 1960 4153 5009
f 4976 1969 1961
f 1961 1969 7618
f 9186 6445 1961
f 1961 7618 9186
f 9495 1970 1962
f 1962 1970 10728
f 1962 7581 9652
f 9652 9495 1962
f 10728 10050 1962
f 1981 1971 1963
f 1963 1971 4720
f 6206 1981 1963
f 7481 6206 1963
f 4173 1991 1964
f 1964 1991 4490
f 10628 4173 1964
f 1964 4490 7362
f 9777 1972 1965
f 1965 1972 10679
f 10679 4983 1965
f 1965 9611 9777
f 1966 1973 7309
f 9636 1973 1966
f 7309 6797 1966
f 1966 9159 9636
f 1967 1974 5006
f 9988 1974 1967
f 1967 5006 6461
f 1967 7288 10364
f 10364 9988 1967
f 1987 1975 1968
f 1968 1975 10220
f 5003 1987 1968
f 1968 4994 6454
f 9866 4994 1968
f 6454 5003 1968
f 6546 1993 1969
f 1969 1993 7618
f 1969 4976 6546
f 1970 1984 8178
f 10837 1984 1970
f 1970 8178 10728
f 1970 9495 10837
f 1971 1981 1990
f 1971 1990 10941
f 10941 4720 1971
f 1972 1992 4177
f 7302 1992 1972
f 1972 4177 10105
f 9777 7302 1972
f 1972 10105 10679
f 1973 1985 9572
f 10084 1985 1973
f 9572 7309 1973
f 1973 9636 10084
f 1974 1989 5019
f 9988 1989 1974
f 5019 5006 1974
f 1975 1987 1995
f 5839 1988 1975
f 1975 1988 6749
f 1975 1995 2021
f 1975 2021 5839
f 1975 6749 10220
f 2031 1977 1976
f 1976 2022 2031
f 2027 2018 1977
f 2031 2027 1977
f 2029 1979 1978
f 4211 2029 1978
f 4791 4211 1978
f 2020 1980 1979
f 2028 2020 1979
f 2029 2028 1979
f 2020 1981 1980
f 1980 1981 6206
f 6206 5686 1980
f 1996 1990 1981
f 5390 1996 1981
f 1981 2020 5390
f 6737 4512 1982
f 1982 4512 8462
f 6475 5758 1982
f 1982 5758 6860
f 8462 6475 1982
f 6860 6737 1982
f 4490 1991 1983
f 1983 1991 4991
f 10809 4490 1983
f 1983 4991 10879
f 10879 10809 1983
f 1984 1994 9781
f 11187 1994 1984
f 9781 8178 1984
f 1984 10837 11187
f 8515 5281 1985
f 1985 5281 9572
f 10031 8515 1985
f 10084 10031 1985
f 6546 4142 1986
f 1986 4142 6797
f 5281 4406 1986
f 1986 4406 9504
f 9572 5281 1986
f 9504 6546 1986
f 1986 6797 7309
f 1986 7309 9572
f 5003 1995 1987
f 2023 2000 1988
f 1988 2000 9988
f 5839 2023 1988
f 1989 2000 2026
f 9988 2000 1989
f 2026 2003 1989
f 1989 2003 5019
f 1990 1996 9079
f 1990 9079 10941
f 1991 1997 4991
f 11598 1997 1991
f 1991 4173 11598
f 1992 2001 4177
f 11176 2001 1992
f 1992 7302 11176
f 1993 1999 4188
f 6517 1999 1993
f 1993 4188 7604
f 7675 6517 1993
f 1993 6546 7675
f 1993 7604 7618
f 7795 1998 1994
f 1994 1998 9191
f 9191 2017 1994
f 1994 2017 9781
f 10227 7795 1994
f 11187 10227 1994
f 1995 2004 2021
f 6467 2004 1995
f 1995 5003 6467
f 4233 2006 1996
f 1996 2006 4298
f 5390 4233 1996
f 1996 4298 9079
f 1997 2007 4647
f 6950 2007 1997
f 1997 4647 10578
f 10578 4991 1997
f 9659 6950 1997
f 11598 9659 1997
f 1998 2009 2024
f 7795 2009 1998
f 1998 2024 9191
f 2025 2005 1999
f 1999 2005 5047
f 6517 2025 1999
f 5047 4188 1999
f 2000 2023 2037
f 2037 2026 2000
f 2001 2008 4190
f 4644 2008 2001
f 4190 4177 2001
f 11176 4644 2001
f 2002 2013 5905
f 6824 2013 2002
f 2002 4526 6824
f 8515 4526 2002
f 2002 5905 8515
f 4175 2014 2003
f 2003 2014 9668
f 2003 2026 4175
f 8503 5019 2003
f 9668 8503 2003
f 2004 2010 2021
f 10513 2010 2004
f 2004 6467 10513
f 2025 2015 2005
f 2005 2015 5047
f 2006 2011 4044
f 4908 2011 2006
f 2006 4044 4298
f 2006 4233 4908
f 5051 2012 2007
f 2007 2012 8805
f 8805 4647 2007
f 6950 5051 2007
f 6796 2016 2008
f 2008 2016 10096
f 10096 4190 2008
f 2008 4644 6796
f 5050 2015 2009
f 2009 2015 8860
f 8860 2024 2009
f 7628 5050 2009
f 7795 7628 2009
f 2010 2014 2030
f 10513 2014 2010
f 2030 2021 2010
f 7813 2012 2011
f 2011 2012 9759
f 9759 4044 2011
f 2011 4908 7813
f 2012 5051 9759
f 2012 7813 8805
f 2013 2016 4191
f 10564 2016 2013
f 2013 4191 5905
f 2013 6824 10564
f 4175 2030 2014
f 7773 4939 2014
f 2014 4939 9668
f 10513 7773 2014
f 2015 2025 8860
f 5050 5047 2015
f 6796 4191 2016
f 10564 10096 2016
f 2017 2024 5660
f 9191 2024 2017
f 2017 5660 5758
f 2017 5758 6475
f 2017 6475 9781
f 2018 2027 2054
f 2018 2054 2086
f 2018 2086 4220
f 4220 4129 2018
f 4973 2025 2019
f 2019 2025 6517
f 2019 4184 4973
f 9504 4184 2019
f 2019 6517 7675
f 2019 7675 9504
f 2020 2028 2032
f 2020 2032 2034
f 2020 2034 5390
f 2044 2023 2021
f 2021 2023 5839
f 2021 2030 2038
f 2021 2038 2044
f 2036 2031 2022
f 2040 2036 2022
f 5009 2040 2022
f 2044 2037 2023
f 6720 5660 2024
f 8863 6720 2024
f 2024 8860 8863
f 2025 4973 5439
f 2025 5439 8863
f 8863 8860 2025
f 2051 2030 2026
f 2026 2030 4175
f 2026 2037 2051
f 2027 2031 6513
f 2089 2054 2027
f 6513 2089 2027
f 2028 2029 2055
f 2055 2032 2028
f 4279 2055 2029
f 4211 3993 2029
f 2029 3993 4279
f 2045 2038 2030
f 2051 2045 2030
f 2031 2036 2049
f 2031 2049 6513
f 4962 2034 2032
f 2055 2053 2032
f 2032 2053 4962
f 5758 5660 2033
f 2033 5660 8364
f 2033 5754 7494
f 8364 5754 2033
f 6947 5758 2033
f 8868 6947 2033
f 2033 7494 8868
f 2034 4962 9143
f 6732 5390 2034
f 2034 6563 6732
f 6868 6563 2034
f 9196 6868 2034
f 2034 9143 9196
f 2035 4667 8488
f 10391 4667 2035
f 5907 5838 2035
f 2035 5838 6503
f 11243 5907 2035
f 2035 6503 10391
f 2035 8488 9883
f 2035 9883 11243
f 2036 2040 2061
f 2061 2049 2036
f 2037 2044 2051
f 2091 2044 2038
f 2038 2045 2068
f 2038 2068 2091
f 2039 4184 4191
f 4973 4184 2039
f 2039 4191 6968
f 7172 4973 2039
f 6968 6742 2039
f 2039 6742 7172
f 4520 2061 2040
f 2040 4146 4520
f 5009 4146 2040
f 2064 2063 2041
f 2041 2063 2065
f 8644 2064 2041
f 2041 2065 2073
f 2041 2073 10522
f 8364 6720 2041
f 2041 6720 8644
f 10522 8364 2041
f 2042 2043 5095
f 9196 2043 2042
f 5095 2046 2042
f 2042 2046 8878
f 2042 8878 9196
f 9196 2047 2043
f 2043 2047 10538
f 8048 5095 2043
f 10538 8048 2043
f 2091 2051 2044
f 2045 2051 2100
f 2081 2068 2045
f 2045 2075 2081
f 4574 2075 2045
f 2045 2100 4574
f 2046 2050 6503
f 7855 2050 2046
f 2046 5095 7855
f 2046 6503 8878
f 4626 2052 2047
f 2047 2052 10538
f 9143 4626 2047
f 9196 9143 2047
f 2048 5154 5439
f 8644 5154 2048
f 2048 5439 7172
f 2048 7172 9300
f 2048 7849 8644
f 9300 7849 2048
f 2049 2061 2113
f 5000 2089 2049
f 2049 2089 6513
f 2049 2113 5000
f 2050 2056 10391
f 10687 2056 2050
f 10391 6503 2050
f 2050 7855 10687
f 2051 2091 2100
f 2052 2059 8116
f 11033 2059 2052
f 2052 4626 11033
f 2052 8116 10538
f 2053 2055 2066
f 2053 2066 2087
f 2053 2087 11033
f 2053 4626 4962
f 11033 4626 2053
f 2108 2086 2054
f 2054 2089 2108
f 2055 2058 2115
f 4279 2058 2055
f 2115 2066 2055
f 2056 2060 6158
f 8969 2060 2056
f 2056 6158 10391
f 10687 8969 2056
f 4696 4667 2057
f 2057 4667 10391
f 7491 4696 2057
f 2057 6158 9628
f 10391 6158 2057
f 2057 7009 7491
f 9628 7009 2057
f 2193 2115 2058
f 4640 2193 2058
f 2058 3993 4209
f 4279 3993 2058
f 2058 4209 4640
f 2059 2062 7670
f 11033 2062 2059
f 2059 7670 8116
f 9112 2072 2060
f 2060 2072 10327
f 10327 6158 2060
f 2060 8969 9112
f 4350 2113 2061
f 4520 4350 2061
f 9664 2077 2062
f 2062 2077 11250
f 11250 7670 2062
f 11033 9664 2062
f 2063 2064 5104
f 6533 2065 2063
f 2063 5104 6533
f 2064 2067 5104
f 8644 2067 2064
f 7317 2073 2065
f 2065 6533 7317
f 6125 2087 2066
f 2066 2115 2134
f 2066 2134 6125
f 2067 2076 6548
f 7849 2076 2067
f 9544 5104 2067
f 2067 6548 9544
f 8644 7849 2067
f 2068 2081 2121
f 5270 2091 2068
f 2068 2121 5270
f 6182 2070 2069
f 2069 2070 12032
f 2069 2071 10029
f 12032 2071 2069
f 10029 6182 2069
f 6182 2074 2070
f 2070 2074 6552
f 6552 5846 2070
f 2070 5846 12032
f 2071 2085 5693
f 7660 2085 2071
f 2071 5693 10029
f 12032 7660 2071
f 2072 2078 2093
f 4216 2078 2072
f 2072 2093 10327
f 9327 4216 2072
f 2072 9112 9327
f 2073 2083 2084
f 6557 2083 2073
f 2073 2084 10522
f 8396 6557 2073
f 2073 7317 8396
f 6387 2079 2074
f 2074 2079 7683
f 2074 6182 7494
f 7494 6387 2074
f 7683 6552 2074
f 7120 2081 2075
f 2075 4574 7738
f 7738 7120 2075
f 2076 2094 6548
f 7849 2094 2076
f 7450 2080 2077
f 2077 2080 11250
f 9664 7450 2077
f 2078 2082 2093
f 4216 2082 2078
f 6387 2096 2079
f 2079 2096 7466
f 2079 7466 7683
f 6388 2088 2080
f 2080 2088 10383
f 7450 6388 2080
f 2080 10383 11250
f 2133 2121 2081
f 2081 2127 2133
f 7120 2127 2081
f 2082 2088 7937
f 10262 2088 2082
f 7937 2093 2082
f 2082 4216 9892
f 2082 9892 10262
f 2092 2084 2083
f 6557 2092 2083
f 2084 2090 5754
f 6477 2090 2084
f 2084 2092 8709
f 2084 5754 10522
f 8709 6477 2084
f 6262 2095 2085
f 2085 2095 10056
f 10056 5693 2085
f 7660 6262 2085
f 2086 2108 2137
f 2086 2137 2159
f 2086 2159 4220
f 2087 6125 6702
f 2087 6702 7450
f 2087 7450 9664
f 2087 9664 11033
f 2088 6388 7937
f 2088 10262 10383
f 5170 2108 2089
f 2089 5000 5170
f 5764 4857 2090
f 2090 4857 6681
f 6387 5754 2090
f 6477 5764 2090
f 6681 6387 2090
f 7300 2100 2091
f 2091 5270 5776
f 2091 5776 7300
f 7636 2104 2092
f 2092 2104 8709
f 2092 6557 7636
f 2093 7176 7237
f 7937 7176 2093
f 2093 7237 10327
f 7468 2097 2094
f 2094 2097 7699
f 12022 6548 2094
f 2094 7191 7468
f 7849 7191 2094
f 2094 7699 12022
f 8760 2101 2095
f 2095 2101 10056
f 2095 6262 10516
f 10516 8760 2095
f 6681 2107 2096
f 2096 2107 7466
f 2096 6387 6681
f 2097 2114 7699
f 10101 2114 2097
f 2097 7468 10101
f 2098 2102 5613
f 8226 2102 2098
f 5613 2105 2098
f 2098 2105 8226
f 2099 2103 5672
f 6630 2103 2099
f 2099 2106 5271
f 6453 2106 2099
f 2099 5271 6630
f 2099 5672 6453
f 5782 4574 2100
f 7300 5782 2100
f 2101 2116 2126
f 8824 2116 2101
f 2101 2126 10056
f 2101 8760 8824
f 2122 2109 2102
f 2102 2109 5628
f 2102 2118 2122
f 8226 2118 2102
f 5628 5613 2102
f 2103 2110 6069
f 6630 2110 2103
f 6069 5672 2103
f 2104 2117 2162
f 4221 2117 2104
f 2104 2162 8709
f 7709 4221 2104
f 2104 7636 7709
f 2105 2111 7278
f 8061 2111 2105
f 2105 5613 8061
f 2105 7278 7396
f 2105 7396 8226
f 5570 2112 2106
f 2106 2112 6759
f 6759 5271 2106
f 6453 5570 2106
f 4857 2120 2107
f 2107 2120 6617
f 6681 4857 2107
f 2107 6617 7466
f 5170 2137 2108
f 2109 2122 2141
f 2141 2129 2109
f 2109 2129 5840
f 5840 5628 2109
f 2144 2125 2110
f 2110 2125 6069
f 2110 2130 2144
f 5094 2130 2110
f 6630 5094 2110
f 5153 2138 2111
f 2111 2138 7559
f 8061 5153 2111
f 7559 7278 2111
f 2112 2139 5120
f 6275 2139 2112
f 2112 5120 6759
f 2112 5570 6275
f 2113 2149 5000
f 5148 2149 2113
f 2113 4350 5148
f 2114 2128 6565
f 8554 2128 2114
f 2114 6565 7699
f 10101 8554 2114
f 2153 2134 2115
f 2193 2153 2115
f 7877 2126 2116
f 2116 2140 6971
f 11458 2140 2116
f 2116 6971 7877
f 8824 7787 2116
f 2116 7787 11458
f 2117 2131 8718
f 10573 2131 2117
f 8718 2162 2117
f 2117 4221 10573
f 5935 2122 2118
f 2118 2123 5935
f 8226 2123 2118
f 5985 2124 2119
f 2119 2124 6453
f 2119 2125 5985
f 6069 2125 2119
f 2119 5672 6069
f 6453 5672 2119
f 2120 2145 4186
f 7739 2145 2120
f 2120 4186 6617
f 2120 4857 7739
f 2121 2133 2146
f 2121 2146 2158
f 2121 2158 8649
f 8649 5261 2121
f 2121 5261 10129
f 10129 5270 2121
f 8500 2141 2122
f 2122 5935 7960
f 2122 7960 8500
f 7396 2142 2123
f 2123 2142 8754
f 8754 5935 2123
f 8226 7396 2123
f 2124 2143 5570
f 6071 2143 2124
f 2124 5570 6453
f 2124 5985 6071
f 2125 2144 4827
f 2125 4827 7705
f 7705 5985 2125
f 2126 7877 10392
f 10392 10056 2126
f 6594 2133 2127
f 7120 2135 2127
f 2127 2135 10529
f 10529 6594 2127
f 2128 2136 5179
f 8554 2136 2128
f 2128 5179 8591
f 8591 6565 2128
f 2129 2141 10381
f 2129 2151 5077
f 10381 2151 2129
f 2129 5077 5840
f 2157 2144 2130
f 2130 2152 2157
f 5094 2152 2130
f 2131 2136 8718
f 10782 2136 2131
f 2131 10573 10782
f 6655 5242 2132
f 2132 5242 6791
f 7517 6655 2132
f 2132 6791 7009
f 2132 7009 9235
f 9235 7517 2132
f 6594 2146 2133
f 2134 2153 5778
f 5778 2182 2134
f 2134 2182 6125
f 2135 2148 5186
f 7120 2148 2135
f 2135 5186 5189
f 2135 5189 7728
f 2135 7728 10529
f 8554 2199 2136
f 2136 2199 8718
f 10782 5179 2136
f 5043 2159 2137
f 6584 5043 2137
f 2137 5170 6584
f 2138 2160 7559
f 8560 2160 2138
f 2138 5153 8560
f 2139 2161 5120
f 6325 2161 2139
f 2139 6275 6325
f 2140 2147 5541
f 8499 2147 2140
f 2140 5541 6971
f 11458 8499 2140
f 8500 2154 2141
f 2141 2154 10381
f 2142 2155 6318
f 7278 2155 2142
f 6318 5984 2142
f 2142 5984 8754
f 7396 7278 2142
f 4931 2156 2143
f 2143 2156 5570
f 4936 4931 2143
f 6071 4936 2143
f 2144 2157 4827
f 2145 2147 4313
f 5541 2147 2145
f 4313 4186 2145
f 7739 5541 2145
f 6597 2158 2146
f 2146 6594 6597
f 8499 4313 2147
f 7738 2150 2148
f 2148 2150 11126
f 11126 5186 2148
f 2148 7120 7738
f 2149 2262 4929
f 5341 2262 2149
f 2149 4929 5100
f 5100 5000 2149
f 2149 5148 5341
f 8549 5185 2150
f 2150 5185 11126
f 7738 5782 2150
f 2150 5782 8549
f 11242 5077 2151
f 10381 9310 2151
f 2151 9310 11471
f 11471 11242 2151
f 2168 2157 2152
f 2170 2168 2152
f 5201 2170 2152
f 2152 5094 5201
f 2153 2193 2316
f 2153 2316 6427
f 2153 4854 5778
f 6427 4854 2153
f 7477 2165 2154
f 2154 2165 10381
f 2154 4770 5798
f 8500 4770 2154
f 2154 5798 7477
f 2155 2166 6318
f 7559 2166 2155
f 2155 7278 7559
f 2156 2167 6325
f 7532 2167 2156
f 2156 4931 7532
f 6275 5570 2156
f 6325 6275 2156
f 2157 2168 7274
f 8444 4827 2157
f 2157 7274 8444
f 7722 2164 2158
f 2158 2164 8649
f 2158 6597 7722
f 2159 4058 4220
f 5207 4058 2159
f 2159 5043 6620
f 6620 5207 2159
f 2160 2172 7692
f 8560 2172 2160
f 7692 7559 2160
f 6438 2173 2161
f 2161 2173 11276
f 11276 5120 2161
f 2161 6325 6438
f 5575 4945 2162
f 2162 4945 6477
f 8718 5575 2162
f 2162 6477 8709
f 5776 5270 2163
f 2163 5270 10129
f 8711 5776 2163
f 2163 6492 8711
f 10129 6492 2163
f 2164 2174 2195
f 9261 2174 2164
f 2164 2195 8649
f 7722 4236 2164
f 2164 4236 9261
f 7477 2208 2165
f 2165 2208 10939
f 2165 9310 10381
f 10939 9310 2165
f 2166 2209 5260
f 7692 2209 2166
f 2166 5260 7910
f 7910 6318 2166
f 2166 7559 7692
f 2167 2210 6273
f 7532 2210 2167
f 2167 6273 6438
f 6438 6325 2167
f 2168 2170 2211
f 2168 2211 7274
f 10939 2224 2169
f 2169 2224 11375
f 11375 4229 2169
f 2169 4229 11471
f 2169 9310 10939
f 11471 9310 2169
f 2225 2211 2170
f 5201 2225 2170
f 7378 2197 2171
f 2171 2197 8606
f 2171 2218 7032
f 8549 2218 2171
f 2171 7032 7378
f 8606 8549 2171
f 2232 2231 2172
f 2172 2231 6989
f 11784 2232 2172
f 2172 6989 7692
f 2172 8560 11784
f 2173 2233 2304
f 6273 2233 2173
f 2173 2304 5121
f 2173 5121 11276
f 6438 6273 2173
f 5799 2195 2174
f 2174 2217 5799
f 9972 2217 2174
f 2174 9261 9972
f 4237 2176 2175
f 2175 2176 6702
f 2175 2194 5216
f 6125 2194 2175
f 5216 4237 2175
f 6702 6125 2175
f 2176 2196 6702
f 12070 2196 2176
f 2176 4237 12070
f 2367 2193 2177
f 2177 2193 4640
f 2545 2367 2177
f 4726 2545 2177
f 4209 3964 2177
f 2177 3964 4726
f 4640 4209 2177
f 2178 2180 2183
f 2184 2180 2178
f 2178 2183 2200
f 2201 2184 2178
f 2200 2191 2178
f 2178 2191 2201
f 2179 2181 2185
f 2190 2181 2179
f 2179 2185 2202
f 2179 2186 2190
f 2192 2186 2179
f 2202 2192 2179
f 2187 2183 2180
f 2180 2184 2188
f 2204 2187 2180
f 2180 2188 2198
f 2180 2198 2204
f 2189 2185 2181
f 2206 2189 2181
f 2181 2190 2207
f 2247 2206 2181
f 2181 2207 2247
f 2223 2194 2182
f 2182 2194 6125
f 2271 2223 2182
f 4854 2271 2182
f 5778 4854 2182
f 2183 2187 2213
f 2227 2200 2183
f 2183 2213 2227
f 2214 2188 2184
f 2184 2201 2214
f 2185 2189 2221
f 2215 2202 2185
f 2221 2215 2185
f 2216 2190 2186
f 2186 2192 2203
f 2186 2203 2230
f 2230 2216 2186
f 2187 2204 2244
f 2219 2213 2187
f 2244 2219 2187
f 2205 2198 2188
f 2236 2205 2188
f 2188 2214 2220
f 2188 2220 2236
f 2189 2206 2237
f 2237 2221 2189
f 2222 2207 2190
f 2190 2216 2222
f 2191 2200 4776
f 5854 2201 2191
f 2191 4776 8420
f 8420 5854 2191
f 2192 2202 4940
f 8207 2203 2192
f 2192 4940 8207
f 2608 2316 2193
f 2193 2367 2608
f 2194 2223 5216
f 2195 4159 4493
f 5799 4159 2195
f 2195 4493 4782
f 2195 4782 5261
f 2195 5261 8649
f 2196 2226 5970
f 8819 2226 2196
f 2196 5970 6702
f 12070 8819 2196
f 5262 2238 2197
f 2197 2238 9753
f 7378 5262 2197
f 9753 8606 2197
f 2246 2204 2198
f 2198 2205 2246
f 6282 4822 2199
f 2199 4822 8718
f 6501 6282 2199
f 8554 6501 2199
f 2200 2227 11536
f 11536 4776 2200
f 2228 2214 2201
f 11574 2228 2201
f 2201 5854 11574
f 2202 2215 2229
f 2202 2229 4603
f 2202 4603 4985
f 4985 4940 2202
f 9450 2230 2203
f 2203 8207 9450
f 2256 2244 2204
f 2204 2246 2256
f 2205 2236 2267
f 2267 2246 2205
f 2268 2237 2206
f 2206 2247 2268
f 2207 2222 2245
f 2207 2245 2257
f 2257 2247 2207
f 10629 2224 2208
f 2208 2224 10939
f 2208 2274 10629
f 10952 2274 2208
f 2208 7477 10952
f 2209 2275 5878
f 6989 2275 2209
f 5878 5260 2209
f 7692 6989 2209
f 2210 2276 6273
f 8973 2276 2210
f 7532 5204 2210
f 2210 5204 8973
f 2211 2225 2277
f 2211 2277 7437
f 7437 7274 2211
f 5757 4043 2212
f 2212 4043 6016
f 5764 4945 2212
f 2212 4945 7752
f 7430 5757 2212
f 6469 5764 2212
f 2212 6016 6469
f 7752 7430 2212
f 2213 2219 2240
f 2248 2227 2213
f 2213 2240 2248
f 2241 2220 2214
f 2214 2228 2249
f 2249 2241 2214
f 2215 2221 2242
f 2250 2229 2215
f 2215 2242 2250
f 6056 2222 2216
f 2216 2230 2243
f 2216 2243 6056
f 2217 2235 6406
f 8211 2235 2217
f 6406 5799 2217
f 9972 8211 2217
f 2218 6492 7827
f 8711 6492 2218
f 7827 7032 2218
f 2218 8549 8711
f 2252 2240 2219
f 2219 2244 2258
f 2258 2252 2219
f 2259 2236 2220
f 2220 2241 2253
f 2220 2253 2259
f 2221 2237 2260
f 2254 2242 2221
f 2260 2254 2221
f 5989 2245 2222
f 6200 5989 2222
f 2222 6056 6200
f 2223 2271 11769
f 11769 5216 2223
f 2224 2263 7891
f 10629 2263 2224
f 2224 7891 8266
f 2224 8266 11375
f 2265 2264 2225
f 2225 2264 2277
f 9650 2265 2225
f 2225 5201 9650
f 2272 2234 2226
f 2226 2234 5970
f 8752 2272 2226
f 8819 8752 2226
f 2227 2248 10676
f 2227 10676 11536
f 11574 2249 2228
f 2229 2250 4374
f 2229 4374 4603
f 2251 2243 2230
f 7935 2251 2230
f 9450 7935 2230
f 2231 2232 2303
f 2231 2303 2309
f 2231 2309 10344
f 10344 6989 2231
f 10932 2303 2232
f 2232 6643 10932
f 11784 6643 2232
f 2310 2304 2233
f 6798 2310 2233
f 2233 6273 6798
f 2234 2272 9016
f 6784 5970 2234
f 2234 6330 7517
f 9016 6330 2234
f 7517 6784 2234
f 4240 2239 2235
f 2235 2239 7387
f 9493 4240 2235
f 2235 5501 6406
f 7387 5501 2235
f 2235 8211 9493
f 2236 2259 2306
f 2306 2267 2236
f 2307 2260 2237
f 2237 2268 2307
f 6382 2239 2238
f 2238 2239 9658
f 2238 5262 6382
f 2238 9658 11268
f 11268 9753 2238
f 2239 4240 9658
f 2239 6382 7387
f 2280 2248 2240
f 2240 2252 2280
f 2241 2249 2281
f 2314 2253 2241
f 2241 2281 2314
f 2285 2250 2242
f 2242 2254 2287
f 2242 2282 2285
f 2287 2282 2242
f 2243 2251 2283
f 2283 2255 2243
f 2243 2255 6056
f 2244 2256 2305
f 2305 2258 2244
f 2308 2257 2245
f 2245 2261 2308
f 5989 2261 2245
f 2269 2256 2246
f 2246 2267 2269
f 2247 2257 2270
f 2273 2268 2247
f 2247 2270 2273
f 2248 2280 2338
f 2248 2338 8882
f 2248 8882 10676
f 2284 2281 2249
f 5856 2284 2249
f 11574 5856 2249
f 2250 2285 5105
f 5105 4374 2250
f 2286 2283 2251
f 11607 2286 2251
f 2251 7935 8007
f 2251 8007 11607
f 2252 2258 2297
f 2297 2280 2252
f 2314 2259 2253
f 2254 2260 2287
f 2315 2261 2255
f 2255 2261 5989
f 2255 2283 2315
f 2255 5989 6200
f 6200 6056 2255
f 2256 2269 10801
f 2256 2298 2305
f 10801 2298 2256
f 2301 2270 2257
f 2308 2301 2257
f 2313 2297 2258
f 2258 2305 2329
f 2329 2313 2258
f 2330 2306 2259
f 2259 2314 2330
f 2331 2287 2260
f 2260 2307 2331
f 2350 2308 2261
f 2261 2315 2332
f 2261 2332 2350
f 4223 2479 2262
f 2262 2479 4929
f 5341 4223 2262
f 2263 2274 2368
f 10629 2274 2263
f 2384 2346 2263
f 2263 2346 7891
f 2263 2368 2384
f 2264 2265 2347
f 2371 2277 2264
f 2264 2347 2385
f 2385 2371 2264
f 5253 2347 2265
f 2265 5124 5253
f 9650 5124 2265
f 2266 2455 5253
f 7639 2455 2266
f 6330 4846 2266
f 2266 4846 7639
f 2266 5124 5242
f 5253 5124 2266
f 2266 5242 6655
f 6655 6330 2266
f 2299 2269 2267
f 2306 2299 2267
f 2268 2273 2300
f 2268 2300 2307
f 2269 2299 11688
f 11690 10801 2269
f 2269 11688 11690
f 2302 2273 2270
f 2270 2293 2302
f 6691 2293 2270
f 2270 2301 6691
f 4854 2345 2271
f 2271 2345 6650
f 2271 6650 7974
f 2271 7974 11769
f 2272 2383 9016
f 11783 2383 2272
f 8752 7576 2272
f 2272 7576 11783
f 10759 2300 2273
f 2273 2302 10759
f 11590 2368 2274
f 10952 8030 2274
f 2274 8030 11590
f 2275 2369 5878
f 10344 2369 2275
f 2275 6989 10344
f 2276 2370 6798
f 8973 2370 2276
f 6798 6273 2276
f 2277 2371 9029
f 8592 7437 2277
f 9029 8592 2277
f 2278 2288 2292
f 10330 2288 2278
f 2326 2289 2278
f 2278 2289 10330
f 2278 2292 2326
f 2279 2290 2294
f 6923 2290 2279
f 2295 2291 2279
f 2279 2291 6923
f 2294 2293 2279
f 2279 2293 2295
f 2280 2297 2341
f 2341 2338 2280
f 2281 2284 2342
f 2355 2314 2281
f 2281 2342 2355
f 2343 2285 2282
f 2282 2287 2343
f 2283 2286 2344
f 2357 2315 2283
f 2283 2344 2357
f 2407 2342 2284
f 4567 2407 2284
f 5856 4567 2284
f 2343 2339 2285
f 2285 2339 5105
f 2286 2340 2344
f 11607 2340 2286
f 2287 2331 2374
f 2374 2343 2287
f 9536 2292 2288
f 7040 2321 2288
f 2288 2321 9536
f 10330 7040 2288
f 2352 2318 2289
f 2289 2318 10330
f 2326 2322 2289
f 2289 2322 2352
f 2323 2294 2290
f 10006 2323 2290
f 2290 6923 10341
f 10341 10006 2290
f 2291 2295 2324
f 2320 2312 2291
f 2291 2312 6923
f 2324 2320 2291
f 9536 2325 2292
f 2292 2325 10801
f 11690 2326 2292
f 2292 10801 11690
f 2293 2294 2302
f 2328 2295 2293
f 6691 2328 2293
f 2327 2302 2294
f 2294 2323 11741
f 11741 2327 2294
f 2328 2324 2295
f 5575 4484 2296
f 2296 4484 8977
f 9334 5575 2296
f 2296 7430 7752
f 10769 7430 2296
f 2296 7752 9334
f 2296 8977 9755
f 2296 9755 10769
f 2297 2313 2372
f 2372 2341 2297
f 2333 2305 2298
f 2298 2325 2358
f 10801 2325 2298
f 2358 2333 2298
f 2299 2306 2334
f 2299 2334 11688
f 2335 2307 2300
f 10759 2335 2300
f 2301 2308 2336
f 2301 2336 6691
f 2302 2327 10759
f 2394 2309 2303
f 4235 2394 2303
f 10932 4235 2303
f 2304 2310 2395
f 2304 2395 5243
f 2304 4234 5121
f 5243 4234 2304
f 2410 2329 2305
f 2305 2333 2410
f 2306 2330 2348
f 2377 2334 2306
f 2306 2348 2377
f 2349 2331 2307
f 2307 2335 2378
f 2378 2349 2307
f 2379 2336 2308
f 2308 2350 2379
f 2309 2394 8352
f 2309 8352 10344
f 2310 2370 2399
f 6798 2370 2310
f 2399 2395 2310
f 10168 2317 2311
f 2311 2317 10330
f 2311 2318 10026
f 10330 2318 2311
f 2311 10026 10168
f 2381 2319 2312
f 2312 2319 10341
f 2312 2320 2381
f 10341 6923 2312
f 2313 2329 2390
f 2390 2372 2313
f 2373 2330 2314
f 2314 2355 2373
f 2375 2332 2315
f 2315 2357 2375
f 6093 2542 2316
f 2316 2542 6427
f 2316 2608 6093
f 2317 2351 7040
f 10013 2351 2317
f 2317 7040 10330
f 10168 10013 2317
f 2318 2352 10432
f 10432 10026 2318
f 10104 2353 2319
f 2319 2353 10341
f 2319 2381 2388
f 2319 2388 10104
f 2320 2324 2354
f 2320 2354 10061
f 2389 2381 2320
f 10061 2389 2320
f 7040 2351 2321
f 2321 2351 9902
f 2321 2363 9536
f 9902 2363 2321
f 2322 2326 2359
f 2364 2352 2322
f 2322 2359 2364
f 10057 2365 2323
f 2323 2365 11741
f 2323 10006 10057
f 2324 2328 2362
f 2403 2354 2324
f 2324 2362 2366
f 2324 2366 2403
f 6852 2358 2325
f 9536 6852 2325
f 11688 2359 2326
f 11690 11688 2326
f 2327 2360 10835
f 11741 2360 2327
f 10835 10759 2327
f 2328 2361 2362
f 6691 2361 2328
f 2410 2390 2329
f 2391 2348 2330
f 2330 2373 2391
f 2331 2349 2392
f 2392 2374 2331
f 2393 2350 2332
f 2332 2375 2393
f 2333 2358 2376
f 2333 2376 2410
f 2334 2377 11019
f 2334 11019 11702
f 11702 11688 2334
f 10835 2378 2335
f 2335 10759 10835
f 2379 2361 2336
f 2336 2361 6691
f 4493 2706 2337
f 2337 2706 6044
f 4782 4493 2337
f 5261 4782 2337
f 6492 5261 2337
f 2337 6044 10306
f 7827 6492 2337
f 10306 7827 2337
f 2338 2341 2406
f 2338 2406 5934
f 2338 5934 8411
f 2338 8411 8882
f 2339 2343 2424
f 2424 2408 2339
f 2339 2408 5071
f 2339 5071 5204
f 5204 5105 2339
f 2409 2344 2340
f 11596 2409 2340
f 2340 5256 11596
f 11607 5256 2340
f 2341 2372 2458
f 2423 2406 2341
f 2458 2423 2341
f 2439 2355 2342
f 2342 2407 2439
f 2374 2356 2343
f 2343 2356 2424
f 2440 2357 2344
f 2344 2409 2440
f 4601 2382 2345
f 2345 2382 6650
f 4854 4601 2345
f 2346 2384 2456
f 2346 2456 8708
f 2346 5465 7891
f 8708 5465 2346
f 2457 2385 2347
f 9089 2457 2347
f 2347 5253 9089
f 2411 2377 2348
f 2348 2391 2411
f 2349 2378 2447
f 2492 2392 2349
f 2349 2447 2492
f 2412 2379 2350
f 2350 2393 2412
f 2351 2400 9902
f 10013 2400 2351
f 2352 2364 2401
f 2352 2401 10099
f 2352 10099 10432
f 2353 2402 10057
f 10104 2402 2353
f 10057 10006 2353
f 2353 10006 10341
f 2354 2403 10197
f 10197 10061 2354
f 11606 2373 2355
f 2355 2439 11606
f 2356 2374 2474
f 2474 2424 2356
f 2460 2375 2357
f 2357 2440 2460
f 2505 2376 2358
f 2358 2429 2505
f 6852 2429 2358
f 2450 2364 2359
f 2359 2420 9624
f 11702 2420 2359
f 9624 2450 2359
f 2359 11688 11702
f 9925 2421 2360
f 2360 2421 10835
f 2360 9545 9925
f 11741 9545 2360
f 2430 2362 2361
f 2361 2379 11847
f 2506 2430 2361
f 11847 2506 2361
f 2430 2366 2362
f 2449 2429 2363
f 2363 2429 6852
f 9902 2449 2363
f 2363 6852 9536
f 2450 2401 2364
f 2365 2451 9925
f 10057 2451 2365
f 9925 9545 2365
f 2365 9545 11741
f 2452 2403 2366
f 2366 2430 2452
f 2367 2545 2853
f 2853 2608 2367
f 2487 2384 2368
f 8691 2487 2368
f 11590 8691 2368
f 2369 2488 7911
f 10344 2488 2369
f 7911 5878 2369
f 2489 2399 2370
f 6456 2489 2370
f 8973 6456 2370
f 2371 2385 2490
f 2371 2490 8957
f 2371 8957 9029
f 2372 2390 2458
f 2484 2391 2373
f 2373 2459 2484
f 11606 2459 2373
f 2374 2392 2474
f 2486 2393 2375
f 2375 2460 2486
f 2446 2410 2376
f 2505 2446 2376
f 2377 2411 2539
f 2377 2539 11019
f 10835 2421 2378
f 2378 2421 11730
f 11730 2447 2378
f 2379 2412 2448
f 2379 2448 11847
f 2380 2386 10168
f 12005 2386 2380
f 2380 2387 7195
f 10026 2387 2380
f 2380 7195 11999
f 10168 10026 2380
f 2380 11999 12005
f 7166 2388 2381
f 2381 2389 7166
f 2382 2445 4245
f 9280 2445 2382
f 2382 4245 6650
f 2382 4601 10694
f 10694 9280 2382
f 2383 2422 5236
f 11506 2422 2383
f 2383 5236 9016
f 11783 11506 2383
f 2507 2456 2384
f 2384 2487 2507
f 2385 2457 2508
f 2508 2490 2385
f 2386 2435 10013
f 10449 2435 2386
f 2386 10013 10168
f 12005 10449 2386
f 2387 2436 7195
f 10099 2436 2387
f 2387 10026 10432
f 10432 10099 2387
f 2511 2437 2388
f 2388 2437 10104
f 7166 2511 2388
f 2389 2438 2549
f 10061 2438 2389
f 2549 2512 2389
f 2389 2512 7166
f 2390 2410 2473
f 2473 2458 2390
f 2484 2411 2391
f 2485 2474 2392
f 2492 2485 2392
f 2486 2412 2393
f 6582 2519 2394
f 2394 2519 8352
f 2394 4235 8004
f 8004 6582 2394
f 2395 2399 2520
f 2395 2520 5243
f 2396 2588 2644
f 7430 2588 2396
f 2396 2644 8393
f 2396 2645 5757
f 7434 2645 2396
f 2396 5757 7430
f 8393 7434 2396
f 2416 2404 2397
f 2397 2404 8954
f 2417 2413 2397
f 2397 2413 2431
f 2431 2416 2397
f 8954 2417 2397
f 2418 2405 2398
f 2398 2405 2428
f 2398 2414 2433
f 2434 2414 2398
f 2433 2418 2398
f 2428 2419 2398
f 2398 2419 2434
f 2399 2489 2535
f 2535 2520 2399
f 2513 2449 2400
f 2400 2449 9902
f 2400 2497 2600
f 10013 2497 2400
f 2600 2513 2400
f 2401 2450 2514
f 2401 2498 10099
f 10244 2498 2401
f 2401 2514 10244
f 2402 2499 2515
f 10104 2499 2402
f 2402 2515 10057
f 2403 2452 2516
f 2403 2516 10197
f 2404 2416 2425
f 2404 2425 2461
f 2442 2426 2404
f 2404 2426 8954
f 2461 2442 2404
f 2405 2418 2427
f 2405 2427 2443
f 2463 2428 2405
f 2405 2443 2463
f 2406 2423 2493
f 2406 2493 5934
f 2522 2439 2407
f 2407 2494 2522
f 5892 2494 2407
f 2407 4567 8204
f 8204 5892 2407
f 2408 2424 2495
f 2408 2495 5555
f 5555 5071 2408
f 2524 2440 2409
f 2409 2496 2524
f 11596 2496 2409
f 2410 2446 2538
f 2491 2473 2410
f 2538 2491 2410
f 2411 2484 2597
f 2632 2539 2411
f 2411 2597 2632
f 2633 2448 2412
f 2412 2486 2598
f 2412 2598 2633
f 2413 2417 2432
f 2465 2431 2413
f 2413 2432 2466
f 2413 2453 2465
f 2466 2453 2413
f 2467 2433 2414
f 2414 2434 2468
f 2414 2454 2467
f 2468 2454 2414
f 4430 2706 2415
f 2415 2706 4493
f 4493 4159 2415
f 2415 4159 6406
f 5078 4430 2415
f 2415 4481 5230
f 6406 4481 2415
f 5230 5078 2415
f 2475 2425 2416
f 2416 2431 2469
f 2416 2469 2475
f 2417 2426 2476
f 8954 2426 2417
f 2470 2432 2417
f 2476 2470 2417
f 2477 2427 2418
f 2418 2433 2471
f 2418 2471 2477
f 2419 2428 2472
f 2483 2434 2419
f 2419 2472 2483
f 2643 2529 2420
f 2420 2529 9624
f 2420 2605 2643
f 11019 2605 2420
f 11702 11019 2420
f 2421 2530 2606
f 9925 2530 2421
f 2421 2606 11730
f 5252 2464 2422
f 2422 2464 11023
f 11023 5236 2422
f 11506 5252 2422
f 2423 2458 2567
f 2521 2493 2423
f 2567 2521 2423
f 2424 2474 2523
f 2523 2495 2424
f 2501 2461 2425
f 2425 2475 2501
f 2426 2442 2462
f 2426 2462 2476
f 2511 2443 2427
f 2427 2477 2503
f 2427 2503 2511
f 2428 2463 2504
f 2478 2472 2428
f 2504 2478 2428
f 2429 2449 2563
f 2563 2505 2429
f 2566 2452 2430
f 2430 2506 2566
f 2431 2465 2525
f 2480 2469 2431
f 2525 2480 2431
f 2526 2466 2432
f 2432 2470 2481
f 2432 2481 2526
f 2433 2467 2482
f 2482 2471 2433
f 2528 2468 2434
f 2434 2483 2528
f 2620 2497 2435
f 2435 2497 10013
f 2435 2546 2620
f 10449 2546 2435
f 2436 2498 6436
f 10099 2498 2436
f 6436 2547 2436
f 2436 2547 7195
f 2622 2499 2437
f 2437 2499 10104
f 2437 2511 2548
f 2437 2548 2622
f 2438 2500 2623
f 10061 2500 2438
f 2623 2549 2438
f 2544 2459 2439
f 2439 2459 11606
f 2439 2522 2544
f 2568 2460 2440
f 2440 2524 2568
f 2441 4656 5541
f 6282 4656 2441
f 4738 4657 2441
f 2441 4657 5031
f 5541 4738 2441
f 2441 5031 6282
f 2442 2461 2509
f 2510 2462 2442
f 2442 2509 2510
f 2512 2463 2443
f 2443 2511 2512
f 2444 2646 4268
f 9322 2646 2444
f 2444 4268 8977
f 2444 4484 4822
f 8977 4484 2444
f 2444 4822 7530
f 7530 5031 2444
f 2444 5031 10559
f 10559 9322 2444
f 2684 2464 2445
f 2445 2464 6666
f 9280 2684 2445
f 5254 4245 2445
f 6666 5254 2445
f 2446 2505 2604
f 2604 2538 2446
f 2540 2492 2447
f 11370 2540 2447
f 11730 11370 2447
f 10481 2607 2448
f 2448 2607 11847
f 2448 2633 10481
f 2449 2513 2637
f 2637 2563 2449
f 2564 2514 2450
f 2450 2529 2564
f 9624 2529 2450
f 2451 2565 9925
f 10233 2565 2451
f 2451 10057 10318
f 10318 10233 2451
f 2640 2516 2452
f 2452 2566 2640
f 2517 2465 2453
f 2453 2466 2532
f 2532 2517 2453
f 2533 2467 2454
f 2454 2468 2534
f 2454 2518 2533
f 2534 2518 2454
f 7639 2589 2455
f 2455 2589 9089
f 9089 5253 2455
f 2456 2507 2569
f 2456 2569 9036
f 9036 8708 2456
f 11239 2508 2457
f 6305 2570 2457
f 2457 2570 11239
f 9089 6305 2457
f 2458 2473 2567
f 2580 2484 2459
f 2459 2544 2580
f 2582 2486 2460
f 2460 2568 2582
f 2461 2501 2546
f 2546 2509 2461
f 2502 2476 2462
f 2547 2502 2462
f 2462 2510 2547
f 2549 2504 2463
f 2463 2512 2549
f 2464 2684 11023
f 2464 5252 6666
f 2465 2517 2531
f 2531 2525 2465
f 2466 2526 2584
f 2584 2532 2466
f 2527 2482 2467
f 2585 2527 2467
f 2467 2533 2585
f 2468 2528 2534
f 2559 2475 2469
f 2469 2480 9904
f 9904 2559 2469
f 2470 2476 2560
f 2573 2481 2470
f 2560 2556 2470
f 2470 2556 2573
f 2561 2477 2471
f 2471 2482 2574
f 2471 2557 2561
f 2574 2557 2471
f 2472 2478 2562
f 2575 2483 2472
f 2562 2558 2472
f 2472 2558 2575
f 2473 2491 2590
f 2590 2567 2473
f 2474 2485 2592
f 2581 2523 2474
f 2592 2581 2474
f 2576 2501 2475
f 2475 2559 2576
f 2476 2502 2560
f 2561 2503 2477
f 2478 2504 2579
f 2579 2562 2478
f 4223 2654 2479
f 2479 2654 5724
f 5724 4929 2479
f 2480 2525 2625
f 2480 2625 9904
f 2573 2526 2481
f 2482 2527 2574
f 2575 2528 2483
f 2484 2580 2591
f 2484 2591 2597
f 2485 2492 2682
f 2682 2592 2485
f 2486 2582 2598
f 2614 2507 2487
f 9398 2614 2487
f 2487 8691 9398
f 6193 2615 2488
f 2488 2615 8575
f 8352 6193 2488
f 8575 7911 2488
f 10344 8352 2488
f 2616 2535 2489
f 5037 2616 2489
f 5089 5037 2489
f 6456 5089 2489
f 2490 2508 2617
f 2490 2617 8957
f 2491 2538 11273
f 2681 2590 2491
f 11273 2681 2491
f 2492 2540 2682
f 2493 2521 2593
f 2493 2593 9208
f 9208 5934 2493
f 2630 2522 2494
f 2494 2594 2630
f 5892 2594 2494
f 2495 2523 2652
f 2652 2595 2495
f 2495 2595 5555
f 2631 2524 2496
f 2496 2596 2631
f 5199 2596 2496
f 5382 5199 2496
f 11596 5382 2496
f 2707 2600 2497
f 2497 2620 2707
f 2498 2601 6436
f 10244 2601 2498
f 2602 2515 2499
f 2622 2602 2499
f 10197 2603 2500
f 2500 2603 11898
f 11898 2623 2500
f 2500 10061 10197
f 2576 2546 2501
f 2502 2547 2577
f 2577 2560 2502
f 2548 2511 2503
f 2578 2548 2503
f 2503 2561 2578
f 2504 2549 2579
f 2505 2563 2695
f 2695 2604 2505
f 6556 2566 2506
f 2506 2607 6556
f 11847 2607 2506
f 2618 2569 2507
f 2507 2614 2618
f 2619 2617 2508
f 11239 2619 2508
f 11999 2510 2509
f 2509 2546 10449
f 2509 10449 12005
f 12005 11999 2509
f 7195 2547 2510
f 11999 7195 2510
f 7166 2512 2511
f 2513 2600 9741
f 9741 2637 2513
f 2514 2564 2638
f 2514 2638 10213
f 2514 10213 10244
f 2515 2602 2738
f 2738 2639 2515
f 2515 2639 10233
f 10318 10057 2515
f 2515 10233 10318
f 2516 2640 11647
f 11795 10197 2516
f 2516 11647 11795
f 2647 2531 2517
f 2517 2532 2641
f 2517 2641 2647
f 2642 2533 2518
f 2518 2534 2650
f 2650 2642 2518
f 2519 2624 6193
f 6670 2624 2519
f 2519 6193 8352
f 2519 6582 6670
f 2520 2535 2634
f 2520 2634 4243
f 2520 4243 6708
f 6659 5243 2520
f 6708 6659 2520
f 2521 2567 2651
f 2629 2593 2521
f 2651 2629 2521
f 2630 2544 2522
f 2523 2581 2671
f 2671 2652 2523
f 2653 2568 2524
f 2524 2631 2653
f 2525 2531 2583
f 2525 2583 2625
f 2526 2573 2626
f 2659 2584 2526
f 2526 2626 2659
f 2627 2574 2527
f 2527 2585 2660
f 2660 2627 2527
f 2586 2534 2528
f 2528 2575 2628
f 2628 2586 2528
f 2696 2564 2529
f 2529 2643 2696
f 2530 2565 2697
f 9925 2565 2530
f 11799 2606 2530
f 2530 2697 11799
f 2647 2583 2531
f 2532 2584 2648
f 2648 2641 2532
f 2649 2585 2533
f 2533 2642 2649
f 2534 2586 2650
f 2535 2616 2634
f 4252 2550 2536
f 2536 2550 9800
f 9800 2551 2536
f 2536 2551 11699
f 11699 4252 2536
f 2537 2552 2649
f 9430 2552 2537
f 2650 2553 2537
f 2537 2553 6692
f 2649 2642 2537
f 2537 2642 2650
f 2537 6692 9430
f 2538 2604 2716
f 2538 2716 2730
f 2538 2730 11273
f 2632 2605 2539
f 2539 2605 11019
f 2732 2682 2540
f 11902 2732 2540
f 2540 11370 11902
f 2771 2545 2541
f 2541 2545 4726
f 5573 2771 2541
f 2541 3964 4316
f 4726 3964 2541
f 2541 4316 5573
f 2542 2811 2841
f 11032 2811 2542
f 2542 2841 8008
f 2542 6093 11032
f 9209 6427 2542
f 2542 8008 9209
f 8842 2554 2543
f 2543 2554 10769
f 9755 2571 2543
f 2543 2571 10038
f 9126 8842 2543
f 10038 9126 2543
f 10769 9755 2543
f 2670 2580 2544
f 2544 2630 2670
f 2545 2771 5063
f 5063 2853 2545
f 2546 2576 2620
f 2621 2577 2547
f 6436 2621 2547
f 2548 2578 2622
f 2623 2579 2549
f 2550 2609 2647
f 4452 2609 2550
f 2647 2641 2550
f 2550 2641 9800
f 2550 4252 4458
f 4458 4452 2550
f 9730 2610 2551
f 2551 2610 11699
f 9800 9730 2551
f 2552 2611 2649
f 9696 2611 2552
f 9430 7753 2552
f 2552 7753 9696
f 2705 2612 2553
f 2553 2612 6692
f 2553 2650 2705
f 9706 2588 2554
f 2554 2588 10769
f 2554 8842 9706
f 2662 2559 2555
f 2555 2559 9904
f 2555 2572 2711
f 9904 2572 2555
f 2673 2662 2555
f 2711 2673 2555
f 2556 2560 2663
f 2674 2573 2556
f 2556 2663 2674
f 2675 2561 2557
f 2557 2574 2713
f 2713 2675 2557
f 2558 2562 2665
f 2714 2575 2558
f 2558 2665 2676
f 2558 2676 2714
f 2662 2576 2559
f 2560 2577 2663
f 2664 2578 2561
f 2675 2664 2561
f 2562 2579 2665
f 2563 2637 2695
f 10258 2638 2564
f 2564 2696 10258
f 11823 2697 2565
f 2565 10233 10365
f 2565 10365 11823
f 2698 2640 2566
f 6556 2698 2566
f 2567 2590 11633
f 2693 2651 2567
f 11633 2693 2567
f 2694 2582 2568
f 2568 2653 2694
f 2569 2618 2655
f 2569 2655 9170
f 9170 9036 2569
f 6632 2656 2570
f 2570 2656 11239
f 2570 6305 6632
f 4814 2599 2571
f 2571 2599 6105
f 9755 4814 2571
f 2571 6105 10038
f 2572 2625 2758
f 9904 2625 2572
f 2758 2711 2572
f 2759 2626 2573
f 2573 2674 2712
f 2573 2712 2759
f 2574 2627 2713
f 2761 2628 2575
f 2575 2714 2761
f 2678 2620 2576
f 2576 2662 2678
f 2577 2621 2708
f 2679 2663 2577
f 2708 2679 2577
f 2709 2622 2578
f 2578 2664 2814
f 2814 2709 2578
f 2579 2623 2710
f 2680 2665 2579
f 2710 2680 2579
f 2699 2591 2580
f 2580 2670 2699
f 2581 2592 2671
f 2683 2598 2582
f 11634 2683 2582
f 2582 2694 11634
f 2658 2625 2583
f 2583 2647 2703
f 2781 2658 2583
f 2583 2703 2781
f 2704 2648 2584
f 2584 2659 2704
f 2585 2649 2783
f 2783 2660 2585
f 2586 2628 2661
f 2705 2650 2586
f 2586 2661 2784
f 2784 2705 2586
f 2587 2706 4967
f 6044 2706 2587
f 4967 4481 2587
f 2587 4481 7387
f 8445 6044 2587
f 7387 6382 2587
f 2587 6382 8445
f 10205 2644 2588
f 2588 7430 10769
f 2588 9706 10205
f 5657 2762 2589
f 2589 2762 6305
f 7639 5657 2589
f 2589 6305 9089
f 2590 2681 11633
f 2699 2597 2591
f 2700 2671 2592
f 2592 2682 2700
f 2593 2629 2666
f 2593 2666 9340
f 11695 9208 2593
f 2593 9340 11695
f 2667 2630 2594
f 10415 2667 2594
f 2594 5892 6051
f 2594 6051 10415
f 2595 2652 2668
f 2595 2668 8541
f 2595 5349 5555
f 8541 5349 2595
f 2669 2631 2596
f 5007 2669 2596
f 5199 5007 2596
f 2731 2632 2597
f 2597 2699 2766
f 2766 2731 2597
f 2733 2633 2598
f 2598 2683 9562
f 9562 2733 2598
f 4268 2646 2599
f 2599 2646 6105
f 4814 4268 2599
f 2600 2707 2736
f 2600 2736 9741
f 2708 2621 2601
f 2601 2621 6436
f 2737 2708 2601
f 10244 2737 2601
f 2602 2622 2709
f 2602 2709 2821
f 2821 2738 2602
f 11647 2739 2603
f 2603 2739 11873
f 2603 10197 11795
f 11795 11647 2603
f 2603 11873 11898
f 2604 2695 2833
f 2833 2716 2604
f 2605 2632 8060
f 2717 2643 2605
f 8060 2717 2605
f 2606 2818 11730
f 11924 2818 2606
f 2606 11799 11924
f 2607 2718 6556
f 10481 2718 2607
f 2608 2853 6054
f 2608 2947 5801
f 6054 2947 2608
f 2608 5801 6093
f 2703 2647 2609
f 2719 2703 2609
f 6772 2719 2609
f 2609 4452 6772
f 2610 2704 2782
f 9730 2704 2610
f 2782 2720 2610
f 2610 2720 8493
f 2610 8493 8929
f 2610 8929 11699
f 2783 2649 2611
f 2611 2721 2783
f 9696 2721 2611
f 2612 2705 2722
f 2612 2722 9998
f 8655 6692 2612
f 9998 8655 2612
f 2613 2635 5299
f 6016 2635 2613
f 2613 2636 6016
f 9734 2636 2613
f 2613 5299 9734
f 2723 2618 2614
f 9260 2723 2614
f 9398 9260 2614
f 6193 2724 2615
f 2615 2724 9154
f 2615 5969 8575
f 9154 5969 2615
f 2725 2634 2616
f 4941 2725 2616
f 5037 4941 2616
f 2617 2619 2726
f 2617 2726 8114
f 2617 8114 8957
f 2689 2655 2618
f 2723 2689 2618
f 2619 2672 2690
f 11239 2672 2619
f 2619 2690 2726
f 2620 2678 2707
f 11898 2710 2623
f 2624 2691 2701
f 6670 2691 2624
f 2624 2701 11098
f 11098 6193 2624
f 2625 2658 2801
f 2801 2758 2625
f 2802 2659 2626
f 2626 2759 2802
f 2627 2660 2803
f 2760 2713 2627
f 2803 2760 2627
f 2804 2661 2628
f 2628 2761 2804
f 2629 2651 2727
f 2727 2666 2629
f 2630 2667 2728
f 2728 2670 2630
f 2764 2653 2631
f 2631 2669 2764
f 2632 2731 11802
f 11802 8060 2632
f 2633 2733 10481
f 2702 2692 2634
f 2634 2692 4243
f 2725 2702 2634
f 2635 2715 5299
f 7655 2715 2635
f 2635 6016 7655
f 2636 2657 9273
f 12023 2657 2636
f 7024 6016 2636
f 9273 7024 2636
f 2636 9734 12023
f 2785 2695 2637
f 9741 2785 2637
f 2638 2786 10213
f 10258 2786 2638
f 2639 2738 2787
f 2639 2787 10365
f 10365 10233 2639
f 2640 2698 2788
f 2640 2788 11657
f 11657 11647 2640
f 2641 2648 9800
f 2834 2696 2643
f 2643 2717 2834
f 7939 2770 2644
f 2644 2770 11490
f 8015 7939 2644
f 10205 8015 2644
f 11490 8393 2644
f 2645 2852 5293
f 7434 2852 2645
f 2645 5293 6627
f 7298 5757 2645
f 2645 6627 6837
f 2645 6837 7298
f 2646 2772 9311
f 9322 2772 2646
f 2646 4242 6105
f 9311 4242 2646
f 2648 2704 9730
f 2648 9730 9800
f 2651 2693 2777
f 2777 2727 2651
f 2763 2668 2652
f 2652 2671 2763
f 2780 2694 2653
f 2653 2764 2780
f 4197 2842 2654
f 2654 2842 5217
f 4223 4197 2654
f 2654 5217 5724
f 2655 2689 2734
f 2655 2734 8080
f 2655 8080 9170
f 2735 2672 2656
f 2656 2672 11239
f 8795 2735 2656
f 2656 6632 8795
f 2657 2729 5582
f 12066 2729 2657
f 2657 5582 9273
f 2657 12023 12066
f 2658 2781 2801
f 2782 2704 2659
f 2802 2782 2659
f 2660 2783 2803
f 2889 2784 2661
f 2661 2804 2889
f 2662 2673 2823
f 2812 2678 2662
f 2823 2812 2662
f 2824 2674 2663
f 2663 2679 2824
f 2664 2675 2825
f 2825 2814 2664
f 2826 2676 2665
f 2665 2680 2815
f 2665 2815 2826
f 2666 2727 2755
f 2666 2755 9515
f 9515 9340 2666
f 2794 2728 2667
f 2667 2756 2794
f 11629 2756 2667
f 2667 10415 11629
f 2668 2763 2795
f 2795 2791 2668
f 2668 2791 8541
f 2669 2757 2796
f 4914 2757 2669
f 2796 2764 2669
f 5007 4914 2669
f 2798 2699 2670
f 2670 2728 2778
f 2670 2778 2798
f 2671 2700 2799
f 2779 2763 2671
f 2799 2779 2671
f 2741 2690 2672
f 2672 2735 2741
f 2673 2711 2837
f 2837 2823 2673
f 2838 2712 2674
f 2674 2824 2838
f 2675 2713 2868
f 2839 2825 2675
f 2868 2839 2675
f 2869 2714 2676
f 2676 2826 2840
f 2676 2840 2869
f 2677 2768 5078
f 6695 2768 2677
f 4967 3056 2677
f 2677 3056 6398
f 2677 4481 4967
f 5230 4481 2677
f 2677 5078 5230
f 2677 6398 6695
f 2820 2707 2678
f 2678 2812 2820
f 2679 2708 2926
f 2679 2813 2824
f 2926 2813 2679
f 2680 2710 2815
f 2827 2797 2681
f 2681 2797 11633
f 2681 2805 2827
f 11273 2805 2681
f 2767 2700 2682
f 2682 2732 2767
f 2683 2800 2828
f 11634 2800 2683
f 2683 2828 9562
f 9055 5571 2684
f 2684 5571 11023
f 2684 6100 9055
f 9280 6100 2684
f 2742 2686 2685
f 2685 2686 2744
f 6096 2742 2685
f 2685 2744 4771
f 2685 4771 6096
f 2686 2742 2743
f 2686 2743 8739
f 2745 2744 2686
f 6302 2745 2686
f 8739 6302 2686
f 2746 2688 2687
f 2687 2688 2748
f 5792 2746 2687
f 2687 2748 5226
f 5226 4728 2687
f 2687 4728 5792
f 2688 2746 2747
f 2688 2747 5650
f 2749 2748 2688
f 8968 2749 2688
f 5650 5526 2688
f 2688 5526 8968
f 2689 2723 2773
f 2740 2734 2689
f 2773 2740 2689
f 2776 2726 2690
f 2690 2741 2776
f 2750 2701 2691
f 11755 2750 2691
f 2691 6670 11755
f 2692 2702 2751
f 2692 2751 5322
f 6708 4243 2692
f 2692 5322 6708
f 2797 2777 2693
f 11633 2797 2693
f 2694 2780 2800
f 2694 2800 11634
f 2695 2785 2921
f 2921 2833 2695
f 2696 2834 10258
f 2697 2765 11799
f 11976 2765 2697
f 11823 2835 2697
f 2697 2835 11976
f 2924 2788 2698
f 2698 2836 2924
f 6556 2836 2698
f 2798 2766 2699
f 2700 2767 2799
f 2774 2724 2701
f 2701 2724 11098
f 2701 2750 2752
f 2701 2752 2774
f 2702 2725 2775
f 2809 2751 2702
f 2702 2775 2809
f 2703 2719 2781
f 2784 2722 2705
f 4430 3023 2706
f 2706 3023 4967
f 2820 2736 2707
f 2708 2737 2926
f 2709 2814 2821
f 2822 2815 2710
f 11873 2822 2710
f 11898 11873 2710
f 2711 2758 2898
f 2866 2837 2711
f 2898 2866 2711
f 2899 2759 2712
f 2712 2838 2867
f 2712 2867 2899
f 2713 2760 2868
f 2901 2761 2714
f 2714 2869 2901
f 2715 2769 4253
f 7298 2769 2715
f 2715 4253 5299
f 7655 7298 2715
f 2816 2730 2716
f 2833 2816 2716
f 8060 2817 2717
f 2717 2817 9876
f 9876 2834 2717
f 2718 2819 2884
f 10481 2819 2718
f 2884 2836 2718
f 2718 2836 6556
f 2886 2781 2719
f 2719 2846 2886
f 6370 2846 2719
f 6772 6370 2719
f 2720 2782 11939
f 2720 2847 8426
f 11939 2847 2720
f 2720 8426 8493
f 11897 2783 2721
f 8145 2848 2721
f 2721 2848 11897
f 8331 8145 2721
f 9696 8331 2721
f 2722 2784 2849
f 2722 2849 9998
f 4454 2773 2723
f 9260 4454 2723
f 2724 2774 9154
f 2724 6193 11098
f 4941 2775 2725
f 2726 2776 8032
f 2726 8032 8114
f 2793 2755 2727
f 2727 2777 2793
f 2855 2778 2728
f 2728 2794 2855
f 2729 2844 6966
f 10063 2844 2729
f 6966 5582 2729
f 12066 10063 2729
f 2902 2805 2730
f 2730 2805 11273
f 2730 2816 2902
f 2731 2766 2859
f 2731 2859 11802
f 2860 2767 2732
f 11855 2860 2732
f 2732 10793 11855
f 11902 10793 2732
f 2733 2806 2819
f 9562 2806 2733
f 2733 2819 10481
f 2734 2740 2753
f 2734 2753 11475
f 2734 6026 8080
f 11475 6026 2734
f 2754 2741 2735
f 7906 2754 2735
f 8795 7906 2735
f 2736 2820 11857
f 2736 2878 9741
f 11857 2878 2736
f 10213 2879 2737
f 2737 2879 10521
f 10521 2926 2737
f 10244 10213 2737
f 2880 2787 2738
f 2738 2821 2880
f 11657 2881 2739
f 2739 2881 11964
f 2739 11647 11657
f 11958 11873 2739
f 11964 11958 2739
f 2752 2750 2740
f 2740 2750 2753
f 2808 2752 2740
f 2740 2773 2808
f 2754 2751 2741
f 2741 2751 2809
f 2809 2776 2741
f 2870 2743 2742
f 8548 2870 2742
f 2742 6096 8548
f 2743 2870 2871
f 2743 2871 9789
f 9789 8739 2743
f 2744 2745 2872
f 2744 2872 5039
f 5039 4771 2744
f 2873 2872 2745
f 5681 2873 2745
f 6302 5681 2745
f 2874 2747 2746
f 5792 2874 2746
f 2747 2874 2875
f 2747 2875 8617
f 8617 5650 2747
f 2748 2749 2876
f 2748 2876 5365
f 5365 5226 2748
f 2877 2876 2749
f 9088 2877 2749
f 2749 8968 9088
f 9685 2753 2750
f 11755 9685 2750
f 2751 2754 9695
f 9695 5322 2751
f 2808 2774 2752
f 9685 7956 2753
f 2753 7956 11475
f 2754 7906 9695
f 2829 2789 2755
f 2755 2789 9515
f 2755 2793 2829
f 2756 2790 2830
f 11636 2790 2756
f 2830 2794 2756
f 2756 11629 11636
f 2757 2792 2832
f 6472 2792 2757
f 2832 2796 2757
f 2757 4914 6472
f 2758 2801 2929
f 2929 2898 2758
f 2899 2802 2759
f 2760 2803 2931
f 2900 2868 2760
f 2931 2900 2760
f 2901 2804 2761
f 5657 2892 2762
f 2762 2892 6632
f 6632 6305 2762
f 2763 2779 2795
f 2857 2780 2764
f 2764 2796 2857
f 2765 2941 9365
f 11976 2941 2765
f 2765 9365 11924
f 11924 11799 2765
f 2766 2798 2863
f 2882 2859 2766
f 2766 2863 2882
f 2864 2799 2767
f 2767 2860 2895
f 2883 2864 2767
f 2895 2883 2767
f 2768 3023 4430
f 6585 3023 2768
f 2768 4430 5078
f 6695 6585 2768
f 2769 2909 6738
f 6837 2909 2769
f 10520 4253 2769
f 2769 6738 10520
f 7298 6837 2769
f 7809 2843 2770
f 2770 2843 10329
f 7939 7809 2770
f 2770 10329 11490
f 9736 5063 2771
f 5573 5080 2771
f 2771 5080 6652
f 2771 6652 9736
f 2772 2845 9311
f 9322 2845 2772
f 4450 2808 2773
f 4454 4450 2773
f 2774 2808 7718
f 2774 7718 9015
f 2774 9015 9154
f 8312 2809 2775
f 2775 4941 9691
f 9691 8312 2775
f 2776 2809 8315
f 8315 8032 2776
f 2854 2793 2777
f 2777 2797 2862
f 2862 2854 2777
f 2863 2798 2778
f 2778 2855 2863
f 2856 2795 2779
f 2779 2799 2856
f 2865 2800 2780
f 2780 2857 2865
f 2886 2801 2781
f 2782 2802 2887
f 2782 2887 11939
f 2888 2803 2783
f 11897 2888 2783
f 2889 2849 2784
f 9741 2878 2785
f 2785 2878 9848
f 9848 2921 2785
f 2786 2922 10098
f 10258 2922 2786
f 2786 10098 10368
f 10368 10213 2786
f 2787 2880 9975
f 9975 2923 2787
f 2787 2923 11823
f 11823 10365 2787
f 2788 2924 9950
f 2788 9950 11848
f 11848 11657 2788
f 2829 2807 2789
f 2789 2807 5857
f 2789 5857 8436
f 2789 8436 9515
f 2790 2807 2830
f 5857 2807 2790
f 11636 5857 2790
f 2791 2795 2831
f 2831 2810 2791
f 2791 2810 10785
f 10785 8541 2791
f 2792 2810 2832
f 7943 2810 2792
f 2792 6472 7943
f 2854 2829 2793
f 2794 2830 2855
f 2856 2831 2795
f 2796 2832 2857
f 2797 2827 2862
f 2864 2856 2799
f 2865 2828 2800
f 2801 2886 2954
f 2954 2929 2801
f 2930 2887 2802
f 2802 2899 2930
f 2803 2888 2931
f 2932 2889 2804
f 2804 2901 2932
f 2858 2827 2805
f 2902 2858 2805
f 2905 2819 2806
f 2806 2828 2861
f 9562 2828 2806
f 2806 2861 2905
f 2807 2829 2850
f 2850 2830 2807
f 2808 4450 7718
f 2809 8312 8315
f 2810 2831 2851
f 2851 2832 2810
f 2810 7943 10785
f 6748 2841 2811
f 2811 2897 6776
f 11032 2897 2811
f 6776 6748 2811
f 2934 2820 2812
f 2812 2823 2948
f 2948 2934 2812
f 2949 2824 2813
f 2813 2926 2935
f 2813 2935 2949
f 2936 2821 2814
f 2814 2825 12019
f 12019 2936 2814
f 2815 2822 2937
f 2951 2826 2815
f 2815 2937 2951
f 2816 2833 2939
f 6516 2902 2816
f 2816 2939 3000
f 2816 3000 6516
f 2817 2903 9876
f 11802 2903 2817
f 2817 8060 11802
f 9365 2904 2818
f 2818 2904 11855
f 11924 9365 2818
f 11855 10793 2818
f 2818 10793 11902
f 11902 11730 2818
f 2905 2884 2819
f 2934 2925 2820
f 2820 2925 11857
f 2927 2880 2821
f 2936 2927 2821
f 2822 2928 2937
f 11964 2928 2822
f 2822 11873 11958
f 2822 11958 11964
f 2823 2837 2961
f 2961 2948 2823
f 2949 2838 2824
f 2825 2839 12019
f 2951 2840 2826
f 2827 2858 2893
f 2910 2862 2827
f 2893 2890 2827
f 2827 2890 2910
f 2896 2861 2828
f 2828 2865 2912
f 2828 2891 2896
f 2912 2891 2828
f 2917 2850 2829
f 2829 2854 2906
f 2829 2906 2917
f 2830 2850 2907
f 2907 2855 2830
f 2918 2851 2831
f 2831 2856 2916
f 2831 2916 2918
f 2832 2851 2918
f 2908 2857 2832
f 2918 2908 2832
f 2833 2921 2939
f 2940 2922 2834
f 2834 2922 10258
f 9876 2940 2834
f 2835 2923 11666
f 11823 2923 2835
f 11666 2941 2835
f 2835 2941 11976
f 2836 2884 2942
f 10009 2924 2836
f 2836 2942 10009
f 2837 2866 2961
f 2978 2867 2838
f 2838 2949 2962
f 2838 2962 2978
f 2839 2868 10001
f 10001 2963 2839
f 2839 2963 12019
f 2964 2869 2840
f 2840 2951 2964
f 2841 2885 8008
f 10067 2885 2841
f 2841 6748 10067
f 2842 3152 4207
f 4218 3152 2842
f 2842 4197 4218
f 2842 4207 5217
f 9746 2943 2843
f 2843 2943 10768
f 2843 7809 9746
f 10768 10329 2843
f 2844 2915 7622
f 9797 2915 2844
f 7622 6966 2844
f 10063 9797 2844
f 2845 2933 6717
f 8494 2933 2845
f 2845 6717 8648
f 9322 8494 2845
f 2845 8648 9311
f 2954 2886 2846
f 2957 2954 2846
f 6370 2957 2846
f 2847 2958 9838
f 12006 2958 2847
f 9838 8426 2847
f 2847 11939 12006
f 2848 2888 11897
f 11915 2888 2848
f 8608 2959 2848
f 2848 2959 11915
f 2848 8145 8248
f 2848 8248 8608
f 2849 2889 2956
f 2849 2956 2960
f 2849 2960 6543
f 6543 6265 2849
f 2849 6265 9998
f 2917 2907 2850
f 5373 5293 2852
f 5745 5373 2852
f 7156 5745 2852
f 7681 7156 2852
f 2852 7434 7681
f 5807 3093 2853
f 2853 3093 6257
f 2853 5063 5807
f 6257 6054 2853
f 2854 2862 2906
f 2911 2863 2855
f 2855 2907 2911
f 2856 2864 2916
f 2908 2865 2857
f 2969 2893 2858
f 2858 2902 2969
f 2859 2882 2894
f 2859 2894 2970
f 2945 2903 2859
f 2859 2903 11802
f 2970 2945 2859
f 2971 2895 2860
f 2860 2946 2971
f 11855 2946 2860
f 2861 2896 2972
f 2972 2905 2861
f 2910 2906 2862
f 2911 2882 2863
f 2864 2883 2916
f 2865 2908 2912
f 2866 2898 2990
f 2977 2961 2866
f 2990 2977 2866
f 2978 2899 2867
f 2868 2900 10001
f 2993 2901 2869
f 2869 2964 2980
f 2869 2980 2993
f 3004 2871 2870
f 6884 3004 2870
f 8548 6884 2870
f 2871 3004 3005
f 2871 3005 9028
f 2871 9028 9789
f 2872 2873 3006
f 2872 3006 7110
f 7110 5039 2872
f 3007 3006 2873
f 5812 3007 2873
f 2873 5681 5812
f 3008 2875 2874
f 4800 3008 2874
f 5792 4800 2874
f 2875 3008 3009
f 2875 3009 8033
f 8033 5743 2875
f 2875 5743 8617
f 2876 2877 3010
f 2876 3010 8237
f 8237 5365 2876
f 3011 3010 2877
f 7342 3011 2877
f 9088 7342 2877
f 2878 2965 9848
f 11857 2965 2878
f 10368 2966 2879
f 2879 2966 10521
f 2879 10213 10368
f 2880 2927 2967
f 2880 2967 9975
f 9950 2968 2881
f 2881 2968 11964
f 11848 9950 2881
f 2881 11657 11848
f 2882 2890 2894
f 2911 2890 2882
f 2895 2891 2883
f 2883 2891 2920
f 2920 2916 2883
f 2884 2905 9607
f 9607 2942 2884
f 4276 2953 2885
f 2885 2953 10725
f 10067 4276 2885
f 10725 8008 2885
f 2887 2930 12008
f 12006 11939 2887
f 12008 12006 2887
f 2955 2931 2888
f 11915 2955 2888
f 2889 2932 2956
f 2890 2893 2913
f 2913 2894 2890
f 2919 2910 2890
f 2890 2911 2919
f 2891 2895 2914
f 2914 2896 2891
f 2891 2912 2920
f 5653 2976 2892
f 2892 2976 8795
f 5657 5653 2892
f 8795 6632 2892
f 2969 2913 2893
f 2894 2913 2970
f 2971 2914 2895
f 2896 2914 2972
f 5801 2938 2897
f 2897 2938 10697
f 11032 5801 2897
f 10697 6776 2897
f 2898 2929 3018
f 3018 2990 2898
f 2991 2930 2899
f 2899 2978 2991
f 2900 2931 3020
f 2992 2979 2900
f 2900 2979 10001
f 3020 2992 2900
f 3021 2932 2901
f 2901 2993 3021
f 6516 2969 2902
f 2945 2944 2903
f 2903 2944 9876
f 11716 2946 2904
f 2904 2946 11855
f 9365 3002 2904
f 2904 3002 11716
f 2905 2972 11891
f 11891 9607 2905
f 2906 2910 2919
f 2919 2917 2906
f 2917 2911 2907
f 2920 2912 2908
f 2908 2918 2920
f 2909 2952 6738
f 6837 2952 2909
f 2911 2917 2919
f 2913 2969 2974
f 2974 2970 2913
f 2914 2971 8573
f 8573 2972 2914
f 2915 2983 8657
f 11172 2983 2915
f 8657 7622 2915
f 2915 9797 11172
f 2920 2918 2916
f 2996 2939 2921
f 9848 2996 2921
f 2922 2940 8136
f 8136 2997 2922
f 2922 2997 10098
f 9975 2998 2923
f 2923 2998 11666
f 2924 2999 9950
f 10009 2999 2924
f 2925 2934 2985
f 2925 2985 11966
f 11966 11857 2925
f 2986 2935 2926
f 10521 2986 2926
f 2927 2936 2987
f 2987 2967 2927
f 2988 2937 2928
f 11964 2988 2928
f 2929 2954 3018
f 2930 2991 3019
f 2930 3019 3027
f 2930 3027 12008
f 2931 2955 3020
f 3021 2956 2932
f 2933 2982 6717
f 11679 2982 2933
f 9620 7940 2933
f 2933 7940 11679
f 2933 8494 9620
f 2934 2948 3030
f 3030 2985 2934
f 3031 2949 2935
f 2935 2986 3031
f 2936 2950 3032
f 12019 2950 2936
f 3014 2987 2936
f 3032 3014 2936
f 3033 2951 2937
f 2937 2988 3015
f 2937 3015 3033
f 5801 2973 2938
f 2938 2973 10697
f 2939 2996 3064
f 3064 3000 2939
f 2940 2944 3001
f 9876 2944 2940
f 2940 3001 8136
f 2941 3002 9365
f 11065 3002 2941
f 11666 11065 2941
f 9607 3003 2942
f 2942 3003 10009
f 5376 2995 2943
f 2943 2995 8626
f 9746 5376 2943
f 2943 8626 10768
f 2944 2945 11882
f 3049 3001 2944
f 11882 3049 2944
f 2945 2970 3017
f 2945 3017 11882
f 7888 2971 2946
f 11716 7888 2946
f 8764 5801 2947
f 2947 6054 6257
f 2947 6257 7190
f 2947 7190 8764
f 2948 2961 3059
f 3059 3030 2948
f 3060 2962 2949
f 2949 3031 3060
f 2950 2963 3061
f 12019 2963 2950
f 3061 3032 2950
f 3033 2964 2951
f 7878 2981 2952
f 2952 2981 10440
f 10440 6738 2952
f 2952 6837 7878
f 7840 3034 2953
f 2953 3034 8290
f 2953 4276 7840
f 2953 8290 10725
f 2954 2957 3057
f 3026 3018 2954
f 3057 3026 2954
f 3028 3020 2955
f 11992 3028 2955
f 2955 11915 11997
f 11997 11992 2955
f 3029 2960 2956
f 2956 3021 3029
f 5378 3057 2957
f 6244 5378 2957
f 6370 6244 2957
f 2958 3012 3036
f 12011 3012 2958
f 2958 3036 9838
f 2958 12006 12011
f 3041 3013 2959
f 2959 3013 11997
f 8608 3041 2959
f 11997 11915 2959
f 2960 3029 3058
f 2960 3058 7796
f 7796 6543 2960
f 2961 2977 11996
f 11996 3059 2961
f 3060 2978 2962
f 2963 2979 3061
f 10001 2979 2963
f 3062 2980 2964
f 2964 3033 3062
f 2965 3043 9848
f 11948 3043 2965
f 2965 11857 11966
f 11966 11948 2965
f 3053 2986 2966
f 2966 2986 10521
f 2966 3044 3053
f 10098 3044 2966
f 10368 10098 2966
f 2967 2987 3054
f 3054 3045 2967
f 2967 3045 9975
f 3046 2988 2968
f 2968 2988 11964
f 10317 3046 2968
f 2968 9950 10317
f 9813 2974 2969
f 2969 6516 11587
f 11587 9813 2969
f 2970 2974 3017
f 7888 2975 2971
f 2971 2975 8573
f 8573 2975 2972
f 2972 2975 9573
f 2972 9573 11891
f 8764 3081 2973
f 2973 3081 10337
f 2973 5801 8764
f 10337 7927 2973
f 2973 7927 10697
f 9813 3017 2974
f 3077 3022 2975
f 2975 3022 9573
f 7888 3077 2975
f 5653 3109 2976
f 2976 3109 7906
f 2976 7906 8795
f 2977 2990 10083
f 2977 10083 11996
f 3072 2991 2978
f 2978 3060 3072
f 2979 2992 3088
f 3073 3061 2979
f 3088 3073 2979
f 3089 2993 2980
f 2980 3062 3074
f 2980 3074 3089
f 5410 3024 2981
f 2981 3024 10058
f 7878 5410 2981
f 2981 10058 10440
f 2982 2994 10054
f 10131 2994 2982
f 10054 6717 2982
f 11679 10131 2982
f 2983 3016 8454
f 11172 3016 2983
f 2983 8454 8657
f 3051 3003 2984
f 2984 3003 9607
f 3078 3051 2984
f 9573 3078 2984
f 11891 9573 2984
f 2984 9607 11891
f 2985 3030 3079
f 3079 3052 2985
f 2985 3052 11948
f 2985 11948 11966
f 3053 3031 2986
f 2987 3014 3054
f 3055 3015 2988
f 2988 3046 3055
f 2989 6714 7156
f 8626 6714 2989
f 2989 7156 7681
f 2989 7681 10329
f 10768 8626 2989
f 2989 10329 10768
f 2990 3018 9934
f 2990 9934 10083
f 3099 3019 2991
f 2991 3072 3087
f 2991 3087 3099
f 2992 3020 3100
f 3100 3088 2992
f 3089 3021 2993
f 2994 2995 6719
f 10131 2995 2994
f 2994 6719 10054
f 2995 5376 6719
f 10131 8626 2995
f 9848 3043 2996
f 2996 3043 9971
f 9971 3064 2996
f 2997 3044 10098
f 11729 3044 2997
f 8136 3065 2997
f 2997 3065 11729
f 2998 3045 3066
f 9975 3045 2998
f 2998 3066 11666
f 10009 3067 2999
f 2999 3067 10317
f 10317 9950 2999
f 3000 3048 6516
f 9722 3048 3000
f 3000 3064 9722
f 3001 3049 11723
f 8252 8136 3001
f 8468 8252 3001
f 11723 8468 3001
f 3120 3050 3002
f 3002 3050 11716
f 11065 3120 3002
f 3003 3051 10226
f 10226 10009 3003
f 3160 3005 3004
f 8476 3160 3004
f 3004 6884 8476
f 3005 3160 3161
f 3005 3161 7543
f 7543 7083 3005
f 3005 7083 9028
f 3006 3007 3162
f 3006 3162 5222
f 3006 5222 7110
f 3163 3162 3007
f 5954 3163 3007
f 3007 5812 5954
f 3164 3009 3008
f 6471 3164 3008
f 3008 4800 6471
f 3009 3164 3165
f 3009 3165 6133
f 3009 6133 8033
f 3010 3011 3166
f 3010 3166 7306
f 3010 7306 8237
f 3167 3166 3011
f 9255 3167 3011
f 3011 7342 9255
f 3122 3036 3012
f 3149 3122 3012
f 12011 3149 3012
f 3013 3041 3123
f 3013 3123 3150
f 3013 3150 11985
f 3013 11985 11992
f 3013 11992 11997
f 3014 3032 3113
f 3113 3054 3014
f 12010 3033 3015
f 3015 3055 3114
f 3015 3114 12010
f 5395 3047 3016
f 3016 3047 7667
f 3016 4617 5395
f 11172 4617 3016
f 3016 7667 8454
f 3076 3049 3017
f 3017 3049 11882
f 3084 3076 3017
f 9813 3084 3017
f 3018 3026 3107
f 3107 3098 3018
f 3018 3098 9934
f 12002 3027 3019
f 3019 3099 12002
f 3020 3028 3100
f 3101 3029 3021
f 3021 3089 3101
f 3022 3077 3085
f 3022 3078 9573
f 10230 3078 3022
f 3022 3085 10230
f 4812 3056 3023
f 3023 3056 4967
f 6585 4812 3023
f 3024 3047 4281
f 5410 3047 3024
f 3024 4281 10058
f 3025 3092 4887
f 9330 3092 3025
f 3025 3256 6585
f 7045 3256 3025
f 3025 4887 7045
f 3025 6585 9330
f 3026 3057 3148
f 3148 3107 3026
f 3027 12002 12011
f 12011 12008 3027
f 3108 3100 3028
f 11985 3108 3028
f 11992 11985 3028
f 3151 3058 3029
f 3029 3101 3181
f 3181 3151 3029
f 3030 3059 3126
f 3111 3079 3030
f 3126 3111 3030
f 3031 3053 3112
f 3127 3060 3031
f 3031 3112 3127
f 3032 3061 3128
f 3128 3113 3032
f 3129 3062 3033
f 12010 3129 3033
f 3034 3070 3091
f 11042 3070 3034
f 3034 3091 8290
f 3034 7840 11042
f 6319 3115 3035
f 3035 3115 6761
f 7825 5326 3035
f 3035 5326 9033
f 6761 6015 3035
f 3035 6015 7825
f 8372 6319 3035
f 9285 8372 3035
f 3035 9033 9285
f 3036 3122 11978
f 3036 8372 9285
f 11978 8372 3036
f 3036 9285 9838
f 5407 3038 3037
f 3037 3038 6799
f 3037 3039 5405
f 6800 3039 3037
f 3037 5405 7152
f 7152 5407 3037
f 3037 6799 6800
f 5409 3040 3038
f 3038 3040 7847
f 5407 5402 3038
f 3038 5402 5409
f 7846 6799 3038
f 7847 7846 3038
f 3039 3040 5411
f 6800 3040 3039
f 5411 5405 3039
f 4283 3965 3040
f 3040 3965 5411
f 5409 4283 3040
f 3040 6800 7847
f 11913 3123 3041
f 3041 8608 9245
f 3041 9245 11076
f 3041 11076 11913
f 3042 3116 4140
f 5882 3116 3042
f 3042 4140 9245
f 6674 5882 3042
f 8248 6674 3042
f 9245 8248 3042
f 3043 3094 9971
f 11954 3094 3043
f 3043 11948 11954
f 3095 3053 3044
f 11729 3095 3044
f 3045 3054 3096
f 3096 3066 3045
f 9643 3055 3046
f 3046 3097 9643
f 10317 3097 3046
f 5395 4281 3047
f 3047 5410 7667
f 9722 3075 3048
f 3048 3075 11587
f 11587 6516 3048
f 3049 3076 11723
f 9833 3077 3050
f 3050 3077 11716
f 3050 3120 9833
f 3051 3078 10230
f 3051 3121 10226
f 10230 3121 3051
f 3052 3079 3130
f 3130 3103 3052
f 3052 3103 11954
f 11954 11948 3052
f 3053 3095 3104
f 3053 3104 3131
f 3131 3112 3053
f 3105 3096 3054
f 3132 3105 3054
f 3054 3113 3132
f 3055 3106 3133
f 9643 3106 3055
f 3133 3114 3055
f 4812 4508 3056
f 3056 4508 6398
f 5378 3148 3057
f 3058 3151 7796
f 3059 3071 3126
f 11996 3071 3059
f 3127 3072 3060
f 3061 3073 3128
f 3129 3074 3062
f 9727 3069 3063
f 3063 3069 11824
f 5423 3082 3063
f 3063 3082 9766
f 11824 5423 3063
f 9766 9727 3063
f 3064 3118 9722
f 9971 3118 3064
f 8252 3119 3065
f 3065 3119 11825
f 3065 8136 8252
f 11825 11729 3065
f 3066 3096 3141
f 3141 3120 3066
f 3066 3120 11065
f 3066 11065 11666
f 3067 3121 9936
f 10226 3121 3067
f 3067 9936 11770
f 3067 10009 10226
f 11770 10317 3067
f 3068 3110 4553
f 5520 3110 3068
f 3068 4047 4378
f 4553 4047 3068
f 3068 4378 5293
f 3068 5293 5520
f 9881 3083 3069
f 3069 3083 11824
f 3069 9727 9881
f 3125 3091 3070
f 6247 3125 3070
f 11042 6247 3070
f 3071 3086 3185
f 10083 3086 3071
f 3168 3126 3071
f 3185 3168 3071
f 11996 10083 3071
f 3169 3087 3072
f 3072 3127 3169
f 3073 3088 3187
f 3170 3128 3073
f 3187 3170 3073
f 3188 3089 3074
f 3074 3129 3171
f 3074 3171 3188
f 3075 3084 9813
f 11838 3084 3075
f 3075 9722 11838
f 3075 9813 11587
f 3076 3084 11826
f 11826 11723 3076
f 9833 3085 3077
f 3077 7888 11716
f 3079 3111 3130
f 7533 7099 3080
f 3080 7099 9772
f 9298 7533 3080
f 8657 8454 3080
f 3080 8454 9298
f 9772 8657 3080
f 8100 3117 3081
f 3081 3117 11005
f 8764 8100 3081
f 11005 10337 3081
f 5423 3153 3082
f 3082 3153 8365
f 3082 8365 11107
f 11107 9766 3082
f 9541 3154 3083
f 3083 3154 11824
f 9881 9541 3083
f 11832 11826 3084
f 11838 11832 3084
f 3085 3146 3159
f 9833 3146 3085
f 3159 3147 3085
f 3085 3147 10230
f 3086 3098 3195
f 9934 3098 3086
f 3195 3185 3086
f 10083 9934 3086
f 3196 3099 3087
f 3087 3169 3186
f 3087 3186 3196
f 3088 3100 3197
f 3197 3187 3088
f 3188 3101 3089
f 3090 3092 9330
f 12033 3092 3090
f 3090 3102 6153
f 10304 3102 3090
f 3090 6153 12033
f 3090 9330 10304
f 3091 3125 5626
f 3091 5626 9302
f 6842 6100 3091
f 3091 6100 8290
f 6945 6842 3091
f 9302 6945 3091
f 3092 3124 4887
f 12033 3124 3092
f 3093 3138 3157
f 3172 3138 3093
f 3093 3157 6257
f 3208 3172 3093
f 5714 3208 3093
f 5807 5714 3093
f 3094 3103 3139
f 11954 3103 3094
f 3094 3139 9971
f 10537 3104 3095
f 3095 3140 10537
f 11729 3140 3095
f 3096 3105 3135
f 3096 3135 3141
f 3097 3142 9643
f 9936 3142 3097
f 11770 9936 3097
f 3097 10317 11770
f 3098 3107 3178
f 3098 3178 3195
f 3196 3179 3099
f 3099 3179 12002
f 3100 3108 3197
f 3198 3181 3101
f 3101 3188 3198
f 3102 3182 5835
f 10304 3182 3102
f 3102 5835 7875
f 9461 6153 3102
f 3102 7875 9461
f 3103 3130 3210
f 3103 3134 3139
f 3210 3134 3103
f 3211 3131 3104
f 3104 3174 3211
f 10537 3174 3104
f 3105 3132 3135
f 3212 3133 3106
f 3106 3136 3212
f 9826 3136 3106
f 3106 9643 9826
f 3107 3148 3242
f 3242 3178 3107
f 3108 3180 3197
f 11940 3180 3108
f 11985 11940 3108
f 4897 4533 3109
f 3109 4533 5329
f 6945 4897 3109
f 3109 5329 7906
f 3109 5653 6842
f 3109 6842 6945
f 3110 4055 4775
f 5520 4055 3110
f 8526 4553 3110
f 3110 4775 8526
f 3111 3126 3226
f 3200 3130 3111
f 3226 3200 3111
f 3227 3127 3112
f 3112 3131 3201
f 3112 3201 3227
f 3113 3128 3228
f 3202 3132 3113
f 3228 3202 3113
f 3229 3129 3114
f 3114 3129 12010
f 3114 3133 3203
f 3114 3203 3229
f 6319 3215 3115
f 3115 3215 6761
f 6831 3216 3116
f 3116 3216 7251
f 7251 4140 3116
f 3116 5882 6831
f 3117 3156 8184
f 10583 3156 3117
f 3117 8100 10583
f 3117 8184 11005
f 3118 3144 9722
f 9901 3144 3118
f 11762 9901 3118
f 3118 9971 11762
f 3119 3145 11825
f 11826 3145 3119
f 3119 8252 8468
f 3119 8468 11723
f 3119 11723 11826
f 3120 3141 10315
f 3120 3146 9833
f 10315 3146 3120
f 10230 3147 3121
f 3121 3147 10401
f 10401 9936 3121
f 3122 3149 3291
f 3122 3291 8472
f 3122 8472 11978
f 3218 3150 3123
f 6704 3218 3123
f 11913 6704 3123
f 3124 3137 3222
f 12033 3137 3124
f 3124 3222 4887
f 3125 3143 5626
f 10690 3143 3125
f 3125 6247 6527
f 3125 6527 10690
f 3126 3168 3226
f 3227 3169 3127
f 3128 3170 3228
f 3229 3171 3129
f 3130 3200 3246
f 3246 3210 3130
f 3247 3201 3131
f 3131 3211 3247
f 3231 3135 3132
f 3132 3202 3248
f 3248 3231 3132
f 3249 3203 3133
f 3133 3212 3249
f 3189 3139 3134
f 11881 3189 3134
f 3240 3193 3134
f 3134 3193 11881
f 3134 3210 3240
f 3191 3141 3135
f 3135 3175 3191
f 3231 3175 3135
f 3136 3176 3212
f 11979 3176 3136
f 3136 9826 11979
f 3137 3214 3222
f 6822 3214 3137
f 12033 6822 3137
f 5548 3157 3138
f 3138 3172 9352
f 7720 5548 3138
f 9352 7720 3138
f 3139 3189 11762
f 11762 9971 3139
f 3140 3190 10537
f 11704 3190 3140
f 11825 11704 3140
f 3140 11729 11825
f 3141 3191 10315
f 9936 3192 3142
f 3142 3192 11979
f 9826 9643 3142
f 11979 9826 3142
f 9887 3156 3143
f 3143 3156 10583
f 10583 5626 3143
f 10690 9887 3143
f 9901 3158 3144
f 3144 3158 11832
f 11838 9722 3144
f 3144 11832 11838
f 11826 3158 3145
f 3145 3158 11884
f 3145 11704 11825
f 11884 11704 3145
f 10517 3159 3146
f 3146 10315 10517
f 3147 3159 10517
f 10517 10401 3147
f 10544 3242 3148
f 3148 5378 10544
f 3149 3243 3291
f 11974 3243 3149
f 12011 11974 3149
f 3150 3218 3244
f 3150 3244 11940
f 3150 11940 11985
f 3151 3181 3245
f 3151 3245 7853
f 7822 7796 3151
f 7853 7822 3151
f 4069 3318 3152
f 3152 3318 5380
f 4218 4069 3152
f 5380 4207 3152
f 7687 3260 3153
f 3153 3260 8790
f 5423 4255 3153
f 3153 4255 7077
f 3153 7077 7687
f 8790 8365 3153
f 6118 3217 3154
f 3154 3217 7391
f 7391 4910 3154
f 3154 4910 11803
f 9541 6118 3154
f 3154 11803 11824
f 3155 3223 3225
f 7390 3223 3155
f 3155 3225 3274
f 3155 3274 11052
f 9736 7390 3155
f 3155 7856 9736
f 10137 7856 3155
f 10680 10137 3155
f 11052 10680 3155
f 9887 8184 3156
f 5548 3173 3157
f 3157 3173 6257
f 3158 9901 11884
f 3158 11826 11832
f 3371 3161 3160
f 4633 3371 3160
f 8476 4633 3160
f 3161 3371 3372
f 3161 3372 7543
f 3162 3163 3373
f 3162 3373 5133
f 3162 5133 5222
f 3374 3373 3163
f 6003 3374 3163
f 5954 5818 3163
f 3163 5818 6003
f 3375 3165 3164
f 6471 3375 3164
f 3165 3375 3376
f 3165 3376 7335
f 3165 5849 6133
f 7335 5849 3165
f 3166 3167 3377
f 3166 3377 4964
f 3166 4964 7306
f 3378 3377 3167
f 9205 3378 3167
f 9255 9205 3167
f 3168 3185 3265
f 3252 3226 3168
f 3265 3252 3168
f 3253 3186 3169
f 3169 3227 3253
f 3170 3187 3254
f 3254 3228 3170
f 3255 3188 3171
f 3171 3229 3255
f 3172 3208 9352
f 3173 3213 7339
f 8380 3213 3173
f 3173 5548 8380
f 7190 6257 3173
f 7339 7190 3173
f 3174 3190 3193
f 10537 3190 3174
f 3174 3193 3230
f 3230 3211 3174
f 11998 3191 3175
f 3231 3194 3175
f 3175 3194 11998
f 3176 3194 3241
f 11979 3194 3176
f 3232 3212 3176
f 3241 3232 3176
f 3177 3183 3207
f 6148 3183 3177
f 3177 3199 11766
f 11796 3199 3177
f 3207 3204 3177
f 3177 3204 11796
f 3177 6084 6148
f 11766 6084 3177
f 3261 3195 3178
f 3178 3237 3261
f 3339 3237 3178
f 3178 3242 3339
f 3179 3196 3262
f 3262 3238 3179
f 3179 3238 3340
f 3340 3243 3179
f 3179 3243 11974
f 3179 11974 12002
f 3263 3197 3180
f 3180 3244 3341
f 11940 3244 3180
f 3288 3263 3180
f 3341 3288 3180
f 3181 3198 3239
f 3181 3239 3245
f 4508 3270 3182
f 3182 3270 6818
f 4518 4508 3182
f 10304 4518 3182
f 8745 5835 3182
f 3182 6818 8745
f 3221 3207 3183
f 3183 3209 3221
f 6241 3209 3183
f 3183 6148 6241
f 6914 4400 3184
f 3184 4400 8895
f 5520 5373 3184
f 3184 5373 5745
f 11121 5520 3184
f 3184 5745 6914
f 3184 8895 11121
f 3185 3195 3265
f 3262 3196 3186
f 3186 3253 3266
f 3266 3262 3186
f 3187 3197 3263
f 3267 3254 3187
f 3187 3263 3267
f 3264 3198 3188
f 3188 3255 3268
f 3268 3264 3188
f 3189 3205 9901
f 11881 3205 3189
f 3189 9901 11762
f 11881 3193 3190
f 11704 3205 3190
f 3190 3205 11881
f 3191 3206 10315
f 11998 3206 3191
f 10401 3206 3192
f 3192 3206 11979
f 3192 9936 10401
f 3240 3230 3193
f 3194 3231 3241
f 3194 11979 11998
f 3195 3261 3265
f 3264 3239 3198
f 3199 3236 3269
f 11796 3236 3199
f 3199 3269 6020
f 3199 6020 11766
f 3200 3226 3294
f 3294 3246 3200
f 3247 3227 3201
f 3202 3228 3296
f 3296 3248 3202
f 3297 3229 3203
f 3203 3249 3297
f 3204 3207 11466
f 11466 3219 3204
f 3204 3219 11796
f 11884 9901 3205
f 3205 11704 11884
f 10517 10315 3206
f 3206 10401 10517
f 11998 11979 3206
f 3207 3221 3235
f 3207 3235 11466
f 3208 3275 5428
f 9153 3275 3208
f 3208 5428 9352
f 3208 5714 9153
f 11780 3221 3209
f 6241 3233 3209
f 3209 3233 11780
f 3282 3240 3210
f 3210 3246 3282
f 3211 3230 3283
f 3283 3247 3211
f 3212 3232 3249
f 3213 3277 7339
f 7897 3277 3213
f 9283 7897 3213
f 3213 8380 9283
f 6647 3222 3214
f 4305 3276 3214
f 3214 3276 6647
f 8710 4305 3214
f 3214 6822 8710
f 4290 3290 3215
f 3215 3290 5463
f 6319 4290 3215
f 3215 5463 6761
f 7250 3293 3216
f 3216 3293 7251
f 3216 6831 7250
f 3217 3321 7413
f 10641 3321 3217
f 3217 6118 10641
f 7413 7391 3217
f 3292 3244 3218
f 5414 3292 3218
f 6704 5414 3218
f 11643 3236 3219
f 3219 3236 11796
f 3219 11466 11643
f 3220 4993 6914
f 7229 4993 3220
f 6914 6714 3220
f 3220 6714 8626
f 9299 7229 3220
f 3220 8626 10131
f 10131 9299 3220
f 3257 3235 3221
f 3221 3250 3257
f 11780 3250 3221
f 9027 4887 3222
f 6647 5301 3222
f 3222 5301 8400
f 3222 8400 9027
f 7390 3224 3223
f 3223 3224 8610
f 11775 3225 3223
f 3223 8610 11775
f 4152 3273 3224
f 3224 3273 5502
f 7390 4152 3224
f 3224 5502 8610
f 11775 3274 3225
f 3226 3252 3310
f 3310 3294 3226
f 3227 3247 3295
f 3311 3253 3227
f 3227 3295 3311
f 3228 3254 3296
f 3297 3255 3229
f 3230 3240 3302
f 3302 3283 3230
f 3284 3241 3231
f 3231 3248 3284
f 3232 3241 3285
f 3285 3249 3232
f 3233 6241 11814
f 8790 6397 3233
f 3233 6397 11812
f 11814 8790 3233
f 11812 11780 3233
f 11466 3235 3234
f 3234 3235 11889
f 3234 3251 11643
f 11911 3251 3234
f 11643 11466 3234
f 3234 11889 11911
f 3235 3257 11889
f 3281 3269 3236
f 3236 3280 3281
f 11643 3280 3236
f 3286 3261 3237
f 3405 3286 3237
f 3237 3339 3405
f 3238 3262 3323
f 3323 3287 3238
f 3238 3287 3340
f 3342 3245 3239
f 3239 3264 3289
f 3239 3289 11936
f 11936 3342 3239
f 3240 3282 3302
f 3241 3284 3303
f 3303 3285 3241
f 9769 3339 3242
f 3242 9754 9769
f 10544 9754 3242
f 3340 3291 3243
f 3244 3292 3341
f 3245 3342 7853
f 3335 3282 3246
f 3246 3294 3335
f 3247 3283 3336
f 3336 3295 3247
f 3337 3284 3248
f 3248 3296 3337
f 3249 3285 12007
f 12007 3297 3249
f 3298 3257 3250
f 3345 3298 3250
f 3250 3301 3345
f 11780 3301 3250
f 11304 3280 3251
f 3251 3280 11643
f 11911 11304 3251
f 3252 3265 3329
f 3329 3310 3252
f 3311 3266 3253
f 3254 3267 12020
f 3312 3296 3254
f 12020 3312 3254
f 3313 3268 3255
f 3255 3297 3313
f 3256 4508 4812
f 6849 4508 3256
f 3256 4812 6585
f 6930 6849 3256
f 7045 6930 3256
f 3257 3298 10973
f 3257 10973 11889
f 7469 3271 3258
f 3258 3271 9592
f 5842 3278 3258
f 3258 3278 7662
f 9592 5842 3258
f 7662 7469 3258
f 3259 3272 8539
f 11100 3272 3259
f 8539 3279 3259
f 3259 3279 11100
f 7485 3320 3260
f 3260 3320 7800
f 7687 7485 3260
f 3260 7800 7826
f 3260 7826 8790
f 3329 3265 3261
f 3261 3286 3322
f 3261 3322 3329
f 3262 3266 3330
f 3330 3323 3262
f 12020 3267 3263
f 3263 3288 3324
f 3263 3324 12020
f 3264 3268 3325
f 3325 3289 3264
f 3266 3311 3330
f 3268 3313 3332
f 3332 3325 3268
f 3269 3281 3349
f 3349 3319 3269
f 3269 3319 6020
f 5436 3309 3270
f 3270 3309 6818
f 3270 3369 5436
f 9514 3369 3270
f 3270 4508 9514
f 3271 3299 5681
f 7113 3299 3271
f 3271 5681 9592
f 7469 7113 3271
f 5743 3300 3272
f 3272 3300 9049
f 3272 5650 5743
f 11100 5650 3272
f 9049 8539 3272
f 4152 3305 3273
f 3273 3305 4304
f 3273 4304 5502
f 3274 3306 11052
f 11386 3306 3274
f 11775 11386 3274
f 7051 3353 3275
f 3275 3353 7493
f 7493 5428 3275
f 9153 7051 3275
f 3276 3304 7023
f 12035 3304 3276
f 3276 4305 12035
f 3276 5301 6647
f 7023 5301 3276
f 3277 4299 6706
f 7897 4299 3277
f 3277 6706 7339
f 3278 3307 9368
f 9732 3307 3278
f 3278 5842 9732
f 9368 7662 3278
f 7515 3308 3279
f 3279 3308 9991
f 8377 7515 3279
f 8539 8377 3279
f 3279 9991 11100
f 3326 3281 3280
f 11304 3326 3280
f 3281 3326 3349
f 3335 3302 3282
f 3283 3302 3336
f 3351 3303 3284
f 3284 3337 3351
f 3285 3303 3338
f 3285 3338 12007
f 3286 3314 3365
f 3427 3314 3286
f 3365 3322 3286
f 3286 3405 3427
f 3343 3315 3287
f 3287 3315 3428
f 3287 3323 3343
f 3406 3340 3287
f 3428 3406 3287
f 3288 3316 3367
f 3429 3316 3288
f 3367 3324 3288
f 3288 3341 3407
f 3288 3407 3429
f 3368 3317 3289
f 3289 3317 11950
f 3289 3325 3368
f 11950 11936 3289
f 3290 4290 8083
f 6838 5463 3290
f 7222 6838 3290
f 3290 6902 7222
f 10000 6902 3290
f 3290 8083 10000
f 3291 3340 6992
f 8083 5450 3291
f 3291 5450 8472
f 6992 6902 3291
f 3291 6902 10000
f 10000 8083 3291
f 6915 3341 3292
f 3292 5414 10221
f 9518 6915 3292
f 10221 9518 3292
f 10109 6041 3293
f 3293 6041 10842
f 3293 7250 10109
f 9518 7251 3293
f 11757 9518 3293
f 3293 10842 11757
f 3294 3310 3356
f 3356 3335 3294
f 3336 3311 3295
f 3296 3312 3337
f 12007 3313 3297
f 3298 3345 3412
f 3298 3412 10973
f 3299 3346 5812
f 7359 3346 3299
f 5812 5681 3299
f 3299 7113 7359
f 5743 3347 3300
f 3300 3347 7454
f 3300 7454 9049
f 3360 3345 3301
f 9760 3360 3301
f 11812 9760 3301
f 3301 11780 11812
f 3302 3335 3350
f 3350 3336 3302
f 3351 3338 3303
f 3304 3348 8562
f 10354 3348 3304
f 3304 6433 7023
f 8562 6433 3304
f 3304 7137 10354
f 12035 7137 3304
f 3305 3396 6010
f 6609 3396 3305
f 3305 4152 6609
f 6010 4304 3305
f 9107 3397 3306
f 3306 3397 10373
f 11386 9107 3306
f 3306 10373 10680
f 3306 10680 11052
f 3307 3363 10103
f 10484 3363 3307
f 10103 9368 3307
f 3307 9732 10484
f 3308 3364 10080
f 10818 3364 3308
f 3308 7515 10818
f 10080 9991 3308
f 5436 3352 3309
f 3309 3352 6836
f 6836 6818 3309
f 3310 3329 3379
f 3379 3356 3310
f 3380 3330 3311
f 3311 3336 3357
f 3311 3357 3380
f 3312 3331 3381
f 12020 3331 3312
f 3358 3337 3312
f 3381 3358 3312
f 3359 3332 3313
f 12007 3359 3313
f 3314 3333 3365
f 3427 3333 3314
f 3343 3333 3315
f 3315 3333 3428
f 3316 3334 3367
f 3429 3334 3316
f 3368 3334 3317
f 3317 3334 11885
f 11885 3430 3317
f 3317 3430 11950
f 4064 3432 3318
f 3318 3432 5380
f 4069 4064 3318
f 3319 3349 3395
f 3319 3395 11290
f 7685 6020 3319
f 3319 6129 7685
f 11290 6129 3319
f 7485 3422 3320
f 3320 3422 11586
f 11745 7800 3320
f 3320 11586 11745
f 3321 3423 6707
f 9654 3423 3321
f 3321 6707 7413
f 3321 8230 9654
f 10641 8230 3321
f 3379 3329 3322
f 3322 3365 3379
f 3323 3330 3380
f 3366 3343 3323
f 3380 3366 3323
f 3367 3331 3324
f 3324 3331 12020
f 3325 3332 3368
f 3391 3349 3326
f 3417 3391 3326
f 11304 3417 3326
f 4553 3328 3327
f 3327 3328 6141
f 3327 4531 4553
f 4703 4531 3327
f 6038 4703 3327
f 3327 4768 6038
f 6141 4768 3327
f 3328 3494 6141
f 10023 3494 3328
f 3328 4553 8526
f 3328 8526 10023
f 3331 3367 3381
f 3332 3359 3382
f 3382 3368 3332
f 3333 3343 3366
f 3386 3365 3333
f 3333 3366 3386
f 3333 3427 3434
f 3434 3428 3333
f 3387 3367 3334
f 3334 3368 3387
f 3334 3429 3435
f 3334 3435 11885
f 3356 3350 3335
f 3336 3350 3384
f 3384 3357 3336
f 3358 3351 3337
f 3338 3351 3385
f 3385 3359 3338
f 3338 3359 12007
f 9355 3405 3339
f 9769 9355 3339
f 3340 3406 6992
f 7332 3407 3341
f 3341 6915 7332
f 3342 3408 6098
f 11936 3408 3342
f 3342 6098 7853
f 3344 3413 9760
f 11673 3413 3344
f 3344 6397 7826
f 9760 6397 3344
f 7826 7800 3344
f 3344 7800 11673
f 3345 3360 3404
f 3345 3404 3453
f 3453 3412 3345
f 3346 3410 5954
f 7579 3410 3346
f 5954 5812 3346
f 3346 7359 7579
f 6133 3411 3347
f 3347 3411 8822
f 3347 5743 6133
f 3347 5979 7454
f 8822 5979 3347
f 3348 3401 8225
f 8772 3401 3348
f 3348 8225 8562
f 10354 8772 3348
f 3349 3391 3415
f 3415 3395 3349
f 3350 3356 3384
f 3351 3358 3385
f 3352 3409 8054
f 10828 3409 3352
f 3352 5436 10828
f 6973 6836 3352
f 8054 6973 3352
f 7121 3439 3353
f 3353 3439 8703
f 7051 6883 3353
f 3353 6883 7121
f 9184 7493 3353
f 3353 8703 9184
f 10268 3355 3354
f 3354 3355 11121
f 3354 3398 10704
f 11121 3398 3354
f 3354 4167 10268
f 10704 4167 3354
f 3355 3394 4775
f 10692 3394 3355
f 4775 4055 3355
f 3355 4055 11121
f 3355 10268 10692
f 3356 3379 3392
f 3392 3384 3356
f 3392 3380 3357
f 3357 3384 3392
f 3358 3381 3393
f 3393 3385 3358
f 3385 3382 3359
f 3438 3404 3360
f 3360 3413 3416
f 9760 3413 3360
f 3360 3416 3438
f 3361 3362 11483
f 11911 3362 3361
f 10485 3402 3361
f 3361 3402 11911
f 3361 10049 10485
f 11483 10049 3361
f 10973 3388 3362
f 3362 3388 11295
f 11889 10973 3362
f 3362 11295 11483
f 11911 11889 3362
f 5435 3419 3363
f 3363 3419 10103
f 10484 5435 3363
f 8463 3420 3364
f 3364 3420 10246
f 10818 8463 3364
f 10246 10080 3364
f 3392 3379 3365
f 3365 3386 3392
f 3366 3380 3392
f 3392 3386 3366
f 3393 3381 3367
f 3367 3387 3393
f 3368 3382 3387
f 10828 5436 3369
f 6930 5453 3369
f 3369 5453 9227
f 3369 6849 6930
f 9514 6849 3369
f 3369 9227 10828
f 9224 3383 3370
f 3370 3383 10583
f 5722 5509 3370
f 3370 5509 8990
f 8100 5722 3370
f 10583 8100 3370
f 3370 8990 9224
f 3502 3372 3371
f 5455 3502 3371
f 3371 4633 5455
f 3372 3502 3503
f 3372 3503 7463
f 3372 7463 7543
f 3373 3374 3504
f 3373 3504 4959
f 3373 4959 5133
f 3505 3504 3374
f 6210 3505 3374
f 3374 6003 6210
f 3506 3376 3375
f 8746 3506 3375
f 3375 6471 6494
f 3375 6494 8746
f 3376 3506 3507
f 3376 3507 9203
f 9203 7335 3376
f 3377 3378 3508
f 3377 3508 4836
f 3377 4836 4964
f 3509 3508 3378
f 10130 3509 3378
f 9205 5048 3378
f 3378 5048 10130
f 3382 3385 3393
f 3393 3387 3382
f 3383 4897 5098
f 6606 4897 3383
f 3383 5098 10583
f 3383 5617 6606
f 9224 5617 3383
f 3388 3412 10616
f 10973 3412 3388
f 3388 10616 11295
f 3389 3390 3425
f 10049 3390 3389
f 3424 3399 3389
f 3389 3399 10049
f 3425 3424 3389
f 3390 3403 3433
f 11295 3403 3390
f 3433 3425 3390
f 3390 10049 11483
f 11483 11295 3390
f 3431 3415 3391
f 3391 3417 3441
f 3441 3431 3391
f 3394 3421 4775
f 5543 3421 3394
f 10692 5543 3394
f 3395 3415 3450
f 3395 3450 5810
f 3395 5810 11290
f 5621 3442 3396
f 3396 3442 6010
f 6710 5621 3396
f 3396 6609 6710
f 3397 3443 6416
f 11551 3443 3397
f 3397 6416 10373
f 3397 9107 11551
f 3398 3436 8195
f 8895 3436 3398
f 3398 8195 10704
f 11121 8895 3398
f 3399 3424 3449
f 3449 3437 3399
f 3399 3437 10485
f 10485 10049 3399
f 4981 3546 3400
f 3400 3546 5301
f 3400 4327 5245
f 7023 4327 3400
f 5245 4981 3400
f 3400 5301 7023
f 3401 3409 4643
f 8054 3409 3401
f 3401 4643 8225
f 9386 8054 3401
f 3401 8772 9386
f 10485 3417 3402
f 3402 3417 11304
f 3402 11304 11911
f 3455 3433 3403
f 3403 3444 3455
f 10616 3444 3403
f 11295 10616 3403
f 3404 3438 3472
f 3472 3453 3404
f 9355 3427 3405
f 3406 3428 9534
f 9534 6992 3406
f 7332 3429 3407
f 3408 3430 8514
f 11950 3430 3408
f 8514 6098 3408
f 3408 11936 11950
f 9227 4643 3409
f 10828 9227 3409
f 3410 3447 5818
f 6944 3447 3410
f 3410 5818 5954
f 7028 6944 3410
f 7579 7028 3410
f 5849 3448 3411
f 3411 3448 6747
f 6133 5849 3411
f 3411 6747 8822
f 3453 3444 3412
f 3412 3444 10616
f 3456 3416 3413
f 11839 3456 3413
f 3413 11673 11963
f 11963 11839 3413
f 3414 3426 3483
f 6861 3426 3414
f 3414 3483 6765
f 3414 4299 6861
f 9522 4299 3414
f 3414 6765 9522
f 3415 3431 3450
f 3469 3438 3416
f 3416 3456 3469
f 3417 3437 3461
f 10485 3437 3417
f 3461 3441 3417
f 6349 3476 3418
f 3418 3476 7918
f 3418 4400 5512
f 8425 4400 3418
f 3418 5512 6349
f 3418 7918 8425
f 5073 3458 3419
f 3419 3458 5600
f 5435 5073 3419
f 3419 5600 10103
f 6337 3459 3420
f 3420 3459 10111
f 8463 6337 3420
f 3420 10111 10246
f 3421 3445 10023
f 11194 3445 3421
f 8526 4775 3421
f 3421 5543 11194
f 10023 8526 3421
f 8512 3451 3422
f 3422 3451 11586
f 7485 3480 3422
f 3422 3480 8512
f 3423 3452 5623
f 11733 3452 3423
f 3423 5623 6021
f 3423 6021 6707
f 3423 9654 11733
f 3424 3425 3473
f 3477 3449 3424
f 3424 3473 3477
f 3425 3433 3479
f 3479 3473 3425
f 3426 3454 3483
f 4353 3454 3426
f 10183 4353 3426
f 3426 6861 10183
f 5519 3434 3427
f 9355 5519 3427
f 3428 3434 10073
f 10073 9534 3428
f 8620 3435 3429
f 3429 7332 8620
f 3430 3435 5797
f 11885 3435 3430
f 3430 5797 7836
f 3430 7836 8514
f 3431 3441 3462
f 3462 3450 3431
f 5331 3470 3432
f 3432 3470 7289
f 3432 4064 5331
f 7289 5380 3432
f 3433 3455 3492
f 3492 3479 3433
f 3434 5519 6499
f 3434 6499 10073
f 8835 5797 3435
f 3435 8620 8835
f 3436 3457 5469
f 8425 3457 3436
f 3436 5469 8195
f 8895 8425 3436
f 3437 3449 3464
f 3464 3461 3437
f 3438 3469 3472
f 4355 4354 3439
f 3439 4354 6423
f 7121 4355 3439
f 3439 6423 10648
f 10648 8703 3439
f 5494 4519 3440
f 3440 4519 9071
f 3440 5453 6930
f 9071 5453 3440
f 8400 5494 3440
f 3440 6930 9027
f 9027 8400 3440
f 3441 3461 3489
f 3489 3462 3441
f 5621 3460 3442
f 3442 3460 8942
f 8942 6010 3442
f 3443 3482 9882
f 11416 3482 3443
f 9882 6416 3443
f 11551 11416 3443
f 3444 3453 3468
f 3497 3455 3444
f 3444 3468 3497
f 3445 3465 3494
f 5604 3465 3445
f 3445 3494 10023
f 11194 5604 3445
f 4864 4324 3446
f 3446 4324 5617
f 5140 4864 3446
f 5630 5140 3446
f 3446 5617 9224
f 8990 5630 3446
f 9224 8990 3446
f 6944 3484 3447
f 3447 3484 9558
f 9558 5818 3447
f 3448 3485 6236
f 10034 3485 3448
f 3448 5849 10034
f 3448 6236 6747
f 3488 3464 3449
f 3449 3477 3488
f 3450 3462 3490
f 3490 3478 3450
f 3450 3478 5810
f 8512 3466 3451
f 3451 3466 9065
f 9065 8761 3451
f 3451 8761 11586
f 3452 3467 5623
f 7380 3467 3452
f 3452 5651 7380
f 11733 5651 3452
f 3472 3468 3453
f 8848 3483 3454
f 3454 4353 4354
f 3454 4354 8848
f 3516 3492 3455
f 3455 3497 3516
f 3487 3469 3456
f 11903 3487 3456
f 3456 11839 11903
f 3457 3498 5469
f 7918 3498 3457
f 8425 7918 3457
f 5073 3499 3458
f 3458 3499 6999
f 6999 5600 3458
f 6337 3500 3459
f 3459 3500 10047
f 3459 10047 10111
f 3460 3481 7005
f 11743 3481 3460
f 3460 5621 11743
f 3460 7005 8942
f 3461 3464 3520
f 3521 3489 3461
f 3461 3520 3521
f 3462 3489 3490
f 4583 3653 3463
f 3463 3653 5366
f 7319 4583 3463
f 3463 5366 6038
f 3463 6038 6251
f 3463 6251 7319
f 3464 3488 3512
f 3464 3512 9204
f 9204 3520 3464
f 8996 3494 3465
f 8812 3514 3465
f 3465 3514 8996
f 3465 5604 8812
f 4361 3467 3466
f 3466 3467 7380
f 8512 4361 3466
f 3466 7380 9065
f 3467 4361 5623
f 3468 3472 3496
f 3468 3496 3497
f 3522 3472 3469
f 3469 3487 3501
f 3469 3501 3522
f 4759 3480 3470
f 3470 3480 7289
f 5331 4759 3470
f 3471 4660 5829
f 7229 4660 3471
f 3471 4701 5264
f 6377 4701 3471
f 3471 5264 7229
f 3471 5829 6339
f 3471 6339 6377
f 3535 3496 3472
f 3472 3522 3535
f 3491 3477 3473
f 3473 3479 3493
f 3493 3491 3473
f 4267 3511 3474
f 3474 3511 4774
f 3474 3711 4267
f 5213 3711 3474
f 4774 4327 3474
f 3474 4327 5213
f 3475 3511 3547
f 4774 3511 3475
f 3475 3547 3769
f 3769 3677 3475
f 3475 3677 4981
f 5245 4774 3475
f 3475 4981 5245
f 5264 4701 3476
f 3476 4701 7671
f 6349 5264 3476
f 3476 7671 7961
f 7961 7918 3476
f 3513 3488 3477
f 3477 3491 3513
f 3478 3490 3528
f 3515 3495 3478
f 3478 3495 11697
f 3528 3515 3478
f 11697 5810 3478
f 3479 3492 3493
f 3480 4759 9306
f 7485 7289 3480
f 9306 8512 3480
f 3481 3482 8035
f 11731 3482 3481
f 3481 5636 7005
f 8035 5636 3481
f 11779 11731 3481
f 3481 11743 11779
f 11527 8035 3482
f 3482 8987 9882
f 11731 8987 3482
f 3482 11416 11527
f 3483 5140 6765
f 10623 5140 3483
f 3483 8848 10547
f 3483 10547 10623
f 5345 3529 3484
f 3484 3529 10826
f 6944 5345 3484
f 10826 9558 3484
f 3485 3530 8840
f 11498 3530 3485
f 8840 6236 3485
f 3485 10034 11498
f 3486 3532 9228
f 9907 3532 3486
f 5494 3546 3486
f 3486 3546 9907
f 3486 4519 5494
f 9071 4519 3486
f 3486 4643 9071
f 9228 4643 3486
f 3540 3501 3487
f 3487 3510 3519
f 11903 3510 3487
f 3487 3519 3540
f 3513 3512 3488
f 3518 3490 3489
f 3521 3518 3489
f 3490 3518 11811
f 11811 3528 3490
f 3491 3493 3539
f 3539 3513 3491
f 3517 3493 3492
f 3492 3516 3517
f 3493 3517 3551
f 3550 3539 3493
f 3551 3550 3493
f 3494 4409 5392
f 8996 4409 3494
f 3494 5392 6141
f 3495 3515 3524
f 3495 3524 11807
f 7042 6139 3495
f 3495 6139 11697
f 11807 7042 3495
f 3533 3497 3496
f 3584 3533 3496
f 3496 3535 3584
f 3586 3516 3497
f 3497 3533 3586
f 3498 3523 6843
f 7918 3523 3498
f 7647 5469 3498
f 3498 6843 7647
f 3499 3555 5654
f 10024 3555 3499
f 3499 5073 5247
f 3499 5247 10024
f 3499 5654 6999
f 9811 3556 3500
f 3500 3556 10025
f 6337 4348 3500
f 3500 4348 9811
f 3500 10025 10047
f 3558 3522 3501
f 3501 3540 3558
f 3681 3503 3502
f 6354 3681 3502
f 3502 5455 6354
f 3503 3681 3682
f 3503 3682 7212
f 3503 7212 9135
f 9135 7463 3503
f 3504 3505 3683
f 3504 3683 9663
f 9663 4959 3504
f 3684 3683 3505
f 6771 3684 3505
f 6210 5576 3505
f 3505 5576 6771
f 3685 3507 3506
f 8348 3685 3506
f 8746 8348 3506
f 3507 3685 3686
f 3507 3686 8133
f 8133 5739 3507
f 3507 5739 9203
f 3508 3509 3687
f 3508 3687 6867
f 6867 4836 3508
f 3688 3687 3509
f 8925 3688 3509
f 10130 8925 3509
f 3553 3519 3510
f 3510 3534 3553
f 8761 3534 3510
f 3510 7356 8761
f 11903 7356 3510
f 3585 3547 3511
f 4267 3585 3511
f 3512 3513 3554
f 3512 3554 3571
f 3512 3571 9204
f 3513 3539 3557
f 3557 3554 3513
f 3514 3537 3716
f 9804 3537 3514
f 3514 3716 4409
f 3514 4409 8996
f 3514 8812 9804
f 3548 3524 3515
f 3515 3528 3548
f 3564 3517 3516
f 3586 3564 3516
f 3578 3551 3517
f 3517 3564 3620
f 3620 3578 3517
f 3518 3521 3566
f 3566 3549 3518
f 3518 3549 11811
f 3575 3540 3519
f 3519 3553 3575
f 3567 3521 3520
f 9538 3567 3520
f 3520 9204 9538
f 11851 3566 3521
f 3521 3567 11851
f 3622 3535 3522
f 3522 3558 3622
f 3523 3576 6972
f 8748 3576 3523
f 3523 4332 6843
f 6972 4332 3523
f 3523 7918 7961
f 3523 7961 8748
f 3524 3548 3581
f 3524 3581 10943
f 3524 10943 11807
f 3525 3526 3527
f 3538 3526 3525
f 3525 3527 3531
f 3525 3531 3544
f 3543 3538 3525
f 3544 3543 3525
f 3536 3527 3526
f 3545 3536 3526
f 3526 3538 3545
f 3541 3531 3527
f 3527 3536 3542
f 3542 3541 3527
f 3565 3548 3528
f 11811 3565 3528
f 3529 3594 5566
f 7201 3594 3529
f 3529 5345 7201
f 3529 5566 10826
f 3530 3595 7036
f 11498 3595 3530
f 3530 7036 8840
f 3531 3541 3560
f 3562 3544 3531
f 3531 3560 3562
f 7388 6545 3532
f 3532 6545 8562
f 9907 7388 3532
f 3532 8562 9228
f 3533 3584 3623
f 3623 3586 3533
f 3587 3553 3534
f 3598 3587 3534
f 7287 3598 3534
f 9065 7287 3534
f 3534 8761 9065
f 3622 3584 3535
f 3583 3542 3536
f 3536 3545 3569
f 3536 3569 3583
f 3537 3579 3716
f 4360 3579 3537
f 9804 4360 3537
f 3538 3543 3588
f 3588 3545 3538
f 3539 3550 3572
f 3572 3557 3539
f 3575 3558 3540
f 3541 3542 3563
f 3573 3560 3541
f 3541 3563 3573
f 3570 3563 3542
f 3583 3570 3542
f 3543 3544 3552
f 3543 3552 3559
f 3543 3559 3588
f 3561 3552 3544
f 3562 3561 3544
f 3577 3569 3545
f 3588 3574 3545
f 3545 3574 3589
f 3589 3577 3545
f 3677 3645 3546
f 3546 3645 9907
f 4981 3677 3546
f 5494 5301 3546
f 3547 3585 3615
f 3547 3615 3820
f 3820 3769 3547
f 3548 3565 8693
f 8693 3581 3548
f 3596 3565 3549
f 3549 3565 11811
f 3549 3566 3641
f 3600 3596 3549
f 3641 3600 3549
f 3550 3551 3569
f 3550 3569 3577
f 3577 3572 3550
f 3583 3569 3551
f 3551 3578 3597
f 3597 3583 3551
f 3580 3559 3552
f 3552 3561 3632
f 3632 3580 3552
f 3602 3575 3553
f 3553 3587 3602
f 3554 3557 10742
f 3626 3571 3554
f 10742 3626 3554
f 3555 3617 5654
f 10024 3617 3555
f 3556 3618 5029
f 7021 3618 3556
f 3556 5029 10025
f 9811 7021 3556
f 3557 3572 3590
f 3557 3590 3638
f 3557 3638 10742
f 3558 3575 3607
f 3558 3607 3651
f 3651 3622 3558
f 3559 3580 3599
f 3592 3588 3559
f 3599 3592 3559
f 3603 3562 3560
f 3560 3573 3603
f 3561 3562 3609
f 3609 3608 3561
f 3561 3608 3632
f 3562 3603 3637
f 3637 3609 3562
f 3563 3570 3601
f 3605 3573 3563
f 3563 3601 3605
f 3564 3586 3634
f 3634 3620 3564
f 3565 3596 8693
f 11890 3641 3566
f 3566 11851 11890
f 9538 3656 3567
f 3567 3656 11851
f 7380 5651 3568
f 3568 5651 7591
f 3568 7287 7380
f 8477 7287 3568
f 3568 7591 11807
f 10943 8477 3568
f 11807 10943 3568
f 3570 3583 3597
f 3570 3597 3601
f 3571 3626 3648
f 3571 3648 9538
f 9538 9204 3571
f 3572 3577 3589
f 3572 3589 3590
f 3621 3603 3573
f 3573 3605 3621
f 3574 3588 3627
f 3635 3589 3574
f 3574 3627 3630
f 3574 3630 3635
f 3575 3602 3607
f 3716 3579 3576
f 3576 3579 4360
f 3576 3680 3716
f 8748 3680 3576
f 3576 4360 5595
f 3576 5595 6972
f 3640 3597 3578
f 3578 3620 3640
f 3625 3599 3580
f 3632 3625 3580
f 3581 3593 10695
f 11601 3593 3581
f 3581 8693 11601
f 3581 10695 10943
f 3663 3650 3582
f 3582 3650 6251
f 3756 3663 3582
f 8770 3756 3582
f 3582 4768 5392
f 6251 4768 3582
f 3582 5392 5661
f 3582 5661 8770
f 3584 3622 3628
f 3628 3623 3584
f 3652 3615 3585
f 3803 3652 3585
f 3585 3711 3803
f 4267 3711 3585
f 3586 3623 3634
f 3587 3598 3613
f 3613 3602 3587
f 3588 3592 3627
f 3635 3590 3589
f 3590 3635 3638
f 3741 3619 3591
f 3591 3619 7115
f 7486 3741 3591
f 6072 4422 3591
f 3591 4422 6343
f 7115 6072 3591
f 3591 6343 7486
f 3592 3599 3633
f 3633 3627 3592
f 3613 3598 3593
f 3593 3598 10695
f 11601 3613 3593
f 3594 3646 5386
f 6734 3646 3594
f 3594 5386 5566
f 7201 6734 3594
f 3595 3647 7828
f 10528 3647 3595
f 7828 7036 3595
f 11498 10528 3595
f 3596 3600 3610
f 3596 3610 11601
f 11601 8693 3596
f 3640 3601 3597
f 3598 7287 8477
f 3598 8477 10695
f 3599 3625 3649
f 3649 3633 3599
f 3611 3610 3600
f 3675 3611 3600
f 3600 3641 3675
f 3636 3605 3601
f 3639 3636 3601
f 3640 3639 3601
f 3611 3607 3602
f 3613 3611 3602
f 3603 3621 3665
f 3665 3637 3603
f 3609 3606 3604
f 3604 3606 3614
f 3604 3608 3609
f 3632 3608 3604
f 3614 3612 3604
f 3604 3612 3624
f 3604 3624 3631
f 3604 3631 3632
f 3661 3621 3605
f 3605 3636 3642
f 3605 3642 3661
f 3606 3609 3616
f 10904 3614 3606
f 3606 3616 10904
f 3607 3611 3693
f 3693 3651 3607
f 3637 3616 3609
f 3610 3611 3613
f 3610 3613 11601
f 3611 3675 3693
f 3612 3614 3660
f 3658 3624 3612
f 3660 3658 3612
f 3614 3629 3660
f 10904 3629 3614
f 3615 3652 3655
f 3615 3655 3853
f 3853 3820 3615
f 3616 3637 3671
f 3616 3671 8656
f 3616 8656 10904
f 3617 3669 8823
f 10270 3669 3617
f 8823 5654 3617
f 3617 10024 10270
f 7021 3670 3618
f 3618 3670 10144
f 10144 5029 3618
f 3741 3676 3619
f 3619 3676 7115
f 3620 3634 3678
f 3706 3640 3620
f 3620 3678 3706
f 3621 3661 3665
f 3703 3628 3622
f 3622 3651 3703
f 3623 3628 9403
f 3699 3634 3623
f 9403 3699 3623
f 3644 3631 3624
f 3701 3644 3624
f 3624 3658 3673
f 3624 3673 3701
f 3625 3632 3657
f 3689 3649 3625
f 3625 3657 3689
f 3692 3648 3626
f 3626 3672 8121
f 10742 3672 3626
f 8121 3692 3626
f 3668 3630 3627
f 3627 3633 3668
f 3628 3703 3723
f 3628 3723 9403
f 10904 3654 3629
f 3629 3654 11836
f 3679 3660 3629
f 11836 3679 3629
f 3662 3635 3630
f 3705 3662 3630
f 3630 3668 3705
f 3659 3632 3631
f 3631 3644 8717
f 8717 3659 3631
f 3659 3657 3632
f 3633 3649 3690
f 3690 3668 3633
f 3707 3678 3634
f 3634 3699 3707
f 3662 3638 3635
f 3636 3639 3725
f 3698 3642 3636
f 3725 3698 3636
f 3637 3665 3671
f 3638 3662 3666
f 3638 3666 3672
f 3638 3672 10742
f 3639 3640 3706
f 3639 3706 3713
f 3639 3713 3725
f 3697 3675 3641
f 11890 3697 3641
f 3704 3661 3642
f 3642 3698 3704
f 5638 3650 3643
f 3643 3650 8837
f 3643 3664 5638
f 8837 3664 3643
f 3701 3691 3644
f 3644 3691 8717
f 3645 3677 4746
f 3645 4746 5213
f 3645 5213 7388
f 3645 7388 9907
f 8034 3695 3646
f 3646 3695 10663
f 10663 5386 3646
f 3646 6734 8034
f 3647 3696 7828
f 10300 3696 3647
f 10528 10300 3647
f 3692 3656 3648
f 3648 3656 9538
f 3649 3689 3702
f 3702 3690 3649
f 3650 3663 8611
f 8611 4803 3650
f 3650 4803 8837
f 3650 5638 6251
f 3651 3693 3728
f 3728 3703 3651
f 3674 3655 3652
f 4913 3674 3652
f 3652 3803 3857
f 3652 3857 4913
f 3653 4472 4778
f 6648 4472 3653
f 3653 4583 6648
f 5287 4732 3653
f 3653 4732 6553
f 3653 4778 5287
f 6553 5366 3653
f 3654 3700 8188
f 10904 3700 3654
f 3654 8188 11836
f 3655 3674 3865
f 3865 3853 3655
f 3656 3692 3714
f 3714 3697 3656
f 3656 3697 11890
f 11890 11851 3656
f 3657 3659 3729
f 3729 3689 3657
f 3658 3660 11752
f 11765 3673 3658
f 3658 11752 11765
f 3743 3729 3659
f 11951 3743 3659
f 3659 8717 11951
f 3660 3679 11752
f 3720 3665 3661
f 3661 3704 3720
f 3726 3666 3662
f 3662 3705 3726
f 3663 3756 5675
f 3663 5675 8611
f 3664 3694 4090
f 10958 3694 3664
f 3664 4090 5282
f 3664 5282 5638
f 3664 8837 10791
f 3664 10791 10958
f 3712 3671 3665
f 3742 3712 3665
f 3665 3720 3742
f 3717 3672 3666
f 3726 3717 3666
f 4732 3674 3667
f 3667 3674 4913
f 3667 4703 5366
f 5843 4703 3667
f 6553 4732 3667
f 3667 4913 4953
f 3667 4953 6733
f 3667 5366 6553
f 8112 5843 3667
f 3667 6733 8112
f 3668 3690 3734
f 3765 3705 3668
f 3668 3734 3765
f 3669 3709 10136
f 10238 3709 3669
f 3669 8020 8823
f 10136 8020 3669
f 10270 10238 3669
f 8825 3710 3670
f 3670 3710 10144
f 3670 7021 8825
f 3671 3712 8656
f 3672 3717 11230
f 3672 3718 8121
f 11230 3718 3672
f 3735 3701 3673
f 3787 3735 3673
f 11683 3787 3673
f 11765 11683 3673
f 4391 3865 3674
f 4732 4391 3674
f 3740 3693 3675
f 3675 3697 3719
f 3675 3719 3740
f 3676 3741 3779
f 3779 3752 3676
f 3676 3752 8056
f 8056 7115 3676
f 3769 3711 3677
f 3677 3711 4746
f 3736 3706 3678
f 3678 3707 3727
f 3678 3727 3736
f 3679 3708 3760
f 11836 3708 3679
f 3679 3760 11752
f 7541 3716 3680
f 3680 3759 4451
f 7671 3759 3680
f 3680 4451 7541
f 8748 7671 3680
f 3821 3682 3681
f 8173 3821 3681
f 3681 6354 8173
f 3682 3821 3822
f 3682 3822 5020
f 3682 5020 7212
f 3683 3684 3823
f 3683 3823 5306
f 3683 5306 9663
f 3824 3823 3684
f 7578 3824 3684
f 3684 6771 7578
f 3825 3686 3685
f 7455 3825 3685
f 8348 7455 3685
f 3686 3825 3826
f 3686 3826 7613
f 3686 7613 8133
f 3687 3688 3827
f 3687 3827 5913
f 3687 5913 6867
f 3828 3827 3688
f 6122 3828 3688
f 8925 6122 3688
f 3754 3702 3689
f 3689 3729 3754
f 3690 3702 3734
f 3691 3701 3735
f 3768 3731 3691
f 3691 3731 8717
f 3691 3735 3768
f 3718 3714 3692
f 8121 3718 3692
f 3740 3728 3693
f 4743 3715 3694
f 3694 3715 5220
f 5220 4090 3694
f 10958 4743 3694
f 5574 3721 3695
f 3695 3721 7959
f 8034 5574 3695
f 3695 7959 10663
f 3696 3722 4336
f 9481 3722 3696
f 3696 4336 7828
f 10300 9481 3696
f 3697 3714 3719
f 3751 3704 3698
f 3698 3725 3751
f 3724 3707 3699
f 3699 3723 3724
f 9403 3723 3699
f 3700 3748 8188
f 8656 3748 3700
f 10904 8656 3700
f 3754 3734 3702
f 3747 3723 3703
f 3703 3728 3747
f 3766 3720 3704
f 3704 3751 3762
f 3704 3762 3766
f 3767 3726 3705
f 3705 3765 3767
f 3736 3713 3706
f 3707 3724 3744
f 3744 3727 3707
f 11836 3750 3708
f 3708 3750 11927
f 11927 3760 3708
f 9729 3732 3709
f 3709 3732 10136
f 10238 9729 3709
f 4366 3733 3710
f 3710 3733 5272
f 8825 4366 3710
f 3710 5272 10144
f 3711 3769 3803
f 5213 4746 3711
f 3712 3742 3784
f 3712 3784 11024
f 11024 8656 3712
f 3771 3725 3713
f 3713 3736 3774
f 3786 3771 3713
f 3713 3774 3786
f 3714 3718 3755
f 3755 3719 3714
f 3715 3775 8580
f 11323 3775 3715
f 3715 4743 11323
f 8580 5220 3715
f 6580 4409 3716
f 3716 4705 6580
f 7541 4705 3716
f 3717 3726 3757
f 3717 3757 3781
f 3717 3763 11230
f 11540 3763 3717
f 3717 3781 11540
f 3718 3753 3755
f 3763 3753 3718
f 11230 3763 3718
f 3755 3740 3719
f 3766 3742 3720
f 3721 3737 5139
f 10971 3737 3721
f 3721 5139 7959
f 3721 5574 10971
f 3722 3738 9955
f 10530 3738 3722
f 9955 4336 3722
f 3722 9481 10530
f 3747 3724 3723
f 3753 3744 3724
f 3724 3747 3753
f 3782 3751 3725
f 3725 3771 3782
f 3767 3757 3726
f 3773 3736 3727
f 3727 3744 3761
f 3727 3761 3773
f 3728 3740 3747
f 3729 3743 3764
f 3764 3754 3729
f 3730 3739 6005
f 10534 3739 3730
f 7456 3745 3730
f 3730 3745 8437
f 6005 4544 3730
f 3730 4544 7456
f 3730 8437 9501
f 3730 9501 10534
f 3731 3768 3800
f 3800 3772 3731
f 3731 3772 11951
f 11951 8717 3731
f 3732 3737 9414
f 10347 3737 3732
f 3732 9414 10136
f 3732 9729 10347
f 9418 3738 3733
f 3733 3738 10102
f 3733 4366 9418
f 10102 5272 3733
f 3734 3754 3776
f 3776 3765 3734
f 3787 3768 3735
f 3736 3773 3774
f 10347 5139 3737
f 10971 9414 3737
f 3738 9418 9955
f 10530 10102 3738
f 3739 3758 9304
f 9869 3758 3739
f 9304 6005 3739
f 10534 9869 3739
f 3755 3747 3740
f 3814 3779 3741
f 3741 3796 3814
f 7486 3796 3741
f 3742 3766 3770
f 3742 3770 3784
f 3799 3764 3743
f 9891 3799 3743
f 3743 3804 9891
f 11951 3804 3743
f 3744 3753 3763
f 3763 3761 3744
f 6754 3777 3745
f 3745 3777 9225
f 7456 6754 3745
f 9225 8437 3745
f 3746 3749 3796
f 11752 3749 3746
f 3797 3790 3746
f 3746 3790 11683
f 3746 3796 3797
f 3746 11683 11765
f 11765 11752 3746
f 3755 3753 3747
f 11024 3783 3748
f 3748 3783 11835
f 11835 8188 3748
f 3748 8656 11024
f 3749 3760 10229
f 11752 3760 3749
f 3814 3796 3749
f 10229 3814 3749
f 11835 3780 3750
f 3750 3780 11927
f 3750 8188 11835
f 11836 8188 3750
f 3793 3762 3751
f 3751 3782 3793
f 3752 3779 3834
f 3834 3808 3752
f 3752 3808 8056
f 3754 3764 3789
f 3789 3776 3754
f 3756 3778 5684
f 8770 3778 3756
f 5684 5675 3756
f 3757 3767 3785
f 3785 3781 3757
f 3758 3792 9304
f 11169 3792 3758
f 3758 9869 11169
f 4956 4451 3759
f 3759 4701 5785
f 7671 4701 3759
f 5785 4956 3759
f 3760 3794 10229
f 11927 3794 3760
f 3761 3763 11540
f 3788 3773 3761
f 3761 3781 3788
f 11540 3781 3761
f 3793 3766 3762
f 3810 3789 3764
f 3764 3799 3810
f 3791 3767 3765
f 3765 3776 3807
f 3807 3791 3765
f 3795 3770 3766
f 3766 3793 3795
f 3791 3785 3767
f 3768 3787 3844
f 3844 3800 3768
f 3820 3803 3769
f 3809 3784 3770
f 3770 3795 3817
f 3817 3809 3770
f 3806 3782 3771
f 3771 3786 3806
f 3772 3800 6336
f 6336 3804 3772
f 3772 3804 11951
f 3798 3774 3773
f 3773 3788 3798
f 3801 3786 3774
f 3774 3798 3801
f 3775 3833 8580
f 12024 3833 3775
f 3775 11323 12024
f 3776 3789 3807
f 6389 3830 3777
f 3777 3830 10551
f 6754 6389 3777
f 10551 9225 3777
f 7376 3851 3778
f 3778 3851 10859
f 10859 5684 3778
f 8770 7376 3778
f 3779 3814 3866
f 3866 3834 3779
f 3780 3812 3819
f 11835 3812 3780
f 3780 3819 11927
f 3781 3785 3831
f 3805 3788 3781
f 3831 3805 3781
f 3829 3793 3782
f 3782 3806 3829
f 3818 3812 3783
f 3783 3812 11835
f 11990 3818 3783
f 3783 11024 11990
f 3784 3809 11519
f 11990 11024 3784
f 3784 11519 11990
f 3785 3791 3815
f 3785 3815 3831
f 3786 3801 3837
f 3837 3806 3786
f 3787 3790 9627
f 11683 3790 3787
f 10265 3844 3787
f 3787 9627 10265
f 3805 3798 3788
f 3813 3807 3789
f 3789 3810 3813
f 3790 3797 3811
f 3790 3811 9627
f 3791 3807 3832
f 3832 3815 3791
f 3792 3816 9606
f 11169 3816 3792
f 9606 9304 3792
f 3829 3795 3793
f 3794 3819 3842
f 11927 3819 3794
f 3794 3842 10229
f 3829 3817 3795
f 7486 3797 3796
f 4393 3811 3797
f 6343 4393 3797
f 7486 6343 3797
f 3840 3801 3798
f 3798 3805 3840
f 3835 3810 3799
f 9891 3835 3799
f 3800 3844 3845
f 3800 3845 6336
f 3840 3837 3801
f 5561 5011 3802
f 3802 5011 7745
f 7228 5561 3802
f 3802 5661 6580
f 8770 5661 3802
f 3802 6580 7228
f 3802 7745 8770
f 3803 3820 3838
f 3803 3838 3857
f 6336 3847 3804
f 3804 3847 9891
f 3805 3831 3846
f 3846 3840 3805
f 3837 3829 3806
f 3807 3813 3843
f 3843 3832 3807
f 3808 3834 3886
f 3886 3880 3808
f 3808 3880 8056
f 3809 3817 3860
f 3809 3860 11519
f 3841 3813 3810
f 3810 3835 8944
f 3810 3836 3841
f 8944 3836 3810
f 4393 3873 3811
f 3811 3873 10265
f 10265 9627 3811
f 3812 3818 3852
f 11861 3819 3812
f 3812 3852 11861
f 3813 3841 3843
f 10229 3866 3814
f 3848 3831 3815
f 3815 3832 3848
f 3816 3870 9783
f 11296 3870 3816
f 11169 5516 3816
f 3816 5516 11296
f 9783 9606 3816
f 3817 3829 3839
f 3817 3839 3860
f 11871 3852 3818
f 3818 3854 11871
f 11990 3854 3818
f 3883 3842 3819
f 11861 3883 3819
f 3853 3838 3820
f 3898 3822 3821
f 8173 3898 3821
f 3822 3898 3899
f 3822 3899 9060
f 9060 5020 3822
f 3823 3824 3900
f 3823 3900 7105
f 7105 5306 3823
f 3901 3900 3824
f 7441 3901 3824
f 7578 7441 3824
f 3902 3826 3825
f 8333 3902 3825
f 3825 7455 9087
f 9087 8333 3825
f 3826 3902 3903
f 3826 3903 8347
f 3826 5391 7613
f 8347 5391 3826
f 3827 3828 3904
f 3827 3904 6917
f 6917 5913 3827
f 3905 3904 3828
f 6122 3905 3828
f 3829 3837 3849
f 3859 3839 3829
f 3829 3849 3859
f 3830 3876 4389
f 9243 3876 3830
f 3830 4389 6498
f 3830 6389 6781
f 3830 6498 10551
f 3830 6781 9243
f 3858 3846 3831
f 3831 3848 3858
f 3832 3843 3848
f 3833 3867 7199
f 8044 3867 3833
f 3833 5687 8044
f 12024 5687 3833
f 3833 7199 8580
f 3834 3866 3886
f 3889 3872 3835
f 3835 3872 8944
f 3835 3878 3889
f 9891 3878 3835
f 3855 3841 3836
f 3872 3855 3836
f 8944 3872 3836
f 3837 3840 3861
f 3861 3849 3837
f 3838 3853 3857
f 3859 3850 3839
f 3839 3850 11631
f 11631 3860 3839
f 3840 3846 3861
f 3862 3843 3841
f 3841 3855 3862
f 3888 3866 3842
f 3842 3866 10229
f 3842 3883 3908
f 3908 3888 3842
f 3862 3848 3843
f 3875 3845 3844
f 10265 3875 3844
f 3845 3875 3881
f 3845 3881 6336
f 3846 3858 3868
f 3868 3861 3846
f 3847 3878 9891
f 10553 3878 3847
f 3847 6336 6404
f 3847 6404 10553
f 3862 3858 3848
f 3861 3859 3849
f 3864 3855 3850
f 3850 3855 3874
f 3850 3859 3864
f 3850 3874 11631
f 3851 3869 7048
f 10307 3869 3851
f 3851 7048 10859
f 3851 7376 10307
f 3852 3887 11861
f 11871 3887 3852
f 3865 3857 3853
f 11519 3885 3854
f 3854 3885 11871
f 11990 11519 3854
f 3871 3862 3855
f 3855 3864 3871
f 3855 3872 3879
f 3879 3874 3855
f 3856 4391 5287
f 6728 4391 3856
f 3856 4472 4777
f 4778 4472 3856
f 3856 4777 4818
f 5287 4778 3856
f 3856 4818 7071
f 7071 6728 3856
f 3857 3865 4147
f 3857 4147 4913
f 3858 3862 3871
f 3871 3868 3858
f 3859 3861 3868
f 3868 3864 3859
f 3860 3874 3907
f 11631 3874 3860
f 3907 3885 3860
f 3860 3885 11519
f 3863 4147 4391
f 4953 4147 3863
f 3863 4391 6728
f 3863 4927 6350
f 8263 4927 3863
f 6733 4953 3863
f 3863 6350 8112
f 3863 6728 8263
f 8112 6733 3863
f 3864 3868 3871
f 4391 4147 3865
f 3888 3886 3866
f 3867 3877 7538
f 8044 3877 3867
f 7538 7199 3867
f 3869 3877 3882
f 7407 3877 3869
f 3869 3882 7047
f 3869 7047 7048
f 3869 7272 7407
f 7476 7272 3869
f 10307 7476 3869
f 3870 3890 7992
f 9714 3890 3870
f 3870 7992 9783
f 11296 9714 3870
f 11944 3879 3872
f 3872 3889 11944
f 3895 3884 3873
f 3873 3884 10265
f 8458 3895 3873
f 3873 4393 5980
f 3873 5980 8458
f 3874 3879 11932
f 11932 3907 3874
f 3892 3881 3875
f 3875 3884 3909
f 10265 3884 3875
f 3909 3892 3875
f 3876 3893 4389
f 5727 3893 3876
f 9243 5727 3876
f 8044 3882 3877
f 3877 7407 7926
f 7926 7538 3877
f 10508 3889 3878
f 10553 10508 3878
f 11944 11932 3879
f 3880 3886 3917
f 3880 3917 4382
f 3880 4382 8056
f 3881 3892 10553
f 6404 6336 3881
f 10553 6404 3881
f 3882 5688 7047
f 8044 5688 3882
f 3883 3891 3908
f 6711 3891 3883
f 11861 6711 3883
f 3884 3895 10385
f 10385 3909 3884
f 3915 3894 3885
f 3885 3894 11871
f 3885 3907 3915
f 3886 3888 3916
f 3886 3916 3917
f 3887 3894 11852
f 11871 3894 3887
f 11852 6711 3887
f 3887 6711 11861
f 3888 3908 3914
f 3888 3914 3916
f 10508 3897 3889
f 3889 3897 11944
f 3890 3910 7992
f 8577 3910 3890
f 9714 8577 3890
f 10320 3908 3891
f 3891 6711 12017
f 11845 10320 3891
f 12017 11845 3891
f 3892 3909 10241
f 10241 3913 3892
f 3892 3913 10553
f 5727 3906 3893
f 3893 3906 8057
f 8057 4389 3893
f 3894 3915 11907
f 11907 11852 3894
f 6390 3920 3895
f 3895 3920 10385
f 8458 6390 3895
f 6058 4371 3896
f 3896 4371 6350
f 4705 4451 3896
f 3896 4451 6058
f 5561 4705 3896
f 3896 4927 5561
f 6350 4927 3896
f 9779 3911 3897
f 3897 3911 11944
f 11859 9779 3897
f 3897 10508 11859
f 3934 3899 3898
f 6360 3934 3898
f 8173 6360 3898
f 3899 3934 3935
f 3899 3935 9382
f 9382 9060 3899
f 3900 3901 3936
f 3900 3936 6430
f 3900 6430 7105
f 3937 3936 3901
f 8965 3937 3901
f 3901 7441 8965
f 3938 3903 3902
f 8339 3938 3902
f 3902 8333 8339
f 3903 3938 3939
f 3903 3939 8661
f 8661 8347 3903
f 3904 3905 3940
f 3904 3940 6756
f 3904 6756 6917
f 3941 3940 3905
f 7860 3941 3905
f 6122 5053 3905
f 3905 5053 7860
f 6988 3910 3906
f 3906 3910 9814
f 3906 5727 9567
f 9567 6988 3906
f 3906 7072 8057
f 9814 7072 3906
f 3907 3912 3928
f 11932 3912 3907
f 3928 3915 3907
f 3918 3914 3908
f 10320 3918 3908
f 3909 3919 10241
f 10385 3919 3909
f 6988 4641 3910
f 3910 4641 7992
f 3910 8577 9814
f 9779 3912 3911
f 3911 3912 11932
f 3911 11932 11944
f 9779 3928 3912
f 10241 3922 3913
f 3913 3922 11859
f 3913 10508 10553
f 11859 10508 3913
f 3933 3916 3914
f 3914 3918 3930
f 3914 3930 3933
f 3928 3924 3915
f 3915 3924 11907
f 3943 3917 3916
f 3916 3933 3943
f 3917 3943 4382
f 3931 3930 3918
f 10320 3931 3918
f 9924 3925 3919
f 3919 3925 10241
f 3919 3927 9924
f 10385 3927 3919
f 6390 3932 3920
f 3920 3932 9941
f 3920 9941 10385
f 3921 3924 9886
f 11907 3924 3921
f 9886 3929 3921
f 3921 3929 12017
f 3921 11852 11907
f 12017 11852 3921
f 3922 3925 3926
f 10241 3925 3922
f 3922 3926 11859
f 3923 3929 10273
f 12017 3929 3923
f 3923 3931 11845
f 11923 3931 3923
f 3923 10273 11923
f 3923 11845 12017
f 3924 3928 9886
f 9886 3926 3925
f 3925 3929 9886
f 9924 3929 3925
f 3926 3928 9779
f 9886 3928 3926
f 3926 9779 11859
f 3927 3929 9924
f 10273 3929 3927
f 3927 9941 10273
f 10385 9941 3927
f 3930 3931 3942
f 5837 3933 3930
f 3930 3942 5837
f 11923 3942 3931
f 3931 10320 11845
f 7695 3942 3932
f 3932 3942 10273
f 6390 6002 3932
f 3932 6002 7695
f 10273 9941 3932
f 3957 3943 3933
f 3958 3957 3933
f 5837 3958 3933
f 3945 3935 3934
f 4534 3945 3934
f 6360 4534 3934
f 3935 3945 3946
f 3935 3946 9150
f 3935 9150 9382
f 3936 3937 3947
f 3936 3947 6642
f 6558 6430 3936
f 6642 6558 3936
f 3948 3947 3937
f 9354 3948 3937
f 3937 8965 9354
f 3949 3939 3938
f 6327 3949 3938
f 9758 6327 3938
f 3938 8339 9758
f 3939 3949 3950
f 3939 3950 8958
f 3939 5283 8661
f 8958 5283 3939
f 3940 3941 3951
f 3940 3951 9338
f 9338 6756 3940
f 3952 3951 3941
f 7860 3952 3941
f 7695 5837 3942
f 11923 10273 3942
f 3943 3957 7039
f 7039 4382 3943
f 7071 4818 3944
f 3944 4818 7407
f 3944 4842 4927
f 7407 4842 3944
f 3944 4927 8263
f 8263 7071 3944
f 3953 3946 3945
f 6662 3953 3945
f 3945 4534 6662
f 3946 3953 3954
f 3946 3954 9316
f 9316 9150 3946
f 3947 3948 3953
f 3947 3953 5634
f 3947 5634 6642
f 3954 3953 3948
f 8615 3954 3948
f 10201 8615 3948
f 3948 9354 10201
f 3955 3950 3949
f 11420 3955 3949
f 3949 6327 11420
f 3950 3955 3956
f 3950 3956 8627
f 3950 8627 8958
f 3951 3952 3955
f 3951 3955 8027
f 3951 8027 9338
f 3956 3955 3952
f 8697 3956 3952
f 3952 7860 8697
f 6662 5634 3953
f 3954 8615 9316
f 3955 6705 8027
f 11420 6705 3955
f 8697 8627 3956
f 3957 3958 7039
f 5837 3959 3958
f 3958 3959 7039
f 3959 3960 7039
f 7695 3960 3959
f 3959 5837 7695
f 3960 4372 5793
f 6002 4372 3960
f 3960 5793 7039
f 7695 6002 3960
f 4277 4100 3961
f 3961 4100 4309
f 4309 4195 3961
f 3961 4195 4918
f 5761 4277 3961
f 3961 4918 5761
f 3962 3971 4053
f 4084 3971 3962
f 3962 4053 4115
f 4115 4081 3962
f 3962 4081 4479
f 4479 4084 3962
f 3963 4238 4819
f 6101 4238 3963
f 3963 4818 5872
f 6111 4818 3963
f 3963 4819 5227
f 3963 5227 6111
f 3963 5872 6101
f 4209 4058 3964
f 3964 4058 4316
f 3965 4283 5567
f 5567 5411 3965
f 3966 4841 5351
f 7630 4841 3966
f 3966 5351 11231
f 11432 7630 3966
f 11231 9096 3966
f 3966 9096 11432
f 3967 3977 4411
f 6926 3977 3967
f 3967 4411 4678
f 3968 4802 8153
f 10430 4802 3968
f 8153 6264 3968
f 3968 6264 10949
f 10212 7355 3968
f 3968 7355 10430
f 10949 10212 3968
f 7015 4802 3969
f 3969 4802 10430
f 7355 6483 3969
f 3969 6483 9639
f 9279 7015 3969
f 10430 7355 3969
f 9639 9279 3969
f 3970 6063 6926
f 4209 4053 3971
f 3971 4058 4209
f 4220 4058 3971
f 3971 4084 11642
f 11642 4220 3971
f 3972 3973 4433
f 7240 3973 3972
f 3972 4433 5671
f 5671 5146 3972
f 3972 5146 7111
f 3972 7111 7240
f 3973 3979 6018
f 7240 3979 3973
f 5806 4433 3973
f 6018 5806 3973
f 3974 5671 7610
f 9735 5671 3974
f 6087 5956 3975
f 3975 5956 9560
f 11604 6087 3975
f 3975 7015 9279
f 9560 7015 3975
f 3975 7642 9256
f 9279 7642 3975
f 3975 9256 11604
f 5811 4469 3976
f 3976 4469 9816
f 3976 5804 5811
f 3976 5828 8582
f 9816 5828 3976
f 7837 4349 3977
f 3977 4349 8161
f 8161 4411 3977
f 6926 6063 3977
f 3977 6063 7837
f 5997 4470 3978
f 3978 4470 6622
f 3978 5146 5997
f 7111 5146 3978
f 3978 6622 7240
f 7240 7111 3978
f 7213 6018 3979
f 6622 6290 3979
f 3979 6290 7213
f 7240 6622 3979
f 9672 5669 3980
f 3980 5669 10135
f 10634 9672 3980
f 3980 10135 10624
f 3980 10624 10634
f 5324 4464 3981
f 3981 4464 5997
f 5146 4807 3981
f 3981 4807 5324
f 5997 5146 3981
f 3982 7502 8163
f 8190 7502 3982
f 8507 8159 3982
f 3982 8159 8933
f 3982 8163 8507
f 10713 8190 3982
f 3982 8933 9434
f 3982 9434 10713
f 5503 4385 3983
f 3983 4385 6455
f 3983 5250 5879
f 5586 5503 3983
f 5879 5586 3983
f 3984 5586 5879
f 7089 5586 3984
f 7065 5747 3984
f 3984 5747 7089
f 3984 5879 6067
f 3984 6067 7065
f 8482 3989 3985
f 3985 3989 10889
f 9127 4485 3985
f 3985 4485 9589
f 3985 7202 8482
f 9589 7202 3985
f 10889 9127 3985
f 3986 4448 9331
f 10998 4448 3986
f 10979 4465 3986
f 3986 9331 10979
f 3987 4007 5117
f 8963 4007 3987
f 3987 5117 7209
f 3987 5876 5881
f 7209 5876 3987
f 3987 5881 8963
f 3989 8482 11672
f 3989 9870 10889
f 10894 9870 3989
f 11672 10894 3989
f 3990 4465 7782
f 11874 6901 3990
f 3991 7765 11591
f 3992 4302 4650
f 4872 4302 3992
f 3992 4650 5316
f 5344 4872 3992
f 3992 5316 7328
f 7328 5344 3992
f 3993 4053 4209
f 4211 4053 3993
f 3994 5314 5530
f 6876 5314 3994
f 3994 5530 7594
f 3994 6083 7393
f 7594 6083 3994
f 3994 6480 6876
f 7868 6480 3994
f 3994 7393 7868
f 3995 4414 5559
f 5711 4414 3995
f 3995 5559 5713
f 6480 5711 3995
f 3995 5713 7427
f 3995 6446 6480
f 7427 6446 3995
f 3996 4275 4539
f 7355 4275 3996
f 3996 4539 6485
f 7343 6483 3996
f 3996 6483 7355
f 3996 6485 7343
f 3997 4611 5421
f 10906 4611 3997
f 5587 4820 3997
f 3997 4820 10906
f 3997 5421 8974
f 8974 5587 3997
f 7549 4010 3998
f 3998 4010 10633
f 5880 5734 3998
f 3998 5734 7549
f 7467 5880 3998
f 8137 7467 3998
f 10633 8137 3998
f 3999 4503 7217
f 9509 4503 3999
f 8171 7194 3999
f 3999 7194 9509
f 3999 7217 7218
f 3999 7218 8171
f 11785 4507 4000
f 4000 6011 11785
f 4001 4104 5467
f 7227 4104 4001
f 5527 4785 4001
f 4001 4785 7036
f 4001 5467 5527
f 4001 7036 7227
f 8193 6345 4002
f 4002 6345 10635
f 11720 8193 4002
f 4002 9672 10634
f 10635 9672 4002
f 4002 10634 11720
f 4003 4105 5966
f 6418 4105 4003
f 4003 4415 4680
f 5919 4415 4003
f 4003 4680 5874
f 4003 4734 5919
f 5966 4734 4003
f 4003 5874 6418
f 4004 4516 5895
f 8241 4516 4004
f 6011 4579 4004
f 4004 4579 9908
f 4004 5895 11785
f 11785 6011 4004
f 9908 8241 4004
f 4005 4084 5062
f 11642 4084 4005
f 4005 4404 11642
f 4007 4575 4597
f 5906 4575 4007
f 4007 4597 5117
f 8964 5906 4007
f 4007 8963 8964
f 6061 4192 4008
f 4008 4192 6410
f 4616 4560 4008
f 4008 4560 6061
f 4597 4575 4008
f 4008 4575 4616
f 7214 4597 4008
f 4008 6410 7214
f 8232 6948 4009
f 4009 6948 9639
f 7343 6957 4009
f 4009 6957 9190
f 9639 7343 4009
f 9190 8232 4009
f 4010 4432 5493
f 7549 4432 4010
f 8293 4503 4010
f 4010 4503 9509
f 4010 5493 8293
f 4010 9509 10633
f 4011 4634 5314
f 5867 4634 4011
f 4011 5314 6876
f 8641 5867 4011
f 6876 6446 4011
f 4011 6446 8641
f 4012 5917 9656
f 11872 5917 4012
f 4012 9656 11965
f 4012 9884 10431
f 11965 9884 4012
f 4012 10431 11872
f 4013 4019 6788
f 6948 4019 4013
f 6788 6470 4013
f 4013 6470 9256
f 4013 6641 6948
f 9256 6641 4013
f 4527 4523 4014
f 4014 4523 12025
f 9445 4527 4014
f 4014 5982 9524
f 12025 5982 4014
f 4014 8212 8994
f 9524 8212 4014
f 4014 8994 9445
f 6977 5056 4015
f 4015 5547 6977
f 4016 6035 8245
f 9366 6035 4016
f 4016 8245 10469
f 12048 9366 4016
f 10469 9413 4016
f 4016 9413 12048
f 7805 4031 4017
f 4017 4031 9626
f 4017 4521 9011
f 11265 4521 4017
f 9626 7273 4017
f 4017 7273 11265
f 9011 7805 4017
f 7944 5741 4018
f 4018 5741 9267
f 4018 5921 7226
f 9267 5921 4018
f 4019 4317 6570
f 8232 4317 4019
f 6570 5796 4019
f 4019 5796 6788
f 4019 6948 8232
f 4020 5500 7841
f 4020 5674 8160
f 4021 4860 5773
f 7716 4860 4021
f 7293 5182 4021
f 4021 5182 8510
f 4021 5773 7293
f 7841 7716 4021
f 8510 7841 4021
f 10390 6895 4022
f 4022 6895 11554
f 11787 10390 4022
f 11617 11359 4022
f 4022 11359 11787
f 4022 11554 11778
f 11778 11617 4022
f 4023 4024 10022
f 10701 4024 4023
f 10022 9547 4023
f 9889 8743 4024
f 4024 8743 10022
f 11815 9889 4024
f 4024 10701 11815
f 5558 4414 4025
f 4025 4414 5711
f 9742 5558 4025
f 4025 5711 6480
f 4025 6480 7868
f 4025 6579 6898
f 7868 6579 4025
f 4025 6898 9742
f 4026 4027 7231
f 7896 4027 4026
f 8200 6027 4026
f 4026 7231 8200
f 4026 7294 7896
f 4027 4509 5900
f 6031 4509 4027
f 4027 5900 10198
f 7896 6031 4027
f 10198 7231 4027
f 7710 5302 4028
f 4028 5302 10630
f 4028 6962 8997
f 10630 6962 4028
f 8002 7710 4028
f 8997 8002 4028
f 9507 6975 4029
f 4029 6975 10901
f 9512 9507 4029
f 11094 9512 4029
f 4029 9929 11094
f 11159 9929 4029
f 4029 10901 11159
f 6428 5762 4030
f 4030 6156 7138
f 8489 6156 4030
f 7138 6428 4030
f 4031 4032 5229
f 9717 4032 4031
f 4031 5229 9626
f 4031 7805 9717
f 6135 5229 4032
f 6821 6135 4032
f 7645 6821 4032
f 9717 7645 4032
f 4033 6070 8251
f 4033 8251 9030
f 4033 9030 10132
f 4034 4124 4671
f 4674 4124 4034
f 4034 4671 8219
f 4683 4674 4034
f 9435 4683 4034
f 4034 8219 10515
f 10515 9435 4034
f 4035 4068 4923
f 6231 4068 4035
f 4923 4109 4035
f 4035 4109 5263
f 4035 4475 6231
f 8742 4475 4035
f 4035 5263 9841
f 9841 8742 4035
f 6073 4536 4036
f 4036 4536 9438
f 6106 6073 4036
f 6107 6106 4036
f 8327 6107 4036
f 9438 8327 4036
f 6922 4042 4037
f 4037 4042 8905
f 5772 4057 4037
f 4037 4057 10191
f 4037 4915 5772
f 8905 4915 4037
f 4037 5167 6922
f 10191 5167 4037
f 4038 5846 6552
f 7690 5846 4038
f 4038 6552 9694
f 9226 7690 4038
f 9694 9226 4038
f 9537 4050 4039
f 4039 4050 11804
f 4039 11804 11937
f 6536 4617 4040
f 4040 4617 6773
f 4040 5215 6755
f 6773 5215 4040
f 6755 6536 4040
f 4041 4588 6111
f 7198 4588 4041
f 6111 5227 4041
f 4041 5227 7198
f 4042 4102 5356
f 7114 4102 4042
f 6922 4496 4042
f 4042 4496 7114
f 4042 5356 8905
f 4043 5757 7298
f 7655 6016 4043
f 4043 7298 7655
f 5017 4298 4044
f 6497 5017 4044
f 9759 6497 4044
f 4045 4632 9436
f 5476 4763 4045
f 4045 4763 6317
f 4046 4654 6144
f 9120 4654 4046
f 4046 4688 9120
f 12050 4688 4046
f 4046 6144 8492
f 4046 8492 12050
f 4047 4056 4378
f 5041 4056 4047
f 4047 4553 5041
f 4048 4049 6144
f 11713 4049 4048
f 6144 4654 4048
f 4048 4654 6149
f 4048 6149 7389
f 4048 7389 11713
f 4049 7386 11227
f 11713 7386 4049
f 10249 8169 4050
f 4050 8169 11804
f 4050 9537 10249
f 4051 6095 7433
f 12027 6095 4051
f 4727 4717 4052
f 4052 4717 7087
f 7086 4722 4052
f 7087 7086 4052
f 4211 4115 4053
f 4054 7418 9077
f 9583 7418 4054
f 4054 9077 9648
f 9725 9583 4054
f 4055 5520 11121
f 4487 4378 4056
f 6379 4487 4056
f 4056 5041 6379
f 4057 5772 9521
f 4057 7842 8524
f 9521 7842 4057
f 4057 8524 10191
f 5207 4316 4058
f 4059 4445 4824
f 4920 4445 4059
f 4059 4824 4918
f 4059 4918 4919
f 4059 4919 4920
f 4715 4071 4060
f 4060 4071 4729
f 4729 4261 4060
f 4060 4261 4946
f 6841 4715 4060
f 4060 4946 6841
f 7466 4231 4061
f 4061 4231 8502
f 9694 7466 4061
f 4061 8502 9694
f 5737 4722 4062
f 4062 4722 7086
f 5740 5737 4062
f 7086 5740 4062
f 4063 6123 7314
f 8765 6123 4063
f 11451 8765 4063
f 4064 4069 5601
f 6393 5331 4064
f 4064 5601 6393
f 4065 4232 6578
f 8502 4232 4065
f 4065 6578 9226
f 9694 8502 4065
f 4065 9226 9694
f 5731 5699 4066
f 4066 5699 5923
f 4067 6238 10455
f 11782 6238 4067
f 10455 7461 4067
f 4068 4426 4793
f 6873 4426 4068
f 4068 4793 9002
f 9002 4923 4068
f 4068 6231 6873
f 4069 4218 5442
f 4069 5442 5601
f 11632 4076 4070
f 4070 4076 11773
f 7330 4182 4070
f 4070 4182 11632
f 4070 5697 7330
f 11773 5697 4070
f 4071 4715 5418
f 5149 4729 4071
f 6801 5149 4071
f 4071 5418 5472
f 4071 5472 6801
f 4072 4073 4182
f 5929 4073 4072
f 4072 4182 4882
f 4072 4882 6604
f 7821 5929 4072
f 4072 6604 7478
f 4072 7478 7821
f 4113 4086 4073
f 4073 4086 4182
f 5420 4113 4073
f 7001 5420 4073
f 4073 5929 7001
f 4074 4331 6778
f 8050 4331 4074
f 6778 5710 4074
f 4074 5710 6795
f 4074 6795 9542
f 4074 7470 8050
f 9552 7470 4074
f 4074 9542 9552
f 4075 4445 4591
f 4816 4445 4075
f 4075 4591 6333
f 4928 4816 4075
f 4075 6333 7608
f 4076 4445 4816
f 11632 4445 4076
f 4076 4816 4916
f 4076 4916 11773
f 4077 4079 8397
f 9101 4079 4077
f 4077 7483 9101
f 11170 7483 4077
f 4077 8397 10479
f 4077 10479 11170
f 5690 4246 4078
f 6028 5690 4078
f 6432 6028 4078
f 4078 6029 6432
f 4079 4845 9610
f 11792 4845 4079
f 9610 8397 4079
f 4079 9101 9604
f 4079 9604 9605
f 4079 9605 11792
f 4080 4631 7688
f 9185 4631 4080
f 5886 5609 4080
f 4080 5609 9185
f 8886 5886 4080
f 4080 7688 8612
f 4080 8612 8886
f 4081 4115 4495
f 4081 4254 4479
f 8997 6962 4082
f 4082 6962 11579
f 4082 7747 9890
f 11579 7747 4082
f 9146 8997 4082
f 9890 9146 4082
f 4083 4310 7341
f 8439 4310 4083
f 4083 5192 5311
f 5723 5192 4083
f 4083 5311 8439
f 7341 5631 4083
f 4083 5631 7988
f 7988 5723 4083
f 4084 4479 4810
f 4084 4810 5062
f 6323 4092 4085
f 11452 6323 4085
f 11934 11452 4085
f 4086 4113 4824
f 11632 4182 4086
f 4086 4824 11632
f 4488 4478 4087
f 4087 4478 5606
f 4615 4488 4087
f 5606 4613 4087
f 4087 4613 7420
f 4087 4614 5736
f 7420 4614 4087
f 5736 4615 4087
f 4088 4139 5483
f 6896 4139 4088
f 6412 4494 4088
f 4088 4494 10656
f 4088 5483 6412
f 10656 6896 4088
f 4089 8922 9202
f 11195 8922 4089
f 4089 9202 9232
f 4089 9232 11909
f 11739 11195 4089
f 11909 11739 4089
f 4090 5220 6162
f 6162 5282 4090
f 6554 4779 4091
f 4091 4779 7371
f 6815 5648 4091
f 7371 6815 4091
f 4092 6323 7286
f 7286 6511 4092
f 4093 4096 4865
f 8471 4096 4093
f 4865 4862 4093
f 4093 4862 9058
f 4093 8422 8471
f 9058 8422 4093
f 4094 4862 5593
f 7531 4862 4094
f 5593 4879 4094
f 4094 4879 10192
f 7808 7531 4094
f 10192 7808 4094
f 6324 4098 4095
f 4095 4098 7151
f 8650 6324 4095
f 7151 7090 4095
f 4095 7090 9321
f 9321 8650 4095
f 8471 6324 4096
f 4096 6324 8650
f 4097 4164 7843
f 9899 4164 4097
f 4097 7843 11655
f 10809 9899 4097
f 11655 10809 4097
f 4098 4878 7151
f 8431 4878 4098
f 6324 5425 4098
f 4098 5425 6351
f 4098 6351 8431
f 4099 4892 9964
f 9130 6335 4099
f 9964 9130 4099
f 4100 4130 4196
f 4413 4130 4100
f 4100 4196 4309
f 4100 4277 4413
f 4491 4169 4101
f 4101 4169 5279
f 4372 4357 4101
f 4101 4357 5809
f 5279 4372 4101
f 4101 4466 4491
f 4627 4466 4101
f 5809 4627 4101
f 4102 4424 4900
f 7114 4424 4102
f 4102 4900 5356
f 4103 6502 7481
f 10156 6502 4103
f 4104 4339 5155
f 9821 4339 4104
f 7227 4665 4104
f 4104 4665 9821
f 5155 4932 4104
f 4104 4932 5467
f 4577 4501 4105
f 4105 4501 5966
f 7209 4577 4105
f 4105 6418 7209
f 5313 4462 4106
f 4106 4462 6362
f 5244 4779 4106
f 4106 4779 5313
f 4106 4884 5244
f 5756 4884 4106
f 6362 5756 4106
f 4107 4108 4150
f 4861 4108 4107
f 4150 4136 4107
f 4107 4136 5157
f 4107 4859 4861
f 5157 4859 4107
f 4585 4123 4108
f 4108 4123 4972
f 4972 4150 4108
f 4684 4585 4108
f 4861 4684 4108
f 4698 4525 4109
f 4109 4525 8249
f 6151 4698 4109
f 4923 4850 4109
f 4109 4850 6151
f 8249 5263 4109
f 4110 4290 5401
f 5789 4290 4110
f 4110 5401 5788
f 4110 5788 7152
f 7152 5789 4110
f 7737 6530 4111
f 4111 6530 10660
f 4111 7368 7737
f 9965 7368 4111
f 4111 8408 9965
f 10660 8408 4111
f 6371 4853 4112
f 4112 5307 6371
f 11638 5307 4112
f 5420 4114 4113
f 4113 4114 6920
f 4113 4135 4824
f 6920 4135 4113
f 4114 4851 4853
f 5420 4851 4114
f 4114 4853 6371
f 4114 6371 8406
f 8406 6920 4114
f 4115 4211 4791
f 4791 4495 4115
f 4116 5002 6441
f 7761 5002 4116
f 4116 5285 5488
f 6290 5285 4116
f 4116 5445 6290
f 6394 5445 4116
f 4116 5488 7761
f 6441 6394 4116
f 4117 4123 4585
f 4921 4123 4117
f 4117 4896 4921
f 6090 4896 4117
f 8443 4875 4118
f 10042 8443 4118
f 4118 9719 10042
f 7545 7246 4119
f 4119 7246 9367
f 8982 7545 4119
f 9139 8982 4119
f 9145 9139 4119
f 10664 9145 4119
f 4119 9367 10664
f 5249 5080 4120
f 4120 5080 5573
f 5573 5207 4120
f 4120 5207 9257
f 9257 5249 4120
f 5167 4545 4121
f 4121 4545 7817
f 7817 4877 4121
f 4121 4877 8129
f 5451 5167 4121
f 5463 5451 4121
f 8129 5463 4121
f 4122 4879 6474
f 10192 4879 4122
f 4122 6474 8457
f 9893 6611 4122
f 4122 6611 10192
f 4122 8457 9893
f 4921 4428 4123
f 4123 4428 4972
f 4124 4143 4364
f 4727 4143 4124
f 4124 4364 4707
f 4707 4671 4124
f 4124 4674 4727
f 11179 4227 4125
f 4125 4227 11205
f 11069 8141 4125
f 4125 8141 11240
f 11205 11069 4125
f 11240 11179 4125
f 4126 4127 4128
f 10456 4127 4126
f 4126 4128 8453
f 4126 8453 9147
f 4126 9147 10456
f 12029 4128 4127
f 4127 4912 9332
f 10456 4912 4127
f 9332 8378 4127
f 4127 8378 12029
f 4128 4133 6401
f 12029 4133 4128
f 6401 4935 4128
f 4128 4935 8453
f 4129 4220 11642
f 11642 4404 4129
f 4337 4196 4130
f 4413 4241 4130
f 4130 4241 11742
f 4427 4337 4130
f 4829 4427 4130
f 11742 4829 4130
f 4131 4154 5716
f 6964 4154 4131
f 7143 5004 4131
f 4131 5004 7740
f 4131 5716 7143
f 7740 6964 4131
f 4132 4261 4659
f 4946 4261 4132
f 4132 4659 5388
f 5388 4806 4132
f 4132 4806 6831
f 5882 4946 4132
f 6831 5882 4132
f 4133 4938 8466
f 12029 4938 4133
f 10115 6401 4133
f 4133 8466 10141
f 10141 10115 4133
f 4134 5534 7256
f 5707 4178 4135
f 4135 4178 5761
f 5761 4824 4135
f 6920 5707 4135
f 4136 4150 4685
f 5277 4402 4137
f 4137 4402 5734
f 5880 4426 4137
f 4137 4426 6295
f 6295 5277 4137
f 4137 5734 5880
f 7568 4938 4138
f 4138 4938 8962
f 4138 6411 7568
f 4139 4474 6171
f 6896 4474 4139
f 6171 4751 4139
f 4139 4751 6476
f 6476 5483 4139
f 5567 4538 4140
f 4140 4538 11076
f 5413 5411 4140
f 4140 5411 5567
f 7251 5413 4140
f 11076 9245 4140
f 4141 4357 4372
f 5809 4357 4141
f 4141 4372 6002
f 6159 5809 4141
f 4141 6002 6390
f 8458 6159 4141
f 4141 6390 8458
f 5877 5534 4142
f 4142 5534 6797
f 6311 5877 4142
f 6546 6311 4142
f 4500 4364 4143
f 4725 4500 4143
f 4144 5008 5012
f 10661 5008 4144
f 4144 5012 9325
f 9325 7575 4144
f 4144 7575 10274
f 10274 9651 4144
f 4144 9651 10661
f 4145 4368 4462
f 6399 4368 4145
f 4145 4462 5313
f 5313 5269 4145
f 4145 5269 6903
f 6903 6399 4145
f 5009 4153 4146
f 5024 4520 4146
f 4146 4685 4971
f 4146 4971 5024
f 4953 4913 4147
f 4151 4149 4148
f 4148 4149 5307
f 6422 4151 4148
f 4148 5307 11638
f 4148 6361 6422
f 11638 6361 4148
f 4149 4151 7519
f 4149 4421 6424
f 7519 4421 4149
f 6424 5307 4149
f 4971 4685 4150
f 4972 4971 4150
f 4151 4179 7519
f 11661 4179 4151
f 4151 6422 6510
f 4151 6510 11661
f 10678 5015 4152
f 4152 5015 11026
f 11026 6609 4152
f 4152 7390 10678
f 4154 5335 5716
f 8520 5335 4154
f 4154 6964 7747
f 4154 7747 11579
f 11579 8520 4154
f 4155 4172 5712
f 5834 4172 4155
f 4155 4599 5834
f 5922 4599 4155
f 4155 5712 6114
f 6618 5922 4155
f 4155 6114 6618
f 4156 4200 4441
f 5673 4200 4156
f 4156 4288 5673
f 6509 4288 4156
f 4156 4441 4558
f 4156 4558 5079
f 4156 5079 6509
f 7417 5083 4157
f 4157 5083 11280
f 4157 5354 6228
f 6603 5354 4157
f 4157 6228 6601
f 4157 6601 7417
f 11280 6603 4157
f 4663 4193 4158
f 4158 4193 5023
f 4972 4428 4158
f 4158 4428 5069
f 6218 4663 4158
f 5023 4972 4158
f 4158 5069 6218
f 4159 5799 6406
f 5413 4283 4160
f 4160 4283 5415
f 4160 5411 5413
f 5415 5411 4160
f 4161 4466 4627
f 7992 4466 4161
f 4161 4627 5918
f 5918 4786 4161
f 4161 4786 9783
f 9783 7992 4161
f 7014 5335 4162
f 4162 5335 8520
f 4162 5368 8101
f 10630 5368 4162
f 8520 6962 4162
f 4162 6962 10630
f 8101 7014 4162
f 7583 6445 4163
f 4163 6445 9186
f 12040 7583 4163
f 4163 7604 8063
f 9186 7604 4163
f 4163 8063 12040
f 4164 4394 6399
f 9899 4394 4164
f 4164 6399 6777
f 4164 6777 7843
f 4165 4288 4412
f 4673 4288 4165
f 4165 4412 9899
f 7816 4673 4165
f 8329 7816 4165
f 10126 8329 4165
f 4165 9899 10126
f 4166 4178 4924
f 5761 4178 4166
f 4166 4202 4277
f 6623 4202 4166
f 4166 4277 5761
f 4166 4924 6623
f 4167 8855 10268
f 10704 8855 4167
f 8274 4580 4168
f 4168 4580 10289
f 4168 4986 7129
f 8262 4986 4168
f 4168 7129 8274
f 9452 8262 4168
f 10289 9452 4168
f 4169 4383 4386
f 7428 4383 4169
f 4169 4386 4457
f 4169 4457 5279
f 4169 4491 7428
f 4170 4247 6203
f 6764 4247 4170
f 6203 4831 4170
f 4170 4831 6393
f 6393 5826 4170
f 4170 5826 7956
f 7956 6764 4170
f 4171 6050 6434
f 10169 6050 4171
f 4171 6434 10816
f 10942 10169 4171
f 4171 10816 10942
f 4172 4652 4847
f 6097 4652 4172
f 4172 4847 5712
f 5834 5642 4172
f 4172 5642 6895
f 6895 6097 4172
f 10628 7344 4173
f 4173 7344 11598
f 5012 5008 4174
f 4174 5008 10941
f 7224 5012 4174
f 4174 5017 7727
f 9079 5017 4174
f 7727 7224 4174
f 10941 9079 4174
f 4176 5447 7103
f 11070 5447 4176
f 4176 7103 10982
f 4176 10982 11072
f 11445 11070 4176
f 4176 11072 11445
f 4190 4183 4177
f 4177 4183 9187
f 4177 9187 10105
f 4970 4924 4178
f 7571 4970 4178
f 4178 5707 7571
f 5251 4584 4179
f 4179 4584 6478
f 11661 5251 4179
f 4179 6478 7519
f 4412 4288 4180
f 4180 4288 6509
f 4180 4292 4368
f 6421 4292 4180
f 4180 4368 4394
f 4180 4394 4412
f 4180 5025 6421
f 6509 5025 4180
f 4181 4183 8522
f 9187 4183 4181
f 4181 6465 9187
f 9994 6465 4181
f 4181 8522 9995
f 9995 9994 4181
f 7330 4882 4182
f 4183 4190 8522
f 5905 4191 4184
f 4184 4406 5281
f 9504 4406 4184
f 4184 5281 5905
f 11914 6314 4185
f 4185 6314 11969
f 4185 11748 11914
f 4185 11969 11971
f 4186 4313 7401
f 7401 6617 4186
f 6276 4257 4187
f 4187 4257 8675
f 4699 4259 4187
f 4187 4259 6276
f 4188 5047 9999
f 8063 7604 4188
f 9195 8063 4188
f 9999 9195 4188
f 4189 6235 9189
f 12031 6235 4189
f 4189 6274 6686
f 11040 6274 4189
f 4189 6686 6830
f 4189 6830 8324
f 4189 8324 12031
f 4189 9189 11040
f 4190 5052 8522
f 10096 5052 4190
f 4191 6796 6968
f 4192 5992 6410
f 7971 5992 4192
f 4192 6061 7971
f 4663 4194 4193
f 4193 4194 5613
f 5067 5023 4193
f 5628 5067 4193
f 4193 5613 5628
f 4663 4219 4194
f 4194 4219 4724
f 4194 4724 8061
f 8061 5613 4194
f 4195 4309 4621
f 4195 4621 6508
f 4195 4869 4918
f 6385 4869 4195
f 6508 6385 4195
f 6700 4309 4196
f 4196 4337 4739
f 4196 4739 6700
f 5319 4218 4197
f 4197 4223 4471
f 4197 4471 5319
f 4198 4350 4520
f 5336 4350 4198
f 4198 4520 5024
f 4198 5024 5067
f 4198 5067 5336
f 5248 4202 4199
f 4199 4202 5904
f 5081 4208 4199
f 4199 4208 5417
f 5904 5081 4199
f 5417 5248 4199
f 6791 4441 4200
f 5673 4696 4200
f 4200 4696 7491
f 7491 6791 4200
f 6192 5107 4201
f 4201 5107 9214
f 10003 6192 4201
f 4201 8885 10004
f 11184 8885 4201
f 4201 9214 9479
f 4201 9479 11184
f 10004 10003 4201
f 4413 4277 4202
f 4202 4295 4413
f 5248 4295 4202
f 6623 5904 4202
f 7349 4873 4203
f 4203 4873 9421
f 8403 7349 4203
f 9421 7994 4203
f 4203 7994 10582
f 10582 8403 4203
f 6901 5002 4204
f 4204 5002 7761
f 4204 5083 7417
f 7597 5083 4204
f 4204 5488 7597
f 7761 5488 4204
f 7417 6901 4204
f 4205 4424 4713
f 5110 4424 4205
f 4205 4513 5619
f 6246 4513 4205
f 4205 4713 6246
f 5619 5110 4205
f 4206 4231 7401
f 8502 4231 4206
f 4206 7401 9708
f 8604 8502 4206
f 10918 8604 4206
f 4206 9708 10918
f 8652 5217 4207
f 4207 5380 9312
f 9312 8652 4207
f 4208 5081 5082
f 4208 5082 9373
f 4208 5120 5121
f 9373 5120 4208
f 4208 5121 5417
f 4210 4226 6687
f 8604 4226 4210
f 4210 4232 4708
f 6588 4232 4210
f 4210 4708 8604
f 6687 6588 4210
f 6548 4214 4212
f 4212 4214 7698
f 9693 6548 4212
f 4212 7698 9220
f 4212 9220 9600
f 4212 9600 9693
f 6544 5130 4213
f 4213 5130 8387
f 8551 6544 4213
f 8353 7080 4213
f 4213 7080 8551
f 8387 7697 4213
f 4213 7697 8567
f 8567 8353 4213
f 4214 6548 12022
f 12082 7698 4214
f 12022 8967 4214
f 4214 8967 12082
f 4215 4751 5814
f 8270 4751 4215
f 4215 4795 10957
f 11256 4795 4215
f 10846 5291 4215
f 4215 5291 11256
f 4215 5814 10846
f 10957 8270 4215
f 8937 5977 4216
f 4216 5977 9892
f 9216 8937 4216
f 9327 9216 4216
f 4217 5150 8558
f 11576 5150 4217
f 9214 8368 4217
f 4217 8368 10637
f 4217 8558 9214
f 4217 10637 11145
f 4217 11145 11576
f 4218 5319 5442
f 4219 4663 6218
f 5152 4724 4219
f 5689 5152 4219
f 6508 5689 4219
f 4219 6218 6508
f 7709 6574 4221
f 4221 6574 11047
f 4221 7707 10573
f 11047 7707 4221
f 4222 6575 8353
f 11047 6575 4222
f 8567 7706 4222
f 4222 7706 8736
f 4222 8353 8567
f 4222 8736 11047
f 8708 4471 4223
f 4223 5341 8708
f 4224 5151 7690
f 10951 5151 4224
f 9226 6578 4224
f 4224 6578 9237
f 4224 7690 9226
f 4224 9237 10951
f 10353 8535 4225
f 4225 8535 11167
f 10951 9237 4225
f 4225 9237 11190
f 11190 10353 4225
f 11167 10951 4225
f 9047 6687 4226
f 10015 7715 4226
f 4226 7715 11448
f 4226 8604 10918
f 11448 9047 4226
f 10918 10015 4226
f 11179 11136 4227
f 4227 11136 11205
f 4228 5400 8569
f 8920 5400 4228
f 8603 5999 4228
f 4228 5999 9202
f 4228 8569 8603
f 8922 8920 4228
f 9202 8922 4228
f 4229 8266 8470
f 11375 8266 4229
f 4229 8470 11242
f 4229 11242 11471
f 5999 4669 4230
f 4230 4669 9247
f 4230 5692 9232
f 9247 5692 4230
f 9202 5999 4230
f 9232 9202 4230
f 4231 6617 7401
f 7466 6617 4231
f 8502 4708 4232
f 11189 6578 4232
f 4232 6588 11189
f 6732 4908 4233
f 4233 5390 6732
f 4335 4295 4234
f 4234 4295 5248
f 4937 4335 4234
f 5243 4937 4234
f 5417 5121 4234
f 4234 5248 5417
f 4235 4427 4829
f 6542 4427 4235
f 4235 4829 8004
f 6643 6542 4235
f 10932 6643 4235
f 9253 6631 4236
f 4236 6631 9261
f 4236 7722 9253
f 5216 4239 4237
f 4237 4239 10712
f 4237 10712 12070
f 4238 4384 6154
f 6730 4384 4238
f 6154 4819 4238
f 4238 6101 6730
f 4239 5216 8310
f 8310 5228 4239
f 4239 5228 8876
f 4239 8876 9713
f 4239 9713 10712
f 4240 9275 9658
f 10611 9275 4240
f 4240 9493 10611
f 4241 4295 4335
f 4413 4295 4241
f 4241 4335 5422
f 5422 5358 4241
f 4241 5358 6678
f 4241 6678 11742
f 4242 5239 6105
f 9278 5239 4242
f 4242 6682 9278
f 9311 6682 4242
f 10313 4255 4244
f 4244 4255 11777
f 4244 7215 10313
f 11803 7215 4244
f 4244 11777 11803
f 4245 5254 10044
f 6668 6650 4245
f 11712 6668 4245
f 4245 10044 11712
f 4600 4408 4246
f 5690 4600 4246
f 4247 4498 4975
f 6764 4498 4247
f 4247 4975 7268
f 7268 6203 4247
f 4248 4675 5126
f 6677 4675 4248
f 5612 4975 4248
f 4248 4975 6654
f 4248 5126 5612
f 4248 6654 7050
f 7050 6677 4248
f 6740 6680 4249
f 4249 6680 10054
f 4249 6719 6739
f 10054 6719 4249
f 4249 6739 7465
f 7465 6740 4249
f 10207 5240 4250
f 4250 5240 12071
f 6701 5278 4250
f 4250 5278 10207
f 12071 6701 4250
f 6392 6315 4251
f 4251 6315 8382
f 10187 6392 4251
f 10840 4458 4252
f 4252 8632 8696
f 11699 8632 4252
f 4252 8696 9336
f 4252 9336 10840
f 4253 4256 9739
f 10520 4256 4253
f 7784 5299 4253
f 9739 7784 4253
f 4254 4321 4479
f 4255 5423 11777
f 10313 7077 4255
f 7838 4264 4256
f 4256 4264 8246
f 4256 6738 7838
f 10520 6738 4256
f 4256 8246 9739
f 4257 5986 8756
f 8756 8675 4257
f 4258 4378 4487
f 6627 4378 4258
f 4258 4487 6339
f 4258 6339 7878
f 7878 6627 4258
f 4697 4260 4259
f 4699 4697 4259
f 4260 4697 8639
f 8639 5863 4260
f 4260 5863 9117
f 5174 4659 4261
f 4261 4729 5174
f 4262 4759 4831
f 9306 4759 4262
f 4262 4831 9837
f 4262 8512 9306
f 11800 8512 4262
f 4262 9837 11738
f 4262 11738 11800
f 4263 4264 7838
f 10339 4264 4263
f 10058 5370 4263
f 4263 5370 10339
f 7838 6738 4263
f 4263 6738 10440
f 10440 10058 4263
f 9317 8246 4264
f 11046 9317 4264
f 4264 10339 11046
f 5144 4296 4265
f 4265 4296 6804
f 4265 4440 4675
f 6823 4440 4265
f 4265 4675 5584
f 5584 5144 4265
f 4265 6804 6823
f 4266 4423 10976
f 11709 4423 4266
f 4266 6146 6743
f 11698 6146 4266
f 4266 6743 11709
f 4266 10976 11698
f 4268 4814 8977
f 4269 6258 7473
f 10467 6258 4269
f 4269 7473 12065
f 4269 10250 10467
f 10470 10250 4269
f 12065 10470 4269
f 4270 5355 6757
f 9546 5355 4270
f 4270 6757 9765
f 4270 8390 8704
f 9765 8390 4270
f 4270 8704 9808
f 9808 9546 4270
f 4271 6008 7245
f 7440 6008 4271
f 4271 6745 7440
f 9407 6745 4271
f 4271 7245 10665
f 10665 9407 4271
f 6499 5519 4272
f 4272 5519 8666
f 4272 6221 6499
f 10107 6221 4272
f 6870 6246 4272
f 4272 6246 10107
f 8666 6870 4272
f 5126 4440 4273
f 4273 4440 8174
f 9078 5126 4273
f 4273 5720 5822
f 8174 5720 4273
f 4273 5822 7370
f 4273 7370 9078
f 4808 4324 4274
f 4274 4324 4864
f 9845 4808 4274
f 4274 4864 10623
f 10547 9845 4274
f 10623 10547 4274
f 4750 4539 4275
f 5641 4750 4275
f 8342 5641 4275
f 4275 7355 10212
f 10212 8342 4275
f 8695 7840 4276
f 9335 8695 4276
f 10067 9335 4276
f 4278 4415 5919
f 6167 4415 4278
f 4278 5119 6167
f 9026 5119 4278
f 4278 5919 6080
f 4278 6080 9026
f 4712 4296 4280
f 4280 4296 6658
f 5538 4533 4280
f 4280 4533 6606
f 6606 4712 4280
f 6658 5538 4280
f 7772 5370 4281
f 4281 5370 10058
f 4281 5395 7772
f 4282 4287 5362
f 6957 4287 4282
f 4766 4317 4282
f 4282 4317 8232
f 5362 4766 4282
f 9190 6957 4282
f 4282 8232 9190
f 4283 5409 5415
f 4283 5413 5414
f 4283 5414 5567
f 4284 6203 7268
f 9837 6203 4284
f 7268 6261 4284
f 4284 6261 8228
f 4284 8228 11650
f 11738 9837 4284
f 4284 11650 11738
f 6748 5427 4285
f 4285 5427 7225
f 10067 6748 4285
f 4285 7225 9335
f 4285 9335 10067
f 4286 5427 6776
f 8684 5427 4286
f 4286 6776 7879
f 7879 6790 4286
f 4286 6790 10558
f 10082 8684 4286
f 10558 10082 4286
f 6485 4416 4287
f 4287 4416 8419
f 8419 5362 4287
f 6957 6485 4287
f 4673 4439 4288
f 4288 4439 5673
f 5041 4531 4289
f 4289 4531 5843
f 6058 4956 4289
f 4289 4956 6379
f 6379 5041 4289
f 4289 5843 5871
f 4289 5871 6058
f 4290 4681 5450
f 5789 4681 4290
f 6319 5401 4290
f 4290 5450 8083
f 4291 4293 8638
f 9569 4293 4291
f 9283 5458 4291
f 4291 5458 9569
f 8638 5473 4291
f 4291 5473 10967
f 10967 9283 4291
f 4462 4368 4292
f 6362 4462 4292
f 6421 6362 4292
f 4293 6248 6810
f 9569 6248 4293
f 4293 6810 9792
f 4293 6862 8638
f 9792 6862 4293
f 4800 4312 4294
f 4294 4312 6779
f 4294 4363 5438
f 6779 4363 4294
f 6471 4800 4294
f 4294 5438 6471
f 4296 4712 6804
f 4296 5144 6658
f 6782 6169 4297
f 4297 6169 9864
f 9864 6408 4297
f 4297 6408 11735
f 6783 6782 4297
f 11735 6783 4297
f 4298 5017 9079
f 4299 5473 6861
f 7897 5473 4299
f 9522 6706 4299
f 7641 7185 4300
f 4300 7185 7907
f 11779 7641 4300
f 4300 7907 7980
f 4300 7980 11731
f 4300 11731 11779
f 5316 4650 4301
f 4301 4650 9561
f 4301 5068 5316
f 10644 5068 4301
f 9561 6816 4301
f 4301 6816 10644
f 5122 4650 4302
f 4302 4872 5286
f 6053 5122 4302
f 4302 5286 6464
f 6464 6053 4302
f 4303 4478 5514
f 10797 4478 4303
f 4303 4863 5297
f 5514 4863 4303
f 4303 5297 10908
f 10908 10797 4303
f 11677 5502 4304
f 4304 6010 6993
f 4304 6993 11652
f 11652 10850 4304
f 4304 10850 11677
f 4305 8710 12067
f 4305 9780 12035
f 12067 9780 4305
f 4306 4401 8668
f 4306 4801 8992
f 8668 5749 4306
f 7941 4789 4307
f 4307 4789 11464
f 5797 5705 4307
f 4307 5705 9266
f 7938 5797 4307
f 4307 5803 7938
f 11464 5803 4307
f 9266 7941 4307
f 6560 4328 4308
f 4308 4328 10370
f 4308 4515 5544
f 10370 4515 4308
f 4308 5544 8062
f 7085 6560 4308
f 8062 7085 4308
f 6700 4621 4309
f 6939 4747 4310
f 4310 4747 7029
f 12062 6939 4310
f 4310 7029 7341
f 8439 7312 4310
f 4310 7312 12062
f 6779 4312 4311
f 4311 4312 10302
f 11681 6779 4311
f 8829 6887 4311
f 4311 6887 11681
f 10302 8829 4311
f 4312 4800 5792
f 4312 5792 10302
f 9708 7401 4313
f 4313 8499 9708
f 4314 5484 8749
f 11128 5484 4314
f 9796 5553 4314
f 4314 5553 10560
f 4314 8749 9796
f 4314 10560 11128
f 4315 4323 6750
f 6869 4323 4315
f 4315 5491 6869
f 9362 5491 4315
f 4315 6750 7931
f 4315 7931 9362
f 4316 5207 5573
f 4317 4766 6570
f 4318 4709 4873
f 5795 4709 4318
f 4318 4873 7017
f 4318 5631 5795
f 7017 5631 4318
f 4319 4780 5665
f 8070 4780 4319
f 4319 5665 8370
f 8370 8070 4319
f 4320 5560 7616
f 7771 5560 4320
f 4320 6089 6202
f 9792 6089 4320
f 4320 6202 7771
f 7616 6862 4320
f 4320 6862 9792
f 4810 4479 4321
f 8404 6126 4322
f 4322 6126 9018
f 9018 7966 4322
f 4322 7966 10698
f 8816 8404 4322
f 10698 8816 4322
f 6936 4325 4323
f 4323 4325 9069
f 4323 5619 6750
f 9069 5619 4323
f 4323 6869 6936
f 4324 4712 5617
f 6767 4712 4324
f 4324 4808 6767
f 7026 5110 4325
f 4325 5110 9069
f 4325 6936 9392
f 12068 7026 4325
f 4325 9392 12068
f 5695 5585 4326
f 4326 5585 9393
f 7419 5666 4326
f 4326 5666 9937
f 9937 5695 4326
f 8753 7419 4326
f 9393 8753 4326
f 4327 4774 5245
f 7388 5213 4327
f 4327 6433 6545
f 7023 6433 4327
f 4327 6545 7388
f 6560 4356 4328
f 4328 4356 8953
f 8953 4749 4328
f 4328 4749 10370
f 7493 4631 4329
f 4329 4631 9185
f 5549 5428 4329
f 4329 5428 7493
f 7898 5549 4329
f 4329 7243 7898
f 9185 7243 4329
f 4330 5539 8762
f 9386 5539 4330
f 10557 8714 4330
f 4330 8714 12046
f 4330 8762 10557
f 12046 9386 4330
f 4331 4992 5513
f 8050 4992 4331
f 5513 5111 4331
f 4331 5111 8233
f 8233 6778 4331
f 4344 4333 4332
f 4332 4333 5565
f 5595 4344 4332
f 4332 5565 6843
f 6972 5595 4332
f 4333 4344 8371
f 7398 5565 4333
f 11338 7398 4333
f 4333 8371 11338
f 6953 5591 4334
f 4334 5591 8789
f 8028 6953 4334
f 4334 7069 7786
f 10117 7069 4334
f 4334 7786 8028
f 4334 8789 10117
f 4335 4937 6649
f 6649 5422 4335
f 4336 5205 7828
f 7984 5205 4336
f 9955 7984 4336
f 4337 4427 6542
f 5197 4739 4337
f 6643 5197 4337
f 4337 6542 6643
f 8953 4356 4338
f 4338 4356 9125
f 4338 4373 7063
f 9594 4373 4338
f 7063 6283 4338
f 4338 6283 8953
f 4338 9125 9594
f 4339 4689 8634
f 8853 4689 4339
f 8634 5155 4339
f 9821 8853 4339
f 8737 6900 4340
f 4340 6900 8769
f 10845 8737 4340
f 4340 8769 10845
f 5511 4737 4343
f 4343 4737 8376
f 6202 5511 4343
f 6199 5886 4343
f 4343 5886 8886
f 8376 6199 4343
f 8886 6202 4343
f 5595 4359 4344
f 4344 4359 9540
f 9540 8371 4344
f 7693 5554 4345
f 4345 5760 6346
f 4345 6346 7693
f 4925 4590 4346
f 4346 4590 9554
f 6887 4925 4346
f 11681 6887 4346
f 9554 7649 4346
f 4346 7649 11681
f 4347 6230 7966
f 10012 6230 4347
f 4347 7555 7731
f 11348 7555 4347
f 4347 7731 10012
f 4347 7966 9018
f 4347 9018 11348
f 7797 5580 4348
f 4348 5580 9811
f 6337 5583 4348
f 4348 5583 7797
f 4349 4464 5324
f 5899 4464 4349
f 4349 5324 8161
f 7025 5899 4349
f 7514 7025 4349
f 5336 5148 4350
f 4351 4550 4682
f 5737 4550 4351
f 4351 4620 4670
f 4682 4620 4351
f 4351 4670 7086
f 7087 5737 4351
f 4351 7086 7087
f 4352 4365 4607
f 9125 4365 4352
f 8173 4373 4352
f 4352 4373 9594
f 4352 4607 6360
f 4352 6360 8173
f 9594 9125 4352
f 6423 4354 4353
f 6983 6423 4353
f 10183 6983 4353
f 4354 4355 8848
f 6974 6252 4355
f 4355 6252 10547
f 7121 6974 4355
f 10547 8848 4355
f 8447 4365 4356
f 4356 4365 9125
f 4356 6560 8447
f 4358 7100 7197
f 9376 7100 4358
f 4358 7197 9399
f 10127 8804 4358
f 4358 8804 11744
f 11744 9376 4358
f 4358 9399 10127
f 5595 4360 4359
f 4359 4360 5640
f 4359 5640 8802
f 4359 8802 9540
f 9804 5640 4360
f 11650 5623 4361
f 4361 8512 11800
f 11800 11650 4361
f 8151 4959 4362
f 4362 4959 9744
f 4362 6845 7085
f 9744 6845 4362
f 4362 7085 8062
f 4362 8062 8151
f 4363 5187 5438
f 8816 5187 4363
f 6779 6126 4363
f 4363 6126 8404
f 4363 8404 8816
f 4364 4500 4683
f 4364 4683 4707
f 4365 4581 4607
f 7678 4581 4365
f 8447 7678 4365
f 4366 8825 8826
f 4366 8826 10717
f 10717 9418 4366
f 4367 4376 5872
f 6648 4376 4367
f 4777 4472 4367
f 4367 4472 6648
f 5872 4777 4367
f 6399 4394 4368
f 4369 4965 8628
f 10552 4965 4369
f 7131 6917 4369
f 4369 6917 10552
f 9554 7131 4369
f 4369 8628 9554
f 4664 4547 4370
f 4370 4547 5703
f 9304 4664 4370
f 4370 5703 6005
f 4370 6005 9304
f 5871 5843 4371
f 4371 5843 8112
f 6058 5871 4371
f 8112 6350 4371
f 4372 4396 5793
f 6033 4396 4372
f 4372 5279 6033
f 6354 5455 4373
f 4373 5455 7063
f 8173 6354 4373
f 4936 4603 4374
f 4374 4931 4936
f 5105 4931 4374
f 6163 4384 4375
f 4375 4384 6730
f 5703 5647 4375
f 4375 5647 6163
f 7307 5703 4375
f 4375 6730 7307
f 4376 5208 6730
f 7900 5208 4376
f 8355 5872 4376
f 4376 6648 7900
f 4376 6730 8355
f 8587 7619 4377
f 4377 7619 11339
f 9818 8587 4377
f 9387 8679 4377
f 4377 8679 9818
f 10286 9387 4377
f 11339 10286 4377
f 6627 5293 4378
f 4379 4816 4928
f 6879 4816 4379
f 4379 6115 6879
f 10453 6115 4379
f 4380 6593 9424
f 9428 6593 4380
f 4380 7043 8843
f 9424 7043 4380
f 4380 8843 9428
f 6127 5704 4381
f 4381 5704 10340
f 4381 5708 6127
f 11211 5708 4381
f 4381 8577 9714
f 10340 8577 4381
f 4381 9714 11296
f 11296 11211 4381
f 7039 5793 4382
f 4382 5793 8105
f 4382 7115 8056
f 8105 7115 4382
f 5647 4386 4383
f 4383 5377 6163
f 7428 5377 4383
f 6163 5647 4383
f 4384 5377 6154
f 6163 5377 4384
f 4547 4457 4386
f 5647 4547 4386
f 7067 5547 4387
f 7072 5659 4388
f 4388 5659 8858
f 7873 7072 4388
f 12053 7873 4388
f 8858 8631 4388
f 4388 8631 12053
f 8681 6498 4389
f 8057 7873 4389
f 4389 7873 8681
f 8201 5457 4390
f 4390 5457 10374
f 4390 7075 8201
f 9503 7075 4390
f 8653 8501 4390
f 4390 8501 9503
f 10374 8653 4390
f 4391 4732 5287
f 4392 6430 6558
f 10545 6430 4392
f 4392 6550 10545
f 11333 6550 4392
f 4392 6558 7062
f 4392 7062 7678
f 7678 7133 4392
f 4392 7133 11333
f 6343 5980 4393
f 9899 4412 4394
f 4395 5055 6374
f 6488 5055 4395
f 6374 5747 4395
f 4395 5747 7065
f 4395 5762 6488
f 7065 5762 4395
f 6033 4870 4396
f 4396 4870 6072
f 8105 5793 4396
f 4396 6072 8105
f 4397 4446 6817
f 8651 4446 4397
f 6137 6091 4397
f 4397 6091 10252
f 9575 6137 4397
f 4397 6817 9575
f 10252 8651 4397
f 4398 4679 5518
f 5062 4810 4398
f 7411 5062 4398
f 4398 5518 7411
f 4491 4466 4399
f 4399 4466 4641
f 7428 4491 4399
f 4399 4641 6988
f 4399 4819 6154
f 6988 4819 4399
f 4399 6154 7428
f 4400 4993 5512
f 6914 4993 4400
f 4400 8425 8895
f 4402 4432 5734
f 8595 4432 4402
f 5421 4611 4402
f 4402 4611 8595
f 4402 5277 5421
f 8511 5914 4403
f 4403 5914 9831
f 9778 8511 4403
f 4403 8874 9778
f 9926 8874 4403
f 4403 9831 9926
f 6547 5206 4405
f 4405 5206 10981
f 4405 5916 6547
f 11653 5916 4405
f 8511 8085 4405
f 4405 8085 11653
f 10981 8511 4405
f 4525 4420 4407
f 4407 4420 5514
f 8249 4525 4407
f 4615 4598 4407
f 4407 4598 8249
f 5514 4615 4407
f 5661 5392 4409
f 6580 5661 4409
f 4410 7426 9733
f 10215 7426 4410
f 9733 9674 4410
f 4410 9674 10157
f 4410 10157 11570
f 10868 10215 4410
f 11570 10868 4410
f 4411 4431 4678
f 4807 4431 4411
f 5324 4807 4411
f 8161 5324 4411
f 4414 5558 6099
f 6653 4680 4415
f 4415 6167 6653
f 4416 4735 7844
f 9827 4735 4416
f 4416 6485 9827
f 4416 7844 8419
f 7089 5747 4417
f 6595 6540 4417
f 4417 6540 7534
f 9464 6864 4418
f 4418 6864 9470
f 4418 7768 9464
f 9470 7768 4418
f 4419 7673 8142
f 8143 7673 4419
f 4419 8142 11080
f 8302 8143 4419
f 4419 8149 8302
f 10887 8149 4419
f 11080 10887 4419
f 4420 4525 4698
f 4420 4698 5091
f 5156 4863 4420
f 4420 4863 5514
f 4420 5091 5156
f 4421 4970 6424
f 6478 4970 4421
f 7519 6478 4421
f 4422 4870 5717
f 6072 4870 4422
f 4422 5717 6343
f 9613 8688 4423
f 4423 8688 10976
f 11670 9613 4423
f 11709 11670 4423
f 5040 4713 4424
f 5110 4900 4424
f 7114 5040 4424
f 4425 6892 9217
f 11440 6892 4425
f 5880 4793 4426
f 4426 5398 6295
f 6873 5398 4426
f 4428 4921 5069
f 4429 4436 8738
f 7109 5994 4429
f 8738 7109 4429
f 5866 4678 4431
f 5815 4748 4431
f 4431 4748 5866
f 4431 4807 5671
f 4431 5671 5815
f 8268 5493 4432
f 7549 5734 4432
f 8595 8268 4432
f 5806 5354 4433
f 4433 5354 7610
f 7610 5671 4433
f 4434 4555 4559
f 4436 8683 11219
f 8183 4438 4437
f 4437 4438 8683
f 4437 4460 9248
f 11286 4460 4437
f 9248 8183 4437
f 8183 4448 4438
f 4438 4448 11219
f 11219 8683 4438
f 4439 4673 5072
f 4439 4696 5673
f 9136 4696 4439
f 4439 5072 9136
f 5126 4675 4440
f 4440 6823 8174
f 5242 4558 4441
f 6791 5242 4441
f 4442 5589 6204
f 6533 5589 4442
f 4442 6204 6970
f 7317 6533 4442
f 4442 6970 9218
f 9218 7317 4442
f 7079 5054 4443
f 4443 5054 8501
f 4443 6986 9748
f 10576 6986 4443
f 9748 7079 4443
f 4443 8501 8653
f 4443 8653 10576
f 9389 8763 4444
f 4444 8763 10360
f 9426 9389 4444
f 10653 9426 4444
f 4444 10360 10653
f 4920 4591 4445
f 11632 4824 4445
f 4446 6688 8359
f 9943 6688 4446
f 8359 6817 4446
f 4446 8651 9943
f 7865 5830 4447
f 4447 5830 9905
f 4447 6110 7865
f 9750 6110 4447
f 4447 7804 8521
f 9905 7804 4447
f 4447 8521 9750
f 4448 8183 9331
f 4448 10998 11219
f 5361 4489 4449
f 4449 4489 9962
f 4957 4690 4449
f 4449 4690 11572
f 5592 4957 4449
f 8459 5361 4449
f 9962 5592 4449
f 11572 8459 4449
f 4450 4454 8436
f 8436 5857 4450
f 4450 5857 11577
f 11577 7718 4450
f 4451 4705 7541
f 4451 4956 6058
f 4452 4458 10840
f 11258 6772 4452
f 4452 10840 11258
f 5323 4464 4453
f 4453 4464 5899
f 5899 4952 4453
f 4453 4952 5988
f 8086 5323 4453
f 4453 5988 10917
f 10917 8086 4453
f 4454 5953 8436
f 9260 5953 4454
f 7144 5433 4455
f 4455 5433 10182
f 11390 7144 4455
f 10426 7863 4455
f 4455 7863 11390
f 4455 10182 10426
f 8119 7174 4456
f 4456 7174 11582
f 4456 7746 8119
f 11641 7746 4456
f 4456 11582 11818
f 11818 11641 4456
f 4457 4547 5717
f 5717 5279 4457
f 4459 4544 6032
f 6754 4544 4459
f 4459 5138 6049
f 10729 5138 4459
f 4459 6032 6571
f 4459 6049 6389
f 4459 6389 6754
f 4459 6571 10729
f 8385 4473 4460
f 4460 4473 9248
f 11286 5823 4460
f 4460 5823 11665
f 9870 8385 4460
f 11665 9870 4460
f 6104 4613 4461
f 4461 4613 11355
f 4461 4731 6104
f 7741 4731 4461
f 11008 7741 4461
f 11355 11008 4461
f 6912 4676 4463
f 4463 4676 8196
f 8046 6912 4463
f 4463 7055 7767
f 8196 7055 4463
f 4463 7767 8046
f 5323 4470 4464
f 4464 4470 5997
f 10979 5836 4465
f 4465 5836 11404
f 11404 7782 4465
f 7992 4641 4466
f 4467 4894 7259
f 8224 4894 4467
f 4467 7020 7052
f 7259 7020 4467
f 4467 7052 7893
f 4467 7893 7963
f 4467 7963 8224
f 4468 4984 6731
f 7186 4984 4468
f 4468 5215 6780
f 7770 5215 4468
f 4468 6731 12087
f 6780 6758 4468
f 4468 6758 7186
f 12087 7770 4468
f 4469 5811 7181
f 4469 7181 8159
f 4469 8159 8507
f 8507 8163 4469
f 4469 8163 9816
f 4470 5285 6622
f 7617 5285 4470
f 4470 5323 7617
f 6697 5319 4471
f 9036 6697 4471
f 4471 8708 9036
f 4473 6381 8183
f 8455 6381 4473
f 4473 8183 9248
f 4473 8385 11003
f 11003 8455 4473
f 6896 5218 4474
f 4474 5218 7113
f 10090 6171 4474
f 4474 7113 10090
f 4475 4849 6364
f 8742 4849 4475
f 4475 5398 6231
f 8851 5398 4475
f 4475 6364 8851
f 4476 5751 6626
f 9331 5751 4476
f 9109 5836 4476
f 4476 5836 10979
f 4476 6626 9109
f 10979 9331 4476
f 7427 5713 4477
f 8641 7427 4477
f 4477 8016 9168
f 9168 8641 4477
f 4478 4488 5514
f 11355 5606 4478
f 10797 5944 4478
f 4478 5944 11355
f 6340 5924 4480
f 4480 5924 7644
f 10124 6340 4480
f 7644 7527 4480
f 4480 7527 12094
f 12094 10124 4480
f 6406 5501 4481
f 4481 5501 7387
f 4482 4646 9192
f 9193 4646 4482
f 9192 6656 4482
f 4482 6656 9194
f 9194 9193 4482
f 6910 4496 4483
f 4483 4496 6922
f 4483 5451 5463
f 6922 5451 4483
f 4483 5463 6838
f 4483 6838 6910
f 8718 4822 4484
f 4484 5575 8718
f 4485 4486 9930
f 11746 4486 4485
f 9127 8723 4485
f 4485 8723 11746
f 9930 9589 4485
f 4486 6332 9930
f 11158 6332 4486
f 11829 11158 4486
f 4486 11746 11829
f 4487 5785 6377
f 6379 5785 4487
f 6377 6339 4487
f 4488 4615 5514
f 4489 7362 9962
f 11655 7362 4490
f 4490 10809 11655
f 4492 5330 6969
f 7817 4545 4494
f 4494 4545 8524
f 4494 6412 7817
f 4494 8524 10257
f 4494 10257 10656
f 6910 5040 4496
f 4496 5040 7114
f 4497 5845 7903
f 9877 5845 4497
f 4497 5890 9877
f 6654 4975 4498
f 6582 5116 4498
f 4498 5116 6654
f 4498 5305 6582
f 6764 5305 4498
f 4499 4563 5524
f 7180 4563 4499
f 5524 4960 4499
f 4499 4960 7569
f 4499 6048 6786
f 12085 6048 4499
f 4499 6786 7180
f 4499 7569 12085
f 4500 4674 4683
f 4725 4674 4500
f 4501 4577 7214
f 8192 5966 4501
f 6410 5992 4501
f 4501 5992 8192
f 7214 6410 4501
f 5031 4657 4502
f 4502 4657 9772
f 10559 5031 4502
f 9772 5808 4502
f 4502 5808 10559
f 8293 7217 4503
f 9933 9601 4504
f 4504 9601 11810
f 11960 9774 4504
f 4504 11810 11960
f 8978 6117 4505
f 4505 6117 9000
f 4505 7014 8101
f 9000 7014 4505
f 4505 8101 8295
f 4505 8295 8978
f 6096 4515 4506
f 4506 4515 10370
f 4506 4749 6884
f 10370 4749 4506
f 8548 6096 4506
f 4506 6884 8548
f 7242 4511 4507
f 5895 4516 4507
f 4507 4516 7242
f 11785 5895 4507
f 4508 4518 6398
f 4508 6849 9514
f 6088 5900 4509
f 4509 6031 12026
f 9529 6088 4509
f 4509 7987 9529
f 12026 7987 4509
f 4510 5219 5667
f 8011 5219 4510
f 5667 5302 4510
f 4510 5302 8766
f 8210 8011 4510
f 8766 8210 4510
f 4511 7242 8989
f 4511 8989 9523
f 7726 5763 4512
f 4512 5763 10866
f 4512 6737 7726
f 10866 8462 4512
f 7931 5619 4513
f 4513 6246 6870
f 4513 6870 7931
f 4514 9794 11091
f 11085 11083 4514
f 4514 11083 11595
f 4514 11595 11617
f 4515 4771 5039
f 6096 4771 4515
f 4515 5039 5544
f 8209 7242 4516
f 4516 7281 8209
f 8241 7281 4516
f 4517 5618 7742
f 6695 6398 4518
f 4518 6585 6695
f 9330 6585 4518
f 10304 9330 4518
f 9533 9011 4521
f 11640 9533 4521
f 4522 4723 5005
f 6736 4723 4522
f 4522 5005 6442
f 4522 5191 6736
f 6979 5191 4522
f 6442 6368 4522
f 4522 6368 6979
f 4523 4524 12025
f 11956 4549 4524
f 4524 4549 12025
f 7626 6824 4526
f 4526 7624 9192
f 10031 7624 4526
f 9192 7626 4526
f 4526 8515 10031
f 4527 9445 10972
f 6590 4635 4528
f 4528 4635 8002
f 9201 6590 4528
f 4528 8002 9263
f 4528 8208 9201
f 9263 8208 4528
f 4529 4612 5891
f 7146 4612 4529
f 4529 4666 5816
f 5891 4666 4529
f 5816 5500 4529
f 6082 4596 4530
f 4530 4596 7082
f 4530 5752 7168
f 9548 5752 4530
f 7168 6082 4530
f 4530 7082 9548
f 5041 4553 4531
f 4531 4703 5843
f 4532 7932 8090
f 11517 7932 4532
f 4532 8090 8303
f 4532 8303 11359
f 4532 11359 11595
f 11595 11517 4532
f 4533 4897 6606
f 5538 5329 4533
f 4607 4581 4534
f 4534 4581 6662
f 6360 4607 4534
f 4535 4540 11086
f 11087 4540 4535
f 9003 6296 4535
f 4535 6296 11087
f 4535 7659 8253
f 11086 7659 4535
f 4535 8253 9003
f 8253 5940 4536
f 4536 5940 9438
f 4536 6073 9551
f 4536 6839 9003
f 9551 6839 4536
f 9003 8253 4536
f 4537 5214 8849
f 11354 5214 4537
f 6727 5730 4537
f 4537 5730 8834
f 7508 6727 4537
f 8849 7508 4537
f 4537 8834 11354
f 4538 5567 6704
f 4538 6704 11913
f 11913 11076 4538
f 4539 4750 5738
f 4539 5738 9827
f 9827 6485 4539
f 4540 5948 9375
f 10332 5948 4540
f 4540 7453 10332
f 11087 7453 4540
f 4540 9375 11086
f 6209 5873 4541
f 4541 5873 7981
f 9593 6209 4541
f 7981 7438 4541
f 4541 7438 11088
f 4541 7614 9593
f 11088 7614 4541
f 7269 5119 4542
f 4542 5119 9026
f 6464 5286 4542
f 4542 5286 7269
f 4542 5605 6464
f 9026 5605 4542
f 8945 8555 4543
f 4543 8555 9601
f 4543 9601 9933
f 5703 4700 4544
f 4544 4700 6032
f 6005 5703 4544
f 4544 6754 7456
f 4545 5167 10191
f 10191 8524 4545
f 4546 4723 6736
f 8593 4723 4546
f 6736 5191 4546
f 4546 5191 7160
f 4546 5479 7870
f 9301 5479 4546
f 4546 7160 9301
f 4546 7870 8593
f 4547 4664 5719
f 4547 5647 5703
f 5719 5717 4547
f 4548 4733 4996
f 5099 4733 4548
f 4548 4996 11244
f 8389 5099 4548
f 4573 4572 4549
f 4549 4572 9012
f 11956 4573 4549
f 9012 5982 4549
f 4549 5982 12025
f 5740 4682 4550
f 4550 5737 5740
f 5460 4744 4551
f 4551 4744 9909
f 4551 4811 6493
f 7564 4811 4551
f 9853 7564 4551
f 9909 9853 4551
f 5853 5825 4552
f 4552 5825 8075
f 9747 7414 4554
f 4554 7414 9770
f 6194 4559 4555
f 6155 5915 4555
f 4555 5915 6161
f 4555 6161 6194
f 4556 5798 8411
f 10952 5798 4556
f 4556 5934 8030
f 8411 5934 4556
f 4556 8030 10952
f 4557 4815 5652
f 12049 4815 4557
f 4557 5652 8999
f 10732 8110 4557
f 4557 8110 12049
f 4557 8999 10732
f 5094 5079 4558
f 5109 5094 4558
f 5242 5109 4558
f 4636 4587 4559
f 6194 4636 4559
f 4560 4616 9914
f 4561 4838 6142
f 7100 4838 4561
f 4561 6142 6939
f 4561 6939 12062
f 7881 7100 4561
f 12062 7881 4561
f 4562 4760 6939
f 11689 4760 4562
f 6939 6142 4562
f 4562 6142 7479
f 7479 7130 4562
f 4562 7130 11689
f 4563 5296 5524
f 8440 5296 4563
f 4563 7180 8440
f 4564 5517 6808
f 9021 5517 4564
f 4564 6808 11559
f 11559 9021 4564
f 6443 5303 4565
f 4565 5877 6311
f 6311 6012 4565
f 10556 5917 4566
f 4566 5917 11872
f 4566 6004 9024
f 9576 6004 4566
f 4566 9024 10556
f 10431 9576 4566
f 11872 10431 4566
f 5856 5260 4567
f 4567 5260 5878
f 4567 5878 8204
f 4568 4830 6261
f 7185 4830 4568
f 4568 4975 7185
f 7268 4975 4568
f 4568 6261 7268
f 7218 4570 4569
f 4569 4570 8277
f 10424 7218 4569
f 8277 7904 4569
f 4569 7904 9532
f 4569 9532 10424
f 4570 7218 9566
f 9928 8277 4570
f 4570 9566 9928
f 10788 7987 4571
f 4571 7987 12026
f 4571 9046 10788
f 12026 9046 4571
f 4572 4573 8970
f 8970 7291 4572
f 4572 7291 11721
f 11721 9012 4572
f 4573 8777 8970
f 4574 5782 7738
f 7324 4616 4575
f 4575 5906 7324
f 9002 4793 4576
f 4576 4793 11602
f 5890 4850 4576
f 4576 4850 9002
f 9877 5890 4576
f 11602 9877 4576
f 7209 5117 4577
f 4577 5117 7214
f 4578 4689 4886
f 6484 4689 4578
f 4578 4789 6484
f 11464 4789 4578
f 4578 4886 5531
f 4578 5531 11464
f 4579 6011 9553
f 4579 9553 10787
f 10787 9908 4579
f 7633 5164 4580
f 4580 5164 10287
f 10287 5993 4580
f 4580 5993 10289
f 8274 7633 4580
f 4581 5634 6662
f 7062 5634 4581
f 7678 7062 4581
f 8452 7495 4582
f 4582 7495 9440
f 4582 8109 8452
f 8864 8109 4582
f 11830 8864 4582
f 4582 9440 11830
f 7319 5337 4583
f 4583 5337 8542
f 4583 5677 7900
f 8542 5677 4583
f 7900 6648 4583
f 5251 5082 4584
f 4584 5082 7373
f 4584 5084 6478
f 7373 5084 4584
f 6493 4811 4586
f 4587 4636 11790
f 11790 11692 4587
f 6049 5138 4588
f 4588 5138 7199
f 7198 6049 4588
f 7199 6111 4588
f 4589 5648 10011
f 11133 5648 4589
f 4589 6935 8767
f 9952 6935 4589
f 4589 8767 11133
f 10011 9952 4589
f 4925 4836 4590
f 4590 4836 6867
f 6867 5913 4590
f 4590 5913 7131
f 4590 7131 9554
f 4591 4920 5639
f 4591 5639 6333
f 7333 4736 4592
f 4592 4736 9611
f 7256 4899 4592
f 4592 4899 7333
f 10814 7256 4592
f 4592 9611 10814
f 4593 5832 7074
f 10771 5832 4593
f 4593 7074 8272
f 4593 8272 8581
f 4593 8581 12037
f 12037 8948 4593
f 4593 8948 12075
f 12075 10771 4593
f 5200 5038 4594
f 4594 5038 8686
f 4596 5221 6053
f 6082 5221 4596
f 6053 5605 4596
f 4596 5605 9026
f 9026 7082 4596
f 7214 5117 4597
f 5736 4614 4598
f 4598 4614 6363
f 4598 4615 5736
f 4598 4866 5645
f 6363 4866 4598
f 4598 5645 8249
f 7037 5685 4599
f 4599 5685 9329
f 9323 5834 4599
f 4599 5922 7037
f 10095 9323 4599
f 4599 9329 10095
f 4844 4764 4600
f 5690 4844 4600
f 4601 4854 9209
f 8008 6124 4601
f 4601 6124 10694
f 9209 8008 4601
f 4602 6443 7550
f 4602 7550 7592
f 4603 4936 4985
f 4604 5955 7586
f 7605 5955 4604
f 4604 6320 7605
f 9472 6320 4604
f 4604 7586 8322
f 4604 8322 9472
f 4605 4974 8256
f 8327 4974 4605
f 8256 6076 4605
f 4605 6076 9324
f 4605 6107 8327
f 9324 6107 4605
f 4606 4748 4952
f 5700 4748 4606
f 4606 4952 5325
f 4606 5325 5700
f 11618 9251 4608
f 4608 9251 11798
f 11798 11203 4608
f 6559 4825 4609
f 4609 4825 11233
f 4609 4992 8050
f 11066 4992 4609
f 7470 6559 4609
f 8050 7470 4609
f 11233 11066 4609
f 4610 4625 5221
f 8288 4625 4610
f 6082 4716 4610
f 4610 4716 8288
f 4610 5221 6082
f 4611 6237 8268
f 10907 6237 4611
f 4611 8268 8595
f 4611 10906 10907
f 7146 4895 4612
f 6042 5891 4612
f 6331 6042 4612
f 4613 5606 11355
f 4613 6104 7420
f 7326 6363 4614
f 7418 7326 4614
f 7420 7418 4614
f 4616 7324 8282
f 4616 8282 9914
f 7292 5395 4617
f 4617 6536 7292
f 11172 6773 4617
f 11093 5961 4618
f 4618 5961 11226
f 4618 7331 11093
f 11226 8640 4618
f 4618 8640 12027
f 4619 5710 6778
f 9011 5710 4619
f 4619 6778 8233
f 4619 7805 9011
f 10898 7805 4619
f 4619 8233 10898
f 7735 4670 4620
f 4621 5152 5689
f 6700 5152 4621
f 4621 5689 6508
f 4839 4823 4622
f 4622 4823 7932
f 5773 4839 4622
f 4622 5350 7293
f 7932 5350 4622
f 7293 5773 4622
f 4623 5468 9199
f 10511 5468 4623
f 7727 6497 4623
f 4623 6497 10511
f 9199 7727 4623
f 7336 4714 4624
f 4624 4714 7504
f 10644 7336 4624
f 8287 7337 4624
f 4624 7337 10644
f 4624 7504 8287
f 4625 4650 5122
f 9561 4650 4625
f 4625 5122 5221
f 8288 6140 4625
f 4625 6140 9561
f 9143 4962 4626
f 4627 5809 5918
f 10597 4796 4628
f 4628 4796 11520
f 10150 8370 4628
f 4628 8370 10597
f 11520 10150 4628
f 7741 4630 4629
f 4629 4630 8297
f 4629 4731 7741
f 8223 4731 4629
f 8297 8223 4629
f 4630 7741 11008
f 10451 8297 4630
f 4630 10446 10451
f 11405 10446 4630
f 4630 11008 11405
f 4631 5629 7688
f 9184 5629 4631
f 4631 7493 9184
f 9324 6076 4632
f 4632 6076 9436
f 4632 6109 9324
f 8476 4749 4633
f 4633 4749 8953
f 6283 5455 4633
f 8953 6283 4633
f 4634 4730 4761
f 4805 4730 4634
f 4634 4761 5314
f 5867 4805 4634
f 4635 6590 8994
f 4635 7710 8002
f 8766 7710 4635
f 8994 8766 4635
f 4636 6194 6284
f 4637 4818 6111
f 7407 4818 4637
f 4637 6111 7199
f 4637 7199 7926
f 7926 7407 4637
f 8779 5827 4638
f 4638 5827 11394
f 11394 7852 4638
f 4638 7852 12096
f 10770 8076 4638
f 4638 8076 11671
f 11671 8779 4638
f 12096 10770 4638
f 4639 6271 6872
f 7081 6271 4639
f 4639 6872 9945
f 8893 7081 4639
f 10980 8893 4639
f 4639 9945 10980
f 7076 5957 4642
f 4642 5957 8758
f 9225 7076 4642
f 4642 8437 9225
f 9433 8437 4642
f 4642 8758 9433
f 9228 8225 4643
f 9227 9071 4643
f 6860 5758 4644
f 4644 5758 6947
f 4644 6078 6796
f 6947 6078 4644
f 11176 6860 4644
f 12021 7421 4645
f 9520 7520 4645
f 4645 7520 12021
f 4646 7626 9192
f 10933 7626 4646
f 4646 9193 10682
f 4646 10682 10933
f 4647 4693 4995
f 8805 4693 4647
f 4647 4995 10578
f 9927 4838 4648
f 4648 4838 11608
f 4648 6690 9784
f 11626 6690 4648
f 4648 9784 10133
f 10133 9927 4648
f 4648 11608 12052
f 12052 11626 4648
f 9793 4907 4649
f 4649 4907 10223
f 5945 5540 4649
f 4649 5540 10291
f 9206 5588 4649
f 4649 5588 9793
f 10223 5945 4649
f 10291 9206 4649
f 8401 7790 4651
f 4651 7790 10439
f 9556 8401 4651
f 8774 8630 4651
f 4651 8630 9556
f 10439 8774 4651
f 4652 4772 4823
f 6097 4772 4652
f 4652 4823 6267
f 6267 4847 4652
f 4653 4817 5965
f 6534 4817 4653
f 7124 5312 4653
f 4653 5312 9647
f 4653 5965 7124
f 9647 6534 4653
f 8915 6149 4654
f 10913 8915 4654
f 4654 9120 10913
f 4655 4781 5209
f 8483 4781 4655
f 4655 5209 5608
f 4655 5608 10260
f 10260 8483 4655
f 6971 5541 4656
f 4656 6282 6501
f 4656 6501 7877
f 7877 6971 4656
f 4657 4738 5582
f 4657 5582 6966
f 4657 6966 9772
f 10290 5715 4658
f 4658 9295 10290
f 4659 5174 12034
f 6856 5388 4659
f 12034 6856 4659
f 4660 5410 5829
f 7667 5410 4660
f 4660 6995 9298
f 9299 6995 4660
f 4660 7229 9299
f 9298 7667 4660
f 4661 4980 9300
f 10056 4980 4661
f 6742 5693 4661
f 4661 5693 10056
f 9300 6742 4661
f 4662 6316 6846
f 11479 6316 4662
f 4662 6846 8847
f 4662 8847 11479
f 4664 4786 5719
f 9606 4786 4664
f 4664 9304 9606
f 4665 5666 9821
f 9937 5666 4665
f 4665 7227 8029
f 4665 8029 9937
f 4666 4839 4860
f 6266 4839 4666
f 4666 4860 5816
f 4666 5891 6040
f 4666 6040 6266
f 4667 4696 9136
f 9136 8488 4667
f 4668 5303 6128
f 10125 5694 4668
f 4668 6128 9400
f 4668 9400 10125
f 4669 5999 9625
f 9289 8629 4669
f 4669 8629 11893
f 11893 9247 4669
f 9625 9289 4669
f 4670 4706 5740
f 4670 5740 7086
f 7389 6149 4672
f 4672 6149 7972
f 7384 6150 4672
f 4672 6150 7389
f 9064 7384 4672
f 4672 7972 9064
f 7816 5072 4673
f 4725 4717 4674
f 4674 4717 4727
f 6677 5584 4675
f 4676 6912 7573
f 4676 7573 8852
f 11298 8196 4676
f 4676 8852 9496
f 4676 9496 10714
f 4676 10714 11298
f 4677 5123 8294
f 9103 5123 4677
f 4677 5364 9103
f 10505 5364 4677
f 8294 7997 4677
f 4677 7997 10394
f 4677 10394 10505
f 5866 5700 4678
f 4678 5700 9217
f 9217 6892 4678
f 6760 5518 4679
f 7520 6760 4679
f 12021 7520 4679
f 7424 5874 4680
f 4680 6653 7424
f 5788 5393 4681
f 4681 5393 8472
f 8472 5450 4681
f 7153 5788 4681
f 4681 5789 7153
f 5740 4706 4682
f 4682 4706 8676
f 8786 4707 4683
f 9888 8786 4683
f 4683 9435 9888
f 9432 5603 4686
f 4686 5603 10584
f 4686 5925 9432
f 10584 5925 4686
f 6168 4691 4687
f 4687 4691 10462
f 7972 6149 4687
f 4687 6149 8915
f 10913 6168 4687
f 10462 7972 4687
f 4687 8915 10913
f 7377 6166 4688
f 4688 6166 7392
f 12050 7377 4688
f 4688 7392 10209
f 10209 9120 4688
f 8853 4886 4689
f 4689 6484 8634
f 4690 4957 9315
f 4690 9315 11572
f 4691 6168 6174
f 6174 6173 4691
f 4691 6173 11163
f 11012 10462 4691
f 11163 11012 4691
f 6729 5237 4692
f 4692 6515 6729
f 6289 4995 4693
f 4693 5059 9066
f 9363 5059 4693
f 9066 6289 4693
f 8805 6833 4693
f 4693 6833 10668
f 10668 9363 4693
f 4694 4695 9073
f 11883 4695 4694
f 7392 6166 4694
f 4694 6166 11883
f 10465 7392 4694
f 4694 9073 10465
f 4695 9072 9073
f 9360 5091 4698
f 4698 6151 9360
f 4700 5208 5677
f 7307 5208 4700
f 4700 5677 6032
f 4700 5703 7307
f 6377 5785 4701
f 7000 6457 4702
f 4702 6457 7587
f 10533 7000 4702
f 7587 7422 4702
f 4702 7422 10611
f 4702 9493 10533
f 10611 9493 4702
f 6038 5366 4703
f 7412 7134 4704
f 4704 7134 9661
f 8654 7412 4704
f 9935 8654 4704
f 4704 9661 10892
f 10892 9935 4704
f 4705 5561 7228
f 7228 6580 4705
f 4708 8502 8604
f 9421 4873 4709
f 4709 5224 5556
f 8337 5224 4709
f 4709 5556 9421
f 4709 5795 8337
f 4710 5164 7633
f 10287 5164 4710
f 4710 5280 6809
f 9303 5280 4710
f 7633 6274 4710
f 4710 6274 9167
f 4710 6809 10287
f 4710 9167 9303
f 4711 8459 10156
f 6606 5617 4712
f 4712 6767 6804
f 4713 5040 10106
f 10106 6246 4713
f 7336 6094 4714
f 4714 6094 10938
f 11585 7504 4714
f 4714 10938 11585
f 8698 5418 4715
f 4715 6841 8698
f 4716 6082 6341
f 12058 8288 4716
f 4725 4721 4717
f 4717 4721 7087
f 4718 5610 6792
f 9084 5610 4718
f 6792 5696 4718
f 4718 5696 9021
f 4718 8229 10950
f 11476 8229 4718
f 4718 9021 11476
f 10950 9084 4718
f 6191 6190 4719
f 10661 5134 4720
f 10941 10661 4720
f 4721 4722 5737
f 4721 5737 7087
f 6978 5005 4723
f 10970 6978 4723
f 8593 7022 4723
f 4723 7022 10970
f 4724 5152 7385
f 7385 5153 4724
f 4724 5153 8061
f 4728 5226 5365
f 4728 5365 10302
f 10302 5792 4728
f 4729 4898 5174
f 5979 4898 4729
f 4729 5149 5181
f 4729 5181 5979
f 4891 4761 4730
f 9938 6104 4731
f 4731 8223 8981
f 4731 8981 9938
f 7548 4996 4733
f 4733 5099 7548
f 4734 4888 5919
f 5966 4888 4734
f 9827 5738 4735
f 7333 5763 4736
f 4736 5763 7726
f 4736 7726 9611
f 6990 5183 4737
f 4737 5183 8376
f 4737 5511 5709
f 4737 5709 10716
f 10716 6990 4737
f 7019 4954 4738
f 4738 4954 9273
f 4738 5541 7019
f 9273 5582 4738
f 4739 5152 6700
f 7385 5152 4739
f 4739 5197 7385
f 6205 6132 4740
f 4740 6132 10251
f 8158 6205 4740
f 4740 7472 8158
f 10251 7472 4740
f 10163 7238 4741
f 4741 7238 12039
f 8158 7472 4741
f 4741 7472 9081
f 12039 8158 4741
f 4741 9081 10163
f 9596 7238 4742
f 4742 7238 10163
f 9262 8599 4742
f 4742 8599 9681
f 10163 9262 4742
f 9681 9596 4742
f 10958 8259 4743
f 4743 8259 11323
f 4744 5460 5476
f 8501 5054 4745
f 4745 5054 10534
f 4745 8437 9433
f 9501 8437 4745
f 9503 8501 4745
f 4745 9433 9503
f 10534 9501 4745
f 4747 4760 5525
f 6939 4760 4747
f 4747 5525 7029
f 5988 4952 4748
f 4748 5700 5866
f 4748 5815 5988
f 8476 6884 4749
f 6171 5814 4751
f 8270 6476 4751
f 6013 4961 4752
f 4752 4961 6417
f 4752 6417 12030
f 4753 5375 9353
f 11237 5375 4753
f 7909 7409 4753
f 4753 7409 9661
f 9353 7909 4753
f 9661 8706 4753
f 4753 8706 11237
f 8220 7909 4754
f 4754 7909 9353
f 9665 8220 4754
f 4754 9353 11353
f 10994 9665 4754
f 11353 10994 4754
f 9634 5103 4755
f 4755 5103 9834
f 5753 5176 4755
f 4755 5176 9634
f 9834 5753 4755
f 4756 4823 6263
f 6267 4823 4756
f 6263 5697 4756
f 4756 5697 6267
f 4757 7033 7203
f 10638 7033 4757
f 4757 7203 7963
f 7963 7893 4757
f 4757 7893 10435
f 4757 10435 10639
f 10639 10638 4757
f 4758 4996 8429
f 9110 4996 4758
f 4758 5033 10964
f 11374 5033 4758
f 4758 8429 9731
f 10964 9110 4758
f 4758 9731 11374
f 6393 4831 4759
f 4759 5331 6393
f 9586 5525 4760
f 11689 9586 4760
f 4761 4891 6000
f 5530 5314 4761
f 9337 5530 4761
f 4761 6000 9337
f 4762 4770 8500
f 10676 4770 4762
f 7960 4776 4762
f 4762 4776 11536
f 8500 7960 4762
f 11536 10676 4762
f 4763 5476 6121
f 6043 5592 4765
f 4765 5592 9962
f 7362 6043 4765
f 9962 7362 4765
f 4766 5362 6985
f 6415 4848 4767
f 5760 5160 4767
f 4767 5160 7952
f 7952 6415 4767
f 6141 5392 4768
f 6251 6038 4768
f 4769 6232 11156
f 11254 6232 4769
f 11156 11117 4769
f 8882 5798 4770
f 10676 8882 4770
f 7932 4823 4772
f 4772 6097 8090
f 8090 7932 4772
f 11192 6268 4773
f 4773 6268 11442
f 4773 7007 8734
f 11414 7007 4773
f 4773 8734 11192
f 11442 11414 4773
f 7960 5935 4776
f 4776 5935 8420
f 5872 4818 4777
f 4779 5244 7371
f 6554 5313 4779
f 5981 4783 4780
f 4780 4783 6165
f 6165 5665 4780
f 10259 5981 4780
f 4780 8070 10259
f 8483 4798 4781
f 4781 4798 8534
f 8345 5209 4781
f 4781 8115 8345
f 8534 8115 4781
f 4783 5981 6249
f 7310 6165 4783
f 4783 6249 6250
f 4783 6250 9091
f 9091 7310 4783
f 4964 4925 4784
f 4784 4925 8829
f 7306 4964 4784
f 4784 5365 8237
f 8829 5365 4784
f 8237 7306 4784
f 4785 5527 12034
f 4785 6236 8840
f 12034 6236 4785
f 8840 7036 4785
f 6519 5719 4786
f 5918 5809 4786
f 4786 5809 6519
f 4786 9606 9783
f 4787 7942 11630
f 11841 7942 4787
f 4787 9305 11321
f 11630 9305 4787
f 4787 11321 11841
f 4788 5328 6718
f 6855 5328 4788
f 6718 5515 4788
f 4788 5515 7459
f 4788 6413 6855
f 7459 6413 4788
f 7216 6484 4789
f 7941 7216 4789
f 4790 7500 11715
f 11715 8407 4790
f 4790 8407 11727
f 11727 9979 4790
f 9651 4997 4792
f 4792 4997 10789
f 4792 6417 9651
f 10789 6417 4792
f 4793 5880 11602
f 11463 6937 4794
f 4794 6937 11561
f 11560 11463 4794
f 11561 11560 4794
f 4795 10956 10957
f 11256 10956 4795
f 11357 10596 4796
f 4796 10596 11520
f 4796 10597 11357
f 4797 4798 8483
f 9598 4798 4797
f 4797 8369 8379
f 8483 8369 4797
f 4797 8379 9095
f 4797 9095 9598
f 5528 4802 4799
f 4799 4802 7015
f 7234 5528 4799
f 4799 5956 6591
f 9560 5956 4799
f 4799 6591 7234
f 4799 7015 9560
f 4801 5721 9879
f 4802 5528 8153
f 7820 6907 4803
f 4803 6907 9264
f 8611 7820 4803
f 9264 8837 4803
f 4804 6596 9098
f 11150 6596 4804
f 9098 6629 4804
f 4804 6629 11424
f 4804 8175 11150
f 11424 8175 4804
f 5388 4858 4806
f 4806 4858 10109
f 7250 6831 4806
f 10109 7250 4806
f 4807 5146 5671
f 4808 5720 6767
f 9845 5720 4808
f 4809 4833 7516
f 10498 4833 4809
f 7442 5372 4809
f 4809 5372 11291
f 7516 7442 4809
f 11436 10498 4809
f 4809 11291 11436
f 7564 7030 4811
f 4813 5728 8300
f 4813 8300 10907
f 10906 9749 4813
f 10907 10906 4813
f 9755 8977 4814
f 4815 5112 7270
f 12049 5112 4815
f 9542 5652 4815
f 4815 7270 9542
f 6879 4916 4816
f 4817 5158 5965
f 8244 5158 4817
f 4817 6534 7773
f 4817 7773 8244
f 5622 5227 4819
f 6988 5622 4819
f 4820 5587 5912
f 4820 9749 10906
f 4821 4899 5499
f 7333 4899 4821
f 4821 5499 5679
f 4821 5679 6375
f 4821 6375 6586
f 4822 6282 7530
f 4823 4839 6263
f 5761 4918 4824
f 4825 5794 9513
f 9568 5794 4825
f 4825 6559 12075
f 9513 6980 4825
f 4825 6980 11233
f 12075 9568 4825
f 4826 4955 5148
f 8470 4955 4826
f 5840 5077 4826
f 4826 5077 11242
f 4826 5148 5336
f 4826 5336 5840
f 11242 8470 4826
f 4827 4944 7935
f 8444 4944 4827
f 4827 5097 7705
f 7935 5097 4827
f 4828 5035 8045
f 10723 5035 4828
f 6490 5646 4828
f 4828 5646 10586
f 8045 6490 4828
f 4828 10586 10723
f 4829 5116 8004
f 11761 5116 4829
f 4829 11742 11761
f 4830 5621 6021
f 7641 5621 4830
f 4830 6021 6261
f 4830 7185 7641
f 4831 6203 9837
f 4832 6505 8867
f 10813 6505 4832
f 8867 8349 4832
f 4832 8349 10813
f 4833 5026 7516
f 10667 5026 4833
f 4833 10498 10667
f 6442 5183 4834
f 4834 5183 6990
f 4834 5486 6425
f 6990 5486 4834
f 6425 6368 4834
f 4834 6368 6442
f 6292 6291 4835
f 4835 6291 12059
f 11319 6292 4835
f 9114 8716 4835
f 4835 8716 11319
f 12059 9114 4835
f 4836 4925 4964
f 4837 7518 11592
f 11694 7518 4837
f 11563 8384 4837
f 4837 8384 11694
f 4837 9619 11563
f 11603 9619 4837
f 4837 11592 11603
f 9927 6142 4838
f 7100 6685 4838
f 4838 6685 11608
f 5773 4860 4839
f 6266 6263 4839
f 4840 5933 6181
f 10612 5933 4840
f 4840 6181 8585
f 4840 8585 11392
f 11392 10612 4840
f 9580 5351 4841
f 6568 5434 4841
f 4841 5434 9580
f 11356 6568 4841
f 4841 7630 11356
f 5118 4927 4842
f 7272 5118 4842
f 7407 7272 4842
f 7634 5274 4843
f 4843 6462 7634
f 4845 6313 8316
f 11792 6313 4845
f 4845 8316 9119
f 4845 9119 9610
f 4846 5236 5571
f 9016 5236 4846
f 4846 5571 7639
f 4846 6330 9016
f 6223 5712 4847
f 6267 6223 4847
f 4848 5177 5304
f 6415 5177 4848
f 4848 5304 6663
f 6663 6564 4848
f 4849 5495 6364
f 8490 5495 4849
f 4849 5968 8490
f 8742 5968 4849
f 4850 4923 9002
f 4850 5890 7353
f 8414 6151 4850
f 4850 7353 8414
f 4851 4852 4853
f 11888 4852 4851
f 4851 5420 7001
f 4851 7001 11821
f 4851 11821 11888
f 4854 6427 9209
f 4855 6288 8405
f 8418 6288 4855
f 4861 4859 4856
f 6469 4954 4857
f 4857 4954 7019
f 4857 5764 6469
f 4857 7019 7739
f 5388 4932 4858
f 4858 4932 9846
f 9846 8759 4858
f 4858 8759 10109
f 5157 5131 4859
f 7716 5816 4860
f 4862 4865 5593
f 4862 7531 9058
f 4863 5156 5448
f 5448 5297 4863
f 4864 5140 10623
f 7684 5593 4865
f 7819 5113 4866
f 4866 5113 8490
f 5968 5645 4866
f 8490 5968 4866
f 4866 6363 7819
f 4867 5001 7612
f 7612 5045 4867
f 4868 5315 5643
f 4919 4918 4869
f 6385 4919 4869
f 6033 5717 4870
f 4871 6335 8427
f 9115 6335 4871
f 4871 6357 9115
f 9367 6357 4871
f 4871 8427 9367
f 7590 5286 4872
f 7349 7017 4873
f 4874 5103 8751
f 9644 5103 4874
f 4874 8751 9852
f 10279 9644 4874
f 4874 9852 10279
f 4875 8443 10450
f 4876 6303 7778
f 4876 7778 10438
f 6412 5294 4877
f 4877 5294 6899
f 7817 6412 4877
f 4877 6899 8129
f 4878 4960 7159
f 7569 4960 4878
f 4878 6367 7151
f 7159 6367 4878
f 8431 7569 4878
f 5593 4883 4879
f 4879 4883 6474
f 4880 4902 9070
f 9788 4902 4880
f 4880 6628 7627
f 9787 6628 4880
f 4880 7627 10821
f 4880 9070 9787
f 10821 9788 4880
f 4881 6351 8422
f 9347 6351 4881
f 4881 7531 7535
f 8422 7531 4881
f 4881 7535 11153
f 10490 9347 4881
f 11153 10490 4881
f 7474 6604 4882
f 4882 7330 7474
f 4883 5593 7684
f 9764 6474 4883
f 4883 7684 8940
f 4883 8940 9764
f 7742 5244 4884
f 4884 5756 7286
f 7286 6323 4884
f 4884 6323 7742
f 4885 6213 9200
f 9591 7412 4885
f 4885 9200 9591
f 8753 5531 4886
f 4886 7419 8753
f 8853 7419 4886
f 9027 7045 4887
f 4888 5327 6789
f 7794 5327 4888
f 6789 5919 4888
f 4888 5966 8192
f 8192 7794 4888
f 7533 6995 4889
f 4889 6995 9299
f 7940 7533 4889
f 11679 7940 4889
f 4889 9299 10131
f 4889 10131 11679
f 4890 7808 10192
f 10494 7808 4890
f 9632 9535 4890
f 4890 9535 10494
f 4890 9630 9632
f 10192 9630 4890
f 4892 7815 9964
f 4893 5578 5707
f 6424 5578 4893
f 4893 5707 6920
f 4893 6371 6424
f 8406 6371 4893
f 4893 6920 8406
f 4894 6180 8528
f 9835 6180 4894
f 8528 7259 4894
f 4894 8224 9835
f 4895 6134 6891
f 8633 6134 4895
f 4895 7146 9806
f 9806 8633 4895
f 6383 4921 4896
f 6333 6019 4896
f 4896 6019 6383
f 4896 6090 6333
f 6945 5098 4897
f 12034 5174 4898
f 4898 5979 8822
f 8822 6747 4898
f 4898 6747 12034
f 4899 5320 5499
f 6310 5320 4899
f 7256 6310 4899
f 4900 5110 7026
f 6911 5356 4900
f 7905 6911 4900
f 4900 7026 7905
f 10869 7584 4901
f 4901 7584 10870
f 10297 9459 4901
f 4901 9459 10869
f 10870 9460 4901
f 4901 9460 11269
f 11269 10297 4901
f 7536 5537 4902
f 4902 5537 9070
f 9788 7536 4902
f 4903 5432 7644
f 10997 5432 4903
f 4903 5924 7621
f 7644 5924 4903
f 4903 7621 9874
f 4903 9874 10997
f 4904 7340 9564
f 4904 9564 9565
f 4905 5372 5426
f 11291 5372 4905
f 4905 5426 8469
f 4905 8469 11291
f 7694 7245 4906
f 4906 7245 11575
f 4906 7544 7694
f 9782 7544 4906
f 10177 9782 4906
f 11575 10177 4906
f 4908 6732 7813
f 8495 4911 4909
f 4909 4911 9712
f 4909 5159 8495
f 9138 5159 4909
f 11385 9138 4909
f 4909 9712 11385
f 4910 5015 5249
f 11026 5015 4910
f 4910 5249 7215
f 4910 7215 11803
f 4910 7391 11026
f 9549 4917 4911
f 4911 4917 9836
f 4911 8495 9958
f 9958 9549 4911
f 9836 9712 4911
f 4912 6376 8394
f 10456 6376 4912
f 4914 4942 4982
f 5007 4942 4914
f 4914 4982 5036
f 4914 5036 6472
f 4915 5345 5772
f 7201 5345 4915
f 4915 5356 6911
f 8905 5356 4915
f 4915 6911 7201
f 6879 5065 4916
f 4916 5065 8077
f 4916 8077 11773
f 4917 5018 8841
f 9851 5018 4917
f 4917 8841 9849
f 4917 9549 9851
f 9849 9836 4917
f 6383 4920 4919
f 6384 6383 4919
f 6385 6384 4919
f 6383 5639 4920
f 6384 5069 4921
f 4921 6383 6384
f 8333 4989 4922
f 4922 4989 10698
f 4922 6230 10012
f 10698 6230 4922
f 4922 6327 9758
f 10012 6327 4922
f 8339 8333 4922
f 9758 8339 4922
f 4924 4970 5868
f 5868 5084 4924
f 4924 5084 6623
f 4925 6887 8829
f 9564 9051 4926
f 4926 9051 10458
f 11228 9564 4926
f 4926 10458 11228
f 4927 5118 5561
f 6584 5100 4929
f 5724 5194 4929
f 4929 5194 6584
f 7117 5656 4930
f 4930 5656 9148
f 11511 7117 4930
f 9148 8281 4930
f 4930 8281 11523
f 4930 9111 11511
f 11523 9111 4930
f 4931 5105 7532
f 4932 5155 9846
f 4932 5388 6856
f 6856 5467 4932
f 6883 5903 4933
f 4933 5903 10373
f 4933 6416 9882
f 10373 6416 4933
f 6974 6883 4933
f 7370 6974 4933
f 8162 7370 4933
f 9882 8162 4933
f 8536 7406 4934
f 4934 7406 11700
f 8936 8536 4934
f 4934 8930 10495
f 11700 8930 4934
f 10495 8936 4934
f 6401 5946 4935
f 4935 5946 6409
f 4935 6409 9641
f 9641 8453 4935
f 6071 4985 4936
f 4937 5243 6531
f 4937 6531 6649
f 4938 7568 8466
f 4938 8498 8962
f 12029 8498 4938
f 7773 6534 4939
f 4939 6534 12051
f 4939 7812 9668
f 12051 7812 4939
f 4940 4985 6071
f 7705 5097 4940
f 4940 5097 8207
f 6071 5985 4940
f 4940 5985 7705
f 4941 5037 8541
f 8541 5195 4941
f 4941 5195 9691
f 8114 4982 4942
f 4942 5007 5199
f 4942 5199 8957
f 8957 8114 4942
f 7762 5018 4943
f 4943 5018 10437
f 4943 5044 8988
f 10437 5044 4943
f 8444 5028 4944
f 4944 5028 11607
f 8007 7935 4944
f 11607 8007 4944
f 4945 5575 9334
f 4945 5764 6477
f 9334 7752 4945
f 4946 5419 6841
f 7116 5419 4946
f 4946 5882 7116
f 4947 5267 6828
f 7400 5267 4947
f 4947 5817 6537
f 6709 5817 4947
f 4947 6537 7400
f 6828 6709 4947
f 4948 6834 6858
f 10166 6834 4948
f 4948 6858 7338
f 4948 7338 10744
f 10744 10166 4948
f 10844 5557 4949
f 4949 5557 12073
f 4949 8731 10707
f 10709 8731 4949
f 4949 10707 10844
f 12073 10709 4949
f 4950 7325 7572
f 4950 7572 9158
f 9160 9075 4950
f 4950 9158 9160
f 4951 5071 5555
f 8973 5071 4951
f 5349 5089 4951
f 4951 5089 6456
f 5555 5349 4951
f 4951 6456 8973
f 7990 5325 4952
f 4952 5899 7990
f 4954 6469 7024
f 4954 7024 9273
f 6079 5148 4955
f 8266 6079 4955
f 8470 8266 4955
f 4956 5785 6379
f 4957 5592 8972
f 6713 5387 4958
f 4958 5387 8993
f 9629 5569 4958
f 4958 5569 10280
f 11236 6713 4958
f 4958 8993 9629
f 4958 10280 11236
f 8151 5133 4959
f 9663 5306 4959
f 4959 5306 9744
f 4960 5524 10660
f 10660 7159 4960
f 6013 5134 4961
f 4961 5134 10661
f 9651 6417 4961
f 10661 9651 4961
f 4963 5111 7574
f 8233 5111 4963
f 4963 5771 6407
f 7574 5771 4963
f 4963 6407 8240
f 8309 8233 4963
f 4963 8240 8309
f 4965 5234 7555
f 10552 5234 4965
f 6567 5682 4965
f 4965 5682 8628
f 11348 6567 4965
f 4965 7555 11348
f 6538 6271 4966
f 4966 6271 7081
f 11180 6538 4966
f 4966 7081 10931
f 10931 9699 4966
f 4966 9699 11180
f 7614 5210 4969
f 4969 5210 8441
f 4969 5214 7614
f 11089 5214 4969
f 4969 8441 9667
f 4969 9667 10332
f 4969 10332 11089
f 4970 5578 6424
f 7571 5578 4970
f 6478 5868 4970
f 4971 4972 5023
f 4971 5023 5024
f 7172 5439 4973
f 7957 7321 4974
f 4974 7321 10208
f 8327 7957 4974
f 10208 8256 4974
f 4975 5612 7185
f 4976 6012 6311
f 4976 6311 6546
f 6445 6431 4977
f 4977 6431 9172
f 4977 9172 10899
f 4978 5693 6742
f 10029 5693 4978
f 4978 6078 6182
f 6968 6078 4978
f 4978 6182 10029
f 4978 6742 6968
f 6506 5471 4979
f 4979 5471 6507
f 6635 6506 4979
f 4979 6507 8113
f 9990 6635 4979
f 4979 8113 10579
f 10579 9990 4979
f 7468 7191 4980
f 4980 7191 7849
f 10392 7468 4980
f 4980 7849 9300
f 4980 10056 10392
f 8032 5036 4982
f 8114 8032 4982
f 7572 7325 4983
f 8504 7572 4983
f 10679 8504 4983
f 4984 5830 7233
f 9905 5830 4984
f 7233 6731 4984
f 4984 7186 7804
f 4984 7804 9905
f 10166 7129 4986
f 4986 8262 11270
f 11270 10166 4986
f 4987 5155 8634
f 9846 5155 4987
f 4987 6484 7216
f 8634 6484 4987
f 4987 7216 8036
f 4987 8036 8759
f 4987 8759 9846
f 4988 6452 6506
f 10161 6452 4988
f 4988 6506 6635
f 4988 6635 9990
f 10021 9181 4988
f 4988 9181 10161
f 4988 9990 10021
f 7455 5187 4989
f 4989 5187 8816
f 9087 7455 4989
f 4989 8333 9087
f 4989 8816 10698
f 4990 5474 5522
f 9563 5474 4990
f 4990 5522 10794
f 9807 6969 4990
f 4990 6969 10777
f 10777 9563 4990
f 10269 9807 4990
f 10794 10269 4990
f 6289 5894 4991
f 4991 5894 10879
f 10578 6289 4991
f 5888 5513 4992
f 11066 5888 4992
f 4993 5264 5512
f 7229 5264 4993
f 4994 6444 6454
f 10817 6444 4994
f 4994 9866 10506
f 4994 10506 10817
f 4995 6289 10578
f 4996 7548 8429
f 4996 9110 11244
f 5371 5288 4997
f 4997 5288 10789
f 10274 5371 4997
f 4997 9651 10274
f 4999 5219 8011
f 8416 5219 4999
f 7570 6046 4999
f 4999 6046 9517
f 8011 7570 4999
f 9517 8416 4999
f 5000 5100 5170
f 7664 6441 5002
f 5002 6901 11591
f 11591 7664 5002
f 5003 6454 6467
f 5004 5819 7740
f 9527 5819 5004
f 5004 7143 8243
f 5004 8243 9527
f 6978 6442 5005
f 5006 5019 11166
f 11166 6461 5006
f 5008 10661 10941
f 6584 5194 5010
f 5010 5194 8652
f 10066 6584 5010
f 5010 8652 10066
f 5561 5118 5011
f 5011 5118 7476
f 7476 7376 5011
f 5011 7376 7745
f 7224 6576 5012
f 5012 6576 7635
f 5012 7635 9325
f 8069 6832 5013
f 5013 6832 8351
f 11182 8069 5013
f 5013 8351 10005
f 10005 8496 5013
f 5013 8496 11182
f 5014 5433 7230
f 9829 5433 5014
f 9830 6528 5014
f 5014 6528 10865
f 5014 7230 9830
f 10865 9829 5014
f 5015 5080 5249
f 6652 5080 5015
f 10678 6652 5015
f 5016 5412 5806
f 7213 5445 5016
f 5016 5806 6018
f 5016 6018 7213
f 5017 6497 7727
f 5018 7762 8841
f 5019 8503 11166
f 9060 5178 5020
f 5020 5178 10024
f 5020 5247 7212
f 10024 5247 5020
f 8218 5045 5021
f 5021 5045 8911
f 9721 5129 5021
f 5021 8911 9721
f 5022 5029 6122
f 10025 5029 5022
f 5022 5048 10047
f 10130 5048 5022
f 5022 6122 8925
f 5022 8925 10130
f 10047 10025 5022
f 5067 5024 5023
f 6422 6421 5025
f 6510 6422 5025
f 5025 6509 6510
f 5026 6047 8006
f 11456 6047 5026
f 8006 7516 5026
f 5026 10667 11456
f 7943 5036 5027
f 5027 5036 8315
f 8312 5195 5027
f 5027 5195 10785
f 10785 7943 5027
f 8315 8312 5027
f 7437 5256 5028
f 5028 5256 11607
f 5028 7274 7437
f 8444 7274 5028
f 5029 5053 6122
f 10144 5053 5029
f 6458 5276 5030
f 5030 5276 9953
f 7594 5530 5030
f 5030 5530 9337
f 5030 6083 7594
f 9953 6083 5030
f 9337 6458 5030
f 7530 6282 5031
f 8988 5044 5032
f 5032 5044 10921
f 5032 5132 9341
f 10921 5132 5032
f 5032 6448 8988
f 9341 6448 5032
f 5033 5132 10733
f 11374 5132 5033
f 5033 10733 10964
f 5034 5047 5050
f 9999 5047 5034
f 5034 5050 10684
f 10463 9999 5034
f 10684 10463 5034
f 10723 5963 5035
f 5035 5963 11142
f 10946 8045 5035
f 11142 10946 5035
f 7943 6472 5036
f 5036 8032 8315
f 5037 5089 8541
f 5038 5200 9857
f 5038 5267 8686
f 11125 5267 5038
f 5038 9857 11125
f 7110 5544 5039
f 6910 5504 5040
f 5040 5504 10106
f 5042 5051 6950
f 9759 5051 5042
f 5042 6497 9759
f 10511 6497 5042
f 5042 6950 12031
f 12031 10511 5042
f 5043 6584 10066
f 10066 6620 5043
f 5044 9911 10921
f 11001 9911 5044
f 5044 10437 11001
f 5045 7612 8911
f 5046 5074 8811
f 10046 5074 5046
f 9394 5127 5046
f 5046 5127 10046
f 5046 8811 9394
f 9205 5075 5048
f 5048 5075 10111
f 10111 10047 5048
f 5416 5340 5049
f 5049 5340 6723
f 6898 5416 5049
f 5049 5932 6898
f 9068 5932 5049
f 5049 6723 9068
f 5050 7628 10684
f 5052 6824 7626
f 10564 6824 5052
f 5052 7626 10933
f 10681 8522 5052
f 5052 10096 10564
f 10933 10681 5052
f 5053 5272 7860
f 10144 5272 5053
f 5054 7079 10534
f 5055 5780 9296
f 9296 6374 5055
f 5057 7161 7669
f 11528 7161 5057
f 5057 7669 9600
f 5057 8275 8291
f 9220 8275 5057
f 5057 8291 11528
f 9600 9220 5057
f 9104 5266 5058
f 5058 5266 9978
f 5058 6486 6487
f 9978 6486 5058
f 5058 6487 6656
f 5058 6656 9104
f 5059 8304 9066
f 9136 8304 5059
f 5059 8488 9136
f 9883 8488 5059
f 5059 9363 9883
f 9179 5061 5060
f 5060 5061 11369
f 5060 6450 11073
f 11369 6450 5060
f 11073 9179 5060
f 5061 6119 11369
f 11701 6119 5061
f 5061 9179 9181
f 5061 9181 10021
f 10021 9990 5061
f 5061 9990 11701
f 5062 7411 12064
f 5063 5714 5807
f 7856 5714 5063
f 9736 7856 5063
f 5962 5922 5064
f 5064 5922 6183
f 5064 6183 8765
f 6879 6115 5065
f 5065 6115 7425
f 7425 6223 5065
f 5065 6223 8077
f 5066 5085 9446
f 10247 5085 5066
f 9001 5258 5066
f 5066 5258 9584
f 10145 9001 5066
f 5066 9446 10145
f 5066 9584 10247
f 5840 5336 5067
f 5067 5628 5840
f 10645 5316 5068
f 10644 8307 5068
f 5068 8307 10645
f 6508 6218 5069
f 5069 6384 6385
f 5069 6385 6508
f 5070 6701 7775
f 8635 6701 5070
f 5070 7775 10052
f 10052 8635 5070
f 8973 5204 5071
f 5072 7816 8304
f 5072 8304 9136
f 7463 5247 5073
f 5073 5435 7543
f 7543 7463 5073
f 5074 5163 8809
f 10239 5163 5074
f 5074 8809 8811
f 5074 10046 10239
f 9255 5168 5075
f 5075 5168 10246
f 5075 9205 9255
f 10246 10111 5075
f 8596 5556 5076
f 5076 5556 10819
f 7901 6405 5076
f 5076 6405 8596
f 9102 7901 5076
f 10819 9102 5076
f 5079 5094 6630
f 6510 6509 5079
f 11661 6510 5079
f 5079 6630 11661
f 7373 5082 5081
f 5081 5904 7373
f 5082 5251 6759
f 5082 6759 9373
f 5083 7597 11280
f 5084 5868 6478
f 7373 6623 5084
f 8821 5300 5085
f 5085 5300 9446
f 10247 8821 5085
f 5086 5781 10349
f 11197 5781 5086
f 5086 10349 10960
f 5086 10960 11197
f 8908 5096 5087
f 5087 5096 10119
f 5087 7730 8879
f 10128 7730 5087
f 5087 8879 8908
f 5087 10119 10128
f 5088 5178 9382
f 10238 5178 5088
f 9150 5255 5088
f 5088 5255 9729
f 9382 9150 5088
f 5088 9729 10238
f 5089 5349 8541
f 5090 5102 5321
f 8832 5102 5090
f 5090 5321 6085
f 5090 6085 7730
f 5090 7730 10128
f 8615 5139 5092
f 5092 5139 10347
f 5092 5255 9316
f 9729 5255 5092
f 9316 8615 5092
f 10347 9729 5092
f 5093 5101 8627
f 10102 5101 5093
f 8697 5272 5093
f 5093 5272 10102
f 5093 8627 8697
f 5094 5109 5201
f 5095 6521 6955
f 8048 6521 5095
f 6955 6524 5095
f 5095 6524 7855
f 5096 5129 10081
f 5096 10081 10119
f 5097 7935 9450
f 9450 8207 5097
f 9302 5626 5098
f 5098 5626 10583
f 5098 6945 9302
f 7327 5765 5099
f 5099 5765 8250
f 8389 7327 5099
f 8250 7548 5099
f 6584 5170 5100
f 5101 5283 8958
f 9481 5283 5101
f 8958 8627 5101
f 10530 9481 5101
f 5101 10102 10530
f 5102 5135 8189
f 8832 5135 5102
f 9634 8751 5103
f 9644 8873 5103
f 5103 8873 9834
f 7669 6533 5104
f 9693 7669 5104
f 5104 9544 9693
f 5105 5204 7532
f 5612 5126 5106
f 5106 5126 9078
f 7907 5612 5106
f 8987 7907 5106
f 5106 8162 8987
f 9078 8162 5106
f 5107 6192 6521
f 5107 6521 10538
f 5107 8116 8368
f 10538 8116 5107
f 5107 8368 9214
f 10637 7670 5108
f 5108 7670 11250
f 10383 9229 5108
f 5108 9229 11584
f 11250 10383 5108
f 11584 10637 5108
f 5242 5124 5109
f 5109 5124 9650
f 9650 5201 5109
f 5110 5619 9069
f 5111 5513 5888
f 5111 5888 11402
f 11402 7574 5111
f 5112 5832 7270
f 10784 5832 5112
f 12049 10784 5112
f 5113 5495 8490
f 10055 5495 5113
f 5113 7819 11663
f 11663 10055 5113
f 5114 5175 7982
f 9423 5175 5114
f 8294 5408 5114
f 5114 5408 9423
f 5114 7982 11415
f 9683 8294 5114
f 11415 9683 5114
f 5115 5125 6526
f 7654 5125 5115
f 5115 6526 7652
f 5115 7652 8531
f 8531 7654 5115
f 5116 6582 8004
f 11761 6654 5116
f 5118 7272 7476
f 8017 6167 5119
f 5119 7269 8017
f 11276 5121 5120
f 9373 6759 5120
f 6053 5221 5122
f 6157 5408 5123
f 5123 5408 8294
f 10884 6157 5123
f 5123 9103 10884
f 10705 6526 5125
f 7654 7360 5125
f 5125 7360 7702
f 5125 7702 10705
f 5127 5258 9001
f 10655 5258 5127
f 5127 9001 9657
f 5127 9394 10655
f 5127 9657 10046
f 5128 5340 5416
f 6539 5340 5128
f 5128 5416 6579
f 6083 6081 5128
f 5128 6081 6539
f 7393 6083 5128
f 5128 6579 7393
f 5130 6544 12042
f 5130 7397 8387
f 11293 7397 5130
f 5130 7680 11293
f 12042 7680 5130
f 11374 9341 5132
f 10921 10733 5132
f 5544 5222 5133
f 8151 5544 5133
f 5135 5357 7603
f 10016 5357 5135
f 5135 7603 8189
f 5135 8832 10602
f 10602 10016 5135
f 7959 5139 5136
f 5136 5139 10201
f 8965 5202 5136
f 5136 5202 10663
f 10663 7959 5136
f 9354 8965 5136
f 10201 9354 5136
f 10507 5203 5137
f 5137 5203 10969
f 5137 5241 7609
f 9922 5241 5137
f 5137 7609 9174
f 5137 9174 10507
f 10480 9922 5137
f 10969 10480 5137
f 8580 7199 5138
f 10729 8580 5138
f 5139 8615 10201
f 5140 5630 6765
f 5141 5669 10635
f 11000 5669 5141
f 10776 9823 5141
f 5141 9823 11000
f 5141 10635 10776
f 10519 6526 5143
f 5143 6526 10705
f 10705 7696 5143
f 5143 7696 10752
f 5143 8937 10519
f 10752 8937 5143
f 5144 5584 6649
f 5144 6649 6658
f 7964 6557 5145
f 5145 6557 9218
f 9219 7964 5145
f 5145 9218 9219
f 6079 5341 5148
f 6801 5181 5149
f 5150 7701 7702
f 11576 7701 5150
f 5150 7702 10524
f 10524 8558 5150
f 5151 7663 7985
f 11167 7663 5151
f 7985 7690 5151
f 5151 10951 11167
f 7385 5197 5153
f 5153 5197 8560
f 8863 5439 5154
f 8644 6720 5154
f 5154 6720 8863
f 9839 5965 5158
f 5158 8244 10514
f 9840 9839 5158
f 10514 9840 5158
f 5159 5791 7350
f 9138 5791 5159
f 5160 6753 10911
f 8023 7952 5160
f 10911 8023 5160
f 5161 7034 9291
f 9291 8486 5161
f 5161 9809 11041
f 11421 6372 5162
f 5162 6372 11422
f 11422 10165 5162
f 5162 10165 12093
f 5162 11347 11421
f 12093 11347 5162
f 9669 5348 5163
f 10239 9669 5163
f 5165 6588 6687
f 10790 6588 5165
f 5165 6687 9047
f 10525 7711 5165
f 5165 7711 10790
f 9047 8788 5165
f 5165 8788 9240
f 5165 9240 10525
f 8613 7830 5166
f 5166 7830 8622
f 8814 8613 5166
f 5166 8622 12087
f 12087 8814 5166
f 5167 5451 6922
f 7342 5464 5168
f 5168 5464 10080
f 9255 7342 5168
f 5168 10080 10246
f 5169 5597 7967
f 11011 5597 5169
f 5169 5802 11322
f 11407 5802 5169
f 5169 7967 11407
f 11322 11011 5169
f 5171 8707 10601
f 11070 8707 5171
f 10601 9448 5171
f 5171 9448 11071
f 12086 11070 5171
f 5171 11071 12086
f 10015 5173 5172
f 5172 5173 11458
f 5172 7787 10691
f 11458 7787 5172
f 5172 9828 10015
f 10691 9828 5172
f 9708 8499 5173
f 5173 8499 11458
f 10918 9708 5173
f 5173 10015 10918
f 5175 7621 7982
f 9874 7621 5175
f 5175 9423 9874
f 5176 5624 9535
f 11020 5624 5176
f 5176 5753 9633
f 5176 9535 9634
f 5176 9633 11020
f 7334 5715 5177
f 6415 6297 5177
f 5177 6297 7334
f 5178 9060 9382
f 10270 10024 5178
f 5178 10238 10270
f 5179 5180 6581
f 10782 5180 5179
f 5179 6581 8591
f 7706 6581 5180
f 7707 7706 5180
f 10573 7707 5180
f 10782 10573 5180
f 6801 5318 5181
f 5181 5318 7454
f 7454 5979 5181
f 7293 5474 5182
f 5182 5474 8866
f 7850 6199 5183
f 5183 6199 8376
f 5183 6442 7850
f 5759 5554 5184
f 5184 5554 8583
f 8583 7183 5184
f 8598 7725 5185
f 5185 7725 11126
f 5185 8549 8606
f 9942 8598 5185
f 5185 8606 9942
f 7725 5189 5186
f 11126 7725 5186
f 8348 5438 5187
f 5187 7455 8348
f 5188 5947 7566
f 10070 5947 5188
f 5188 6637 10070
f 10352 6637 5188
f 5188 7566 10636
f 10636 10352 5188
f 5189 7725 8602
f 8980 7728 5189
f 8602 7732 5189
f 5189 7732 9703
f 9703 8980 5189
f 5191 6979 9198
f 9198 7160 5191
f 11680 5311 5192
f 7415 5615 5192
f 5192 5615 11680
f 5192 5632 7415
f 7962 5632 5192
f 5192 5723 7962
f 7938 5803 5193
f 5193 5803 10847
f 5193 6098 8514
f 10077 6098 5193
f 8514 7938 5193
f 10847 10077 5193
f 5724 5217 5194
f 5194 5217 8652
f 5195 8312 9691
f 5195 8541 10785
f 5196 6435 9867
f 10379 6435 5196
f 8156 7053 5196
f 5196 7053 10856
f 9867 8156 5196
f 5196 9409 10379
f 10856 9409 5196
f 5197 6643 11784
f 11784 8560 5197
f 5198 7002 8059
f 5199 5382 9029
f 9029 8957 5199
f 7358 5875 5200
f 5200 5875 9857
f 7441 5386 5202
f 5202 5386 10663
f 8965 7441 5202
f 9074 5381 5203
f 5203 5381 10969
f 7810 5695 5205
f 5205 5695 8029
f 5205 7027 7828
f 8029 7027 5205
f 7984 7810 5205
f 5206 5862 7103
f 11287 5862 5206
f 5206 6547 11287
f 5206 7103 10981
f 5207 6620 9257
f 7900 5677 5208
f 7307 6730 5208
f 5209 5546 8154
f 8345 5546 5209
f 10419 5608 5209
f 5209 8154 10419
f 6794 6633 5210
f 5210 6633 8441
f 9010 6794 5210
f 5210 7614 10323
f 10323 9010 5210
f 10447 10446 5211
f 5211 10446 11405
f 10448 10447 5211
f 11405 10448 5211
f 6931 6066 5212
f 10237 6931 5212
f 11354 7614 5214
f 11089 8849 5214
f 7770 6755 5215
f 5215 6773 9797
f 9797 6780 5215
f 11769 8310 5216
f 5218 6896 8690
f 7359 7113 5218
f 7579 7359 5218
f 8690 7579 5218
f 8543 5667 5219
f 5219 8416 8643
f 8643 8543 5219
f 8580 6162 5220
f 5222 5544 7110
f 9709 7975 5223
f 5223 7975 10400
f 10400 8157 5223
f 5223 8157 11305
f 11305 9709 5223
f 10819 5556 5224
f 5224 8337 9408
f 9408 8810 5224
f 5224 8810 10819
f 5750 5586 5225
f 5225 5586 7089
f 5227 5622 7198
f 8415 6644 5228
f 5228 6644 8876
f 5228 8310 11193
f 11193 8415 5228
f 7540 5987 5229
f 5229 5987 9626
f 5229 6135 7540
f 5231 7204 8318
f 11173 7204 5231
f 8318 8208 5231
f 5231 8208 9263
f 5231 8997 9146
f 9263 8997 5231
f 5231 9146 9890
f 5231 9890 11173
f 7757 5933 5232
f 5232 5933 8430
f 8430 7754 5232
f 5232 7754 11364
f 10353 7757 5232
f 11364 10353 5232
f 10319 6355 5233
f 5233 6355 11191
f 5233 6693 8614
f 8618 6693 5233
f 5233 8614 10319
f 11191 8618 5233
f 6917 6756 5234
f 5234 6756 9338
f 10552 6917 5234
f 8027 7555 5234
f 9338 8027 5234
f 5235 5774 9550
f 11322 5774 5235
f 9550 6551 5235
f 5235 6551 11018
f 5235 11018 11322
f 11023 5571 5236
f 5237 7030 7634
f 5238 5256 7437
f 11596 5256 5238
f 8592 5382 5238
f 5238 5382 11596
f 5238 7437 8592
f 10038 6105 5239
f 5239 9278 12071
f 12071 10038 5239
f 5240 5333 7774
f 10207 5333 5240
f 5240 7774 8842
f 5240 8842 9126
f 5240 9126 10038
f 5240 10038 12071
f 5241 5300 7219
f 10489 5300 5241
f 5241 7219 7609
f 5241 9922 10489
f 6659 6531 5243
f 7742 5618 5244
f 7018 5457 5246
f 5246 5457 8201
f 5246 7003 7018
f 7322 7003 5246
f 8201 7322 5246
f 9135 7212 5247
f 5247 7463 9135
f 10313 7215 5249
f 5249 9257 10313
f 6630 5271 5251
f 5251 5271 6759
f 11661 6630 5251
f 9289 6666 5252
f 11506 7766 5252
f 5252 7766 11844
f 11844 9289 5252
f 5254 6666 10044
f 5255 9150 9316
f 5257 6900 7914
f 9370 6900 5257
f 5257 7914 8750
f 5257 8750 10120
f 10120 9370 5257
f 7965 5486 5259
f 5259 5486 8775
f 5259 6065 6572
f 8775 6065 5259
f 5259 6572 6987
f 5259 6987 7965
f 5260 5856 7910
f 5261 6492 10129
f 5262 6044 8445
f 10306 6044 5262
f 8445 6382 5262
f 7378 7032 5262
f 5262 7032 10306
f 5263 8249 9841
f 6349 5512 5264
f 5265 7262 11210
f 11269 7262 5265
f 5265 8898 11269
f 12093 8898 5265
f 5265 11210 11446
f 5265 11446 12093
f 8938 8123 5266
f 5266 8123 10810
f 9104 8938 5266
f 10810 9978 5266
f 11125 6828 5267
f 5267 7400 8686
f 5268 5298 6672
f 11726 5298 5268
f 5268 5596 8530
f 11015 5596 5268
f 5268 6672 11015
f 5268 8530 11726
f 5269 5505 6903
f 8486 5505 5269
f 8697 7860 5272
f 9430 6692 5273
f 5273 6692 10256
f 5273 6921 7620
f 10256 6921 5273
f 5273 7620 9339
f 9339 7753 5273
f 5273 7753 9430
f 6680 5951 5275
f 5275 5951 7789
f 5275 6679 9738
f 10053 6679 5275
f 9738 6680 5275
f 5275 7789 10053
f 9687 5456 5276
f 5276 5456 9953
f 8974 5421 5277
f 5277 6295 8975
f 8975 8974 5277
f 10640 6699 5278
f 5278 6699 11059
f 5278 6701 11615
f 11059 10207 5278
f 11615 10640 5278
f 5279 5717 6033
f 5404 5288 5280
f 5280 5288 7930
f 9303 5404 5280
f 5280 5446 6809
f 7930 5446 5280
f 8515 5905 5281
f 6162 5337 5282
f 5282 5337 7319
f 7319 5638 5282
f 5283 5292 8661
f 9481 5292 5283
f 9063 5333 5284
f 5284 5333 11059
f 8689 7435 5284
f 5284 7435 9063
f 9574 8689 5284
f 10593 9574 5284
f 11059 10593 5284
f 7554 5488 5285
f 5285 6290 6622
f 7617 7554 5285
f 7590 7269 5286
f 5288 5371 7930
f 5288 5404 10628
f 5288 10628 10789
f 5289 8165 8701
f 10160 8165 5289
f 5289 8701 10607
f 11818 10160 5289
f 10607 10420 5289
f 5289 10420 11641
f 5289 11641 11818
f 10846 10563 5291
f 5291 10563 11256
f 5292 5391 8347
f 10300 5391 5292
f 5292 8347 8661
f 5292 9481 10300
f 5293 5373 5520
f 5483 5399 5294
f 5294 5399 9293
f 6412 5483 5294
f 9293 6899 5294
f 10377 8026 5295
f 5295 8026 11122
f 5295 8497 10377
f 10724 8497 5295
f 11122 10724 5295
f 6459 5524 5296
f 9966 6459 5296
f 8440 7651 5296
f 5296 7651 9966
f 5297 6598 10908
f 6551 5664 5298
f 5298 5664 7447
f 7979 6551 5298
f 7447 6672 5298
f 11726 7979 5298
f 5299 7784 9734
f 8821 7219 5300
f 5301 5494 8400
f 5302 5667 7488
f 5302 7488 10630
f 5302 7710 8766
f 6670 6582 5305
f 9685 6670 5305
f 5305 6764 7956
f 5305 7956 9685
f 5306 6550 6845
f 7105 6550 5306
f 5306 6845 9744
f 6424 6371 5307
f 5308 5329 5538
f 9695 5329 5308
f 5308 5538 6659
f 5308 6659 6708
f 5308 6708 9695
f 5309 6793 8354
f 10259 6793 5309
f 5309 8354 12065
f 12065 10259 5309
f 6046 5927 5310
f 5310 5927 7254
f 9517 6046 5310
f 8037 7016 5310
f 5310 7016 9517
f 5310 7254 8037
f 7995 7312 5311
f 5311 7312 8439
f 11680 7995 5311
f 7267 5521 5312
f 5312 5521 7723
f 5312 7124 7267
f 5312 7723 9207
f 5312 9207 9647
f 10645 7328 5316
f 8221 5819 5317
f 5317 5819 9527
f 7553 5928 5317
f 5317 5928 8037
f 8037 7254 5317
f 5317 7254 8221
f 9527 7553 5317
f 7921 6172 5318
f 5318 6172 8539
f 5318 6801 7921
f 9049 7454 5318
f 5318 8539 9049
f 6697 5442 5319
f 6826 5499 5320
f 5320 5694 6826
f 9695 6708 5322
f 9217 5700 5325
f 7990 5820 5325
f 11717 9217 5325
f 7825 6726 5326
f 5326 6726 9290
f 9290 8426 5326
f 5326 8426 9838
f 9838 9033 5326
f 5327 5752 9548
f 9548 6789 5327
f 8373 6718 5328
f 5328 6855 11099
f 11099 8373 5328
f 9695 7906 5329
f 6490 5355 5332
f 5332 5355 9546
f 11263 6490 5332
f 9808 8410 5332
f 5332 8410 11263
f 5332 9546 9808
f 9063 7774 5333
f 5333 10207 11059
f 9052 5883 5334
f 5334 5883 10877
f 12094 9052 5334
f 5334 10877 12094
f 10778 5716 5335
f 5335 7014 8335
f 5335 8335 10778
f 5337 6162 6571
f 5337 6571 8542
f 5338 5342 6146
f 10606 5342 5338
f 5338 6146 11698
f 5338 6769 11324
f 11698 6769 5338
f 11324 10606 5338
f 9732 5394 5339
f 5339 5394 9789
f 7083 5435 5339
f 5339 5435 10484
f 9028 7083 5339
f 9789 9028 5339
f 10484 9732 5339
f 6539 5599 5340
f 6079 5465 5341
f 5341 5465 8708
f 6703 6146 5342
f 9308 6703 5342
f 5342 8689 9308
f 10606 8689 5342
f 5343 5479 9301
f 10113 5479 5343
f 5343 7546 8565
f 11379 7546 5343
f 5343 8565 10113
f 5343 9301 11379
f 7328 7084 5344
f 9521 5772 5345
f 5345 6944 9521
f 5346 5572 11289
f 11289 6001 5346
f 5348 5590 6045
f 9669 5590 5348
f 6959 5522 5350
f 5350 5522 7293
f 11517 6959 5350
f 5350 7932 11517
f 5351 9580 11231
f 5352 5368 7488
f 8101 5368 5352
f 7488 5667 5352
f 5352 5667 8543
f 8295 8101 5352
f 8543 8295 5352
f 5353 5468 10511
f 11183 5468 5353
f 8324 6830 5353
f 5353 6830 11183
f 12031 8324 5353
f 5353 10511 12031
f 5354 5806 6228
f 5355 6490 10587
f 8271 6757 5355
f 5355 8019 8271
f 10587 8019 5355
f 5357 5459 8659
f 10016 5459 5357
f 8659 7603 5357
f 5358 5422 6649
f 6649 5584 5358
f 5358 5584 6678
f 6395 5396 5359
f 5359 5396 8945
f 9105 6395 5359
f 5360 5533 8692
f 8948 5533 5360
f 8692 5794 5360
f 5360 5794 9568
f 12075 8948 5360
f 5360 9568 12075
f 8678 5525 5363
f 5363 5525 9586
f 5363 5795 8678
f 10336 5795 5363
f 5363 9408 10336
f 10758 9408 5363
f 5363 9586 10758
f 10505 7754 5364
f 5364 7754 10827
f 9480 9103 5364
f 11214 9480 5364
f 5364 10827 11214
f 5365 8829 10302
f 6120 5468 5367
f 5367 5468 11183
f 10686 6120 5367
f 11183 10686 5367
f 10630 7488 5368
f 5369 5452 5490
f 6405 5452 5369
f 5369 5490 10786
f 8596 6405 5369
f 5369 7994 8596
f 10786 7994 5369
f 5370 7772 12072
f 12072 10339 5370
f 5371 5446 7930
f 10542 5446 5371
f 10274 7058 5371
f 5371 7058 10930
f 10930 10542 5371
f 7442 5426 5372
f 6753 6375 5374
f 5374 6375 7492
f 5375 5873 6209
f 11127 5873 5375
f 5375 6209 9353
f 11237 11127 5375
f 6739 6719 5376
f 9746 6739 5376
f 7428 6154 5377
f 5378 6244 8667
f 5378 8667 10544
f 5379 5385 5396
f 5642 5385 5379
f 5379 5396 8946
f 6895 5642 5379
f 11554 6895 5379
f 5379 8946 11554
f 7289 5663 5380
f 5380 5663 9312
f 5381 5563 8787
f 9270 5563 5381
f 5381 8787 10969
f 5381 9074 9270
f 5382 8592 9029
f 5476 5460 5383
f 6121 5476 5383
f 5384 6126 6779
f 8148 6126 5384
f 5384 6779 11681
f 5384 7649 8148
f 11681 7649 5384
f 8945 5396 5385
f 5385 5642 8555
f 5385 8555 8945
f 7578 5566 5386
f 5386 7441 7578
f 10475 6048 5387
f 5387 6048 12085
f 5387 6713 10475
f 10276 8993 5387
f 12085 10276 5387
f 5389 5860 6928
f 11443 5860 5389
f 5389 6928 11261
f 11261 11260 5389
f 5389 11260 11478
f 11478 11443 5389
f 5391 5564 7613
f 10528 5564 5391
f 5391 10300 10528
f 5788 5401 5393
f 5393 5401 11978
f 11978 8472 5393
f 5394 5842 8739
f 9732 5842 5394
f 5394 8739 9789
f 5395 7292 12072
f 12072 7772 5395
f 5396 6395 9161
f 9161 8946 5396
f 8839 5805 5397
f 5397 5805 9915
f 10983 8839 5397
f 9318 9230 5397
f 5397 9230 10983
f 9915 9318 5397
f 6873 6231 5398
f 8975 6295 5398
f 5398 8851 8975
f 5399 5483 5489
f 5399 5489 8696
f 8696 6848 5399
f 5399 6848 9293
f 8920 6198 5400
f 5400 6198 11045
f 11045 8569 5400
f 5401 6319 8372
f 5401 8372 11978
f 5402 5406 5409
f 5789 5406 5402
f 5402 5407 7153
f 7153 5789 5402
f 5403 6329 6763
f 9645 6329 5403
f 5403 6763 11137
f 9451 7106 5403
f 5403 7106 9645
f 5403 7445 9451
f 11137 7445 5403
f 9189 7344 5404
f 5404 7344 10628
f 5404 9167 9189
f 9303 9167 5404
f 5415 5406 5405
f 5405 5406 7152
f 5405 5411 5415
f 5415 5409 5406
f 5406 5789 7152
f 7152 5788 5407
f 5407 5788 7153
f 5408 6157 10997
f 10997 9423 5408
f 6339 5829 5410
f 7878 6339 5410
f 6228 5806 5412
f 5412 5994 7109
f 7109 6228 5412
f 10221 5414 5413
f 5413 7251 10221
f 6704 5567 5414
f 6898 6579 5416
f 11199 5472 5418
f 8067 7848 5418
f 5418 7848 11199
f 8698 8067 5418
f 5419 6674 6675
f 7116 6674 5419
f 5419 6675 8698
f 8698 6841 5419
f 11824 11777 5423
f 11123 7854 5424
f 5424 7854 12044
f 5424 9349 11512
f 11566 9349 5424
f 11512 11123 5424
f 12044 11566 5424
f 5425 6324 8422
f 8422 6351 5425
f 5426 5767 8469
f 10813 5767 5426
f 5426 7442 8479
f 5426 8479 10813
f 5427 6748 6776
f 8684 7225 5427
f 5428 5549 8722
f 8722 7507 5428
f 5428 7507 9352
f 10448 6525 5429
f 5429 6525 12078
f 5429 9921 10448
f 11161 9921 5429
f 5429 10235 11161
f 12078 10235 5429
f 5430 6507 7750
f 8113 6507 5430
f 10608 7311 5430
f 5430 7311 11635
f 5430 7750 10608
f 11635 8113 5430
f 7345 6225 5431
f 5431 6225 11499
f 5431 7171 9805
f 11499 7171 5431
f 9805 7345 5431
f 8919 7644 5432
f 5432 8144 8919
f 9539 8144 5432
f 10997 9539 5432
f 5433 7144 7230
f 5433 9829 10182
f 5434 6568 8435
f 9579 6991 5434
f 5434 6991 9580
f 5434 8435 9579
f 5435 7083 7543
f 9057 5610 5437
f 5437 5610 9084
f 5437 6068 9057
f 10591 6068 5437
f 9084 8103 5437
f 5437 8103 10591
f 6494 6471 5438
f 8746 6494 5438
f 5438 8348 8746
f 7874 6153 5441
f 5441 6153 9461
f 9461 6787 5441
f 5441 6787 10804
f 5441 7872 7874
f 7883 7872 5441
f 10804 7883 5441
f 8080 5601 5442
f 5442 6697 8080
f 8222 5644 5443
f 5443 5644 10465
f 5443 7630 8222
f 11356 7630 5443
f 10465 9073 5443
f 5443 9073 11356
f 5444 6138 7379
f 10902 6138 5444
f 7814 7145 5444
f 5444 7145 8360
f 5444 7379 7814
f 5444 8360 11481
f 11481 10902 5444
f 7213 6290 5445
f 7012 6809 5446
f 10542 7012 5446
f 5447 7101 10981
f 12086 7101 5447
f 10981 7103 5447
f 5447 11070 12086
f 5449 5461 6812
f 10158 5461 5449
f 5449 6812 9631
f 5449 7887 8776
f 9631 7887 5449
f 5449 8776 10158
f 8808 5490 5452
f 8260 5941 5452
f 5452 5941 11487
f 5452 6405 8260
f 11487 8808 5452
f 5453 9071 9227
f 11369 6119 5454
f 5454 6119 11686
f 6880 6450 5454
f 5454 6450 11369
f 10092 6880 5454
f 11686 10092 5454
f 5455 6283 7063
f 5456 5889 6081
f 9923 5889 5456
f 5456 6081 9953
f 5457 7018 9718
f 5457 9718 10374
f 8432 6847 5458
f 5458 6847 11624
f 9283 8432 5458
f 11624 9569 5458
f 5459 5551 7625
f 10754 5551 5459
f 5459 7625 8659
f 10079 6812 5461
f 7890 7882 5461
f 5461 7882 10702
f 10158 7890 5461
f 10702 10079 5461
f 10267 6639 5462
f 5462 6639 10305
f 10829 7189 5462
f 5462 7189 11493
f 11493 10267 5462
f 5462 10305 10829
f 5463 6015 6761
f 8129 6015 5463
f 9088 5616 5464
f 5464 5616 9991
f 5464 7342 9088
f 5464 9991 10080
f 5465 6079 8266
f 8266 7891 5465
f 5466 6810 8423
f 10965 6810 5466
f 5466 6859 10706
f 11656 6859 5466
f 5466 8423 11656
f 5466 10706 10965
f 6856 5527 5467
f 5468 6120 9199
f 7647 5565 5469
f 5469 5565 9008
f 5469 7895 8195
f 9008 7895 5469
f 10108 7818 5470
f 5470 7818 12073
f 10947 10108 5470
f 11516 10947 5470
f 12073 11516 5470
f 7723 5521 5471
f 5471 5521 10738
f 5471 6506 7723
f 8527 6507 5471
f 9680 8527 5471
f 10738 9680 5471
f 11199 6801 5472
f 8995 6861 5473
f 8638 6862 5473
f 5473 6862 8995
f 5473 7897 10967
f 7293 5522 5474
f 5964 5847 5475
f 5475 5870 5964
f 7921 6801 5477
f 5477 6801 11199
f 10711 7921 5477
f 11199 10711 5477
f 5478 5548 7720
f 8247 5548 5478
f 5478 6847 8247
f 10211 6847 5478
f 5478 7507 8722
f 9352 7507 5478
f 5478 7720 9352
f 5478 8722 10211
f 10581 7870 5479
f 5479 10113 10581
f 5480 5658 8031
f 8269 5658 5480
f 5480 8031 9989
f 8505 8269 5480
f 9251 8505 5480
f 11798 9251 5480
f 5480 9989 11798
f 6735 6621 5481
f 6954 5550 5482
f 5482 5550 8732
f 8732 6722 5482
f 5482 6722 10844
f 5482 6933 6954
f 10844 6933 5482
f 6476 5489 5483
f 5484 5498 6886
f 10955 5498 5484
f 5484 6886 8749
f 11128 10955 5484
f 7693 6346 5485
f 5485 7073 8600
f 8600 7693 5485
f 7965 6425 5486
f 5486 6990 8775
f 5488 7554 7597
f 5489 6476 10957
f 9336 8696 5489
f 10957 9336 5489
f 8808 8005 5490
f 5490 8005 10786
f 8732 6869 5491
f 5491 6878 8732
f 9776 6878 5491
f 5491 9362 9776
f 7447 5664 5492
f 5492 5664 7892
f 10162 7447 5492
f 5492 7892 8374
f 5492 8374 10162
f 5493 8268 8293
f 10110 6364 5495
f 5495 10055 10110
f 7163 5542 5496
f 5496 5542 10940
f 5496 6599 8356
f 9010 6599 5496
f 8356 7163 5496
f 9917 9010 5496
f 10940 9917 5496
f 5497 6775 7509
f 7795 6775 5497
f 5497 7509 10295
f 5497 7628 7795
f 7968 7628 5497
f 10295 7968 5497
f 7920 6886 5498
f 11130 7920 5498
f 5498 10955 11130
f 5500 5816 7716
f 5500 7716 7841
f 5502 6890 8610
f 11677 6890 5502
f 5503 5586 5750
f 5504 6910 8755
f 5504 8755 10106
f 8487 6903 5505
f 5505 8486 9291
f 10143 8844 5506
f 5506 8844 10726
f 10727 10143 5506
f 5506 10726 10727
f 5507 7155 8658
f 9155 7155 5507
f 5507 8658 10181
f 10181 9155 5507
f 10923 7902 5508
f 5508 7902 11759
f 5508 8164 8165
f 11759 8164 5508
f 5508 8165 11675
f 11675 10923 5508
f 5509 5722 6706
f 5509 6706 8990
f 5510 5730 6727
f 7259 5730 5510
f 5510 6727 7508
f 7052 7020 5510
f 5510 7020 7259
f 11221 7052 5510
f 5510 7508 11221
f 6089 5709 5511
f 6202 6089 5511
f 5515 5665 7310
f 8525 5665 5515
f 5515 6718 8525
f 5515 7310 7459
f 5516 7064 7068
f 11169 7064 5516
f 5516 7068 11211
f 5516 11211 11296
f 9021 5696 5517
f 5517 5696 11561
f 6937 6808 5517
f 11561 6937 5517
f 5518 6760 8169
f 7769 7411 5518
f 8169 7769 5518
f 9355 8666 5519
f 5521 7267 10738
f 5522 6959 8021
f 5522 8021 10794
f 5523 5991 8702
f 10178 5991 5523
f 7422 7007 5523
f 5523 7007 11414
f 8702 7422 5523
f 11253 10178 5523
f 11414 11253 5523
f 5524 6459 10660
f 8678 7029 5525
f 5526 5616 8968
f 9991 5616 5526
f 5526 5650 11100
f 11100 9991 5526
f 5527 6856 12034
f 5528 6613 7679
f 5528 7679 8153
f 5529 6143 9579
f 10367 6143 5529
f 5529 9579 10798
f 10798 10367 5529
f 5531 6886 7920
f 8753 6886 5531
f 5531 7920 11464
f 6855 5608 5532
f 5532 5608 10261
f 5532 6365 6589
f 10261 6365 5532
f 5532 6589 11099
f 11099 6855 5532
f 5533 5783 6624
f 10350 5783 5533
f 5533 6624 8692
f 5533 8948 12037
f 12037 10350 5533
f 5534 5877 6310
f 5534 6310 7256
f 5535 5732 7332
f 9484 5732 5535
f 5535 6041 8036
f 10842 6041 5535
f 7332 6915 5535
f 5535 6915 10842
f 8036 7941 5535
f 5535 7941 9484
f 5536 9162 9614
f 9617 9162 5536
f 5536 9614 12084
f 10803 9617 5536
f 12084 10803 5536
f 5537 7432 11034
f 11526 7432 5537
f 5537 7536 10688
f 11034 9070 5537
f 5537 10688 11526
f 6658 6531 5538
f 5538 6531 6659
f 8772 7946 5539
f 5539 7946 10799
f 10799 8762 5539
f 9386 8772 5539
f 6297 5670 5540
f 5540 5670 11360
f 11360 10291 5540
f 7739 7019 5541
f 5542 5725 6091
f 7163 5725 5542
f 5542 6091 6137
f 5542 6137 10916
f 5542 10916 10940
f 5543 10692 11625
f 11625 11194 5543
f 8151 8062 5544
f 11256 7323 5545
f 5545 7323 11258
f 5545 10956 11256
f 11258 10956 5545
f 8345 6437 5546
f 5546 6437 12039
f 12039 8154 5546
f 7067 6977 5547
f 5548 8247 8380
f 5549 7898 8722
f 6997 5579 5550
f 5550 5579 8646
f 5550 6954 6997
f 5550 8646 8732
f 5551 5741 7944
f 10754 5741 5551
f 5553 8750 10560
f 10773 8750 5553
f 9796 8793 5553
f 5553 8793 10773
f 7693 6211 5554
f 5554 6211 8583
f 8596 7994 5556
f 5556 7994 9421
f 10844 10093 5557
f 5557 10093 12073
f 5558 5932 8311
f 9742 5932 5558
f 8311 6099 5558
f 7771 6983 5560
f 5560 6983 10183
f 10183 7616 5560
f 5562 6893 8576
f 11467 6893 5562
f 5562 8576 11061
f 11062 10849 5562
f 5562 10849 11467
f 5562 11061 11062
f 5563 5655 8787
f 9602 5655 5563
f 5564 5739 8133
f 11498 5739 5564
f 8133 7613 5564
f 5564 10528 11498
f 7647 6843 5565
f 5565 7398 12061
f 12061 9008 5565
f 6771 5576 5566
f 5566 5576 10826
f 7578 6771 5566
f 9629 7364 5569
f 5569 7364 10280
f 5571 5657 7639
f 9055 5657 5571
f 8034 7905 5574
f 5574 7905 8214
f 5574 8214 12068
f 12068 10971 5574
f 6003 5818 5576
f 5576 5818 9558
f 6210 6003 5576
f 5576 9558 10826
f 5577 7426 10167
f 10169 7426 5577
f 5577 10167 10878
f 10878 10169 5577
f 7571 5707 5578
f 5579 6997 8001
f 5579 8001 10363
f 9791 8646 5579
f 10363 9791 5579
f 5580 7797 10773
f 5580 8793 8806
f 10773 8793 5580
f 5580 8806 9811
f 10800 7147 5581
f 5581 7147 10882
f 5581 10615 10617
f 10882 10615 5581
f 5581 10617 10800
f 5583 6337 8463
f 8986 7797 5583
f 5583 8463 9381
f 9381 8986 5583
f 5584 6677 6678
f 5585 5695 7810
f 5585 7810 10855
f 10855 9393 5585
f 9649 5912 5587
f 5587 7035 8234
f 8974 7035 5587
f 5587 8234 9649
f 5588 9281 9793
f 7161 6204 5589
f 5589 6533 7669
f 7669 7161 5589
f 5590 5973 9017
f 11387 5973 5590
f 9017 6045 5590
f 5591 6953 7976
f 5591 7976 8802
f 5591 7996 8794
f 8802 7996 5591
f 8794 8789 5591
f 5592 6043 8972
f 7308 6844 5594
f 5594 6844 7556
f 10460 6949 5594
f 5594 6949 10784
f 10784 7308 5594
f 5594 7556 7814
f 5594 7814 10460
f 11409 8530 5596
f 5596 11015 11619
f 11619 11409 5596
f 10858 7395 5597
f 5597 7395 11419
f 11419 7967 5597
f 11011 10858 5597
f 10999 7993 5598
f 5598 7993 11082
f 11082 8625 5598
f 5598 8625 11482
f 5598 10765 10999
f 11103 10765 5598
f 11482 11103 5598
f 6999 6934 5600
f 5600 6934 10103
f 5601 6026 6393
f 8080 6026 5601
f 9745 6874 5603
f 5603 6874 10584
f 5603 9432 10322
f 9812 9745 5603
f 10154 9812 5603
f 10322 10154 5603
f 5604 6981 11109
f 11194 6981 5604
f 11109 8812 5604
f 5605 6053 6464
f 5607 6037 8778
f 10657 6037 5607
f 8778 6888 5607
f 5607 6888 8789
f 5607 8789 8794
f 5607 8794 11109
f 11109 10657 5607
f 6855 6413 5608
f 5608 6413 10260
f 10419 10261 5608
f 5609 5886 6199
f 5609 6199 8186
f 7244 6625 5609
f 5609 6625 9185
f 8186 7244 5609
f 11335 6792 5610
f 5610 9057 11335
f 9043 8278 5611
f 5611 8278 10659
f 5611 8478 9241
f 10659 8478 5611
f 10159 9043 5611
f 5611 9241 9980
f 5611 9980 10159
f 7907 7185 5612
f 9166 8856 5614
f 5614 8856 11104
f 5614 9151 10929
f 11104 9151 5614
f 9666 9166 5614
f 10929 9666 5614
f 5615 7415 11527
f 8910 7925 5615
f 5615 7925 11687
f 5615 7995 11680
f 11687 7995 5615
f 11527 8910 5615
f 9088 8968 5616
f 7931 6750 5619
f 6993 6010 5620
f 5620 6010 8942
f 11216 6993 5620
f 8942 7005 5620
f 5620 7005 9801
f 5620 9801 11216
f 6710 6021 5621
f 5621 7641 11743
f 5622 5727 7198
f 9567 5727 5622
f 5622 6988 9567
f 8228 6021 5623
f 11650 8228 5623
f 5624 7078 9133
f 10493 7078 5624
f 5624 9133 10554
f 10554 9535 5624
f 11020 10493 5624
f 10685 7261 5625
f 5625 7261 10746
f 7764 7601 5625
f 5625 7601 9673
f 9472 7764 5625
f 10404 9472 5625
f 5625 9673 10685
f 10746 10404 5625
f 9312 7077 5627
f 5627 7077 10313
f 5627 8652 9312
f 10066 8652 5627
f 10313 10066 5627
f 5629 6423 6984
f 10648 6423 5629
f 5629 6984 7688
f 9184 8703 5629
f 5629 8703 10648
f 8990 6706 5630
f 5630 6706 9522
f 9522 6765 5630
f 8678 5795 5631
f 5631 7017 7988
f 7341 7029 5631
f 5631 7029 8678
f 5632 5636 8035
f 8807 5636 5632
f 11527 7415 5632
f 5632 7962 8807
f 5632 8035 11527
f 5998 5783 5633
f 5633 5783 11314
f 11310 5998 5633
f 11760 11310 5633
f 5633 11314 11760
f 7062 6642 5634
f 5635 6449 9768
f 10416 6449 5635
f 9412 9180 5635
f 5635 9180 10416
f 9489 9412 5635
f 9768 9489 5635
f 8807 7005 5636
f 10020 5787 5637
f 5637 5787 11727
f 5637 9080 10020
f 11552 9080 5637
f 11727 11552 5637
f 7319 6251 5638
f 5639 6019 6333
f 6383 6019 5639
f 5640 7996 8802
f 9804 7996 5640
f 5641 5680 7361
f 8342 5680 5641
f 5642 5834 8555
f 7666 5972 5644
f 5644 5972 10465
f 9085 7666 5644
f 5644 8222 9085
f 5645 5968 8249
f 5646 6490 11263
f 5646 6671 10356
f 11263 6671 5646
f 5646 10356 10586
f 5648 6815 11013
f 11013 10011 5648
f 8617 5743 5650
f 11733 7591 5651
f 9542 6795 5652
f 5652 6795 10059
f 9533 8999 5652
f 10059 9533 5652
f 5653 5657 9055
f 9055 6842 5653
f 8823 6997 5654
f 5654 6997 8949
f 8949 6999 5654
f 9499 5702 5655
f 9602 9499 5655
f 5656 5958 6386
f 7117 5958 5656
f 5656 6386 9148
f 5658 5662 8031
f 7072 5704 5659
f 5659 5704 8858
f 5660 6720 8364
f 5662 5770 6963
f 5662 6963 8031
f 7687 7077 5663
f 5663 7077 9312
f 5663 7289 7485
f 5663 7485 7687
f 5664 6551 9550
f 9550 7892 5664
f 5665 6165 7310
f 9348 8370 5665
f 5665 8525 9348
f 5666 7419 8853
f 5666 8853 9821
f 5668 6116 9326
f 5669 8701 10135
f 11000 8701 5669
f 5669 9672 10635
f 5670 6297 6415
f 5670 6415 7952
f 5670 7952 8023
f 5670 8023 10153
f 5670 10153 11360
f 9735 5815 5671
f 5674 6802 8160
f 5675 5684 8679
f 9387 8611 5675
f 5675 8679 9387
f 5676 6907 7820
f 8852 6907 5676
f 5676 7820 11339
f 5676 8836 8845
f 11339 8836 5676
f 5676 8845 8852
f 8542 6032 5677
f 7375 5691 5678
f 5678 5691 7619
f 10143 7375 5678
f 5678 7619 8587
f 5678 8587 9819
f 5678 9819 10143
f 7492 6375 5679
f 5680 6264 9042
f 10949 6264 5680
f 5680 8342 10212
f 5680 10212 10949
f 6302 5842 5681
f 5681 5842 9592
f 5682 6567 9018
f 8148 7649 5682
f 5682 7649 9554
f 9018 8148 5682
f 9554 8628 5682
f 8817 6502 5683
f 5683 6502 10156
f 5683 7316 8391
f 11572 7316 5683
f 5683 8391 9918
f 10156 8459 5683
f 5683 8459 11572
f 9918 8817 5683
f 5684 8042 8679
f 10859 8042 5684
f 6432 6029 5685
f 5685 6029 7522
f 7037 6432 5685
f 5685 7522 8720
f 5685 8720 9329
f 5686 6206 7481
f 7481 6502 5686
f 5686 6502 10459
f 10459 7210 5686
f 5687 5688 8044
f 9820 5688 5687
f 12024 9820 5687
f 8040 7047 5688
f 9428 8040 5688
f 9820 9428 5688
f 5691 7375 8012
f 8836 7619 5691
f 5691 8012 11031
f 11031 8836 5691
f 11084 6184 5692
f 5692 6184 11659
f 11659 9232 5692
f 5692 9247 11084
f 9937 8029 5695
f 5696 6792 9320
f 5696 9320 11561
f 5697 6263 7474
f 11773 6267 5697
f 7474 7330 5697
f 5698 7055 8506
f 8943 7055 5698
f 5698 8259 8943
f 11323 8259 5698
f 5698 8506 8846
f 5698 8846 11323
f 10240 7439 5701
f 5701 7439 11008
f 10909 10240 5701
f 11355 10909 5701
f 5701 11008 11355
f 6086 6025 5704
f 5704 6025 8858
f 6127 6086 5704
f 5704 7072 10340
f 8620 5732 5705
f 5705 5732 9266
f 5705 5797 8835
f 8835 8620 5705
f 5706 5838 5907
f 8878 5838 5706
f 5706 5907 6833
f 6833 6563 5706
f 5706 6563 6868
f 5706 6868 9196
f 9196 8878 5706
f 5708 6086 6127
f 7743 6086 5708
f 5708 7068 8570
f 11211 7068 5708
f 8570 7743 5708
f 5709 6089 9792
f 9792 6285 5709
f 5709 6285 10716
f 10059 6795 5710
f 5710 9011 10059
f 7425 6114 5712
f 5712 6223 7425
f 5714 5903 9153
f 10137 5903 5714
f 5714 7856 10137
f 10778 7143 5716
f 5717 5719 7977
f 5717 5980 6343
f 7977 5980 5717
f 7436 7122 5718
f 5718 7122 10873
f 9469 7436 5718
f 8099 7768 5718
f 5718 7768 9469
f 10873 8099 5718
f 5719 6519 7977
f 6252 5822 5720
f 9845 6252 5720
f 8174 6767 5720
f 6346 5760 5721
f 5721 6074 9879
f 7339 6706 5722
f 5722 7190 7339
f 8764 7190 5722
f 5722 8100 8764
f 7988 7017 5723
f 5723 7017 11154
f 8807 7962 5723
f 11154 8807 5723
f 10252 6091 5725
f 5725 7163 10253
f 10253 10252 5725
f 10982 5862 5726
f 5726 5862 11287
f 5726 7315 10982
f 11175 7315 5726
f 5726 8931 11174
f 11287 8931 5726
f 5726 11174 11175
f 9243 7198 5727
f 9565 8300 5728
f 5729 5831 10838
f 10838 6186 5729
f 5730 7259 10994
f 10994 8834 5730
f 8620 7332 5732
f 9484 9266 5732
f 5733 8157 10868
f 11305 8157 5733
f 5733 10867 11305
f 11570 10867 5733
f 5733 10868 11570
f 10312 5870 5735
f 9872 5973 5735
f 5735 5973 10312
f 5739 5849 9203
f 10034 5849 5739
f 11498 10034 5739
f 5742 6173 6174
f 11202 6173 5742
f 5742 6174 8467
f 9439 8452 5742
f 5742 8452 11202
f 5742 8467 9439
f 8033 6133 5743
f 5744 6064 9096
f 11530 6064 5744
f 10862 8630 5744
f 5744 8630 12095
f 5744 9096 10862
f 12095 11530 5744
f 5745 6714 6914
f 7156 6714 5745
f 8293 8268 5746
f 5746 8268 11229
f 5746 8292 8293
f 11229 8292 5746
f 9945 8122 5748
f 5748 8122 11511
f 5748 9111 10980
f 11511 9111 5748
f 10980 9945 5748
f 8183 6381 5751
f 5751 6381 10190
f 10190 6626 5751
f 9331 8183 5751
f 5753 8685 9633
f 10708 8685 5753
f 5753 9834 10708
f 5754 6387 7494
f 5754 8364 10522
f 5755 6564 7299
f 6362 6361 5756
f 5756 6361 6511
f 5756 6511 7286
f 6586 6375 5759
f 7065 6067 5762
f 5762 6428 7537
f 5763 5800 7506
f 5763 7506 10866
f 5765 7327 7358
f 5766 7112 7365
f 8096 7112 5766
f 5766 7365 10992
f 5766 7526 8096
f 10990 7526 5766
f 10992 10990 5766
f 5767 5974 8469
f 11181 5974 5767
f 5767 10813 11181
f 5768 6391 8107
f 10643 6391 5768
f 5768 7365 10643
f 10992 7365 5768
f 5768 8107 10880
f 5768 10880 10992
f 7123 7119 5769
f 5769 7119 11605
f 10914 7123 5769
f 11074 10914 5769
f 11605 11074 5769
f 5770 6891 10915
f 10915 6963 5770
f 5771 5983 8712
f 10900 5983 5771
f 9038 6407 5771
f 5771 7574 10900
f 5771 8712 9038
f 9951 9550 5774
f 11322 9951 5774
f 7088 7066 5775
f 5775 7066 9478
f 10987 7088 5775
f 9478 8903 5775
f 5775 8903 10408
f 5775 10408 10987
f 8711 7300 5776
f 9048 5852 5777
f 5777 5852 9345
f 9345 5853 5777
f 5777 5853 9346
f 9346 9048 5777
f 9297 9296 5780
f 5781 6145 10710
f 10711 6145 5781
f 5781 8735 10711
f 11197 8735 5781
f 10710 10349 5781
f 5782 7300 8711
f 8711 8549 5782
f 5783 5998 6624
f 10350 8358 5783
f 5783 8358 11314
f 8144 6946 5784
f 5784 6946 8532
f 8532 8140 5784
f 5784 8140 10757
f 11614 8144 5784
f 10757 9485 5784
f 5784 9485 11614
f 7102 6489 5786
f 5786 6489 11390
f 11138 7102 5786
f 11137 7276 5786
f 5786 7276 11138
f 11346 11137 5786
f 11390 11346 5786
f 9318 9129 5787
f 5787 9129 11209
f 5787 9230 9318
f 10020 9230 5787
f 11209 9979 5787
f 5787 9979 11727
f 9015 5908 5790
f 5790 5908 11636
f 5790 5969 9154
f 10415 5969 5790
f 9154 9015 5790
f 11629 10415 5790
f 11636 11629 5790
f 7060 5817 5791
f 5791 5817 7350
f 5794 8692 11719
f 11719 9513 5794
f 10336 8337 5795
f 5796 6470 6788
f 7938 7836 5797
f 10952 7477 5798
f 8882 8411 5798
f 7592 7506 5800
f 11032 6093 5801
f 11116 7513 5802
f 5802 7513 11322
f 11480 11116 5802
f 5802 11407 11480
f 11464 10847 5803
f 7170 5811 5804
f 5805 8783 10924
f 11401 8783 5805
f 5805 8839 11401
f 10924 9915 5805
f 5808 7099 9620
f 9772 7099 5808
f 9620 8494 5808
f 5808 8494 10559
f 5809 6159 6519
f 8230 6129 5810
f 5810 6129 11290
f 5810 6139 8230
f 11697 6139 5810
f 5811 7170 7181
f 7226 5921 5813
f 5814 6171 8740
f 5814 8740 10846
f 9735 5988 5815
f 7060 6537 5817
f 9710 7740 5819
f 5819 8221 9710
f 7990 7025 5820
f 8582 5828 5821
f 5821 5828 8729
f 11376 8582 5821
f 5821 8729 11867
f 5821 8935 11703
f 11867 8935 5821
f 11703 11376 5821
f 5822 6252 6974
f 5822 6974 7370
f 11426 9497 5823
f 5823 9497 11665
f 6359 5893 5824
f 5824 5986 6359
f 8756 5986 5824
f 5825 5848 8075
f 11917 5848 5825
f 5825 5853 9715
f 6393 6026 5826
f 5826 6026 7956
f 5827 8779 10761
f 10761 9426 5827
f 5827 9426 11394
f 9816 8163 5828
f 5828 8163 10422
f 10422 8729 5828
f 11368 7233 5830
f 5830 7865 10072
f 5830 10072 11368
f 8529 6802 5831
f 5831 6802 10838
f 5831 7265 8529
f 10243 7265 5831
f 10784 7074 5832
f 10771 7270 5832
f 6318 5856 5833
f 5833 5856 11574
f 5833 5984 6318
f 11574 5984 5833
f 9323 8555 5834
f 5835 6819 7875
f 8745 6819 5835
f 5836 9109 11220
f 5836 11220 11404
f 8878 6503 5838
f 7440 6745 5841
f 5841 6745 10074
f 10074 7221 5841
f 5841 7221 10282
f 10042 7440 5841
f 10282 10042 5841
f 5842 6302 8739
f 5844 5978 9364
f 9702 5978 5844
f 5844 6059 6683
f 9458 6059 5844
f 5844 6683 9702
f 5844 9364 9458
f 5845 7467 8137
f 9877 7467 5845
f 9956 7903 5845
f 5845 8137 12056
f 12056 9956 5845
f 5846 7690 12032
f 5848 5909 7857
f 9498 5909 5848
f 5848 7857 8075
f 11917 9498 5848
f 5849 7335 9203
f 5850 5885 8341
f 10413 5885 5850
f 5850 5976 9483
f 5850 9483 10413
f 5851 5975 7954
f 9140 5975 5851
f 10642 7173 5851
f 5851 7173 11588
f 5851 7954 11378
f 11588 9140 5851
f 11378 10642 5851
f 8341 5885 5852
f 5852 5885 8801
f 9048 8341 5852
f 5852 8801 9345
f 5853 9345 9715
f 8420 5935 5854
f 5854 5935 8754
f 8754 5984 5854
f 5854 5984 11574
f 5855 5909 9498
f 11588 5909 5855
f 5855 9140 11588
f 11763 9140 5855
f 5856 6318 7910
f 5857 5908 11577
f 11636 5908 5857
f 5949 5869 5858
f 5858 5869 9676
f 11926 5949 5858
f 5858 9676 11404
f 11404 11220 5858
f 5858 11220 11926
f 5860 6927 6928
f 7091 6927 5860
f 11443 7091 5860
f 8482 7202 5861
f 5861 7202 11567
f 10774 8482 5861
f 5861 8961 9690
f 11567 8961 5861
f 5861 9690 10774
f 10982 7103 5862
f 8639 5865 5863
f 5863 5865 9117
f 11725 8065 5864
f 5864 8065 11837
f 11837 11450 5864
f 5864 11450 11905
f 11905 11725 5864
f 6683 6059 5865
f 5865 6059 9244
f 9244 9117 5865
f 5867 8016 8172
f 9168 8016 5867
f 5867 8641 9168
f 5869 5949 6332
f 5869 6332 11158
f 11981 9676 5869
f 5869 11158 11981
f 8355 6101 5872
f 5873 7443 7981
f 11127 7443 5873
f 7150 5876 5874
f 5874 5876 7209
f 7209 6418 5874
f 7424 7150 5874
f 7358 7327 5875
f 5875 7327 8389
f 5875 8389 9885
f 9885 9857 5875
f 9415 5881 5876
f 5876 7150 9415
f 5878 7911 8914
f 8914 8204 5878
f 5880 7467 11602
f 9505 8963 5881
f 5882 6674 7116
f 5883 6181 8421
f 11056 6181 5883
f 5883 8421 8586
f 5883 8586 10877
f 5883 9052 11056
f 5884 5972 7666
f 10652 5972 5884
f 7059 6168 5884
f 5884 6168 10652
f 7666 7059 5884
f 5887 7645 8240
f 12076 7645 5887
f 5887 8240 9038
f 5887 9038 12076
f 11066 8049 5888
f 5888 8049 11157
f 5888 11157 11402
f 6539 6081 5889
f 7346 6040 5891
f 5891 6042 7346
f 8914 6051 5892
f 5892 8204 8914
f 9483 5976 5893
f 5893 6359 9786
f 9786 9483 5893
f 5894 6289 8329
f 5894 8329 10879
f 5898 5897 5896
f 11846 5898 5896
f 5897 5898 6011
f 9553 6011 5898
f 11846 9553 5898
f 5899 7025 7990
f 5900 6088 11429
f 5900 8338 10199
f 11429 8338 5900
f 10199 10198 5900
f 8983 7232 5901
f 5901 7232 8985
f 8984 8983 5901
f 10200 8984 5901
f 5901 8985 10200
f 7776 6047 5902
f 5902 6047 11456
f 7600 7266 5902
f 5902 7266 7776
f 11456 7600 5902
f 5903 6883 7051
f 5903 7051 9153
f 5903 10137 10680
f 10680 10373 5903
f 5904 6623 7373
f 9512 7324 5906
f 5906 8964 9508
f 5906 9508 9512
f 10668 6833 5907
f 5907 9363 10668
f 11243 9363 5907
f 9015 7718 5908
f 5908 7718 11577
f 5909 7607 7857
f 11588 7607 5909
f 5910 6395 9105
f 11597 6395 5910
f 5910 6760 7520
f 9519 6760 5910
f 5910 7520 9520
f 5910 9105 9519
f 5910 9520 11597
f 8691 5936 5911
f 5911 5936 9340
f 5911 5953 9260
f 9340 5953 5911
f 9398 8691 5911
f 5911 9260 9398
f 5913 6917 7131
f 8511 7101 5914
f 5914 7101 12086
f 12086 9831 5914
f 5915 6155 6234
f 5915 6160 6161
f 6234 6160 5915
f 10526 6547 5916
f 8928 6811 5916
f 5916 6811 10526
f 5916 7106 8928
f 11653 7106 5916
f 8255 6403 5917
f 5917 6403 9656
f 10556 8255 5917
f 9548 6080 5919
f 5919 6789 9548
f 5920 7423 7449
f 10100 7423 5920
f 5920 7449 7637
f 5920 7637 10020
f 5920 10020 10802
f 10434 10100 5920
f 10802 10434 5920
f 5922 5962 6432
f 6618 6183 5922
f 5922 6432 7037
f 5924 6340 10696
f 10696 7621 5924
f 7713 6426 5925
f 5925 6426 9222
f 10584 7713 5925
f 9222 8857 5925
f 5925 8857 9432
f 9534 6221 5926
f 5926 6221 10107
f 8755 6902 5926
f 5926 6902 9534
f 10106 8755 5926
f 10107 10106 5926
f 5927 6046 12036
f 7249 6243 5927
f 5927 6243 7254
f 12036 7249 5927
f 5928 6345 8193
f 10776 6345 5928
f 5928 7223 8037
f 8193 7223 5928
f 5928 7553 10776
f 10382 6520 5930
f 5930 6520 10518
f 5930 7982 10018
f 11415 7982 5930
f 10518 9223 5930
f 5930 9223 11415
f 5930 10018 10382
f 5931 6243 7249
f 9525 6243 5931
f 5931 7249 11543
f 5931 8231 11232
f 11543 8231 5931
f 11232 9525 5931
f 9742 6898 5932
f 9068 8311 5932
f 8421 6181 5933
f 5933 7757 10017
f 10017 8421 5933
f 10612 8430 5933
f 5934 5960 8030
f 9208 5960 5934
f 8691 5960 5936
f 5936 5960 9208
f 5936 9208 11695
f 11695 9340 5936
f 5937 6134 8633
f 10275 6134 5937
f 5937 8633 10203
f 9889 7204 5938
f 5938 7204 11173
f 5938 7253 8607
f 8941 7253 5938
f 5938 8607 8743
f 5938 8743 9889
f 11173 8941 5938
f 9890 6964 5939
f 5939 6964 11235
f 8217 8095 5939
f 5939 8095 8941
f 11235 8217 5939
f 5939 8941 9890
f 8253 7659 5940
f 5940 7659 9005
f 9005 7957 5940
f 5940 7957 9438
f 5941 8260 9116
f 5941 9116 11626
f 12052 11487 5941
f 5941 11626 12052
f 5943 7304 7691
f 11275 7304 5943
f 9992 7529 5943
f 5943 7529 11275
f 5943 7691 11428
f 11428 9992 5943
f 5944 10797 10909
f 5944 10909 11355
f 5946 6401 11537
f 7643 6409 5946
f 11537 7643 5946
f 11252 7566 5947
f 5947 9265 10033
f 10070 9265 5947
f 5947 10033 11252
f 9009 7207 5948
f 5948 7207 9375
f 9667 9009 5948
f 10332 9667 5948
f 11685 6332 5949
f 5949 8179 11685
f 11926 8179 5949
f 7402 6226 5950
f 5950 6226 11312
f 7656 7402 5950
f 10210 7656 5950
f 5950 9992 10210
f 11312 9992 5950
f 5951 6680 6740
f 5951 6740 12090
f 9309 7789 5951
f 12090 9309 5951
f 5952 6293 10550
f 11336 6293 5952
f 9756 7703 5952
f 5952 7703 11050
f 5952 7823 9756
f 10550 7823 5952
f 5952 11050 11336
f 9515 8436 5953
f 5953 9340 9515
f 5955 6716 9234
f 9455 6716 5955
f 9234 7586 5955
f 5955 7605 8091
f 5955 8091 9455
f 5957 7076 12053
f 5957 8177 10148
f 12053 8177 5957
f 10148 8758 5957
f 10665 6386 5958
f 5958 7117 10806
f 5958 9407 10665
f 10806 9407 5958
f 9020 5975 5959
f 5959 5975 11763
f 9364 9020 5959
f 11957 9364 5959
f 11590 8030 5960
f 5960 8691 11590
f 5961 11093 11488
f 11488 11226 5961
f 5962 6028 6432
f 5963 10723 11168
f 11062 11061 5963
f 5963 11061 11142
f 11168 11062 5963
f 10165 7124 5965
f 5965 9839 10165
f 10040 8206 5967
f 5967 9510 10040
f 9841 8249 5968
f 5968 8742 9841
f 5969 6051 8575
f 10415 6051 5969
f 5970 6388 6702
f 6784 6388 5970
f 5971 8677 9587
f 11674 8677 5971
f 5971 9402 9489
f 9587 9402 5971
f 5971 9489 9570
f 5971 9570 10181
f 5971 10181 11674
f 10209 7392 5972
f 5972 7392 10465
f 10652 10209 5972
f 9872 9017 5973
f 11387 10312 5973
f 11181 7643 5974
f 5974 7643 11537
f 11537 8469 5974
f 9020 7954 5975
f 5975 9140 11763
f 5977 8937 10752
f 5977 9231 9892
f 10569 9231 5977
f 10752 10569 5977
f 5978 7954 9020
f 11801 7954 5978
f 5978 9020 9364
f 5978 9702 11801
f 7977 6159 5980
f 5980 6159 8458
f 10259 6249 5981
f 5982 9012 9524
f 5983 6938 10562
f 11403 6938 5983
f 5983 8267 8712
f 10562 8267 5983
f 5983 10900 11403
f 7540 5990 5987
f 5987 7273 9626
f 5988 9735 11131
f 11131 10917 5988
f 5990 7054 7177
f 7540 7054 5990
f 5991 7189 9705
f 10178 7189 5991
f 9274 8702 5991
f 9705 9274 5991
f 5992 6022 7916
f 8438 6022 5992
f 5992 7916 8192
f 5992 7971 8438
f 10287 9165 5993
f 5993 9165 11144
f 11144 10289 5993
f 6511 6361 5995
f 5995 6361 11638
f 8692 6624 5998
f 11222 8692 5998
f 5998 9123 11222
f 11310 9123 5998
f 5999 8603 11754
f 11754 9625 5999
f 6000 6458 9337
f 7196 6287 6004
f 6004 6287 11684
f 7595 7196 6004
f 11278 7595 6004
f 11684 9024 6004
f 6004 9576 11278
f 7167 7148 6006
f 6006 7148 8921
f 7648 7167 6006
f 6006 7565 7648
f 12074 7565 6006
f 6006 8921 12074
f 6007 6768 9858
f 10531 6768 6007
f 10756 7565 6007
f 6007 7565 12074
f 6007 9858 10756
f 12074 10531 6007
f 11575 7245 6008
f 6008 7440 9719
f 9719 9277 6008
f 6008 9277 11575
f 7914 6900 6009
f 6009 6900 8737
f 6009 7912 7914
f 8737 7912 6009
f 10397 8862 6014
f 6014 8862 11306
f 6014 9250 9469
f 11074 9250 6014
f 6014 9469 9470
f 6014 9470 10397
f 11542 11074 6014
f 6014 11306 11542
f 6015 6899 7825
f 8129 6899 6015
f 7024 6469 6016
f 10447 9920 6017
f 6017 9920 10792
f 6017 10446 10447
f 10451 10446 6017
f 10452 10451 6017
f 10792 10452 6017
f 7685 6118 6020
f 6020 6118 9541
f 9541 6175 6020
f 6020 6175 11766
f 8228 6261 6021
f 6710 6707 6021
f 6022 8438 10248
f 8234 6913 6023
f 6023 6913 9502
f 9649 8234 6023
f 10216 8358 6024
f 6024 8358 10350
f 10699 10216 6024
f 6024 10350 12037
f 11639 10699 6024
f 12037 11639 6024
f 6025 6086 7372
f 6025 7372 8831
f 6025 8831 8858
f 11475 7956 6026
f 8200 7232 6027
f 6030 6031 7896
f 9030 6031 6030
f 7896 7294 6030
f 10132 9030 6030
f 6031 9030 12026
f 8542 6571 6032
f 10908 6598 6034
f 6034 8366 10795
f 6034 10795 10908
f 8258 8245 6035
f 6036 6179 8424
f 9361 6179 6036
f 6036 7834 8330
f 10439 7834 6036
f 6036 8330 9031
f 6036 8424 10439
f 6036 9031 9361
f 6037 6965 9389
f 10657 6965 6037
f 10761 8778 6037
f 6037 9389 10761
f 6039 6040 7346
f 7478 6040 6039
f 7346 6042 6039
f 6039 6042 9177
f 7821 7478 6039
f 7478 6266 6040
f 9122 8036 6041
f 10109 9122 6041
f 6042 6331 9384
f 6042 7305 9177
f 9384 7305 6042
f 6043 6777 7751
f 7843 6777 6043
f 6043 7362 11655
f 6043 7751 9134
f 11655 7843 6043
f 9134 8972 6043
f 6046 7570 12036
f 6047 7776 11457
f 11457 8006 6047
f 10475 6786 6048
f 6781 6389 6049
f 7198 6781 6049
f 7252 6434 6050
f 8519 7252 6050
f 10169 7503 6050
f 6050 7503 10295
f 10295 8519 6050
f 6051 7911 8575
f 8914 7911 6051
f 6052 8862 10397
f 11267 8862 6052
f 6052 8894 9856
f 10397 8894 6052
f 6052 9856 11267
f 9623 6170 6055
f 6055 6170 9698
f 6055 6612 9380
f 6055 9380 9623
f 10706 7989 6057
f 6057 7989 11053
f 6057 10116 10965
f 10966 10116 6057
f 10965 10706 6057
f 11053 10966 6057
f 9458 9244 6059
f 6060 6888 8779
f 8789 6888 6060
f 8076 7399 6060
f 6060 7399 10117
f 11671 8076 6060
f 6060 8779 11671
f 10117 8789 6060
f 6062 6222 8449
f 9076 6222 6062
f 6062 7778 8605
f 10631 7778 6062
f 6062 8605 9076
f 6064 6996 11432
f 11530 6996 6064
f 11432 9096 6064
f 6770 6572 6065
f 7239 6770 6065
f 8775 7239 6065
f 6066 6931 8517
f 9041 8258 6066
f 6066 8258 10028
f 6066 8517 9041
f 6068 8079 8672
f 11371 8079 6068
f 6068 8672 9585
f 9585 9057 6068
f 6068 10591 11371
f 10217 8251 6070
f 6072 7115 8105
f 6073 6106 9949
f 8246 7806 6075
f 6075 7806 10540
f 9739 8246 6075
f 10540 9739 6075
f 6076 6909 7832
f 8256 6909 6076
f 8868 6182 6078
f 6968 6796 6078
f 6078 6947 8868
f 9548 9026 6080
f 6081 6083 9953
f 9766 6148 6084
f 6084 6175 9727
f 11766 6175 6084
f 6084 9727 9766
f 8879 7730 6085
f 7743 7372 6086
f 11604 9356 6087
f 6088 9529 11429
f 6090 6322 6333
f 9768 6449 6092
f 6092 6449 11678
f 6092 7158 9768
f 11670 7158 6092
f 6092 9492 9613
f 11678 9492 6092
f 6092 9613 11670
f 7336 6140 6094
f 6094 6140 8288
f 6094 8288 12058
f 12058 10938 6094
f 8838 7433 6095
f 6095 8289 8838
f 11226 8289 6095
f 6095 8640 11226
f 12027 8640 6095
f 6097 6895 10390
f 8303 8090 6097
f 10390 8303 6097
f 10077 7853 6098
f 6100 6124 8290
f 9280 6124 6100
f 6100 6842 9055
f 8355 6730 6101
f 9675 8297 6102
f 6102 8297 10451
f 10452 8572 6102
f 6102 10451 10452
f 6103 6180 6610
f 11141 6180 6103
f 6280 6269 6103
f 6103 6269 11141
f 8350 6280 6103
f 6103 6610 8350
f 9077 7420 6104
f 9938 9077 6104
f 6106 6107 6109
f 6106 6109 10411
f 9324 6109 6107
f 8894 6864 6108
f 6108 6864 9465
f 10751 8894 6108
f 6108 9465 10749
f 6108 10749 10995
f 10995 10751 6108
f 10072 7865 6110
f 6110 8813 10072
f 11477 8813 6110
f 6110 9750 10062
f 6110 10062 11477
f 8051 7375 6112
f 6112 7375 9894
f 8971 8051 6112
f 11201 8971 6112
f 6112 9894 11417
f 11417 11201 6112
f 7425 6115 6114
f 6114 6115 9086
f 8820 6618 6114
f 9086 8820 6114
f 10453 9086 6115
f 8264 8190 6117
f 6117 8190 10713
f 8978 8264 6117
f 6117 8955 9000
f 9434 8955 6117
f 10713 9434 6117
f 7685 6129 6118
f 6118 6129 10641
f 6119 8381 11367
f 11701 8381 6119
f 6119 11367 11686
f 6120 6482 7408
f 9197 6482 6120
f 6120 7408 9199
f 10686 9197 6120
f 6123 6183 6618
f 8765 6183 6123
f 6123 6618 8820
f 8820 7314 6123
f 6124 8008 10725
f 10725 8290 6124
f 6124 9280 10694
f 6126 8148 9018
f 6128 7414 9400
f 9770 7414 6128
f 6129 8230 10641
f 6130 6600 8239
f 6132 7206 10251
f 11623 6891 6134
f 6134 10275 11623
f 6821 6147 6135
f 6135 6147 10832
f 6135 7054 7540
f 10832 7054 6135
f 9612 6943 6136
f 6136 6943 12076
f 6136 7263 8267
f 12076 7263 6136
f 6136 8267 10225
f 6136 8313 8314
f 10225 8313 6136
f 6136 8314 9612
f 6137 9575 11313
f 11313 10916 6137
f 6138 7054 10832
f 10902 7054 6138
f 8636 7379 6138
f 10832 8636 6138
f 6139 7042 9654
f 9654 8230 6139
f 6140 7336 9561
f 10133 7479 6142
f 6142 9927 10133
f 10649 9579 6143
f 10039 9931 6143
f 6143 9931 10649
f 11705 10039 6143
f 6143 10367 11705
f 11199 10710 6145
f 6145 10711 11199
f 6146 6703 7157
f 7157 6743 6146
f 6147 6821 6943
f 6147 6943 8317
f 6147 8317 8636
f 6147 8636 10832
f 11107 6241 6148
f 6148 9766 11107
f 6150 7382 7383
f 7384 7382 6150
f 6150 7383 7386
f 6150 7386 7389
f 6151 8414 10342
f 10342 9360 6151
f 6152 6518 10560
f 11198 6518 6152
f 6152 7914 7915
f 8750 7914 6152
f 6152 7915 11198
f 10560 8750 6152
f 6153 7874 12033
f 6156 6616 6929
f 8489 6616 6156
f 6156 6929 7138
f 10884 8139 6157
f 6157 8139 10997
f 10327 9628 6158
f 7977 6519 6159
f 6177 6161 6160
f 7411 6177 6160
f 6160 6234 7457
f 12064 7411 6160
f 6160 7457 12064
f 6161 6177 6284
f 6284 6194 6161
f 10729 6571 6162
f 6162 8580 10729
f 6164 6960 7864
f 11124 6960 6164
f 6164 7851 7854
f 7864 7851 6164
f 6164 7854 8881
f 6164 8881 11124
f 6166 7377 9939
f 7059 6174 6168
f 10913 10652 6168
f 6169 6782 8155
f 6169 8155 11208
f 6169 8254 9864
f 11208 8254 6169
f 9623 8674 6170
f 10069 9698 6170
f 10090 8740 6171
f 6172 7921 10348
f 10348 8539 6172
f 11164 11163 6173
f 11202 11164 6173
f 6174 7059 10654
f 10654 8467 6174
f 6175 9541 9881
f 9881 9727 6175
f 9564 7340 6176
f 6176 7340 10792
f 6176 9051 9564
f 10792 9051 6176
f 10249 6284 6177
f 6177 7411 7769
f 6177 7769 10249
f 6178 7577 11248
f 11271 7577 6178
f 11248 8180 6178
f 6178 8180 11271
f 6179 8255 8343
f 9361 8255 6179
f 6179 8343 11418
f 11418 8424 6179
f 9835 6610 6180
f 6180 7258 8528
f 11141 7258 6180
f 11056 8585 6181
f 8868 7494 6182
f 11529 6216 6184
f 6184 6216 11612
f 11612 10328 6184
f 6184 10328 11659
f 6184 11084 11529
f 6185 6523 11302
f 11492 6523 6185
f 10598 6998 6185
f 6185 6998 10666
f 11302 10598 6185
f 6185 10666 11492
f 7646 6306 6186
f 10468 7646 6186
f 9314 8927 6187
f 6187 8927 9402
f 11739 9314 6187
f 6187 9402 9587
f 6187 9587 11195
f 6187 11195 11739
f 10572 6479 6188
f 6188 6479 10588
f 11382 10572 6188
f 6188 10588 11382
f 6189 6690 7006
f 9802 6690 6189
f 7615 7003 6189
f 6189 7003 9802
f 6189 7006 7615
f 6190 6191 7095
f 7095 7094 6190
f 6190 7094 8071
f 8071 7416 6190
f 8072 7095 6191
f 12041 6521 6192
f 6192 10003 12041
f 6514 6316 6195
f 6195 6316 11384
f 9983 6514 6195
f 6195 8053 11134
f 11384 8053 6195
f 11134 9983 6195
f 6196 7503 7724
f 10295 7503 6196
f 6196 7724 10820
f 10512 10295 6196
f 10820 10512 6196
f 6197 6207 10251
f 10470 6207 6197
f 10251 7206 6197
f 6197 9940 10470
f 6725 6473 6198
f 6198 6473 11294
f 6198 6657 6725
f 8920 6657 6198
f 11294 11045 6198
f 7850 6978 6199
f 6199 6978 8186
f 10250 9940 6201
f 10467 10250 6201
f 8612 7771 6202
f 8886 8612 6202
f 11363 6970 6204
f 6204 7161 11528
f 11528 11363 6204
f 8158 6437 6205
f 6207 8354 8363
f 10470 8354 6207
f 6207 8363 9082
f 6207 9082 10251
f 11353 9353 6209
f 6209 9593 11353
f 6211 7693 8600
f 6212 6619 7340
f 10452 6619 6212
f 6212 8572 10452
f 6213 6215 8361
f 6213 8361 9200
f 6215 6245 8361
f 6216 9447 11039
f 11114 9447 6216
f 6216 11039 11612
f 11529 11114 6216
f 7973 6270 6219
f 6219 6270 9467
f 10170 7973 6219
f 6219 9467 11030
f 10912 10170 6219
f 11030 10912 6219
f 10073 6499 6221
f 6221 9534 10073
f 10264 6963 6222
f 6222 6963 10915
f 6222 9076 10264
f 6223 6267 8077
f 6744 6342 6224
f 6224 7765 9333
f 6225 7345 10355
f 11443 7792 6225
f 6225 7792 11444
f 6225 10355 11443
f 6225 11444 11499
f 7484 7247 6226
f 6226 7247 10897
f 6226 7402 7484
f 6226 10897 11312
f 6227 6233 10064
f 11156 6233 6227
f 8361 6245 6227
f 6227 6245 11156
f 10064 8361 6227
f 7109 6601 6228
f 6229 8460 10747
f 11249 8460 6229
f 6229 9761 10170
f 10747 9761 6229
f 6229 10007 10689
f 10912 10007 6229
f 6229 10170 10912
f 6229 10689 11249
f 10698 7966 6230
f 6414 6233 6232
f 6232 6233 11156
f 10202 6414 6232
f 6232 9406 9943
f 11254 9406 6232
f 6232 9943 10202
f 6233 6414 9946
f 9946 7452 6233
f 6233 7452 10064
f 6279 6277 6234
f 6234 6277 7457
f 6235 6950 9659
f 12031 6950 6235
f 11598 9189 6235
f 6235 9659 11598
f 12034 6747 6236
f 11229 8268 6237
f 6237 10907 11229
f 10477 7483 6238
f 6238 7483 11569
f 11569 10455 6238
f 11782 10477 6238
f 6239 7433 8838
f 9880 7433 6239
f 8715 8286 6239
f 6239 8286 9880
f 9919 8715 6239
f 6239 8838 9919
f 6240 6242 9603
f 11283 6242 6240
f 6240 9581 11283
f 11284 9581 6240
f 6240 9603 10920
f 6240 10920 11454
f 11454 11284 6240
f 11107 8365 6241
f 6241 8365 11814
f 10266 9603 6242
f 10333 10266 6242
f 10476 10333 6242
f 11283 10476 6242
f 9528 7254 6243
f 9525 8332 6243
f 6243 8332 9528
f 6244 6370 9716
f 9252 8667 6244
f 9716 9252 6244
f 6245 11117 11156
f 6246 10106 10107
f 11010 6527 6247
f 11042 11010 6247
f 8423 6810 6248
f 6248 7885 8423
f 11624 7885 6248
f 6248 9569 11624
f 6260 6250 6249
f 7473 6260 6249
f 10259 7473 6249
f 6250 6258 6259
f 6260 6258 6250
f 6250 6259 9095
f 6250 8379 9091
f 9095 8379 6250
f 6252 9845 10547
f 6253 6523 7588
f 9157 6523 6253
f 6253 7329 9157
f 11022 7329 6253
f 6253 7588 11325
f 6253 10806 11022
f 11325 10806 6253
f 10774 7799 6254
f 6254 7799 11398
f 6254 8473 10894
f 10895 8473 6254
f 11672 10774 6254
f 6254 10894 11672
f 11398 10895 6254
f 9095 6259 6255
f 9598 9095 6255
f 11368 6805 6256
f 6256 6805 11382
f 10588 6885 6256
f 6256 6885 11063
f 11382 10588 6256
f 6256 11063 11368
f 6258 6260 7473
f 6262 7660 9682
f 6262 9682 10516
f 6263 6266 7474
f 7679 6613 6264
f 8153 7679 6264
f 6265 6543 7823
f 6265 7801 9998
f 10345 7801 6265
f 6265 7823 10345
f 6266 6604 7474
f 7478 6604 6266
f 11773 8077 6267
f 10532 7148 6268
f 6268 7148 11150
f 11192 10532 6268
f 6268 11150 11442
f 6269 6280 10892
f 9661 7409 6269
f 6269 7409 11141
f 10892 9661 6269
f 6270 7049 9468
f 10442 7049 6270
f 6270 7973 10442
f 9468 9467 6270
f 6271 6538 6872
f 9101 8392 6272
f 9604 9101 6272
f 9605 9604 6272
f 7632 6686 6274
f 7633 7632 6274
f 11040 9167 6274
f 6277 6279 6281
f 6278 6815 7371
f 6278 8505 9251
f 6278 9251 11618
f 7845 6894 6280
f 6280 6894 10892
f 8350 7845 6280
f 10249 9537 6284
f 9792 6810 6285
f 6285 6810 10965
f 6285 10116 10716
f 10965 10116 6285
f 7505 6294 6286
f 6286 6294 10271
f 10271 7500 6286
f 7196 6853 6287
f 6287 6853 8864
f 8864 8039 6287
f 6287 8039 11684
f 6288 7521 8384
f 8418 7521 6288
f 6288 8384 11563
f 11358 8405 6288
f 11563 11358 6288
f 6289 7816 8329
f 9066 7816 6289
f 6291 6292 6294
f 6291 6294 12028
f 12028 10461 6291
f 6291 10461 12059
f 10271 6294 6292
f 11609 10271 6292
f 6292 11319 11609
f 10961 10550 6293
f 6293 10959 10961
f 11336 10959 6293
f 6294 7505 12028
f 9003 6400 6296
f 6296 6400 11087
f 9108 7423 6299
f 6299 7423 10272
f 8198 8181 6299
f 6299 8181 10222
f 10272 8198 6299
f 10222 9108 6299
f 6300 8041 9609
f 10155 8041 6300
f 9609 8198 6300
f 6300 8198 10272
f 10803 10155 6300
f 6300 10272 10803
f 11101 7482 6301
f 6301 7482 11238
f 6301 9979 11209
f 11209 11101 6301
f 8605 7778 6303
f 9076 8605 6303
f 11788 9076 6303
f 11309 6309 6307
f 9599 8383 6307
f 6307 8383 11309
f 7165 6512 6308
f 6308 6512 9653
f 11064 7165 6308
f 6308 7252 8519
f 9653 7252 6308
f 8519 7749 6308
f 6308 7749 11064
f 6309 7521 8418
f 11309 7521 6309
f 9618 8039 6312
f 6312 8039 11830
f 9440 8343 6312
f 6312 8343 9618
f 11830 9440 6312
f 6313 7525 9622
f 11794 7525 6313
f 9622 8316 6313
f 11792 9605 6313
f 6313 9605 11794
f 7551 6612 6314
f 9037 7551 6314
f 11914 9037 6314
f 6314 10045 11969
f 6315 6392 10027
f 10027 6607 6315
f 6315 6607 11748
f 11748 8382 6315
f 6316 6514 6846
f 11479 11384 6316
f 10404 6834 6320
f 6320 6834 11270
f 10739 7605 6320
f 6320 9472 10404
f 11270 10739 6320
f 6321 6743 9155
f 11709 6743 6321
f 10181 7158 6321
f 6321 7158 11670
f 6321 9155 10181
f 6321 11670 11709
f 7608 6333 6322
f 11658 7608 6322
f 11452 7742 6323
f 8471 8422 6324
f 10012 6705 6327
f 6327 6705 11420
f 6328 6885 9805
f 10543 6885 6328
f 7171 7011 6328
f 6328 7011 8814
f 9805 7171 6328
f 6328 8814 10543
f 9646 6763 6329
f 9645 8085 6329
f 6329 8085 9778
f 9778 9646 6329
f 6330 6655 7517
f 11685 9930 6332
f 6334 7057 7149
f 7208 7057 6334
f 6334 7149 7220
f 10726 7208 6334
f 6334 7220 10727
f 10727 10726 6334
f 9130 8427 6335
f 10124 8588 6340
f 6340 8588 10696
f 6342 6504 7162
f 10032 6429 6344
f 6344 6429 10613
f 10414 6768 6344
f 6344 6768 10531
f 10531 10032 6344
f 10613 10414 6344
f 10776 10635 6345
f 10292 6524 6348
f 6348 6524 12041
f 10934 10292 6348
f 6348 10688 10934
f 12041 10688 6348
f 9347 8431 6351
f 6353 6543 7796
f 7823 6543 6353
f 6353 7796 7822
f 6353 7822 9756
f 9756 7823 6353
f 6355 6751 10531
f 11252 6751 6355
f 6355 10319 11252
f 6355 10531 11191
f 6356 7815 8428
f 9964 7815 6356
f 6356 8428 9637
f 9132 8950 6356
f 6356 8950 9964
f 9137 9132 6356
f 9637 9137 6356
f 7246 6369 6357
f 9367 7246 6357
f 6358 8427 9131
f 9367 8427 6358
f 9131 8446 6358
f 6358 8446 9144
f 6358 9144 9145
f 6358 9145 10664
f 10664 9367 6358
f 11223 9786 6359
f 6361 6362 6421
f 6361 6421 6422
f 6363 7326 7819
f 10193 8851 6364
f 6364 10110 10193
f 7235 6589 6365
f 6365 6806 8098
f 10261 6806 6365
f 11578 7235 6365
f 6365 8098 11204
f 6365 11204 11578
f 6366 6451 7178
f 9961 6451 6366
f 6366 7178 8413
f 6366 8413 9961
f 6367 6530 9351
f 10660 6530 6367
f 8889 7151 6367
f 6367 7159 10660
f 9351 8889 6367
f 6368 6425 7464
f 11381 6979 6368
f 6368 7464 11381
f 6369 7246 7545
f 7545 7544 6369
f 6369 7544 9621
f 6370 6772 9716
f 10986 7480 6372
f 6372 7480 11422
f 11421 10986 6372
f 6373 10590 10860
f 11518 10590 6373
f 6373 10719 10720
f 11341 10719 6373
f 6373 10720 11518
f 6373 10860 11341
f 6376 7958 8939
f 9147 7958 6376
f 8451 8394 6376
f 8939 8451 6376
f 10456 9147 6376
f 6378 7558 8939
f 11395 7558 6378
f 8939 7958 6378
f 6378 7958 9147
f 6378 9147 10281
f 6378 10281 11215
f 6378 11215 11395
f 8939 6857 6380
f 6380 6857 10496
f 8194 7552 6380
f 6380 7552 11282
f 10496 8194 6380
f 6380 8451 8939
f 11282 8451 6380
f 6381 8455 11396
f 11152 10190 6381
f 11396 11152 6381
f 9142 6774 6386
f 6386 6774 9148
f 6386 7694 9142
f 10665 7694 6386
f 7450 6702 6388
f 6388 6784 7937
f 8892 8107 6391
f 11140 8892 6391
f 6391 10643 11140
f 10187 6532 6392
f 9405 8544 6396
f 9559 9405 6396
f 8790 7826 6397
f 6397 9760 11812
f 7751 6777 6399
f 6399 6903 7751
f 6400 7255 7924
f 9003 7255 6400
f 6400 7924 11486
f 11352 11087 6400
f 11486 11352 6400
f 6401 10115 11537
f 11178 7631 6402
f 6402 7631 11395
f 9151 8780 6402
f 6402 8780 11178
f 11215 9151 6402
f 11395 11215 6402
f 6403 8255 9031
f 6403 9031 11279
f 11972 9656 6403
f 6403 11279 11972
f 6405 7901 8260
f 9038 8240 6407
f 6408 9864 11394
f 10653 10360 6408
f 6408 10360 11735
f 11394 10653 6408
f 6409 7643 9699
f 11524 9641 6409
f 6409 9699 11524
f 10284 7568 6411
f 6411 9404 10284
f 6413 7459 10260
f 10253 9946 6414
f 6414 10202 10253
f 6417 10789 12030
f 6419 8555 9323
f 9601 8555 6419
f 9329 8833 6419
f 6419 8833 11810
f 6419 9323 10095
f 10095 9329 6419
f 11810 9601 6419
f 6423 6983 6984
f 7965 7464 6425
f 6426 7053 9222
f 10856 7053 6426
f 6426 7713 10974
f 10974 10856 6426
f 8142 7673 6429
f 6429 7673 10613
f 8917 8142 6429
f 10032 8917 6429
f 10545 7105 6430
f 6431 6445 7583
f 6431 7583 8014
f 6431 8014 10504
f 10504 9172 6431
f 8562 6545 6433
f 6434 7252 9653
f 6434 9653 10626
f 10626 9655 6434
f 6434 9655 10816
f 9802 7322 6435
f 6435 7322 9867
f 10379 9802 6435
f 6437 8158 12039
f 6439 9823 10421
f 11000 9823 6439
f 10421 10420 6439
f 6439 10420 11000
f 6442 6978 7850
f 8880 7550 6443
f 8485 6454 6444
f 10514 8485 6444
f 6444 9986 10514
f 10817 9986 6444
f 6876 6480 6446
f 6446 7427 8641
f 8491 6461 6447
f 6447 6461 11166
f 9910 8491 6447
f 6447 8503 9258
f 11166 8503 6447
f 6447 9258 9660
f 6447 9660 9910
f 10416 8861 6449
f 6449 8861 11678
f 6450 6880 10506
f 10506 7719 6450
f 6450 7719 11073
f 6451 6569 7471
f 9961 6569 6451
f 9113 7178 6451
f 6451 7471 9113
f 9207 6506 6452
f 9660 9207 6452
f 9910 9660 6452
f 10161 9910 6452
f 8485 6467 6454
f 7000 6693 6457
f 6457 6693 8618
f 11192 7587 6457
f 6457 8618 10532
f 6457 10532 11192
f 8645 8408 6459
f 6459 8408 10660
f 9966 8645 6459
f 6460 6461 8491
f 6460 8491 9175
f 6460 9175 10948
f 6463 7119 7164
f 11605 7119 6463
f 8111 7122 6463
f 6463 7122 11605
f 6463 7164 8111
f 10669 8504 6465
f 6465 8504 10679
f 10679 9187 6465
f 6465 9994 11262
f 11262 10669 6465
f 6467 8485 10513
f 8359 6688 6468
f 6468 7845 8350
f 10245 7845 6468
f 6468 8350 8359
f 11604 9256 6470
f 6725 6522 6473
f 6473 6522 9720
f 6473 9720 11294
f 11315 8457 6474
f 6474 9764 11315
f 8462 8178 6475
f 6475 8178 9781
f 6476 8270 10957
f 6479 7345 9805
f 10355 7345 6479
f 6479 9377 10355
f 10572 9377 6479
f 6479 9805 10588
f 6481 9282 10200
f 10779 9282 6481
f 10200 10199 6481
f 6481 10199 10433
f 6481 10433 10779
f 6482 6832 7446
f 8351 6832 6482
f 7635 7408 6482
f 6482 7446 9670
f 9670 7635 6482
f 9197 8351 6482
f 6483 7343 9639
f 6485 6957 7343
f 9684 6487 6486
f 9978 8887 6486
f 6486 8887 12047
f 9850 9684 6486
f 12047 9850 6486
f 9194 6656 6487
f 9684 9194 6487
f 6489 7102 12069
f 6489 7144 11390
f 12069 7144 6489
f 6490 8045 10587
f 6491 7187 7632
f 11183 7187 6491
f 6491 7632 7780
f 6491 7780 9490
f 9490 8138 6491
f 6491 8138 11183
f 6495 7638 8757
f 8757 8025 6495
f 11853 8538 6496
f 6498 7076 10551
f 12053 7076 6498
f 6498 8681 12053
f 6500 7889 10561
f 10572 7889 6500
f 9530 9377 6500
f 6500 9377 10572
f 9595 9530 6500
f 10561 9595 6500
f 10101 7877 6501
f 6501 8554 10101
f 6502 8817 10459
f 11292 6684 6505
f 6505 6684 11302
f 10813 8479 6505
f 6505 8479 11292
f 11345 8867 6505
f 6505 11302 11345
f 9207 7723 6506
f 8527 7750 6507
f 6512 7165 9984
f 9984 9653 6512
f 11380 6846 6514
f 6514 9983 11132
f 6514 11132 11380
f 11128 10560 6518
f 6518 10955 11128
f 11257 10955 6518
f 6518 11198 11257
f 6520 7717 8589
f 10691 7717 6520
f 6520 8589 10518
f 6520 10382 10691
f 12041 6955 6521
f 6521 8048 10538
f 6522 6661 9720
f 11255 6661 6522
f 6522 6725 11255
f 11492 7588 6523
f 6523 9157 11302
f 6524 6955 12041
f 10687 7855 6524
f 6524 10292 10687
f 10448 10240 6525
f 6525 10240 12078
f 11326 7652 6526
f 6526 10519 11691
f 11691 11326 6526
f 6527 9342 10690
f 11559 9342 6527
f 6527 11010 11559
f 10387 8707 6528
f 6528 8707 10865
f 6528 9830 10386
f 6528 10386 10387
f 6529 7596 10863
f 11224 7596 6529
f 9825 9824 6529
f 6529 9824 11135
f 10863 9825 6529
f 6529 11135 11224
f 6658 6649 6531
f 6534 9647 12051
f 8346 7563 6535
f 6535 7563 8456
f 8456 8281 6535
f 6535 8281 9148
f 8461 8346 6535
f 9148 8461 6535
f 6536 6755 8357
f 8705 7292 6536
f 6536 8357 8705
f 8349 6872 6538
f 11180 8349 6538
f 11162 7534 6540
f 8350 6610 6541
f 6541 6610 9835
f 6541 6817 8350
f 11408 6817 6541
f 6541 9835 11408
f 9221 8550 6544
f 6544 8550 12042
f 6544 8551 9221
f 9504 7675 6546
f 10526 8013 6547
f 6547 8013 11287
f 9693 9544 6548
f 10671 7970 6549
f 6549 7970 10672
f 6549 8123 10671
f 10672 8123 6549
f 11333 6845 6550
f 6550 7105 10545
f 6551 7979 11018
f 6552 7683 9694
f 6616 6595 6555
f 7964 7636 6557
f 6557 8396 9218
f 6558 6642 7062
f 7470 7270 6559
f 6559 7270 10771
f 6559 10771 12075
f 6560 7085 7133
f 6560 7133 8447
f 6561 6562 7698
f 8559 6562 6561
f 6561 7698 12082
f 10303 8559 6561
f 10523 10303 6561
f 12082 10523 6561
f 9220 7698 6562
f 6562 8275 9220
f 9906 8275 6562
f 6562 8559 9906
f 7813 6732 6563
f 6563 6833 7813
f 6565 6566 7699
f 8591 6566 6565
f 12022 7699 6566
f 6566 8591 8967
f 6566 8967 12022
f 11348 9018 6567
f 10798 8435 6568
f 11356 10798 6568
f 9957 7471 6569
f 6569 8553 9957
f 10487 8553 6569
f 6569 9961 10487
f 6572 6770 11058
f 9094 6987 6572
f 11058 9094 6572
f 7255 6689 6573
f 6573 6689 8984
f 7924 7255 6573
f 9282 7924 6573
f 6573 8984 9282
f 7676 6575 6574
f 6574 6575 11047
f 7709 7636 6574
f 6574 7636 7964
f 7964 7676 6574
f 6575 7676 7686
f 6575 7686 8353
f 6576 7224 9199
f 6576 7408 7635
f 9199 7408 6576
f 8567 7697 6577
f 6577 7697 10303
f 6577 7706 8567
f 8571 7706 6577
f 10523 8571 6577
f 6577 10303 10523
f 11189 9237 6578
f 7868 7393 6579
f 6581 7706 8571
f 6581 8571 10523
f 6581 8574 8591
f 10523 8574 6581
f 6583 7260 9903
f 10185 7260 6583
f 9903 7351 6583
f 6583 7351 10901
f 10901 10185 6583
f 6587 7142 10756
f 10882 7142 6587
f 10164 8285 6587
f 6587 8285 10176
f 10756 10164 6587
f 6587 10176 11149
f 11149 10882 6587
f 6588 10790 11189
f 6589 7235 11099
f 9445 8994 6590
f 6590 9201 10972
f 10972 9445 6590
f 8846 8301 6593
f 6593 8301 11479
f 9820 8846 6593
f 11479 9424 6593
f 6593 9428 9820
f 9701 6597 6594
f 10529 9701 6594
f 6596 7167 7648
f 11150 7167 6596
f 6596 7648 9862
f 9343 9098 6596
f 9862 9343 6596
f 9253 7722 6597
f 9701 9253 6597
f 6599 7438 8356
f 11088 7438 6599
f 6599 9010 11088
f 6600 8022 8239
f 6601 7109 8738
f 8738 7417 6601
f 8601 8598 6602
f 6602 8598 9942
f 9007 8601 6602
f 6602 8647 9007
f 9658 8647 6602
f 11268 9658 6602
f 9942 9753 6602
f 6602 9753 11268
f 8870 7398 6605
f 6605 7398 11338
f 6605 8724 8870
f 10577 8724 6605
f 6605 9035 10577
f 11338 9035 6605
f 11906 9037 6607
f 6607 9037 11914
f 6607 10027 11904
f 11914 11748 6607
f 6607 11904 11906
f 7413 6710 6609
f 6609 7391 7413
f 11026 7391 6609
f 6611 9630 10192
f 10277 9630 6611
f 6611 9893 10277
f 8279 6673 6614
f 6614 6673 9947
f 6614 7526 8279
f 8280 7526 6614
f 6614 8124 8280
f 9328 8124 6614
f 9947 9328 6614
f 10792 7340 6619
f 6619 10452 10792
f 6620 6906 9257
f 10066 6906 6620
f 6621 6735 11317
f 11525 7744 6621
f 11317 8518 6621
f 6621 8518 11525
f 7898 7243 6625
f 6625 7243 9185
f 6625 7244 10968
f 10968 7898 6625
f 10190 9109 6626
f 7878 6837 6627
f 6628 6827 7627
f 11327 6827 6628
f 6628 9787 11439
f 6628 10822 11327
f 11439 10822 6628
f 10763 7793 6629
f 6629 7793 11424
f 6629 9098 9488
f 6629 9488 10763
f 6631 7410 8166
f 10636 7410 6631
f 6631 8166 9261
f 6631 9253 12043
f 6631 10352 10636
f 12043 10352 6631
f 6633 6794 10255
f 6633 7369 8191
f 10255 7369 6633
f 6633 8191 9667
f 9667 8441 6633
f 6634 8752 8819
f 10693 8752 6634
f 6634 8819 12070
f 6634 9044 11119
f 12070 9044 6634
f 11119 10693 6634
f 6636 6637 8980
f 10070 6637 6636
f 9268 6640 6636
f 6636 6640 10070
f 6636 8980 9703
f 9703 9268 6636
f 6637 7728 8980
f 12043 7728 6637
f 6637 10352 12043
f 8614 6693 6638
f 6638 6693 10533
f 6638 8166 8614
f 9972 8166 6638
f 6638 8211 9972
f 10533 8211 6638
f 6639 6640 9268
f 10501 6640 6639
f 10288 7758 6639
f 6639 7758 10501
f 6639 9268 10305
f 6639 10267 10288
f 6640 9265 10070
f 10501 9265 6640
f 9639 6948 6641
f 9256 7642 6641
f 6641 7642 9279
f 6641 9279 9639
f 6644 6645 7755
f 8415 6645 6644
f 6644 7755 9713
f 9713 8876 6644
f 9720 6661 6645
f 6645 6661 10836
f 10836 7755 6645
f 6645 8415 9720
f 6646 6673 8540
f 9947 6673 6646
f 8540 7285 6646
f 6646 7285 8660
f 6646 8660 8850
f 6646 8850 9947
f 6650 6668 7974
f 11044 6808 6651
f 6651 6808 11461
f 9642 8402 6651
f 6651 8402 11044
f 11462 9642 6651
f 6651 11461 11462
f 10807 9736 6652
f 6652 10678 10807
f 11761 7050 6654
f 6656 7624 9104
f 9192 7624 6656
f 6657 6724 6725
f 11366 6724 6657
f 6657 8920 11366
f 6660 7381 8066
f 9580 7381 6660
f 6660 8066 11067
f 11067 8094 6660
f 6660 8094 11231
f 11231 9580 6660
f 6661 10535 10836
f 11331 10535 6661
f 6661 11255 11365
f 11365 11331 6661
f 9287 8619 6664
f 6664 8619 10836
f 10321 9287 6664
f 11330 10321 6664
f 10836 10535 6664
f 6664 10535 11329
f 6664 11329 11330
f 6665 7368 8362
f 6665 8362 8457
f 6665 8457 11315
f 6666 9289 10044
f 6667 8569 11045
f 11850 8569 6667
f 11294 9970 6667
f 6667 9970 11664
f 6667 11045 11294
f 6667 11664 11850
f 11193 7974 6668
f 6668 10043 11664
f 11712 10043 6668
f 11664 11193 6668
f 8155 6782 6669
f 6669 6782 8724
f 10577 6813 6669
f 6669 6813 10890
f 10890 8155 6669
f 6669 8724 10577
f 6670 9685 11755
f 11444 7792 6671
f 6671 7792 11478
f 11260 10356 6671
f 11478 11260 6671
f 6671 11263 11444
f 6672 7447 11320
f 11321 11015 6672
f 6672 11320 11321
f 6673 8279 9443
f 9443 8540 6673
f 8145 6675 6674
f 8248 8145 6674
f 6675 8145 8331
f 6675 8331 10324
f 10324 8698 6675
f 11761 6678 6677
f 6677 7050 11761
f 11761 11742 6678
f 6679 6682 8648
f 9640 6682 6679
f 6679 8648 9738
f 10053 9640 6679
f 6680 9738 10054
f 9311 8648 6682
f 9640 9278 6682
f 6684 7650 10598
f 11292 7650 6684
f 6684 10598 11302
f 6685 7100 9376
f 9376 7714 6685
f 6685 7714 12052
f 12052 11608 6685
f 7632 6830 6686
f 9943 9406 6688
f 7255 6698 6689
f 11626 7006 6690
f 9802 9784 6690
f 6692 8655 10256
f 6693 7000 10533
f 6694 7558 7631
f 10496 7558 6694
f 6694 7631 11178
f 6694 9974 10496
f 11178 9974 6694
f 8440 7180 6696
f 6696 7180 11434
f 10279 8440 6696
f 6696 9259 10279
f 11411 9259 6696
f 11434 11411 6696
f 9170 8080 6697
f 6697 9036 9170
f 6698 7255 9551
f 8877 6712 6699
f 6699 6712 10254
f 11568 8877 6699
f 6699 10254 10593
f 6699 10593 11059
f 6699 10640 11568
f 12071 7775 6701
f 6701 8635 11615
f 9308 7157 6703
f 7731 7555 6705
f 6705 7555 8027
f 10012 7731 6705
f 6707 6710 7413
f 6711 11852 12017
f 8700 8068 6712
f 6712 8068 9308
f 8877 8700 6712
f 6712 9308 10254
f 10662 10475 6713
f 11236 10662 6713
f 6715 7611 8694
f 10326 7611 6715
f 6715 7779 8321
f 10060 7779 6715
f 6715 8321 10326
f 6715 8694 10944
f 10944 10060 6715
f 6716 7295 9234
f 9456 7295 6716
f 6716 9455 9456
f 9738 8648 6717
f 10054 9738 6717
f 6718 8373 11357
f 10597 8525 6718
f 11357 10597 6718
f 7446 6832 6721
f 6721 6832 8069
f 9980 7446 6721
f 6721 8069 10159
f 10159 9980 6721
f 8732 6878 6722
f 6722 6878 10093
f 6722 10093 10844
f 11654 6725 6724
f 8658 7061 6724
f 6724 7061 11654
f 8677 8658 6724
f 11366 8677 6724
f 11654 11255 6725
f 9293 6848 6726
f 6726 6848 9294
f 6726 7825 9293
f 9294 9290 6726
f 6728 7071 8263
f 6731 7233 9396
f 6731 9396 12087
f 7201 6911 6734
f 6734 6911 8034
f 6737 6860 11176
f 6737 7302 9777
f 11176 7302 6737
f 9777 7726 6737
f 11714 7465 6739
f 6739 9746 11714
f 7465 6785 6740
f 6740 6785 10767
f 6740 10767 12090
f 8527 7480 6741
f 6741 7480 10986
f 6741 7750 8527
f 10398 7750 6741
f 11549 10398 6741
f 6741 10986 11549
f 9300 7172 6742
f 6743 7157 8516
f 6743 8516 9155
f 6745 9407 11325
f 11435 10074 6745
f 6745 11325 11435
f 6746 7031 8784
f 9383 7031 6746
f 6746 8784 10851
f 10851 9383 6746
f 6751 7013 10032
f 10033 7013 6751
f 6751 10032 10531
f 11252 10033 6751
f 10032 7013 6752
f 6752 7013 10033
f 6752 7758 8917
f 10501 7758 6752
f 6752 8917 10032
f 10033 9265 6752
f 6752 9265 10501
f 6755 7770 8622
f 6755 7830 8357
f 8622 7830 6755
f 6757 8271 9317
f 6757 9317 11046
f 11046 9765 6757
f 6758 6780 10063
f 7804 7186 6758
f 7700 7623 6758
f 6758 7623 7804
f 10063 7700 6758
f 6760 7866 8169
f 9519 7866 6760
f 8869 7276 6763
f 6763 7276 11137
f 9646 8869 6763
f 6766 6921 10256
f 10710 6921 6766
f 8655 7801 6766
f 6766 7801 10961
f 10256 8655 6766
f 6766 10349 10710
f 10961 10349 6766
f 6823 6804 6767
f 8174 6823 6767
f 10414 9858 6768
f 11698 6785 6769
f 6769 6785 11714
f 11714 11324 6769
f 10966 6897 6770
f 6770 6897 11200
f 6770 7239 10966
f 11200 11058 6770
f 10848 9716 6772
f 11258 10848 6772
f 11172 9797 6773
f 9142 8461 6774
f 6774 8461 9148
f 8519 7509 6775
f 6775 7749 8519
f 9178 7749 6775
f 6775 7795 10227
f 10227 9178 6775
f 10697 7879 6776
f 6780 9797 10063
f 6781 7198 9243
f 6782 6783 8724
f 6783 7689 11648
f 11735 7689 6783
f 8870 8724 6783
f 11648 8870 6783
f 6784 7176 7937
f 9235 7176 6784
f 6784 7517 9235
f 6785 7465 11714
f 10976 10767 6785
f 11698 10976 6785
f 11434 7180 6786
f 6786 10475 10927
f 6786 10927 11434
f 7875 7829 6787
f 6787 7829 8082
f 9461 7875 6787
f 6787 8082 10804
f 7879 6812 6790
f 6790 6812 10558
f 7491 7009 6791
f 11043 9320 6792
f 11335 11043 6792
f 8070 7297 6793
f 6793 7297 11344
f 6793 8043 8354
f 11344 8043 6793
f 10259 8070 6793
f 6794 9010 10255
f 7135 6800 6799
f 8132 7135 6799
f 6799 7846 8132
f 7135 7128 6800
f 6800 7128 7847
f 8529 8160 6802
f 6803 6812 9061
f 9631 6812 6803
f 8184 7887 6803
f 6803 7887 9631
f 9061 7927 6803
f 6803 7927 10337
f 11005 8184 6803
f 6803 10337 11005
f 11368 6893 6805
f 6805 6893 11468
f 11468 11382 6805
f 8484 7093 6806
f 6806 7093 11419
f 11419 8098 6806
f 10261 8484 6806
f 7854 7851 6807
f 6807 7851 11496
f 12044 7854 6807
f 11495 9763 6807
f 6807 9763 12044
f 11496 11495 6807
f 6808 6937 11461
f 11044 8508 6808
f 6808 8508 11559
f 6809 7012 10287
f 6811 7736 8041
f 8928 7736 6811
f 6811 8041 8773
f 6811 8773 10526
f 6812 7879 9061
f 6812 10079 10558
f 11427 7405 6813
f 6813 7405 11484
f 6813 10577 11427
f 11484 10890 6813
f 10883 10549 6814
f 6814 10549 11392
f 6814 10824 10883
f 11392 10824 6814
f 9561 7336 6816
f 6816 7336 10644
f 8359 8350 6817
f 11274 9575 6817
f 11408 11274 6817
f 6836 6819 6818
f 6818 6819 8745
f 6819 6836 8714
f 12045 7875 6819
f 6819 8714 10928
f 6819 10928 12045
f 9526 7279 6820
f 6820 7279 12060
f 8176 7898 6820
f 6820 7898 10968
f 12060 8176 6820
f 10968 9526 6820
f 7458 6943 6821
f 7645 7458 6821
f 6822 7874 8710
f 12033 7874 6822
f 6827 7560 7652
f 11327 7560 6827
f 11326 7627 6827
f 6827 7652 11326
f 7632 7187 6830
f 6830 7187 11183
f 8805 7813 6833
f 10404 6858 6834
f 6834 10166 11270
f 10555 9763 6835
f 6835 9763 11495
f 11553 10555 6835
f 6835 11495 11553
f 6836 6973 12046
f 12046 8714 6836
f 7222 6910 6838
f 6839 7255 9003
f 9551 7255 6839
f 10078 7661 6840
f 6840 7661 12032
f 6840 7690 7985
f 12032 7690 6840
f 6840 7985 10078
f 6844 6866 7556
f 8110 6866 6844
f 6844 7308 12049
f 12049 8110 6844
f 7133 7085 6845
f 11333 7133 6845
f 6846 7460 8741
f 11380 7460 6846
f 6846 8741 8847
f 10211 7394 6847
f 6847 7394 11624
f 8432 8247 6847
f 6848 8696 9294
f 6850 6904 10409
f 11029 6904 6850
f 11532 7277 6850
f 6850 7277 11538
f 10409 7998 6850
f 6850 7998 11532
f 11538 11029 6850
f 6851 7969 8147
f 10763 7969 6851
f 6851 8147 8865
f 6851 8865 10762
f 6851 10762 10763
f 6853 7196 11135
f 9824 8864 6853
f 11135 9824 6853
f 8939 7558 6857
f 6857 7558 10496
f 10745 7338 6858
f 10404 8284 6858
f 6858 8284 10745
f 6859 7886 10146
f 11656 7886 6859
f 6859 9771 10706
f 10954 9771 6859
f 6859 10146 10954
f 8995 7616 6861
f 6861 7616 10183
f 6862 7616 8995
f 11989 10263 6863
f 6864 8894 10397
f 6864 9464 9465
f 10397 9470 6864
f 6865 9444 11102
f 11136 9444 6865
f 6865 11102 11205
f 11205 11136 6865
f 8537 7556 6866
f 9791 6936 6869
f 6869 8732 9791
f 8666 7931 6870
f 6872 8122 9945
f 11541 8122 6872
f 6872 8349 11541
f 9745 8810 6874
f 6874 8810 10139
f 10139 9817 6874
f 6874 9817 10584
f 6875 7562 10402
f 10743 7562 6875
f 6875 7657 10744
f 11028 7657 6875
f 6875 10402 11028
f 10744 10743 6875
f 7637 7449 6877
f 6877 7449 8409
f 10983 7637 6877
f 6877 8409 10151
f 6877 10151 10983
f 9776 7917 6878
f 6878 7917 10093
f 6880 8523 9459
f 10092 8523 6880
f 9459 9372 6880
f 6880 9372 10817
f 10817 10506 6880
f 10400 9121 6882
f 6882 9121 10610
f 6882 10167 10400
f 10878 10167 6882
f 6882 10610 10878
f 6883 6974 7121
f 10588 9805 6885
f 6885 10543 11063
f 8753 8749 6886
f 6888 8778 8779
f 6889 6890 10358
f 11775 6890 6889
f 10127 7978 6889
f 6889 7978 10384
f 10358 10127 6889
f 10384 10351 6889
f 6889 10351 11775
f 11775 8610 6890
f 11677 10358 6890
f 11623 10915 6891
f 11440 7431 6892
f 8813 8576 6893
f 10072 8813 6893
f 11368 10072 6893
f 6893 11467 11468
f 7845 7403 6894
f 6894 7403 9935
f 6894 9935 10892
f 10656 8690 6896
f 10966 8784 6897
f 6897 8784 11200
f 9293 7825 6899
f 6900 8340 8769
f 9370 8340 6900
f 11874 11591 6901
f 6902 6992 9534
f 8755 7222 6902
f 9134 7751 6903
f 6904 7044 11147
f 11753 7044 6904
f 11029 10298 6904
f 6904 10298 11110
f 11147 10409 6904
f 6904 11110 11753
f 10313 9257 6906
f 6906 10066 10313
f 8852 7573 6907
f 6907 7573 9264
f 10346 7303 6908
f 6908 7303 11465
f 6908 7922 7950
f 11465 7922 6908
f 6908 7950 10700
f 10700 10346 6908
f 10217 7832 6909
f 6909 8256 9046
f 6909 9046 12026
f 12026 10217 6909
f 6910 7222 8755
f 6911 7905 8034
f 8046 7573 6912
f 8234 7035 6913
f 6913 7035 10193
f 6915 9518 11757
f 11757 10842 6915
f 9216 8969 6918
f 6918 8969 10687
f 11722 9216 6918
f 10687 10292 6918
f 6918 10292 10934
f 6918 10934 11722
f 7848 7620 6921
f 10710 7848 6921
f 6924 6925 9555
f 9780 6925 6924
f 6924 7010 7137
f 9555 7010 6924
f 6924 7137 12035
f 12035 9780 6924
f 6925 7948 8637
f 9780 7948 6925
f 6925 8637 10963
f 10356 9555 6925
f 10570 10356 6925
f 10963 10570 6925
f 10799 6928 6927
f 6927 7091 9530
f 9530 8762 6927
f 6927 8762 10799
f 10799 7946 6928
f 6928 7946 11261
f 6930 7045 9027
f 10232 8517 6931
f 10796 10232 6931
f 6931 10237 10796
f 6932 7511 9107
f 9344 7511 6932
f 6932 7978 8682
f 10384 7978 6932
f 6932 8682 11687
f 6932 9107 10351
f 11687 9344 6932
f 6932 10351 10384
f 6933 6934 7184
f 10707 6934 6933
f 7184 6954 6933
f 10844 10707 6933
f 6934 6999 7184
f 6934 7908 10103
f 10707 7908 6934
f 9791 9392 6936
f 11463 11461 6937
f 6938 7524 8238
f 11004 7524 6938
f 6938 8238 10562
f 11403 11004 6938
f 6940 7279 10575
f 11328 7279 6940
f 6940 8078 8721
f 10575 8078 6940
f 6940 8721 11328
f 6941 9141 11264
f 11285 9141 6941
f 6941 11171 11285
f 11410 11171 6941
f 6941 11264 11410
f 6942 6956 8107
f 11549 6956 6942
f 8111 7164 6942
f 6942 7164 10608
f 6942 8107 8111
f 10608 10398 6942
f 6942 10398 11549
f 6943 7458 12076
f 9612 8317 6943
f 6944 7028 9521
f 6946 8139 8532
f 9539 8139 6946
f 6946 8144 9539
f 7284 7074 6949
f 6949 7074 10784
f 10460 7284 6949
f 6951 7399 8076
f 9494 7399 6951
f 6951 8076 10770
f 8924 8150 6951
f 6951 8150 9494
f 11503 8924 6951
f 6951 10770 11503
f 8028 7786 6952
f 6952 7786 11055
f 11337 8028 6952
f 6952 11055 11472
f 11562 11337 6952
f 6952 11472 11562
f 8028 6961 6953
f 6953 6961 10361
f 10361 7976 6953
f 8949 6997 6954
f 7184 6999 6954
f 6954 6999 8949
f 6956 7088 10987
f 11549 7088 6956
f 10880 8107 6956
f 10987 10880 6956
f 11083 8021 6959
f 11517 11083 6959
f 8924 7864 6960
f 6960 8150 8924
f 9491 8150 6960
f 11124 9491 6960
f 6961 8028 11337
f 6961 9035 10361
f 11427 9035 6961
f 6961 11337 11427
f 6962 8520 11579
f 10264 8031 6963
f 6964 7740 11235
f 9890 7747 6964
f 10657 6981 6965
f 6965 6981 11625
f 11129 9389 6965
f 11625 11129 6965
f 6966 7622 9772
f 6967 7811 8146
f 8865 7811 6967
f 6967 8146 10888
f 10888 8865 6967
f 6970 8564 9219
f 11112 8564 6970
f 9219 9218 6970
f 6970 10301 11112
f 11363 10301 6970
f 6973 8054 12046
f 6975 9507 10185
f 6975 10185 10901
f 8906 8323 6976
f 6976 8323 11446
f 11146 8906 6976
f 6976 9856 11146
f 11210 9856 6976
f 11446 11210 6976
f 6977 7067 9390
f 10970 8186 6978
f 11380 9198 6979
f 11381 11380 6979
f 6980 8049 11066
f 11277 8049 6980
f 6980 9513 9898
f 6980 9898 11277
f 6980 11066 11233
f 6981 10657 11109
f 6981 11194 11625
f 7580 6984 6983
f 7771 7580 6983
f 6984 7580 8612
f 8612 7688 6984
f 7175 7068 6986
f 6986 7068 9748
f 9815 7175 6986
f 10576 9815 6986
f 8797 7965 6987
f 6987 8730 8797
f 10853 8730 6987
f 6987 9094 10854
f 10854 10853 6987
f 10716 8775 6990
f 6991 9579 11509
f 11558 9580 6991
f 6991 11509 11510
f 6991 11510 11558
f 11548 7945 6993
f 6993 7945 11652
f 11216 8403 6993
f 6993 8403 11548
f 6995 7533 9298
f 6996 8298 11165
f 11300 8298 6996
f 6996 11165 11432
f 11530 11300 6996
f 8020 8001 6997
f 8823 8020 6997
f 10735 7104 6998
f 6998 7104 11455
f 6998 10598 10735
f 11455 10666 6998
f 7615 7018 7003
f 7003 7322 9802
f 8412 7178 7004
f 7004 7178 10155
f 12084 8412 7004
f 7004 10155 10803
f 7004 10803 12084
f 7005 8807 9801
f 9410 7615 7006
f 9116 8260 7006
f 7006 8260 9410
f 11626 9116 7006
f 7007 7422 8734
f 10760 7056 7008
f 7008 7056 11253
f 7008 8563 11349
f 11414 8563 7008
f 11349 10760 7008
f 7008 11253 11414
f 7009 7237 9235
f 9628 7237 7009
f 11261 7137 7010
f 7010 9555 11260
f 7010 11260 11261
f 7011 7171 8818
f 8704 8613 7011
f 7011 8613 8814
f 8818 8704 7011
f 7012 8478 9165
f 10542 8478 7012
f 7012 9165 10287
f 9000 8335 7014
f 8037 7223 7016
f 7016 7223 9517
f 7017 7349 11154
f 7018 7615 9677
f 9677 9419 7018
f 7018 9419 9718
f 7021 8806 8826
f 9811 8806 7021
f 8826 8825 7021
f 8593 7870 7022
f 7022 7870 9785
f 7022 9785 10575
f 7022 10575 10968
f 7022 10968 10970
f 8214 7905 7026
f 12068 8214 7026
f 7227 7036 7027
f 7027 7036 7828
f 8029 7227 7027
f 7028 7579 8690
f 8690 7842 7028
f 7028 7842 9521
f 7030 7564 9853
f 8798 8784 7031
f 10371 8798 7031
f 7031 9383 9875
f 7031 9875 10371
f 7032 7827 10306
f 7247 7203 7033
f 10897 7247 7033
f 7033 10638 10897
f 7034 8391 9291
f 7035 8974 8975
f 7035 8975 10193
f 7038 7955 10890
f 11043 7955 7038
f 7038 10890 11484
f 11539 11043 7038
f 7038 11484 11539
f 7042 7591 11733
f 11807 7591 7042
f 11733 9654 7042
f 9424 7208 7043
f 7043 7208 10726
f 10726 8843 7043
f 7044 7577 11148
f 11753 7577 7044
f 11148 11147 7044
f 7048 7047 7046
f 7046 7047 8040
f 8042 7048 7046
f 7046 7953 8042
f 8844 7953 7046
f 7046 8040 9428
f 7046 8843 8844
f 9428 8843 7046
f 7048 8042 10859
f 7049 7498 8890
f 9466 7498 7049
f 7049 8890 9468
f 10442 9466 7049
f 10435 7893 7052
f 7052 9271 10435
f 11221 9271 7052
f 7053 8156 10148
f 10148 9222 7053
f 10902 7177 7054
f 8943 7767 7055
f 7055 8196 8884
f 8884 8506 7055
f 7056 10760 11217
f 11217 10834 7056
f 7056 10834 11493
f 11493 11253 7056
f 10853 7149 7057
f 7057 7208 8847
f 7057 7802 8730
f 8741 7802 7057
f 7057 8730 10853
f 8847 8741 7057
f 7058 7575 7884
f 10274 7575 7058
f 7058 7884 10930
f 7059 7666 11522
f 11522 10654 7059
f 7061 8203 11255
f 11668 8203 7061
f 7061 8658 11668
f 7061 11255 11654
f 9748 7068 7064
f 7064 7079 9748
f 9869 7079 7064
f 11169 9869 7064
f 7066 7088 11421
f 10399 9478 7066
f 11421 10399 7066
f 7068 7175 8570
f 11055 7786 7069
f 7069 7934 9494
f 10117 7934 7069
f 7069 9494 11055
f 11586 7356 7070
f 7070 7356 11839
f 11673 7800 7070
f 7070 7800 11745
f 11745 11586 7070
f 11963 11673 7070
f 7070 11839 11963
f 7072 7873 8057
f 7072 9814 10340
f 7074 7284 8272
f 7075 7322 8201
f 9867 7322 7075
f 9503 9500 7075
f 7075 9500 9867
f 7076 9225 10551
f 7078 7364 9133
f 10493 7364 7078
f 7079 9869 10534
f 8353 7686 7080
f 7080 7686 8551
f 8893 7320 7081
f 7081 7320 11362
f 11362 10931 7081
f 7082 9026 9548
f 7084 7328 10237
f 7088 10986 11421
f 11549 10986 7088
f 7090 7151 8889
f 7091 9377 9530
f 10355 9377 7091
f 11443 10355 7091
f 7093 8484 9681
f 7093 9681 9895
f 7093 9895 10864
f 7093 10864 11419
f 7094 7095 7096
f 7094 7096 7097
f 7094 7097 8071
f 8074 7096 7095
f 7095 8072 8074
f 7098 7097 7096
f 8074 7098 7096
f 7097 7098 7108
f 7108 7107 7097
f 7097 7107 8087
f 8073 8071 7097
f 8087 8073 7097
f 8088 7108 7098
f 7098 8074 8088
f 7099 7533 7940
f 7099 7940 9620
f 7881 7197 7100
f 7101 8511 10981
f 7102 7348 7861
f 11138 7348 7102
f 7102 7861 7928
f 7102 7928 12069
f 7104 8399 11021
f 11470 8399 7104
f 7104 10735 11470
f 7104 11021 11455
f 9451 8928 7106
f 11653 9645 7106
f 7107 7108 7126
f 7126 7125 7107
f 7107 7125 8117
f 8117 8087 7107
f 8089 7126 7108
f 7108 8088 8089
f 10643 7365 7112
f 8097 7803 7112
f 7112 7803 11140
f 7112 8096 8097
f 11140 10643 7112
f 7113 7469 10090
f 11511 10806 7117
f 7119 7123 7311
f 10608 7164 7119
f 7119 7311 10608
f 7122 7436 11605
f 7122 8111 10873
f 10473 7311 7123
f 7123 9457 10473
f 10914 9457 7123
f 11422 7267 7124
f 7124 10165 11422
f 7125 7126 7128
f 7128 7127 7125
f 7125 7127 8117
f 8120 7128 7126
f 7126 8089 8120
f 7127 7128 7135
f 7127 7135 8132
f 8132 8117 7127
f 8120 7847 7128
f 7129 7657 8274
f 10744 7657 7129
f 7129 10166 10744
f 7130 7479 9409
f 7130 9409 10856
f 7130 10856 10974
f 7130 10974 11689
f 8127 8126 7132
f 7132 8126 9476
f 8904 8127 7132
f 7132 8903 8904
f 11212 8903 7132
f 7132 9476 10173
f 7132 10173 11212
f 7133 7678 8447
f 7134 7412 9591
f 9591 8706 7134
f 7134 8706 9661
f 8713 7949 7136
f 7136 7949 10568
f 11272 8713 7136
f 11054 10075 7136
f 7136 10075 11272
f 7136 10568 11054
f 11261 10354 7137
f 10380 8199 7139
f 7139 8199 11312
f 10638 10380 7139
f 10897 10638 7139
f 11312 10897 7139
f 7140 8140 9022
f 10568 8140 7140
f 7140 9022 10876
f 7140 9482 11054
f 11437 9482 7140
f 11054 10568 7140
f 7140 10876 11437
f 7142 7147 7648
f 10882 7147 7142
f 7648 7565 7142
f 7142 7565 10756
f 11155 8243 7143
f 7143 10778 11155
f 12069 7230 7144
f 7556 7501 7145
f 7145 7501 7599
f 7814 7556 7145
f 7145 7599 8360
f 9862 7648 7147
f 10800 9862 7147
f 7148 7167 11150
f 10532 8921 7148
f 10853 7220 7149
f 9006 7444 7154
f 7154 7444 9090
f 7154 8361 9006
f 9200 8361 7154
f 7154 9090 9200
f 9155 8516 7155
f 7155 8516 10334
f 11668 8658 7155
f 7155 10334 11308
f 7155 11308 11668
f 9308 8068 7157
f 7157 8068 10541
f 10541 8516 7157
f 7158 9570 9768
f 10181 9570 7158
f 7160 9198 11297
f 11379 9301 7160
f 7160 11297 11379
f 7163 8356 9946
f 7163 9946 10253
f 9652 7581 7165
f 7165 7581 9984
f 7165 9495 9652
f 11064 9495 7165
f 7181 7170 7169
f 8182 7174 7169
f 7169 7174 12054
f 12054 7181 7169
f 11281 8818 7171
f 11499 11281 7171
f 7173 7607 11588
f 7174 8119 12054
f 7174 8182 11582
f 9815 8570 7175
f 9235 7237 7176
f 7177 10902 11481
f 7178 8412 8413
f 7178 9113 10155
f 7179 7506 7592
f 7592 7550 7179
f 7179 7550 8000
f 8933 8159 7181
f 12054 8933 7181
f 7183 8583 11106
f 7188 7194 8171
f 9873 7194 7188
f 12055 9873 7188
f 10829 9705 7189
f 7189 10178 11253
f 7189 11253 11493
f 7192 8167 10627
f 8964 8963 7192
f 7192 8963 9505
f 10627 8964 7192
f 7193 7653 11171
f 11433 7653 7193
f 7193 8530 10488
f 12092 8530 7193
f 7193 10488 11433
f 7193 11171 11410
f 7193 11410 12092
f 9873 9509 7194
f 7196 7595 11611
f 11224 11135 7196
f 11611 11224 7196
f 7197 7881 9399
f 7199 7538 7926
f 8609 8236 7200
f 7202 9589 12057
f 12057 11567 7202
f 7203 7247 11014
f 8224 7963 7203
f 11408 8224 7203
f 7203 11014 11408
f 9889 8318 7204
f 7205 8070 8370
f 9948 8070 7205
f 7205 8370 10150
f 10839 9948 7205
f 7205 10150 11531
f 11531 10839 7205
f 7207 9004 11086
f 11399 9004 7207
f 7207 9009 11399
f 11086 9375 7207
f 9424 8847 7208
f 7216 7941 8036
f 9566 7218 7217
f 7217 8293 9059
f 7217 9059 9566
f 10424 8171 7218
f 9894 7290 7220
f 7220 7290 10727
f 11417 9894 7220
f 7220 10853 11417
f 7221 8055 10497
f 11492 8055 7221
f 7221 10074 11435
f 10497 10282 7221
f 7221 11435 11492
f 7223 8193 8979
f 8979 8916 7223
f 7223 8916 9517
f 7224 7727 9199
f 7225 7499 9335
f 10343 7499 7225
f 7225 8684 10082
f 10082 8725 7225
f 7225 8725 10343
f 10736 9830 7230
f 12069 10736 7230
f 8985 8200 7231
f 10200 8985 7231
f 7231 10198 10200
f 7232 8200 8985
f 11063 9396 7233
f 11368 11063 7233
f 7235 8325 11099
f 11500 8325 7235
f 7235 11301 11500
f 11578 11301 7235
f 10721 9414 7236
f 7236 9414 10971
f 12068 10721 7236
f 7236 10971 12068
f 7237 9628 10327
f 9596 8154 7238
f 7238 8154 12039
f 7239 8775 10116
f 7239 10116 10966
f 7241 10797 10908
f 10909 10797 7241
f 7241 10908 10910
f 10910 10909 7241
f 7242 8209 8991
f 10775 8989 7242
f 7242 8991 10775
f 7244 8186 10970
f 10970 10968 7244
f 7245 7694 10665
f 7247 7484 11014
f 7248 8210 8212
f 11776 8210 7248
f 7248 8212 9524
f 11724 8215 7248
f 7248 8215 11776
f 7248 9524 11724
f 7249 8215 11543
f 11734 8215 7249
f 12036 11734 7249
f 7251 9518 10221
f 8941 8095 7253
f 7253 8095 9525
f 7253 8227 8607
f 11232 8227 7253
f 7253 9525 11232
f 9528 8221 7254
f 7257 7822 7853
f 11259 7822 7257
f 7257 7853 10077
f 7257 10077 10338
f 7257 10338 11259
f 7258 8220 8528
f 10565 8220 7258
f 11141 10565 7258
f 7259 8528 9665
f 7259 9665 10994
f 7260 8170 9413
f 10185 8170 7260
f 7260 9413 10469
f 10469 9903 7260
f 7261 7729 10746
f 10820 7729 7261
f 7261 10685 10820
f 7262 9460 10764
f 11269 9460 7262
f 7262 10764 11306
f 11267 11210 7262
f 11306 11267 7262
f 9038 8267 7263
f 12076 9038 7263
f 10062 7806 7264
f 7264 7806 10065
f 10065 8019 7264
f 7264 8019 10587
f 10946 9752 7264
f 7264 9752 11477
f 11477 10062 7264
f 7264 10587 10946
f 7266 7600 11178
f 9981 7776 7266
f 7266 9292 10359
f 11178 9292 7266
f 11240 9981 7266
f 7266 10359 11240
f 11422 10738 7267
f 7270 7470 9552
f 9552 9542 7270
f 7271 7589 11025
f 11504 7589 7271
f 11025 10004 7271
f 7271 10004 11108
f 7271 11108 11504
f 7276 8869 11139
f 11139 11138 7276
f 7277 7374 11538
f 11550 7374 7277
f 7277 11532 11550
f 7279 9526 10575
f 11328 11081 7279
f 7279 11081 12060
f 8066 7381 7280
f 7280 7381 11558
f 12091 8066 7280
f 7280 11510 11544
f 11558 11510 7280
f 7280 11544 12091
f 9014 8209 7281
f 7281 8241 10731
f 9092 9014 7281
f 10731 9092 7281
f 11412 7374 7282
f 7282 7374 11423
f 7282 7867 11439
f 11447 7867 7282
f 11439 11412 7282
f 7282 11423 11447
f 8168 7367 7284
f 7284 7367 8272
f 10460 8168 7284
f 8126 7929 7285
f 7285 7929 8660
f 9476 8126 7285
f 7285 8540 9476
f 9065 7380 7287
f 9894 7375 7290
f 7290 7375 10143
f 7290 10143 10727
f 7291 8227 8231
f 11589 8227 7291
f 7291 8231 11721
f 7291 8970 9547
f 7291 9547 11589
f 7292 8705 12072
f 9456 8296 7295
f 7295 8296 9985
f 9773 9234 7295
f 9985 9773 7295
f 10741 7354 7296
f 7296 7354 10874
f 7296 8102 9395
f 10874 8102 7296
f 9395 8887 7296
f 7296 8887 10740
f 7296 10740 10741
f 7297 8070 9948
f 7297 9948 11344
f 10561 7889 7303
f 7303 7889 11051
f 7303 10346 11377
f 11377 10561 7303
f 7303 11051 11465
f 10208 7691 7304
f 7304 9046 10208
f 10788 9046 7304
f 11275 10788 7304
f 7308 10784 12049
f 9025 7459 7310
f 9091 9025 7310
f 7311 10473 11635
f 7312 7995 8010
f 7312 8010 12062
f 7313 9059 9062
f 9566 9059 7313
f 7313 9062 11160
f 11160 9566 7313
f 7314 8820 9086
f 7314 9086 10453
f 7315 8334 10982
f 11175 8334 7315
f 9218 8396 7317
f 10235 7991 7318
f 7318 7991 10795
f 8664 8261 7318
f 7318 8261 10235
f 7318 8366 8664
f 10795 8366 7318
f 7320 8893 11389
f 9444 9417 7320
f 7320 9417 11362
f 11389 9444 7320
f 7321 7691 10208
f 11399 7691 7321
f 7321 7957 9005
f 9005 9004 7321
f 7321 9004 11399
f 7323 7818 10335
f 10709 7818 7323
f 7323 10335 10848
f 11048 10709 7323
f 7323 10848 11258
f 11256 11048 7323
f 11092 8282 7324
f 7324 9512 11094
f 11094 11092 7324
f 7326 7418 8590
f 11870 7819 7326
f 7326 8590 11870
f 10645 10237 7328
f 11022 7347 7329
f 7329 7347 11541
f 7329 8867 11345
f 11541 8867 7329
f 11345 9157 7329
f 7331 9914 11093
f 7337 8287 8715
f 7337 8715 10905
f 7337 10228 10644
f 10905 10228 7337
f 7338 9121 10609
f 10610 9121 7338
f 7338 10609 10743
f 10745 10610 7338
f 7338 10743 10744
f 7344 9189 11598
f 11511 8122 7347
f 7347 8122 11541
f 11022 10806 7347
f 7347 10806 11511
f 10927 7861 7348
f 11138 8265 7348
f 7348 8265 11411
f 11434 10927 7348
f 7348 11411 11434
f 7349 8403 11216
f 9801 8807 7349
f 7349 8807 11154
f 11216 9801 7349
f 9040 7352 7351
f 7351 7352 10454
f 9903 9040 7351
f 7351 10454 11159
f 11159 10901 7351
f 7352 7357 7363
f 10231 7357 7352
f 7352 7363 10454
f 7352 9040 10231
f 9843 7404 7354
f 7354 7404 10875
f 10741 9843 7354
f 10875 10874 7354
f 11586 8761 7356
f 11903 11839 7356
f 10903 7363 7357
f 10231 8308 7357
f 7357 8308 12077
f 11507 10903 7357
f 12077 11507 7357
f 7360 7654 8556
f 8556 7702 7360
f 10903 10443 7363
f 7363 10443 11007
f 11007 10454 7363
f 9629 9133 7364
f 11491 10280 7364
f 7364 10493 11491
f 10421 7983 7366
f 7366 7983 11155
f 7366 8552 10594
f 11155 8552 7366
f 7366 8934 10421
f 10594 8934 7366
f 7367 7451 8272
f 9612 7451 7367
f 7367 8168 8317
f 7367 8317 9612
f 9965 8362 7368
f 7369 7656 10210
f 10255 7656 7369
f 11400 8191 7369
f 7369 10210 11400
f 7370 8162 9078
f 7372 7743 10377
f 10376 8831 7372
f 10377 10376 7372
f 11412 10935 7374
f 7374 10935 11538
f 11550 11423 7374
f 8051 8012 7375
f 7376 7476 10307
f 8770 7745 7376
f 12050 9939 7377
f 10460 7814 7379
f 8636 8168 7379
f 7379 8168 10460
f 7381 9580 11558
f 9067 7383 7382
f 7382 7384 10650
f 9571 9067 7382
f 10650 9571 7382
f 10076 7386 7383
f 7383 9067 10076
f 7384 9064 10219
f 7384 10219 10650
f 11713 7389 7386
f 7386 10076 11227
f 7390 9736 10807
f 10807 10678 7390
f 10362 7885 7394
f 7394 7885 11624
f 7394 10211 12060
f 12060 10362 7394
f 7395 10858 11410
f 11264 11204 7395
f 7395 11204 11419
f 11410 11264 7395
f 7397 7539 8545
f 11293 7539 7397
f 8545 8387 7397
f 7398 8870 12061
f 9494 7934 7399
f 7399 7934 10117
f 10916 7484 7402
f 7402 7656 9944
f 7402 9944 10916
f 7403 7845 10245
f 7404 7498 8888
f 8890 7498 7404
f 8888 8106 7404
f 7404 8106 10875
f 9843 8890 7404
f 7405 11337 11425
f 11427 11337 7405
f 7405 11425 11485
f 11485 11484 7405
f 7406 8536 8547
f 7406 8547 9152
f 7406 9152 11616
f 7406 11616 11700
f 7409 7909 10565
f 7409 10565 11141
f 7410 8038 8614
f 10636 8038 7410
f 8614 8166 7410
f 7414 8561 9400
f 9747 8561 7414
f 7416 8071 8072
f 7418 7420 9077
f 9583 8590 7418
f 7422 7587 8734
f 7422 8702 10611
f 9108 7449 7423
f 7423 10100 10272
f 10942 9733 7426
f 10215 10167 7426
f 7426 10169 10942
f 7429 8014 10325
f 10504 8014 7429
f 7429 9173 10474
f 10815 9173 7429
f 7429 10325 10815
f 7429 10474 10504
f 11526 7589 7432
f 7432 7589 11538
f 11538 11034 7432
f 8393 7681 7434
f 8003 7939 7435
f 7435 7939 8015
f 10606 8003 7435
f 7435 8015 10205
f 7435 8689 10606
f 10205 9063 7435
f 7436 9469 11605
f 7981 7443 7438
f 7438 7443 8356
f 7439 10240 10448
f 7439 10448 11405
f 11405 11008 7439
f 10042 9719 7440
f 7442 7516 10503
f 11292 8479 7442
f 7442 10503 11292
f 7443 7444 7452
f 9090 7444 7443
f 7443 7452 8356
f 11127 9090 7443
f 10064 7452 7444
f 7444 9006 10064
f 7445 9056 10603
f 11346 9056 7445
f 10603 9451 7445
f 7445 11137 11346
f 9980 9670 7446
f 7447 10162 11320
f 8900 8351 7448
f 7448 8351 9197
f 10402 8900 7448
f 7448 9197 9810
f 7448 9810 10402
f 9108 8409 7449
f 8273 8272 7451
f 8314 8273 7451
f 9612 8314 7451
f 9946 8356 7452
f 7453 8849 11089
f 11352 8849 7453
f 11089 10332 7453
f 7453 11087 11352
f 7458 7645 12076
f 7459 9025 10260
f 11381 8741 7460
f 7460 11380 11381
f 10455 7462 7461
f 7461 7462 11732
f 7461 9305 11630
f 11732 9305 7461
f 11569 7785 7462
f 7462 7785 11619
f 7462 10455 11569
f 7462 11619 11732
f 7464 7965 8797
f 7464 8797 11381
f 9694 7683 7466
f 7467 9877 11602
f 10392 10101 7468
f 7469 7662 8328
f 7469 8328 10090
f 7471 8084 9113
f 9957 8084 7471
f 9082 9081 7472
f 10251 9082 7472
f 7473 10259 12065
f 10133 9409 7479
f 7480 8527 9680
f 7480 9680 11422
f 7482 8383 9599
f 11593 8383 7482
f 7482 9599 11238
f 7482 11101 11593
f 11170 7785 7483
f 7483 7785 11569
f 10477 9101 7483
f 7484 10916 11313
f 11313 11014 7484
f 7490 7489 7487
f 7487 7489 11521
f 11817 7490 7487
f 7487 7942 8388
f 11521 7942 7487
f 7487 8388 11817
f 7489 7490 7496
f 7489 7496 11057
f 12083 7496 7490
f 11817 10658 7490
f 7490 10658 12080
f 7490 12080 12083
f 9441 7781 7495
f 7495 7781 11418
f 8452 8417 7495
f 7495 8417 9441
f 11418 9440 7495
f 7496 7497 9622
f 12083 7497 7496
f 9622 7525 7496
f 7496 7525 11057
f 7497 9119 9622
f 11747 9119 7497
f 7497 11728 11747
f 12083 11728 7497
f 10396 8888 7498
f 7498 9466 10396
f 7499 8695 9335
f 10343 8695 7499
f 7500 10271 11715
f 7501 7556 8537
f 10422 8163 7502
f 7502 8190 10422
f 10878 7724 7503
f 7503 10169 10878
f 9582 8287 7504
f 11585 9582 7504
f 7506 10728 10866
f 7508 8849 11535
f 11535 11221 7508
f 7509 8519 10295
f 11627 8407 7510
f 7510 8407 11715
f 7510 10271 11609
f 11715 10271 7510
f 7510 11609 11627
f 9344 7925 7511
f 7511 7925 11416
f 11551 9107 7511
f 7511 11416 11551
f 7513 8276 9951
f 11531 8276 7513
f 7513 9951 11322
f 7513 11116 11531
f 7515 8377 10845
f 7515 8769 10818
f 10845 8769 7515
f 7516 8006 10675
f 10675 10503 7516
f 10486 7598 7518
f 7518 7598 10487
f 7518 10483 10486
f 11694 10483 7518
f 7518 10487 11592
f 9099 8384 7521
f 11309 9099 7521
f 9506 7923 7524
f 7524 7923 10216
f 10216 8238 7524
f 11534 9506 7524
f 7524 11004 11534
f 8481 8096 7526
f 10990 8279 7526
f 7526 8280 8481
f 7527 7644 8919
f 7527 8919 9246
f 9246 9124 7527
f 7527 9124 12094
f 7528 8645 9966
f 10491 8645 7528
f 7528 9966 10492
f 7528 10188 10277
f 10492 10188 7528
f 7528 10277 10491
f 7529 8199 10896
f 11312 8199 7529
f 7529 9992 11312
f 7529 10896 11275
f 10494 7535 7531
f 7531 7808 10494
f 7531 8422 9058
f 7535 9133 9629
f 10494 9133 7535
f 7535 9629 11153
f 7536 9788 11438
f 10934 10688 7536
f 11438 10934 7536
f 8559 8545 7539
f 9906 8559 7539
f 11441 9906 7539
f 11293 10825 7539
f 7539 10825 11441
f 9452 9169 7542
f 7542 9169 10857
f 9453 9452 7542
f 10857 9453 7542
f 7544 7545 9142
f 9142 7694 7544
f 9782 9621 7544
f 7545 8982 9142
f 10720 8565 7546
f 11518 10720 7546
f 7546 11379 11518
f 11503 7835 7547
f 7547 7835 11555
f 7547 7864 8924
f 11496 7864 7547
f 7547 8924 11503
f 11555 11496 7547
f 8880 8000 7550
f 7552 8194 10495
f 10495 10445 7552
f 7553 9527 10776
f 9844 7597 7554
f 7554 7617 10285
f 10285 9844 7554
f 7557 7563 8346
f 9019 7563 7557
f 7557 8346 9139
f 7557 8450 9019
f 9427 8450 7557
f 9139 8959 7557
f 7557 8959 9427
f 11395 7631 7558
f 8531 7652 7560
f 7560 7658 8533
f 11327 7658 7560
f 8533 8531 7560
f 7561 8208 8318
f 9794 8208 7561
f 7561 8318 9889
f 11091 9794 7561
f 7561 9889 11815
f 11815 11091 7561
f 7562 7975 8900
f 10609 7975 7562
f 7562 8900 10402
f 10743 10609 7562
f 9284 8456 7563
f 7563 9019 9284
f 10319 8038 7566
f 7566 8038 10636
f 11252 10319 7566
f 7567 8104 10003
f 11025 8104 7567
f 7567 10003 10004
f 7567 10004 11025
f 9307 8466 7568
f 11565 9307 7568
f 7568 10284 11565
f 7569 8431 10276
f 7569 10276 12085
f 7570 8011 8210
f 7570 8210 11776
f 7570 11776 12036
f 7572 8504 10669
f 10499 9158 7572
f 10669 10499 7572
f 7573 8046 9264
f 11660 10900 7574
f 7574 11402 11660
f 9325 7884 7575
f 10041 8623 7576
f 7576 8623 11783
f 7576 8752 10693
f 7576 9723 10041
f 10693 9723 7576
f 11271 11148 7577
f 7577 11186 11248
f 11753 11186 7577
f 7580 7771 8612
f 9172 9171 7581
f 7581 9171 9984
f 10899 9172 7581
f 8014 7583 7582
f 7582 7583 12040
f 10325 8014 7582
f 7582 9916 10325
f 12040 9916 7582
f 10869 10703 7584
f 7584 10703 10870
f 7585 7807 8883
f 8888 7807 7585
f 8465 8106 7585
f 7585 8106 8888
f 8883 8465 7585
f 9916 8322 7586
f 7586 9234 10815
f 10815 9916 7586
f 11192 8734 7587
f 11435 11325 7588
f 11492 11435 7588
f 7589 10298 11029
f 11504 10298 7589
f 11526 11025 7589
f 7589 11029 11538
f 9073 9072 7593
f 7593 9072 10798
f 11356 9073 7593
f 7593 10798 11356
f 7595 8108 11006
f 11278 8108 7595
f 7595 11006 11611
f 12091 10863 7596
f 7596 11224 12091
f 7597 9844 11280
f 7598 8553 10487
f 11288 8553 7598
f 7598 10486 11234
f 7598 11234 11288
f 7600 9974 11178
f 11456 9974 7600
f 7601 7764 8322
f 7601 8322 12040
f 7601 9195 9673
f 12040 9195 7601
f 8046 7767 7602
f 7602 7767 8943
f 10791 8046 7602
f 8943 8259 7602
f 7602 8259 10958
f 10958 10791 7602
f 9186 7618 7604
f 10739 8091 7605
f 9863 7677 7606
f 7606 7677 11196
f 7606 7835 11557
f 11797 7835 7606
f 11557 9863 7606
f 7606 11196 11797
f 7611 7788 7933
f 10326 7788 7611
f 7611 7933 10999
f 10765 8694 7611
f 10999 10765 7611
f 11354 9593 7614
f 11088 10323 7614
f 7615 9410 9677
f 7619 8836 11339
f 7620 7848 9339
f 10018 7982 7621
f 10310 10018 7621
f 10696 10310 7621
f 7622 8657 9772
f 7623 7700 9391
f 8665 7804 7623
f 9391 8665 7623
f 7624 8938 9104
f 9977 8938 7624
f 10084 9977 7624
f 7624 10031 10084
f 11326 10821 7627
f 7628 7968 10684
f 7951 7922 7629
f 7629 7922 9378
f 12088 7951 7629
f 7629 9378 10849
f 7629 10849 12088
f 11432 8222 7630
f 7632 7633 7780
f 8274 7780 7633
f 9670 9325 7635
f 7637 9230 10020
f 10983 9230 7637
f 10473 8093 7640
f 7640 8093 11367
f 7640 8381 10604
f 11367 8381 7640
f 10604 10473 7640
f 11779 11743 7641
f 11180 9699 7643
f 11181 11180 7643
f 9717 8240 7645
f 10503 7712 7650
f 7650 7712 10735
f 11292 10503 7650
f 10735 10598 7650
f 7651 8440 10279
f 10279 9852 7651
f 7651 9852 10492
f 10492 9966 7651
f 7653 9581 11171
f 11283 9581 7653
f 11433 11283 7653
f 7654 8531 9210
f 11111 8556 7654
f 7654 9210 11111
f 10255 9944 7656
f 8830 8274 7657
f 9490 8830 7657
f 11028 9490 7657
f 7658 8513 8909
f 10218 8513 7658
f 8909 8533 7658
f 11327 10218 7658
f 7659 9004 9005
f 11086 9004 7659
f 7660 7661 9682
f 12032 7661 7660
f 7661 9212 9682
f 10078 9212 7661
f 9368 8328 7662
f 10078 7985 7663
f 11167 8535 7663
f 7663 8535 11651
f 9213 9212 7663
f 7663 9212 10078
f 11651 9213 7663
f 11591 7765 7664
f 7665 7777 10394
f 11364 7777 7665
f 7665 7997 9213
f 10394 7997 7665
f 7665 8535 11364
f 11651 8535 7665
f 7665 9213 11651
f 7666 9085 11165
f 7666 11165 11522
f 9298 8454 7667
f 9474 8460 7668
f 7668 8460 11249
f 7668 9193 9194
f 11249 9193 7668
f 7668 9194 10823
f 9475 9474 7668
f 10823 9475 7668
f 9693 9600 7669
f 8368 8116 7670
f 10637 8368 7670
f 8748 7961 7671
f 11157 8434 7672
f 7672 8434 11662
f 7672 11002 11505
f 11662 11002 7672
f 7672 11090 11185
f 11505 11090 7672
f 11185 11157 7672
f 7673 8143 10613
f 7674 7676 9219
f 9689 7676 7674
f 9219 8564 7674
f 7674 8564 11112
f 11251 9689 7674
f 7674 11112 11188
f 7674 11188 11251
f 9689 7686 7676
f 7676 7964 9219
f 7677 7704 11196
f 11218 7704 7677
f 7677 9863 11218
f 7680 8907 10091
f 12042 8907 7680
f 7680 10091 11293
f 7681 8393 10329
f 7682 8135 9221
f 11271 8135 7682
f 9221 8464 7682
f 7682 8464 11251
f 7682 11251 11271
f 7686 8464 8551
f 9689 8464 7686
f 10704 7895 7689
f 7689 7895 11648
f 10360 8855 7689
f 7689 8855 10704
f 11735 10360 7689
f 7691 11399 11428
f 10705 7701 7696
f 7696 7701 11820
f 7696 10569 10752
f 11820 10569 7696
f 7697 8387 8545
f 7697 8545 10303
f 12066 9391 7700
f 7700 10063 12066
f 10705 7702 7701
f 7701 11576 11820
f 7702 8556 10524
f 7703 9756 11259
f 7703 11049 11050
f 11259 11049 7703
f 7704 8771 11334
f 11449 8771 7704
f 11334 11196 7704
f 7704 11218 11350
f 7704 11350 11449
f 7706 7707 8736
f 11047 8736 7707
f 8747 8336 7708
f 7708 8336 9829
f 11303 8747 7708
f 10865 9578 7708
f 7708 9578 11303
f 7708 9829 10865
f 7711 8586 9236
f 10525 8586 7711
f 7711 9236 10790
f 11457 9454 7712
f 7712 9454 11470
f 7712 10503 10675
f 7712 10675 11457
f 11470 10735 7712
f 10584 10372 7713
f 7713 10372 10974
f 7714 8808 11487
f 11744 8808 7714
f 7714 9376 11744
f 7714 11487 12052
f 10015 9828 7715
f 7715 9828 10937
f 7715 10937 11448
f 10691 7787 7717
f 7717 7787 10718
f 10204 8589 7717
f 10516 10204 7717
f 10718 10516 7717
f 10506 9866 7719
f 9854 7973 7721
f 7721 7973 10170
f 10170 8130 7721
f 7721 8130 10172
f 10172 9854 7721
f 10745 7729 7724
f 7724 7729 10820
f 7724 10610 10745
f 10878 10610 7724
f 7725 8598 8602
f 9777 9611 7726
f 12043 10529 7728
f 7729 10745 10746
f 8602 7783 7732
f 7732 7783 10829
f 9704 9703 7732
f 10829 9704 7732
f 7733 8601 9007
f 10308 8601 7733
f 9007 8647 7733
f 7733 8647 9274
f 7733 9274 9705
f 7733 9705 10308
f 10414 9128 7734
f 7734 9128 11272
f 10164 9858 7734
f 7734 9858 10414
f 10175 10164 7734
f 11272 10175 7734
f 10603 8041 7736
f 7736 8928 9451
f 7736 9451 10603
f 9710 8217 7740
f 7740 8217 11235
f 7743 8570 9815
f 7743 9815 10377
f 8934 8119 7746
f 10421 8934 7746
f 7746 10420 10421
f 11641 10420 7746
f 11061 8813 7748
f 7748 8813 11477
f 7748 9752 11061
f 11477 9752 7748
f 7749 9178 11064
f 7750 10398 10608
f 7753 9339 10324
f 10324 9696 7753
f 10505 7777 7754
f 7754 7777 11364
f 7754 8430 10612
f 7754 10612 10827
f 10836 8619 7755
f 7755 8619 11822
f 11822 9713 7755
f 7756 8619 9287
f 11822 8619 7756
f 9724 8796 7756
f 7756 8796 10693
f 7756 9287 9724
f 11119 10030 7756
f 7756 10030 11822
f 7756 10693 11119
f 11190 10017 7757
f 7757 10353 11190
f 7758 8142 8917
f 11036 8142 7758
f 7758 10288 11036
f 11485 11425 7763
f 7763 11425 11562
f 11539 11485 7763
f 11561 11539 7763
f 7763 11560 11561
f 11562 11560 7763
f 9472 8322 7764
f 7766 8623 10041
f 11506 8623 7766
f 11556 8629 7766
f 7766 8629 11844
f 7766 10041 11556
f 7768 8099 9464
f 9470 9469 7768
f 7769 8169 10249
f 12087 8622 7770
f 10513 8244 7773
f 9706 8842 7774
f 7774 9063 10205
f 10205 9706 7774
f 7775 9278 9640
f 12071 9278 7775
f 7775 9640 10052
f 7776 9981 11457
f 10505 10394 7777
f 10631 10438 7778
f 10640 8321 7779
f 10060 8877 7779
f 7779 8877 11568
f 11568 10640 7779
f 7780 8274 8830
f 7780 8830 9490
f 7781 9032 11418
f 12095 9032 7781
f 7781 9441 11300
f 7781 11300 11530
f 7781 11530 12095
f 11404 9676 7782
f 8602 8601 7783
f 7783 8601 10308
f 7783 10308 10829
f 7784 9313 9734
f 10540 9313 7784
f 7784 9739 10540
f 7785 11170 11772
f 11772 11619 7785
f 7787 8824 10718
f 10051 7789 7788
f 7788 7789 10331
f 10331 7933 7788
f 7788 8635 10051
f 10326 8635 7788
f 7789 9309 10331
f 7789 10051 10053
f 9034 7834 7790
f 7790 7834 10439
f 7790 8401 9912
f 9912 9034 7790
f 10532 8618 7791
f 7791 8618 11191
f 7791 10035 10532
f 11191 10035 7791
f 7792 11443 11478
f 10762 8367 7793
f 7793 8367 11349
f 10763 10762 7793
f 7793 11349 11424
f 7797 8986 9370
f 7797 9370 10120
f 7797 10120 10773
f 10867 9238 7798
f 7798 9238 10984
f 9982 9803 7798
f 7798 9803 10867
f 11241 9982 7798
f 10984 10857 7798
f 7798 10857 11241
f 10774 9690 7799
f 7799 9690 11534
f 7799 11004 11398
f 11534 11004 7799
f 7801 8655 9998
f 7801 10345 10550
f 7801 10550 10961
f 8797 8730 7802
f 7802 8741 8797
f 7803 8097 10872
f 7803 10872 11140
f 8665 8521 7804
f 10898 9717 7805
f 7806 8246 10065
f 10062 8791 7806
f 7806 8791 10540
f 9463 8883 7807
f 7807 8888 10396
f 10396 9463 7807
f 7809 7939 8003
f 7809 8003 11324
f 11714 9746 7809
f 7809 11324 11714
f 7810 7984 10855
f 7811 7949 8146
f 10568 7949 7811
f 7811 8140 10568
f 10757 8140 7811
f 7811 8865 10757
f 7812 9660 9668
f 12051 9660 7812
f 10457 8428 7815
f 9066 8304 7816
f 7818 10108 10335
f 7818 10709 12073
f 11806 11663 7819
f 11870 11806 7819
f 7820 8611 9387
f 7820 9387 10286
f 7820 10286 11339
f 11259 9756 7822
f 10550 10345 7823
f 7829 7875 12045
f 12045 8082 7829
f 8705 8357 7830
f 8613 8390 7830
f 7830 8390 8705
f 7833 9638 9968
f 11027 9638 7833
f 7833 9968 10294
f 7833 10294 11455
f 7833 11021 11027
f 11455 11021 7833
f 11764 8330 7834
f 7834 9034 12038
f 12038 11764 7834
f 11373 11372 7835
f 7835 11372 11555
f 11797 11373 7835
f 7835 11503 11557
f 7836 7938 8514
f 9482 8913 7839
f 7839 8913 9728
f 10075 9482 7839
f 7839 9728 10176
f 10175 10075 7839
f 10176 10175 7839
f 7840 8695 10734
f 7840 10734 11042
f 10257 8524 7842
f 7842 8690 10257
f 7846 7847 8132
f 7847 8120 8132
f 7848 8067 9339
f 7848 10710 11199
f 7851 7864 11496
f 8128 7986 7852
f 7852 7986 12096
f 11394 8128 7852
f 11123 8881 7854
f 7858 8135 8180
f 8909 8135 7858
f 7858 8180 9211
f 7858 8533 8909
f 9211 8533 7858
f 8845 8047 7859
f 7859 8047 11341
f 10860 8845 7859
f 11341 10860 7859
f 10927 7928 7861
f 9342 8508 7862
f 7862 8508 11044
f 10953 9342 7862
f 7862 9401 10953
f 11044 9401 7862
f 7863 7894 9056
f 11207 7894 7863
f 7863 9056 11390
f 7863 10426 11207
f 11804 8169 7866
f 7867 8642 11439
f 11447 8642 7867
f 7870 8078 9785
f 10581 8078 7870
f 7871 8216 11867
f 11876 8216 7871
f 7871 8729 10622
f 11867 8729 7871
f 7871 10622 11876
f 8710 7874 7872
f 7872 7883 10843
f 12067 8710 7872
f 7872 10843 12067
f 12053 8681 7873
f 7876 8446 9132
f 9968 8446 7876
f 7876 9132 9137
f 7876 9137 9969
f 9969 9968 7876
f 7877 10101 10392
f 10697 9061 7879
f 9897 8781 7880
f 7880 8781 11849
f 11955 9379 7880
f 7880 11849 11955
f 7881 8010 9399
f 12062 8010 7881
f 7882 7890 11566
f 7882 9763 10555
f 12044 9763 7882
f 7882 10555 10702
f 7882 11566 12044
f 7883 7950 7951
f 10804 7950 7883
f 7883 7951 10843
f 7884 9325 9670
f 7884 9670 9980
f 7884 9980 10930
f 10362 7886 7885
f 7885 7886 11656
f 11656 8423 7885
f 7886 8721 10146
f 11328 8721 7886
f 7886 10362 11081
f 7886 11081 11328
f 7887 8184 10953
f 9401 8776 7887
f 10953 9401 7887
f 7889 10572 11051
f 7890 8719 9349
f 10158 8719 7890
f 7890 9349 11566
f 11016 8374 7892
f 9550 8728 7892
f 7892 8728 10831
f 7892 10831 11016
f 7894 8198 9609
f 11207 8198 7894
f 10603 9056 7894
f 7894 9609 10603
f 10704 8195 7895
f 7895 9008 12061
f 12061 11648 7895
f 7897 9283 10967
f 7898 8176 8722
f 8960 8065 7899
f 7899 8065 11725
f 8961 8960 7899
f 11311 8961 7899
f 11725 11311 7899
f 9411 8260 7901
f 7901 9102 9411
f 11751 8935 7902
f 7902 8935 11759
f 7902 10923 11751
f 8277 8261 7904
f 8987 7980 7907
f 7908 8731 9358
f 10707 8731 7908
f 9358 8733 7908
f 7908 8733 10103
f 7909 8220 10565
f 7915 7914 7912
f 10959 7915 7912
f 7912 8737 11197
f 10960 10959 7912
f 11197 10960 7912
f 7915 10959 11336
f 11336 11198 7915
f 9776 7936 7917
f 7917 7936 10546
f 11516 10093 7917
f 7917 10546 11516
f 11856 8179 7919
f 7919 8179 11926
f 11220 9662 7919
f 7919 9662 11837
f 11926 11220 7919
f 7919 11837 11856
f 11130 10847 7920
f 7920 10847 11464
f 10711 10348 7921
f 7951 7950 7922
f 11465 9378 7922
f 7923 8358 10216
f 11314 8358 7923
f 7923 9506 11314
f 7924 9282 11486
f 7925 8910 11416
f 7925 9344 11687
f 7927 9061 10697
f 7928 9254 10736
f 10926 9254 7928
f 7928 10736 12069
f 10927 10926 7928
f 7929 8126 9688
f 9590 8660 7929
f 10172 9590 7929
f 7929 9688 10172
f 7931 8666 8670
f 7931 8670 9362
f 7933 10331 10999
f 8673 8669 7936
f 7936 8669 9754
f 9776 8673 7936
f 7936 9754 10546
f 7941 9266 9484
f 11841 8388 7942
f 7942 11521 11840
f 11840 11630 7942
f 7945 7999 9798
f 11548 7999 7945
f 7945 9798 11652
f 7946 8772 10354
f 7946 10354 11261
f 7947 8095 8217
f 9525 8095 7947
f 7947 8217 9528
f 7947 8332 9525
f 9528 8332 7947
f 7948 8299 8637
f 10843 8299 7948
f 7948 9780 12067
f 12067 10843 7948
f 8713 8146 7949
f 7950 8082 10700
f 10804 8082 7950
f 7951 8299 10843
f 12088 8299 7951
f 8679 8042 7953
f 9818 8679 7953
f 7953 8844 9819
f 9819 9818 7953
f 11801 11378 7954
f 11335 8771 7955
f 7955 8771 11449
f 11449 10890 7955
f 7955 11043 11335
f 7957 8327 9438
f 7967 10864 11407
f 11419 10864 7967
f 7968 10295 10512
f 7968 10512 10684
f 10112 8147 7969
f 7969 9488 10112
f 10763 9488 7969
f 7970 9158 10499
f 10671 9158 7970
f 10499 9163 7970
f 7970 9163 10672
f 10462 9064 7972
f 7973 9854 10442
f 11193 8310 7974
f 7974 8310 11769
f 10005 8900 7975
f 7975 9709 10005
f 10609 10400 7975
f 7976 8371 9540
f 10361 8371 7976
f 9540 8802 7976
f 9399 8682 7978
f 10127 9399 7978
f 11726 8530 7979
f 7979 8530 12092
f 12092 11018 7979
f 7980 8987 11731
f 7983 9823 10206
f 10421 9823 7983
f 7983 10206 11155
f 9955 9418 7984
f 7984 9418 10855
f 7986 8128 9864
f 7986 8254 9863
f 9864 8254 7986
f 7986 9863 12096
f 10788 9529 7987
f 7989 9771 10085
f 10706 9771 7989
f 7989 10085 11053
f 7991 10235 12078
f 10910 10795 7991
f 12078 10910 7991
f 10331 8861 7993
f 7993 8861 10416
f 10999 10331 7993
f 7993 10416 11082
f 10786 10582 7994
f 8682 8010 7995
f 11687 8682 7995
f 8812 8794 7996
f 9804 8812 7996
f 7997 8294 9683
f 9683 9213 7997
f 7998 10409 11391
f 7998 11391 11532
f 7999 8005 9798
f 10786 8005 7999
f 7999 10582 10786
f 11548 10582 7999
f 8001 8020 10721
f 10721 10363 8001
f 8002 8997 9263
f 8003 10606 11324
f 8005 8808 11453
f 9799 9798 8005
f 11453 9799 8005
f 11457 10675 8006
f 8009 8155 10890
f 11208 8155 8009
f 8009 10890 11449
f 11350 11208 8009
f 11449 11350 8009
f 8010 8682 9399
f 8051 8047 8012
f 8012 8047 11031
f 8013 8084 9957
f 10526 8084 8013
f 8013 9957 11287
f 11111 9210 8018
f 8018 9210 11247
f 11756 11111 8018
f 8018 11247 11248
f 8018 11248 11756
f 10065 8271 8019
f 8020 10136 10721
f 8021 11083 11085
f 8024 8197 8827
f 10428 8197 8024
f 8024 8827 10724
f 8024 10138 10428
f 11122 10138 8024
f 8024 10724 11122
f 8026 8344 10142
f 10377 8344 8026
f 10142 10140 8026
f 8026 10140 11122
f 9122 8759 8036
f 10319 8614 8038
f 9618 8242 8039
f 8039 8242 11684
f 8039 8864 11830
f 9113 8773 8041
f 10155 9113 8041
f 10603 9609 8041
f 8363 8354 8043
f 10978 8363 8043
f 11344 10978 8043
f 10946 10587 8045
f 8046 8837 9264
f 10791 8837 8046
f 8047 8051 8305
f 8047 8305 11341
f 8047 8845 11031
f 11277 11157 8049
f 8971 8305 8051
f 8053 8301 8506
f 11384 8301 8053
f 8053 8506 8884
f 8053 8884 11134
f 8054 9386 12046
f 10294 9969 8055
f 8055 9969 10497
f 10666 10294 8055
f 11492 10666 8055
f 8063 9195 12040
f 10755 10527 8064
f 8064 10527 11078
f 8064 10615 10824
f 11078 10615 8064
f 10824 10755 8064
f 8065 8960 11856
f 11856 11837 8065
f 11006 9431 8066
f 8066 9431 11067
f 12091 11006 8066
f 8067 8698 9339
f 8700 8597 8068
f 8068 8597 10541
f 8069 9982 10159
f 11182 9982 8069
f 8074 8072 8071
f 8071 8073 8074
f 8088 8074 8073
f 8073 8087 8088
f 8727 8721 8078
f 10581 8727 8078
f 10575 9785 8078
f 11553 8672 8079
f 8079 11371 11553
f 9489 8927 8081
f 8081 8927 11113
f 8081 9180 9412
f 11082 9180 8081
f 8081 9188 11082
f 11113 9188 8081
f 8081 9412 9489
f 12045 10700 8082
f 8084 8773 9113
f 10526 8773 8084
f 8085 8511 9778
f 8085 9645 11653
f 8089 8088 8087
f 8117 8089 8087
f 8089 8117 8120
f 8091 9452 9453
f 10739 9452 8091
f 8091 9453 9455
f 10869 10092 8093
f 8093 10092 11686
f 8093 10473 10703
f 8093 10703 10869
f 11686 11367 8093
f 10862 9096 8094
f 8094 9096 11231
f 11068 10862 8094
f 8094 11067 11068
f 9416 8097 8096
f 8096 8481 9416
f 9416 8465 8097
f 8097 8465 10872
f 11419 11204 8098
f 8099 8883 9464
f 10872 8883 8099
f 10873 10872 8099
f 8280 8124 8102
f 8102 8124 9319
f 8481 8280 8102
f 10874 8481 8102
f 8102 9319 12047
f 12047 9395 8102
f 8103 8695 10343
f 10950 8695 8103
f 8103 9084 10950
f 8103 10343 10591
f 12041 10003 8104
f 11526 10688 8104
f 8104 10688 12041
f 8104 11025 11526
f 8106 8465 10875
f 8892 8111 8107
f 8108 9014 9092
f 11278 9014 8108
f 8108 9092 10149
f 8108 10149 11006
f 11202 8452 8109
f 8109 8864 9824
f 8109 9824 9825
f 8109 9825 11202
f 8111 8892 10873
f 10604 10579 8113
f 11635 10604 8113
f 8132 8120 8117
f 10410 8913 8118
f 8118 8913 11437
f 10549 10410 8118
f 10827 10549 8118
f 11214 10827 8118
f 11437 11214 8118
f 8119 8934 9751
f 8119 9751 12054
f 8123 8938 9976
f 8123 9976 10670
f 8123 10670 10671
f 8123 10672 10810
f 8124 8901 9319
f 9328 8901 8124
f 8125 8578 10407
f 11645 8578 8125
f 8125 8850 9477
f 10407 8850 8125
f 8125 9477 11645
f 8126 8127 10995
f 10993 9688 8126
f 10995 10993 8126
f 8904 8131 8127
f 8127 8131 10753
f 8127 10753 10995
f 11394 9864 8128
f 8130 9477 9590
f 11645 9477 8130
f 8130 9590 10172
f 10170 9761 8130
f 8130 9761 11645
f 8131 8904 11146
f 11146 10753 8131
f 11388 10184 8134
f 8134 10184 11454
f 11454 10920 8134
f 8134 10920 11545
f 11545 11388 8134
f 11271 8180 8135
f 8135 8257 8550
f 8909 8257 8135
f 8135 8550 9221
f 8137 10633 12056
f 8138 9490 10600
f 10600 9810 8138
f 8138 9810 10686
f 8138 10686 11183
f 10884 8532 8139
f 8139 9539 10997
f 8140 8532 9022
f 8141 9454 9981
f 11470 9454 8141
f 8141 9981 11240
f 8141 11069 11470
f 8142 11036 11080
f 8143 8302 8713
f 8143 8713 9128
f 8143 9128 10613
f 9437 8919 8144
f 11614 9437 8144
f 8713 8302 8146
f 8146 8302 10888
f 10757 8865 8147
f 8147 8918 9485
f 10885 8918 8147
f 8147 9485 10757
f 8147 10112 10885
f 10888 8302 8149
f 10887 8367 8149
f 8149 8367 10888
f 8150 9491 9494
f 10780 8662 8152
f 8152 8662 10871
f 10779 10433 8152
f 8152 10433 10780
f 10781 10779 8152
f 10871 10781 8152
f 8154 9596 10261
f 8154 10261 10419
f 9500 8758 8156
f 8156 8758 10148
f 9867 9500 8156
f 10400 10167 8157
f 8157 10167 10868
f 9882 8987 8162
f 8701 8165 8164
f 10135 8701 8164
f 10423 10135 8164
f 11759 10423 8164
f 8165 10160 11599
f 8165 11599 11675
f 9972 9261 8166
f 8433 8170 8167
f 8167 8170 10627
f 8636 8317 8168
f 8170 8433 12048
f 12048 9413 8170
f 8170 10185 10772
f 10772 10627 8170
f 11442 11150 8175
f 8175 11424 11442
f 10211 8722 8176
f 12060 10211 8176
f 8177 8631 10147
f 12053 8631 8177
f 8177 10147 10148
f 8178 8462 10866
f 10866 10728 8178
f 8179 8960 11685
f 11856 8960 8179
f 11247 9211 8180
f 11248 11247 8180
f 8181 8198 11207
f 8181 8871 10222
f 11207 8871 8181
f 8184 9887 10953
f 11486 10861 8185
f 8185 10861 11535
f 8185 11352 11486
f 11535 11352 8185
f 10519 9216 8187
f 8187 9216 11722
f 11691 10519 8187
f 11438 10821 8187
f 8187 10821 11691
f 11722 11438 8187
f 8190 8264 10427
f 10427 10422 8190
f 8191 9009 9667
f 11400 9009 8191
f 11720 8979 8193
f 8194 8936 10495
f 10496 8936 8194
f 11134 8884 8196
f 11298 11134 8196
f 10722 8827 8197
f 10428 9420 8197
f 8197 9420 10722
f 10380 9233 8199
f 8199 9233 11429
f 11429 10896 8199
f 8202 8881 11123
f 11124 8881 8202
f 8202 11123 11462
f 11547 11124 8202
f 11462 11461 8202
f 8202 11461 11463
f 8202 11463 11547
f 8203 9269 11255
f 11393 9269 8203
f 8203 11308 11393
f 11668 11308 8203
f 10936 9635 8205
f 8205 9635 11532
f 11528 10936 8205
f 8205 11391 11528
f 11532 11391 8205
f 9794 9201 8208
f 9014 8991 8209
f 8766 8212 8210
f 10533 9493 8211
f 8212 8766 8994
f 8643 8416 8213
f 8213 8416 9516
f 8213 8543 8643
f 12063 8543 8213
f 10194 8976 8213
f 8213 8976 12063
f 8213 9516 10194
f 8215 9013 11543
f 11724 9013 8215
f 8215 11734 11776
f 8216 10423 11759
f 11876 10423 8216
f 8216 11759 11875
f 11875 11867 8216
f 8217 8221 9528
f 9710 8221 8217
f 8219 9502 10515
f 9665 8528 8220
f 11165 9085 8222
f 11432 11165 8222
f 8223 8297 9675
f 11408 9835 8224
f 9228 8562 8225
f 11232 8231 8227
f 11589 8607 8227
f 11042 10950 8229
f 8229 11010 11042
f 11476 11010 8229
f 11543 9013 8231
f 8231 9013 11721
f 8233 8309 10898
f 8238 10216 10699
f 8238 10225 10562
f 10699 10225 8238
f 10898 8309 8240
f 8240 9717 10898
f 9908 9239 8241
f 8241 9239 10731
f 9618 8255 8242
f 8242 8255 10556
f 10556 9024 8242
f 8242 9024 11684
f 10206 9527 8243
f 11155 10206 8243
f 8244 10513 10514
f 8245 8258 9041
f 8245 9041 10375
f 10375 9903 8245
f 8245 9903 10469
f 8246 9317 10065
f 8432 8380 8247
f 9245 8608 8248
f 12026 9030 8251
f 8251 10217 12026
f 11218 9863 8254
f 8254 11208 11350
f 11350 11218 8254
f 9618 8343 8255
f 9361 9031 8255
f 10208 9046 8256
f 8907 8550 8257
f 8909 8907 8257
f 9411 9410 8260
f 8261 8277 10235
f 8262 9452 10739
f 8262 10739 11270
f 8264 8978 10195
f 8264 10195 10841
f 10841 10427 8264
f 11139 9462 8265
f 8265 9462 11411
f 8265 11138 11139
f 9038 8712 8267
f 10562 10225 8267
f 10065 9317 8271
f 8272 8273 8581
f 8314 8313 8273
f 8273 8313 11639
f 11639 8581 8273
f 10936 8291 8275
f 8275 9906 11413
f 11413 10936 8275
f 8276 8966 9951
f 10150 8966 8276
f 11531 10150 8276
f 8277 9928 10235
f 8278 8480 11144
f 11241 8480 8278
f 8278 9043 11241
f 8278 9165 10659
f 11144 9165 8278
f 10989 9443 8279
f 10990 10989 8279
f 8281 8456 11523
f 11093 9914 8282
f 8282 11092 11093
f 8284 10404 10746
f 10746 10745 8284
f 8285 10164 10175
f 8285 10175 10176
f 8715 8287 8286
f 8286 8287 9582
f 8286 9582 10196
f 10196 9880 8286
f 10646 8838 8289
f 8289 10443 10646
f 11007 10443 8289
f 11225 11007 8289
f 11226 11225 8289
f 8291 10936 11528
f 9059 8293 8292
f 9062 9059 8292
f 10458 9062 8292
f 11228 10458 8292
f 11229 11228 8292
f 8295 8543 12063
f 12063 8978 8295
f 8296 9456 10157
f 9674 9655 8296
f 8296 9655 9985
f 10157 9674 8296
f 9441 8557 8298
f 8298 8557 10654
f 11300 9441 8298
f 8298 10654 11522
f 11522 11165 8298
f 10963 8637 8299
f 12088 10963 8299
f 8300 9565 11228
f 11229 10907 8300
f 8300 11228 11229
f 8846 8506 8301
f 8301 11384 11479
f 8303 10390 11787
f 11787 11359 8303
f 8305 8971 9429
f 8305 9429 10371
f 8305 10371 11341
f 8307 8308 10796
f 12077 8308 8307
f 8307 10644 12077
f 10796 10645 8307
f 8308 10231 10232
f 8308 10232 10796
f 8313 10225 10699
f 8313 10699 11639
f 9622 9119 8316
f 8413 8412 8319
f 8319 8412 9114
f 11603 8413 8319
f 8319 9114 10482
f 8319 10482 11603
f 10219 9064 8320
f 8320 9064 10462
f 10242 10219 8320
f 10464 10242 8320
f 8320 10462 11012
f 11012 10464 8320
f 11615 10326 8321
f 8321 10640 11615
f 8322 9916 12040
f 8323 8906 10399
f 8323 10399 11143
f 8323 11143 11446
f 10389 8373 8325
f 8325 8373 11099
f 11469 10389 8325
f 11500 11469 8325
f 9775 8740 8328
f 8328 8740 10090
f 8328 9368 10406
f 10406 9775 8328
f 8329 10126 10879
f 10852 9031 8330
f 11764 10852 8330
f 8331 9696 10324
f 11175 9397 8334
f 8334 9397 11303
f 11072 10982 8334
f 11303 11072 8334
f 8335 9000 10778
f 8336 8747 9449
f 8336 9449 9832
f 10182 9829 8336
f 8336 9832 10737
f 10737 10182 8336
f 10336 9408 8337
f 10433 10199 8338
f 10780 10433 8338
f 11429 10780 8338
f 9381 8769 8340
f 9370 8986 8340
f 8340 8986 9381
f 8343 9440 11418
f 8344 9815 10142
f 10377 9815 8344
f 8346 8461 9139
f 8349 8867 11541
f 11181 10813 8349
f 8349 11180 11181
f 8351 8900 10005
f 8354 10470 12065
f 10064 9006 8361
f 9371 8457 8362
f 9965 9371 8362
f 10978 9082 8363
f 8365 8790 11814
f 11217 10760 8367
f 8367 10760 11349
f 8367 10762 10888
f 8367 10887 11217
f 9025 8379 8369
f 8369 8483 10260
f 10260 9025 8369
f 8370 9348 10597
f 8371 10361 11338
f 8373 10389 11357
f 11017 10162 8374
f 8374 11016 11017
f 8966 8566 8375
f 8375 8566 10472
f 8375 8728 9951
f 10831 8728 8375
f 9951 8966 8375
f 8375 10472 10831
f 8377 8539 10845
f 8378 8498 12029
f 8379 9025 9091
f 8380 8432 9283
f 8381 9990 10579
f 11701 9990 8381
f 8381 10579 10604
f 8383 9099 11309
f 11593 9099 8383
f 8384 9099 10483
f 8384 10483 11694
f 8385 9870 11003
f 10571 9100 8386
f 8386 9100 12080
f 11016 10571 8386
f 11017 11016 8386
f 12080 11017 8386
f 8388 10162 10658
f 11320 10162 8388
f 8388 10658 11817
f 11841 11320 8388
f 8390 8613 8704
f 9765 8705 8390
f 8392 9101 10477
f 8392 10477 10478
f 11490 10329 8393
f 12080 9100 8395
f 8395 9100 12089
f 8395 9608 11728
f 12089 9608 8395
f 8395 11728 12083
f 12083 12080 8395
f 8397 9610 10808
f 8397 10333 10476
f 10808 10333 8397
f 8397 10476 10479
f 8398 8798 9429
f 11200 8798 8398
f 8398 9429 11201
f 8398 10886 11058
f 11201 10886 8398
f 8398 11058 11200
f 8399 10715 11021
f 11069 10715 8399
f 11470 11069 8399
f 9556 8896 8401
f 8401 8896 10787
f 10787 9912 8401
f 8402 8719 8776
f 9642 8719 8402
f 8402 8776 9401
f 8402 9401 11044
f 8403 10582 11548
f 11358 10089 8405
f 11627 11552 8407
f 8407 11552 11727
f 8408 8645 9965
f 8409 9108 11571
f 11213 10151 8409
f 11571 11213 8409
f 9808 8818 8410
f 8410 8818 11281
f 11444 11263 8410
f 8410 11281 11499
f 11499 11444 8410
f 12084 9114 8412
f 11603 9961 8413
f 11294 9720 8415
f 11193 9970 8415
f 8415 9970 11294
f 9517 9516 8416
f 8417 8452 9439
f 8417 9439 9441
f 10017 8586 8421
f 9032 8774 8424
f 8424 8774 10439
f 11418 9032 8424
f 9290 8493 8426
f 8427 9130 9131
f 8428 8443 9637
f 10450 8443 8428
f 10457 10450 8428
f 8431 9347 10276
f 8434 9106 11152
f 11277 9106 8434
f 8434 11152 11662
f 8434 11157 11277
f 10798 9579 8435
f 8442 8768 9054
f 10282 9637 8443
f 8443 10042 10282
f 8446 9131 9132
f 9638 9144 8446
f 9968 9638 8446
f 9019 8450 8448
f 8448 8450 11474
f 11177 9019 8448
f 11474 11177 8448
f 8450 9427 9638
f 8450 9638 11027
f 8450 11027 11474
f 10281 9147 8453
f 8453 9641 10281
f 8455 11003 11396
f 8456 9284 11361
f 8456 11361 11523
f 8457 9371 9893
f 8460 9474 10747
f 8461 8982 9139
f 9142 8982 8461
f 10818 9381 8463
f 9221 8551 8464
f 8464 9689 11251
f 8465 8883 10872
f 8465 9416 10874
f 8465 10874 10875
f 8466 9307 10141
f 8467 8557 9439
f 10654 8557 8467
f 8469 10115 10141
f 11537 10115 8469
f 8469 10141 11291
f 9471 8616 8473
f 8473 8616 10894
f 10895 9471 8473
f 8474 9467 10500
f 11030 9467 8474
f 8474 9996 11030
f 11262 9996 8474
f 8474 10500 11262
f 10943 10695 8477
f 10659 9165 8478
f 10930 9241 8478
f 8478 10542 10930
f 10857 9169 8480
f 8480 9169 11144
f 11241 10857 8480
f 10874 9416 8481
f 8482 10774 11672
f 8484 9596 9681
f 10261 9596 8484
f 10514 10513 8485
f 10161 9175 8491
f 8491 9910 10161
f 9290 8929 8493
f 8494 9322 10559
f 10005 9709 8496
f 8496 9709 11305
f 8496 9803 11182
f 11305 9803 8496
f 8497 10154 10376
f 10724 10154 8497
f 8497 10376 10377
f 9668 9258 8503
f 8508 9342 11559
f 10798 9072 8509
f 8509 10367 10798
f 8513 8907 8909
f 11307 8907 8513
f 8513 10218 11307
f 10541 10334 8516
f 10232 9041 8517
f 8518 9743 11525
f 11922 10996 8518
f 8518 11317 11922
f 8521 8665 9097
f 8521 9097 9750
f 10681 9995 8522
f 10869 9459 8523
f 8523 10092 10869
f 10597 9348 8525
f 11409 10488 8530
f 8531 8533 9210
f 10884 9022 8532
f 9211 9210 8533
f 8535 10353 11364
f 10667 8547 8536
f 8536 8936 11456
f 11456 10667 8536
f 11982 9697 8538
f 8538 11853 11982
f 8539 10348 10845
f 8540 9443 10174
f 10173 9476 8540
f 10174 10173 8540
f 8545 8559 10303
f 9240 8588 8546
f 8546 8588 10124
f 10525 9240 8546
f 8546 10124 10525
f 8547 8785 9152
f 10498 8785 8547
f 10667 10498 8547
f 8550 8907 12042
f 9000 8955 8552
f 8552 8955 10594
f 10778 9000 8552
f 11155 10778 8552
f 11288 9957 8553
f 10008 8558 8556
f 8556 8558 10524
f 11111 10008 8556
f 9441 9439 8557
f 9479 9214 8558
f 11184 9479 8558
f 8558 10008 11184
f 11424 11349 8563
f 8563 11414 11442
f 11442 11424 8563
f 9875 9383 8565
f 8565 9383 10113
f 10720 9875 8565
f 8566 8966 11520
f 8566 9350 10472
f 10596 9350 8566
f 11520 10596 8566
f 8568 8621 10310
f 10937 8621 8568
f 8923 8788 8568
f 8568 8788 9047
f 10310 8923 8568
f 8568 9047 11448
f 11448 10937 8568
f 11850 8603 8569
f 8967 8591 8574
f 12082 8967 8574
f 8574 10523 12082
f 8576 8813 11061
f 10340 9814 8577
f 10747 9474 8578
f 8578 9474 11009
f 11009 10407 8578
f 11645 10747 8578
f 8579 8599 9262
f 11343 8599 8579
f 8579 9083 11343
f 11344 9083 8579
f 8579 9262 10978
f 8579 10978 11344
f 8581 11639 12037
f 9411 8803 8584
f 8584 8803 10722
f 8584 9410 9411
f 9677 9410 8584
f 8584 9420 9677
f 10722 9420 8584
f 8585 10755 10824
f 11056 10755 8585
f 8585 10824 11392
f 10017 9236 8586
f 8586 10525 10877
f 8587 9818 9819
f 9240 8923 8588
f 8588 8923 10310
f 8588 10310 10696
f 8589 10204 10518
f 8590 9583 11870
f 9118 8663 8597
f 8597 8663 10541
f 8597 8700 10536
f 10536 9118 8597
f 8598 8601 8602
f 9895 9681 8599
f 11343 9895 8599
f 11850 11754 8603
f 8606 9753 9942
f 10022 8743 8607
f 11589 10022 8607
f 8616 9471 11002
f 11003 10894 8616
f 8616 11002 11396
f 11396 11003 8616
f 8621 10018 10310
f 10382 10018 8621
f 10937 10382 8621
f 8623 11506 11783
f 8624 9223 10518
f 11415 9223 8624
f 10366 9683 8624
f 8624 9683 11415
f 10518 10366 8624
f 8625 11082 11676
f 11676 11482 8625
f 8629 9289 11844
f 11556 11115 8629
f 8629 11115 11893
f 8630 8774 12095
f 10862 9556 8630
f 8858 8857 8631
f 8631 8857 10147
f 9294 8696 8632
f 11699 9294 8632
f 10052 10051 8635
f 8635 10326 11615
f 8642 10218 10822
f 11307 10218 8642
f 8642 10822 11439
f 8642 10881 11307
f 11447 10881 8642
f 10491 9965 8645
f 9791 8732 8646
f 9275 9274 8647
f 9658 9275 8647
f 10252 9943 8651
f 10374 10142 8653
f 8653 10142 10576
f 8658 8677 11674
f 11674 10181 8658
f 9477 8850 8660
f 9590 9477 8660
f 8662 9233 10638
f 10780 9233 8662
f 10639 10435 8662
f 8662 10435 10871
f 8662 10638 10639
f 8663 9118 10945
f 8663 10334 10541
f 11711 10334 8663
f 8663 10945 11711
f 9313 9097 8665
f 12023 9313 8665
f 8665 9391 12023
f 8671 8670 8666
f 9355 8671 8666
f 8667 9252 10108
f 8667 10108 10947
f 10546 10544 8667
f 10947 10546 8667
f 8673 8671 8669
f 8669 8671 9769
f 9769 9754 8669
f 8670 8671 8673
f 8670 8673 9776
f 9776 9362 8670
f 8671 9355 9769
f 8672 8899 11372
f 11553 8899 8672
f 11373 9585 8672
f 8672 11372 11373
f 11195 9587 8677
f 11366 11195 8677
f 11297 10114 8680
f 8680 10114 11340
f 11340 10590 8680
f 8680 10590 11518
f 11379 11297 8680
f 11518 11379 8680
f 8685 8874 9926
f 10708 8874 8685
f 9831 9633 8685
f 9926 9831 8685
f 9613 9492 8688
f 8688 9492 11682
f 8688 10767 10976
f 12090 10767 8688
f 8688 11682 12090
f 9574 9308 8689
f 10656 10257 8690
f 8692 11222 11719
f 10766 10620 8694
f 8694 10620 11431
f 8694 10765 10766
f 11431 10944 8694
f 10950 10734 8695
f 10324 9339 8698
f 8699 9871 10622
f 10625 9871 8699
f 10622 10427 8699
f 8699 10427 10625
f 8700 8877 10536
f 11000 10607 8701
f 8702 9274 9275
f 8702 9275 10611
f 8704 8818 9808
f 8705 9765 10748
f 8705 10748 12072
f 8706 9591 11237
f 8707 10387 10601
f 11445 10865 8707
f 8707 11070 11445
f 11272 9128 8713
f 10557 9767 8714
f 8714 9767 10928
f 8715 9919 10905
f 8716 9114 12084
f 8716 9614 11319
f 12084 9614 8716
f 10158 8776 8719
f 9642 9349 8719
f 8720 8833 9329
f 8721 8727 10954
f 10954 10146 8721
f 8723 9127 9497
f 8723 9497 11426
f 8725 10082 10509
f 11371 10343 8725
f 8725 10509 11371
f 8726 8727 9385
f 10954 8727 8726
f 8726 9385 10851
f 10085 9771 8726
f 8726 9771 10954
f 10851 10085 8726
f 10581 9385 8727
f 8728 9550 9951
f 8729 10422 10622
f 10563 9358 8731
f 10709 10563 8731
f 8733 9358 9775
f 8733 9368 10103
f 10406 9368 8733
f 8733 9775 10406
f 8735 8737 10845
f 11197 8737 8735
f 8735 10348 10711
f 10845 10348 8735
f 8740 9775 10846
f 11381 8797 8741
f 11303 9449 8747
f 8749 8753 9393
f 8749 9393 10580
f 10580 9796 8749
f 10773 10120 8750
f 9634 9632 8751
f 8751 9632 10805
f 10805 9852 8751
f 9500 9433 8758
f 8759 9122 10109
f 10718 8824 8760
f 8760 10516 10718
f 8762 9530 9595
f 8762 9595 10557
f 10268 8855 8763
f 8763 8855 10360
f 8763 9389 11129
f 10692 10268 8763
f 11129 10692 8763
f 8769 9381 10818
f 11335 11334 8771
f 8774 9032 12095
f 10716 10116 8775
f 9547 8970 8777
f 10761 8779 8778
f 8780 9151 11104
f 11104 9292 8780
f 8780 9292 11178
f 11234 10924 8783
f 11175 11174 8783
f 8783 11174 11234
f 11401 11175 8783
f 8784 8798 11200
f 11053 10851 8784
f 8784 10966 11053
f 11565 9152 8785
f 8785 10498 11565
f 9888 9242 8786
f 8788 8923 9240
f 10062 9750 8791
f 8791 9750 10540
f 10369 8806 8793
f 8793 9796 10369
f 8794 8812 11109
f 9724 9723 8796
f 8796 9723 10693
f 10371 9429 8798
f 9411 9102 8803
f 8803 9102 10585
f 8803 10585 10722
f 10358 9799 8804
f 8804 9799 11453
f 8804 10127 10358
f 8804 11453 11744
f 10369 8826 8806
f 11744 11453 8808
f 8810 9408 10139
f 8810 9745 10585
f 8810 10585 10819
f 10830 10543 8814
f 12087 10830 8814
f 8817 9918 10632
f 8826 10369 10717
f 8827 8891 9745
f 10722 8891 8827
f 8827 9745 9812
f 8827 9812 10724
f 8828 9583 9725
f 8912 8858 8831
f 9432 8912 8831
f 10322 9432 8831
f 10376 10322 8831
f 8833 9774 11960
f 11960 11810 8833
f 11353 9593 8834
f 8834 9593 11354
f 8834 10994 11353
f 11031 8845 8836
f 10646 9919 8838
f 8839 10151 10152
f 10983 10151 8839
f 8839 10152 11401
f 10726 8844 8843
f 10143 9819 8844
f 9496 8852 8845
f 10860 9496 8845
f 8846 9820 12024
f 12024 11323 8846
f 8847 9424 11479
f 8849 11352 11535
f 10407 9947 8850
f 10193 8975 8851
f 8854 9527 10206
f 10776 9527 8854
f 10206 9823 8854
f 8854 9823 10776
f 8856 9166 11105
f 10359 9292 8856
f 8856 9292 11104
f 11179 10359 8856
f 8856 11105 11179
f 8857 8858 8912
f 8857 8912 9432
f 8857 9222 10147
f 10417 9492 8861
f 8861 9492 11678
f 8861 10331 10417
f 8862 11267 11306
f 10888 10762 8865
f 8869 8875 9462
f 9646 8875 8869
f 8869 9462 11139
f 8870 11648 12061
f 11571 10222 8871
f 8871 10426 10737
f 11207 10426 8871
f 8871 10737 11571
f 8872 8873 10278
f 10708 8873 8872
f 8875 8874 8872
f 8872 8874 10708
f 9462 8875 8872
f 10278 9462 8872
f 9644 9259 8873
f 8873 9259 10278
f 10708 9834 8873
f 8874 8875 9778
f 8875 9646 9778
f 8877 10060 10536
f 8883 9463 9464
f 11108 10004 8885
f 11184 11108 8885
f 8887 9395 12047
f 8887 9978 10812
f 10812 10740 8887
f 9843 9164 8890
f 8890 9164 10673
f 10673 9468 8890
f 10585 9745 8891
f 10722 10585 8891
f 11140 10873 8892
f 8893 10980 11389
f 10751 9856 8894
f 10730 9239 8896
f 8896 9239 10787
f 8896 9556 10730
f 8898 9839 9840
f 12093 9839 8898
f 8898 9840 10297
f 8898 10297 11269
f 11495 11372 8899
f 11553 11495 8899
f 10618 9319 8901
f 8901 9328 10407
f 8901 10407 11009
f 11009 10618 8901
f 8902 9288 9860
f 10180 9288 8902
f 8902 9860 11151
f 10617 10180 8902
f 11151 10617 8902
f 9478 8904 8903
f 11212 10408 8903
f 9478 8906 8904
f 8904 8906 11146
f 8906 9478 10399
f 11307 10091 8907
f 11527 11416 8910
f 8913 9482 11437
f 10410 9728 8913
f 8916 8979 9516
f 8916 9516 9517
f 11614 9485 8918
f 10087 9859 8918
f 8918 9859 11614
f 10885 10087 8918
f 10988 9246 8919
f 8919 9437 10988
f 8920 8922 11366
f 10532 10035 8921
f 8921 10035 12074
f 8922 11195 11366
f 8926 10149 10731
f 11067 10149 8926
f 10731 10730 8926
f 8926 10730 10985
f 8926 10985 11068
f 11068 11067 8926
f 8927 9314 11113
f 9489 9402 8927
f 8929 9290 9294
f 8929 9294 11699
f 8930 10445 10495
f 11287 9957 8931
f 8931 9957 11288
f 11288 11174 8931
f 10621 9434 8933
f 8933 9751 10621
f 12054 9751 8933
f 10621 9751 8934
f 8934 10594 10621
f 11751 11703 8935
f 11875 11759 8935
f 8935 11867 11875
f 10496 9974 8936
f 8936 9974 11456
f 8937 9216 10519
f 9977 9976 8938
f 11173 9890 8941
f 11778 11554 8946
f 9132 9130 8950
f 8950 9130 9964
f 8955 9434 10594
f 8956 9276 11398
f 11403 9276 8956
f 11398 11004 8956
f 8956 11004 11403
f 8959 9139 9145
f 9145 9144 8959
f 8959 9144 9427
f 8960 8961 11567
f 8960 11567 12057
f 12057 11685 8960
f 8961 9473 9690
f 11311 9473 8961
f 10627 9508 8964
f 8966 10150 11520
f 9216 9112 8969
f 11201 9429 8971
f 8976 9531 10195
f 10444 9531 8976
f 10194 9878 8976
f 8976 9878 10444
f 8976 10195 12063
f 12063 10195 8978
f 10194 9516 8979
f 8979 9737 9878
f 11720 9737 8979
f 8979 9878 10194
f 10200 9282 8984
f 9884 9523 8989
f 10431 9884 8989
f 10775 10431 8989
f 8991 9014 9543
f 8991 9543 10775
f 10490 9629 8993
f 8993 10276 10490
f 8999 9533 11640
f 11400 11399 9009
f 9010 9917 10255
f 9010 10323 11088
f 9011 9533 10059
f 11721 9013 9012
f 9012 9013 11724
f 11724 9524 9012
f 11278 9543 9014
f 11102 9284 9019
f 11177 11102 9019
f 11559 11476 9021
f 9022 9480 10876
f 10884 9480 9022
f 9031 10852 11707
f 11707 11279 9031
f 9838 9285 9033
f 9912 9553 9034
f 9034 9553 11846
f 9034 11846 12038
f 11338 10361 9035
f 11427 10577 9035
f 9040 9041 10231
f 10375 9041 9040
f 9040 9903 10375
f 10232 10231 9041
f 9043 10159 11241
f 10712 10030 9044
f 9044 10030 11119
f 12070 10712 9044
f 9045 9767 10346
f 12045 9767 9045
f 9045 10346 10700
f 9045 10700 12045
f 9920 9053 9051
f 9051 9053 10458
f 10792 9920 9051
f 9052 9124 10614
f 12094 9124 9052
f 10614 10527 9052
f 9052 10527 10755
f 9052 10755 11056
f 9692 9062 9053
f 9053 9062 10458
f 11095 9692 9053
f 9053 9920 11095
f 9056 11346 11390
f 9057 9585 11334
f 9057 11334 11335
f 9062 9692 11160
f 9067 9571 9931
f 9067 9931 10039
f 9067 10039 10922
f 10922 10076 9067
f 11439 9787 9070
f 11034 10935 9070
f 9070 10935 11412
f 9070 11412 11439
f 9160 9159 9075
f 9076 9215 10264
f 11788 9215 9076
f 9938 9648 9077
f 9080 9162 9617
f 11552 9162 9080
f 9080 9617 10802
f 10802 10020 9080
f 9081 9082 10978
f 9081 9262 10163
f 10978 9262 9081
f 11344 9948 9083
f 9083 9948 11480
f 11480 11343 9083
f 9591 9200 9090
f 11127 9591 9090
f 10731 10149 9092
f 9093 9724 10321
f 11114 9724 9093
f 9093 10321 11459
f 11459 11114 9093
f 11058 10854 9094
f 9097 9313 10540
f 10540 9750 9097
f 9098 9343 11151
f 9860 9488 9098
f 11151 9860 9098
f 9099 9960 10483
f 11593 9960 9099
f 10571 10094 9100
f 9100 10094 12089
f 10819 10585 9102
f 9103 9480 10884
f 9898 9359 9106
f 9106 9359 10190
f 11277 9898 9106
f 9106 10190 11152
f 11386 10351 9107
f 9108 10222 11571
f 10189 9662 9109
f 9109 9662 11220
f 10190 10189 9109
f 10964 10037 9110
f 11523 10980 9111
f 9112 9216 9327
f 12059 10482 9114
f 9118 10536 10944
f 9118 10944 11431
f 11431 10945 9118
f 9119 9442 9610
f 11747 9442 9119
f 9120 10209 10913
f 9121 10400 10609
f 11905 9557 9123
f 9123 9557 11920
f 11920 11222 9123
f 9123 11310 11905
f 9124 9246 10614
f 10889 9497 9127
f 9128 10414 10613
f 9129 9318 9915
f 9915 9615 9129
f 9129 9615 11209
f 9132 9131 9130
f 9133 10494 10554
f 9137 9637 10497
f 10497 9969 9137
f 11285 9868 9141
f 9141 9868 11500
f 11301 11264 9141
f 11500 11301 9141
f 9638 9427 9144
f 9149 9284 11102
f 11361 9284 9149
f 11102 9444 9149
f 9149 9444 11389
f 11389 11361 9149
f 9151 10283 10929
f 11215 10283 9151
f 11565 10284 9152
f 9152 10284 11616
f 9156 9422 9825
f 11318 9422 9156
f 9156 9825 10863
f 9156 10863 11544
f 11544 11318 9156
f 11345 11302 9157
f 10671 9160 9158
f 9159 9160 10670
f 9976 9636 9159
f 10670 9976 9159
f 10671 10670 9160
f 11627 9614 9162
f 9162 11552 11627
f 10673 9164 9163
f 9163 9164 10674
f 9163 10499 12081
f 10674 10672 9163
f 12081 10673 9163
f 9164 9843 10674
f 9166 9417 11105
f 11362 9417 9166
f 9166 9666 11362
f 11040 9189 9167
f 9169 9452 10289
f 9169 10289 11144
f 9171 9172 10504
f 10474 9984 9171
f 10504 10474 9171
f 9173 9773 9985
f 10815 9773 9173
f 9173 9985 11644
f 11644 10474 9173
f 9181 9179 9175
f 10161 9181 9175
f 9178 10227 11187
f 9178 10837 11064
f 11187 10837 9178
f 11082 10416 9180
f 9183 9666 10929
f 11362 9666 9183
f 9183 9699 10931
f 11524 9699 9183
f 9183 10929 11524
f 9183 10931 11362
f 10679 10105 9187
f 11120 11039 9188
f 9188 11039 11676
f 11676 11082 9188
f 9188 11113 11120
f 11249 10682 9193
f 9194 9684 10823
f 9999 9673 9195
f 10686 9810 9197
f 9198 11132 11297
f 11380 11132 9198
f 9206 10291 10891
f 12051 9647 9207
f 9207 9660 12051
f 9210 9211 11247
f 9212 9213 10366
f 10366 9682 9212
f 9213 9683 10366
f 9215 11788 11973
f 10148 10147 9222
f 10262 9231 9229
f 9229 9231 11820
f 10383 10262 9229
f 9229 11145 11584
f 11820 11145 9229
f 10262 9892 9231
f 9231 10569 11820
f 11659 10328 9232
f 9232 10328 11909
f 9233 10380 10638
f 9233 10780 11429
f 9234 9773 10815
f 9236 9237 11189
f 11190 9237 9236
f 9236 10017 11190
f 11189 10790 9236
f 9238 10867 11266
f 11266 10984 9238
f 9239 9908 10787
f 9239 10730 10731
f 10930 9980 9241
f 11621 10614 9246
f 9246 10988 11621
f 11115 11084 9247
f 11893 11115 9247
f 9249 9357 11423
f 11441 9357 9249
f 9249 9635 10936
f 11423 9635 9249
f 9249 10936 11413
f 9249 11413 11441
f 11605 9469 9250
f 9250 11074 11605
f 9252 9716 10335
f 10335 10108 9252
f 9253 9701 12043
f 10662 10311 9254
f 9254 10311 10736
f 10926 10662 9254
f 9668 9660 9258
f 9259 9644 10279
f 11411 10278 9259
f 9268 9703 9704
f 9268 9704 10305
f 11393 10619 9269
f 9269 10619 11489
f 11365 11255 9269
f 9269 11331 11365
f 11489 11331 9269
f 10781 10435 9271
f 10783 10781 9271
f 11221 10783 9271
f 9276 10895 11398
f 11505 10895 9276
f 9276 10900 11090
f 11403 10900 9276
f 9276 11090 11505
f 9282 10779 10861
f 9282 10861 11486
f 10321 9724 9287
f 10112 9860 9288
f 10180 10112 9288
f 9289 9625 10044
f 11732 11321 9305
f 11291 10141 9307
f 11436 11291 9307
f 11565 11436 9307
f 9308 9574 10254
f 10417 10331 9309
f 11682 10417 9309
f 12090 11682 9309
f 12023 9734 9313
f 9314 10328 11113
f 11909 10328 9314
f 9314 11739 11909
f 10618 9850 9319
f 9319 9850 12047
f 9320 11043 11539
f 9320 11539 11561
f 9328 9947 10407
f 10956 10840 9336
f 10957 10956 9336
f 11374 10048 9341
f 9342 9887 10690
f 10953 9887 9342
f 9343 9862 11151
f 10490 10276 9347
f 9349 9642 11462
f 9349 11462 11512
f 9350 10471 10472
f 11545 10471 9350
f 9350 10596 10977
f 9350 10977 11545
f 9357 10825 10881
f 11441 10825 9357
f 9357 10881 11447
f 11447 11423 9357
f 10846 9775 9358
f 9358 10563 10846
f 9359 9487 10190
f 10214 9487 9359
f 9359 9898 10214
f 11243 9883 9363
f 11984 9458 9364
f 9364 11957 11984
f 10491 9893 9371
f 9371 9965 10491
f 9372 9459 9986
f 9372 9986 10817
f 11467 10849 9378
f 9378 11465 11467
f 9383 9385 10113
f 10851 9385 9383
f 10581 10113 9385
f 9388 9913 11971
f 9389 9426 10761
f 12066 12023 9391
f 9392 9791 10363
f 9392 10363 12068
f 10717 10580 9393
f 10855 10717 9393
f 9396 10543 10830
f 11063 10543 9396
f 9396 10830 12087
f 9795 9449 9397
f 9397 9449 11303
f 10925 9795 9397
f 11175 10925 9397
f 11616 10284 9404
f 9407 10806 11325
f 9408 9817 10139
f 10758 9817 9408
f 9409 10133 10379
f 10721 10136 9414
f 9417 9444 11136
f 11136 11105 9417
f 9418 10717 10855
f 9677 9420 9419
f 9419 9420 10428
f 10138 9718 9419
f 10428 10138 9419
f 11202 9825 9422
f 9422 10466 11202
f 11318 10466 9422
f 10997 9874 9423
f 9426 10653 11394
f 11006 10149 9431
f 9431 10149 11067
f 9433 9500 9503
f 10621 10594 9434
f 9437 9859 10988
f 11614 9859 9437
f 10808 9610 9442
f 11747 10808 9442
f 10989 10174 9443
f 11118 11039 9447
f 9447 11114 11459
f 11206 11118 9447
f 11459 11206 9447
f 9448 10071 11071
f 11491 10071 9448
f 9448 10601 10750
f 9448 10750 11491
f 9449 9795 9832
f 10548 9455 9453
f 10984 10548 9453
f 9453 10857 10984
f 11457 9981 9454
f 10548 9456 9455
f 10548 10157 9456
f 10703 10473 9457
f 10870 10703 9457
f 10914 10870 9457
f 10297 9986 9459
f 10870 10764 9460
f 9462 10278 11411
f 9465 9464 9463
f 10395 9465 9463
f 10396 10395 9463
f 9465 10395 10749
f 9466 9854 9987
f 10442 9854 9466
f 9466 9987 11573
f 11573 10396 9466
f 9467 9468 10811
f 10811 10500 9467
f 9468 10673 10811
f 9471 10895 11002
f 11311 9506 9473
f 9473 9506 11534
f 11534 9690 9473
f 9474 9475 11009
f 9475 9850 10618
f 10823 9850 9475
f 9475 10618 11009
f 11437 10876 9480
f 9480 11214 11437
f 9482 10075 11054
f 9483 9786 11223
f 10214 9557 9487
f 9487 9557 11450
f 9487 10189 10190
f 11450 10189 9487
f 9488 9860 10112
f 9768 9570 9489
f 11028 10600 9490
f 11473 9494 9491
f 9491 11124 11547
f 11547 11473 9491
f 9492 10417 11682
f 11473 11055 9494
f 11064 10837 9495
f 10860 10590 9496
f 9496 10590 11340
f 11340 10714 9496
f 10889 9870 9497
f 9497 9870 11665
f 9506 11311 11760
f 11760 11314 9506
f 9512 9508 9507
f 9507 9508 10772
f 10772 10185 9507
f 9508 10627 10772
f 9509 9873 10633
f 9878 9737 9511
f 9511 9737 10634
f 9511 9871 9878
f 10647 9871 9511
f 10634 10624 9511
f 9511 10624 10647
f 10214 9898 9513
f 11222 10214 9513
f 11719 11222 9513
f 10968 10575 9526
f 9529 10788 11275
f 11275 10896 9529
f 9529 10896 11429
f 10841 10195 9531
f 10625 10427 9531
f 9531 10427 10841
f 9531 10444 10625
f 9535 9632 9634
f 10554 10494 9535
f 9543 9576 10431
f 11278 9576 9543
f 9543 10431 10775
f 9547 10022 11589
f 9553 9912 10787
f 9555 10356 11260
f 10985 10730 9556
f 9556 10862 11068
f 11068 10985 9556
f 9557 10214 11920
f 11905 11450 9557
f 11228 9565 9564
f 11160 9928 9566
f 10649 9931 9571
f 11406 10649 9571
f 9571 10650 11406
f 10593 10254 9574
f 11274 11014 9575
f 9575 11014 11313
f 9578 10865 11445
f 9578 11072 11303
f 11445 11072 9578
f 9579 10649 11509
f 11285 11171 9581
f 9581 11284 11285
f 9585 11196 11334
f 11373 11196 9585
f 10372 9817 9586
f 9586 9817 10758
f 11689 10372 9586
f 9589 9930 12057
f 9591 11127 11237
f 11377 10557 9595
f 9595 10561 11377
f 9603 10266 12089
f 12089 10920 9603
f 9608 10266 10808
f 12089 10266 9608
f 9608 10808 11747
f 11747 11728 9608
f 11609 11319 9614
f 11627 11609 9614
f 9615 9915 11430
f 9615 9960 11101
f 11430 9960 9615
f 9615 11101 11209
f 9616 9692 11095
f 11160 9692 9616
f 11095 9921 9616
f 9616 9921 11161
f 11161 11160 9616
f 9617 10434 10802
f 10803 10434 9617
f 9619 10482 11358
f 11603 10482 9619
f 9619 11358 11563
f 9625 10043 10044
f 11754 10043 9625
f 9629 10490 11153
f 10805 9632 9630
f 10277 10188 9630
f 9630 10188 10805
f 9633 9831 11071
f 11071 11020 9633
f 9635 11423 11550
f 11550 11532 9635
f 9636 9976 9977
f 9636 9977 10084
f 9637 10282 10497
f 10053 10052 9640
f 10283 10281 9641
f 11524 10283 9641
f 9653 9984 11644
f 11644 10626 9653
f 9655 9674 10816
f 10626 9985 9655
f 9662 10189 11450
f 9662 11450 11837
f 9673 9999 10463
f 9673 10463 10685
f 9674 9733 10816
f 9680 10738 11422
f 9682 10204 10516
f 10518 10204 9682
f 9682 10366 10518
f 9684 9850 10823
f 10409 9855 9686
f 9686 9855 11112
f 11112 10301 9686
f 9686 10301 11391
f 11391 10409 9686
f 9688 9987 10172
f 10993 9987 9688
f 9701 10529 12043
f 10829 10305 9704
f 10829 10308 9705
f 9713 10030 10712
f 11822 10030 9713
f 10848 10335 9716
f 9718 10138 10374
f 9723 9724 11038
f 11808 10041 9723
f 9723 11038 11808
f 11114 11038 9724
f 11149 10176 9728
f 9728 10410 10883
f 9728 10883 11149
f 9731 10048 11374
f 10942 10816 9733
f 11720 10634 9737
f 9752 10946 11142
f 11142 11061 9752
f 9754 10544 10546
f 9761 10747 11645
f 11046 10748 9765
f 11377 10346 9767
f 9767 10557 11377
f 12045 10928 9767
f 9784 9802 10133
f 9788 10821 11438
f 9790 10280 10750
f 11236 10280 9790
f 10601 10387 9790
f 9790 10387 11236
f 10750 10601 9790
f 11213 9832 9795
f 10925 10152 9795
f 9795 10152 11213
f 10580 10369 9796
f 9798 9799 10850
f 9798 10850 11652
f 9799 10358 10850
f 10379 10133 9802
f 9803 9982 11182
f 11305 10867 9803
f 9807 10269 10412
f 10600 10402 9810
f 9812 10154 10724
f 10576 10142 9815
f 9817 10372 10584
f 9828 10691 10937
f 9830 10311 10386
f 10736 10311 9830
f 12086 11071 9831
f 11571 10737 9832
f 9832 11213 11571
f 12093 10165 9839
f 9840 9986 10297
f 10514 9986 9840
f 10741 10674 9843
f 9844 10418 11280
f 10805 10492 9852
f 10172 9987 9854
f 9855 10409 11147
f 11188 11112 9855
f 9855 11147 11188
f 9856 10751 10753
f 9856 10753 11146
f 9856 11210 11267
f 9858 10164 10756
f 9859 10087 10179
f 9859 10179 10988
f 9862 10800 11151
f 9863 11557 12096
f 11454 10184 9868
f 9868 10184 11469
f 11285 11284 9868
f 9868 11284 11454
f 9868 11469 11500
f 9870 10894 11003
f 10625 9878 9871
f 11876 10622 9871
f 9871 10647 11876
f 12056 10633 9873
f 9873 12055 12056
f 10719 10371 9875
f 10720 10719 9875
f 10625 10444 9878
f 10491 10277 9893
f 11343 10864 9895
f 10809 10126 9899
f 11441 11413 9906
f 9911 10186 10921
f 9915 10924 11430
f 10815 10325 9916
f 9917 9944 10255
f 10940 9944 9917
f 9919 10646 10903
f 9919 10903 10905
f 9920 10447 11095
f 9921 10447 10448
f 11095 10447 9921
f 11161 10235 9928
f 9928 11160 11161
f 11488 11094 9929
f 11159 11096 9929
f 9929 11096 11488
f 9930 11685 12057
f 9940 10250 10470
f 10252 10202 9943
f 10940 10916 9944
f 9948 10839 11480
f 12056 12055 9956
f 11430 10483 9960
f 11593 11101 9960
f 11592 10487 9961
f 11603 11592 9961
f 9968 9969 10294
f 9970 11193 11664
f 11943 11332 9973
f 9978 10810 10812
f 11241 10159 9982
f 9983 10114 11132
f 11298 10114 9983
f 9983 11134 11298
f 9984 10474 11644
f 9985 10626 11644
f 10993 10749 9987
f 9987 10749 11573
f 9989 11203 11798
f 11428 10210 9992
f 9994 9995 9997
f 9997 9996 9994
f 9994 9996 11262
f 10681 9997 9995
f 9996 9997 10007
f 9996 10007 11030
f 10689 10007 9997
f 9997 10681 10683
f 9997 10683 10689
f 10007 10912 11030
f 10008 11111 11246
f 11245 11184 10008
f 11246 11245 10008
f 11191 10036 10035
f 10035 10036 12074
f 11191 10531 10036
f 10036 10531 12074
f 10733 10186 10037
f 10964 10733 10037
f 11808 11556 10041
f 11712 10044 10043
f 11850 11664 10043
f 10043 11754 11850
f 10051 10052 10053
f 10944 10536 10060
f 10071 10493 11020
f 11491 10493 10071
f 10071 11020 11071
f 10075 10175 11272
f 11130 10338 10077
f 10077 10847 11130
f 10702 10558 10079
f 10558 10509 10082
f 10085 10851 11053
f 10180 10179 10087
f 10885 10180 10087
f 12059 10461 10089
f 11358 10482 10089
f 10089 10482 12059
f 10881 10825 10091
f 10091 10825 11293
f 11307 10881 10091
f 10093 11516 12073
f 10094 10571 12079
f 10094 10919 10920
f 12079 10919 10094
f 10094 10920 12089
f 11108 10510 10097
f 10097 10510 11110
f 11504 11108 10097
f 10097 11110 11504
f 10803 10272 10100
f 10100 10434 10803
f 10112 10180 10885
f 11297 11132 10114
f 10114 11298 11340
f 10877 10525 10124
f 12094 10877 10124
f 10126 10809 10879
f 10135 10423 10624
f 10138 10140 10374
f 11122 10140 10138
f 10140 10142 10374
f 11213 10152 10151
f 10152 10925 11401
f 10154 10322 10376
f 10157 10548 11266
f 10157 11266 11570
f 10160 10962 11599
f 11818 10962 10160
f 11017 10658 10162
f 10167 10215 10868
f 10173 10174 11212
f 10989 10405 10174
f 10174 10405 11212
f 10179 10180 11078
f 11078 10614 10179
f 10179 10614 11621
f 11621 10988 10179
f 10180 10617 11078
f 10737 10426 10182
f 10184 11388 11469
f 10186 10733 10921
f 10188 10492 10805
f 10198 10199 10200
f 10202 10252 10253
f 10209 10652 10913
f 11428 11400 10210
f 10214 11222 11920
f 11327 10822 10218
f 10219 10242 10893
f 10893 10650 10219
f 12077 10644 10228
f 10228 10905 11507
f 10228 11507 12077
f 10237 10645 10796
f 10240 10909 10910
f 10240 10910 12078
f 10242 10464 11316
f 11406 10893 10242
f 10242 11316 11406
f 10266 10333 10808
f 11035 10288 10267
f 10267 10834 11035
f 11493 10834 10267
f 11491 10750 10280
f 10281 10283 11215
f 11524 10929 10283
f 10288 11035 11036
f 10294 10666 11455
f 11504 11110 10298
f 10301 11363 11391
f 11236 10386 10311
f 10311 10662 11236
f 10321 11330 11459
f 11120 11113 10328
f 11612 11120 10328
f 11711 11308 10334
f 10338 11049 11259
f 11497 11049 10338
f 10338 11130 11497
f 10339 10748 11046
f 12072 10748 10339
f 11371 10591 10343
f 10961 10960 10349
f 10351 11386 11775
f 10356 10570 10586
f 11677 10850 10358
f 10359 11179 11240
f 12060 11081 10362
f 10363 10721 12068
f 10369 10580 10717
f 10371 10719 11341
f 11689 10974 10372
f 10937 10691 10382
f 11236 10387 10386
f 11388 11357 10389
f 11469 11388 10389
f 10395 10396 11573
f 11573 10749 10395
f 11347 11143 10399
f 11421 11347 10399
f 10402 10600 11028
f 10991 10408 10405
f 10405 10408 11212
f 10405 10989 10991
f 10991 10987 10408
f 10410 10549 10883
f 10418 11097 11582
f 10420 10607 11000
f 10422 10427 10622
f 10647 10624 10423
f 11876 10647 10423
f 10435 10781 10871
f 10441 10853 10854
f 11417 10853 10441
f 10441 10854 10886
f 10441 10886 11417
f 10903 10646 10443
f 10454 11007 11159
f 10463 10684 11342
f 11342 10685 10463
f 10651 10466 10464
f 10464 10466 11318
f 11012 10651 10464
f 11318 11316 10464
f 10466 10651 11164
f 10466 11164 11202
f 12079 10472 10471
f 11545 10919 10471
f 10471 10919 12079
f 12079 10831 10472
f 10473 10604 11635
f 10475 10662 10926
f 10475 10926 10927
f 11075 10479 10476
f 11433 11075 10476
f 10476 11283 11433
f 11782 10478 10477
f 10479 11075 11170
f 11430 10486 10483
f 10486 10924 11234
f 11430 10924 10486
f 10488 11409 11433
f 10498 11436 11565
f 10499 10669 12081
f 10500 10669 11262
f 12081 10669 10500
f 10500 10811 12081
f 11021 10715 10502
f 10502 10715 11069
f 11474 11021 10502
f 10502 11069 11205
f 11205 11177 10502
f 10502 11177 11474
f 10558 10555 10509
f 10509 10555 11553
f 11553 11371 10509
f 10510 11108 11245
f 11186 11110 10510
f 11756 11186 10510
f 10510 11245 11246
f 10510 11246 11756
f 11342 10684 10512
f 10512 10820 11342
f 10527 10614 11078
f 11515 11329 10535
f 10535 11331 11515
f 10546 10947 11516
f 10548 10984 11266
f 10827 10612 10549
f 10549 10612 11392
f 10555 10558 10702
f 10563 10709 11048
f 10563 11048 11256
f 10723 10586 10570
f 10975 10723 10570
f 10570 10963 10975
f 10571 11016 12079
f 11382 11051 10572
f 11357 10977 10596
f 11078 10617 10615
f 11077 10824 10615
f 10615 10882 11077
f 11151 10800 10617
f 10619 11393 11767
f 11581 11489 10619
f 10619 11533 11581
f 11767 11533 10619
f 10620 10766 11816
f 10620 10945 11431
f 11767 10945 10620
f 11816 11767 10620
f 12030 10789 10628
f 11584 11145 10637
f 10649 11406 11509
f 10650 10893 11406
f 10651 11012 11163
f 10651 11163 11164
f 10658 11017 12080
f 10672 10674 10810
f 12081 10811 10673
f 10741 10740 10674
f 10674 10740 10812
f 10812 10810 10674
f 10681 10682 10683
f 10933 10682 10681
f 11249 10683 10682
f 11249 10689 10683
f 11342 10820 10685
f 10692 11129 11625
f 11340 11298 10714
f 10723 10975 11168
f 10734 10950 11042
f 10749 10993 10995
f 10995 10753 10751
f 10764 10870 11542
f 11542 11306 10764
f 11103 10766 10765
f 10766 11103 11482
f 10766 11482 11502
f 10766 11502 11816
f 11557 11503 10770
f 12096 11557 10770
f 10779 10781 10783
f 10779 10783 10861
f 11221 10861 10783
f 10910 10908 10795
f 10821 11326 11691
f 11077 10883 10824
f 12079 11016 10831
f 10833 11051 11382
f 11465 11051 10833
f 10833 11382 11468
f 11467 11465 10833
f 11468 11467 10833
f 11079 11035 10834
f 11217 11079 10834
f 11531 11480 10839
f 10840 10956 11258
f 10849 11062 12088
f 11058 10886 10854
f 10858 11011 11018
f 10858 11018 12092
f 12092 11410 10858
f 10861 11221 11535
f 12091 11544 10863
f 10864 11343 11407
f 11570 11266 10867
f 10870 10914 11542
f 10872 10873 11140
f 10880 10987 10991
f 10880 10991 10992
f 11149 11077 10882
f 10883 11077 11149
f 10886 11201 11417
f 11080 11079 10887
f 10887 11079 11217
f 11505 11002 10895
f 11660 11090 10900
f 11507 10905 10903
f 10914 11074 11542
f 11545 10920 10919
f 10925 11175 11401
f 10934 11438 11722
f 10935 11034 11538
f 11767 11711 10945
f 11497 11130 10955
f 10955 11257 11497
f 10959 10960 10961
f 11818 11097 10962
f 12088 10975 10963
f 10975 11062 11168
f 12088 11062 10975
f 10977 11357 11388
f 10977 11388 11545
f 10980 11361 11389
f 11523 11361 10980
f 10989 10990 10991
f 10992 10991 10990
f 11662 11396 11002
f 11006 11224 11611
f 12091 11224 11006
f 11007 11096 11159
f 11225 11096 11007
f 11010 11476 11559
f 11322 11018 11011
f 11014 11274 11408
f 11015 11321 11732
f 11732 11619 11015
f 11474 11027 11021
f 11080 11036 11035
f 11035 11079 11080
f 11038 11084 11115
f 11529 11084 11038
f 11038 11114 11529
f 11038 11115 11808
f 11039 11118 11676
f 11039 11120 11612
f 11257 11050 11049
f 11497 11257 11049
f 11257 11198 11050
f 11050 11198 11336
f 11473 11472 11055
f 11772 11170 11075
f 11433 11409 11075
f 11075 11409 11772
f 11083 11517 11595
f 11402 11185 11090
f 11660 11402 11090
f 11488 11093 11092
f 11092 11094 11488
f 11096 11225 11488
f 11818 11582 11097
f 11102 11177 11205
f 11105 11136 11179
f 11108 11184 11245
f 11110 11186 11753
f 11756 11246 11111
f 11115 11556 11808
f 11116 11480 11531
f 11118 11206 11460
f 11118 11460 11676
f 11512 11462 11123
f 11143 11347 12093
f 12093 11446 11143
f 11820 11576 11145
f 11147 11148 11188
f 11251 11188 11148
f 11271 11251 11148
f 11152 11396 11662
f 11157 11185 11402
f 11288 11234 11174
f 11756 11248 11186
f 11196 11373 11797
f 11204 11264 11578
f 11459 11330 11206
f 11206 11330 11494
f 11494 11460 11206
f 11225 11226 11488
f 11264 11301 11578
f 11711 11393 11308
f 11310 11311 11725
f 11760 11311 11310
f 11310 11725 11905
f 11316 11318 11508
f 11508 11406 11316
f 11544 11508 11318
f 11841 11321 11320
f 11494 11330 11329
f 11514 11494 11329
f 11515 11514 11329
f 11331 11489 11515
f 11562 11425 11337
f 11480 11407 11343
f 11617 11595 11359
f 11528 11391 11363
f 11370 11730 11902
f 11372 11495 11555
f 11393 11711 11767
f 11399 11400 11428
f 11406 11508 11509
f 11409 11619 11772
f 11502 11482 11460
f 11460 11482 11676
f 11460 11494 11564
f 11564 11502 11460
f 11463 11472 11547
f 11560 11472 11463
f 11472 11473 11547
f 11472 11560 11562
f 11484 11485 11539
f 11581 11515 11489
f 11494 11514 11581
f 11581 11564 11494
f 11495 11496 11555
f 11564 11533 11502
f 11502 11533 11816
f 11510 11509 11508
f 11544 11510 11508
f 11514 11515 11581
f 11533 11564 11581
f 11533 11767 11816
f 11800 11738 11650
f 11692 11790 11892
f 12036 11776 11734
f 11824 11803 11777
f 12011 12002 11974
f 12006 12008 12011
